{
"type": "FeatureCollection",
"name": "spain_fires_nrt_ba",
"crs": { "type": "name", "properties": { "name": "urn:ogc:def:crs:OGC:1.3:CRS84" } },
"features": [
{ "type": "Feature", "properties": { }, "geometry": { "type": "MultiPolygon", "coordinates": [ [ [ [ -1.563285297144299, 35.18001139345246 ], [ -1.563285297144299, 35.179543174693514 ], [ -1.561804865209282, 35.179543174693514 ], [ -1.561804865209282, 35.179074953237468 ], [ -1.561064649241774, 35.179074953237468 ], [ -1.561064649241774, 35.178606729084315 ], [ -1.560324433274266, 35.178606729084315 ], [ -1.560324433274266, 35.178138502234113 ], [ -1.559584217306757, 35.178138502234113 ], [ -1.559584217306757, 35.176265567862856 ], [ -1.558844001339249, 35.176265567862856 ], [ -1.558844001339249, 35.174392590339721 ], [ -1.558103785371741, 35.174392590339721 ], [ -1.558103785371741, 35.172519569665717 ], [ -1.557363569404232, 35.172519569665717 ], [ -1.557363569404232, 35.168773398869092 ], [ -1.558103785371741, 35.168773398869092 ], [ -1.558103785371741, 35.166431954476636 ], [ -1.558844001339249, 35.166431954476636 ], [ -1.558844001339249, 35.165027055481076 ], [ -1.560324433274266, 35.165027055481076 ], [ -1.560324433274266, 35.164558750422643 ], [ -1.561804865209282, 35.164558750422643 ], [ -1.561804865209282, 35.164090442667614 ], [ -1.564765729079316, 35.164090442667614 ], [ -1.564765729079316, 35.164558750422643 ], [ -1.565505945046824, 35.164558750422643 ], [ -1.565505945046824, 35.165027055481076 ], [ -1.566986376981841, 35.165027055481076 ], [ -1.566986376981841, 35.1654953578429 ], [ -1.568466808916857, 35.1654953578429 ], [ -1.568466808916857, 35.165963657508094 ], [ -1.569207024884366, 35.165963657508094 ], [ -1.569207024884366, 35.166431954476636 ], [ -1.569947240851874, 35.166431954476636 ], [ -1.569947240851874, 35.167368540323714 ], [ -1.570687456819382, 35.167368540323714 ], [ -1.570687456819382, 35.168773398869092 ], [ -1.571427672786891, 35.168773398869092 ], [ -1.571427672786891, 35.170178233143822 ], [ -1.572167888754399, 35.170178233143822 ], [ -1.572167888754399, 35.171583043147443 ], [ -1.572908104721908, 35.171583043147443 ], [ -1.572908104721908, 35.17486083876593 ], [ -1.572167888754399, 35.17486083876593 ], [ -1.572167888754399, 35.176265567862856 ], [ -1.571427672786891, 35.176265567862856 ], [ -1.571427672786891, 35.177670272686839 ], [ -1.570687456819382, 35.177670272686839 ], [ -1.570687456819382, 35.179074953237468 ], [ -1.569947240851874, 35.179074953237468 ], [ -1.569947240851874, 35.179543174693514 ], [ -1.569207024884366, 35.179543174693514 ], [ -1.569207024884366, 35.18001139345246 ], [ -1.567726592949349, 35.18001139345246 ], [ -1.567726592949349, 35.180479609514293 ], [ -1.566246161014333, 35.180479609514293 ], [ -1.566246161014333, 35.180947822878998 ], [ -1.565505945046824, 35.180947822878998 ], [ -1.565505945046824, 35.180479609514293 ], [ -1.564025513111807, 35.180479609514293 ], [ -1.564025513111807, 35.18001139345246 ], [ -1.563285297144299, 35.18001139345246 ] ] ], [ [ [ -1.338259643021765, 35.31661582869917 ], [ -1.338259643021765, 35.315680964926855 ], [ -1.337519427054257, 35.315680964926855 ], [ -1.337519427054257, 35.315213528988217 ], [ -1.336779211086749, 35.315213528988217 ], [ -1.336779211086749, 35.31427864900607 ], [ -1.33603899511924, 35.31427864900607 ], [ -1.33603899511924, 35.309136615943153 ], [ -1.336779211086749, 35.309136615943153 ], [ -1.336779211086749, 35.308201665721619 ], [ -1.337519427054257, 35.308201665721619 ], [ -1.337519427054257, 35.307266704694499 ], [ -1.338259643021765, 35.307266704694499 ], [ -1.338259643021765, 35.306799220128873 ], [ -1.338999858989274, 35.306799220128873 ], [ -1.338999858989274, 35.305864242893584 ], [ -1.339740074956782, 35.305864242893584 ], [ -1.339740074956782, 35.304929254853015 ], [ -1.34048029092429, 35.304929254853015 ], [ -1.34048029092429, 35.304461756780782 ], [ -1.347882450599374, 35.304461756780782 ], [ -1.347882450599374, 35.305396750223949 ], [ -1.348622666566882, 35.305396750223949 ], [ -1.348622666566882, 35.306331732861899 ], [ -1.34936288253439, 35.306331732861899 ], [ -1.34936288253439, 35.307266704694499 ], [ -1.350103098501899, 35.307266704694499 ], [ -1.350103098501899, 35.308201665721619 ], [ -1.350843314469407, 35.308201665721619 ], [ -1.350843314469407, 35.309136615943153 ], [ -1.351583530436915, 35.309136615943153 ], [ -1.351583530436915, 35.310071555358974 ], [ -1.352323746404424, 35.310071555358974 ], [ -1.352323746404424, 35.310539021014691 ], [ -1.353063962371932, 35.310539021014691 ], [ -1.353063962371932, 35.311473944221703 ], [ -1.353804178339441, 35.311473944221703 ], [ -1.353804178339441, 35.313811204962576 ], [ -1.353063962371932, 35.313811204962576 ], [ -1.353063962371932, 35.315213528988217 ], [ -1.352323746404424, 35.315213528988217 ], [ -1.352323746404424, 35.316148398163833 ], [ -1.351583530436915, 35.316148398163833 ], [ -1.351583530436915, 35.31755068166477 ], [ -1.350843314469407, 35.31755068166477 ], [ -1.350843314469407, 35.318018104095017 ], [ -1.339740074956782, 35.318018104095017 ], [ -1.339740074956782, 35.31755068166477 ], [ -1.338999858989274, 35.31755068166477 ], [ -1.338999858989274, 35.31661582869917 ], [ -1.338259643021765, 35.31661582869917 ] ] ], [ [ [ -0.93632237266474, 35.573758764450957 ], [ -0.935582156697232, 35.573758764450957 ], [ -0.935582156697232, 35.573292824865341 ], [ -0.934101724762215, 35.573292824865341 ], [ -0.934101724762215, 35.57282688256965 ], [ -0.933361508794706, 35.57282688256965 ], [ -0.933361508794706, 35.572360937563893 ], [ -0.932621292827198, 35.572360937563893 ], [ -0.932621292827198, 35.571894989848083 ], [ -0.93188107685969, 35.571894989848083 ], [ -0.93188107685969, 35.571429039422256 ], [ -0.931140860892182, 35.571429039422256 ], [ -0.931140860892182, 35.56956521061889 ], [ -0.930400644924673, 35.56956521061889 ], [ -0.930400644924673, 35.56770133845621 ], [ -0.929660428957165, 35.56770133845621 ], [ -0.929660428957165, 35.565837422935175 ], [ -0.928920212989657, 35.565837422935175 ], [ -0.928920212989657, 35.563507467562687 ], [ -0.929660428957165, 35.563507467562687 ], [ -0.929660428957165, 35.56164345448888 ], [ -0.930400644924673, 35.56164345448888 ], [ -0.930400644924673, 35.560711431693733 ], [ -0.931140860892182, 35.560711431693733 ], [ -0.931140860892182, 35.560245416231631 ], [ -0.93188107685969, 35.560245416231631 ], [ -0.93188107685969, 35.559779398059881 ], [ -0.933361508794706, 35.559779398059881 ], [ -0.933361508794706, 35.559313377178498 ], [ -0.934101724762215, 35.559313377178498 ], [ -0.934101724762215, 35.558847353587474 ], [ -0.934841940729723, 35.558847353587474 ], [ -0.934841940729723, 35.558381327286853 ], [ -0.935582156697232, 35.558381327286853 ], [ -0.935582156697232, 35.557915298276626 ], [ -0.937062588632248, 35.557915298276626 ], [ -0.937062588632248, 35.557449266556823 ], [ -0.938543020567265, 35.557449266556823 ], [ -0.938543020567265, 35.557915298276626 ], [ -0.94076366846979, 35.557915298276626 ], [ -0.94076366846979, 35.558381327286853 ], [ -0.942244100404807, 35.558381327286853 ], [ -0.942244100404807, 35.558847353587474 ], [ -0.943724532339823, 35.558847353587474 ], [ -0.943724532339823, 35.559313377178498 ], [ -0.94520496427484, 35.559313377178498 ], [ -0.94520496427484, 35.559779398059881 ], [ -0.946685396209857, 35.559779398059881 ], [ -0.946685396209857, 35.56164345448888 ], [ -0.947425612177365, 35.56164345448888 ], [ -0.947425612177365, 35.56304146835884 ], [ -0.948165828144873, 35.56304146835884 ], [ -0.948165828144873, 35.564439457841075 ], [ -0.947425612177365, 35.564439457841075 ], [ -0.947425612177365, 35.56770133845621 ], [ -0.946685396209857, 35.56770133845621 ], [ -0.946685396209857, 35.570963086286405 ], [ -0.945945180242348, 35.570963086286405 ], [ -0.945945180242348, 35.573292824865341 ], [ -0.944464748307332, 35.573292824865341 ], [ -0.944464748307332, 35.573758764450957 ], [ -0.943724532339823, 35.573758764450957 ], [ -0.943724532339823, 35.574224701326465 ], [ -0.942244100404807, 35.574224701326465 ], [ -0.942244100404807, 35.574690635491883 ], [ -0.94076366846979, 35.574690635491883 ], [ -0.94076366846979, 35.575156566947186 ], [ -0.937802804599756, 35.575156566947186 ], [ -0.937802804599756, 35.574690635491883 ], [ -0.937062588632248, 35.574690635491883 ], [ -0.937062588632248, 35.574224701326465 ], [ -0.93632237266474, 35.574224701326465 ], [ -0.93632237266474, 35.573758764450957 ] ] ], [ [ [ -0.276049729647306, 35.824505411354338 ], [ -0.276049729647306, 35.824040934669902 ], [ -0.274569297712289, 35.824040934669902 ], [ -0.274569297712289, 35.8235764552674 ], [ -0.272348649809764, 35.8235764552674 ], [ -0.272348649809764, 35.82311197314683 ], [ -0.270128001907239, 35.82311197314683 ], [ -0.270128001907239, 35.822647488308213 ], [ -0.267167138037206, 35.822647488308213 ], [ -0.267167138037206, 35.822183000751579 ], [ -0.264946490134681, 35.822183000751579 ], [ -0.264946490134681, 35.821718510476927 ], [ -0.262725842232156, 35.821718510476927 ], [ -0.262725842232156, 35.821254017484272 ], [ -0.260505194329631, 35.821254017484272 ], [ -0.260505194329631, 35.820789521773627 ], [ -0.259764978362122, 35.820789521773627 ], [ -0.259764978362122, 35.819860522198454 ], [ -0.259024762394614, 35.819860522198454 ], [ -0.259024762394614, 35.81939601833394 ], [ -0.258284546427106, 35.81939601833394 ], [ -0.258284546427106, 35.818467002451158 ], [ -0.257544330459597, 35.818467002451158 ], [ -0.257544330459597, 35.818002490432896 ], [ -0.256804114492089, 35.818002490432896 ], [ -0.256804114492089, 35.81753797569678 ], [ -0.255323682557072, 35.81753797569678 ], [ -0.255323682557072, 35.817073458242774 ], [ -0.253843250622056, 35.817073458242774 ], [ -0.253843250622056, 35.816608938070921 ], [ -0.252362818687039, 35.816608938070921 ], [ -0.252362818687039, 35.816144415181228 ], [ -0.250882386752022, 35.816144415181228 ], [ -0.250882386752022, 35.815679889573708 ], [ -0.250142170784514, 35.815679889573708 ], [ -0.250142170784514, 35.814750830205249 ], [ -0.249401954817006, 35.814750830205249 ], [ -0.249401954817006, 35.814286296444358 ], [ -0.248661738849497, 35.814286296444358 ], [ -0.248661738849497, 35.813357220769255 ], [ -0.247921522881989, 35.813357220769255 ], [ -0.247921522881989, 35.812428134223211 ], [ -0.247181306914481, 35.812428134223211 ], [ -0.247181306914481, 35.811963586873631 ], [ -0.246441090946972, 35.811963586873631 ], [ -0.246441090946972, 35.811499036806339 ], [ -0.243480227076939, 35.811499036806339 ], [ -0.243480227076939, 35.811963586873631 ], [ -0.242740011109431, 35.811963586873631 ], [ -0.242740011109431, 35.812428134223211 ], [ -0.241999795141922, 35.812428134223211 ], [ -0.241999795141922, 35.813357220769255 ], [ -0.241259579174414, 35.813357220769255 ], [ -0.241259579174414, 35.813821759965677 ], [ -0.240519363206906, 35.813821759965677 ], [ -0.240519363206906, 35.814750830205249 ], [ -0.239779147239397, 35.814750830205249 ], [ -0.239779147239397, 35.815215361248384 ], [ -0.239038931271889, 35.815215361248384 ], [ -0.239038931271889, 35.815679889573708 ], [ -0.235337851434347, 35.815679889573708 ], [ -0.235337851434347, 35.815215361248384 ], [ -0.231636771596806, 35.815215361248384 ], [ -0.231636771596806, 35.814750830205249 ], [ -0.230896555629297, 35.814750830205249 ], [ -0.230896555629297, 35.813357220769255 ], [ -0.230156339661789, 35.813357220769255 ], [ -0.230156339661789, 35.812428134223211 ], [ -0.229416123694281, 35.812428134223211 ], [ -0.229416123694281, 35.811034484021377 ], [ -0.228675907726772, 35.811034484021377 ], [ -0.228675907726772, 35.810105370298473 ], [ -0.227935691759264, 35.810105370298473 ], [ -0.227935691759264, 35.809176245705025 ], [ -0.227195475791756, 35.809176245705025 ], [ -0.227195475791756, 35.80731796390701 ], [ -0.227935691759264, 35.80731796390701 ], [ -0.227935691759264, 35.805924224024189 ], [ -0.228675907726772, 35.805924224024189 ], [ -0.228675907726772, 35.804530459683846 ], [ -0.229416123694281, 35.804530459683846 ], [ -0.229416123694281, 35.803601269869652 ], [ -0.230156339661789, 35.803601269869652 ], [ -0.230156339661789, 35.803136670886389 ], [ -0.230896555629297, 35.803136670886389 ], [ -0.230896555629297, 35.802672069185711 ], [ -0.231636771596806, 35.802672069185711 ], [ -0.231636771596806, 35.80220746476764 ], [ -0.232376987564314, 35.80220746476764 ], [ -0.232376987564314, 35.801742857632192 ], [ -0.237558499336872, 35.801742857632192 ], [ -0.237558499336872, 35.80220746476764 ], [ -0.238298715304381, 35.80220746476764 ], [ -0.238298715304381, 35.802672069185711 ], [ -0.239038931271889, 35.802672069185711 ], [ -0.239038931271889, 35.800813635209181 ], [ -0.239779147239397, 35.800813635209181 ], [ -0.239779147239397, 35.799884401916799 ], [ -0.240519363206906, 35.799884401916799 ], [ -0.240519363206906, 35.799419781194644 ], [ -0.241259579174414, 35.799419781194644 ], [ -0.241259579174414, 35.798955157755167 ], [ -0.242740011109431, 35.798955157755167 ], [ -0.242740011109431, 35.798490531598425 ], [ -0.245700874979464, 35.798490531598425 ], [ -0.245700874979464, 35.798955157755167 ], [ -0.247181306914481, 35.798955157755167 ], [ -0.247181306914481, 35.799419781194644 ], [ -0.249401954817006, 35.799419781194644 ], [ -0.249401954817006, 35.799884401916799 ], [ -0.250882386752022, 35.799884401916799 ], [ -0.250882386752022, 35.799419781194644 ], [ -0.252362818687039, 35.799419781194644 ], [ -0.252362818687039, 35.798955157755167 ], [ -0.253843250622056, 35.798955157755167 ], [ -0.253843250622056, 35.798490531598425 ], [ -0.255323682557072, 35.798490531598425 ], [ -0.255323682557072, 35.798025902724412 ], [ -0.261245410297139, 35.798025902724412 ], [ -0.261245410297139, 35.798490531598425 ], [ -0.266426922069697, 35.798490531598425 ], [ -0.266426922069697, 35.799419781194644 ], [ -0.267167138037206, 35.799419781194644 ], [ -0.267167138037206, 35.799884401916799 ], [ -0.267907354004714, 35.799884401916799 ], [ -0.267907354004714, 35.800349019921647 ], [ -0.268647569972222, 35.800349019921647 ], [ -0.268647569972222, 35.801278247779365 ], [ -0.269387785939731, 35.801278247779365 ], [ -0.269387785939731, 35.801742857632192 ], [ -0.270128001907239, 35.801742857632192 ], [ -0.270128001907239, 35.80220746476764 ], [ -0.270868217874747, 35.80220746476764 ], [ -0.270868217874747, 35.803136670886389 ], [ -0.271608433842256, 35.803136670886389 ], [ -0.271608433842256, 35.803601269869652 ], [ -0.272348649809764, 35.803601269869652 ], [ -0.272348649809764, 35.804530459683846 ], [ -0.273088865777272, 35.804530459683846 ], [ -0.273088865777272, 35.804995050514783 ], [ -0.273829081744781, 35.804995050514783 ], [ -0.273829081744781, 35.804065866135467 ], [ -0.274569297712289, 35.804065866135467 ], [ -0.274569297712289, 35.803136670886389 ], [ -0.275309513679797, 35.803136670886389 ], [ -0.275309513679797, 35.80220746476764 ], [ -0.276049729647306, 35.80220746476764 ], [ -0.276049729647306, 35.801742857632192 ], [ -0.276789945614814, 35.801742857632192 ], [ -0.276789945614814, 35.801278247779365 ], [ -0.278270377549831, 35.801278247779365 ], [ -0.278270377549831, 35.800813635209181 ], [ -0.279010593517339, 35.800813635209181 ], [ -0.279010593517339, 35.800349019921647 ], [ -0.280491025452356, 35.800349019921647 ], [ -0.280491025452356, 35.800813635209181 ], [ -0.281231241419864, 35.800813635209181 ], [ -0.281231241419864, 35.801278247779365 ], [ -0.282711673354881, 35.801278247779365 ], [ -0.282711673354881, 35.801742857632192 ], [ -0.283451889322389, 35.801742857632192 ], [ -0.283451889322389, 35.80220746476764 ], [ -0.284192105289897, 35.80220746476764 ], [ -0.284192105289897, 35.805459638628236 ], [ -0.284932321257406, 35.805459638628236 ], [ -0.284932321257406, 35.809640809360559 ], [ -0.285672537224914, 35.809640809360559 ], [ -0.285672537224914, 35.813821759965677 ], [ -0.286412753192422, 35.813821759965677 ], [ -0.286412753192422, 35.818467002451158 ], [ -0.287152969159931, 35.818467002451158 ], [ -0.287152969159931, 35.821254017484272 ], [ -0.286412753192422, 35.821254017484272 ], [ -0.286412753192422, 35.822183000751579 ], [ -0.285672537224914, 35.822183000751579 ], [ -0.285672537224914, 35.822647488308213 ], [ -0.284932321257406, 35.822647488308213 ], [ -0.284932321257406, 35.82311197314683 ], [ -0.284192105289897, 35.82311197314683 ], [ -0.284192105289897, 35.8235764552674 ], [ -0.283451889322389, 35.8235764552674 ], [ -0.283451889322389, 35.824040934669902 ], [ -0.282711673354881, 35.824040934669902 ], [ -0.282711673354881, 35.824505411354338 ], [ -0.281971457387372, 35.824505411354338 ], [ -0.281971457387372, 35.824969885320684 ], [ -0.281231241419864, 35.824969885320684 ], [ -0.281231241419864, 35.82543435656892 ], [ -0.280491025452356, 35.82543435656892 ], [ -0.280491025452356, 35.825898825099053 ], [ -0.278270377549831, 35.825898825099053 ], [ -0.278270377549831, 35.82543435656892 ], [ -0.277530161582322, 35.82543435656892 ], [ -0.277530161582322, 35.824969885320684 ], [ -0.276789945614814, 35.824969885320684 ], [ -0.276789945614814, 35.824505411354338 ], [ -0.276049729647306, 35.824505411354338 ] ] ], [ [ [ -6.490902992847282, 37.427507618834646 ], [ -6.489422560912264, 37.427507618834646 ], [ -6.489422560912264, 37.42614286414895 ], [ -6.488682344944757, 37.42614286414895 ], [ -6.488682344944757, 37.425233013870681 ], [ -6.487942128977249, 37.425233013870681 ], [ -6.487942128977249, 37.424323152535621 ], [ -6.48720191300974, 37.424323152535621 ], [ -6.48720191300974, 37.423413280143862 ], [ -6.486461697042232, 37.423413280143862 ], [ -6.486461697042232, 37.422503396695511 ], [ -6.485721481074724, 37.422503396695511 ], [ -6.485721481074724, 37.420228639702607 ], [ -6.486461697042232, 37.420228639702607 ], [ -6.486461697042232, 37.417953813608023 ], [ -6.48720191300974, 37.417953813608023 ], [ -6.48720191300974, 37.415678918413249 ], [ -6.487942128977249, 37.415678918413249 ], [ -6.487942128977249, 37.414313948128914 ], [ -6.488682344944757, 37.414313948128914 ], [ -6.488682344944757, 37.413403954119765 ], [ -6.489422560912264, 37.413403954119765 ], [ -6.489422560912264, 37.412948952969359 ], [ -6.490162776879773, 37.412948952969359 ], [ -6.490162776879773, 37.412038942376917 ], [ -6.495344288652332, 37.412038942376917 ], [ -6.495344288652332, 37.412493949055076 ], [ -6.497564936554856, 37.412493949055076 ], [ -6.497564936554856, 37.412948952969359 ], [ -6.498305152522366, 37.412948952969359 ], [ -6.498305152522366, 37.413403954119765 ], [ -6.499045368489874, 37.413403954119765 ], [ -6.499045368489874, 37.414313948128914 ], [ -6.499785584457381, 37.414313948128914 ], [ -6.499785584457381, 37.414768940987621 ], [ -6.50052580042489, 37.414768940987621 ], [ -6.50052580042489, 37.415223931082402 ], [ -6.501266016392399, 37.415223931082402 ], [ -6.501266016392399, 37.416133902980143 ], [ -6.502006232359907, 37.416133902980143 ], [ -6.502006232359907, 37.416588884783089 ], [ -6.502746448327415, 37.416588884783089 ], [ -6.502746448327415, 37.417498840097039 ], [ -6.503486664294925, 37.417498840097039 ], [ -6.503486664294925, 37.421593502190646 ], [ -6.504226880262432, 37.421593502190646 ], [ -6.504226880262432, 37.425233013870681 ], [ -6.503486664294925, 37.425233013870681 ], [ -6.503486664294925, 37.42568794039191 ], [ -6.502746448327415, 37.42568794039191 ], [ -6.502746448327415, 37.42614286414895 ], [ -6.502006232359907, 37.42614286414895 ], [ -6.502006232359907, 37.426597785141752 ], [ -6.501266016392399, 37.426597785141752 ], [ -6.501266016392399, 37.427052703370329 ], [ -6.50052580042489, 37.427052703370329 ], [ -6.50052580042489, 37.427507618834646 ], [ -6.499785584457381, 37.427507618834646 ], [ -6.499785584457381, 37.427962531534725 ], [ -6.499045368489874, 37.427962531534725 ], [ -6.499045368489874, 37.428417441470515 ], [ -6.498305152522366, 37.428417441470515 ], [ -6.498305152522366, 37.428872348642038 ], [ -6.496824720587348, 37.428872348642038 ], [ -6.496824720587348, 37.428417441470515 ], [ -6.493863856717316, 37.428417441470515 ], [ -6.493863856717316, 37.427962531534725 ], [ -6.490902992847282, 37.427962531534725 ], [ -6.490902992847282, 37.427507618834646 ] ] ], [ [ [ -6.681138496496924, 37.503894166080194 ], [ -6.680398280529415, 37.503894166080194 ], [ -6.680398280529415, 37.502985261507924 ], [ -6.679658064561907, 37.502985261507924 ], [ -6.679658064561907, 37.501167419168851 ], [ -6.680398280529415, 37.501167419168851 ], [ -6.680398280529415, 37.499349532571017 ], [ -6.681138496496924, 37.499349532571017 ], [ -6.681138496496924, 37.497531601715181 ], [ -6.680398280529415, 37.497531601715181 ], [ -6.680398280529415, 37.497077112086004 ], [ -6.679658064561907, 37.497077112086004 ], [ -6.679658064561907, 37.496622619690761 ], [ -6.678917848594399, 37.496622619690761 ], [ -6.678917848594399, 37.496168124529454 ], [ -6.678177632626891, 37.496168124529454 ], [ -6.678177632626891, 37.496622619690761 ], [ -6.677437416659382, 37.496622619690761 ], [ -6.677437416659382, 37.497077112086004 ], [ -6.676697200691875, 37.497077112086004 ], [ -6.676697200691875, 37.497531601715181 ], [ -6.675956984724365, 37.497531601715181 ], [ -6.675956984724365, 37.498440572675307 ], [ -6.675216768756857, 37.498440572675307 ], [ -6.675216768756857, 37.498895054006219 ], [ -6.674476552789348, 37.498895054006219 ], [ -6.674476552789348, 37.499349532571017 ], [ -6.673736336821841, 37.499349532571017 ], [ -6.673736336821841, 37.499804008369686 ], [ -6.672996120854332, 37.499804008369686 ], [ -6.672996120854332, 37.500258481402234 ], [ -6.670775472951807, 37.500258481402234 ], [ -6.670775472951807, 37.499349532571017 ], [ -6.670035256984298, 37.499349532571017 ], [ -6.670035256984298, 37.498895054006219 ], [ -6.669295041016791, 37.498895054006219 ], [ -6.669295041016791, 37.498440572675307 ], [ -6.668554825049283, 37.498440572675307 ], [ -6.668554825049283, 37.497986088578294 ], [ -6.667814609081774, 37.497986088578294 ], [ -6.667814609081774, 37.497531601715181 ], [ -6.667074393114265, 37.497531601715181 ], [ -6.667074393114265, 37.492532063662495 ], [ -6.667814609081774, 37.492532063662495 ], [ -6.667814609081774, 37.49207754360723 ], [ -6.668554825049283, 37.49207754360723 ], [ -6.668554825049283, 37.491623020786029 ], [ -6.669295041016791, 37.491623020786029 ], [ -6.669295041016791, 37.491168495198906 ], [ -6.670035256984298, 37.491168495198906 ], [ -6.670035256984298, 37.49071396684586 ], [ -6.670775472951807, 37.49071396684586 ], [ -6.670775472951807, 37.490259435726927 ], [ -6.671515688919316, 37.490259435726927 ], [ -6.671515688919316, 37.489804901842099 ], [ -6.672255904886823, 37.489804901842099 ], [ -6.672255904886823, 37.488441283592394 ], [ -6.672996120854332, 37.488441283592394 ], [ -6.672996120854332, 37.487986738644132 ], [ -6.672255904886823, 37.487986738644132 ], [ -6.672255904886823, 37.487532190930025 ], [ -6.670775472951807, 37.487532190930025 ], [ -6.670775472951807, 37.487077640450103 ], [ -6.669295041016791, 37.487077640450103 ], [ -6.669295041016791, 37.486623087204379 ], [ -6.668554825049283, 37.486623087204379 ], [ -6.668554825049283, 37.48616853119286 ], [ -6.667074393114265, 37.48616853119286 ], [ -6.667074393114265, 37.485713972415553 ], [ -6.664853745211741, 37.485713972415553 ], [ -6.664853745211741, 37.48616853119286 ], [ -6.664113529244232, 37.48616853119286 ], [ -6.664113529244232, 37.486623087204379 ], [ -6.663373313276724, 37.486623087204379 ], [ -6.663373313276724, 37.487077640450103 ], [ -6.662633097309216, 37.487077640450103 ], [ -6.662633097309216, 37.487532190930025 ], [ -6.661892881341707, 37.487532190930025 ], [ -6.661892881341707, 37.488441283592394 ], [ -6.659672233439182, 37.488441283592394 ], [ -6.659672233439182, 37.487986738644132 ], [ -6.658932017471674, 37.487986738644132 ], [ -6.658932017471674, 37.487532190930025 ], [ -6.658191801504165, 37.487532190930025 ], [ -6.658191801504165, 37.487077640450103 ], [ -6.657451585536657, 37.487077640450103 ], [ -6.657451585536657, 37.486623087204379 ], [ -6.656711369569148, 37.486623087204379 ], [ -6.656711369569148, 37.48616853119286 ], [ -6.65597115360164, 37.48616853119286 ], [ -6.65597115360164, 37.485713972415553 ], [ -6.655230937634133, 37.485713972415553 ], [ -6.655230937634133, 37.480713643326844 ], [ -6.65597115360164, 37.480713643326844 ], [ -6.65597115360164, 37.479804456629637 ], [ -6.656711369569148, 37.479804456629637 ], [ -6.656711369569148, 37.479349859132597 ], [ -6.657451585536657, 37.479349859132597 ], [ -6.657451585536657, 37.478440655841709 ], [ -6.658191801504165, 37.478440655841709 ], [ -6.658191801504165, 37.477986050047889 ], [ -6.658932017471674, 37.477986050047889 ], [ -6.658932017471674, 37.478440655841709 ], [ -6.661152665374199, 37.478440655841709 ], [ -6.661152665374199, 37.478895258869954 ], [ -6.663373313276724, 37.478895258869954 ], [ -6.663373313276724, 37.479349859132597 ], [ -6.664113529244232, 37.479349859132597 ], [ -6.664113529244232, 37.478440655841709 ], [ -6.664853745211741, 37.478440655841709 ], [ -6.664853745211741, 37.477986050047889 ], [ -6.665593961179249, 37.477986050047889 ], [ -6.665593961179249, 37.477076830163533 ], [ -6.666334177146757, 37.477076830163533 ], [ -6.666334177146757, 37.476622216073032 ], [ -6.670035256984298, 37.476622216073032 ], [ -6.670035256984298, 37.472985203790699 ], [ -6.670775472951807, 37.472985203790699 ], [ -6.670775472951807, 37.47253056481081 ], [ -6.671515688919316, 37.47253056481081 ], [ -6.671515688919316, 37.471621278554707 ], [ -6.672255904886823, 37.471621278554707 ], [ -6.672255904886823, 37.471166631278564 ], [ -6.672996120854332, 37.471166631278564 ], [ -6.672996120854332, 37.470711981237002 ], [ -6.673736336821841, 37.470711981237002 ], [ -6.673736336821841, 37.469348014520115 ], [ -6.672996120854332, 37.469348014520115 ], [ -6.672996120854332, 37.467529353516106 ], [ -6.672255904886823, 37.467529353516106 ], [ -6.672255904886823, 37.465255965041933 ], [ -6.672996120854332, 37.465255965041933 ], [ -6.672996120854332, 37.463891898774442 ], [ -6.673736336821841, 37.463891898774442 ], [ -6.673736336821841, 37.462527807620113 ], [ -6.674476552789348, 37.462527807620113 ], [ -6.674476552789348, 37.45525223449895 ], [ -6.675216768756857, 37.45525223449895 ], [ -6.675216768756857, 37.454797487676046 ], [ -6.675956984724365, 37.454797487676046 ], [ -6.675956984724365, 37.454342738088158 ], [ -6.676697200691875, 37.454342738088158 ], [ -6.676697200691875, 37.453887985735321 ], [ -6.677437416659382, 37.453887985735321 ], [ -6.677437416659382, 37.453433230617541 ], [ -6.678177632626891, 37.453433230617541 ], [ -6.678177632626891, 37.45297847273482 ], [ -6.678917848594399, 37.45297847273482 ], [ -6.678917848594399, 37.448885527370336 ], [ -6.679658064561907, 37.448885527370336 ], [ -6.679658064561907, 37.447975953542731 ], [ -6.680398280529415, 37.447975953542731 ], [ -6.680398280529415, 37.447066368655967 ], [ -6.681138496496924, 37.447066368655967 ], [ -6.681138496496924, 37.446611572065422 ], [ -6.681878712464432, 37.446611572065422 ], [ -6.681878712464432, 37.445701970590093 ], [ -6.683359144399449, 37.445701970590093 ], [ -6.683359144399449, 37.446156772710133 ], [ -6.685579792301974, 37.446156772710133 ], [ -6.685579792301974, 37.446611572065422 ], [ -6.687800440204499, 37.446611572065422 ], [ -6.687800440204499, 37.447066368655967 ], [ -6.690021088107024, 37.447066368655967 ], [ -6.690021088107024, 37.447521162481735 ], [ -6.692241736009549, 37.447521162481735 ], [ -6.692241736009549, 37.447975953542731 ], [ -6.694462383912074, 37.447975953542731 ], [ -6.694462383912074, 37.448885527370336 ], [ -6.695202599879583, 37.448885527370336 ], [ -6.695202599879583, 37.449340310136911 ], [ -6.695942815847092, 37.449340310136911 ], [ -6.695942815847092, 37.450249867375589 ], [ -6.696683031814599, 37.450249867375589 ], [ -6.696683031814599, 37.451159413554855 ], [ -6.697423247782107, 37.451159413554855 ], [ -6.697423247782107, 37.452068948674636 ], [ -6.698163463749615, 37.452068948674636 ], [ -6.698163463749615, 37.45297847273482 ], [ -6.698903679717124, 37.45297847273482 ], [ -6.698903679717124, 37.456161719849817 ], [ -6.699643895684632, 37.456161719849817 ], [ -6.699643895684632, 37.455706978556883 ], [ -6.701124327619648, 37.455706978556883 ], [ -6.701124327619648, 37.45525223449895 ], [ -6.701864543587157, 37.45525223449895 ], [ -6.701864543587157, 37.454797487676046 ], [ -6.703344975522174, 37.454797487676046 ], [ -6.703344975522174, 37.45525223449895 ], [ -6.704085191489683, 37.45525223449895 ], [ -6.704085191489683, 37.455706978556883 ], [ -6.704825407457191, 37.455706978556883 ], [ -6.704825407457191, 37.456161719849817 ], [ -6.705565623424699, 37.456161719849817 ], [ -6.705565623424699, 37.456616458377752 ], [ -6.706305839392207, 37.456616458377752 ], [ -6.706305839392207, 37.457071194140674 ], [ -6.707046055359716, 37.457071194140674 ], [ -6.707046055359716, 37.457525927138562 ], [ -6.707786271327224, 37.457525927138562 ], [ -6.707786271327224, 37.457980657371415 ], [ -6.708526487294732, 37.457980657371415 ], [ -6.708526487294732, 37.456616458377752 ], [ -6.709266703262241, 37.456616458377752 ], [ -6.709266703262241, 37.454342738088158 ], [ -6.710747135197257, 37.454342738088158 ], [ -6.710747135197257, 37.453887985735321 ], [ -6.711487351164766, 37.453887985735321 ], [ -6.711487351164766, 37.453433230617541 ], [ -6.712967783099782, 37.453433230617541 ], [ -6.712967783099782, 37.45297847273482 ], [ -6.7144482150348, 37.45297847273482 ], [ -6.7144482150348, 37.453433230617541 ], [ -6.715188431002307, 37.453433230617541 ], [ -6.715188431002307, 37.453887985735321 ], [ -6.715928646969815, 37.453887985735321 ], [ -6.715928646969815, 37.454342738088158 ], [ -6.716668862937324, 37.454342738088158 ], [ -6.716668862937324, 37.454797487676046 ], [ -6.717409078904833, 37.454797487676046 ], [ -6.717409078904833, 37.455706978556883 ], [ -6.71814929487234, 37.455706978556883 ], [ -6.71814929487234, 37.456161719849817 ], [ -6.718889510839849, 37.456161719849817 ], [ -6.718889510839849, 37.461163691579245 ], [ -6.71814929487234, 37.461163691579245 ], [ -6.71814929487234, 37.462527807620113 ], [ -6.718889510839849, 37.462527807620113 ], [ -6.718889510839849, 37.462982507436742 ], [ -6.719629726807357, 37.462982507436742 ], [ -6.719629726807357, 37.463437204488201 ], [ -6.720369942774866, 37.463437204488201 ], [ -6.720369942774866, 37.465255965041933 ], [ -6.721110158742374, 37.465255965041933 ], [ -6.721110158742374, 37.467074681351825 ], [ -6.721850374709882, 37.467074681351825 ], [ -6.721850374709882, 37.467529353516106 ], [ -6.721110158742374, 37.467529353516106 ], [ -6.721110158742374, 37.468893353417101 ], [ -6.720369942774866, 37.468893353417101 ], [ -6.720369942774866, 37.469802672857774 ], [ -6.719629726807357, 37.469802672857774 ], [ -6.719629726807357, 37.477076830163533 ], [ -6.720369942774866, 37.477076830163533 ], [ -6.720369942774866, 37.480713643326844 ], [ -6.719629726807357, 37.480713643326844 ], [ -6.719629726807357, 37.481622818961476 ], [ -6.718889510839849, 37.481622818961476 ], [ -6.718889510839849, 37.48253198353347 ], [ -6.71814929487234, 37.48253198353347 ], [ -6.71814929487234, 37.48298656167092 ], [ -6.717409078904833, 37.48298656167092 ], [ -6.717409078904833, 37.483441137042682 ], [ -6.712967783099782, 37.483441137042682 ], [ -6.712967783099782, 37.483895709648721 ], [ -6.712227567132275, 37.483895709648721 ], [ -6.712227567132275, 37.48435027948905 ], [ -6.711487351164766, 37.48435027948905 ], [ -6.711487351164766, 37.484804846563641 ], [ -6.710747135197257, 37.484804846563641 ], [ -6.710747135197257, 37.485259410872473 ], [ -6.710006919229749, 37.485259410872473 ], [ -6.710006919229749, 37.487532190930025 ], [ -6.710747135197257, 37.487532190930025 ], [ -6.710747135197257, 37.491168495198906 ], [ -6.710006919229749, 37.491168495198906 ], [ -6.710006919229749, 37.492986580951801 ], [ -6.709266703262241, 37.492986580951801 ], [ -6.709266703262241, 37.493895607232531 ], [ -6.708526487294732, 37.493895607232531 ], [ -6.708526487294732, 37.494350116223934 ], [ -6.707046055359716, 37.494350116223934 ], [ -6.707046055359716, 37.494804622449344 ], [ -6.706305839392207, 37.494804622449344 ], [ -6.706305839392207, 37.495259125908731 ], [ -6.704085191489683, 37.495259125908731 ], [ -6.704085191489683, 37.494804622449344 ], [ -6.703344975522174, 37.494804622449344 ], [ -6.703344975522174, 37.494350116223934 ], [ -6.702604759554665, 37.494350116223934 ], [ -6.702604759554665, 37.493895607232531 ], [ -6.701864543587157, 37.493895607232531 ], [ -6.701864543587157, 37.493441095475163 ], [ -6.701124327619648, 37.493441095475163 ], [ -6.701124327619648, 37.493895607232531 ], [ -6.700384111652141, 37.493895607232531 ], [ -6.700384111652141, 37.494350116223934 ], [ -6.699643895684632, 37.494350116223934 ], [ -6.699643895684632, 37.494804622449344 ], [ -6.698903679717124, 37.494804622449344 ], [ -6.698903679717124, 37.495259125908731 ], [ -6.698163463749615, 37.495259125908731 ], [ -6.698163463749615, 37.495713626602111 ], [ -6.699643895684632, 37.495713626602111 ], [ -6.699643895684632, 37.496168124529454 ], [ -6.700384111652141, 37.496168124529454 ], [ -6.700384111652141, 37.497077112086004 ], [ -6.701124327619648, 37.497077112086004 ], [ -6.701124327619648, 37.498895054006219 ], [ -6.701864543587157, 37.498895054006219 ], [ -6.701864543587157, 37.501167419168851 ], [ -6.701124327619648, 37.501167419168851 ], [ -6.701124327619648, 37.50253080507246 ], [ -6.700384111652141, 37.50253080507246 ], [ -6.700384111652141, 37.503439715177187 ], [ -6.699643895684632, 37.503439715177187 ], [ -6.699643895684632, 37.50434861421698 ], [ -6.698903679717124, 37.50434861421698 ], [ -6.698903679717124, 37.505257502191753 ], [ -6.693722167944566, 37.505257502191753 ], [ -6.693722167944566, 37.504803059587495 ], [ -6.692981951977057, 37.504803059587495 ], [ -6.692981951977057, 37.503894166080194 ], [ -6.692241736009549, 37.503894166080194 ], [ -6.692241736009549, 37.503439715177187 ], [ -6.69150152004204, 37.503439715177187 ], [ -6.69150152004204, 37.50253080507246 ], [ -6.690761304074532, 37.50253080507246 ], [ -6.690761304074532, 37.50434861421698 ], [ -6.690021088107024, 37.50434861421698 ], [ -6.690021088107024, 37.505257502191753 ], [ -6.689280872139515, 37.505257502191753 ], [ -6.689280872139515, 37.505711942029741 ], [ -6.688540656172008, 37.505711942029741 ], [ -6.688540656172008, 37.506620813406819 ], [ -6.687800440204499, 37.506620813406819 ], [ -6.687800440204499, 37.507075244945895 ], [ -6.68261892843194, 37.507075244945895 ], [ -6.68261892843194, 37.50616637910143 ], [ -6.681878712464432, 37.50616637910143 ], [ -6.681878712464432, 37.505257502191753 ], [ -6.681138496496924, 37.505257502191753 ], [ -6.681138496496924, 37.503894166080194 ] ], [ [ -6.687060224236991, 37.496622619690761 ], [ -6.687060224236991, 37.497531601715181 ], [ -6.687800440204499, 37.497531601715181 ], [ -6.687800440204499, 37.497986088578294 ], [ -6.688540656172008, 37.497986088578294 ], [ -6.688540656172008, 37.498440572675307 ], [ -6.689280872139515, 37.498440572675307 ], [ -6.689280872139515, 37.499349532571017 ], [ -6.690021088107024, 37.499349532571017 ], [ -6.690021088107024, 37.499804008369686 ], [ -6.690761304074532, 37.499804008369686 ], [ -6.690761304074532, 37.497986088578294 ], [ -6.69150152004204, 37.497986088578294 ], [ -6.69150152004204, 37.497077112086004 ], [ -6.692241736009549, 37.497077112086004 ], [ -6.692241736009549, 37.496622619690761 ], [ -6.687060224236991, 37.496622619690761 ] ] ], [ [ [ -3.470081629445768, 40.253030605299436 ], [ -3.469341413478261, 40.253030605299436 ], [ -3.469341413478261, 40.252156201901066 ], [ -3.468601197510752, 40.252156201901066 ], [ -3.468601197510752, 40.251718995965156 ], [ -3.467860981543244, 40.251718995965156 ], [ -3.467860981543244, 40.251281787204768 ], [ -3.467120765575736, 40.251281787204768 ], [ -3.467120765575736, 40.250844575619915 ], [ -3.466380549608227, 40.250844575619915 ], [ -3.466380549608227, 40.246035061773718 ], [ -3.465640333640719, 40.246035061773718 ], [ -3.465640333640719, 40.247346781261115 ], [ -3.46490011767321, 40.247346781261115 ], [ -3.46490011767321, 40.247784015441454 ], [ -3.464159901705703, 40.247784015441454 ], [ -3.464159901705703, 40.248221246797378 ], [ -3.462679469770686, 40.248221246797378 ], [ -3.462679469770686, 40.248658475328888 ], [ -3.461939253803177, 40.248658475328888 ], [ -3.461939253803177, 40.249095701035969 ], [ -3.461199037835669, 40.249095701035969 ], [ -3.461199037835669, 40.248658475328888 ], [ -3.459718605900652, 40.248658475328888 ], [ -3.459718605900652, 40.248221246797378 ], [ -3.458978389933144, 40.248221246797378 ], [ -3.458978389933144, 40.247784015441454 ], [ -3.457497957998127, 40.247784015441454 ], [ -3.457497957998127, 40.247346781261115 ], [ -3.456757742030619, 40.247346781261115 ], [ -3.456757742030619, 40.245160567993537 ], [ -3.45601752606311, 40.245160567993537 ], [ -3.45601752606311, 40.241662479898736 ], [ -3.456757742030619, 40.241662479898736 ], [ -3.456757742030619, 40.23991336806769 ], [ -3.457497957998127, 40.23991336806769 ], [ -3.457497957998127, 40.239476083049205 ], [ -3.458238173965635, 40.239476083049205 ], [ -3.458238173965635, 40.239038795206454 ], [ -3.458978389933144, 40.239038795206454 ], [ -3.458978389933144, 40.238601504539439 ], [ -3.460458821868161, 40.238601504539439 ], [ -3.460458821868161, 40.238164211048165 ], [ -3.462679469770686, 40.238164211048165 ], [ -3.462679469770686, 40.238601504539439 ], [ -3.463419685738194, 40.238601504539439 ], [ -3.463419685738194, 40.239038795206454 ], [ -3.464159901705703, 40.239038795206454 ], [ -3.464159901705703, 40.239476083049205 ], [ -3.465640333640719, 40.239476083049205 ], [ -3.465640333640719, 40.2407879296318 ], [ -3.466380549608227, 40.2407879296318 ], [ -3.466380549608227, 40.23991336806769 ], [ -3.467120765575736, 40.23991336806769 ], [ -3.467120765575736, 40.238601504539439 ], [ -3.467860981543244, 40.238601504539439 ], [ -3.467860981543244, 40.237726914732633 ], [ -3.468601197510752, 40.237726914732633 ], [ -3.468601197510752, 40.237289615592864 ], [ -3.469341413478261, 40.237289615592864 ], [ -3.469341413478261, 40.236415008840616 ], [ -3.476003357185836, 40.236415008840616 ], [ -3.476003357185836, 40.236852313628852 ], [ -3.481184868958394, 40.236852313628852 ], [ -3.481184868958394, 40.237289615592864 ], [ -3.481925084925902, 40.237289615592864 ], [ -3.481925084925902, 40.237726914732633 ], [ -3.482665300893411, 40.237726914732633 ], [ -3.482665300893411, 40.238601504539439 ], [ -3.483405516860918, 40.238601504539439 ], [ -3.483405516860918, 40.239476083049205 ], [ -3.484145732828428, 40.239476083049205 ], [ -3.484145732828428, 40.241225206177418 ], [ -3.484885948795936, 40.241225206177418 ], [ -3.484885948795936, 40.246035061773718 ], [ -3.485626164763444, 40.246035061773718 ], [ -3.485626164763444, 40.248658475328888 ], [ -3.484885948795936, 40.248658475328888 ], [ -3.484885948795936, 40.249970143976832 ], [ -3.484145732828428, 40.249970143976832 ], [ -3.484145732828428, 40.250844575619915 ], [ -3.483405516860918, 40.250844575619915 ], [ -3.483405516860918, 40.251718995965156 ], [ -3.482665300893411, 40.251718995965156 ], [ -3.482665300893411, 40.252593405012497 ], [ -3.480444652990886, 40.252593405012497 ], [ -3.480444652990886, 40.253030605299436 ], [ -3.477483789120852, 40.253030605299436 ], [ -3.477483789120852, 40.253467802761868 ], [ -3.474522925250819, 40.253467802761868 ], [ -3.474522925250819, 40.253904997399822 ], [ -3.470821845413277, 40.253904997399822 ], [ -3.470821845413277, 40.253467802761868 ], [ -3.470081629445768, 40.253467802761868 ], [ -3.470081629445768, 40.253030605299436 ] ] ], [ [ [ -7.498336924626125, 40.584485517843213 ], [ -7.496116276723601, 40.584485517843213 ], [ -7.496116276723601, 40.58405046620144 ], [ -7.495376060756092, 40.58405046620144 ], [ -7.495376060756092, 40.583180354428606 ], [ -7.494635844788583, 40.583180354428606 ], [ -7.494635844788583, 40.58056995119626 ], [ -7.493895628821075, 40.58056995119626 ], [ -7.493895628821075, 40.580134874086838 ], [ -7.492415196886059, 40.580134874086838 ], [ -7.492415196886059, 40.58056995119626 ], [ -7.490934764951042, 40.58056995119626 ], [ -7.490934764951042, 40.580134874086838 ], [ -7.489454333016026, 40.580134874086838 ], [ -7.489454333016026, 40.579699794147707 ], [ -7.488714117048517, 40.579699794147707 ], [ -7.488714117048517, 40.580134874086838 ], [ -7.487973901081008, 40.580134874086838 ], [ -7.487973901081008, 40.58056995119626 ], [ -7.487233685113499, 40.58056995119626 ], [ -7.487233685113499, 40.581005025475967 ], [ -7.486493469145992, 40.581005025475967 ], [ -7.486493469145992, 40.581440096925959 ], [ -7.485753253178484, 40.581440096925959 ], [ -7.485753253178484, 40.581875165546229 ], [ -7.484272821243468, 40.581875165546229 ], [ -7.484272821243468, 40.581440096925959 ], [ -7.482792389308449, 40.581440096925959 ], [ -7.482792389308449, 40.581005025475967 ], [ -7.480571741405925, 40.581005025475967 ], [ -7.480571741405925, 40.58056995119626 ], [ -7.479091309470908, 40.58056995119626 ], [ -7.479091309470908, 40.580134874086838 ], [ -7.477610877535891, 40.580134874086838 ], [ -7.477610877535891, 40.579699794147707 ], [ -7.476130445600875, 40.579699794147707 ], [ -7.476130445600875, 40.579264711378883 ], [ -7.474650013665858, 40.579264711378883 ], [ -7.474650013665858, 40.579699794147707 ], [ -7.473169581730843, 40.579699794147707 ], [ -7.473169581730843, 40.580134874086838 ], [ -7.472429365763334, 40.580134874086838 ], [ -7.472429365763334, 40.58056995119626 ], [ -7.471689149795825, 40.58056995119626 ], [ -7.471689149795825, 40.581005025475967 ], [ -7.470208717860808, 40.581005025475967 ], [ -7.470208717860808, 40.58056995119626 ], [ -7.468728285925791, 40.58056995119626 ], [ -7.468728285925791, 40.580134874086838 ], [ -7.467988069958282, 40.580134874086838 ], [ -7.467988069958282, 40.579699794147707 ], [ -7.467247853990775, 40.579699794147707 ], [ -7.467247853990775, 40.579264711378883 ], [ -7.466507638023267, 40.579264711378883 ], [ -7.466507638023267, 40.577524352006712 ], [ -7.465767422055758, 40.577524352006712 ], [ -7.465767422055758, 40.575348839124082 ], [ -7.455404398510641, 40.575348839124082 ], [ -7.455404398510641, 40.574913728058633 ], [ -7.454664182543134, 40.574913728058633 ], [ -7.454664182543134, 40.574043497438872 ], [ -7.453923966575625, 40.574043497438872 ], [ -7.453923966575625, 40.573608377884561 ], [ -7.453183750608116, 40.573608377884561 ], [ -7.453183750608116, 40.572738130287142 ], [ -7.452443534640609, 40.572738130287142 ], [ -7.452443534640609, 40.571432737669092 ], [ -7.453183750608116, 40.571432737669092 ], [ -7.453183750608116, 40.567951566186949 ], [ -7.453923966575625, 40.567951566186949 ], [ -7.453923966575625, 40.565340568735401 ], [ -7.45614461447815, 40.565340568735401 ], [ -7.45614461447815, 40.564905392590255 ], [ -7.458365262380676, 40.564905392590255 ], [ -7.458365262380676, 40.56447021361565 ], [ -7.459105478348183, 40.56447021361565 ], [ -7.459105478348183, 40.562294276300776 ], [ -7.459845694315691, 40.562294276300776 ], [ -7.459845694315691, 40.560118268250108 ], [ -7.4605859102832, 40.560118268250108 ], [ -7.4605859102832, 40.559683058151755 ], [ -7.461326126250707, 40.559683058151755 ], [ -7.461326126250707, 40.558812629466892 ], [ -7.462066342218217, 40.558812629466892 ], [ -7.462066342218217, 40.557942189464519 ], [ -7.465767422055758, 40.557942189464519 ], [ -7.465767422055758, 40.558377410880389 ], [ -7.468728285925791, 40.558377410880389 ], [ -7.468728285925791, 40.557942189464519 ], [ -7.470208717860808, 40.557942189464519 ], [ -7.470208717860808, 40.557506965219275 ], [ -7.472429365763334, 40.557506965219275 ], [ -7.472429365763334, 40.557942189464519 ], [ -7.473909797698351, 40.557942189464519 ], [ -7.473909797698351, 40.558377410880389 ], [ -7.475390229633367, 40.558377410880389 ], [ -7.475390229633367, 40.557942189464519 ], [ -7.476870661568384, 40.557942189464519 ], [ -7.476870661568384, 40.557506965219275 ], [ -7.477610877535891, 40.557506965219275 ], [ -7.477610877535891, 40.557071738144685 ], [ -7.479091309470908, 40.557071738144685 ], [ -7.479091309470908, 40.557506965219275 ], [ -7.480571741405925, 40.557506965219275 ], [ -7.480571741405925, 40.557942189464519 ], [ -7.481311957373435, 40.557942189464519 ], [ -7.481311957373435, 40.558377410880389 ], [ -7.482052173340942, 40.558377410880389 ], [ -7.482052173340942, 40.557942189464519 ], [ -7.483532605275959, 40.557942189464519 ], [ -7.483532605275959, 40.557506965219275 ], [ -7.484272821243468, 40.557506965219275 ], [ -7.484272821243468, 40.557071738144685 ], [ -7.486493469145992, 40.557071738144685 ], [ -7.486493469145992, 40.557506965219275 ], [ -7.487973901081008, 40.557506965219275 ], [ -7.487973901081008, 40.557942189464519 ], [ -7.491674980918551, 40.557942189464519 ], [ -7.491674980918551, 40.557506965219275 ], [ -7.493895628821075, 40.557506965219275 ], [ -7.493895628821075, 40.557071738144685 ], [ -7.496856492691108, 40.557071738144685 ], [ -7.496856492691108, 40.556636508240736 ], [ -7.499077140593633, 40.556636508240736 ], [ -7.499077140593633, 40.557071738144685 ], [ -7.50055757252865, 40.557071738144685 ], [ -7.50055757252865, 40.557506965219275 ], [ -7.501297788496157, 40.557506965219275 ], [ -7.501297788496157, 40.557942189464519 ], [ -7.502038004463667, 40.557942189464519 ], [ -7.502038004463667, 40.557506965219275 ], [ -7.502778220431176, 40.557506965219275 ], [ -7.502778220431176, 40.557071738144685 ], [ -7.503518436398683, 40.557071738144685 ], [ -7.503518436398683, 40.556636508240736 ], [ -7.504258652366192, 40.556636508240736 ], [ -7.504258652366192, 40.556201275507455 ], [ -7.5049988683337, 40.556201275507455 ], [ -7.5049988683337, 40.555766039944828 ], [ -7.507219516236225, 40.555766039944828 ], [ -7.507219516236225, 40.556201275507455 ], [ -7.507959732203734, 40.556201275507455 ], [ -7.507959732203734, 40.556636508240736 ], [ -7.50944016413875, 40.556636508240736 ], [ -7.50944016413875, 40.557071738144685 ], [ -7.510180380106259, 40.557071738144685 ], [ -7.510180380106259, 40.557506965219275 ], [ -7.510920596073767, 40.557506965219275 ], [ -7.510920596073767, 40.558812629466892 ], [ -7.511660812041274, 40.558812629466892 ], [ -7.511660812041274, 40.560118268250108 ], [ -7.512401028008783, 40.560118268250108 ], [ -7.512401028008783, 40.560988679958612 ], [ -7.513141243976293, 40.560988679958612 ], [ -7.513141243976293, 40.562294276300776 ], [ -7.5138814599438, 40.562294276300776 ], [ -7.5138814599438, 40.563164659715063 ], [ -7.514621675911309, 40.563164659715063 ], [ -7.514621675911309, 40.56447021361565 ], [ -7.515361891878816, 40.56447021361565 ], [ -7.515361891878816, 40.565775742051066 ], [ -7.516102107846325, 40.565775742051066 ], [ -7.516102107846325, 40.571432737669092 ], [ -7.515361891878816, 40.571432737669092 ], [ -7.515361891878816, 40.572738130287142 ], [ -7.514621675911309, 40.572738130287142 ], [ -7.514621675911309, 40.573608377884561 ], [ -7.5138814599438, 40.573608377884561 ], [ -7.5138814599438, 40.57447861416356 ], [ -7.513141243976293, 40.57447861416356 ], [ -7.513141243976293, 40.574913728058633 ], [ -7.512401028008783, 40.574913728058633 ], [ -7.512401028008783, 40.575348839124082 ], [ -7.510920596073767, 40.575348839124082 ], [ -7.510920596073767, 40.575783947359902 ], [ -7.508699948171241, 40.575783947359902 ], [ -7.508699948171241, 40.575348839124082 ], [ -7.507959732203734, 40.575348839124082 ], [ -7.507959732203734, 40.574913728058633 ], [ -7.507219516236225, 40.574913728058633 ], [ -7.507219516236225, 40.57447861416356 ], [ -7.506479300268718, 40.57447861416356 ], [ -7.506479300268718, 40.574043497438872 ], [ -7.505739084301209, 40.574043497438872 ], [ -7.505739084301209, 40.573608377884561 ], [ -7.5049988683337, 40.573608377884561 ], [ -7.5049988683337, 40.573173255500663 ], [ -7.502778220431176, 40.573173255500663 ], [ -7.502778220431176, 40.573608377884561 ], [ -7.502038004463667, 40.573608377884561 ], [ -7.502038004463667, 40.57447861416356 ], [ -7.501297788496157, 40.57447861416356 ], [ -7.501297788496157, 40.575348839124082 ], [ -7.502038004463667, 40.575348839124082 ], [ -7.502038004463667, 40.575783947359902 ], [ -7.502778220431176, 40.575783947359902 ], [ -7.502778220431176, 40.576219052766092 ], [ -7.503518436398683, 40.576219052766092 ], [ -7.503518436398683, 40.57708925508949 ], [ -7.504258652366192, 40.57708925508949 ], [ -7.504258652366192, 40.578829625780358 ], [ -7.5049988683337, 40.578829625780358 ], [ -7.5049988683337, 40.581005025475967 ], [ -7.504258652366192, 40.581005025475967 ], [ -7.504258652366192, 40.582310231336763 ], [ -7.503518436398683, 40.582310231336763 ], [ -7.503518436398683, 40.583180354428606 ], [ -7.502778220431176, 40.583180354428606 ], [ -7.502778220431176, 40.584485517843213 ], [ -7.502038004463667, 40.584485517843213 ], [ -7.502038004463667, 40.584920566655214 ], [ -7.501297788496157, 40.584920566655214 ], [ -7.501297788496157, 40.585355612637429 ], [ -7.50055757252865, 40.585355612637429 ], [ -7.50055757252865, 40.584920566655214 ], [ -7.498336924626125, 40.584920566655214 ], [ -7.498336924626125, 40.584485517843213 ] ] ], [ [ [ -6.590091932493399, 43.448840027311263 ], [ -6.58935171652589, 43.448840027311263 ], [ -6.58935171652589, 43.44842414254596 ], [ -6.588611500558382, 43.44842414254596 ], [ -6.588611500558382, 43.448008254921135 ], [ -6.587871284590873, 43.448008254921135 ], [ -6.587871284590873, 43.447592364436787 ], [ -6.587131068623365, 43.447592364436787 ], [ -6.587131068623365, 43.446760574889538 ], [ -6.586390852655857, 43.446760574889538 ], [ -6.586390852655857, 43.445512869122346 ], [ -6.585650636688348, 43.445512869122346 ], [ -6.585650636688348, 43.444681050980009 ], [ -6.58491042072084, 43.444681050980009 ], [ -6.58491042072084, 43.443433302320251 ], [ -6.584170204753333, 43.443433302320251 ], [ -6.584170204753333, 43.442601455582945 ], [ -6.583429988785824, 43.442601455582945 ], [ -6.583429988785824, 43.4413536640308 ], [ -6.582689772818315, 43.4413536640308 ], [ -6.582689772818315, 43.440521788698618 ], [ -6.581949556850808, 43.440521788698618 ], [ -6.581949556850808, 43.439273954254269 ], [ -6.581209340883299, 43.439273954254269 ], [ -6.581209340883299, 43.436778208159879 ], [ -6.581949556850808, 43.436778208159879 ], [ -6.581949556850808, 43.433034396004992 ], [ -6.582689772818315, 43.433034396004992 ], [ -6.582689772818315, 43.432618402579465 ], [ -6.584170204753333, 43.432618402579465 ], [ -6.584170204753333, 43.432202406294479 ], [ -6.58491042072084, 43.432202406294479 ], [ -6.58491042072084, 43.431786407150078 ], [ -6.585650636688348, 43.431786407150078 ], [ -6.585650636688348, 43.431370405146232 ], [ -6.587131068623365, 43.431370405146232 ], [ -6.587131068623365, 43.431786407150078 ], [ -6.58935171652589, 43.431786407150078 ], [ -6.58935171652589, 43.432202406294479 ], [ -6.592312580395924, 43.432202406294479 ], [ -6.592312580395924, 43.432618402579465 ], [ -6.593052796363432, 43.432618402579465 ], [ -6.593052796363432, 43.432202406294479 ], [ -6.59379301233094, 43.432202406294479 ], [ -6.59379301233094, 43.431786407150078 ], [ -6.595273444265957, 43.431786407150078 ], [ -6.595273444265957, 43.431370405146232 ], [ -6.596753876200973, 43.431370405146232 ], [ -6.596753876200973, 43.430954400282964 ], [ -6.598234308135991, 43.430954400282964 ], [ -6.598234308135991, 43.430538392560273 ], [ -6.598974524103498, 43.430538392560273 ], [ -6.598974524103498, 43.430122381978151 ], [ -6.600454956038516, 43.430122381978151 ], [ -6.600454956038516, 43.429706368536614 ], [ -6.602675603941041, 43.429706368536614 ], [ -6.602675603941041, 43.430122381978151 ], [ -6.603415819908549, 43.430122381978151 ], [ -6.603415819908549, 43.430538392560273 ], [ -6.604156035876056, 43.430538392560273 ], [ -6.604156035876056, 43.430954400282964 ], [ -6.604896251843566, 43.430954400282964 ], [ -6.604896251843566, 43.431370405146232 ], [ -6.606376683778582, 43.431370405146232 ], [ -6.606376683778582, 43.431786407150078 ], [ -6.607116899746091, 43.431786407150078 ], [ -6.607116899746091, 43.432202406294479 ], [ -6.6078571157136, 43.432202406294479 ], [ -6.6078571157136, 43.432618402579465 ], [ -6.608597331681107, 43.432618402579465 ], [ -6.608597331681107, 43.433034396004992 ], [ -6.610077763616124, 43.433034396004992 ], [ -6.610077763616124, 43.433450386571103 ], [ -6.610817979583632, 43.433450386571103 ], [ -6.610817979583632, 43.433866374277756 ], [ -6.61155819555114, 43.433866374277756 ], [ -6.61155819555114, 43.434282359124971 ], [ -6.612298411518648, 43.434282359124971 ], [ -6.612298411518648, 43.43469834111275 ], [ -6.613038627486158, 43.43469834111275 ], [ -6.613038627486158, 43.435114320241077 ], [ -6.613778843453665, 43.435114320241077 ], [ -6.613778843453665, 43.436778208159879 ], [ -6.614519059421173, 43.436778208159879 ], [ -6.614519059421173, 43.440521788698618 ], [ -6.613778843453665, 43.440521788698618 ], [ -6.613778843453665, 43.442185527925055 ], [ -6.613038627486158, 43.442185527925055 ], [ -6.613038627486158, 43.443017380381335 ], [ -6.612298411518648, 43.443017380381335 ], [ -6.612298411518648, 43.443433302320251 ], [ -6.61155819555114, 43.443433302320251 ], [ -6.61155819555114, 43.443849221399674 ], [ -6.610817979583632, 43.443849221399674 ], [ -6.610817979583632, 43.444265137619588 ], [ -6.610077763616124, 43.444265137619588 ], [ -6.610077763616124, 43.444681050980009 ], [ -6.609337547648615, 43.444681050980009 ], [ -6.609337547648615, 43.446344675826651 ], [ -6.608597331681107, 43.446344675826651 ], [ -6.608597331681107, 43.447592364436787 ], [ -6.6078571157136, 43.447592364436787 ], [ -6.6078571157136, 43.44842414254596 ], [ -6.606376683778582, 43.44842414254596 ], [ -6.606376683778582, 43.448840027311263 ], [ -6.605636467811074, 43.448840027311263 ], [ -6.605636467811074, 43.449255909217044 ], [ -6.604156035876056, 43.449255909217044 ], [ -6.604156035876056, 43.449671788263302 ], [ -6.603415819908549, 43.449671788263302 ], [ -6.603415819908549, 43.450087664450024 ], [ -6.601935387973532, 43.450087664450024 ], [ -6.601935387973532, 43.450503537777223 ], [ -6.591572364428415, 43.450503537777223 ], [ -6.591572364428415, 43.450087664450024 ], [ -6.590832148460907, 43.450087664450024 ], [ -6.590832148460907, 43.449671788263302 ], [ -6.590091932493399, 43.449671788263302 ], [ -6.590091932493399, 43.448840027311263 ] ] ], [ [ [ -5.72255881857363, 43.536112471851069 ], [ -5.72255881857363, 43.535697187634213 ], [ -5.721818602606122, 43.535697187634213 ], [ -5.721818602606122, 43.535281900557365 ], [ -5.721078386638613, 43.535281900557365 ], [ -5.721078386638613, 43.534451317823752 ], [ -5.720338170671106, 43.534451317823752 ], [ -5.720338170671106, 43.53403602216698 ], [ -5.719597954703597, 43.53403602216698 ], [ -5.719597954703597, 43.533205422273518 ], [ -5.718857738736089, 43.533205422273518 ], [ -5.718857738736089, 43.532790118036843 ], [ -5.718117522768581, 43.532790118036843 ], [ -5.718117522768581, 43.531959500983589 ], [ -5.717377306801072, 43.531959500983589 ], [ -5.717377306801072, 43.531544188167018 ], [ -5.716637090833564, 43.531544188167018 ], [ -5.716637090833564, 43.531128872490477 ], [ -5.715896874866057, 43.531128872490477 ], [ -5.715896874866057, 43.526144861296039 ], [ -5.716637090833564, 43.526144861296039 ], [ -5.716637090833564, 43.524898794148825 ], [ -5.717377306801072, 43.524898794148825 ], [ -5.717377306801072, 43.523652701262279 ], [ -5.718117522768581, 43.523652701262279 ], [ -5.718117522768581, 43.521991204041377 ], [ -5.718857738736089, 43.521991204041377 ], [ -5.718857738736089, 43.520745051096618 ], [ -5.719597954703597, 43.520745051096618 ], [ -5.719597954703597, 43.519914268167263 ], [ -5.720338170671106, 43.519914268167263 ], [ -5.720338170671106, 43.519498872412733 ], [ -5.721818602606122, 43.519498872412733 ], [ -5.721818602606122, 43.519083473798304 ], [ -5.72255881857363, 43.519083473798304 ], [ -5.72255881857363, 43.518668072323983 ], [ -5.724039250508648, 43.518668072323983 ], [ -5.724039250508648, 43.517837260795666 ], [ -5.724779466476156, 43.517837260795666 ], [ -5.724779466476156, 43.517006437827789 ], [ -5.725519682443664, 43.517006437827789 ], [ -5.725519682443664, 43.516175603420372 ], [ -5.726259898411173, 43.516175603420372 ], [ -5.726259898411173, 43.514929330360154 ], [ -5.727000114378681, 43.514929330360154 ], [ -5.727000114378681, 43.514513900287 ], [ -5.73144141018373, 43.514513900287 ], [ -5.73144141018373, 43.514098467353968 ], [ -5.73588270598878, 43.514098467353968 ], [ -5.73588270598878, 43.514513900287 ], [ -5.73662292195629, 43.514513900287 ], [ -5.73662292195629, 43.514929330360154 ], [ -5.737363137923798, 43.514929330360154 ], [ -5.737363137923798, 43.51534475757343 ], [ -5.738103353891305, 43.51534475757343 ], [ -5.738103353891305, 43.515760181926844 ], [ -5.738843569858814, 43.515760181926844 ], [ -5.738843569858814, 43.516175603420372 ], [ -5.739583785826321, 43.516175603420372 ], [ -5.739583785826321, 43.517006437827789 ], [ -5.74032400179383, 43.517006437827789 ], [ -5.74032400179383, 43.51742185074167 ], [ -5.741064217761339, 43.51742185074167 ], [ -5.741064217761339, 43.519083473798304 ], [ -5.741804433728848, 43.519083473798304 ], [ -5.741804433728848, 43.520329661061893 ], [ -5.744025081631372, 43.520329661061893 ], [ -5.744025081631372, 43.519914268167263 ], [ -5.744765297598882, 43.519914268167263 ], [ -5.744765297598882, 43.519498872412733 ], [ -5.746245729533897, 43.519498872412733 ], [ -5.746245729533897, 43.519914268167263 ], [ -5.747726161468914, 43.519914268167263 ], [ -5.747726161468914, 43.520329661061893 ], [ -5.748466377436422, 43.520329661061893 ], [ -5.748466377436422, 43.520745051096618 ], [ -5.74920659340393, 43.520745051096618 ], [ -5.74920659340393, 43.521160438271444 ], [ -5.749946809371439, 43.521160438271444 ], [ -5.749946809371439, 43.522406582636464 ], [ -5.750687025338948, 43.522406582636464 ], [ -5.750687025338948, 43.524068068417712 ], [ -5.751427241306456, 43.524068068417712 ], [ -5.751427241306456, 43.525729508440229 ], [ -5.750687025338948, 43.525729508440229 ], [ -5.750687025338948, 43.527390902703871 ], [ -5.749946809371439, 43.527390902703871 ], [ -5.749946809371439, 43.528636918372264 ], [ -5.74920659340393, 43.528636918372264 ], [ -5.74920659340393, 43.529052251208505 ], [ -5.748466377436422, 43.529052251208505 ], [ -5.748466377436422, 43.529467581184797 ], [ -5.746985945501407, 43.529467581184797 ], [ -5.746985945501407, 43.529882908301154 ], [ -5.746245729533897, 43.529882908301154 ], [ -5.746245729533897, 43.530298232557548 ], [ -5.744765297598882, 43.530298232557548 ], [ -5.744765297598882, 43.529882908301154 ], [ -5.744025081631372, 43.529882908301154 ], [ -5.744025081631372, 43.529467581184797 ], [ -5.743284865663864, 43.529467581184797 ], [ -5.743284865663864, 43.529052251208505 ], [ -5.742544649696356, 43.529052251208505 ], [ -5.742544649696356, 43.528636918372264 ], [ -5.741804433728848, 43.528636918372264 ], [ -5.741804433728848, 43.529467581184797 ], [ -5.741064217761339, 43.529467581184797 ], [ -5.741064217761339, 43.530298232557548 ], [ -5.74032400179383, 43.530298232557548 ], [ -5.74032400179383, 43.531128872490477 ], [ -5.739583785826321, 43.531128872490477 ], [ -5.739583785826321, 43.53237481094019 ], [ -5.738843569858814, 43.53237481094019 ], [ -5.738843569858814, 43.533205422273518 ], [ -5.738103353891305, 43.533205422273518 ], [ -5.738103353891305, 43.53403602216698 ], [ -5.737363137923798, 43.53403602216698 ], [ -5.737363137923798, 43.534866610620547 ], [ -5.73662292195629, 43.534866610620547 ], [ -5.73662292195629, 43.535697187634213 ], [ -5.735142490021273, 43.535697187634213 ], [ -5.735142490021273, 43.536112471851069 ], [ -5.732921842118747, 43.536112471851069 ], [ -5.732921842118747, 43.536527753207956 ], [ -5.730701194216222, 43.536527753207956 ], [ -5.730701194216222, 43.536943031704851 ], [ -5.728480546313697, 43.536943031704851 ], [ -5.728480546313697, 43.537358307341755 ], [ -5.727000114378681, 43.537358307341755 ], [ -5.727000114378681, 43.536943031704851 ], [ -5.724039250508648, 43.536943031704851 ], [ -5.724039250508648, 43.536527753207956 ], [ -5.723299034541139, 43.536527753207956 ], [ -5.723299034541139, 43.536112471851069 ], [ -5.72255881857363, 43.536112471851069 ] ] ], [ [ [ -5.82544883805729, 43.546908857629347 ], [ -5.824708622089781, 43.546908857629347 ], [ -5.824708622089781, 43.54607843505606 ], [ -5.823968406122273, 43.54607843505606 ], [ -5.823968406122273, 43.545248001042651 ], [ -5.823228190154764, 43.545248001042651 ], [ -5.823228190154764, 43.544417555589114 ], [ -5.822487974187256, 43.544417555589114 ], [ -5.822487974187256, 43.543587098695482 ], [ -5.821747758219748, 43.543587098695482 ], [ -5.821747758219748, 43.542756630361758 ], [ -5.821007542252239, 43.542756630361758 ], [ -5.821007542252239, 43.54192615058799 ], [ -5.82026732628473, 43.54192615058799 ], [ -5.82026732628473, 43.541510906411077 ], [ -5.819527110317222, 43.541510906411077 ], [ -5.819527110317222, 43.537358307341755 ], [ -5.82026732628473, 43.537358307341755 ], [ -5.82026732628473, 43.534866610620547 ], [ -5.821007542252239, 43.534866610620547 ], [ -5.821007542252239, 43.534451317823752 ], [ -5.822487974187256, 43.534451317823752 ], [ -5.822487974187256, 43.53403602216698 ], [ -5.823228190154764, 43.53403602216698 ], [ -5.823228190154764, 43.533620723650237 ], [ -5.824708622089781, 43.533620723650237 ], [ -5.824708622089781, 43.533205422273518 ], [ -5.82544883805729, 43.533205422273518 ], [ -5.82544883805729, 43.532790118036843 ], [ -5.826189054024797, 43.532790118036843 ], [ -5.826189054024797, 43.531959500983589 ], [ -5.826929269992306, 43.531959500983589 ], [ -5.826929269992306, 43.531128872490477 ], [ -5.827669485959815, 43.531128872490477 ], [ -5.827669485959815, 43.530713553953994 ], [ -5.828409701927322, 43.530713553953994 ], [ -5.828409701927322, 43.529882908301154 ], [ -5.829149917894831, 43.529882908301154 ], [ -5.829149917894831, 43.529052251208505 ], [ -5.834331429667389, 43.529052251208505 ], [ -5.834331429667389, 43.529467581184797 ], [ -5.835071645634897, 43.529467581184797 ], [ -5.835071645634897, 43.529882908301154 ], [ -5.835811861602406, 43.529882908301154 ], [ -5.835811861602406, 43.530713553953994 ], [ -5.836552077569914, 43.530713553953994 ], [ -5.836552077569914, 43.531128872490477 ], [ -5.837292293537423, 43.531128872490477 ], [ -5.837292293537423, 43.531959500983589 ], [ -5.838032509504931, 43.531959500983589 ], [ -5.838032509504931, 43.53237481094019 ], [ -5.83877272547244, 43.53237481094019 ], [ -5.83877272547244, 43.533205422273518 ], [ -5.839512941439948, 43.533205422273518 ], [ -5.839512941439948, 43.533620723650237 ], [ -5.840253157407456, 43.533620723650237 ], [ -5.840253157407456, 43.534451317823752 ], [ -5.840993373374964, 43.534451317823752 ], [ -5.840993373374964, 43.534866610620547 ], [ -5.841733589342473, 43.534866610620547 ], [ -5.841733589342473, 43.535697187634213 ], [ -5.842473805309981, 43.535697187634213 ], [ -5.842473805309981, 43.537358307341755 ], [ -5.843214021277489, 43.537358307341755 ], [ -5.843214021277489, 43.539849901103352 ], [ -5.843954237244998, 43.539849901103352 ], [ -5.843954237244998, 43.544832779745889 ], [ -5.843214021277489, 43.544832779745889 ], [ -5.843214021277489, 43.54607843505606 ], [ -5.842473805309981, 43.54607843505606 ], [ -5.842473805309981, 43.546908857629347 ], [ -5.841733589342473, 43.546908857629347 ], [ -5.841733589342473, 43.54773926876247 ], [ -5.840993373374964, 43.54773926876247 ], [ -5.840993373374964, 43.548569668455436 ], [ -5.836552077569914, 43.548569668455436 ], [ -5.836552077569914, 43.548984864011857 ], [ -5.826929269992306, 43.548984864011857 ], [ -5.826929269992306, 43.54815447003898 ], [ -5.826189054024797, 43.54815447003898 ], [ -5.826189054024797, 43.54773926876247 ], [ -5.82544883805729, 43.54773926876247 ], [ -5.82544883805729, 43.546908857629347 ] ] ], [ [ [ 0.541888914449404, 35.790126796138338 ], [ 0.54336934638442, 35.790126796138338 ], [ 0.54336934638442, 35.789662118356006 ], [ 0.544109562351929, 35.789662118356006 ], [ 0.544109562351929, 35.789197437856686 ], [ 0.545589994286945, 35.789197437856686 ], [ 0.545589994286945, 35.788732754640378 ], [ 0.546330210254454, 35.788732754640378 ], [ 0.546330210254454, 35.788268068707133 ], [ 0.547070426221962, 35.788268068707133 ], [ 0.547070426221962, 35.786873994605742 ], [ 0.54781064218947, 35.786873994605742 ], [ 0.54781064218947, 35.785015191100669 ], [ 0.548550858156979, 35.785015191100669 ], [ 0.548550858156979, 35.784085773047011 ], [ 0.54781064218947, 35.784085773047011 ], [ 0.54781064218947, 35.78083272428038 ], [ 0.547070426221962, 35.78083272428038 ], [ 0.547070426221962, 35.778044290814222 ], [ 0.546330210254454, 35.778044290814222 ], [ 0.546330210254454, 35.777579542394932 ], [ 0.545589994286945, 35.777579542394932 ], [ 0.545589994286945, 35.777114791259052 ], [ 0.544849778319437, 35.777114791259052 ], [ 0.544849778319437, 35.776650037406554 ], [ 0.544109562351929, 35.776650037406554 ], [ 0.544109562351929, 35.776185280837481 ], [ 0.542629130416912, 35.776185280837481 ], [ 0.542629130416912, 35.775720521551847 ], [ 0.541888914449404, 35.775720521551847 ], [ 0.541888914449404, 35.775255759549673 ], [ 0.540408482514387, 35.775255759549673 ], [ 0.540408482514387, 35.775720521551847 ], [ 0.53892805057937, 35.775720521551847 ], [ 0.53892805057937, 35.776185280837481 ], [ 0.537447618644354, 35.776185280837481 ], [ 0.537447618644354, 35.776650037406554 ], [ 0.536707402676845, 35.776650037406554 ], [ 0.536707402676845, 35.777114791259052 ], [ 0.535226970741829, 35.777114791259052 ], [ 0.535226970741829, 35.777579542394932 ], [ 0.53448675477432, 35.777579542394932 ], [ 0.53448675477432, 35.778044290814222 ], [ 0.533746538806812, 35.778044290814222 ], [ 0.533746538806812, 35.779903257325017 ], [ 0.533006322839304, 35.779903257325017 ], [ 0.533006322839304, 35.782226904338074 ], [ 0.532266106871795, 35.782226904338074 ], [ 0.532266106871795, 35.784550483432255 ], [ 0.531525890904287, 35.784550483432255 ], [ 0.531525890904287, 35.785944598286946 ], [ 0.532266106871795, 35.785944598286946 ], [ 0.532266106871795, 35.787338688689786 ], [ 0.533006322839304, 35.787338688689786 ], [ 0.533006322839304, 35.788732754640378 ], [ 0.533746538806812, 35.788732754640378 ], [ 0.533746538806812, 35.790126796138338 ], [ 0.53448675477432, 35.790126796138338 ], [ 0.53448675477432, 35.790591471203676 ], [ 0.535967186709337, 35.790591471203676 ], [ 0.535967186709337, 35.791056143551991 ], [ 0.536707402676845, 35.791056143551991 ], [ 0.536707402676845, 35.791520813183269 ], [ 0.539668266546879, 35.791520813183269 ], [ 0.539668266546879, 35.791056143551991 ], [ 0.540408482514387, 35.791056143551991 ], [ 0.540408482514387, 35.790591471203676 ], [ 0.541888914449404, 35.790591471203676 ], [ 0.541888914449404, 35.790126796138338 ] ] ], [ [ [ 1.245094083582321, 36.136943660476909 ], [ 1.246574515517338, 36.136943660476909 ], [ 1.246574515517338, 36.135555728038689 ], [ 1.247314731484846, 36.135555728038689 ], [ 1.247314731484846, 36.13370511326643 ], [ 1.248054947452355, 36.13370511326643 ], [ 1.248054947452355, 36.132317123546741 ], [ 1.248795163419863, 36.132317123546741 ], [ 1.248795163419863, 36.130466432400581 ], [ 1.249535379387371, 36.130466432400581 ], [ 1.249535379387371, 36.129078385401499 ], [ 1.25027559535488, 36.129078385401499 ], [ 1.25027559535488, 36.126764919186158 ], [ 1.249535379387371, 36.126764919186158 ], [ 1.249535379387371, 36.124914097119721 ], [ 1.248795163419863, 36.124914097119721 ], [ 1.248795163419863, 36.123525951932208 ], [ 1.248054947452355, 36.123525951932208 ], [ 1.248054947452355, 36.121675053499345 ], [ 1.247314731484846, 36.121675053499345 ], [ 1.247314731484846, 36.120286851038067 ], [ 1.246574515517338, 36.120286851038067 ], [ 1.246574515517338, 36.119824111429786 ], [ 1.245834299549829, 36.119824111429786 ], [ 1.245834299549829, 36.119361369094264 ], [ 1.244353867614813, 36.119361369094264 ], [ 1.244353867614813, 36.118898624031523 ], [ 1.243613651647304, 36.118898624031523 ], [ 1.243613651647304, 36.11843587624157 ], [ 1.242133219712288, 36.11843587624157 ], [ 1.242133219712288, 36.118898624031523 ], [ 1.24139300374478, 36.118898624031523 ], [ 1.24139300374478, 36.119361369094264 ], [ 1.239912571809763, 36.119361369094264 ], [ 1.239912571809763, 36.119824111429786 ], [ 1.239172355842254, 36.119824111429786 ], [ 1.239172355842254, 36.120286851038067 ], [ 1.237691923907238, 36.120286851038067 ], [ 1.237691923907238, 36.120749587919107 ], [ 1.236951707939729, 36.120749587919107 ], [ 1.236951707939729, 36.117973125724419 ], [ 1.236211491972221, 36.117973125724419 ], [ 1.236211491972221, 36.116122096384153 ], [ 1.234731060037205, 36.116122096384153 ], [ 1.234731060037205, 36.115659332231232 ], [ 1.232510412134679, 36.115659332231232 ], [ 1.232510412134679, 36.115196565351212 ], [ 1.228809332297138, 36.115196565351212 ], [ 1.228809332297138, 36.116122096384153 ], [ 1.22806911632963, 36.116122096384153 ], [ 1.22806911632963, 36.117047616508593 ], [ 1.227328900362121, 36.117047616508593 ], [ 1.227328900362121, 36.117510372480098 ], [ 1.226588684394613, 36.117510372480098 ], [ 1.226588684394613, 36.122600508170429 ], [ 1.227328900362121, 36.122600508170429 ], [ 1.227328900362121, 36.123063231414996 ], [ 1.22806911632963, 36.123063231414996 ], [ 1.22806911632963, 36.123988669722088 ], [ 1.228809332297138, 36.123988669722088 ], [ 1.228809332297138, 36.124451384784592 ], [ 1.229549548264646, 36.124451384784592 ], [ 1.229549548264646, 36.124914097119721 ], [ 1.233250628102188, 36.124914097119721 ], [ 1.233250628102188, 36.125376806727459 ], [ 1.232510412134679, 36.125376806727459 ], [ 1.232510412134679, 36.126764919186158 ], [ 1.231770196167171, 36.126764919186158 ], [ 1.231770196167171, 36.128153007097822 ], [ 1.231029980199663, 36.128153007097822 ], [ 1.231029980199663, 36.129541070462068 ], [ 1.231770196167171, 36.129541070462068 ], [ 1.231770196167171, 36.131391783428839 ], [ 1.232510412134679, 36.131391783428839 ], [ 1.232510412134679, 36.132779789514281 ], [ 1.233250628102188, 36.132779789514281 ], [ 1.233250628102188, 36.134167771051025 ], [ 1.233990844069696, 36.134167771051025 ], [ 1.233990844069696, 36.135093078437173 ], [ 1.234731060037205, 36.135093078437173 ], [ 1.234731060037205, 36.135555728038689 ], [ 1.235471276004713, 36.135555728038689 ], [ 1.235471276004713, 36.136018374912496 ], [ 1.236211491972221, 36.136018374912496 ], [ 1.236211491972221, 36.136481019058579 ], [ 1.236951707939729, 36.136481019058579 ], [ 1.236951707939729, 36.136943660476909 ], [ 1.237691923907238, 36.136943660476909 ], [ 1.237691923907238, 36.13740629916748 ], [ 1.239172355842254, 36.13740629916748 ], [ 1.239172355842254, 36.137868935130264 ], [ 1.239912571809763, 36.137868935130264 ], [ 1.239912571809763, 36.138331568365288 ], [ 1.242873435679796, 36.138331568365288 ], [ 1.242873435679796, 36.137868935130264 ], [ 1.244353867614813, 36.137868935130264 ], [ 1.244353867614813, 36.13740629916748 ], [ 1.245094083582321, 36.13740629916748 ], [ 1.245094083582321, 36.136943660476909 ] ] ], [ [ [ 3.750725133598033, 36.187355219123539 ], [ 3.750725133598033, 36.186430528374551 ], [ 3.751465349565541, 36.186430528374551 ], [ 3.751465349565541, 36.185968178906165 ], [ 3.75220556553305, 36.185968178906165 ], [ 3.75220556553305, 36.185505826708528 ], [ 3.752945781500558, 36.185505826708528 ], [ 3.752945781500558, 36.185043471781654 ], [ 3.753685997468065, 36.185043471781654 ], [ 3.753685997468065, 36.184118753740272 ], [ 3.754426213435575, 36.184118753740272 ], [ 3.754426213435575, 36.183656390625785 ], [ 3.755166429403083, 36.183656390625785 ], [ 3.755166429403083, 36.183194024782118 ], [ 3.755906645370591, 36.183194024782118 ], [ 3.755906645370591, 36.182269284907314 ], [ 3.756646861338099, 36.182269284907314 ], [ 3.756646861338099, 36.178570216243784 ], [ 3.755906645370591, 36.178570216243784 ], [ 3.755906645370591, 36.175795800126778 ], [ 3.755166429403083, 36.175795800126778 ], [ 3.755166429403083, 36.175333387889239 ], [ 3.754426213435575, 36.175333387889239 ], [ 3.754426213435575, 36.174408555227394 ], [ 3.753685997468065, 36.174408555227394 ], [ 3.753685997468065, 36.173483711649958 ], [ 3.752945781500558, 36.173483711649958 ], [ 3.752945781500558, 36.172558857157064 ], [ 3.75220556553305, 36.172558857157064 ], [ 3.75220556553305, 36.17209642581733 ], [ 3.751465349565541, 36.17209642581733 ], [ 3.751465349565541, 36.171633991748799 ], [ 3.747764269728, 36.171633991748799 ], [ 3.747764269728, 36.171171554951435 ], [ 3.744803405857966, 36.171171554951435 ], [ 3.744803405857966, 36.17209642581733 ], [ 3.744063189890458, 36.17209642581733 ], [ 3.744063189890458, 36.173021285767938 ], [ 3.743322973922949, 36.173021285767938 ], [ 3.743322973922949, 36.173946134803117 ], [ 3.742582757955441, 36.173946134803117 ], [ 3.742582757955441, 36.174870972922768 ], [ 3.741842541987933, 36.174870972922768 ], [ 3.741842541987933, 36.175795800126778 ], [ 3.741102326020424, 36.175795800126778 ], [ 3.741102326020424, 36.176720616415025 ], [ 3.740362110052916, 36.176720616415025 ], [ 3.740362110052916, 36.177645421787389 ], [ 3.739621894085408, 36.177645421787389 ], [ 3.739621894085408, 36.178570216243784 ], [ 3.738881678117899, 36.178570216243784 ], [ 3.738881678117899, 36.17949499978409 ], [ 3.738141462150391, 36.17949499978409 ], [ 3.738141462150391, 36.180419772408193 ], [ 3.737401246182882, 36.180419772408193 ], [ 3.737401246182882, 36.185043471781654 ], [ 3.738141462150391, 36.185043471781654 ], [ 3.738141462150391, 36.185968178906165 ], [ 3.738881678117899, 36.185968178906165 ], [ 3.738881678117899, 36.186430528374551 ], [ 3.739621894085408, 36.186430528374551 ], [ 3.739621894085408, 36.187355219123539 ], [ 3.740362110052916, 36.187355219123539 ], [ 3.740362110052916, 36.187817560404099 ], [ 3.741842541987933, 36.187817560404099 ], [ 3.741842541987933, 36.188279898955365 ], [ 3.744803405857966, 36.188279898955365 ], [ 3.744803405857966, 36.188742234777301 ], [ 3.748504485695508, 36.188742234777301 ], [ 3.748504485695508, 36.188279898955365 ], [ 3.749244701663016, 36.188279898955365 ], [ 3.749244701663016, 36.187817560404099 ], [ 3.749984917630524, 36.187817560404099 ], [ 3.749984917630524, 36.187355219123539 ], [ 3.750725133598033, 36.187355219123539 ] ] ], [ [ [ 3.14300782427369, 36.605575656796958 ], [ 3.14300782427369, 36.603736188775677 ], [ 3.143748040241198, 36.603736188775677 ], [ 3.143748040241198, 36.600976904495894 ], [ 3.144488256208707, 36.600976904495894 ], [ 3.144488256208707, 36.598677425537396 ], [ 3.145228472176215, 36.598677425537396 ], [ 3.145228472176215, 36.595917960319227 ], [ 3.144488256208707, 36.595917960319227 ], [ 3.144488256208707, 36.594078262012708 ], [ 3.143748040241198, 36.594078262012708 ], [ 3.143748040241198, 36.593158396411461 ], [ 3.14300782427369, 36.593158396411461 ], [ 3.14300782427369, 36.592698459498877 ], [ 3.142267608306182, 36.592698459498877 ], [ 3.142267608306182, 36.592238519845012 ], [ 3.140787176371165, 36.592238519845012 ], [ 3.140787176371165, 36.591778577449873 ], [ 3.140046960403657, 36.591778577449873 ], [ 3.140046960403657, 36.591318632313481 ], [ 3.13856652846864, 36.591318632313481 ], [ 3.13856652846864, 36.590858684435844 ], [ 3.137086096533624, 36.590858684435844 ], [ 3.137086096533624, 36.591318632313481 ], [ 3.133385016696082, 36.591318632313481 ], [ 3.133385016696082, 36.591778577449873 ], [ 3.131164368793557, 36.591778577449873 ], [ 3.131164368793557, 36.592238519845012 ], [ 3.130424152826048, 36.592238519845012 ], [ 3.130424152826048, 36.592698459498877 ], [ 3.12968393685854, 36.592698459498877 ], [ 3.12968393685854, 36.594078262012708 ], [ 3.128943720891032, 36.594078262012708 ], [ 3.128943720891032, 36.594998116648675 ], [ 3.128203504923524, 36.594998116648675 ], [ 3.128203504923524, 36.595917960319227 ], [ 3.127463288956015, 36.595917960319227 ], [ 3.127463288956015, 36.598217521521264 ], [ 3.128203504923524, 36.598217521521264 ], [ 3.128203504923524, 36.600057121136963 ], [ 3.128943720891032, 36.600057121136963 ], [ 3.128943720891032, 36.601436792063076 ], [ 3.12968393685854, 36.601436792063076 ], [ 3.12968393685854, 36.603276314916315 ], [ 3.130424152826048, 36.603276314916315 ], [ 3.130424152826048, 36.605115793904091 ], [ 3.131164368793557, 36.605115793904091 ], [ 3.131164368793557, 36.605575656796958 ], [ 3.132644800728573, 36.605575656796958 ], [ 3.132644800728573, 36.606035516948175 ], [ 3.134865448631099, 36.606035516948175 ], [ 3.134865448631099, 36.606495374357721 ], [ 3.137086096533624, 36.606495374357721 ], [ 3.137086096533624, 36.60695522902558 ], [ 3.139306744436149, 36.60695522902558 ], [ 3.139306744436149, 36.606495374357721 ], [ 3.140787176371165, 36.606495374357721 ], [ 3.140787176371165, 36.606035516948175 ], [ 3.141527392338674, 36.606035516948175 ], [ 3.141527392338674, 36.605575656796958 ], [ 3.14300782427369, 36.605575656796958 ] ] ], [ [ [ 2.88985396338584, 36.610633967666281 ], [ 2.88985396338584, 36.61017413493235 ], [ 2.890594179353348, 36.61017413493235 ], [ 2.890594179353348, 36.608334776578928 ], [ 2.891334395320857, 36.608334776578928 ], [ 2.891334395320857, 36.606495374357721 ], [ 2.892074611288365, 36.606495374357721 ], [ 2.892074611288365, 36.606035516948175 ], [ 2.891334395320857, 36.606035516948175 ], [ 2.891334395320857, 36.605115793904091 ], [ 2.892814827255873, 36.605115793904091 ], [ 2.892814827255873, 36.605575656796958 ], [ 2.893555043223381, 36.605575656796958 ], [ 2.893555043223381, 36.606035516948175 ], [ 2.895035475158398, 36.606035516948175 ], [ 2.895035475158398, 36.605575656796958 ], [ 2.895775691125907, 36.605575656796958 ], [ 2.895775691125907, 36.605115793904091 ], [ 2.896515907093415, 36.605115793904091 ], [ 2.896515907093415, 36.604655928269572 ], [ 2.897256123060923, 36.604655928269572 ], [ 2.897256123060923, 36.604196059893432 ], [ 2.897996339028431, 36.604196059893432 ], [ 2.897996339028431, 36.603736188775677 ], [ 2.89873655499594, 36.603736188775677 ], [ 2.89873655499594, 36.603276314916315 ], [ 2.899476770963448, 36.603276314916315 ], [ 2.899476770963448, 36.602816438315351 ], [ 2.900216986930956, 36.602816438315351 ], [ 2.900216986930956, 36.602356558972815 ], [ 2.901697418865973, 36.602356558972815 ], [ 2.901697418865973, 36.601896676888721 ], [ 2.902437634833482, 36.601896676888721 ], [ 2.902437634833482, 36.600057121136963 ], [ 2.90317785080099, 36.600057121136963 ], [ 2.90317785080099, 36.598217521521264 ], [ 2.903918066768498, 36.598217521521264 ], [ 2.903918066768498, 36.597757614763687 ], [ 2.90317785080099, 36.597757614763687 ], [ 2.90317785080099, 36.596377878042439 ], [ 2.902437634833482, 36.596377878042439 ], [ 2.902437634833482, 36.595458039854627 ], [ 2.901697418865973, 36.595458039854627 ], [ 2.901697418865973, 36.594078262012708 ], [ 2.900957202898465, 36.594078262012708 ], [ 2.900957202898465, 36.593158396411461 ], [ 2.900216986930956, 36.593158396411461 ], [ 2.900216986930956, 36.592698459498877 ], [ 2.899476770963448, 36.592698459498877 ], [ 2.899476770963448, 36.593158396411461 ], [ 2.896515907093415, 36.593158396411461 ], [ 2.896515907093415, 36.593618330582743 ], [ 2.89429525919089, 36.593618330582743 ], [ 2.89429525919089, 36.594078262012708 ], [ 2.891334395320857, 36.594078262012708 ], [ 2.891334395320857, 36.594538190701364 ], [ 2.889113747418332, 36.594538190701364 ], [ 2.889113747418332, 36.596377878042439 ], [ 2.888373531450823, 36.596377878042439 ], [ 2.888373531450823, 36.598217521521264 ], [ 2.887633315483315, 36.598217521521264 ], [ 2.887633315483315, 36.598677425537396 ], [ 2.888373531450823, 36.598677425537396 ], [ 2.888373531450823, 36.600976904495894 ], [ 2.889113747418332, 36.600976904495894 ], [ 2.889113747418332, 36.601896676888721 ], [ 2.887633315483315, 36.601896676888721 ], [ 2.887633315483315, 36.601436792063076 ], [ 2.886893099515807, 36.601436792063076 ], [ 2.886893099515807, 36.600976904495894 ], [ 2.88541266758079, 36.600976904495894 ], [ 2.88541266758079, 36.599597225345263 ], [ 2.886152883548299, 36.599597225345263 ], [ 2.886152883548299, 36.598677425537396 ], [ 2.886893099515807, 36.598677425537396 ], [ 2.886893099515807, 36.597757614763687 ], [ 2.887633315483315, 36.597757614763687 ], [ 2.887633315483315, 36.596377878042439 ], [ 2.886893099515807, 36.596377878042439 ], [ 2.886893099515807, 36.594998116648675 ], [ 2.886152883548299, 36.594998116648675 ], [ 2.886152883548299, 36.593618330582743 ], [ 2.88541266758079, 36.593618330582743 ], [ 2.88541266758079, 36.592238519845012 ], [ 2.884672451613281, 36.592238519845012 ], [ 2.884672451613281, 36.591318632313481 ], [ 2.883932235645773, 36.591318632313481 ], [ 2.883932235645773, 36.590858684435844 ], [ 2.883192019678265, 36.590858684435844 ], [ 2.883192019678265, 36.590398733816969 ], [ 2.882451803710757, 36.590398733816969 ], [ 2.882451803710757, 36.58993878045689 ], [ 2.881711587743248, 36.58993878045689 ], [ 2.881711587743248, 36.589478824355602 ], [ 2.88097137177574, 36.589478824355602 ], [ 2.88097137177574, 36.589018865513104 ], [ 2.880231155808231, 36.589018865513104 ], [ 2.880231155808231, 36.588558903929453 ], [ 2.879490939840723, 36.588558903929453 ], [ 2.879490939840723, 36.588098939604613 ], [ 2.878010507905707, 36.588098939604613 ], [ 2.878010507905707, 36.588558903929453 ], [ 2.877270291938198, 36.588558903929453 ], [ 2.877270291938198, 36.589018865513104 ], [ 2.875789860003182, 36.589018865513104 ], [ 2.875789860003182, 36.589478824355602 ], [ 2.875049644035673, 36.589478824355602 ], [ 2.875049644035673, 36.58993878045689 ], [ 2.873569212100656, 36.58993878045689 ], [ 2.873569212100656, 36.590398733816969 ], [ 2.872828996133148, 36.590398733816969 ], [ 2.872828996133148, 36.590858684435844 ], [ 2.871348564198132, 36.590858684435844 ], [ 2.871348564198132, 36.591318632313481 ], [ 2.870608348230624, 36.591318632313481 ], [ 2.870608348230624, 36.592238519845012 ], [ 2.869868132263115, 36.592238519845012 ], [ 2.869868132263115, 36.592698459498877 ], [ 2.869127916295606, 36.592698459498877 ], [ 2.869127916295606, 36.593618330582743 ], [ 2.868387700328098, 36.593618330582743 ], [ 2.868387700328098, 36.596377878042439 ], [ 2.86764748436059, 36.596377878042439 ], [ 2.86764748436059, 36.600976904495894 ], [ 2.868387700328098, 36.600976904495894 ], [ 2.868387700328098, 36.602816438315351 ], [ 2.869127916295606, 36.602816438315351 ], [ 2.869127916295606, 36.604655928269572 ], [ 2.869868132263115, 36.604655928269572 ], [ 2.869868132263115, 36.605115793904091 ], [ 2.870608348230624, 36.605115793904091 ], [ 2.870608348230624, 36.605575656796958 ], [ 2.87208878016564, 36.605575656796958 ], [ 2.87208878016564, 36.606035516948175 ], [ 2.873569212100656, 36.606035516948175 ], [ 2.873569212100656, 36.606495374357721 ], [ 2.87653007597069, 36.606495374357721 ], [ 2.87653007597069, 36.606035516948175 ], [ 2.877270291938198, 36.606035516948175 ], [ 2.877270291938198, 36.605575656796958 ], [ 2.878010507905707, 36.605575656796958 ], [ 2.878010507905707, 36.605115793904091 ], [ 2.879490939840723, 36.605115793904091 ], [ 2.879490939840723, 36.604655928269572 ], [ 2.880231155808231, 36.604655928269572 ], [ 2.880231155808231, 36.604196059893432 ], [ 2.88097137177574, 36.604196059893432 ], [ 2.88097137177574, 36.605575656796958 ], [ 2.880231155808231, 36.605575656796958 ], [ 2.880231155808231, 36.607415080951746 ], [ 2.88097137177574, 36.607415080951746 ], [ 2.88097137177574, 36.608794620279923 ], [ 2.881711587743248, 36.608794620279923 ], [ 2.881711587743248, 36.61017413493235 ], [ 2.882451803710757, 36.61017413493235 ], [ 2.882451803710757, 36.610633967666281 ], [ 2.883192019678265, 36.610633967666281 ], [ 2.883192019678265, 36.611093797658391 ], [ 2.884672451613281, 36.611093797658391 ], [ 2.884672451613281, 36.611553624908673 ], [ 2.88541266758079, 36.611553624908673 ], [ 2.88541266758079, 36.612013449417155 ], [ 2.886893099515807, 36.612013449417155 ], [ 2.886893099515807, 36.611553624908673 ], [ 2.887633315483315, 36.611553624908673 ], [ 2.887633315483315, 36.611093797658391 ], [ 2.889113747418332, 36.611093797658391 ], [ 2.889113747418332, 36.610633967666281 ], [ 2.88985396338584, 36.610633967666281 ] ], [ [ 2.88541266758079, 36.601436792063076 ], [ 2.884672451613281, 36.601436792063076 ], [ 2.884672451613281, 36.600976904495894 ], [ 2.88541266758079, 36.600976904495894 ], [ 2.88541266758079, 36.601436792063076 ] ] ], [ [ [ 3.236275036179741, 36.634541491315147 ], [ 3.237015252147248, 36.634541491315147 ], [ 3.237015252147248, 36.634081801172542 ], [ 3.237755468114757, 36.634081801172542 ], [ 3.237755468114757, 36.633622108287483 ], [ 3.238495684082265, 36.633622108287483 ], [ 3.238495684082265, 36.632702714289934 ], [ 3.239235900049774, 36.632702714289934 ], [ 3.239235900049774, 36.627645851221985 ], [ 3.238495684082265, 36.627645851221985 ], [ 3.238495684082265, 36.627186119943595 ], [ 3.237755468114757, 36.627186119943595 ], [ 3.237755468114757, 36.626266649159994 ], [ 3.237015252147248, 36.626266649159994 ], [ 3.237015252147248, 36.625806909654813 ], [ 3.236275036179741, 36.625806909654813 ], [ 3.236275036179741, 36.624887422417736 ], [ 3.235534820212232, 36.624887422417736 ], [ 3.235534820212232, 36.624427674685869 ], [ 3.234794604244723, 36.624427674685869 ], [ 3.234794604244723, 36.623508170995557 ], [ 3.234054388277215, 36.623508170995557 ], [ 3.234054388277215, 36.623048415037132 ], [ 3.229613092472166, 36.623048415037132 ], [ 3.229613092472166, 36.623508170995557 ], [ 3.228872876504657, 36.623508170995557 ], [ 3.228872876504657, 36.623967924211811 ], [ 3.228132660537149, 36.623967924211811 ], [ 3.228132660537149, 36.624887422417736 ], [ 3.22739244456964, 36.624887422417736 ], [ 3.22739244456964, 36.625347167407384 ], [ 3.226652228602132, 36.625347167407384 ], [ 3.226652228602132, 36.626266649159994 ], [ 3.225912012634624, 36.626266649159994 ], [ 3.225912012634624, 36.628105579758056 ], [ 3.225171796667116, 36.628105579758056 ], [ 3.225171796667116, 36.62994446647923 ], [ 3.224431580699607, 36.62994446647923 ], [ 3.224431580699607, 36.63178330932265 ], [ 3.223691364732099, 36.63178330932265 ], [ 3.223691364732099, 36.632243013177515 ], [ 3.224431580699607, 36.632243013177515 ], [ 3.224431580699607, 36.633622108287483 ], [ 3.225171796667116, 36.633622108287483 ], [ 3.225171796667116, 36.634541491315147 ], [ 3.225912012634624, 36.634541491315147 ], [ 3.225912012634624, 36.635460863372849 ], [ 3.226652228602132, 36.635460863372849 ], [ 3.226652228602132, 36.636839900890493 ], [ 3.22739244456964, 36.636839900890493 ], [ 3.22739244456964, 36.637299574577931 ], [ 3.228872876504657, 36.637299574577931 ], [ 3.228872876504657, 36.636839900890493 ], [ 3.234794604244723, 36.636839900890493 ], [ 3.234794604244723, 36.635920545287931 ], [ 3.235534820212232, 36.635920545287931 ], [ 3.235534820212232, 36.635460863372849 ], [ 3.236275036179741, 36.635460863372849 ], [ 3.236275036179741, 36.634541491315147 ] ] ], [ [ [ 3.126723072988507, 36.687387561947112 ], [ 3.127463288956015, 36.687387561947112 ], [ 3.127463288956015, 36.68692818727758 ], [ 3.128943720891032, 36.68692818727758 ], [ 3.128943720891032, 36.686468809864046 ], [ 3.12968393685854, 36.686468809864046 ], [ 3.12968393685854, 36.685090661159613 ], [ 3.130424152826048, 36.685090661159613 ], [ 3.130424152826048, 36.683253091138575 ], [ 3.131164368793557, 36.683253091138575 ], [ 3.131164368793557, 36.681415477215303 ], [ 3.131904584761065, 36.681415477215303 ], [ 3.131904584761065, 36.679118398074984 ], [ 3.132644800728573, 36.679118398074984 ], [ 3.132644800728573, 36.676361812562291 ], [ 3.131904584761065, 36.676361812562291 ], [ 3.131904584761065, 36.67452403401316 ], [ 3.131164368793557, 36.67452403401316 ], [ 3.131164368793557, 36.674064582516735 ], [ 3.130424152826048, 36.674064582516735 ], [ 3.130424152826048, 36.673605128276698 ], [ 3.128203504923524, 36.673605128276698 ], [ 3.128203504923524, 36.673145671293035 ], [ 3.125982857020999, 36.673145671293035 ], [ 3.125982857020999, 36.672686211565782 ], [ 3.123762209118474, 36.672686211565782 ], [ 3.123762209118474, 36.672226749094932 ], [ 3.117840481378407, 36.672226749094932 ], [ 3.117840481378407, 36.672686211565782 ], [ 3.114139401540865, 36.672686211565782 ], [ 3.114139401540865, 36.673145671293035 ], [ 3.113399185573357, 36.673145671293035 ], [ 3.113399185573357, 36.673605128276698 ], [ 3.112658969605848, 36.673605128276698 ], [ 3.112658969605848, 36.674064582516735 ], [ 3.11191875363834, 36.674064582516735 ], [ 3.11191875363834, 36.674983482765938 ], [ 3.111178537670832, 36.674983482765938 ], [ 3.111178537670832, 36.675902372040525 ], [ 3.110438321703324, 36.675902372040525 ], [ 3.110438321703324, 36.681874884811897 ], [ 3.109698105735816, 36.681874884811897 ], [ 3.109698105735816, 36.684631272770233 ], [ 3.110438321703324, 36.684631272770233 ], [ 3.110438321703324, 36.686468809864046 ], [ 3.111178537670832, 36.686468809864046 ], [ 3.111178537670832, 36.687846933872635 ], [ 3.112658969605848, 36.687846933872635 ], [ 3.112658969605848, 36.688306303054155 ], [ 3.115619833475882, 36.688306303054155 ], [ 3.115619833475882, 36.688765669491623 ], [ 3.118580697345915, 36.688765669491623 ], [ 3.118580697345915, 36.689225033185046 ], [ 3.123021993150966, 36.689225033185046 ], [ 3.123021993150966, 36.688765669491623 ], [ 3.124502425085982, 36.688765669491623 ], [ 3.124502425085982, 36.688306303054155 ], [ 3.12524264105349, 36.688306303054155 ], [ 3.12524264105349, 36.687846933872635 ], [ 3.126723072988507, 36.687846933872635 ], [ 3.126723072988507, 36.687387561947112 ] ] ], [ [ [ -0.030298028434539, 40.272264621571075 ], [ -0.030298028434539, 40.270953385089811 ], [ -0.02955781246703, 40.270953385089811 ], [ -0.02955781246703, 40.269642123185427 ], [ -0.028817596499522, 40.269642123185427 ], [ -0.028817596499522, 40.266582413208582 ], [ -0.02955781246703, 40.266582413208582 ], [ -0.02955781246703, 40.264396821340533 ], [ -0.030298028434539, 40.264396821340533 ], [ -0.030298028434539, 40.261774017884385 ], [ -0.031038244402047, 40.261774017884385 ], [ -0.031038244402047, 40.260025425754051 ], [ -0.031778460369555, 40.260025425754051 ], [ -0.031778460369555, 40.259588270659911 ], [ -0.033258892304572, 40.259588270659911 ], [ -0.033258892304572, 40.259151112741186 ], [ -0.03399910827208, 40.259151112741186 ], [ -0.03399910827208, 40.258713951997848 ], [ -0.040661051979655, 40.258713951997848 ], [ -0.040661051979655, 40.259151112741186 ], [ -0.043621915849689, 40.259151112741186 ], [ -0.043621915849689, 40.259588270659911 ], [ -0.044362131817197, 40.259588270659911 ], [ -0.044362131817197, 40.260025425754051 ], [ -0.045102347784705, 40.260025425754051 ], [ -0.045102347784705, 40.260899727468463 ], [ -0.045842563752214, 40.260899727468463 ], [ -0.045842563752214, 40.260462578023571 ], [ -0.04732299568723, 40.260462578023571 ], [ -0.04732299568723, 40.260025425754051 ], [ -0.049543643589756, 40.260025425754051 ], [ -0.049543643589756, 40.259588270659911 ], [ -0.05176429149228, 40.259588270659911 ], [ -0.05176429149228, 40.260462578023571 ], [ -0.052504507459789, 40.260462578023571 ], [ -0.052504507459789, 40.261336874088741 ], [ -0.053244723427297, 40.261336874088741 ], [ -0.053244723427297, 40.261774017884385 ], [ -0.053984939394805, 40.261774017884385 ], [ -0.053984939394805, 40.267019523108054 ], [ -0.053244723427297, 40.267019523108054 ], [ -0.053244723427297, 40.267456630182807 ], [ -0.052504507459789, 40.267456630182807 ], [ -0.052504507459789, 40.267893734432832 ], [ -0.05176429149228, 40.267893734432832 ], [ -0.05176429149228, 40.268330835858102 ], [ -0.051024075524772, 40.268330835858102 ], [ -0.051024075524772, 40.26920503023441 ], [ -0.050283859557264, 40.26920503023441 ], [ -0.050283859557264, 40.269642123185427 ], [ -0.049543643589756, 40.269642123185427 ], [ -0.049543643589756, 40.270079213311661 ], [ -0.048063211654739, 40.270079213311661 ], [ -0.048063211654739, 40.269642123185427 ], [ -0.04732299568723, 40.269642123185427 ], [ -0.04732299568723, 40.26920503023441 ], [ -0.046582779719722, 40.26920503023441 ], [ -0.046582779719722, 40.268767934458637 ], [ -0.045842563752214, 40.268767934458637 ], [ -0.045842563752214, 40.268330835858102 ], [ -0.045102347784705, 40.268330835858102 ], [ -0.045102347784705, 40.267893734432832 ], [ -0.044362131817197, 40.267893734432832 ], [ -0.044362131817197, 40.268330835858102 ], [ -0.042141483914672, 40.268330835858102 ], [ -0.042141483914672, 40.268767934458637 ], [ -0.040661051979655, 40.268767934458637 ], [ -0.040661051979655, 40.26920503023441 ], [ -0.039920836012147, 40.26920503023441 ], [ -0.039920836012147, 40.270953385089811 ], [ -0.039180620044639, 40.270953385089811 ], [ -0.039180620044639, 40.273138765101201 ], [ -0.03844040407713, 40.273138765101201 ], [ -0.03844040407713, 40.273575832629014 ], [ -0.036959972142114, 40.273575832629014 ], [ -0.036959972142114, 40.274012897332007 ], [ -0.034739324239589, 40.274012897332007 ], [ -0.034739324239589, 40.274449959210152 ], [ -0.031778460369555, 40.274449959210152 ], [ -0.031778460369555, 40.273138765101201 ], [ -0.031038244402047, 40.273138765101201 ], [ -0.031038244402047, 40.272264621571075 ], [ -0.030298028434539, 40.272264621571075 ] ] ], [ [ [ 0.04150292041377, 40.445996502819895 ], [ 0.045204000251311, 40.445996502819895 ], [ 0.045204000251311, 40.446432451159303 ], [ 0.048164864121345, 40.446432451159303 ], [ 0.048164864121345, 40.445560551652889 ], [ 0.048905080088853, 40.445560551652889 ], [ 0.048905080088853, 40.444688640836041 ], [ 0.049645296056361, 40.444688640836041 ], [ 0.049645296056361, 40.443380753403851 ], [ 0.05038551202387, 40.443380753403851 ], [ 0.05038551202387, 40.442508814311182 ], [ 0.051125727991378, 40.442508814311182 ], [ 0.051125727991378, 40.439892929171982 ], [ 0.05038551202387, 40.439892929171982 ], [ 0.05038551202387, 40.438148949195401 ], [ 0.049645296056361, 40.438148949195401 ], [ 0.049645296056361, 40.435968910606213 ], [ 0.048905080088853, 40.435968910606213 ], [ 0.048905080088853, 40.43378880133065 ], [ 0.048164864121345, 40.43378880133065 ], [ 0.048164864121345, 40.432916737828428 ], [ 0.047424648153836, 40.432916737828428 ], [ 0.047424648153836, 40.432480701836198 ], [ 0.046684432186328, 40.432480701836198 ], [ 0.046684432186328, 40.431608621369563 ], [ 0.04594421621882, 40.431608621369563 ], [ 0.04594421621882, 40.43117257689515 ], [ 0.045204000251311, 40.43117257689515 ], [ 0.045204000251311, 40.430736529593382 ], [ 0.044463784283803, 40.430736529593382 ], [ 0.044463784283803, 40.43117257689515 ], [ 0.031880112836161, 40.43117257689515 ], [ 0.031880112836161, 40.431608621369563 ], [ 0.025218169128586, 40.431608621369563 ], [ 0.025218169128586, 40.432044663016576 ], [ 0.024477953161078, 40.432044663016576 ], [ 0.024477953161078, 40.432916737828428 ], [ 0.02373773719357, 40.432916737828428 ], [ 0.02373773719357, 40.433352770993245 ], [ 0.022997521226061, 40.433352770993245 ], [ 0.022997521226061, 40.434224828840627 ], [ 0.022257305258553, 40.434224828840627 ], [ 0.022257305258553, 40.439020944838695 ], [ 0.022997521226061, 40.439020944838695 ], [ 0.022997521226061, 40.439892929171982 ], [ 0.02373773719357, 40.439892929171982 ], [ 0.02373773719357, 40.440328917097347 ], [ 0.024477953161078, 40.440328917097347 ], [ 0.024477953161078, 40.441200884465509 ], [ 0.025218169128586, 40.441200884465509 ], [ 0.025218169128586, 40.442072840523501 ], [ 0.025958385096095, 40.442072840523501 ], [ 0.025958385096095, 40.442508814311182 ], [ 0.026698601063603, 40.442508814311182 ], [ 0.026698601063603, 40.443380753403851 ], [ 0.027438817031111, 40.443380753403851 ], [ 0.027438817031111, 40.444252681186235 ], [ 0.02817903299862, 40.444252681186235 ], [ 0.02817903299862, 40.444688640836041 ], [ 0.028919248966128, 40.444688640836041 ], [ 0.028919248966128, 40.445560551652889 ], [ 0.029659464933636, 40.445560551652889 ], [ 0.029659464933636, 40.446432451159303 ], [ 0.030399680901145, 40.446432451159303 ], [ 0.030399680901145, 40.446868396671071 ], [ 0.031139896868653, 40.446868396671071 ], [ 0.031139896868653, 40.44730433935522 ], [ 0.039282272511245, 40.44730433935522 ], [ 0.039282272511245, 40.446868396671071 ], [ 0.040762704446261, 40.446868396671071 ], [ 0.040762704446261, 40.446432451159303 ], [ 0.04150292041377, 40.446432451159303 ], [ 0.04150292041377, 40.445996502819895 ] ] ], [ [ [ -0.253103034654547, 42.943528596610911 ], [ -0.253103034654547, 42.943109253653887 ], [ -0.252362818687039, 42.943109253653887 ], [ -0.252362818687039, 42.942689907840531 ], [ -0.251622602719531, 42.942689907840531 ], [ -0.251622602719531, 42.942270559170822 ], [ -0.250882386752022, 42.942270559170822 ], [ -0.250882386752022, 42.941851207644795 ], [ -0.249401954817006, 42.941851207644795 ], [ -0.249401954817006, 42.942270559170822 ], [ -0.247921522881989, 42.942270559170822 ], [ -0.247921522881989, 42.942689907840531 ], [ -0.245700874979464, 42.942689907840531 ], [ -0.245700874979464, 42.942270559170822 ], [ -0.244220443044447, 42.942270559170822 ], [ -0.244220443044447, 42.941851207644795 ], [ -0.241999795141922, 42.941851207644795 ], [ -0.241999795141922, 42.941431853262422 ], [ -0.239779147239397, 42.941431853262422 ], [ -0.239779147239397, 42.94101249602371 ], [ -0.238298715304381, 42.94101249602371 ], [ -0.238298715304381, 42.940593135928694 ], [ -0.236818283369364, 42.940593135928694 ], [ -0.236818283369364, 42.939754407169666 ], [ -0.236078067401856, 42.939754407169666 ], [ -0.236078067401856, 42.93807691537581 ], [ -0.235337851434347, 42.93807691537581 ], [ -0.235337851434347, 42.935141194768889 ], [ -0.236078067401856, 42.935141194768889 ], [ -0.236078067401856, 42.933463577298021 ], [ -0.236818283369364, 42.933463577298021 ], [ -0.236818283369364, 42.932624751424939 ], [ -0.238298715304381, 42.932624751424939 ], [ -0.238298715304381, 42.932205334203992 ], [ -0.240519363206906, 42.932205334203992 ], [ -0.240519363206906, 42.931785914126777 ], [ -0.241999795141922, 42.931785914126777 ], [ -0.241999795141922, 42.931366491193309 ], [ -0.244220443044447, 42.931366491193309 ], [ -0.244220443044447, 42.930947065403579 ], [ -0.246441090946972, 42.930947065403579 ], [ -0.246441090946972, 42.930527636757596 ], [ -0.247921522881989, 42.930527636757596 ], [ -0.247921522881989, 42.930108205255365 ], [ -0.250882386752022, 42.930108205255365 ], [ -0.250882386752022, 42.930527636757596 ], [ -0.251622602719531, 42.930527636757596 ], [ -0.251622602719531, 42.930947065403579 ], [ -0.252362818687039, 42.930947065403579 ], [ -0.252362818687039, 42.931366491193309 ], [ -0.253103034654547, 42.931366491193309 ], [ -0.253103034654547, 42.931785914126777 ], [ -0.253843250622056, 42.931785914126777 ], [ -0.253843250622056, 42.932205334203992 ], [ -0.254583466589564, 42.932205334203992 ], [ -0.254583466589564, 42.932624751424939 ], [ -0.256063898524581, 42.932624751424939 ], [ -0.256063898524581, 42.933044165789617 ], [ -0.256804114492089, 42.933044165789617 ], [ -0.256804114492089, 42.933463577298021 ], [ -0.257544330459597, 42.933463577298021 ], [ -0.257544330459597, 42.933882985950156 ], [ -0.258284546427106, 42.933882985950156 ], [ -0.258284546427106, 42.934302391746016 ], [ -0.259024762394614, 42.934302391746016 ], [ -0.259024762394614, 42.934721794685593 ], [ -0.259764978362122, 42.934721794685593 ], [ -0.259764978362122, 42.935141194768889 ], [ -0.260505194329631, 42.935141194768889 ], [ -0.260505194329631, 42.936399377881052 ], [ -0.261245410297139, 42.936399377881052 ], [ -0.261245410297139, 42.93807691537581 ], [ -0.261985626264647, 42.93807691537581 ], [ -0.261985626264647, 42.940173772977339 ], [ -0.261245410297139, 42.940173772977339 ], [ -0.261245410297139, 42.941851207644795 ], [ -0.260505194329631, 42.941851207644795 ], [ -0.260505194329631, 42.943109253653887 ], [ -0.259764978362122, 42.943109253653887 ], [ -0.259764978362122, 42.943528596610911 ], [ -0.258284546427106, 42.943528596610911 ], [ -0.258284546427106, 42.943947936711588 ], [ -0.257544330459597, 42.943947936711588 ], [ -0.257544330459597, 42.944367273955905 ], [ -0.255323682557072, 42.944367273955905 ], [ -0.255323682557072, 42.943947936711588 ], [ -0.253843250622056, 42.943947936711588 ], [ -0.253843250622056, 42.943528596610911 ], [ -0.253103034654547, 42.943528596610911 ] ] ] ] } }
]
}
