{
"type": "FeatureCollection",
"name": "spain_fires_nrt_ba",
"crs": { "type": "name", "properties": { "name": "urn:ogc:def:crs:OGC:1.3:CRS84" } },
"features": [
{ "type": "Feature", "properties": { }, "geometry": { "type": "MultiPolygon", "coordinates": [ [ [ [ -1.338259643021765, 35.318018104095017 ], [ -1.337519427054257, 35.318018104095017 ], [ -1.337519427054257, 35.31755068166477 ], [ -1.336779211086749, 35.31755068166477 ], [ -1.336779211086749, 35.315213528988217 ], [ -1.33603899511924, 35.315213528988217 ], [ -1.33603899511924, 35.312408856622682 ], [ -1.335298779151732, 35.312408856622682 ], [ -1.335298779151732, 35.311006483968946 ], [ -1.33603899511924, 35.311006483968946 ], [ -1.33603899511924, 35.309136615943153 ], [ -1.336779211086749, 35.309136615943153 ], [ -1.336779211086749, 35.307266704694499 ], [ -1.337519427054257, 35.307266704694499 ], [ -1.337519427054257, 35.305864242893584 ], [ -1.338259643021765, 35.305864242893584 ], [ -1.338259643021765, 35.305396750223949 ], [ -1.339740074956782, 35.305396750223949 ], [ -1.339740074956782, 35.304929254853015 ], [ -1.341960722859307, 35.304929254853015 ], [ -1.341960722859307, 35.304461756780782 ], [ -1.344181370761832, 35.304461756780782 ], [ -1.344181370761832, 35.303994256007286 ], [ -1.345661802696849, 35.303994256007286 ], [ -1.345661802696849, 35.304461756780782 ], [ -1.346402018664357, 35.304461756780782 ], [ -1.346402018664357, 35.304929254853015 ], [ -1.347142234631865, 35.304929254853015 ], [ -1.347142234631865, 35.305864242893584 ], [ -1.347882450599374, 35.305864242893584 ], [ -1.347882450599374, 35.306331732861899 ], [ -1.348622666566882, 35.306331732861899 ], [ -1.348622666566882, 35.306799220128873 ], [ -1.34936288253439, 35.306799220128873 ], [ -1.34936288253439, 35.307266704694499 ], [ -1.350103098501899, 35.307266704694499 ], [ -1.350103098501899, 35.308201665721619 ], [ -1.350843314469407, 35.308201665721619 ], [ -1.350843314469407, 35.308669142183099 ], [ -1.351583530436915, 35.308669142183099 ], [ -1.351583530436915, 35.309136615943153 ], [ -1.352323746404424, 35.309136615943153 ], [ -1.352323746404424, 35.30960408700178 ], [ -1.353063962371932, 35.30960408700178 ], [ -1.353063962371932, 35.310539021014691 ], [ -1.353804178339441, 35.310539021014691 ], [ -1.353804178339441, 35.312876308770875 ], [ -1.353063962371932, 35.312876308770875 ], [ -1.353063962371932, 35.31661582869917 ], [ -1.351583530436915, 35.31661582869917 ], [ -1.351583530436915, 35.317083256532818 ], [ -1.34936288253439, 35.317083256532818 ], [ -1.34936288253439, 35.31755068166477 ], [ -1.347882450599374, 35.31755068166477 ], [ -1.347882450599374, 35.318018104095017 ], [ -1.345661802696849, 35.318018104095017 ], [ -1.345661802696849, 35.31848552382354 ], [ -1.343441154794324, 35.31848552382354 ], [ -1.343441154794324, 35.31895294085033 ], [ -1.339740074956782, 35.31895294085033 ], [ -1.339740074956782, 35.31848552382354 ], [ -1.338259643021765, 35.31848552382354 ], [ -1.338259643021765, 35.318018104095017 ] ] ], [ [ [ -6.490902992847282, 37.427507618834646 ], [ -6.489422560912264, 37.427507618834646 ], [ -6.489422560912264, 37.426597785141752 ], [ -6.488682344944757, 37.426597785141752 ], [ -6.488682344944757, 37.42614286414895 ], [ -6.487942128977249, 37.42614286414895 ], [ -6.487942128977249, 37.425233013870681 ], [ -6.48720191300974, 37.425233013870681 ], [ -6.48720191300974, 37.424323152535621 ], [ -6.486461697042232, 37.424323152535621 ], [ -6.486461697042232, 37.423868217721825 ], [ -6.485721481074724, 37.423868217721825 ], [ -6.485721481074724, 37.422958339801752 ], [ -6.486461697042232, 37.422958339801752 ], [ -6.486461697042232, 37.417498840097039 ], [ -6.48720191300974, 37.417498840097039 ], [ -6.48720191300974, 37.416133902980143 ], [ -6.487942128977249, 37.416133902980143 ], [ -6.487942128977249, 37.415223931082402 ], [ -6.488682344944757, 37.415223931082402 ], [ -6.488682344944757, 37.414313948128914 ], [ -6.489422560912264, 37.414313948128914 ], [ -6.489422560912264, 37.412948952969359 ], [ -6.490162776879773, 37.412948952969359 ], [ -6.490162776879773, 37.412038942376917 ], [ -6.495344288652332, 37.412038942376917 ], [ -6.495344288652332, 37.412493949055076 ], [ -6.497564936554856, 37.412493949055076 ], [ -6.497564936554856, 37.412948952969359 ], [ -6.498305152522366, 37.412948952969359 ], [ -6.498305152522366, 37.413403954119765 ], [ -6.499045368489874, 37.413403954119765 ], [ -6.499045368489874, 37.414313948128914 ], [ -6.499785584457381, 37.414313948128914 ], [ -6.499785584457381, 37.414768940987621 ], [ -6.50052580042489, 37.414768940987621 ], [ -6.50052580042489, 37.415223931082402 ], [ -6.501266016392399, 37.415223931082402 ], [ -6.501266016392399, 37.416133902980143 ], [ -6.502006232359907, 37.416133902980143 ], [ -6.502006232359907, 37.416588884783089 ], [ -6.502746448327415, 37.416588884783089 ], [ -6.502746448327415, 37.417498840097039 ], [ -6.503486664294925, 37.417498840097039 ], [ -6.503486664294925, 37.421593502190646 ], [ -6.504226880262432, 37.421593502190646 ], [ -6.504226880262432, 37.425233013870681 ], [ -6.503486664294925, 37.425233013870681 ], [ -6.503486664294925, 37.42568794039191 ], [ -6.502746448327415, 37.42568794039191 ], [ -6.502746448327415, 37.42614286414895 ], [ -6.502006232359907, 37.42614286414895 ], [ -6.502006232359907, 37.426597785141752 ], [ -6.501266016392399, 37.426597785141752 ], [ -6.501266016392399, 37.427052703370329 ], [ -6.50052580042489, 37.427052703370329 ], [ -6.50052580042489, 37.427507618834646 ], [ -6.499785584457381, 37.427507618834646 ], [ -6.499785584457381, 37.427962531534725 ], [ -6.499045368489874, 37.427962531534725 ], [ -6.499045368489874, 37.428417441470515 ], [ -6.498305152522366, 37.428417441470515 ], [ -6.498305152522366, 37.428872348642038 ], [ -6.496824720587348, 37.428872348642038 ], [ -6.496824720587348, 37.428417441470515 ], [ -6.493863856717316, 37.428417441470515 ], [ -6.493863856717316, 37.427962531534725 ], [ -6.490902992847282, 37.427962531534725 ], [ -6.490902992847282, 37.427507618834646 ] ] ], [ [ [ -6.535315950897782, 37.626040964938475 ], [ -6.534575734930274, 37.626040964938475 ], [ -6.534575734930274, 37.624679837542431 ], [ -6.533835518962765, 37.624679837542431 ], [ -6.533835518962765, 37.623318685222316 ], [ -6.533095302995257, 37.623318685222316 ], [ -6.533095302995257, 37.621503776691931 ], [ -6.532355087027749, 37.621503776691931 ], [ -6.532355087027749, 37.620142566216856 ], [ -6.53161487106024, 37.620142566216856 ], [ -6.53161487106024, 37.618781330818756 ], [ -6.530874655092732, 37.618781330818756 ], [ -6.530874655092732, 37.617873826707381 ], [ -6.530134439125224, 37.617873826707381 ], [ -6.530134439125224, 37.618781330818756 ], [ -6.529394223157715, 37.618781330818756 ], [ -6.529394223157715, 37.619688823853373 ], [ -6.528654007190207, 37.619688823853373 ], [ -6.528654007190207, 37.620142566216856 ], [ -6.52717357525519, 37.620142566216856 ], [ -6.52717357525519, 37.619688823853373 ], [ -6.524212711385157, 37.619688823853373 ], [ -6.524212711385157, 37.619235078720671 ], [ -6.521992063482632, 37.619235078720671 ], [ -6.521992063482632, 37.618781330818756 ], [ -6.521251847515123, 37.618781330818756 ], [ -6.521251847515123, 37.617420070497936 ], [ -6.520511631547615, 37.617420070497936 ], [ -6.520511631547615, 37.615605017968704 ], [ -6.519771415580108, 37.615605017968704 ], [ -6.519771415580108, 37.614243699496079 ], [ -6.520511631547615, 37.614243699496079 ], [ -6.520511631547615, 37.611520987786115 ], [ -6.521251847515123, 37.611520987786115 ], [ -6.521251847515123, 37.611067192809521 ], [ -6.519771415580108, 37.611067192809521 ], [ -6.519771415580108, 37.61061339506395 ], [ -6.519031199612598, 37.61061339506395 ], [ -6.519031199612598, 37.610159594549387 ], [ -6.517550767677582, 37.610159594549387 ], [ -6.517550767677582, 37.608798176391915 ], [ -6.516810551710074, 37.608798176391915 ], [ -6.516810551710074, 37.6069829134169 ], [ -6.516070335742565, 37.6069829134169 ], [ -6.516070335742565, 37.605621437112248 ], [ -6.516810551710074, 37.605621437112248 ], [ -6.516810551710074, 37.604259935887903 ], [ -6.517550767677582, 37.604259935887903 ], [ -6.517550767677582, 37.602898409744157 ], [ -6.518290983645089, 37.602898409744157 ], [ -6.518290983645089, 37.601990711804383 ], [ -6.519031199612598, 37.601990711804383 ], [ -6.519031199612598, 37.601536858681335 ], [ -6.518290983645089, 37.601536858681335 ], [ -6.518290983645089, 37.600629144129016 ], [ -6.517550767677582, 37.600629144129016 ], [ -6.517550767677582, 37.599721418501787 ], [ -6.516810551710074, 37.599721418501787 ], [ -6.516810551710074, 37.595182624245162 ], [ -6.517550767677582, 37.595182624245162 ], [ -6.517550767677582, 37.594274832170399 ], [ -6.518290983645089, 37.594274832170399 ], [ -6.518290983645089, 37.593820931980162 ], [ -6.519031199612598, 37.593820931980162 ], [ -6.519031199612598, 37.592913123294039 ], [ -6.519771415580108, 37.592913123294039 ], [ -6.519771415580108, 37.592459214798168 ], [ -6.521992063482632, 37.592459214798168 ], [ -6.521992063482632, 37.592913123294039 ], [ -6.524212711385157, 37.592913123294039 ], [ -6.524212711385157, 37.593367029021358 ], [ -6.526433359287681, 37.593367029021358 ], [ -6.526433359287681, 37.594274832170399 ], [ -6.52717357525519, 37.594274832170399 ], [ -6.52717357525519, 37.596090405245562 ], [ -6.527913791222699, 37.596090405245562 ], [ -6.527913791222699, 37.598813681799726 ], [ -6.52717357525519, 37.598813681799726 ], [ -6.52717357525519, 37.600175282699752 ], [ -6.526433359287681, 37.600175282699752 ], [ -6.526433359287681, 37.601536858681335 ], [ -6.52717357525519, 37.601536858681335 ], [ -6.52717357525519, 37.601990711804383 ], [ -6.527913791222699, 37.601990711804383 ], [ -6.527913791222699, 37.602444562158645 ], [ -6.528654007190207, 37.602444562158645 ], [ -6.528654007190207, 37.604259935887903 ], [ -6.529394223157715, 37.604259935887903 ], [ -6.529394223157715, 37.603806096608785 ], [ -6.530134439125224, 37.603806096608785 ], [ -6.530134439125224, 37.602444562158645 ], [ -6.530874655092732, 37.602444562158645 ], [ -6.530874655092732, 37.601083002789544 ], [ -6.53161487106024, 37.601083002789544 ], [ -6.53161487106024, 37.600629144129016 ], [ -6.532355087027749, 37.600629144129016 ], [ -6.532355087027749, 37.599721418501787 ], [ -6.533095302995257, 37.599721418501787 ], [ -6.533095302995257, 37.5992675515351 ], [ -6.533835518962765, 37.5992675515351 ], [ -6.533835518962765, 37.598813681799726 ], [ -6.534575734930274, 37.598813681799726 ], [ -6.534575734930274, 37.598359809295673 ], [ -6.535315950897782, 37.598359809295673 ], [ -6.535315950897782, 37.59790593402294 ], [ -6.536796382832798, 37.59790593402294 ], [ -6.536796382832798, 37.598359809295673 ], [ -6.54049746267034, 37.598359809295673 ], [ -6.54049746267034, 37.598813681799726 ], [ -6.544198542507881, 37.598813681799726 ], [ -6.544198542507881, 37.5992675515351 ], [ -6.547159406377915, 37.5992675515351 ], [ -6.547159406377915, 37.598359809295673 ], [ -6.547899622345424, 37.598359809295673 ], [ -6.547899622345424, 37.596998175171528 ], [ -6.547159406377915, 37.596998175171528 ], [ -6.547159406377915, 37.596544291592856 ], [ -6.546419190410407, 37.596544291592856 ], [ -6.546419190410407, 37.595636516129659 ], [ -6.545678974442899, 37.595636516129659 ], [ -6.545678974442899, 37.595182624245162 ], [ -6.54493875847539, 37.595182624245162 ], [ -6.54493875847539, 37.594728729592063 ], [ -6.544198542507881, 37.594728729592063 ], [ -6.544198542507881, 37.589281777809212 ], [ -6.543458326540374, 37.589281777809212 ], [ -6.543458326540374, 37.588827847165525 ], [ -6.541977894605356, 37.588827847165525 ], [ -6.541977894605356, 37.588373913753394 ], [ -6.541237678637849, 37.588373913753394 ], [ -6.541237678637849, 37.587919977572859 ], [ -6.54049746267034, 37.587919977572859 ], [ -6.54049746267034, 37.587466038623916 ], [ -6.539757246702831, 37.587466038623916 ], [ -6.539757246702831, 37.587012096906584 ], [ -6.539017030735324, 37.587012096906584 ], [ -6.539017030735324, 37.586558152420871 ], [ -6.538276814767816, 37.586558152420871 ], [ -6.538276814767816, 37.587012096906584 ], [ -6.537536598800307, 37.587012096906584 ], [ -6.537536598800307, 37.587466038623916 ], [ -6.536796382832798, 37.587466038623916 ], [ -6.536796382832798, 37.587919977572859 ], [ -6.535315950897782, 37.587919977572859 ], [ -6.535315950897782, 37.588373913753394 ], [ -6.534575734930274, 37.588373913753394 ], [ -6.534575734930274, 37.588827847165525 ], [ -6.532355087027749, 37.588827847165525 ], [ -6.532355087027749, 37.588373913753394 ], [ -6.529394223157715, 37.588373913753394 ], [ -6.529394223157715, 37.588827847165525 ], [ -6.528654007190207, 37.588827847165525 ], [ -6.528654007190207, 37.589281777809212 ], [ -6.527913791222699, 37.589281777809212 ], [ -6.527913791222699, 37.589735705684475 ], [ -6.52717357525519, 37.589735705684475 ], [ -6.52717357525519, 37.590643553129631 ], [ -6.526433359287681, 37.590643553129631 ], [ -6.526433359287681, 37.591097472699495 ], [ -6.524212711385157, 37.591097472699495 ], [ -6.524212711385157, 37.590643553129631 ], [ -6.523472495417648, 37.590643553129631 ], [ -6.523472495417648, 37.590189630791279 ], [ -6.521992063482632, 37.590189630791279 ], [ -6.521992063482632, 37.589735705684475 ], [ -6.521251847515123, 37.589735705684475 ], [ -6.521251847515123, 37.589281777809212 ], [ -6.520511631547615, 37.589281777809212 ], [ -6.520511631547615, 37.588827847165525 ], [ -6.519771415580108, 37.588827847165525 ], [ -6.519771415580108, 37.588373913753394 ], [ -6.519031199612598, 37.588373913753394 ], [ -6.519031199612598, 37.589281777809212 ], [ -6.518290983645089, 37.589281777809212 ], [ -6.518290983645089, 37.590189630791279 ], [ -6.517550767677582, 37.590189630791279 ], [ -6.517550767677582, 37.591551389500886 ], [ -6.516810551710074, 37.591551389500886 ], [ -6.516810551710074, 37.592459214798168 ], [ -6.515330119775057, 37.592459214798168 ], [ -6.515330119775057, 37.592005303533789 ], [ -6.512369255905024, 37.592005303533789 ], [ -6.512369255905024, 37.591551389500886 ], [ -6.510148608002498, 37.591551389500886 ], [ -6.510148608002498, 37.591097472699495 ], [ -6.50940839203499, 37.591097472699495 ], [ -6.50940839203499, 37.589281777809212 ], [ -6.508668176067482, 37.589281777809212 ], [ -6.508668176067482, 37.585650255144344 ], [ -6.50940839203499, 37.585650255144344 ], [ -6.50940839203499, 37.583834427371251 ], [ -6.510148608002498, 37.583834427371251 ], [ -6.510148608002498, 37.583380463507204 ], [ -6.510888823970006, 37.583380463507204 ], [ -6.510888823970006, 37.582926496874862 ], [ -6.51384968784004, 37.582926496874862 ], [ -6.51384968784004, 37.582472527474245 ], [ -6.515330119775057, 37.582472527474245 ], [ -6.515330119775057, 37.582018555305368 ], [ -6.514589903807549, 37.582018555305368 ], [ -6.514589903807549, 37.577932681215501 ], [ -6.515330119775057, 37.577932681215501 ], [ -6.515330119775057, 37.576116665203216 ], [ -6.516070335742565, 37.576116665203216 ], [ -6.516070335742565, 37.57566265427986 ], [ -6.516810551710074, 37.57566265427986 ], [ -6.516810551710074, 37.575208640588421 ], [ -6.517550767677582, 37.575208640588421 ], [ -6.517550767677582, 37.5747546241289 ], [ -6.518290983645089, 37.5747546241289 ], [ -6.518290983645089, 37.57430060490131 ], [ -6.519031199612598, 37.57430060490131 ], [ -6.519031199612598, 37.573846582905666 ], [ -6.520511631547615, 37.573846582905666 ], [ -6.520511631547615, 37.573392558141983 ], [ -6.521251847515123, 37.573392558141983 ], [ -6.521251847515123, 37.572938530610259 ], [ -6.519771415580108, 37.572938530610259 ], [ -6.519771415580108, 37.572484500310523 ], [ -6.519031199612598, 37.572484500310523 ], [ -6.519031199612598, 37.571576431407031 ], [ -6.518290983645089, 37.571576431407031 ], [ -6.518290983645089, 37.570668351431607 ], [ -6.517550767677582, 37.570668351431607 ], [ -6.517550767677582, 37.569760260384321 ], [ -6.516810551710074, 37.569760260384321 ], [ -6.516810551710074, 37.568852158265301 ], [ -6.516070335742565, 37.568852158265301 ], [ -6.516070335742565, 37.567944045074604 ], [ -6.515330119775057, 37.567944045074604 ], [ -6.515330119775057, 37.56658185452941 ], [ -6.514589903807549, 37.56658185452941 ], [ -6.514589903807549, 37.566127785478614 ], [ -6.513109471872531, 37.566127785478614 ], [ -6.513109471872531, 37.565673713659976 ], [ -6.512369255905024, 37.565673713659976 ], [ -6.512369255905024, 37.565219639073504 ], [ -6.511629039937516, 37.565219639073504 ], [ -6.511629039937516, 37.564765561719206 ], [ -6.510888823970006, 37.564765561719206 ], [ -6.510888823970006, 37.564311481597102 ], [ -6.510148608002498, 37.564311481597102 ], [ -6.510148608002498, 37.563857398707192 ], [ -6.50940839203499, 37.563857398707192 ], [ -6.50940839203499, 37.563403313049498 ], [ -6.508668176067482, 37.563403313049498 ], [ -6.508668176067482, 37.562949224624035 ], [ -6.507927960099973, 37.562949224624035 ], [ -6.507927960099973, 37.562495133430801 ], [ -6.502746448327415, 37.562495133430801 ], [ -6.502746448327415, 37.562949224624035 ], [ -6.502006232359907, 37.562949224624035 ], [ -6.502006232359907, 37.563857398707192 ], [ -6.501266016392399, 37.563857398707192 ], [ -6.501266016392399, 37.564311481597102 ], [ -6.50052580042489, 37.564311481597102 ], [ -6.50052580042489, 37.565219639073504 ], [ -6.499785584457381, 37.565219639073504 ], [ -6.499785584457381, 37.566127785478614 ], [ -6.499045368489874, 37.566127785478614 ], [ -6.499045368489874, 37.567035920812344 ], [ -6.498305152522366, 37.567035920812344 ], [ -6.498305152522366, 37.567944045074604 ], [ -6.497564936554856, 37.567944045074604 ], [ -6.497564936554856, 37.568398103053909 ], [ -6.49164320881479, 37.568398103053909 ], [ -6.49164320881479, 37.567944045074604 ], [ -6.490902992847282, 37.567944045074604 ], [ -6.490902992847282, 37.567489984327416 ], [ -6.490162776879773, 37.567489984327416 ], [ -6.490162776879773, 37.567035920812344 ], [ -6.489422560912264, 37.567035920812344 ], [ -6.489422560912264, 37.56658185452941 ], [ -6.487942128977249, 37.56658185452941 ], [ -6.487942128977249, 37.567035920812344 ], [ -6.48720191300974, 37.567035920812344 ], [ -6.48720191300974, 37.567489984327416 ], [ -6.486461697042232, 37.567489984327416 ], [ -6.486461697042232, 37.567944045074604 ], [ -6.485721481074724, 37.567944045074604 ], [ -6.485721481074724, 37.568852158265301 ], [ -6.484241049139707, 37.568852158265301 ], [ -6.484241049139707, 37.569306210708774 ], [ -6.483500833172198, 37.569306210708774 ], [ -6.483500833172198, 37.568852158265301 ], [ -6.48276061720469, 37.568852158265301 ], [ -6.48276061720469, 37.568398103053909 ], [ -6.481280185269673, 37.568398103053909 ], [ -6.481280185269673, 37.567944045074604 ], [ -6.480539969302165, 37.567944045074604 ], [ -6.480539969302165, 37.567489984327416 ], [ -6.479799753334656, 37.567489984327416 ], [ -6.479799753334656, 37.566127785478614 ], [ -6.479059537367148, 37.566127785478614 ], [ -6.479059537367148, 37.564311481597102 ], [ -6.47831932139964, 37.564311481597102 ], [ -6.47831932139964, 37.564765561719206 ], [ -6.476098673497115, 37.564765561719206 ], [ -6.476098673497115, 37.565219639073504 ], [ -6.473137809627081, 37.565219639073504 ], [ -6.473137809627081, 37.564311481597102 ], [ -6.472397593659574, 37.564311481597102 ], [ -6.472397593659574, 37.563403313049498 ], [ -6.471657377692065, 37.563403313049498 ], [ -6.471657377692065, 37.566127785478614 ], [ -6.470917161724556, 37.566127785478614 ], [ -6.470917161724556, 37.570668351431607 ], [ -6.470176945757049, 37.570668351431607 ], [ -6.470176945757049, 37.572484500310523 ], [ -6.46943672978954, 37.572484500310523 ], [ -6.46943672978954, 37.572938530610259 ], [ -6.468696513822032, 37.572938530610259 ], [ -6.468696513822032, 37.573846582905666 ], [ -6.467956297854524, 37.573846582905666 ], [ -6.467956297854524, 37.5747546241289 ], [ -6.467216081887016, 37.5747546241289 ], [ -6.467216081887016, 37.575208640588421 ], [ -6.465735649951998, 37.575208640588421 ], [ -6.465735649951998, 37.57566265427986 ], [ -6.46499543398449, 37.57566265427986 ], [ -6.46499543398449, 37.576116665203216 ], [ -6.464255218016982, 37.576116665203216 ], [ -6.464255218016982, 37.576570673358482 ], [ -6.463515002049473, 37.576570673358482 ], [ -6.463515002049473, 37.577024678745616 ], [ -6.457593274309406, 37.577024678745616 ], [ -6.457593274309406, 37.577478681364632 ], [ -6.456853058341898, 37.577478681364632 ], [ -6.456853058341898, 37.577932681215501 ], [ -6.456112842374391, 37.577932681215501 ], [ -6.456112842374391, 37.578386678298244 ], [ -6.455372626406882, 37.578386678298244 ], [ -6.455372626406882, 37.57884067261282 ], [ -6.454632410439373, 37.57884067261282 ], [ -6.454632410439373, 37.579294664159207 ], [ -6.452411762536848, 37.579294664159207 ], [ -6.452411762536848, 37.57884067261282 ], [ -6.451671546569341, 37.57884067261282 ], [ -6.451671546569341, 37.578386678298244 ], [ -6.450931330601832, 37.578386678298244 ], [ -6.450931330601832, 37.577478681364632 ], [ -6.450191114634324, 37.577478681364632 ], [ -6.450191114634324, 37.577024678745616 ], [ -6.449450898666815, 37.577024678745616 ], [ -6.449450898666815, 37.576570673358482 ], [ -6.448710682699307, 37.576570673358482 ], [ -6.448710682699307, 37.576116665203216 ], [ -6.447970466731798, 37.576116665203216 ], [ -6.447970466731798, 37.576570673358482 ], [ -6.445749818829274, 37.576570673358482 ], [ -6.445749818829274, 37.577024678745616 ], [ -6.443529170926749, 37.577024678745616 ], [ -6.443529170926749, 37.577478681364632 ], [ -6.441308523024224, 37.577478681364632 ], [ -6.441308523024224, 37.577932681215501 ], [ -6.43834765915419, 37.577932681215501 ], [ -6.43834765915419, 37.577478681364632 ], [ -6.436867227219174, 37.577478681364632 ], [ -6.436867227219174, 37.577024678745616 ], [ -6.436127011251665, 37.577024678745616 ], [ -6.436127011251665, 37.577478681364632 ], [ -6.435386795284157, 37.577478681364632 ], [ -6.435386795284157, 37.577932681215501 ], [ -6.434646579316649, 37.577932681215501 ], [ -6.434646579316649, 37.57974865293744 ], [ -6.43390636334914, 37.57974865293744 ], [ -6.43390636334914, 37.582472527474245 ], [ -6.433166147381632, 37.582472527474245 ], [ -6.433166147381632, 37.582926496874862 ], [ -6.432425931414123, 37.582926496874862 ], [ -6.432425931414123, 37.583380463507204 ], [ -6.430945499479106, 37.583380463507204 ], [ -6.430945499479106, 37.583834427371251 ], [ -6.430205283511597, 37.583834427371251 ], [ -6.430205283511597, 37.584288388467002 ], [ -6.428724851576582, 37.584288388467002 ], [ -6.428724851576582, 37.583834427371251 ], [ -6.427244419641565, 37.583834427371251 ], [ -6.427244419641565, 37.583380463507204 ], [ -6.426504203674057, 37.583380463507204 ], [ -6.426504203674057, 37.582926496874862 ], [ -6.425763987706548, 37.582926496874862 ], [ -6.425763987706548, 37.582472527474245 ], [ -6.425023771739041, 37.582472527474245 ], [ -6.425023771739041, 37.581564580368237 ], [ -6.424283555771532, 37.581564580368237 ], [ -6.424283555771532, 37.580202638947448 ], [ -6.423543339804024, 37.580202638947448 ], [ -6.423543339804024, 37.581110602662875 ], [ -6.422803123836515, 37.581110602662875 ], [ -6.422803123836515, 37.582018555305368 ], [ -6.422062907869006, 37.582018555305368 ], [ -6.422062907869006, 37.582472527474245 ], [ -6.419842259966481, 37.582472527474245 ], [ -6.419842259966481, 37.582018555305368 ], [ -6.417621612063957, 37.582018555305368 ], [ -6.417621612063957, 37.581564580368237 ], [ -6.415400964161432, 37.581564580368237 ], [ -6.415400964161432, 37.580202638947448 ], [ -6.414660748193924, 37.580202638947448 ], [ -6.414660748193924, 37.578386678298244 ], [ -6.413920532226415, 37.578386678298244 ], [ -6.413920532226415, 37.576570673358482 ], [ -6.414660748193924, 37.576570673358482 ], [ -6.414660748193924, 37.575208640588421 ], [ -6.415400964161432, 37.575208640588421 ], [ -6.415400964161432, 37.573846582905666 ], [ -6.41614118012894, 37.573846582905666 ], [ -6.41614118012894, 37.572938530610259 ], [ -6.415400964161432, 37.572938530610259 ], [ -6.415400964161432, 37.572030467242776 ], [ -6.414660748193924, 37.572030467242776 ], [ -6.414660748193924, 37.571576431407031 ], [ -6.413920532226415, 37.571576431407031 ], [ -6.413920532226415, 37.572030467242776 ], [ -6.412440100291398, 37.572030467242776 ], [ -6.412440100291398, 37.572484500310523 ], [ -6.411699884323889, 37.572484500310523 ], [ -6.411699884323889, 37.572938530610259 ], [ -6.410959668356382, 37.572938530610259 ], [ -6.410959668356382, 37.573392558141983 ], [ -6.409479236421364, 37.573392558141983 ], [ -6.409479236421364, 37.573846582905666 ], [ -6.40725858851884, 37.573846582905666 ], [ -6.40725858851884, 37.573392558141983 ], [ -6.406518372551331, 37.573392558141983 ], [ -6.406518372551331, 37.572938530610259 ], [ -6.405037940616315, 37.572938530610259 ], [ -6.405037940616315, 37.572484500310523 ], [ -6.404297724648807, 37.572484500310523 ], [ -6.404297724648807, 37.570214307291934 ], [ -6.403557508681298, 37.570214307291934 ], [ -6.403557508681298, 37.56658185452941 ], [ -6.40281729271379, 37.56658185452941 ], [ -6.40281729271379, 37.566127785478614 ], [ -6.402077076746282, 37.566127785478614 ], [ -6.402077076746282, 37.565219639073504 ], [ -6.401336860778773, 37.565219639073504 ], [ -6.401336860778773, 37.564765561719206 ], [ -6.400596644811265, 37.564765561719206 ], [ -6.400596644811265, 37.55840818814427 ], [ -6.399856428843757, 37.55840818814427 ], [ -6.399856428843757, 37.557499947636188 ], [ -6.399116212876249, 37.557499947636188 ], [ -6.399116212876249, 37.557045823230688 ], [ -6.39837599690874, 37.557045823230688 ], [ -6.39837599690874, 37.556591696057595 ], [ -6.397635780941232, 37.556591696057595 ], [ -6.397635780941232, 37.556137566116902 ], [ -6.396895564973724, 37.556137566116902 ], [ -6.396895564973724, 37.550687790959891 ], [ -6.397635780941232, 37.550687790959891 ], [ -6.397635780941232, 37.550233625041443 ], [ -6.39837599690874, 37.550233625041443 ], [ -6.39837599690874, 37.549779456355559 ], [ -6.399116212876249, 37.549779456355559 ], [ -6.399116212876249, 37.549325284902253 ], [ -6.399856428843757, 37.549325284902253 ], [ -6.399856428843757, 37.548871110681532 ], [ -6.400596644811265, 37.548871110681532 ], [ -6.400596644811265, 37.548416933693403 ], [ -6.401336860778773, 37.548416933693403 ], [ -6.401336860778773, 37.546146007242164 ], [ -6.400596644811265, 37.546146007242164 ], [ -6.400596644811265, 37.54342080417883 ], [ -6.401336860778773, 37.54342080417883 ], [ -6.401336860778773, 37.542512381019499 ], [ -6.402077076746282, 37.542512381019499 ], [ -6.402077076746282, 37.541603946791213 ], [ -6.40281729271379, 37.541603946791213 ], [ -6.40281729271379, 37.541149725526246 ], [ -6.403557508681298, 37.541149725526246 ], [ -6.403557508681298, 37.540241274694701 ], [ -6.404297724648807, 37.540241274694701 ], [ -6.404297724648807, 37.539332812794434 ], [ -6.405037940616315, 37.539332812794434 ], [ -6.405037940616315, 37.538424339825546 ], [ -6.405778156583824, 37.538424339825546 ], [ -6.405778156583824, 37.537515855788129 ], [ -6.406518372551331, 37.537515855788129 ], [ -6.406518372551331, 37.537061609618732 ], [ -6.40725858851884, 37.537061609618732 ], [ -6.40725858851884, 37.536153108978688 ], [ -6.407998804486349, 37.536153108978688 ], [ -6.407998804486349, 37.534790337265591 ], [ -6.40725858851884, 37.534790337265591 ], [ -6.40725858851884, 37.533881808954966 ], [ -6.406518372551331, 37.533881808954966 ], [ -6.406518372551331, 37.532973269576274 ], [ -6.405778156583824, 37.532973269576274 ], [ -6.405778156583824, 37.532064719129615 ], [ -6.405037940616315, 37.532064719129615 ], [ -6.405037940616315, 37.529793294591194 ], [ -6.405778156583824, 37.529793294591194 ], [ -6.405778156583824, 37.528430406665116 ], [ -6.406518372551331, 37.528430406665116 ], [ -6.406518372551331, 37.527521800879995 ], [ -6.40725858851884, 37.527521800879995 ], [ -6.40725858851884, 37.526158871450953 ], [ -6.407998804486349, 37.526158871450953 ], [ -6.407998804486349, 37.525704556107634 ], [ -6.412440100291398, 37.525704556107634 ], [ -6.412440100291398, 37.525250237997497 ], [ -6.413180316258907, 37.525250237997497 ], [ -6.413180316258907, 37.524341593476848 ], [ -6.413920532226415, 37.524341593476848 ], [ -6.413920532226415, 37.523887267066364 ], [ -6.414660748193924, 37.523887267066364 ], [ -6.414660748193924, 37.523432937889133 ], [ -6.419842259966481, 37.523432937889133 ], [ -6.419842259966481, 37.524341593476848 ], [ -6.42058247593399, 37.524341593476848 ], [ -6.42058247593399, 37.525250237997497 ], [ -6.421322691901498, 37.525250237997497 ], [ -6.421322691901498, 37.526613184027468 ], [ -6.422062907869006, 37.526613184027468 ], [ -6.422062907869006, 37.527521800879995 ], [ -6.422803123836515, 37.527521800879995 ], [ -6.422803123836515, 37.529339001382738 ], [ -6.422062907869006, 37.529339001382738 ], [ -6.422062907869006, 37.531156157615072 ], [ -6.423543339804024, 37.531156157615072 ], [ -6.423543339804024, 37.530701872707375 ], [ -6.424283555771532, 37.530701872707375 ], [ -6.424283555771532, 37.530247585032754 ], [ -6.425763987706548, 37.530247585032754 ], [ -6.425763987706548, 37.529793294591194 ], [ -6.427244419641565, 37.529793294591194 ], [ -6.427244419641565, 37.529339001382738 ], [ -6.427984635609074, 37.529339001382738 ], [ -6.427984635609074, 37.528884705407378 ], [ -6.42946506754409, 37.528884705407378 ], [ -6.42946506754409, 37.528430406665116 ], [ -6.430205283511597, 37.528430406665116 ], [ -6.430205283511597, 37.527976105155993 ], [ -6.431685715446616, 37.527976105155993 ], [ -6.431685715446616, 37.525250237997497 ], [ -6.432425931414123, 37.525250237997497 ], [ -6.432425931414123, 37.524341593476848 ], [ -6.433166147381632, 37.524341593476848 ], [ -6.433166147381632, 37.523432937889133 ], [ -6.43390636334914, 37.523432937889133 ], [ -6.43390636334914, 37.522978605945134 ], [ -6.434646579316649, 37.522978605945134 ], [ -6.434646579316649, 37.522524271234403 ], [ -6.437607443186681, 37.522524271234403 ], [ -6.437607443186681, 37.522978605945134 ], [ -6.440568307056715, 37.522978605945134 ], [ -6.440568307056715, 37.523432937889133 ], [ -6.441308523024224, 37.523432937889133 ], [ -6.441308523024224, 37.524341593476848 ], [ -6.442048738991732, 37.524341593476848 ], [ -6.442048738991732, 37.524795917120557 ], [ -6.44278895495924, 37.524795917120557 ], [ -6.44278895495924, 37.525704556107634 ], [ -6.443529170926749, 37.525704556107634 ], [ -6.443529170926749, 37.524795917120557 ], [ -6.444269386894257, 37.524795917120557 ], [ -6.444269386894257, 37.524341593476848 ], [ -6.445009602861765, 37.524341593476848 ], [ -6.445009602861765, 37.523887267066364 ], [ -6.450191114634324, 37.523887267066364 ], [ -6.450191114634324, 37.523432937889133 ], [ -6.450931330601832, 37.523432937889133 ], [ -6.450931330601832, 37.522978605945134 ], [ -6.451671546569341, 37.522978605945134 ], [ -6.451671546569341, 37.522524271234403 ], [ -6.452411762536848, 37.522524271234403 ], [ -6.452411762536848, 37.522069933756967 ], [ -6.453151978504357, 37.522069933756967 ], [ -6.453151978504357, 37.521615593512799 ], [ -6.453892194471866, 37.521615593512799 ], [ -6.453892194471866, 37.521161250501933 ], [ -6.455372626406882, 37.521161250501933 ], [ -6.455372626406882, 37.521615593512799 ], [ -6.456112842374391, 37.521615593512799 ], [ -6.456112842374391, 37.522069933756967 ], [ -6.457593274309406, 37.522069933756967 ], [ -6.457593274309406, 37.522524271234403 ], [ -6.458333490276916, 37.522524271234403 ], [ -6.458333490276916, 37.522978605945134 ], [ -6.46055413817944, 37.522978605945134 ], [ -6.46055413817944, 37.522069933756967 ], [ -6.461294354146948, 37.522069933756967 ], [ -6.461294354146948, 37.521161250501933 ], [ -6.462034570114457, 37.521161250501933 ], [ -6.462034570114457, 37.520252556180161 ], [ -6.462774786081965, 37.520252556180161 ], [ -6.462774786081965, 37.519798204869268 ], [ -6.46499543398449, 37.519798204869268 ], [ -6.46499543398449, 37.519343850791721 ], [ -6.467216081887016, 37.519343850791721 ], [ -6.467216081887016, 37.51888949394754 ], [ -6.467956297854524, 37.51888949394754 ], [ -6.467956297854524, 37.51843513433672 ], [ -6.468696513822032, 37.51843513433672 ], [ -6.468696513822032, 37.517980771959287 ], [ -6.46943672978954, 37.517980771959287 ], [ -6.46943672978954, 37.517526406815243 ], [ -6.470176945757049, 37.517526406815243 ], [ -6.470176945757049, 37.516617668227383 ], [ -6.470917161724556, 37.516617668227383 ], [ -6.470917161724556, 37.516163294783595 ], [ -6.471657377692065, 37.516163294783595 ], [ -6.471657377692065, 37.513891386066483 ], [ -6.472397593659574, 37.513891386066483 ], [ -6.472397593659574, 37.512073809295714 ], [ -6.473137809627081, 37.512073809295714 ], [ -6.473137809627081, 37.51161940818686 ], [ -6.474618241562099, 37.51161940818686 ], [ -6.474618241562099, 37.511165004311565 ], [ -6.476098673497115, 37.511165004311565 ], [ -6.476098673497115, 37.510710597669828 ], [ -6.477579105432133, 37.510710597669828 ], [ -6.477579105432133, 37.509801776087116 ], [ -6.47831932139964, 37.509801776087116 ], [ -6.47831932139964, 37.508892943438838 ], [ -6.479059537367148, 37.508892943438838 ], [ -6.479059537367148, 37.507984099725057 ], [ -6.479799753334656, 37.507984099725057 ], [ -6.479799753334656, 37.507075244945895 ], [ -6.480539969302165, 37.507075244945895 ], [ -6.480539969302165, 37.506620813406819 ], [ -6.481280185269673, 37.506620813406819 ], [ -6.481280185269673, 37.50616637910143 ], [ -6.48276061720469, 37.50616637910143 ], [ -6.48276061720469, 37.505711942029741 ], [ -6.484241049139707, 37.505711942029741 ], [ -6.484241049139707, 37.505257502191753 ], [ -6.484981265107216, 37.505257502191753 ], [ -6.484981265107216, 37.504803059587495 ], [ -6.485721481074724, 37.504803059587495 ], [ -6.485721481074724, 37.500712951668618 ], [ -6.484981265107216, 37.500712951668618 ], [ -6.484981265107216, 37.496622619690761 ], [ -6.484241049139707, 37.496622619690761 ], [ -6.484241049139707, 37.495259125908731 ], [ -6.483500833172198, 37.495259125908731 ], [ -6.483500833172198, 37.494804622449344 ], [ -6.48276061720469, 37.494804622449344 ], [ -6.48276061720469, 37.494350116223934 ], [ -6.481280185269673, 37.494350116223934 ], [ -6.481280185269673, 37.493895607232531 ], [ -6.480539969302165, 37.493895607232531 ], [ -6.480539969302165, 37.494350116223934 ], [ -6.479799753334656, 37.494350116223934 ], [ -6.479799753334656, 37.494804622449344 ], [ -6.479059537367148, 37.494804622449344 ], [ -6.479059537367148, 37.495259125908731 ], [ -6.47831932139964, 37.495259125908731 ], [ -6.47831932139964, 37.495713626602111 ], [ -6.477579105432133, 37.495713626602111 ], [ -6.477579105432133, 37.496168124529454 ], [ -6.476838889464624, 37.496168124529454 ], [ -6.476838889464624, 37.496622619690761 ], [ -6.475358457529607, 37.496622619690761 ], [ -6.475358457529607, 37.496168124529454 ], [ -6.474618241562099, 37.496168124529454 ], [ -6.474618241562099, 37.495713626602111 ], [ -6.473137809627081, 37.495713626602111 ], [ -6.473137809627081, 37.495259125908731 ], [ -6.472397593659574, 37.495259125908731 ], [ -6.472397593659574, 37.494804622449344 ], [ -6.471657377692065, 37.494804622449344 ], [ -6.471657377692065, 37.492986580951801 ], [ -6.470917161724556, 37.492986580951801 ], [ -6.470917161724556, 37.488895825774819 ], [ -6.471657377692065, 37.488895825774819 ], [ -6.471657377692065, 37.487986738644132 ], [ -6.470917161724556, 37.487986738644132 ], [ -6.470917161724556, 37.487532190930025 ], [ -6.470176945757049, 37.487532190930025 ], [ -6.470176945757049, 37.487077640450103 ], [ -6.46943672978954, 37.487077640450103 ], [ -6.46943672978954, 37.486623087204379 ], [ -6.468696513822032, 37.486623087204379 ], [ -6.468696513822032, 37.485713972415553 ], [ -6.467956297854524, 37.485713972415553 ], [ -6.467956297854524, 37.485259410872473 ], [ -6.467216081887016, 37.485259410872473 ], [ -6.467216081887016, 37.484804846563641 ], [ -6.466475865919507, 37.484804846563641 ], [ -6.466475865919507, 37.48435027948905 ], [ -6.465735649951998, 37.48435027948905 ], [ -6.465735649951998, 37.483441137042682 ], [ -6.46499543398449, 37.483441137042682 ], [ -6.46499543398449, 37.48298656167092 ], [ -6.464255218016982, 37.48298656167092 ], [ -6.464255218016982, 37.48253198353347 ], [ -6.463515002049473, 37.48253198353347 ], [ -6.463515002049473, 37.482077402630317 ], [ -6.462774786081965, 37.482077402630317 ], [ -6.462774786081965, 37.478895258869954 ], [ -6.462034570114457, 37.478895258869954 ], [ -6.462034570114457, 37.475258357208354 ], [ -6.462774786081965, 37.475258357208354 ], [ -6.462774786081965, 37.474803732055783 ], [ -6.463515002049473, 37.474803732055783 ], [ -6.463515002049473, 37.473894473454173 ], [ -6.464255218016982, 37.473894473454173 ], [ -6.464255218016982, 37.472985203790699 ], [ -6.465735649951998, 37.472985203790699 ], [ -6.465735649951998, 37.47253056481081 ], [ -6.467216081887016, 37.47253056481081 ], [ -6.467216081887016, 37.472075923065468 ], [ -6.468696513822032, 37.472075923065468 ], [ -6.468696513822032, 37.471621278554707 ], [ -6.470176945757049, 37.471621278554707 ], [ -6.470176945757049, 37.471166631278564 ], [ -6.471657377692065, 37.471166631278564 ], [ -6.471657377692065, 37.470711981237002 ], [ -6.473137809627081, 37.470711981237002 ], [ -6.473137809627081, 37.470257328430087 ], [ -6.474618241562099, 37.470257328430087 ], [ -6.474618241562099, 37.469802672857774 ], [ -6.476098673497115, 37.469802672857774 ], [ -6.476098673497115, 37.469348014520115 ], [ -6.477579105432133, 37.469348014520115 ], [ -6.477579105432133, 37.468893353417101 ], [ -6.479059537367148, 37.468893353417101 ], [ -6.479059537367148, 37.469348014520115 ], [ -6.484981265107216, 37.469348014520115 ], [ -6.484981265107216, 37.469802672857774 ], [ -6.486461697042232, 37.469802672857774 ], [ -6.486461697042232, 37.470257328430087 ], [ -6.48720191300974, 37.470257328430087 ], [ -6.48720191300974, 37.471166631278564 ], [ -6.487942128977249, 37.471166631278564 ], [ -6.487942128977249, 37.472075923065468 ], [ -6.488682344944757, 37.472075923065468 ], [ -6.488682344944757, 37.466165328727406 ], [ -6.489422560912264, 37.466165328727406 ], [ -6.489422560912264, 37.465710648267304 ], [ -6.490162776879773, 37.465710648267304 ], [ -6.490162776879773, 37.464801279051336 ], [ -6.490902992847282, 37.464801279051336 ], [ -6.490902992847282, 37.464346590295499 ], [ -6.49164320881479, 37.464346590295499 ], [ -6.49164320881479, 37.463891898774442 ], [ -6.494604072684823, 37.463891898774442 ], [ -6.494604072684823, 37.462982507436742 ], [ -6.495344288652332, 37.462982507436742 ], [ -6.495344288652332, 37.462073105038307 ], [ -6.496084504619841, 37.462073105038307 ], [ -6.496084504619841, 37.461163691579245 ], [ -6.496824720587348, 37.461163691579245 ], [ -6.496824720587348, 37.460254267059653 ], [ -6.497564936554856, 37.460254267059653 ], [ -6.497564936554856, 37.459344831479605 ], [ -6.498305152522366, 37.459344831479605 ], [ -6.498305152522366, 37.458435384839206 ], [ -6.499045368489874, 37.458435384839206 ], [ -6.499045368489874, 37.457525927138562 ], [ -6.499785584457381, 37.457525927138562 ], [ -6.499785584457381, 37.456616458377752 ], [ -6.501266016392399, 37.456616458377752 ], [ -6.501266016392399, 37.456161719849817 ], [ -6.502746448327415, 37.456161719849817 ], [ -6.502746448327415, 37.455706978556883 ], [ -6.50496709622994, 37.455706978556883 ], [ -6.50496709622994, 37.45525223449895 ], [ -6.506447528164957, 37.45525223449895 ], [ -6.506447528164957, 37.455706978556883 ], [ -6.507187744132465, 37.455706978556883 ], [ -6.507187744132465, 37.456161719849817 ], [ -6.507927960099973, 37.456161719849817 ], [ -6.507927960099973, 37.456616458377752 ], [ -6.50940839203499, 37.456616458377752 ], [ -6.50940839203499, 37.457071194140674 ], [ -6.510888823970006, 37.457071194140674 ], [ -6.510888823970006, 37.456616458377752 ], [ -6.514589903807549, 37.456616458377752 ], [ -6.514589903807549, 37.457525927138562 ], [ -6.515330119775057, 37.457525927138562 ], [ -6.515330119775057, 37.458435384839206 ], [ -6.516070335742565, 37.458435384839206 ], [ -6.516070335742565, 37.459799550652178 ], [ -6.516810551710074, 37.459799550652178 ], [ -6.516810551710074, 37.461163691579245 ], [ -6.518290983645089, 37.461163691579245 ], [ -6.518290983645089, 37.460708980702009 ], [ -6.520511631547615, 37.460708980702009 ], [ -6.520511631547615, 37.461163691579245 ], [ -6.521251847515123, 37.461163691579245 ], [ -6.521251847515123, 37.461618399691353 ], [ -6.521992063482632, 37.461618399691353 ], [ -6.521992063482632, 37.462073105038307 ], [ -6.522732279450141, 37.462073105038307 ], [ -6.522732279450141, 37.462527807620113 ], [ -6.523472495417648, 37.462527807620113 ], [ -6.523472495417648, 37.462982507436742 ], [ -6.524212711385157, 37.462982507436742 ], [ -6.524212711385157, 37.463891898774442 ], [ -6.52717357525519, 37.463891898774442 ], [ -6.52717357525519, 37.464346590295499 ], [ -6.533095302995257, 37.464346590295499 ], [ -6.533095302995257, 37.463891898774442 ], [ -6.533835518962765, 37.463891898774442 ], [ -6.533835518962765, 37.462073105038307 ], [ -6.534575734930274, 37.462073105038307 ], [ -6.534575734930274, 37.460708980702009 ], [ -6.53605616686529, 37.460708980702009 ], [ -6.53605616686529, 37.460254267059653 ], [ -6.536796382832798, 37.460254267059653 ], [ -6.536796382832798, 37.459799550652178 ], [ -6.538276814767816, 37.459799550652178 ], [ -6.538276814767816, 37.459344831479605 ], [ -6.539757246702831, 37.459344831479605 ], [ -6.539757246702831, 37.459799550652178 ], [ -6.54049746267034, 37.459799550652178 ], [ -6.54049746267034, 37.460254267059653 ], [ -6.541977894605356, 37.460254267059653 ], [ -6.541977894605356, 37.460708980702009 ], [ -6.542718110572865, 37.460708980702009 ], [ -6.542718110572865, 37.461163691579245 ], [ -6.543458326540374, 37.461163691579245 ], [ -6.543458326540374, 37.462073105038307 ], [ -6.544198542507881, 37.462073105038307 ], [ -6.544198542507881, 37.462982507436742 ], [ -6.54493875847539, 37.462982507436742 ], [ -6.54493875847539, 37.461163691579245 ], [ -6.545678974442899, 37.461163691579245 ], [ -6.545678974442899, 37.459344831479605 ], [ -6.547159406377915, 37.459344831479605 ], [ -6.547159406377915, 37.458890109541947 ], [ -6.550120270247948, 37.458890109541947 ], [ -6.550120270247948, 37.458435384839206 ], [ -6.552340918150473, 37.458435384839206 ], [ -6.552340918150473, 37.458890109541947 ], [ -6.553081134117982, 37.458890109541947 ], [ -6.553081134117982, 37.459344831479605 ], [ -6.55382135008549, 37.459344831479605 ], [ -6.55382135008549, 37.460254267059653 ], [ -6.554561566052999, 37.460254267059653 ], [ -6.554561566052999, 37.461163691579245 ], [ -6.555301782020508, 37.461163691579245 ], [ -6.555301782020508, 37.460708980702009 ], [ -6.556041997988016, 37.460708980702009 ], [ -6.556041997988016, 37.459344831479605 ], [ -6.555301782020508, 37.459344831479605 ], [ -6.555301782020508, 37.457980657371415 ], [ -6.554561566052999, 37.457980657371415 ], [ -6.554561566052999, 37.457071194140674 ], [ -6.55382135008549, 37.457071194140674 ], [ -6.55382135008549, 37.455706978556883 ], [ -6.553081134117982, 37.455706978556883 ], [ -6.553081134117982, 37.454342738088158 ], [ -6.55382135008549, 37.454342738088158 ], [ -6.55382135008549, 37.452523712087178 ], [ -6.554561566052999, 37.452523712087178 ], [ -6.554561566052999, 37.450249867375589 ], [ -6.555301782020508, 37.450249867375589 ], [ -6.555301782020508, 37.448885527370336 ], [ -6.556041997988016, 37.448885527370336 ], [ -6.556041997988016, 37.448430741838926 ], [ -6.557522429923032, 37.448430741838926 ], [ -6.557522429923032, 37.447975953542731 ], [ -6.559002861858048, 37.447975953542731 ], [ -6.559002861858048, 37.447521162481735 ], [ -6.560483293793064, 37.447521162481735 ], [ -6.560483293793064, 37.447066368655967 ], [ -6.56270394169559, 37.447066368655967 ], [ -6.56270394169559, 37.446611572065422 ], [ -6.564184373630607, 37.446611572065422 ], [ -6.564184373630607, 37.446156772710133 ], [ -6.566405021533132, 37.446156772710133 ], [ -6.566405021533132, 37.445701970590093 ], [ -6.569365885403165, 37.445701970590093 ], [ -6.569365885403165, 37.446156772710133 ], [ -6.570106101370673, 37.446156772710133 ], [ -6.570106101370673, 37.444792358055828 ], [ -6.569365885403165, 37.444792358055828 ], [ -6.569365885403165, 37.441608627098212 ], [ -6.570106101370673, 37.441608627098212 ], [ -6.570106101370673, 37.441153797331388 ], [ -6.570846317338182, 37.441153797331388 ], [ -6.570846317338182, 37.440244129503903 ], [ -6.57158653330569, 37.440244129503903 ], [ -6.57158653330569, 37.439334450618077 ], [ -6.577508261045756, 37.439334450618077 ], [ -6.577508261045756, 37.439789291443276 ], [ -6.578248477013265, 37.439789291443276 ], [ -6.578248477013265, 37.440244129503903 ], [ -6.578988692980774, 37.440244129503903 ], [ -6.578988692980774, 37.439789291443276 ], [ -6.579728908948282, 37.439789291443276 ], [ -6.579728908948282, 37.438879607028298 ], [ -6.580469124915791, 37.438879607028298 ], [ -6.580469124915791, 37.437969911555093 ], [ -6.581209340883299, 37.437969911555093 ], [ -6.581209340883299, 37.434785890316803 ], [ -6.580469124915791, 37.434785890316803 ], [ -6.580469124915791, 37.432056621441795 ], [ -6.581209340883299, 37.432056621441795 ], [ -6.581209340883299, 37.430691949685063 ], [ -6.581949556850808, 37.430691949685063 ], [ -6.581949556850808, 37.429782154692184 ], [ -6.582689772818315, 37.429782154692184 ], [ -6.582689772818315, 37.428872348642038 ], [ -6.583429988785824, 37.428872348642038 ], [ -6.583429988785824, 37.427962531534725 ], [ -6.588611500558382, 37.427962531534725 ], [ -6.588611500558382, 37.428417441470515 ], [ -6.58935171652589, 37.428417441470515 ], [ -6.58935171652589, 37.428872348642038 ], [ -6.590091932493399, 37.428872348642038 ], [ -6.590091932493399, 37.429327253049266 ], [ -6.590832148460907, 37.429327253049266 ], [ -6.590832148460907, 37.429782154692184 ], [ -6.591572364428415, 37.429782154692184 ], [ -6.591572364428415, 37.430237053570792 ], [ -6.592312580395924, 37.430237053570792 ], [ -6.592312580395924, 37.430691949685063 ], [ -6.593052796363432, 37.430691949685063 ], [ -6.593052796363432, 37.431146843034995 ], [ -6.59379301233094, 37.431146843034995 ], [ -6.59379301233094, 37.431601733620589 ], [ -6.594533228298449, 37.431601733620589 ], [ -6.594533228298449, 37.432056621441795 ], [ -6.595273444265957, 37.432056621441795 ], [ -6.595273444265957, 37.431601733620589 ], [ -6.597494092168482, 37.431601733620589 ], [ -6.597494092168482, 37.431146843034995 ], [ -6.598974524103498, 37.431146843034995 ], [ -6.598974524103498, 37.430691949685063 ], [ -6.599714740071007, 37.430691949685063 ], [ -6.599714740071007, 37.430237053570792 ], [ -6.600454956038516, 37.430237053570792 ], [ -6.600454956038516, 37.429782154692184 ], [ -6.601195172006023, 37.429782154692184 ], [ -6.601195172006023, 37.425233013870681 ], [ -6.601935387973532, 37.425233013870681 ], [ -6.601935387973532, 37.423413280143862 ], [ -6.602675603941041, 37.423413280143862 ], [ -6.602675603941041, 37.421593502190646 ], [ -6.603415819908549, 37.421593502190646 ], [ -6.603415819908549, 37.420683596629367 ], [ -6.604896251843566, 37.420683596629367 ], [ -6.604896251843566, 37.420228639702607 ], [ -6.605636467811074, 37.420228639702607 ], [ -6.605636467811074, 37.419773680011772 ], [ -6.607116899746091, 37.419773680011772 ], [ -6.607116899746091, 37.419318717556898 ], [ -6.608597331681107, 37.419318717556898 ], [ -6.608597331681107, 37.419773680011772 ], [ -6.609337547648615, 37.419773680011772 ], [ -6.609337547648615, 37.420228639702607 ], [ -6.610817979583632, 37.420228639702607 ], [ -6.610817979583632, 37.420683596629367 ], [ -6.612298411518648, 37.420683596629367 ], [ -6.612298411518648, 37.420228639702607 ], [ -6.614519059421173, 37.420228639702607 ], [ -6.614519059421173, 37.419773680011772 ], [ -6.617479923291206, 37.419773680011772 ], [ -6.617479923291206, 37.420228639702607 ], [ -6.618220139258716, 37.420228639702607 ], [ -6.618220139258716, 37.421138550792051 ], [ -6.618960355226224, 37.421138550792051 ], [ -6.618960355226224, 37.422048450825137 ], [ -6.619700571193732, 37.422048450825137 ], [ -6.619700571193732, 37.428417441470515 ], [ -6.618960355226224, 37.428417441470515 ], [ -6.618960355226224, 37.431146843034995 ], [ -6.619700571193732, 37.431146843034995 ], [ -6.619700571193732, 37.431601733620589 ], [ -6.62044078716124, 37.431601733620589 ], [ -6.62044078716124, 37.432056621441795 ], [ -6.621921219096257, 37.432056621441795 ], [ -6.621921219096257, 37.432511506498649 ], [ -6.622661435063764, 37.432511506498649 ], [ -6.622661435063764, 37.433876145082792 ], [ -6.623401651031274, 37.433876145082792 ], [ -6.623401651031274, 37.435695624493015 ], [ -6.624141866998782, 37.435695624493015 ], [ -6.624141866998782, 37.437060205023776 ], [ -6.623401651031274, 37.437060205023776 ], [ -6.623401651031274, 37.438424760673961 ], [ -6.622661435063764, 37.438424760673961 ], [ -6.622661435063764, 37.440244129503903 ], [ -6.621921219096257, 37.440244129503903 ], [ -6.621921219096257, 37.442063454100413 ], [ -6.621181003128749, 37.442063454100413 ], [ -6.621181003128749, 37.442518278337978 ], [ -6.619700571193732, 37.442518278337978 ], [ -6.619700571193732, 37.442973099810885 ], [ -6.618960355226224, 37.442973099810885 ], [ -6.618960355226224, 37.443882734462726 ], [ -6.619700571193732, 37.443882734462726 ], [ -6.619700571193732, 37.444337547641624 ], [ -6.624141866998782, 37.444337547641624 ], [ -6.624141866998782, 37.443882734462726 ], [ -6.62488208296629, 37.443882734462726 ], [ -6.62488208296629, 37.443427918519149 ], [ -6.625622298933799, 37.443427918519149 ], [ -6.625622298933799, 37.442973099810885 ], [ -6.626362514901308, 37.442973099810885 ], [ -6.626362514901308, 37.442518278337978 ], [ -6.627102730868816, 37.442518278337978 ], [ -6.627102730868816, 37.442063454100413 ], [ -6.627842946836323, 37.442063454100413 ], [ -6.627842946836323, 37.441608627098212 ], [ -6.628583162803833, 37.441608627098212 ], [ -6.628583162803833, 37.441153797331388 ], [ -6.630063594738848, 37.441153797331388 ], [ -6.630063594738848, 37.441608627098212 ], [ -6.630803810706356, 37.441608627098212 ], [ -6.630803810706356, 37.442063454100413 ], [ -6.632284242641373, 37.442063454100413 ], [ -6.632284242641373, 37.442518278337978 ], [ -6.633024458608882, 37.442518278337978 ], [ -6.633024458608882, 37.443427918519149 ], [ -6.633764674576391, 37.443427918519149 ], [ -6.633764674576391, 37.446611572065422 ], [ -6.635245106511407, 37.446611572065422 ], [ -6.635245106511407, 37.446156772710133 ], [ -6.635985322478916, 37.446156772710133 ], [ -6.635985322478916, 37.445701970590093 ], [ -6.636725538446425, 37.445701970590093 ], [ -6.636725538446425, 37.445247165705318 ], [ -6.637465754413932, 37.445247165705318 ], [ -6.637465754413932, 37.444792358055828 ], [ -6.639686402316457, 37.444792358055828 ], [ -6.639686402316457, 37.445247165705318 ], [ -6.640426618283965, 37.445247165705318 ], [ -6.640426618283965, 37.445701970590093 ], [ -6.641166834251473, 37.445701970590093 ], [ -6.641166834251473, 37.446156772710133 ], [ -6.641907050218983, 37.446156772710133 ], [ -6.641907050218983, 37.446611572065422 ], [ -6.646348346024031, 37.446611572065422 ], [ -6.646348346024031, 37.445701970590093 ], [ -6.647088561991541, 37.445701970590093 ], [ -6.647088561991541, 37.445247165705318 ], [ -6.647828777959049, 37.445247165705318 ], [ -6.647828777959049, 37.444792358055828 ], [ -6.648568993926556, 37.444792358055828 ], [ -6.648568993926556, 37.443882734462726 ], [ -6.653750505699115, 37.443882734462726 ], [ -6.653750505699115, 37.441153797331388 ], [ -6.654490721666624, 37.441153797331388 ], [ -6.654490721666624, 37.438879607028298 ], [ -6.65597115360164, 37.438879607028298 ], [ -6.65597115360164, 37.438424760673961 ], [ -6.656711369569148, 37.438424760673961 ], [ -6.656711369569148, 37.437969911555093 ], [ -6.658191801504165, 37.437969911555093 ], [ -6.658191801504165, 37.437515059671689 ], [ -6.659672233439182, 37.437515059671689 ], [ -6.659672233439182, 37.437969911555093 ], [ -6.660412449406691, 37.437969911555093 ], [ -6.660412449406691, 37.438424760673961 ], [ -6.661152665374199, 37.438424760673961 ], [ -6.661152665374199, 37.438879607028298 ], [ -6.661892881341707, 37.438879607028298 ], [ -6.661892881341707, 37.439334450618077 ], [ -6.662633097309216, 37.439334450618077 ], [ -6.662633097309216, 37.439789291443276 ], [ -6.668554825049283, 37.439789291443276 ], [ -6.668554825049283, 37.440244129503903 ], [ -6.669295041016791, 37.440244129503903 ], [ -6.669295041016791, 37.440698964799942 ], [ -6.670035256984298, 37.440698964799942 ], [ -6.670035256984298, 37.441153797331388 ], [ -6.670775472951807, 37.441153797331388 ], [ -6.670775472951807, 37.442063454100413 ], [ -6.671515688919316, 37.442063454100413 ], [ -6.671515688919316, 37.442518278337978 ], [ -6.672255904886823, 37.442518278337978 ], [ -6.672255904886823, 37.442973099810885 ], [ -6.672996120854332, 37.442973099810885 ], [ -6.672996120854332, 37.443882734462726 ], [ -6.673736336821841, 37.443882734462726 ], [ -6.673736336821841, 37.444337547641624 ], [ -6.674476552789348, 37.444337547641624 ], [ -6.674476552789348, 37.444792358055828 ], [ -6.675216768756857, 37.444792358055828 ], [ -6.675216768756857, 37.445247165705318 ], [ -6.675956984724365, 37.445247165705318 ], [ -6.675956984724365, 37.446156772710133 ], [ -6.676697200691875, 37.446156772710133 ], [ -6.676697200691875, 37.446611572065422 ], [ -6.677437416659382, 37.446611572065422 ], [ -6.677437416659382, 37.445247165705318 ], [ -6.678177632626891, 37.445247165705318 ], [ -6.678177632626891, 37.444337547641624 ], [ -6.678917848594399, 37.444337547641624 ], [ -6.678917848594399, 37.443882734462726 ], [ -6.679658064561907, 37.443882734462726 ], [ -6.679658064561907, 37.443427918519149 ], [ -6.681138496496924, 37.443427918519149 ], [ -6.681138496496924, 37.442973099810885 ], [ -6.683359144399449, 37.442973099810885 ], [ -6.683359144399449, 37.443427918519149 ], [ -6.684099360366957, 37.443427918519149 ], [ -6.684099360366957, 37.443882734462726 ], [ -6.684839576334466, 37.443882734462726 ], [ -6.684839576334466, 37.444337547641624 ], [ -6.685579792301974, 37.444337547641624 ], [ -6.685579792301974, 37.445247165705318 ], [ -6.686320008269483, 37.445247165705318 ], [ -6.686320008269483, 37.445701970590093 ], [ -6.687060224236991, 37.445701970590093 ], [ -6.687060224236991, 37.446156772710133 ], [ -6.687800440204499, 37.446156772710133 ], [ -6.687800440204499, 37.446611572065422 ], [ -6.688540656172008, 37.446611572065422 ], [ -6.688540656172008, 37.447066368655967 ], [ -6.692981951977057, 37.447066368655967 ], [ -6.692981951977057, 37.447521162481735 ], [ -6.693722167944566, 37.447521162481735 ], [ -6.693722167944566, 37.448430741838926 ], [ -6.694462383912074, 37.448430741838926 ], [ -6.694462383912074, 37.449340310136911 ], [ -6.695202599879583, 37.449340310136911 ], [ -6.695202599879583, 37.449795090138664 ], [ -6.695942815847092, 37.449795090138664 ], [ -6.695942815847092, 37.450704641847658 ], [ -6.696683031814599, 37.450704641847658 ], [ -6.696683031814599, 37.451614182497188 ], [ -6.697423247782107, 37.451614182497188 ], [ -6.697423247782107, 37.452068948674636 ], [ -6.698163463749615, 37.452068948674636 ], [ -6.698163463749615, 37.45297847273482 ], [ -6.698903679717124, 37.45297847273482 ], [ -6.698903679717124, 37.456161719849817 ], [ -6.699643895684632, 37.456161719849817 ], [ -6.699643895684632, 37.455706978556883 ], [ -6.701124327619648, 37.455706978556883 ], [ -6.701124327619648, 37.45525223449895 ], [ -6.701864543587157, 37.45525223449895 ], [ -6.701864543587157, 37.454797487676046 ], [ -6.703344975522174, 37.454797487676046 ], [ -6.703344975522174, 37.45525223449895 ], [ -6.704085191489683, 37.45525223449895 ], [ -6.704085191489683, 37.455706978556883 ], [ -6.704825407457191, 37.455706978556883 ], [ -6.704825407457191, 37.456161719849817 ], [ -6.705565623424699, 37.456161719849817 ], [ -6.705565623424699, 37.456616458377752 ], [ -6.706305839392207, 37.456616458377752 ], [ -6.706305839392207, 37.457071194140674 ], [ -6.707046055359716, 37.457071194140674 ], [ -6.707046055359716, 37.457525927138562 ], [ -6.707786271327224, 37.457525927138562 ], [ -6.707786271327224, 37.457980657371415 ], [ -6.708526487294732, 37.457980657371415 ], [ -6.708526487294732, 37.455706978556883 ], [ -6.709266703262241, 37.455706978556883 ], [ -6.709266703262241, 37.45525223449895 ], [ -6.710006919229749, 37.45525223449895 ], [ -6.710006919229749, 37.454342738088158 ], [ -6.710747135197257, 37.454342738088158 ], [ -6.710747135197257, 37.453433230617541 ], [ -6.713707999067291, 37.453433230617541 ], [ -6.713707999067291, 37.453887985735321 ], [ -6.715928646969815, 37.453887985735321 ], [ -6.715928646969815, 37.454342738088158 ], [ -6.717409078904833, 37.454342738088158 ], [ -6.717409078904833, 37.454797487676046 ], [ -6.71814929487234, 37.454797487676046 ], [ -6.71814929487234, 37.456161719849817 ], [ -6.718889510839849, 37.456161719849817 ], [ -6.718889510839849, 37.457980657371415 ], [ -6.719629726807357, 37.457980657371415 ], [ -6.719629726807357, 37.458890109541947 ], [ -6.718889510839849, 37.458890109541947 ], [ -6.718889510839849, 37.460254267059653 ], [ -6.71814929487234, 37.460254267059653 ], [ -6.71814929487234, 37.461618399691353 ], [ -6.717409078904833, 37.461618399691353 ], [ -6.717409078904833, 37.462073105038307 ], [ -6.71814929487234, 37.462073105038307 ], [ -6.71814929487234, 37.462527807620113 ], [ -6.718889510839849, 37.462527807620113 ], [ -6.718889510839849, 37.462982507436742 ], [ -6.719629726807357, 37.462982507436742 ], [ -6.719629726807357, 37.463437204488201 ], [ -6.720369942774866, 37.463437204488201 ], [ -6.720369942774866, 37.465255965041933 ], [ -6.721110158742374, 37.465255965041933 ], [ -6.721110158742374, 37.467074681351825 ], [ -6.721850374709882, 37.467074681351825 ], [ -6.721850374709882, 37.467529353516106 ], [ -6.721110158742374, 37.467529353516106 ], [ -6.721110158742374, 37.468893353417101 ], [ -6.720369942774866, 37.468893353417101 ], [ -6.720369942774866, 37.469802672857774 ], [ -6.719629726807357, 37.469802672857774 ], [ -6.719629726807357, 37.477076830163533 ], [ -6.720369942774866, 37.477076830163533 ], [ -6.720369942774866, 37.480713643326844 ], [ -6.719629726807357, 37.480713643326844 ], [ -6.719629726807357, 37.481622818961476 ], [ -6.718889510839849, 37.481622818961476 ], [ -6.718889510839849, 37.48253198353347 ], [ -6.71814929487234, 37.48253198353347 ], [ -6.71814929487234, 37.48298656167092 ], [ -6.717409078904833, 37.48298656167092 ], [ -6.717409078904833, 37.483441137042682 ], [ -6.712967783099782, 37.483441137042682 ], [ -6.712967783099782, 37.483895709648721 ], [ -6.712227567132275, 37.483895709648721 ], [ -6.712227567132275, 37.48435027948905 ], [ -6.711487351164766, 37.48435027948905 ], [ -6.711487351164766, 37.484804846563641 ], [ -6.710747135197257, 37.484804846563641 ], [ -6.710747135197257, 37.485259410872473 ], [ -6.710006919229749, 37.485259410872473 ], [ -6.710006919229749, 37.49071396684586 ], [ -6.710747135197257, 37.49071396684586 ], [ -6.710747135197257, 37.49207754360723 ], [ -6.710006919229749, 37.49207754360723 ], [ -6.710006919229749, 37.492532063662495 ], [ -6.709266703262241, 37.492532063662495 ], [ -6.709266703262241, 37.492986580951801 ], [ -6.708526487294732, 37.492986580951801 ], [ -6.708526487294732, 37.493895607232531 ], [ -6.707786271327224, 37.493895607232531 ], [ -6.707786271327224, 37.494350116223934 ], [ -6.707046055359716, 37.494350116223934 ], [ -6.707046055359716, 37.494804622449344 ], [ -6.706305839392207, 37.494804622449344 ], [ -6.706305839392207, 37.496168124529454 ], [ -6.705565623424699, 37.496168124529454 ], [ -6.705565623424699, 37.497986088578294 ], [ -6.704825407457191, 37.497986088578294 ], [ -6.704825407457191, 37.498895054006219 ], [ -6.703344975522174, 37.498895054006219 ], [ -6.703344975522174, 37.499349532571017 ], [ -6.702604759554665, 37.499349532571017 ], [ -6.702604759554665, 37.499804008369686 ], [ -6.701864543587157, 37.499804008369686 ], [ -6.701864543587157, 37.50253080507246 ], [ -6.701124327619648, 37.50253080507246 ], [ -6.701124327619648, 37.503439715177187 ], [ -6.700384111652141, 37.503439715177187 ], [ -6.700384111652141, 37.503894166080194 ], [ -6.699643895684632, 37.503894166080194 ], [ -6.699643895684632, 37.504803059587495 ], [ -6.698903679717124, 37.504803059587495 ], [ -6.698903679717124, 37.505257502191753 ], [ -6.693722167944566, 37.505257502191753 ], [ -6.693722167944566, 37.504803059587495 ], [ -6.692981951977057, 37.504803059587495 ], [ -6.692981951977057, 37.503894166080194 ], [ -6.692241736009549, 37.503894166080194 ], [ -6.692241736009549, 37.503439715177187 ], [ -6.69150152004204, 37.503439715177187 ], [ -6.69150152004204, 37.504803059587495 ], [ -6.690761304074532, 37.504803059587495 ], [ -6.690761304074532, 37.506620813406819 ], [ -6.690021088107024, 37.506620813406819 ], [ -6.690021088107024, 37.507075244945895 ], [ -6.689280872139515, 37.507075244945895 ], [ -6.689280872139515, 37.507529673718651 ], [ -6.688540656172008, 37.507529673718651 ], [ -6.688540656172008, 37.507984099725057 ], [ -6.687800440204499, 37.507984099725057 ], [ -6.687800440204499, 37.512982603214056 ], [ -6.687060224236991, 37.512982603214056 ], [ -6.687060224236991, 37.513891386066483 ], [ -6.686320008269483, 37.513891386066483 ], [ -6.686320008269483, 37.51480015785291 ], [ -6.685579792301974, 37.51480015785291 ], [ -6.685579792301974, 37.515254539596349 ], [ -6.684099360366957, 37.515254539596349 ], [ -6.684099360366957, 37.51570891857326 ], [ -6.681138496496924, 37.51570891857326 ], [ -6.681138496496924, 37.516163294783595 ], [ -6.678177632626891, 37.516163294783595 ], [ -6.678177632626891, 37.516617668227383 ], [ -6.677437416659382, 37.516617668227383 ], [ -6.677437416659382, 37.517526406815243 ], [ -6.676697200691875, 37.517526406815243 ], [ -6.676697200691875, 37.51843513433672 ], [ -6.675956984724365, 37.51843513433672 ], [ -6.675956984724365, 37.519343850791721 ], [ -6.675216768756857, 37.519343850791721 ], [ -6.675216768756857, 37.519798204869268 ], [ -6.674476552789348, 37.519798204869268 ], [ -6.674476552789348, 37.520706904724392 ], [ -6.673736336821841, 37.520706904724392 ], [ -6.673736336821841, 37.521615593512799 ], [ -6.672996120854332, 37.521615593512799 ], [ -6.672996120854332, 37.526613184027468 ], [ -6.672255904886823, 37.526613184027468 ], [ -6.672255904886823, 37.527976105155993 ], [ -6.670775472951807, 37.527976105155993 ], [ -6.670775472951807, 37.528430406665116 ], [ -6.670035256984298, 37.528430406665116 ], [ -6.670035256984298, 37.528884705407378 ], [ -6.669295041016791, 37.528884705407378 ], [ -6.669295041016791, 37.534336074493794 ], [ -6.668554825049283, 37.534336074493794 ], [ -6.668554825049283, 37.535244597270349 ], [ -6.667814609081774, 37.535244597270349 ], [ -6.667814609081774, 37.535698854508055 ], [ -6.667074393114265, 37.535698854508055 ], [ -6.667074393114265, 37.536153108978688 ], [ -6.666334177146757, 37.536153108978688 ], [ -6.666334177146757, 37.537061609618732 ], [ -6.667074393114265, 37.537061609618732 ], [ -6.667074393114265, 37.540241274694701 ], [ -6.667814609081774, 37.540241274694701 ], [ -6.667814609081774, 37.542966593982797 ], [ -6.668554825049283, 37.542966593982797 ], [ -6.668554825049283, 37.545691813649867 ], [ -6.669295041016791, 37.545691813649867 ], [ -6.669295041016791, 37.547054386124735 ], [ -6.668554825049283, 37.547054386124735 ], [ -6.668554825049283, 37.548416933693403 ], [ -6.667814609081774, 37.548416933693403 ], [ -6.667814609081774, 37.549779456355559 ], [ -6.667074393114265, 37.549779456355559 ], [ -6.667074393114265, 37.551141954110889 ], [ -6.666334177146757, 37.551141954110889 ], [ -6.666334177146757, 37.553866874899796 ], [ -6.667074393114265, 37.553866874899796 ], [ -6.667074393114265, 37.554775159689306 ], [ -6.667814609081774, 37.554775159689306 ], [ -6.667814609081774, 37.556137566116902 ], [ -6.668554825049283, 37.556137566116902 ], [ -6.668554825049283, 37.557954069274039 ], [ -6.667814609081774, 37.557954069274039 ], [ -6.667814609081774, 37.559770528149024 ], [ -6.667074393114265, 37.559770528149024 ], [ -6.667074393114265, 37.560678740980471 ], [ -6.666334177146757, 37.560678740980471 ], [ -6.666334177146757, 37.561132843244636 ], [ -6.665593961179249, 37.561132843244636 ], [ -6.665593961179249, 37.561586942741094 ], [ -6.664113529244232, 37.561586942741094 ], [ -6.664113529244232, 37.562495133430801 ], [ -6.663373313276724, 37.562495133430801 ], [ -6.663373313276724, 37.570214307291934 ], [ -6.662633097309216, 37.570214307291934 ], [ -6.662633097309216, 37.572030467242776 ], [ -6.661892881341707, 37.572030467242776 ], [ -6.661892881341707, 37.573392558141983 ], [ -6.661152665374199, 37.573392558141983 ], [ -6.661152665374199, 37.575208640588421 ], [ -6.660412449406691, 37.575208640588421 ], [ -6.660412449406691, 37.576570673358482 ], [ -6.659672233439182, 37.576570673358482 ], [ -6.659672233439182, 37.577932681215501 ], [ -6.660412449406691, 37.577932681215501 ], [ -6.660412449406691, 37.582472527474245 ], [ -6.659672233439182, 37.582472527474245 ], [ -6.659672233439182, 37.582926496874862 ], [ -6.658932017471674, 37.582926496874862 ], [ -6.658932017471674, 37.583380463507204 ], [ -6.658191801504165, 37.583380463507204 ], [ -6.658191801504165, 37.583834427371251 ], [ -6.657451585536657, 37.583834427371251 ], [ -6.657451585536657, 37.584742346794442 ], [ -6.656711369569148, 37.584742346794442 ], [ -6.656711369569148, 37.586104205166784 ], [ -6.65597115360164, 37.586104205166784 ], [ -6.65597115360164, 37.589281777809212 ], [ -6.656711369569148, 37.589281777809212 ], [ -6.656711369569148, 37.589735705684475 ], [ -6.657451585536657, 37.589735705684475 ], [ -6.657451585536657, 37.590189630791279 ], [ -6.658191801504165, 37.590189630791279 ], [ -6.658191801504165, 37.591097472699495 ], [ -6.658932017471674, 37.591097472699495 ], [ -6.658932017471674, 37.592913123294039 ], [ -6.659672233439182, 37.592913123294039 ], [ -6.659672233439182, 37.594728729592063 ], [ -6.658932017471674, 37.594728729592063 ], [ -6.658932017471674, 37.595636516129659 ], [ -6.658191801504165, 37.595636516129659 ], [ -6.658191801504165, 37.596998175171528 ], [ -6.657451585536657, 37.596998175171528 ], [ -6.657451585536657, 37.59790593402294 ], [ -6.656711369569148, 37.59790593402294 ], [ -6.656711369569148, 37.598813681799726 ], [ -6.653750505699115, 37.598813681799726 ], [ -6.653750505699115, 37.598359809295673 ], [ -6.65152985779659, 37.598359809295673 ], [ -6.65152985779659, 37.59790593402294 ], [ -6.649309209894064, 37.59790593402294 ], [ -6.649309209894064, 37.597452055981563 ], [ -6.645608130056524, 37.597452055981563 ], [ -6.645608130056524, 37.59790593402294 ], [ -6.642647266186491, 37.59790593402294 ], [ -6.642647266186491, 37.598359809295673 ], [ -6.639686402316457, 37.598359809295673 ], [ -6.639686402316457, 37.598813681799726 ], [ -6.636725538446425, 37.598813681799726 ], [ -6.636725538446425, 37.598359809295673 ], [ -6.635985322478916, 37.598359809295673 ], [ -6.635985322478916, 37.59790593402294 ], [ -6.633024458608882, 37.59790593402294 ], [ -6.633024458608882, 37.598359809295673 ], [ -6.632284242641373, 37.598359809295673 ], [ -6.632284242641373, 37.598813681799726 ], [ -6.627842946836323, 37.598813681799726 ], [ -6.627842946836323, 37.598359809295673 ], [ -6.626362514901308, 37.598359809295673 ], [ -6.626362514901308, 37.598813681799726 ], [ -6.625622298933799, 37.598813681799726 ], [ -6.625622298933799, 37.5992675515351 ], [ -6.62488208296629, 37.5992675515351 ], [ -6.62488208296629, 37.599721418501787 ], [ -6.624141866998782, 37.599721418501787 ], [ -6.624141866998782, 37.600175282699752 ], [ -6.623401651031274, 37.600175282699752 ], [ -6.623401651031274, 37.600629144129016 ], [ -6.622661435063764, 37.600629144129016 ], [ -6.622661435063764, 37.601083002789544 ], [ -6.621921219096257, 37.601083002789544 ], [ -6.621921219096257, 37.601536858681335 ], [ -6.62044078716124, 37.601536858681335 ], [ -6.62044078716124, 37.601083002789544 ], [ -6.619700571193732, 37.601083002789544 ], [ -6.619700571193732, 37.600629144129016 ], [ -6.618960355226224, 37.600629144129016 ], [ -6.618960355226224, 37.600175282699752 ], [ -6.618220139258716, 37.600175282699752 ], [ -6.618220139258716, 37.599721418501787 ], [ -6.617479923291206, 37.599721418501787 ], [ -6.617479923291206, 37.5992675515351 ], [ -6.616739707323699, 37.5992675515351 ], [ -6.616739707323699, 37.598813681799726 ], [ -6.615259275388683, 37.598813681799726 ], [ -6.615259275388683, 37.5992675515351 ], [ -6.614519059421173, 37.5992675515351 ], [ -6.614519059421173, 37.599721418501787 ], [ -6.613038627486158, 37.599721418501787 ], [ -6.613038627486158, 37.600175282699752 ], [ -6.61155819555114, 37.600175282699752 ], [ -6.61155819555114, 37.600629144129016 ], [ -6.610817979583632, 37.600629144129016 ], [ -6.610817979583632, 37.601083002789544 ], [ -6.609337547648615, 37.601083002789544 ], [ -6.609337547648615, 37.601536858681335 ], [ -6.608597331681107, 37.601536858681335 ], [ -6.608597331681107, 37.601990711804383 ], [ -6.607116899746091, 37.601990711804383 ], [ -6.607116899746091, 37.602444562158645 ], [ -6.606376683778582, 37.602444562158645 ], [ -6.606376683778582, 37.601990711804383 ], [ -6.604896251843566, 37.601990711804383 ], [ -6.604896251843566, 37.601536858681335 ], [ -6.604156035876056, 37.601536858681335 ], [ -6.604156035876056, 37.601083002789544 ], [ -6.602675603941041, 37.601083002789544 ], [ -6.602675603941041, 37.600175282699752 ], [ -6.601935387973532, 37.600175282699752 ], [ -6.601935387973532, 37.598359809295673 ], [ -6.601195172006023, 37.598359809295673 ], [ -6.601195172006023, 37.596998175171528 ], [ -6.599714740071007, 37.596998175171528 ], [ -6.599714740071007, 37.596544291592856 ], [ -6.596753876200973, 37.596544291592856 ], [ -6.596753876200973, 37.596998175171528 ], [ -6.596013660233465, 37.596998175171528 ], [ -6.596013660233465, 37.598359809295673 ], [ -6.595273444265957, 37.598359809295673 ], [ -6.595273444265957, 37.598813681799726 ], [ -6.594533228298449, 37.598813681799726 ], [ -6.594533228298449, 37.5992675515351 ], [ -6.59379301233094, 37.5992675515351 ], [ -6.59379301233094, 37.599721418501787 ], [ -6.593052796363432, 37.599721418501787 ], [ -6.593052796363432, 37.600175282699752 ], [ -6.591572364428415, 37.600175282699752 ], [ -6.591572364428415, 37.601990711804383 ], [ -6.590832148460907, 37.601990711804383 ], [ -6.590832148460907, 37.604259935887903 ], [ -6.590091932493399, 37.604259935887903 ], [ -6.590091932493399, 37.605167606139638 ], [ -6.58935171652589, 37.605167606139638 ], [ -6.58935171652589, 37.606075265316001 ], [ -6.588611500558382, 37.606075265316001 ], [ -6.588611500558382, 37.6069829134169 ], [ -6.587871284590873, 37.6069829134169 ], [ -6.587871284590873, 37.607890550442235 ], [ -6.587131068623365, 37.607890550442235 ], [ -6.587131068623365, 37.608798176391915 ], [ -6.586390852655857, 37.608798176391915 ], [ -6.586390852655857, 37.60970579126586 ], [ -6.585650636688348, 37.60970579126586 ], [ -6.585650636688348, 37.61061339506395 ], [ -6.58491042072084, 37.61061339506395 ], [ -6.58491042072084, 37.611520987786115 ], [ -6.584170204753333, 37.611520987786115 ], [ -6.584170204753333, 37.611974779993695 ], [ -6.583429988785824, 37.611974779993695 ], [ -6.583429988785824, 37.612428569432247 ], [ -6.582689772818315, 37.612428569432247 ], [ -6.582689772818315, 37.613336140002268 ], [ -6.581949556850808, 37.613336140002268 ], [ -6.581949556850808, 37.613789921133709 ], [ -6.581209340883299, 37.613789921133709 ], [ -6.581209340883299, 37.614243699496079 ], [ -6.580469124915791, 37.614243699496079 ], [ -6.580469124915791, 37.614697475089372 ], [ -6.579728908948282, 37.614697475089372 ], [ -6.579728908948282, 37.615151247913595 ], [ -6.578988692980774, 37.615151247913595 ], [ -6.578988692980774, 37.615605017968704 ], [ -6.578248477013265, 37.615605017968704 ], [ -6.578248477013265, 37.616058785254708 ], [ -6.577508261045756, 37.616058785254708 ], [ -6.577508261045756, 37.616512549771585 ], [ -6.575287613143232, 37.616512549771585 ], [ -6.575287613143232, 37.616058785254708 ], [ -6.573807181208216, 37.616058785254708 ], [ -6.573807181208216, 37.615605017968704 ], [ -6.57158653330569, 37.615605017968704 ], [ -6.57158653330569, 37.615151247913595 ], [ -6.569365885403165, 37.615151247913595 ], [ -6.569365885403165, 37.614697475089372 ], [ -6.56714523750064, 37.614697475089372 ], [ -6.56714523750064, 37.614243699496079 ], [ -6.565664805565625, 37.614243699496079 ], [ -6.565664805565625, 37.613789921133709 ], [ -6.563444157663099, 37.613789921133709 ], [ -6.563444157663099, 37.613336140002268 ], [ -6.56270394169559, 37.613336140002268 ], [ -6.56270394169559, 37.611067192809521 ], [ -6.561963725728082, 37.611067192809521 ], [ -6.561963725728082, 37.608344364801546 ], [ -6.561223509760573, 37.608344364801546 ], [ -6.561223509760573, 37.60652909075089 ], [ -6.559743077825557, 37.60652909075089 ], [ -6.559743077825557, 37.6069829134169 ], [ -6.558262645890541, 37.6069829134169 ], [ -6.558262645890541, 37.607436733314024 ], [ -6.556041997988016, 37.607436733314024 ], [ -6.556041997988016, 37.607890550442235 ], [ -6.553081134117982, 37.607890550442235 ], [ -6.553081134117982, 37.607436733314024 ], [ -6.551600702182965, 37.607436733314024 ], [ -6.551600702182965, 37.6069829134169 ], [ -6.550120270247948, 37.6069829134169 ], [ -6.550120270247948, 37.607436733314024 ], [ -6.550860486215457, 37.607436733314024 ], [ -6.550860486215457, 37.608344364801546 ], [ -6.551600702182965, 37.608344364801546 ], [ -6.551600702182965, 37.608798176391915 ], [ -6.552340918150473, 37.608798176391915 ], [ -6.552340918150473, 37.609251985213362 ], [ -6.553081134117982, 37.609251985213362 ], [ -6.553081134117982, 37.60970579126586 ], [ -6.55382135008549, 37.60970579126586 ], [ -6.55382135008549, 37.612428569432247 ], [ -6.554561566052999, 37.612428569432247 ], [ -6.554561566052999, 37.612882356101778 ], [ -6.556041997988016, 37.612882356101778 ], [ -6.556041997988016, 37.613336140002268 ], [ -6.558262645890541, 37.613336140002268 ], [ -6.558262645890541, 37.613789921133709 ], [ -6.559743077825557, 37.613789921133709 ], [ -6.559743077825557, 37.614243699496079 ], [ -6.561963725728082, 37.614243699496079 ], [ -6.561963725728082, 37.614697475089372 ], [ -6.563444157663099, 37.614697475089372 ], [ -6.563444157663099, 37.615151247913595 ], [ -6.564924589598116, 37.615151247913595 ], [ -6.564924589598116, 37.615605017968704 ], [ -6.565664805565625, 37.615605017968704 ], [ -6.565664805565625, 37.617873826707381 ], [ -6.566405021533132, 37.617873826707381 ], [ -6.566405021533132, 37.621957507978451 ], [ -6.565664805565625, 37.621957507978451 ], [ -6.565664805565625, 37.622411236495687 ], [ -6.564924589598116, 37.622411236495687 ], [ -6.564924589598116, 37.622864962243661 ], [ -6.564184373630607, 37.622864962243661 ], [ -6.564184373630607, 37.623318685222316 ], [ -6.563444157663099, 37.623318685222316 ], [ -6.563444157663099, 37.62377240543168 ], [ -6.56270394169559, 37.62377240543168 ], [ -6.56270394169559, 37.624226122871733 ], [ -6.561963725728082, 37.624226122871733 ], [ -6.561963725728082, 37.625133549443802 ], [ -6.561223509760573, 37.625133549443802 ], [ -6.561223509760573, 37.62558725857582 ], [ -6.560483293793064, 37.62558725857582 ], [ -6.560483293793064, 37.626040964938475 ], [ -6.559743077825557, 37.626040964938475 ], [ -6.559743077825557, 37.626494668531748 ], [ -6.559002861858048, 37.626494668531748 ], [ -6.559002861858048, 37.626948369355638 ], [ -6.558262645890541, 37.626948369355638 ], [ -6.558262645890541, 37.627402067410131 ], [ -6.556782213955524, 37.627402067410131 ], [ -6.556782213955524, 37.626948369355638 ], [ -6.55382135008549, 37.626948369355638 ], [ -6.55382135008549, 37.626494668531748 ], [ -6.550860486215457, 37.626494668531748 ], [ -6.550860486215457, 37.626040964938475 ], [ -6.547899622345424, 37.626040964938475 ], [ -6.547899622345424, 37.62558725857582 ], [ -6.547159406377915, 37.62558725857582 ], [ -6.547159406377915, 37.625133549443802 ], [ -6.546419190410407, 37.625133549443802 ], [ -6.546419190410407, 37.624226122871733 ], [ -6.54493875847539, 37.624226122871733 ], [ -6.54493875847539, 37.624679837542431 ], [ -6.544198542507881, 37.624679837542431 ], [ -6.544198542507881, 37.625133549443802 ], [ -6.543458326540374, 37.625133549443802 ], [ -6.543458326540374, 37.62558725857582 ], [ -6.542718110572865, 37.62558725857582 ], [ -6.542718110572865, 37.626040964938475 ], [ -6.541977894605356, 37.626040964938475 ], [ -6.541977894605356, 37.626494668531748 ], [ -6.541237678637849, 37.626494668531748 ], [ -6.541237678637849, 37.626948369355638 ], [ -6.54049746267034, 37.626948369355638 ], [ -6.54049746267034, 37.627402067410131 ], [ -6.539757246702831, 37.627402067410131 ], [ -6.539757246702831, 37.627855762695212 ], [ -6.538276814767816, 37.627855762695212 ], [ -6.538276814767816, 37.627402067410131 ], [ -6.537536598800307, 37.627402067410131 ], [ -6.537536598800307, 37.626948369355638 ], [ -6.53605616686529, 37.626948369355638 ], [ -6.53605616686529, 37.626494668531748 ], [ -6.535315950897782, 37.626494668531748 ], [ -6.535315950897782, 37.626040964938475 ] ], [ [ -6.421322691901498, 37.531156157615072 ], [ -6.421322691901498, 37.531610439755823 ], [ -6.422062907869006, 37.531610439755823 ], [ -6.422062907869006, 37.531156157615072 ], [ -6.421322691901498, 37.531156157615072 ] ], [ [ -6.488682344944757, 37.472985203790699 ], [ -6.489422560912264, 37.472985203790699 ], [ -6.489422560912264, 37.472075923065468 ], [ -6.488682344944757, 37.472075923065468 ], [ -6.488682344944757, 37.472985203790699 ] ], [ [ -6.489422560912264, 37.473894473454173 ], [ -6.490162776879773, 37.473894473454173 ], [ -6.490162776879773, 37.472985203790699 ], [ -6.489422560912264, 37.472985203790699 ], [ -6.489422560912264, 37.473894473454173 ] ], [ [ -6.490162776879773, 37.474803732055783 ], [ -6.490902992847282, 37.474803732055783 ], [ -6.490902992847282, 37.473894473454173 ], [ -6.490162776879773, 37.473894473454173 ], [ -6.490162776879773, 37.474803732055783 ] ], [ [ -6.490902992847282, 37.475258357208354 ], [ -6.49164320881479, 37.475258357208354 ], [ -6.49164320881479, 37.474803732055783 ], [ -6.490902992847282, 37.474803732055783 ], [ -6.490902992847282, 37.475258357208354 ] ], [ [ -6.670775472951807, 37.49071396684586 ], [ -6.670775472951807, 37.490259435726927 ], [ -6.671515688919316, 37.490259435726927 ], [ -6.671515688919316, 37.489804901842099 ], [ -6.672255904886823, 37.489804901842099 ], [ -6.672255904886823, 37.488441283592394 ], [ -6.672996120854332, 37.488441283592394 ], [ -6.672996120854332, 37.487986738644132 ], [ -6.672255904886823, 37.487986738644132 ], [ -6.672255904886823, 37.487532190930025 ], [ -6.670775472951807, 37.487532190930025 ], [ -6.670775472951807, 37.487077640450103 ], [ -6.668554825049283, 37.487077640450103 ], [ -6.668554825049283, 37.486623087204379 ], [ -6.667074393114265, 37.486623087204379 ], [ -6.667074393114265, 37.48616853119286 ], [ -6.666334177146757, 37.48616853119286 ], [ -6.666334177146757, 37.486623087204379 ], [ -6.665593961179249, 37.486623087204379 ], [ -6.665593961179249, 37.487077640450103 ], [ -6.664853745211741, 37.487077640450103 ], [ -6.664853745211741, 37.487532190930025 ], [ -6.664113529244232, 37.487532190930025 ], [ -6.664113529244232, 37.487986738644132 ], [ -6.665593961179249, 37.487986738644132 ], [ -6.665593961179249, 37.488441283592394 ], [ -6.666334177146757, 37.488441283592394 ], [ -6.666334177146757, 37.489350365191392 ], [ -6.667074393114265, 37.489350365191392 ], [ -6.667074393114265, 37.49071396684586 ], [ -6.667814609081774, 37.49071396684586 ], [ -6.667814609081774, 37.491623020786029 ], [ -6.668554825049283, 37.491623020786029 ], [ -6.668554825049283, 37.491168495198906 ], [ -6.670035256984298, 37.491168495198906 ], [ -6.670035256984298, 37.49071396684586 ], [ -6.670775472951807, 37.49071396684586 ] ], [ [ -6.667074393114265, 37.496622619690761 ], [ -6.666334177146757, 37.496622619690761 ], [ -6.666334177146757, 37.497077112086004 ], [ -6.665593961179249, 37.497077112086004 ], [ -6.665593961179249, 37.497531601715181 ], [ -6.664853745211741, 37.497531601715181 ], [ -6.664853745211741, 37.497986088578294 ], [ -6.665593961179249, 37.497986088578294 ], [ -6.665593961179249, 37.498440572675307 ], [ -6.667814609081774, 37.498440572675307 ], [ -6.667814609081774, 37.497531601715181 ], [ -6.667074393114265, 37.497531601715181 ], [ -6.667074393114265, 37.496622619690761 ] ], [ [ -6.69150152004204, 37.497077112086004 ], [ -6.692241736009549, 37.497077112086004 ], [ -6.692241736009549, 37.496622619690761 ], [ -6.687060224236991, 37.496622619690761 ], [ -6.687060224236991, 37.497531601715181 ], [ -6.687800440204499, 37.497531601715181 ], [ -6.687800440204499, 37.497986088578294 ], [ -6.688540656172008, 37.497986088578294 ], [ -6.688540656172008, 37.498440572675307 ], [ -6.689280872139515, 37.498440572675307 ], [ -6.689280872139515, 37.498895054006219 ], [ -6.690021088107024, 37.498895054006219 ], [ -6.690021088107024, 37.499349532571017 ], [ -6.690761304074532, 37.499349532571017 ], [ -6.690761304074532, 37.497986088578294 ], [ -6.69150152004204, 37.497986088578294 ], [ -6.69150152004204, 37.497077112086004 ] ], [ [ -6.677437416659382, 37.503894166080194 ], [ -6.677437416659382, 37.503439715177187 ], [ -6.678177632626891, 37.503439715177187 ], [ -6.678177632626891, 37.499804008369686 ], [ -6.678917848594399, 37.499804008369686 ], [ -6.678917848594399, 37.498895054006219 ], [ -6.679658064561907, 37.498895054006219 ], [ -6.679658064561907, 37.498440572675307 ], [ -6.680398280529415, 37.498440572675307 ], [ -6.680398280529415, 37.497986088578294 ], [ -6.679658064561907, 37.497986088578294 ], [ -6.679658064561907, 37.497531601715181 ], [ -6.678917848594399, 37.497531601715181 ], [ -6.678917848594399, 37.497077112086004 ], [ -6.678177632626891, 37.497077112086004 ], [ -6.678177632626891, 37.496622619690761 ], [ -6.677437416659382, 37.496622619690761 ], [ -6.677437416659382, 37.497077112086004 ], [ -6.676697200691875, 37.497077112086004 ], [ -6.676697200691875, 37.498895054006219 ], [ -6.675956984724365, 37.498895054006219 ], [ -6.675956984724365, 37.499349532571017 ], [ -6.674476552789348, 37.499349532571017 ], [ -6.674476552789348, 37.499804008369686 ], [ -6.673736336821841, 37.499804008369686 ], [ -6.673736336821841, 37.500258481402234 ], [ -6.670775472951807, 37.500258481402234 ], [ -6.670775472951807, 37.499804008369686 ], [ -6.670035256984298, 37.499804008369686 ], [ -6.670035256984298, 37.500712951668618 ], [ -6.670775472951807, 37.500712951668618 ], [ -6.670775472951807, 37.503894166080194 ], [ -6.671515688919316, 37.503894166080194 ], [ -6.671515688919316, 37.50434861421698 ], [ -6.672255904886823, 37.50434861421698 ], [ -6.672255904886823, 37.504803059587495 ], [ -6.674476552789348, 37.504803059587495 ], [ -6.674476552789348, 37.50434861421698 ], [ -6.675956984724365, 37.50434861421698 ], [ -6.675956984724365, 37.503894166080194 ], [ -6.677437416659382, 37.503894166080194 ] ], [ [ -6.660412449406691, 37.511165004311565 ], [ -6.661152665374199, 37.511165004311565 ], [ -6.661152665374199, 37.510710597669828 ], [ -6.661892881341707, 37.510710597669828 ], [ -6.661892881341707, 37.510256188261678 ], [ -6.662633097309216, 37.510256188261678 ], [ -6.662633097309216, 37.509801776087116 ], [ -6.663373313276724, 37.509801776087116 ], [ -6.663373313276724, 37.509347361146169 ], [ -6.664113529244232, 37.509347361146169 ], [ -6.664113529244232, 37.508438522965122 ], [ -6.663373313276724, 37.508438522965122 ], [ -6.663373313276724, 37.507984099725057 ], [ -6.662633097309216, 37.507984099725057 ], [ -6.662633097309216, 37.507075244945895 ], [ -6.661892881341707, 37.507075244945895 ], [ -6.661892881341707, 37.506620813406819 ], [ -6.661152665374199, 37.506620813406819 ], [ -6.661152665374199, 37.504803059587495 ], [ -6.660412449406691, 37.504803059587495 ], [ -6.660412449406691, 37.501621883902907 ], [ -6.661152665374199, 37.501621883902907 ], [ -6.661152665374199, 37.500712951668618 ], [ -6.661892881341707, 37.500712951668618 ], [ -6.661892881341707, 37.499804008369686 ], [ -6.662633097309216, 37.499804008369686 ], [ -6.662633097309216, 37.498440572675307 ], [ -6.661892881341707, 37.498440572675307 ], [ -6.661892881341707, 37.497986088578294 ], [ -6.661152665374199, 37.497986088578294 ], [ -6.661152665374199, 37.497531601715181 ], [ -6.659672233439182, 37.497531601715181 ], [ -6.659672233439182, 37.497077112086004 ], [ -6.658932017471674, 37.497077112086004 ], [ -6.658932017471674, 37.495713626602111 ], [ -6.658191801504165, 37.495713626602111 ], [ -6.658191801504165, 37.494350116223934 ], [ -6.657451585536657, 37.494350116223934 ], [ -6.657451585536657, 37.492532063662495 ], [ -6.658191801504165, 37.492532063662495 ], [ -6.658191801504165, 37.491168495198906 ], [ -6.658932017471674, 37.491168495198906 ], [ -6.658932017471674, 37.49071396684586 ], [ -6.657451585536657, 37.49071396684586 ], [ -6.657451585536657, 37.491168495198906 ], [ -6.656711369569148, 37.491168495198906 ], [ -6.656711369569148, 37.491623020786029 ], [ -6.65597115360164, 37.491623020786029 ], [ -6.65597115360164, 37.49207754360723 ], [ -6.655230937634133, 37.49207754360723 ], [ -6.655230937634133, 37.492532063662495 ], [ -6.654490721666624, 37.492532063662495 ], [ -6.654490721666624, 37.492986580951801 ], [ -6.653750505699115, 37.492986580951801 ], [ -6.653750505699115, 37.497077112086004 ], [ -6.654490721666624, 37.497077112086004 ], [ -6.654490721666624, 37.497531601715181 ], [ -6.653750505699115, 37.497531601715181 ], [ -6.653750505699115, 37.498440572675307 ], [ -6.653010289731608, 37.498440572675307 ], [ -6.653010289731608, 37.499349532571017 ], [ -6.652270073764099, 37.499349532571017 ], [ -6.652270073764099, 37.500258481402234 ], [ -6.653010289731608, 37.500258481402234 ], [ -6.653010289731608, 37.501167419168851 ], [ -6.653750505699115, 37.501167419168851 ], [ -6.653750505699115, 37.501621883902907 ], [ -6.654490721666624, 37.501621883902907 ], [ -6.654490721666624, 37.502076345870776 ], [ -6.655230937634133, 37.502076345870776 ], [ -6.655230937634133, 37.50253080507246 ], [ -6.65597115360164, 37.50253080507246 ], [ -6.65597115360164, 37.502985261507924 ], [ -6.656711369569148, 37.502985261507924 ], [ -6.656711369569148, 37.507984099725057 ], [ -6.657451585536657, 37.507984099725057 ], [ -6.657451585536657, 37.51161940818686 ], [ -6.658191801504165, 37.51161940818686 ], [ -6.658191801504165, 37.512073809295714 ], [ -6.659672233439182, 37.512073809295714 ], [ -6.659672233439182, 37.51161940818686 ], [ -6.660412449406691, 37.51161940818686 ], [ -6.660412449406691, 37.511165004311565 ] ], [ [ -6.644867914089016, 37.507984099725057 ], [ -6.644127698121507, 37.507984099725057 ], [ -6.644127698121507, 37.508438522965122 ], [ -6.642647266186491, 37.508438522965122 ], [ -6.642647266186491, 37.509801776087116 ], [ -6.644127698121507, 37.509801776087116 ], [ -6.644127698121507, 37.508892943438838 ], [ -6.644867914089016, 37.508892943438838 ], [ -6.644867914089016, 37.507984099725057 ] ], [ [ -6.561223509760573, 37.515254539596349 ], [ -6.561223509760573, 37.51434577334296 ], [ -6.560483293793064, 37.51434577334296 ], [ -6.560483293793064, 37.515254539596349 ], [ -6.561223509760573, 37.515254539596349 ] ], [ [ -6.570106101370673, 37.524795917120557 ], [ -6.570846317338182, 37.524795917120557 ], [ -6.570846317338182, 37.524341593476848 ], [ -6.570106101370673, 37.524341593476848 ], [ -6.570106101370673, 37.524795917120557 ] ], [ [ -6.569365885403165, 37.525704556107634 ], [ -6.570106101370673, 37.525704556107634 ], [ -6.570106101370673, 37.525250237997497 ], [ -6.569365885403165, 37.525250237997497 ], [ -6.569365885403165, 37.525704556107634 ] ], [ [ -6.568625669435657, 37.526613184027468 ], [ -6.569365885403165, 37.526613184027468 ], [ -6.569365885403165, 37.526158871450953 ], [ -6.568625669435657, 37.526158871450953 ], [ -6.568625669435657, 37.526613184027468 ] ], [ [ -6.567885453468148, 37.526613184027468 ], [ -6.567885453468148, 37.527067493837158 ], [ -6.568625669435657, 37.527067493837158 ], [ -6.568625669435657, 37.526613184027468 ], [ -6.567885453468148, 37.526613184027468 ] ], [ [ -6.560483293793064, 37.562041039469818 ], [ -6.561223509760573, 37.562041039469818 ], [ -6.561223509760573, 37.561132843244636 ], [ -6.56270394169559, 37.561132843244636 ], [ -6.56270394169559, 37.560678740980471 ], [ -6.563444157663099, 37.560678740980471 ], [ -6.563444157663099, 37.560224635948593 ], [ -6.564924589598116, 37.560224635948593 ], [ -6.564924589598116, 37.559770528149024 ], [ -6.565664805565625, 37.559770528149024 ], [ -6.565664805565625, 37.560224635948593 ], [ -6.566405021533132, 37.560224635948593 ], [ -6.566405021533132, 37.560678740980471 ], [ -6.56714523750064, 37.560678740980471 ], [ -6.56714523750064, 37.561132843244636 ], [ -6.567885453468148, 37.561132843244636 ], [ -6.567885453468148, 37.561586942741094 ], [ -6.568625669435657, 37.561586942741094 ], [ -6.568625669435657, 37.562041039469818 ], [ -6.569365885403165, 37.562041039469818 ], [ -6.569365885403165, 37.562495133430801 ], [ -6.570106101370673, 37.562495133430801 ], [ -6.570106101370673, 37.562041039469818 ], [ -6.570846317338182, 37.562041039469818 ], [ -6.570846317338182, 37.561586942741094 ], [ -6.57158653330569, 37.561586942741094 ], [ -6.57158653330569, 37.560678740980471 ], [ -6.572326749273199, 37.560678740980471 ], [ -6.572326749273199, 37.560224635948593 ], [ -6.573066965240707, 37.560224635948593 ], [ -6.573066965240707, 37.559770528149024 ], [ -6.573807181208216, 37.559770528149024 ], [ -6.573807181208216, 37.558862304246858 ], [ -6.574547397175724, 37.558862304246858 ], [ -6.574547397175724, 37.55840818814427 ], [ -6.575287613143232, 37.55840818814427 ], [ -6.575287613143232, 37.557954069274039 ], [ -6.576027829110741, 37.557954069274039 ], [ -6.576027829110741, 37.552504426959068 ], [ -6.575287613143232, 37.552504426959068 ], [ -6.575287613143232, 37.552050272110492 ], [ -6.574547397175724, 37.552050272110492 ], [ -6.574547397175724, 37.551141954110889 ], [ -6.573807181208216, 37.551141954110889 ], [ -6.573807181208216, 37.550687790959891 ], [ -6.573066965240707, 37.550687790959891 ], [ -6.573066965240707, 37.546146007242164 ], [ -6.572326749273199, 37.546146007242164 ], [ -6.572326749273199, 37.541603946791213 ], [ -6.57158653330569, 37.541603946791213 ], [ -6.57158653330569, 37.540241274694701 ], [ -6.569365885403165, 37.540241274694701 ], [ -6.569365885403165, 37.540695501494071 ], [ -6.567885453468148, 37.540695501494071 ], [ -6.567885453468148, 37.540241274694701 ], [ -6.56714523750064, 37.540241274694701 ], [ -6.56714523750064, 37.539332812794434 ], [ -6.566405021533132, 37.539332812794434 ], [ -6.566405021533132, 37.537970099190403 ], [ -6.565664805565625, 37.537970099190403 ], [ -6.565664805565625, 37.537061609618732 ], [ -6.564924589598116, 37.537061609618732 ], [ -6.564924589598116, 37.535698854508055 ], [ -6.564184373630607, 37.535698854508055 ], [ -6.564184373630607, 37.535244597270349 ], [ -6.564924589598116, 37.535244597270349 ], [ -6.564924589598116, 37.533881808954966 ], [ -6.565664805565625, 37.533881808954966 ], [ -6.565664805565625, 37.532973269576274 ], [ -6.566405021533132, 37.532973269576274 ], [ -6.566405021533132, 37.532064719129615 ], [ -6.56714523750064, 37.532064719129615 ], [ -6.56714523750064, 37.531156157615072 ], [ -6.567885453468148, 37.531156157615072 ], [ -6.567885453468148, 37.527521800879995 ], [ -6.566405021533132, 37.527521800879995 ], [ -6.566405021533132, 37.527067493837158 ], [ -6.564184373630607, 37.527067493837158 ], [ -6.564184373630607, 37.526613184027468 ], [ -6.561223509760573, 37.526613184027468 ], [ -6.561223509760573, 37.527521800879995 ], [ -6.560483293793064, 37.527521800879995 ], [ -6.560483293793064, 37.527976105155993 ], [ -6.559743077825557, 37.527976105155993 ], [ -6.559743077825557, 37.528430406665116 ], [ -6.558262645890541, 37.528430406665116 ], [ -6.558262645890541, 37.528884705407378 ], [ -6.550860486215457, 37.528884705407378 ], [ -6.550860486215457, 37.532518995736432 ], [ -6.550120270247948, 37.532518995736432 ], [ -6.550120270247948, 37.537515855788129 ], [ -6.54938005428044, 37.537515855788129 ], [ -6.54938005428044, 37.538878577693573 ], [ -6.548639838312933, 37.538878577693573 ], [ -6.548639838312933, 37.539332812794434 ], [ -6.547899622345424, 37.539332812794434 ], [ -6.547899622345424, 37.540241274694701 ], [ -6.547159406377915, 37.540241274694701 ], [ -6.547159406377915, 37.540695501494071 ], [ -6.546419190410407, 37.540695501494071 ], [ -6.546419190410407, 37.54342080417883 ], [ -6.545678974442899, 37.54342080417883 ], [ -6.545678974442899, 37.543875011607611 ], [ -6.550120270247948, 37.543875011607611 ], [ -6.550120270247948, 37.544329216269119 ], [ -6.551600702182965, 37.544329216269119 ], [ -6.551600702182965, 37.544783418163334 ], [ -6.552340918150473, 37.544783418163334 ], [ -6.552340918150473, 37.546146007242164 ], [ -6.553081134117982, 37.546146007242164 ], [ -6.553081134117982, 37.547054386124735 ], [ -6.55382135008549, 37.547054386124735 ], [ -6.55382135008549, 37.548416933693403 ], [ -6.554561566052999, 37.548416933693403 ], [ -6.554561566052999, 37.550233625041443 ], [ -6.55382135008549, 37.550233625041443 ], [ -6.55382135008549, 37.551141954110889 ], [ -6.553081134117982, 37.551141954110889 ], [ -6.553081134117982, 37.552504426959068 ], [ -6.552340918150473, 37.552504426959068 ], [ -6.552340918150473, 37.553866874899796 ], [ -6.551600702182965, 37.553866874899796 ], [ -6.551600702182965, 37.557045823230688 ], [ -6.553081134117982, 37.557045823230688 ], [ -6.553081134117982, 37.557499947636188 ], [ -6.555301782020508, 37.557499947636188 ], [ -6.555301782020508, 37.557954069274039 ], [ -6.557522429923032, 37.557954069274039 ], [ -6.557522429923032, 37.55840818814427 ], [ -6.558262645890541, 37.55840818814427 ], [ -6.558262645890541, 37.560678740980471 ], [ -6.559002861858048, 37.560678740980471 ], [ -6.559002861858048, 37.563857398707192 ], [ -6.559743077825557, 37.563857398707192 ], [ -6.559743077825557, 37.563403313049498 ], [ -6.560483293793064, 37.563403313049498 ], [ -6.560483293793064, 37.562041039469818 ] ], [ [ -6.58935171652589, 37.564765561719206 ], [ -6.590091932493399, 37.564765561719206 ], [ -6.590091932493399, 37.564311481597102 ], [ -6.58935171652589, 37.564311481597102 ], [ -6.58935171652589, 37.564765561719206 ] ], [ [ -6.555301782020508, 37.466165328727406 ], [ -6.555301782020508, 37.463437204488201 ], [ -6.554561566052999, 37.463437204488201 ], [ -6.554561566052999, 37.466165328727406 ], [ -6.555301782020508, 37.466165328727406 ] ], [ [ -6.557522429923032, 37.478440655841709 ], [ -6.558262645890541, 37.478440655841709 ], [ -6.558262645890541, 37.477986050047889 ], [ -6.559002861858048, 37.477986050047889 ], [ -6.559002861858048, 37.477531441488495 ], [ -6.559743077825557, 37.477531441488495 ], [ -6.559743077825557, 37.477076830163533 ], [ -6.560483293793064, 37.477076830163533 ], [ -6.560483293793064, 37.476622216073032 ], [ -6.557522429923032, 37.476622216073032 ], [ -6.557522429923032, 37.476167599216993 ], [ -6.556782213955524, 37.476167599216993 ], [ -6.556782213955524, 37.475258357208354 ], [ -6.556041997988016, 37.475258357208354 ], [ -6.556041997988016, 37.474349104137715 ], [ -6.555301782020508, 37.474349104137715 ], [ -6.555301782020508, 37.473439840005163 ], [ -6.554561566052999, 37.473439840005163 ], [ -6.554561566052999, 37.475258357208354 ], [ -6.55382135008549, 37.475258357208354 ], [ -6.55382135008549, 37.476622216073032 ], [ -6.553081134117982, 37.476622216073032 ], [ -6.553081134117982, 37.477531441488495 ], [ -6.55382135008549, 37.477531441488495 ], [ -6.55382135008549, 37.477986050047889 ], [ -6.554561566052999, 37.477986050047889 ], [ -6.554561566052999, 37.478440655841709 ], [ -6.555301782020508, 37.478440655841709 ], [ -6.555301782020508, 37.478895258869954 ], [ -6.556041997988016, 37.478895258869954 ], [ -6.556041997988016, 37.479349859132597 ], [ -6.556782213955524, 37.479349859132597 ], [ -6.556782213955524, 37.478895258869954 ], [ -6.557522429923032, 37.478895258869954 ], [ -6.557522429923032, 37.478440655841709 ] ], [ [ -6.521992063482632, 37.508892943438838 ], [ -6.521992063482632, 37.508438522965122 ], [ -6.522732279450141, 37.508438522965122 ], [ -6.522732279450141, 37.507529673718651 ], [ -6.523472495417648, 37.507529673718651 ], [ -6.523472495417648, 37.507075244945895 ], [ -6.522732279450141, 37.507075244945895 ], [ -6.522732279450141, 37.503894166080194 ], [ -6.521992063482632, 37.503894166080194 ], [ -6.521992063482632, 37.501167419168851 ], [ -6.522732279450141, 37.501167419168851 ], [ -6.522732279450141, 37.499804008369686 ], [ -6.523472495417648, 37.499804008369686 ], [ -6.523472495417648, 37.498895054006219 ], [ -6.524212711385157, 37.498895054006219 ], [ -6.524212711385157, 37.497986088578294 ], [ -6.524952927352666, 37.497986088578294 ], [ -6.524952927352666, 37.497531601715181 ], [ -6.526433359287681, 37.497531601715181 ], [ -6.526433359287681, 37.497077112086004 ], [ -6.52717357525519, 37.497077112086004 ], [ -6.52717357525519, 37.496622619690761 ], [ -6.529394223157715, 37.496622619690761 ], [ -6.529394223157715, 37.497077112086004 ], [ -6.530134439125224, 37.497077112086004 ], [ -6.530134439125224, 37.497531601715181 ], [ -6.53161487106024, 37.497531601715181 ], [ -6.53161487106024, 37.497986088578294 ], [ -6.532355087027749, 37.497986088578294 ], [ -6.532355087027749, 37.498895054006219 ], [ -6.533095302995257, 37.498895054006219 ], [ -6.533095302995257, 37.500258481402234 ], [ -6.533835518962765, 37.500258481402234 ], [ -6.533835518962765, 37.499804008369686 ], [ -6.534575734930274, 37.499804008369686 ], [ -6.534575734930274, 37.499349532571017 ], [ -6.535315950897782, 37.499349532571017 ], [ -6.535315950897782, 37.498895054006219 ], [ -6.53605616686529, 37.498895054006219 ], [ -6.53605616686529, 37.498440572675307 ], [ -6.536796382832798, 37.498440572675307 ], [ -6.536796382832798, 37.497531601715181 ], [ -6.538276814767816, 37.497531601715181 ], [ -6.538276814767816, 37.497077112086004 ], [ -6.539017030735324, 37.497077112086004 ], [ -6.539017030735324, 37.497531601715181 ], [ -6.543458326540374, 37.497531601715181 ], [ -6.543458326540374, 37.497986088578294 ], [ -6.544198542507881, 37.497986088578294 ], [ -6.544198542507881, 37.498895054006219 ], [ -6.54493875847539, 37.498895054006219 ], [ -6.54493875847539, 37.499349532571017 ], [ -6.545678974442899, 37.499349532571017 ], [ -6.545678974442899, 37.497986088578294 ], [ -6.546419190410407, 37.497986088578294 ], [ -6.546419190410407, 37.496168124529454 ], [ -6.547159406377915, 37.496168124529454 ], [ -6.547159406377915, 37.495259125908731 ], [ -6.547899622345424, 37.495259125908731 ], [ -6.547899622345424, 37.494804622449344 ], [ -6.548639838312933, 37.494804622449344 ], [ -6.548639838312933, 37.494350116223934 ], [ -6.550120270247948, 37.494350116223934 ], [ -6.550120270247948, 37.493895607232531 ], [ -6.550860486215457, 37.493895607232531 ], [ -6.550860486215457, 37.493441095475163 ], [ -6.551600702182965, 37.493441095475163 ], [ -6.551600702182965, 37.49207754360723 ], [ -6.552340918150473, 37.49207754360723 ], [ -6.552340918150473, 37.490259435726927 ], [ -6.551600702182965, 37.490259435726927 ], [ -6.551600702182965, 37.489804901842099 ], [ -6.550860486215457, 37.489804901842099 ], [ -6.550860486215457, 37.488895825774819 ], [ -6.550120270247948, 37.488895825774819 ], [ -6.550120270247948, 37.487986738644132 ], [ -6.54938005428044, 37.487986738644132 ], [ -6.54938005428044, 37.487077640450103 ], [ -6.548639838312933, 37.487077640450103 ], [ -6.548639838312933, 37.486623087204379 ], [ -6.547899622345424, 37.486623087204379 ], [ -6.547899622345424, 37.485713972415553 ], [ -6.547159406377915, 37.485713972415553 ], [ -6.547159406377915, 37.484804846563641 ], [ -6.546419190410407, 37.484804846563641 ], [ -6.546419190410407, 37.480713643326844 ], [ -6.545678974442899, 37.480713643326844 ], [ -6.545678974442899, 37.48116823252699 ], [ -6.54493875847539, 37.48116823252699 ], [ -6.54493875847539, 37.481622818961476 ], [ -6.542718110572865, 37.481622818961476 ], [ -6.542718110572865, 37.48116823252699 ], [ -6.54049746267034, 37.48116823252699 ], [ -6.54049746267034, 37.480713643326844 ], [ -6.539757246702831, 37.480713643326844 ], [ -6.539757246702831, 37.48116823252699 ], [ -6.539017030735324, 37.48116823252699 ], [ -6.539017030735324, 37.481622818961476 ], [ -6.538276814767816, 37.481622818961476 ], [ -6.538276814767816, 37.482077402630317 ], [ -6.537536598800307, 37.482077402630317 ], [ -6.537536598800307, 37.48298656167092 ], [ -6.536796382832798, 37.48298656167092 ], [ -6.536796382832798, 37.485259410872473 ], [ -6.53605616686529, 37.485259410872473 ], [ -6.53605616686529, 37.487077640450103 ], [ -6.535315950897782, 37.487077640450103 ], [ -6.535315950897782, 37.487532190930025 ], [ -6.533835518962765, 37.487532190930025 ], [ -6.533835518962765, 37.487986738644132 ], [ -6.533095302995257, 37.487986738644132 ], [ -6.533095302995257, 37.488441283592394 ], [ -6.532355087027749, 37.488441283592394 ], [ -6.532355087027749, 37.488895825774819 ], [ -6.530874655092732, 37.488895825774819 ], [ -6.530874655092732, 37.489350365191392 ], [ -6.530134439125224, 37.489350365191392 ], [ -6.530134439125224, 37.489804901842099 ], [ -6.529394223157715, 37.489804901842099 ], [ -6.529394223157715, 37.490259435726927 ], [ -6.528654007190207, 37.490259435726927 ], [ -6.528654007190207, 37.491168495198906 ], [ -6.527913791222699, 37.491168495198906 ], [ -6.527913791222699, 37.492532063662495 ], [ -6.52717357525519, 37.492532063662495 ], [ -6.52717357525519, 37.493441095475163 ], [ -6.526433359287681, 37.493441095475163 ], [ -6.526433359287681, 37.493895607232531 ], [ -6.523472495417648, 37.493895607232531 ], [ -6.523472495417648, 37.493441095475163 ], [ -6.519031199612598, 37.493441095475163 ], [ -6.519031199612598, 37.492986580951801 ], [ -6.517550767677582, 37.492986580951801 ], [ -6.517550767677582, 37.493441095475163 ], [ -6.516810551710074, 37.493441095475163 ], [ -6.516810551710074, 37.493895607232531 ], [ -6.515330119775057, 37.493895607232531 ], [ -6.515330119775057, 37.494350116223934 ], [ -6.514589903807549, 37.494350116223934 ], [ -6.514589903807549, 37.494804622449344 ], [ -6.51384968784004, 37.494804622449344 ], [ -6.51384968784004, 37.495259125908731 ], [ -6.512369255905024, 37.495259125908731 ], [ -6.512369255905024, 37.495713626602111 ], [ -6.511629039937516, 37.495713626602111 ], [ -6.511629039937516, 37.496168124529454 ], [ -6.510888823970006, 37.496168124529454 ], [ -6.510888823970006, 37.497077112086004 ], [ -6.510148608002498, 37.497077112086004 ], [ -6.510148608002498, 37.498895054006219 ], [ -6.50940839203499, 37.498895054006219 ], [ -6.50940839203499, 37.500258481402234 ], [ -6.511629039937516, 37.500258481402234 ], [ -6.511629039937516, 37.500712951668618 ], [ -6.512369255905024, 37.500712951668618 ], [ -6.512369255905024, 37.501621883902907 ], [ -6.513109471872531, 37.501621883902907 ], [ -6.513109471872531, 37.502076345870776 ], [ -6.51384968784004, 37.502076345870776 ], [ -6.51384968784004, 37.502985261507924 ], [ -6.514589903807549, 37.502985261507924 ], [ -6.514589903807549, 37.503894166080194 ], [ -6.51384968784004, 37.503894166080194 ], [ -6.51384968784004, 37.506620813406819 ], [ -6.513109471872531, 37.506620813406819 ], [ -6.513109471872531, 37.509801776087116 ], [ -6.519031199612598, 37.509801776087116 ], [ -6.519031199612598, 37.510710597669828 ], [ -6.519771415580108, 37.510710597669828 ], [ -6.519771415580108, 37.51161940818686 ], [ -6.520511631547615, 37.51161940818686 ], [ -6.520511631547615, 37.509801776087116 ], [ -6.521251847515123, 37.509801776087116 ], [ -6.521251847515123, 37.508892943438838 ], [ -6.521992063482632, 37.508892943438838 ] ], [ [ -6.551600702182965, 37.505257502191753 ], [ -6.550860486215457, 37.505257502191753 ], [ -6.550860486215457, 37.504803059587495 ], [ -6.550120270247948, 37.504803059587495 ], [ -6.550120270247948, 37.50434861421698 ], [ -6.54938005428044, 37.50434861421698 ], [ -6.54938005428044, 37.503894166080194 ], [ -6.548639838312933, 37.503894166080194 ], [ -6.548639838312933, 37.503439715177187 ], [ -6.547899622345424, 37.503439715177187 ], [ -6.547899622345424, 37.507075244945895 ], [ -6.548639838312933, 37.507075244945895 ], [ -6.548639838312933, 37.507529673718651 ], [ -6.54938005428044, 37.507529673718651 ], [ -6.54938005428044, 37.507984099725057 ], [ -6.550860486215457, 37.507984099725057 ], [ -6.550860486215457, 37.506620813406819 ], [ -6.551600702182965, 37.506620813406819 ], [ -6.551600702182965, 37.505257502191753 ] ], [ [ -6.514589903807549, 37.536153108978688 ], [ -6.51384968784004, 37.536153108978688 ], [ -6.51384968784004, 37.536607360682268 ], [ -6.513109471872531, 37.536607360682268 ], [ -6.513109471872531, 37.537061609618732 ], [ -6.515330119775057, 37.537061609618732 ], [ -6.515330119775057, 37.536607360682268 ], [ -6.514589903807549, 37.536607360682268 ], [ -6.514589903807549, 37.536153108978688 ] ], [ [ -6.476098673497115, 37.540695501494071 ], [ -6.475358457529607, 37.540695501494071 ], [ -6.475358457529607, 37.539787045128158 ], [ -6.474618241562099, 37.539787045128158 ], [ -6.474618241562099, 37.541149725526246 ], [ -6.47387802559459, 37.541149725526246 ], [ -6.47387802559459, 37.542512381019499 ], [ -6.476838889464624, 37.542512381019499 ], [ -6.476838889464624, 37.541603946791213 ], [ -6.476098673497115, 37.541603946791213 ], [ -6.476098673497115, 37.540695501494071 ] ], [ [ -6.444269386894257, 37.547962753937895 ], [ -6.44278895495924, 37.547962753937895 ], [ -6.44278895495924, 37.548416933693403 ], [ -6.442048738991732, 37.548416933693403 ], [ -6.442048738991732, 37.549779456355559 ], [ -6.44278895495924, 37.549779456355559 ], [ -6.44278895495924, 37.552050272110492 ], [ -6.443529170926749, 37.552050272110492 ], [ -6.443529170926749, 37.553412728353734 ], [ -6.445009602861765, 37.553412728353734 ], [ -6.445009602861765, 37.552050272110492 ], [ -6.444269386894257, 37.552050272110492 ], [ -6.444269386894257, 37.547962753937895 ] ], [ [ -6.54049746267034, 37.571576431407031 ], [ -6.541237678637849, 37.571576431407031 ], [ -6.541237678637849, 37.569306210708774 ], [ -6.541977894605356, 37.569306210708774 ], [ -6.541977894605356, 37.568398103053909 ], [ -6.542718110572865, 37.568398103053909 ], [ -6.542718110572865, 37.567944045074604 ], [ -6.543458326540374, 37.567944045074604 ], [ -6.543458326540374, 37.567035920812344 ], [ -6.544198542507881, 37.567035920812344 ], [ -6.544198542507881, 37.56658185452941 ], [ -6.548639838312933, 37.56658185452941 ], [ -6.548639838312933, 37.567035920812344 ], [ -6.54938005428044, 37.567035920812344 ], [ -6.54938005428044, 37.567489984327416 ], [ -6.550120270247948, 37.567489984327416 ], [ -6.550120270247948, 37.568398103053909 ], [ -6.550860486215457, 37.568398103053909 ], [ -6.550860486215457, 37.567944045074604 ], [ -6.552340918150473, 37.567944045074604 ], [ -6.552340918150473, 37.567489984327416 ], [ -6.553081134117982, 37.567489984327416 ], [ -6.553081134117982, 37.567035920812344 ], [ -6.552340918150473, 37.567035920812344 ], [ -6.552340918150473, 37.56658185452941 ], [ -6.551600702182965, 37.56658185452941 ], [ -6.551600702182965, 37.566127785478614 ], [ -6.550860486215457, 37.566127785478614 ], [ -6.550860486215457, 37.565673713659976 ], [ -6.550120270247948, 37.565673713659976 ], [ -6.550120270247948, 37.565219639073504 ], [ -6.54938005428044, 37.565219639073504 ], [ -6.54938005428044, 37.564311481597102 ], [ -6.548639838312933, 37.564311481597102 ], [ -6.548639838312933, 37.561586942741094 ], [ -6.543458326540374, 37.561586942741094 ], [ -6.543458326540374, 37.561132843244636 ], [ -6.542718110572865, 37.561132843244636 ], [ -6.542718110572865, 37.560678740980471 ], [ -6.541977894605356, 37.560678740980471 ], [ -6.541977894605356, 37.560224635948593 ], [ -6.541237678637849, 37.560224635948593 ], [ -6.541237678637849, 37.559770528149024 ], [ -6.54049746267034, 37.559770528149024 ], [ -6.54049746267034, 37.559316417581776 ], [ -6.539757246702831, 37.559316417581776 ], [ -6.539757246702831, 37.558862304246858 ], [ -6.539017030735324, 37.558862304246858 ], [ -6.539017030735324, 37.55840818814427 ], [ -6.538276814767816, 37.55840818814427 ], [ -6.538276814767816, 37.557499947636188 ], [ -6.537536598800307, 37.557499947636188 ], [ -6.537536598800307, 37.556591696057595 ], [ -6.536796382832798, 37.556591696057595 ], [ -6.536796382832798, 37.55522929793274 ], [ -6.53605616686529, 37.55522929793274 ], [ -6.53605616686529, 37.553866874899796 ], [ -6.535315950897782, 37.553866874899796 ], [ -6.535315950897782, 37.552504426959068 ], [ -6.534575734930274, 37.552504426959068 ], [ -6.534575734930274, 37.550233625041443 ], [ -6.535315950897782, 37.550233625041443 ], [ -6.535315950897782, 37.548871110681532 ], [ -6.53605616686529, 37.548871110681532 ], [ -6.53605616686529, 37.547962753937895 ], [ -6.536796382832798, 37.547962753937895 ], [ -6.536796382832798, 37.547508571415001 ], [ -6.53605616686529, 37.547508571415001 ], [ -6.53605616686529, 37.547054386124735 ], [ -6.53161487106024, 37.547054386124735 ], [ -6.53161487106024, 37.546600198067125 ], [ -6.52717357525519, 37.546600198067125 ], [ -6.52717357525519, 37.547508571415001 ], [ -6.527913791222699, 37.547508571415001 ], [ -6.527913791222699, 37.550233625041443 ], [ -6.528654007190207, 37.550233625041443 ], [ -6.528654007190207, 37.55159611449443 ], [ -6.527913791222699, 37.55159611449443 ], [ -6.527913791222699, 37.554775159689306 ], [ -6.528654007190207, 37.554775159689306 ], [ -6.528654007190207, 37.55568343340861 ], [ -6.529394223157715, 37.55568343340861 ], [ -6.529394223157715, 37.557045823230688 ], [ -6.530134439125224, 37.557045823230688 ], [ -6.530134439125224, 37.559316417581776 ], [ -6.529394223157715, 37.559316417581776 ], [ -6.529394223157715, 37.561132843244636 ], [ -6.528654007190207, 37.561132843244636 ], [ -6.528654007190207, 37.561586942741094 ], [ -6.530134439125224, 37.561586942741094 ], [ -6.530134439125224, 37.561132843244636 ], [ -6.532355087027749, 37.561132843244636 ], [ -6.532355087027749, 37.561586942741094 ], [ -6.533095302995257, 37.561586942741094 ], [ -6.533095302995257, 37.562041039469818 ], [ -6.534575734930274, 37.562041039469818 ], [ -6.534575734930274, 37.562495133430801 ], [ -6.535315950897782, 37.562495133430801 ], [ -6.535315950897782, 37.565219639073504 ], [ -6.53605616686529, 37.565219639073504 ], [ -6.53605616686529, 37.568852158265301 ], [ -6.535315950897782, 37.568852158265301 ], [ -6.535315950897782, 37.569760260384321 ], [ -6.534575734930274, 37.569760260384321 ], [ -6.534575734930274, 37.570214307291934 ], [ -6.533835518962765, 37.570214307291934 ], [ -6.533835518962765, 37.570668351431607 ], [ -6.533095302995257, 37.570668351431607 ], [ -6.533095302995257, 37.571122392803304 ], [ -6.532355087027749, 37.571122392803304 ], [ -6.532355087027749, 37.571576431407031 ], [ -6.533095302995257, 37.571576431407031 ], [ -6.533095302995257, 37.572030467242776 ], [ -6.534575734930274, 37.572030467242776 ], [ -6.534575734930274, 37.572484500310523 ], [ -6.535315950897782, 37.572484500310523 ], [ -6.535315950897782, 37.572938530610259 ], [ -6.53605616686529, 37.572938530610259 ], [ -6.53605616686529, 37.573392558141983 ], [ -6.536796382832798, 37.573392558141983 ], [ -6.536796382832798, 37.573846582905666 ], [ -6.537536598800307, 37.573846582905666 ], [ -6.537536598800307, 37.57430060490131 ], [ -6.539017030735324, 37.57430060490131 ], [ -6.539017030735324, 37.573846582905666 ], [ -6.54049746267034, 37.573846582905666 ], [ -6.54049746267034, 37.571576431407031 ] ] ], [ [ [ -6.060837515724939, 38.285492787621976 ], [ -6.059357083789923, 38.285492787621976 ], [ -6.059357083789923, 38.285043136450426 ], [ -6.057876651854907, 38.285043136450426 ], [ -6.057876651854907, 38.284593482493477 ], [ -6.057136435887399, 38.284593482493477 ], [ -6.057136435887399, 38.28324450391024 ], [ -6.05639621991989, 38.28324450391024 ], [ -6.05639621991989, 38.279647105132788 ], [ -6.055656003952381, 38.279647105132788 ], [ -6.055656003952381, 38.278747727585355 ], [ -6.05639621991989, 38.278747727585355 ], [ -6.05639621991989, 38.27784833889686 ], [ -6.057136435887399, 38.27784833889686 ], [ -6.057136435887399, 38.277398640374741 ], [ -6.057876651854907, 38.277398640374741 ], [ -6.057876651854907, 38.276948939067388 ], [ -6.058616867822415, 38.276948939067388 ], [ -6.058616867822415, 38.276499234974807 ], [ -6.059357083789923, 38.276499234974807 ], [ -6.059357083789923, 38.276049528097012 ], [ -6.06009729975743, 38.276049528097012 ], [ -6.06009729975743, 38.275150105985837 ], [ -6.060837515724939, 38.275150105985837 ], [ -6.060837515724939, 38.272451772808274 ], [ -6.061577731692448, 38.272451772808274 ], [ -6.061577731692448, 38.270652828320713 ], [ -6.063058163627464, 38.270652828320713 ], [ -6.063058163627464, 38.270203085236105 ], [ -6.063798379594973, 38.270203085236105 ], [ -6.063798379594973, 38.269753339366424 ], [ -6.06527881152999, 38.269753339366424 ], [ -6.06527881152999, 38.269303590711687 ], [ -6.066759243465007, 38.269303590711687 ], [ -6.066759243465007, 38.269753339366424 ], [ -6.067499459432516, 38.269753339366424 ], [ -6.067499459432516, 38.270203085236105 ], [ -6.068979891367531, 38.270203085236105 ], [ -6.068979891367531, 38.270652828320713 ], [ -6.069720107335039, 38.270652828320713 ], [ -6.069720107335039, 38.271102568620243 ], [ -6.070460323302547, 38.271102568620243 ], [ -6.070460323302547, 38.273800951930234 ], [ -6.071200539270056, 38.273800951930234 ], [ -6.071200539270056, 38.276049528097012 ], [ -6.071940755237564, 38.276049528097012 ], [ -6.071940755237564, 38.276499234974807 ], [ -6.072680971205072, 38.276499234974807 ], [ -6.072680971205072, 38.277398640374741 ], [ -6.073421187172581, 38.277398640374741 ], [ -6.073421187172581, 38.27784833889686 ], [ -6.07416140314009, 38.27784833889686 ], [ -6.07416140314009, 38.281445826804131 ], [ -6.073421187172581, 38.281445826804131 ], [ -6.073421187172581, 38.284593482493477 ], [ -6.071940755237564, 38.284593482493477 ], [ -6.071940755237564, 38.285043136450426 ], [ -6.071200539270056, 38.285043136450426 ], [ -6.071200539270056, 38.285492787621976 ], [ -6.069720107335039, 38.285492787621976 ], [ -6.069720107335039, 38.285942436008092 ], [ -6.068239675400023, 38.285942436008092 ], [ -6.068239675400023, 38.286392081608781 ], [ -6.067499459432516, 38.286392081608781 ], [ -6.067499459432516, 38.286841724424022 ], [ -6.063798379594973, 38.286841724424022 ], [ -6.063798379594973, 38.286392081608781 ], [ -6.062317947659955, 38.286392081608781 ], [ -6.062317947659955, 38.285942436008092 ], [ -6.060837515724939, 38.285942436008092 ], [ -6.060837515724939, 38.285492787621976 ] ] ], [ [ [ -9.009117714310635, 38.930095482600521 ], [ -9.009117714310635, 38.929649852880601 ], [ -9.008377498343128, 38.929649852880601 ], [ -9.008377498343128, 38.929204220361015 ], [ -9.007637282375619, 38.929204220361015 ], [ -9.007637282375619, 38.928758585041741 ], [ -9.006897066408111, 38.928758585041741 ], [ -9.006897066408111, 38.928312946922837 ], [ -9.005416634473093, 38.928312946922837 ], [ -9.005416634473093, 38.927867306004288 ], [ -9.004676418505586, 38.927867306004288 ], [ -9.004676418505586, 38.926530366450876 ], [ -9.003936202538076, 38.926530366450876 ], [ -9.003936202538076, 38.92385641175494 ], [ -9.003195986570567, 38.92385641175494 ], [ -9.003195986570567, 38.921182356275246 ], [ -9.00245577060306, 38.921182356275246 ], [ -9.00245577060306, 38.918953899722688 ], [ -9.003195986570567, 38.918953899722688 ], [ -9.003195986570567, 38.917171084090562 ], [ -9.003936202538076, 38.917171084090562 ], [ -9.003936202538076, 38.916279659478015 ], [ -9.004676418505586, 38.916279659478015 ], [ -9.004676418505586, 38.915833942972647 ], [ -9.007637282375619, 38.915833942972647 ], [ -9.007637282375619, 38.915388223667904 ], [ -9.010598146245652, 38.915388223667904 ], [ -9.010598146245652, 38.914942501563786 ], [ -9.013559010115685, 38.914942501563786 ], [ -9.013559010115685, 38.914496776660307 ], [ -9.017260089953226, 38.914496776660307 ], [ -9.017260089953226, 38.915388223667904 ], [ -9.018000305920735, 38.915388223667904 ], [ -9.018000305920735, 38.916725373183986 ], [ -9.018740521888244, 38.916725373183986 ], [ -9.018740521888244, 38.917616792197727 ], [ -9.019480737855751, 38.917616792197727 ], [ -9.019480737855751, 38.918953899722688 ], [ -9.020220953823259, 38.918953899722688 ], [ -9.020220953823259, 38.91984529074211 ], [ -9.020961169790768, 38.91984529074211 ], [ -9.020961169790768, 38.921182356275246 ], [ -9.020220953823259, 38.921182356275246 ], [ -9.020220953823259, 38.922519396612934 ], [ -9.019480737855751, 38.922519396612934 ], [ -9.019480737855751, 38.92385641175494 ], [ -9.018740521888244, 38.92385641175494 ], [ -9.018740521888244, 38.925639059417215 ], [ -9.018000305920735, 38.925639059417215 ], [ -9.018000305920735, 38.926976015768297 ], [ -9.017260089953226, 38.926976015768297 ], [ -9.017260089953226, 38.928312946922837 ], [ -9.016519873985718, 38.928312946922837 ], [ -9.016519873985718, 38.929649852880601 ], [ -9.015039442050702, 38.929649852880601 ], [ -9.015039442050702, 38.930095482600521 ], [ -9.014299226083194, 38.930095482600521 ], [ -9.014299226083194, 38.93054110952076 ], [ -9.012818794148178, 38.93054110952076 ], [ -9.012818794148178, 38.930986733641319 ], [ -9.011338362213161, 38.930986733641319 ], [ -9.011338362213161, 38.93054110952076 ], [ -9.010598146245652, 38.93054110952076 ], [ -9.010598146245652, 38.930095482600521 ], [ -9.009117714310635, 38.930095482600521 ] ] ], [ [ [ -3.743221321456344, 39.944103904206173 ], [ -3.741740889521328, 39.944103904206173 ], [ -3.741740889521328, 39.943664714484513 ], [ -3.741000673553819, 39.943664714484513 ], [ -3.741000673553819, 39.943225521943617 ], [ -3.739520241618802, 39.943225521943617 ], [ -3.739520241618802, 39.942786326583487 ], [ -3.738780025651294, 39.942786326583487 ], [ -3.738780025651294, 39.942347128404151 ], [ -3.738039809683786, 39.942347128404151 ], [ -3.738039809683786, 39.940590307494809 ], [ -3.737299593716278, 39.940590307494809 ], [ -3.737299593716278, 39.938394217926707 ], [ -3.736559377748769, 39.938394217926707 ], [ -3.736559377748769, 39.93531957412776 ], [ -3.737299593716278, 39.93531957412776 ], [ -3.737299593716278, 39.933123315412963 ], [ -3.738039809683786, 39.933123315412963 ], [ -3.738039809683786, 39.931366257698258 ], [ -3.738780025651294, 39.931366257698258 ], [ -3.738780025651294, 39.93048771192678 ], [ -3.739520241618802, 39.93048771192678 ], [ -3.739520241618802, 39.930048434812555 ], [ -3.740260457586311, 39.930048434812555 ], [ -3.740260457586311, 39.929609154879309 ], [ -3.741000673553819, 39.929609154879309 ], [ -3.741000673553819, 39.929169872127098 ], [ -3.742481105488836, 39.929169872127098 ], [ -3.742481105488836, 39.928730586555908 ], [ -3.743221321456344, 39.928730586555908 ], [ -3.743221321456344, 39.928291298165753 ], [ -3.743961537423853, 39.928291298165753 ], [ -3.743961537423853, 39.928730586555908 ], [ -3.746182185326378, 39.928730586555908 ], [ -3.746182185326378, 39.929169872127098 ], [ -3.747662617261394, 39.929169872127098 ], [ -3.747662617261394, 39.929609154879309 ], [ -3.749143049196411, 39.929609154879309 ], [ -3.749143049196411, 39.930048434812555 ], [ -3.750623481131427, 39.930048434812555 ], [ -3.750623481131427, 39.93048771192678 ], [ -3.751363697098936, 39.93048771192678 ], [ -3.751363697098936, 39.931366257698258 ], [ -3.752103913066444, 39.931366257698258 ], [ -3.752103913066444, 39.934441079099038 ], [ -3.752844129033953, 39.934441079099038 ], [ -3.752844129033953, 39.936637295527682 ], [ -3.752103913066444, 39.936637295527682 ], [ -3.752103913066444, 39.939272662211422 ], [ -3.751363697098936, 39.939272662211422 ], [ -3.751363697098936, 39.941907927405616 ], [ -3.750623481131427, 39.941907927405616 ], [ -3.750623481131427, 39.943664714484513 ], [ -3.749883265163919, 39.943664714484513 ], [ -3.749883265163919, 39.944103904206173 ], [ -3.748402833228903, 39.944103904206173 ], [ -3.748402833228903, 39.944543091108599 ], [ -3.746922401293885, 39.944543091108599 ], [ -3.746922401293885, 39.944982275191784 ], [ -3.746182185326378, 39.944982275191784 ], [ -3.746182185326378, 39.945421456455712 ], [ -3.745441969358869, 39.945421456455712 ], [ -3.745441969358869, 39.944982275191784 ], [ -3.743961537423853, 39.944982275191784 ], [ -3.743961537423853, 39.944543091108599 ], [ -3.743221321456344, 39.944543091108599 ], [ -3.743221321456344, 39.944103904206173 ] ] ], [ [ [ -3.469341413478261, 40.253030605299436 ], [ -3.469341413478261, 40.252593405012497 ], [ -3.467860981543244, 40.252593405012497 ], [ -3.467860981543244, 40.251718995965156 ], [ -3.467120765575736, 40.251718995965156 ], [ -3.467120765575736, 40.249532923918622 ], [ -3.466380549608227, 40.249532923918622 ], [ -3.466380549608227, 40.247784015441454 ], [ -3.465640333640719, 40.247784015441454 ], [ -3.465640333640719, 40.246909544256376 ], [ -3.46490011767321, 40.246909544256376 ], [ -3.46490011767321, 40.247784015441454 ], [ -3.464159901705703, 40.247784015441454 ], [ -3.464159901705703, 40.248658475328888 ], [ -3.458978389933144, 40.248658475328888 ], [ -3.458978389933144, 40.248221246797378 ], [ -3.458238173965635, 40.248221246797378 ], [ -3.458238173965635, 40.246909544256376 ], [ -3.457497957998127, 40.246909544256376 ], [ -3.457497957998127, 40.246035061773718 ], [ -3.456757742030619, 40.246035061773718 ], [ -3.456757742030619, 40.244723316866896 ], [ -3.45601752606311, 40.244723316866896 ], [ -3.45601752606311, 40.242099750795745 ], [ -3.456757742030619, 40.242099750795745 ], [ -3.456757742030619, 40.241225206177418 ], [ -3.457497957998127, 40.241225206177418 ], [ -3.457497957998127, 40.23991336806769 ], [ -3.458238173965635, 40.23991336806769 ], [ -3.458238173965635, 40.239038795206454 ], [ -3.458978389933144, 40.239038795206454 ], [ -3.458978389933144, 40.238601504539439 ], [ -3.464159901705703, 40.238601504539439 ], [ -3.464159901705703, 40.239476083049205 ], [ -3.46490011767321, 40.239476083049205 ], [ -3.46490011767321, 40.23991336806769 ], [ -3.465640333640719, 40.23991336806769 ], [ -3.465640333640719, 40.240350650261888 ], [ -3.466380549608227, 40.240350650261888 ], [ -3.466380549608227, 40.239476083049205 ], [ -3.467120765575736, 40.239476083049205 ], [ -3.467120765575736, 40.238164211048165 ], [ -3.467860981543244, 40.238164211048165 ], [ -3.467860981543244, 40.237289615592864 ], [ -3.469341413478261, 40.237289615592864 ], [ -3.469341413478261, 40.236852313628852 ], [ -3.470081629445768, 40.236852313628852 ], [ -3.470081629445768, 40.236415008840616 ], [ -3.471562061380785, 40.236415008840616 ], [ -3.471562061380785, 40.235977701228158 ], [ -3.474522925250819, 40.235977701228158 ], [ -3.474522925250819, 40.236415008840616 ], [ -3.47822400508836, 40.236415008840616 ], [ -3.47822400508836, 40.236852313628852 ], [ -3.481184868958394, 40.236852313628852 ], [ -3.481184868958394, 40.237289615592864 ], [ -3.481925084925902, 40.237289615592864 ], [ -3.481925084925902, 40.237726914732633 ], [ -3.482665300893411, 40.237726914732633 ], [ -3.482665300893411, 40.238601504539439 ], [ -3.483405516860918, 40.238601504539439 ], [ -3.483405516860918, 40.239476083049205 ], [ -3.484145732828428, 40.239476083049205 ], [ -3.484145732828428, 40.2407879296318 ], [ -3.484885948795936, 40.2407879296318 ], [ -3.484885948795936, 40.243411546540848 ], [ -3.485626164763444, 40.243411546540848 ], [ -3.485626164763444, 40.248221246797378 ], [ -3.484885948795936, 40.248221246797378 ], [ -3.484885948795936, 40.249970143976832 ], [ -3.484145732828428, 40.249970143976832 ], [ -3.484145732828428, 40.251281787204768 ], [ -3.483405516860918, 40.251281787204768 ], [ -3.483405516860918, 40.251718995965156 ], [ -3.482665300893411, 40.251718995965156 ], [ -3.482665300893411, 40.252156201901066 ], [ -3.481184868958394, 40.252156201901066 ], [ -3.481184868958394, 40.252593405012497 ], [ -3.479704437023377, 40.252593405012497 ], [ -3.479704437023377, 40.253030605299436 ], [ -3.478964221055869, 40.253030605299436 ], [ -3.478964221055869, 40.253467802761868 ], [ -3.477483789120852, 40.253467802761868 ], [ -3.477483789120852, 40.253904997399822 ], [ -3.47378270928331, 40.253904997399822 ], [ -3.47378270928331, 40.253467802761868 ], [ -3.471562061380785, 40.253467802761868 ], [ -3.471562061380785, 40.253030605299436 ], [ -3.469341413478261, 40.253030605299436 ] ] ], [ [ [ -6.767003548727891, 42.560323590330576 ], [ -6.767003548727891, 42.559901646571909 ], [ -6.766263332760382, 42.559901646571909 ], [ -6.766263332760382, 42.559479699959915 ], [ -6.764782900825367, 42.559479699959915 ], [ -6.764782900825367, 42.559057750494581 ], [ -6.764042684857857, 42.559057750494581 ], [ -6.764042684857857, 42.558213843003912 ], [ -6.763302468890348, 42.558213843003912 ], [ -6.763302468890348, 42.556947960367992 ], [ -6.76256225292284, 42.556947960367992 ], [ -6.76256225292284, 42.555260076907061 ], [ -6.761822036955333, 42.555260076907061 ], [ -6.761822036955333, 42.553572147793325 ], [ -6.761081820987823, 42.553572147793325 ], [ -6.761081820987823, 42.551884173027034 ], [ -6.760341605020315, 42.551884173027034 ], [ -6.760341605020315, 42.54935212527954 ], [ -6.761081820987823, 42.54935212527954 ], [ -6.761081820987823, 42.547242007025581 ], [ -6.761822036955333, 42.547242007025581 ], [ -6.761822036955333, 42.546397939751351 ], [ -6.763302468890348, 42.546397939751351 ], [ -6.763302468890348, 42.545975901834403 ], [ -6.764042684857857, 42.545975901834403 ], [ -6.764042684857857, 42.545553861064228 ], [ -6.765523116792874, 42.545553861064228 ], [ -6.765523116792874, 42.54513181744084 ], [ -6.767743764695399, 42.54513181744084 ], [ -6.767743764695399, 42.545553861064228 ], [ -6.772185060500449, 42.545553861064228 ], [ -6.772185060500449, 42.545975901834403 ], [ -6.775145924370483, 42.545975901834403 ], [ -6.775145924370483, 42.546819974815079 ], [ -6.775886140337991, 42.546819974815079 ], [ -6.775886140337991, 42.548086062886881 ], [ -6.776626356305498, 42.548086062886881 ], [ -6.776626356305498, 42.548930107335231 ], [ -6.777366572273007, 42.548930107335231 ], [ -6.777366572273007, 42.550196152608407 ], [ -6.778106788240516, 42.550196152608407 ], [ -6.778106788240516, 42.553150158381676 ], [ -6.777366572273007, 42.553150158381676 ], [ -6.777366572273007, 42.556525993782721 ], [ -6.776626356305498, 42.556525993782721 ], [ -6.776626356305498, 42.559901646571909 ], [ -6.775886140337991, 42.559901646571909 ], [ -6.775886140337991, 42.560323590330576 ], [ -6.774405708402975, 42.560323590330576 ], [ -6.774405708402975, 42.560745531235895 ], [ -6.773665492435466, 42.560745531235895 ], [ -6.773665492435466, 42.561167469287867 ], [ -6.772925276467958, 42.561167469287867 ], [ -6.772925276467958, 42.561589404486483 ], [ -6.77144484453294, 42.561589404486483 ], [ -6.77144484453294, 42.561167469287867 ], [ -6.769964412597924, 42.561167469287867 ], [ -6.769964412597924, 42.560745531235895 ], [ -6.768483980662907, 42.560745531235895 ], [ -6.768483980662907, 42.560323590330576 ], [ -6.767003548727891, 42.560323590330576 ] ] ], [ [ [ -5.254742327108364, 42.639176913266134 ], [ -5.254742327108364, 42.640019724947905 ], [ -5.254002111140855, 42.640019724947905 ], [ -5.254002111140855, 42.640862525213642 ], [ -5.248820599368296, 42.640862525213642 ], [ -5.248820599368296, 42.640441126507781 ], [ -5.248080383400788, 42.640441126507781 ], [ -5.248080383400788, 42.639598320534027 ], [ -5.24734016743328, 42.639598320534027 ], [ -5.24734016743328, 42.639176913266134 ], [ -5.246599951465773, 42.639176913266134 ], [ -5.246599951465773, 42.63833409016835 ], [ -5.245859735498263, 42.63833409016835 ], [ -5.245859735498263, 42.634962683617694 ], [ -5.243639087595739, 42.634962683617694 ], [ -5.243639087595739, 42.634541244955976 ], [ -5.24289887162823, 42.634541244955976 ], [ -5.24289887162823, 42.634119803440299 ], [ -5.242158655660721, 42.634119803440299 ], [ -5.242158655660721, 42.633276911847048 ], [ -5.241418439693212, 42.633276911847048 ], [ -5.241418439693212, 42.632434008837983 ], [ -5.240678223725705, 42.632434008837983 ], [ -5.240678223725705, 42.626954861020479 ], [ -5.241418439693212, 42.626954861020479 ], [ -5.241418439693212, 42.626111872393693 ], [ -5.242158655660721, 42.626111872393693 ], [ -5.242158655660721, 42.624847368049309 ], [ -5.241418439693212, 42.624847368049309 ], [ -5.241418439693212, 42.624004350883631 ], [ -5.240678223725705, 42.624004350883631 ], [ -5.240678223725705, 42.618524461054932 ], [ -5.241418439693212, 42.618524461054932 ], [ -5.241418439693212, 42.618102911091185 ], [ -5.242158655660721, 42.618102911091185 ], [ -5.242158655660721, 42.617681358273622 ], [ -5.24289887162823, 42.617681358273622 ], [ -5.24289887162823, 42.61725980260222 ], [ -5.243639087595739, 42.61725980260222 ], [ -5.243639087595739, 42.616416682697974 ], [ -5.244379303563247, 42.616416682697974 ], [ -5.244379303563247, 42.615995118465136 ], [ -5.245119519530755, 42.615995118465136 ], [ -5.245119519530755, 42.615573551378468 ], [ -5.245859735498263, 42.615573551378468 ], [ -5.245859735498263, 42.615151981438004 ], [ -5.246599951465773, 42.615151981438004 ], [ -5.246599951465773, 42.614308832995668 ], [ -5.24734016743328, 42.614308832995668 ], [ -5.24734016743328, 42.613887254493811 ], [ -5.248080383400788, 42.613887254493811 ], [ -5.248080383400788, 42.613465673138144 ], [ -5.248820599368296, 42.613465673138144 ], [ -5.248820599368296, 42.613044088928696 ], [ -5.249560815335805, 42.613044088928696 ], [ -5.249560815335805, 42.612200911948449 ], [ -5.250301031303313, 42.612200911948449 ], [ -5.250301031303313, 42.61177931917765 ], [ -5.251041247270821, 42.61177931917765 ], [ -5.251041247270821, 42.611357723553077 ], [ -5.25178146323833, 42.611357723553077 ], [ -5.25178146323833, 42.610514523742623 ], [ -5.252521679205839, 42.610514523742623 ], [ -5.252521679205839, 42.610092919556742 ], [ -5.253261895173347, 42.610092919556742 ], [ -5.253261895173347, 42.609671312517108 ], [ -5.255482543075872, 42.609671312517108 ], [ -5.255482543075872, 42.610092919556742 ], [ -5.259923838880921, 42.610092919556742 ], [ -5.259923838880921, 42.610514523742623 ], [ -5.264365134685971, 42.610514523742623 ], [ -5.264365134685971, 42.611357723553077 ], [ -5.265105350653481, 42.611357723553077 ], [ -5.265105350653481, 42.612622501865467 ], [ -5.265845566620988, 42.612622501865467 ], [ -5.265845566620988, 42.613887254493811 ], [ -5.266585782588496, 42.613887254493811 ], [ -5.266585782588496, 42.614730408643737 ], [ -5.267325998556005, 42.614730408643737 ], [ -5.267325998556005, 42.615995118465136 ], [ -5.268066214523513, 42.615995118465136 ], [ -5.268066214523513, 42.61725980260222 ], [ -5.268806430491021, 42.61725980260222 ], [ -5.268806430491021, 42.618524461054932 ], [ -5.26954664645853, 42.618524461054932 ], [ -5.26954664645853, 42.619789093823158 ], [ -5.270286862426038, 42.619789093823158 ], [ -5.270286862426038, 42.621053700906799 ], [ -5.271027078393547, 42.621053700906799 ], [ -5.271027078393547, 42.629905231316165 ], [ -5.270286862426038, 42.629905231316165 ], [ -5.270286862426038, 42.630748168572502 ], [ -5.26954664645853, 42.630748168572502 ], [ -5.26954664645853, 42.631591094413118 ], [ -5.268806430491021, 42.631591094413118 ], [ -5.268806430491021, 42.632434008837983 ], [ -5.268066214523513, 42.632434008837983 ], [ -5.268066214523513, 42.632855461769488 ], [ -5.265845566620988, 42.632855461769488 ], [ -5.265845566620988, 42.633276911847048 ], [ -5.265105350653481, 42.633276911847048 ], [ -5.265105350653481, 42.63833409016835 ], [ -5.264365134685971, 42.63833409016835 ], [ -5.264365134685971, 42.638755503144239 ], [ -5.263624918718463, 42.638755503144239 ], [ -5.263624918718463, 42.639598320534027 ], [ -5.262884702750956, 42.639598320534027 ], [ -5.262884702750956, 42.640441126507781 ], [ -5.262144486783447, 42.640441126507781 ], [ -5.262144486783447, 42.640862525213642 ], [ -5.257703190978397, 42.640862525213642 ], [ -5.257703190978397, 42.640441126507781 ], [ -5.256962975010889, 42.640441126507781 ], [ -5.256962975010889, 42.640019724947905 ], [ -5.256222759043379, 42.640019724947905 ], [ -5.256222759043379, 42.639176913266134 ], [ -5.254742327108364, 42.639176913266134 ] ] ], [ [ [ -3.833527669492361, 43.41639242864612 ], [ -3.832787453524852, 43.41639242864612 ], [ -3.832787453524852, 43.415560210184402 ], [ -3.832047237557345, 43.415560210184402 ], [ -3.832047237557345, 43.414727980285306 ], [ -3.831307021589835, 43.414727980285306 ], [ -3.831307021589835, 43.408902050746981 ], [ -3.832047237557345, 43.408902050746981 ], [ -3.832047237557345, 43.40806972934962 ], [ -3.832787453524852, 43.40806972934962 ], [ -3.832787453524852, 43.40682122580882 ], [ -3.833527669492361, 43.40682122580882 ], [ -3.833527669492361, 43.405572696534385 ], [ -3.83426788545987, 43.405572696534385 ], [ -3.83426788545987, 43.404740329388332 ], [ -3.835008101427377, 43.404740329388332 ], [ -3.835008101427377, 43.403491757224629 ], [ -3.835748317394887, 43.403491757224629 ], [ -3.835748317394887, 43.403075560784856 ], [ -3.837968965297411, 43.403075560784856 ], [ -3.837968965297411, 43.402659361485796 ], [ -3.840189613199936, 43.402659361485796 ], [ -3.840189613199936, 43.402243159327469 ], [ -3.842410261102461, 43.402243159327469 ], [ -3.842410261102461, 43.402659361485796 ], [ -3.843150477069969, 43.402659361485796 ], [ -3.843150477069969, 43.403491757224629 ], [ -3.843890693037478, 43.403491757224629 ], [ -3.843890693037478, 43.404324141526388 ], [ -3.844630909004986, 43.404324141526388 ], [ -3.844630909004986, 43.405156514391003 ], [ -3.845371124972494, 43.405156514391003 ], [ -3.845371124972494, 43.408485891477945 ], [ -3.846111340940003, 43.408485891477945 ], [ -3.846111340940003, 43.411815085569515 ], [ -3.846851556907511, 43.411815085569515 ], [ -3.846851556907511, 43.413479613991676 ], [ -3.846111340940003, 43.413479613991676 ], [ -3.846111340940003, 43.414727980285306 ], [ -3.845371124972494, 43.414727980285306 ], [ -3.845371124972494, 43.415560210184402 ], [ -3.844630909004986, 43.415560210184402 ], [ -3.844630909004986, 43.416808533587954 ], [ -3.843890693037478, 43.416808533587954 ], [ -3.843890693037478, 43.417640734893581 ], [ -3.843150477069969, 43.417640734893581 ], [ -3.843150477069969, 43.418056831257374 ], [ -3.841670045134952, 43.418056831257374 ], [ -3.841670045134952, 43.417640734893581 ], [ -3.837228749329902, 43.417640734893581 ], [ -3.837228749329902, 43.417224635670451 ], [ -3.833527669492361, 43.417224635670451 ], [ -3.833527669492361, 43.41639242864612 ] ] ], [ [ [ -3.842410261102461, 43.449255909217044 ], [ -3.841670045134952, 43.449255909217044 ], [ -3.841670045134952, 43.448840027311263 ], [ -3.840929829167444, 43.448840027311263 ], [ -3.840929829167444, 43.44842414254596 ], [ -3.840189613199936, 43.44842414254596 ], [ -3.840189613199936, 43.448008254921135 ], [ -3.839449397232428, 43.448008254921135 ], [ -3.839449397232428, 43.447176471092916 ], [ -3.838709181264919, 43.447176471092916 ], [ -3.838709181264919, 43.446760574889538 ], [ -3.837968965297411, 43.446760574889538 ], [ -3.837968965297411, 43.445928773904249 ], [ -3.837228749329902, 43.445928773904249 ], [ -3.837228749329902, 43.443849221399674 ], [ -3.836488533362394, 43.443849221399674 ], [ -3.836488533362394, 43.440937727794456 ], [ -3.837228749329902, 43.440937727794456 ], [ -3.837228749329902, 43.439273954254269 ], [ -3.837968965297411, 43.439273954254269 ], [ -3.837968965297411, 43.438442050327325 ], [ -3.838709181264919, 43.438442050327325 ], [ -3.838709181264919, 43.438026094074658 ], [ -3.839449397232428, 43.438026094074658 ], [ -3.839449397232428, 43.437610134962526 ], [ -3.840189613199936, 43.437610134962526 ], [ -3.840189613199936, 43.437194172990928 ], [ -3.840929829167444, 43.437194172990928 ], [ -3.840929829167444, 43.436778208159879 ], [ -3.841670045134952, 43.436778208159879 ], [ -3.841670045134952, 43.43636224046935 ], [ -3.842410261102461, 43.43636224046935 ], [ -3.842410261102461, 43.43553029650996 ], [ -3.844630909004986, 43.43553029650996 ], [ -3.844630909004986, 43.435946269919384 ], [ -3.846111340940003, 43.435946269919384 ], [ -3.846111340940003, 43.43636224046935 ], [ -3.848331988842528, 43.43636224046935 ], [ -3.848331988842528, 43.436778208159879 ], [ -3.849812420777544, 43.436778208159879 ], [ -3.849812420777544, 43.438026094074658 ], [ -3.850552636745053, 43.438026094074658 ], [ -3.850552636745053, 43.439689901928531 ], [ -3.85129285271256, 43.439689901928531 ], [ -3.85129285271256, 43.440937727794456 ], [ -3.85203306868007, 43.440937727794456 ], [ -3.85203306868007, 43.443433302320251 ], [ -3.85129285271256, 43.443433302320251 ], [ -3.85129285271256, 43.444681050980009 ], [ -3.850552636745053, 43.444681050980009 ], [ -3.850552636745053, 43.446344675826651 ], [ -3.849812420777544, 43.446344675826651 ], [ -3.849812420777544, 43.447592364436787 ], [ -3.849072204810036, 43.447592364436787 ], [ -3.849072204810036, 43.448840027311263 ], [ -3.848331988842528, 43.448840027311263 ], [ -3.848331988842528, 43.449255909217044 ], [ -3.84759177287502, 43.449255909217044 ], [ -3.84759177287502, 43.449671788263302 ], [ -3.846111340940003, 43.449671788263302 ], [ -3.846111340940003, 43.450087664450024 ], [ -3.845371124972494, 43.450087664450024 ], [ -3.845371124972494, 43.450503537777223 ], [ -3.843890693037478, 43.450503537777223 ], [ -3.843890693037478, 43.450087664450024 ], [ -3.843150477069969, 43.450087664450024 ], [ -3.843150477069969, 43.449671788263302 ], [ -3.842410261102461, 43.449671788263302 ], [ -3.842410261102461, 43.449255909217044 ] ] ], [ [ [ -5.72255881857363, 43.536112471851069 ], [ -5.72255881857363, 43.535697187634213 ], [ -5.721818602606122, 43.535697187634213 ], [ -5.721818602606122, 43.535281900557365 ], [ -5.721078386638613, 43.535281900557365 ], [ -5.721078386638613, 43.534451317823752 ], [ -5.720338170671106, 43.534451317823752 ], [ -5.720338170671106, 43.53403602216698 ], [ -5.719597954703597, 43.53403602216698 ], [ -5.719597954703597, 43.533205422273518 ], [ -5.718857738736089, 43.533205422273518 ], [ -5.718857738736089, 43.532790118036843 ], [ -5.718117522768581, 43.532790118036843 ], [ -5.718117522768581, 43.531959500983589 ], [ -5.717377306801072, 43.531959500983589 ], [ -5.717377306801072, 43.531544188167018 ], [ -5.716637090833564, 43.531544188167018 ], [ -5.716637090833564, 43.531128872490477 ], [ -5.715896874866057, 43.531128872490477 ], [ -5.715896874866057, 43.526144861296039 ], [ -5.716637090833564, 43.526144861296039 ], [ -5.716637090833564, 43.525314152724491 ], [ -5.717377306801072, 43.525314152724491 ], [ -5.717377306801072, 43.524483432713232 ], [ -5.718117522768581, 43.524483432713232 ], [ -5.718117522768581, 43.523237331246925 ], [ -5.717377306801072, 43.523237331246925 ], [ -5.717377306801072, 43.518668072323983 ], [ -5.718117522768581, 43.518668072323983 ], [ -5.718117522768581, 43.517837260795666 ], [ -5.718857738736089, 43.517837260795666 ], [ -5.718857738736089, 43.517006437827789 ], [ -5.719597954703597, 43.517006437827789 ], [ -5.719597954703597, 43.516591022054023 ], [ -5.720338170671106, 43.516591022054023 ], [ -5.720338170671106, 43.516175603420372 ], [ -5.721818602606122, 43.516175603420372 ], [ -5.721818602606122, 43.516591022054023 ], [ -5.725519682443664, 43.516591022054023 ], [ -5.725519682443664, 43.516175603420372 ], [ -5.726259898411173, 43.516175603420372 ], [ -5.726259898411173, 43.515760181926844 ], [ -5.727000114378681, 43.515760181926844 ], [ -5.727000114378681, 43.51534475757343 ], [ -5.727740330346189, 43.51534475757343 ], [ -5.727740330346189, 43.514929330360154 ], [ -5.728480546313697, 43.514929330360154 ], [ -5.728480546313697, 43.514513900287 ], [ -5.729220762281205, 43.514513900287 ], [ -5.729220762281205, 43.514098467353968 ], [ -5.729960978248714, 43.514098467353968 ], [ -5.729960978248714, 43.513683031561072 ], [ -5.730701194216222, 43.513683031561072 ], [ -5.730701194216222, 43.513267592908306 ], [ -5.73144141018373, 43.513267592908306 ], [ -5.73144141018373, 43.512852151395684 ], [ -5.732921842118747, 43.512852151395684 ], [ -5.732921842118747, 43.513267592908306 ], [ -5.734402274053765, 43.513267592908306 ], [ -5.734402274053765, 43.513683031561072 ], [ -5.73588270598878, 43.513683031561072 ], [ -5.73588270598878, 43.514098467353968 ], [ -5.737363137923798, 43.514098467353968 ], [ -5.737363137923798, 43.514513900287 ], [ -5.738103353891305, 43.514513900287 ], [ -5.738103353891305, 43.514929330360154 ], [ -5.738843569858814, 43.514929330360154 ], [ -5.738843569858814, 43.515760181926844 ], [ -5.739583785826321, 43.515760181926844 ], [ -5.739583785826321, 43.516175603420372 ], [ -5.74032400179383, 43.516175603420372 ], [ -5.74032400179383, 43.517006437827789 ], [ -5.741064217761339, 43.517006437827789 ], [ -5.741064217761339, 43.517837260795666 ], [ -5.741804433728848, 43.517837260795666 ], [ -5.741804433728848, 43.519498872412733 ], [ -5.742544649696356, 43.519498872412733 ], [ -5.742544649696356, 43.520329661061893 ], [ -5.744025081631372, 43.520329661061893 ], [ -5.744025081631372, 43.519914268167263 ], [ -5.744765297598882, 43.519914268167263 ], [ -5.744765297598882, 43.519498872412733 ], [ -5.746245729533897, 43.519498872412733 ], [ -5.746245729533897, 43.519914268167263 ], [ -5.747726161468914, 43.519914268167263 ], [ -5.747726161468914, 43.520329661061893 ], [ -5.748466377436422, 43.520329661061893 ], [ -5.748466377436422, 43.520745051096618 ], [ -5.74920659340393, 43.520745051096618 ], [ -5.74920659340393, 43.521160438271444 ], [ -5.749946809371439, 43.521160438271444 ], [ -5.749946809371439, 43.522406582636464 ], [ -5.750687025338948, 43.522406582636464 ], [ -5.750687025338948, 43.524068068417712 ], [ -5.751427241306456, 43.524068068417712 ], [ -5.751427241306456, 43.525729508440229 ], [ -5.750687025338948, 43.525729508440229 ], [ -5.750687025338948, 43.527390902703871 ], [ -5.749946809371439, 43.527390902703871 ], [ -5.749946809371439, 43.528636918372264 ], [ -5.74920659340393, 43.528636918372264 ], [ -5.74920659340393, 43.529052251208505 ], [ -5.748466377436422, 43.529052251208505 ], [ -5.748466377436422, 43.529467581184797 ], [ -5.746985945501407, 43.529467581184797 ], [ -5.746985945501407, 43.529882908301154 ], [ -5.746245729533897, 43.529882908301154 ], [ -5.746245729533897, 43.530298232557548 ], [ -5.744765297598882, 43.530298232557548 ], [ -5.744765297598882, 43.529882908301154 ], [ -5.744025081631372, 43.529882908301154 ], [ -5.744025081631372, 43.529467581184797 ], [ -5.743284865663864, 43.529467581184797 ], [ -5.743284865663864, 43.529052251208505 ], [ -5.742544649696356, 43.529052251208505 ], [ -5.742544649696356, 43.528636918372264 ], [ -5.741804433728848, 43.528636918372264 ], [ -5.741804433728848, 43.529467581184797 ], [ -5.741064217761339, 43.529467581184797 ], [ -5.741064217761339, 43.530298232557548 ], [ -5.74032400179383, 43.530298232557548 ], [ -5.74032400179383, 43.531128872490477 ], [ -5.739583785826321, 43.531128872490477 ], [ -5.739583785826321, 43.53237481094019 ], [ -5.738843569858814, 43.53237481094019 ], [ -5.738843569858814, 43.533205422273518 ], [ -5.738103353891305, 43.533205422273518 ], [ -5.738103353891305, 43.53403602216698 ], [ -5.737363137923798, 43.53403602216698 ], [ -5.737363137923798, 43.534866610620547 ], [ -5.73662292195629, 43.534866610620547 ], [ -5.73662292195629, 43.535697187634213 ], [ -5.735142490021273, 43.535697187634213 ], [ -5.735142490021273, 43.536112471851069 ], [ -5.732921842118747, 43.536112471851069 ], [ -5.732921842118747, 43.536527753207956 ], [ -5.730701194216222, 43.536527753207956 ], [ -5.730701194216222, 43.536943031704851 ], [ -5.728480546313697, 43.536943031704851 ], [ -5.728480546313697, 43.537358307341755 ], [ -5.727000114378681, 43.537358307341755 ], [ -5.727000114378681, 43.536943031704851 ], [ -5.724039250508648, 43.536943031704851 ], [ -5.724039250508648, 43.536527753207956 ], [ -5.723299034541139, 43.536527753207956 ], [ -5.723299034541139, 43.536112471851069 ], [ -5.72255881857363, 43.536112471851069 ] ] ], [ [ [ -5.824708622089781, 43.546908857629347 ], [ -5.824708622089781, 43.54607843505606 ], [ -5.823968406122273, 43.54607843505606 ], [ -5.823968406122273, 43.545248001042651 ], [ -5.823228190154764, 43.545248001042651 ], [ -5.823228190154764, 43.544417555589114 ], [ -5.822487974187256, 43.544417555589114 ], [ -5.822487974187256, 43.543587098695482 ], [ -5.821747758219748, 43.543587098695482 ], [ -5.821747758219748, 43.542756630361758 ], [ -5.821007542252239, 43.542756630361758 ], [ -5.821007542252239, 43.54192615058799 ], [ -5.82026732628473, 43.54192615058799 ], [ -5.82026732628473, 43.541510906411077 ], [ -5.819527110317222, 43.541510906411077 ], [ -5.819527110317222, 43.537358307341755 ], [ -5.82026732628473, 43.537358307341755 ], [ -5.82026732628473, 43.534866610620547 ], [ -5.821007542252239, 43.534866610620547 ], [ -5.821007542252239, 43.534451317823752 ], [ -5.822487974187256, 43.534451317823752 ], [ -5.822487974187256, 43.53403602216698 ], [ -5.823228190154764, 43.53403602216698 ], [ -5.823228190154764, 43.533620723650237 ], [ -5.824708622089781, 43.533620723650237 ], [ -5.824708622089781, 43.533205422273518 ], [ -5.82544883805729, 43.533205422273518 ], [ -5.82544883805729, 43.532790118036843 ], [ -5.826189054024797, 43.532790118036843 ], [ -5.826189054024797, 43.531959500983589 ], [ -5.826929269992306, 43.531959500983589 ], [ -5.826929269992306, 43.531128872490477 ], [ -5.827669485959815, 43.531128872490477 ], [ -5.827669485959815, 43.530713553953994 ], [ -5.828409701927322, 43.530713553953994 ], [ -5.828409701927322, 43.529882908301154 ], [ -5.829149917894831, 43.529882908301154 ], [ -5.829149917894831, 43.529052251208505 ], [ -5.834331429667389, 43.529052251208505 ], [ -5.834331429667389, 43.529467581184797 ], [ -5.835071645634897, 43.529467581184797 ], [ -5.835071645634897, 43.529882908301154 ], [ -5.835811861602406, 43.529882908301154 ], [ -5.835811861602406, 43.530713553953994 ], [ -5.836552077569914, 43.530713553953994 ], [ -5.836552077569914, 43.531128872490477 ], [ -5.837292293537423, 43.531128872490477 ], [ -5.837292293537423, 43.531959500983589 ], [ -5.838032509504931, 43.531959500983589 ], [ -5.838032509504931, 43.53237481094019 ], [ -5.83877272547244, 43.53237481094019 ], [ -5.83877272547244, 43.533205422273518 ], [ -5.839512941439948, 43.533205422273518 ], [ -5.839512941439948, 43.533620723650237 ], [ -5.840253157407456, 43.533620723650237 ], [ -5.840253157407456, 43.534451317823752 ], [ -5.840993373374964, 43.534451317823752 ], [ -5.840993373374964, 43.534866610620547 ], [ -5.841733589342473, 43.534866610620547 ], [ -5.841733589342473, 43.535697187634213 ], [ -5.842473805309981, 43.535697187634213 ], [ -5.842473805309981, 43.537358307341755 ], [ -5.843214021277489, 43.537358307341755 ], [ -5.843214021277489, 43.539849901103352 ], [ -5.843954237244998, 43.539849901103352 ], [ -5.843954237244998, 43.544832779745889 ], [ -5.843214021277489, 43.544832779745889 ], [ -5.843214021277489, 43.54607843505606 ], [ -5.842473805309981, 43.54607843505606 ], [ -5.842473805309981, 43.546908857629347 ], [ -5.841733589342473, 43.546908857629347 ], [ -5.841733589342473, 43.54773926876247 ], [ -5.840993373374964, 43.54773926876247 ], [ -5.840993373374964, 43.548569668455436 ], [ -5.836552077569914, 43.548569668455436 ], [ -5.836552077569914, 43.548984864011857 ], [ -5.826929269992306, 43.548984864011857 ], [ -5.826929269992306, 43.54815447003898 ], [ -5.826189054024797, 43.54815447003898 ], [ -5.826189054024797, 43.54773926876247 ], [ -5.82544883805729, 43.54773926876247 ], [ -5.82544883805729, 43.546908857629347 ], [ -5.824708622089781, 43.546908857629347 ] ] ], [ [ [ -0.935582156697232, 35.573758764450957 ], [ -0.934841940729723, 35.573758764450957 ], [ -0.934841940729723, 35.57282688256965 ], [ -0.934101724762215, 35.57282688256965 ], [ -0.934101724762215, 35.572360937563893 ], [ -0.933361508794706, 35.572360937563893 ], [ -0.933361508794706, 35.571894989848083 ], [ -0.932621292827198, 35.571894989848083 ], [ -0.932621292827198, 35.570963086286405 ], [ -0.93188107685969, 35.570963086286405 ], [ -0.93188107685969, 35.570497130440543 ], [ -0.931140860892182, 35.570497130440543 ], [ -0.931140860892182, 35.5700311718847 ], [ -0.930400644924673, 35.5700311718847 ], [ -0.930400644924673, 35.56909924664312 ], [ -0.929660428957165, 35.56909924664312 ], [ -0.929660428957165, 35.563507467562687 ], [ -0.928920212989657, 35.563507467562687 ], [ -0.928920212989657, 35.56257546644526 ], [ -0.929660428957165, 35.56257546644526 ], [ -0.929660428957165, 35.562109461821933 ], [ -0.930400644924673, 35.562109461821933 ], [ -0.930400644924673, 35.561177444446159 ], [ -0.931140860892182, 35.561177444446159 ], [ -0.931140860892182, 35.560711431693733 ], [ -0.93188107685969, 35.560711431693733 ], [ -0.93188107685969, 35.560245416231631 ], [ -0.932621292827198, 35.560245416231631 ], [ -0.932621292827198, 35.559779398059881 ], [ -0.933361508794706, 35.559779398059881 ], [ -0.933361508794706, 35.559313377178498 ], [ -0.934101724762215, 35.559313377178498 ], [ -0.934101724762215, 35.558381327286853 ], [ -0.934841940729723, 35.558381327286853 ], [ -0.934841940729723, 35.557915298276626 ], [ -0.939283236534773, 35.557915298276626 ], [ -0.939283236534773, 35.558381327286853 ], [ -0.943724532339823, 35.558381327286853 ], [ -0.943724532339823, 35.558847353587474 ], [ -0.94520496427484, 35.558847353587474 ], [ -0.94520496427484, 35.559779398059881 ], [ -0.945945180242348, 35.559779398059881 ], [ -0.945945180242348, 35.560245416231631 ], [ -0.946685396209857, 35.560245416231631 ], [ -0.946685396209857, 35.561177444446159 ], [ -0.947425612177365, 35.561177444446159 ], [ -0.947425612177365, 35.56909924664312 ], [ -0.946685396209857, 35.56909924664312 ], [ -0.946685396209857, 35.571894989848083 ], [ -0.945945180242348, 35.571894989848083 ], [ -0.945945180242348, 35.57282688256965 ], [ -0.94520496427484, 35.57282688256965 ], [ -0.94520496427484, 35.573292824865341 ], [ -0.944464748307332, 35.573292824865341 ], [ -0.944464748307332, 35.574224701326465 ], [ -0.942984316372315, 35.574224701326465 ], [ -0.942984316372315, 35.574690635491883 ], [ -0.938543020567265, 35.574690635491883 ], [ -0.938543020567265, 35.575156566947186 ], [ -0.937062588632248, 35.575156566947186 ], [ -0.937062588632248, 35.574690635491883 ], [ -0.93632237266474, 35.574690635491883 ], [ -0.93632237266474, 35.574224701326465 ], [ -0.935582156697232, 35.574224701326465 ], [ -0.935582156697232, 35.573758764450957 ] ] ], [ [ [ -0.276049729647306, 35.824505411354338 ], [ -0.276049729647306, 35.824040934669902 ], [ -0.274569297712289, 35.824040934669902 ], [ -0.274569297712289, 35.8235764552674 ], [ -0.272348649809764, 35.8235764552674 ], [ -0.272348649809764, 35.82311197314683 ], [ -0.270128001907239, 35.82311197314683 ], [ -0.270128001907239, 35.822647488308213 ], [ -0.267167138037206, 35.822647488308213 ], [ -0.267167138037206, 35.822183000751579 ], [ -0.264946490134681, 35.822183000751579 ], [ -0.264946490134681, 35.821718510476927 ], [ -0.262725842232156, 35.821718510476927 ], [ -0.262725842232156, 35.821254017484272 ], [ -0.260505194329631, 35.821254017484272 ], [ -0.260505194329631, 35.820789521773627 ], [ -0.259764978362122, 35.820789521773627 ], [ -0.259764978362122, 35.819860522198454 ], [ -0.259024762394614, 35.819860522198454 ], [ -0.259024762394614, 35.81939601833394 ], [ -0.258284546427106, 35.81939601833394 ], [ -0.258284546427106, 35.818467002451158 ], [ -0.257544330459597, 35.818467002451158 ], [ -0.257544330459597, 35.818002490432896 ], [ -0.256804114492089, 35.818002490432896 ], [ -0.256804114492089, 35.81753797569678 ], [ -0.255323682557072, 35.81753797569678 ], [ -0.255323682557072, 35.817073458242774 ], [ -0.253843250622056, 35.817073458242774 ], [ -0.253843250622056, 35.816608938070921 ], [ -0.252362818687039, 35.816608938070921 ], [ -0.252362818687039, 35.816144415181228 ], [ -0.250882386752022, 35.816144415181228 ], [ -0.250882386752022, 35.815679889573708 ], [ -0.250142170784514, 35.815679889573708 ], [ -0.250142170784514, 35.814750830205249 ], [ -0.249401954817006, 35.814750830205249 ], [ -0.249401954817006, 35.814286296444358 ], [ -0.248661738849497, 35.814286296444358 ], [ -0.248661738849497, 35.813357220769255 ], [ -0.247921522881989, 35.813357220769255 ], [ -0.247921522881989, 35.812428134223211 ], [ -0.247181306914481, 35.812428134223211 ], [ -0.247181306914481, 35.811963586873631 ], [ -0.246441090946972, 35.811963586873631 ], [ -0.246441090946972, 35.811499036806339 ], [ -0.243480227076939, 35.811499036806339 ], [ -0.243480227076939, 35.811963586873631 ], [ -0.242740011109431, 35.811963586873631 ], [ -0.242740011109431, 35.812428134223211 ], [ -0.241999795141922, 35.812428134223211 ], [ -0.241999795141922, 35.813357220769255 ], [ -0.241259579174414, 35.813357220769255 ], [ -0.241259579174414, 35.813821759965677 ], [ -0.240519363206906, 35.813821759965677 ], [ -0.240519363206906, 35.814750830205249 ], [ -0.239779147239397, 35.814750830205249 ], [ -0.239779147239397, 35.815215361248384 ], [ -0.239038931271889, 35.815215361248384 ], [ -0.239038931271889, 35.815679889573708 ], [ -0.235337851434347, 35.815679889573708 ], [ -0.235337851434347, 35.815215361248384 ], [ -0.231636771596806, 35.815215361248384 ], [ -0.231636771596806, 35.814750830205249 ], [ -0.230896555629297, 35.814750830205249 ], [ -0.230896555629297, 35.813357220769255 ], [ -0.230156339661789, 35.813357220769255 ], [ -0.230156339661789, 35.812428134223211 ], [ -0.229416123694281, 35.812428134223211 ], [ -0.229416123694281, 35.811034484021377 ], [ -0.228675907726772, 35.811034484021377 ], [ -0.228675907726772, 35.810105370298473 ], [ -0.227935691759264, 35.810105370298473 ], [ -0.227935691759264, 35.809176245705025 ], [ -0.227195475791756, 35.809176245705025 ], [ -0.227195475791756, 35.80731796390701 ], [ -0.227935691759264, 35.80731796390701 ], [ -0.227935691759264, 35.805924224024189 ], [ -0.228675907726772, 35.805924224024189 ], [ -0.228675907726772, 35.804530459683846 ], [ -0.229416123694281, 35.804530459683846 ], [ -0.229416123694281, 35.803601269869652 ], [ -0.230156339661789, 35.803601269869652 ], [ -0.230156339661789, 35.803136670886389 ], [ -0.230896555629297, 35.803136670886389 ], [ -0.230896555629297, 35.802672069185711 ], [ -0.231636771596806, 35.802672069185711 ], [ -0.231636771596806, 35.80220746476764 ], [ -0.232376987564314, 35.80220746476764 ], [ -0.232376987564314, 35.801742857632192 ], [ -0.237558499336872, 35.801742857632192 ], [ -0.237558499336872, 35.80220746476764 ], [ -0.238298715304381, 35.80220746476764 ], [ -0.238298715304381, 35.802672069185711 ], [ -0.239038931271889, 35.802672069185711 ], [ -0.239038931271889, 35.800813635209181 ], [ -0.239779147239397, 35.800813635209181 ], [ -0.239779147239397, 35.799884401916799 ], [ -0.240519363206906, 35.799884401916799 ], [ -0.240519363206906, 35.799419781194644 ], [ -0.241259579174414, 35.799419781194644 ], [ -0.241259579174414, 35.798955157755167 ], [ -0.242740011109431, 35.798955157755167 ], [ -0.242740011109431, 35.798490531598425 ], [ -0.245700874979464, 35.798490531598425 ], [ -0.245700874979464, 35.798955157755167 ], [ -0.247181306914481, 35.798955157755167 ], [ -0.247181306914481, 35.799419781194644 ], [ -0.249401954817006, 35.799419781194644 ], [ -0.249401954817006, 35.799884401916799 ], [ -0.250882386752022, 35.799884401916799 ], [ -0.250882386752022, 35.799419781194644 ], [ -0.252362818687039, 35.799419781194644 ], [ -0.252362818687039, 35.798955157755167 ], [ -0.253843250622056, 35.798955157755167 ], [ -0.253843250622056, 35.798490531598425 ], [ -0.255323682557072, 35.798490531598425 ], [ -0.255323682557072, 35.798025902724412 ], [ -0.261245410297139, 35.798025902724412 ], [ -0.261245410297139, 35.798490531598425 ], [ -0.266426922069697, 35.798490531598425 ], [ -0.266426922069697, 35.799419781194644 ], [ -0.267167138037206, 35.799419781194644 ], [ -0.267167138037206, 35.799884401916799 ], [ -0.267907354004714, 35.799884401916799 ], [ -0.267907354004714, 35.800349019921647 ], [ -0.268647569972222, 35.800349019921647 ], [ -0.268647569972222, 35.801278247779365 ], [ -0.269387785939731, 35.801278247779365 ], [ -0.269387785939731, 35.801742857632192 ], [ -0.270128001907239, 35.801742857632192 ], [ -0.270128001907239, 35.80220746476764 ], [ -0.270868217874747, 35.80220746476764 ], [ -0.270868217874747, 35.803136670886389 ], [ -0.271608433842256, 35.803136670886389 ], [ -0.271608433842256, 35.803601269869652 ], [ -0.272348649809764, 35.803601269869652 ], [ -0.272348649809764, 35.804530459683846 ], [ -0.273088865777272, 35.804530459683846 ], [ -0.273088865777272, 35.804995050514783 ], [ -0.273829081744781, 35.804995050514783 ], [ -0.273829081744781, 35.804065866135467 ], [ -0.274569297712289, 35.804065866135467 ], [ -0.274569297712289, 35.803136670886389 ], [ -0.275309513679797, 35.803136670886389 ], [ -0.275309513679797, 35.80220746476764 ], [ -0.276049729647306, 35.80220746476764 ], [ -0.276049729647306, 35.801742857632192 ], [ -0.276789945614814, 35.801742857632192 ], [ -0.276789945614814, 35.801278247779365 ], [ -0.278270377549831, 35.801278247779365 ], [ -0.278270377549831, 35.800813635209181 ], [ -0.279010593517339, 35.800813635209181 ], [ -0.279010593517339, 35.800349019921647 ], [ -0.280491025452356, 35.800349019921647 ], [ -0.280491025452356, 35.800813635209181 ], [ -0.281231241419864, 35.800813635209181 ], [ -0.281231241419864, 35.801278247779365 ], [ -0.282711673354881, 35.801278247779365 ], [ -0.282711673354881, 35.801742857632192 ], [ -0.283451889322389, 35.801742857632192 ], [ -0.283451889322389, 35.80220746476764 ], [ -0.284192105289897, 35.80220746476764 ], [ -0.284192105289897, 35.805459638628236 ], [ -0.284932321257406, 35.805459638628236 ], [ -0.284932321257406, 35.809640809360559 ], [ -0.285672537224914, 35.809640809360559 ], [ -0.285672537224914, 35.813821759965677 ], [ -0.286412753192422, 35.813821759965677 ], [ -0.286412753192422, 35.818467002451158 ], [ -0.287152969159931, 35.818467002451158 ], [ -0.287152969159931, 35.821254017484272 ], [ -0.286412753192422, 35.821254017484272 ], [ -0.286412753192422, 35.822183000751579 ], [ -0.285672537224914, 35.822183000751579 ], [ -0.285672537224914, 35.822647488308213 ], [ -0.284932321257406, 35.822647488308213 ], [ -0.284932321257406, 35.82311197314683 ], [ -0.284192105289897, 35.82311197314683 ], [ -0.284192105289897, 35.8235764552674 ], [ -0.283451889322389, 35.8235764552674 ], [ -0.283451889322389, 35.824040934669902 ], [ -0.282711673354881, 35.824040934669902 ], [ -0.282711673354881, 35.824505411354338 ], [ -0.281971457387372, 35.824505411354338 ], [ -0.281971457387372, 35.824969885320684 ], [ -0.281231241419864, 35.824969885320684 ], [ -0.281231241419864, 35.82543435656892 ], [ -0.280491025452356, 35.82543435656892 ], [ -0.280491025452356, 35.825898825099053 ], [ -0.278270377549831, 35.825898825099053 ], [ -0.278270377549831, 35.82543435656892 ], [ -0.277530161582322, 35.82543435656892 ], [ -0.277530161582322, 35.824969885320684 ], [ -0.276789945614814, 35.824969885320684 ], [ -0.276789945614814, 35.824505411354338 ], [ -0.276049729647306, 35.824505411354338 ] ] ], [ [ [ 0.132549484417295, 36.023515014889895 ], [ 0.132549484417295, 36.023051705596806 ], [ 0.133289700384803, 36.023051705596806 ], [ 0.133289700384803, 36.020735118267581 ], [ 0.134029916352311, 36.020735118267581 ], [ 0.134029916352311, 36.015175030812422 ], [ 0.133289700384803, 36.015175030812422 ], [ 0.133289700384803, 36.014711672484637 ], [ 0.132549484417295, 36.014711672484637 ], [ 0.132549484417295, 36.01378494765703 ], [ 0.131809268449787, 36.01378494765703 ], [ 0.131809268449787, 36.012858211933477 ], [ 0.131069052482278, 36.012858211933477 ], [ 0.131069052482278, 36.01239483998576 ], [ 0.13032883651477, 36.01239483998576 ], [ 0.13032883651477, 36.011468087918502 ], [ 0.129588620547261, 36.011468087918502 ], [ 0.129588620547261, 36.011004707799003 ], [ 0.123666892807195, 36.011004707799003 ], [ 0.123666892807195, 36.011468087918502 ], [ 0.122926676839686, 36.011468087918502 ], [ 0.122926676839686, 36.011931465314092 ], [ 0.122186460872178, 36.011931465314092 ], [ 0.122186460872178, 36.012858211933477 ], [ 0.12144624490467, 36.012858211933477 ], [ 0.12144624490467, 36.013321581157236 ], [ 0.120706028937161, 36.013321581157236 ], [ 0.120706028937161, 36.01378494765703 ], [ 0.119965812969653, 36.01378494765703 ], [ 0.119965812969653, 36.014248311432823 ], [ 0.119225597002145, 36.014248311432823 ], [ 0.119225597002145, 36.015175030812422 ], [ 0.119965812969653, 36.015175030812422 ], [ 0.119965812969653, 36.02119844118188 ], [ 0.120706028937161, 36.02119844118188 ], [ 0.120706028937161, 36.023051705596806 ], [ 0.12144624490467, 36.023051705596806 ], [ 0.12144624490467, 36.023978321458699 ], [ 0.122186460872178, 36.023978321458699 ], [ 0.122186460872178, 36.024441625303204 ], [ 0.122926676839686, 36.024441625303204 ], [ 0.122926676839686, 36.025368224819253 ], [ 0.128108188612245, 36.025368224819253 ], [ 0.128108188612245, 36.025831520490769 ], [ 0.13032883651477, 36.025831520490769 ], [ 0.13032883651477, 36.024904926423396 ], [ 0.131069052482278, 36.024904926423396 ], [ 0.131069052482278, 36.024441625303204 ], [ 0.131809268449787, 36.024441625303204 ], [ 0.131809268449787, 36.023515014889895 ], [ 0.132549484417295, 36.023515014889895 ] ] ], [ [ [ 1.245094083582321, 36.136943660476909 ], [ 1.246574515517338, 36.136943660476909 ], [ 1.246574515517338, 36.135555728038689 ], [ 1.247314731484846, 36.135555728038689 ], [ 1.247314731484846, 36.13370511326643 ], [ 1.248054947452355, 36.13370511326643 ], [ 1.248054947452355, 36.132317123546741 ], [ 1.248795163419863, 36.132317123546741 ], [ 1.248795163419863, 36.130466432400581 ], [ 1.249535379387371, 36.130466432400581 ], [ 1.249535379387371, 36.129078385401499 ], [ 1.25027559535488, 36.129078385401499 ], [ 1.25027559535488, 36.123988669722088 ], [ 1.249535379387371, 36.123988669722088 ], [ 1.249535379387371, 36.123063231414996 ], [ 1.248795163419863, 36.123063231414996 ], [ 1.248795163419863, 36.122137782198543 ], [ 1.248054947452355, 36.122137782198543 ], [ 1.248054947452355, 36.121212322072857 ], [ 1.247314731484846, 36.121212322072857 ], [ 1.247314731484846, 36.120286851038067 ], [ 1.246574515517338, 36.120286851038067 ], [ 1.246574515517338, 36.119824111429786 ], [ 1.245834299549829, 36.119824111429786 ], [ 1.245834299549829, 36.119361369094264 ], [ 1.244353867614813, 36.119361369094264 ], [ 1.244353867614813, 36.118898624031523 ], [ 1.243613651647304, 36.118898624031523 ], [ 1.243613651647304, 36.11843587624157 ], [ 1.242133219712288, 36.11843587624157 ], [ 1.242133219712288, 36.118898624031523 ], [ 1.24139300374478, 36.118898624031523 ], [ 1.24139300374478, 36.119361369094264 ], [ 1.239912571809763, 36.119361369094264 ], [ 1.239912571809763, 36.119824111429786 ], [ 1.239172355842254, 36.119824111429786 ], [ 1.239172355842254, 36.120286851038067 ], [ 1.237691923907238, 36.120286851038067 ], [ 1.237691923907238, 36.11843587624157 ], [ 1.236951707939729, 36.11843587624157 ], [ 1.236951707939729, 36.117047616508593 ], [ 1.236211491972221, 36.117047616508593 ], [ 1.236211491972221, 36.11658485780994 ], [ 1.235471276004713, 36.11658485780994 ], [ 1.235471276004713, 36.115659332231232 ], [ 1.234731060037205, 36.115659332231232 ], [ 1.234731060037205, 36.115196565351212 ], [ 1.231029980199663, 36.115196565351212 ], [ 1.231029980199663, 36.115659332231232 ], [ 1.228809332297138, 36.115659332231232 ], [ 1.228809332297138, 36.116122096384153 ], [ 1.22806911632963, 36.116122096384153 ], [ 1.22806911632963, 36.11658485780994 ], [ 1.227328900362121, 36.11658485780994 ], [ 1.227328900362121, 36.120286851038067 ], [ 1.226588684394613, 36.120286851038067 ], [ 1.226588684394613, 36.122600508170429 ], [ 1.227328900362121, 36.122600508170429 ], [ 1.227328900362121, 36.123063231414996 ], [ 1.22806911632963, 36.123063231414996 ], [ 1.22806911632963, 36.123988669722088 ], [ 1.228809332297138, 36.123988669722088 ], [ 1.228809332297138, 36.124451384784592 ], [ 1.229549548264646, 36.124451384784592 ], [ 1.229549548264646, 36.124914097119721 ], [ 1.233250628102188, 36.124914097119721 ], [ 1.233250628102188, 36.125376806727459 ], [ 1.232510412134679, 36.125376806727459 ], [ 1.232510412134679, 36.126764919186158 ], [ 1.231770196167171, 36.126764919186158 ], [ 1.231770196167171, 36.128153007097822 ], [ 1.231029980199663, 36.128153007097822 ], [ 1.231029980199663, 36.129541070462068 ], [ 1.231770196167171, 36.129541070462068 ], [ 1.231770196167171, 36.130929109278505 ], [ 1.232510412134679, 36.130929109278505 ], [ 1.232510412134679, 36.132317123546741 ], [ 1.233250628102188, 36.132317123546741 ], [ 1.233250628102188, 36.13370511326643 ], [ 1.233990844069696, 36.13370511326643 ], [ 1.233990844069696, 36.135093078437173 ], [ 1.234731060037205, 36.135093078437173 ], [ 1.234731060037205, 36.136481019058579 ], [ 1.236211491972221, 36.136481019058579 ], [ 1.236211491972221, 36.136943660476909 ], [ 1.236951707939729, 36.136943660476909 ], [ 1.236951707939729, 36.13740629916748 ], [ 1.238432139874746, 36.13740629916748 ], [ 1.238432139874746, 36.137868935130264 ], [ 1.239172355842254, 36.137868935130264 ], [ 1.239172355842254, 36.138331568365288 ], [ 1.242873435679796, 36.138331568365288 ], [ 1.242873435679796, 36.137868935130264 ], [ 1.244353867614813, 36.137868935130264 ], [ 1.244353867614813, 36.13740629916748 ], [ 1.245094083582321, 36.13740629916748 ], [ 1.245094083582321, 36.136943660476909 ] ] ], [ [ [ 2.935007137403848, 36.145270739546369 ], [ 2.935007137403848, 36.143420353912397 ], [ 2.935747353371357, 36.143420353912397 ], [ 2.935747353371357, 36.141107310491023 ], [ 2.936487569338865, 36.141107310491023 ], [ 2.936487569338865, 36.13740629916748 ], [ 2.935747353371357, 36.13740629916748 ], [ 2.935747353371357, 36.136018374912496 ], [ 2.935007137403848, 36.136018374912496 ], [ 2.935007137403848, 36.134167771051025 ], [ 2.93426692143634, 36.134167771051025 ], [ 2.93426692143634, 36.13370511326643 ], [ 2.933526705468831, 36.13370511326643 ], [ 2.933526705468831, 36.133242452754182 ], [ 2.932046273533815, 36.133242452754182 ], [ 2.932046273533815, 36.132779789514281 ], [ 2.92982562563129, 36.132779789514281 ], [ 2.92982562563129, 36.132317123546741 ], [ 2.928345193696273, 36.132317123546741 ], [ 2.928345193696273, 36.131854454851599 ], [ 2.927604977728765, 36.131854454851599 ], [ 2.927604977728765, 36.130929109278505 ], [ 2.926864761761257, 36.130929109278505 ], [ 2.926864761761257, 36.130003752795091 ], [ 2.926124545793748, 36.130003752795091 ], [ 2.926124545793748, 36.129078385401499 ], [ 2.92538432982624, 36.129078385401499 ], [ 2.92538432982624, 36.128153007097822 ], [ 2.923903897891223, 36.128153007097822 ], [ 2.923903897891223, 36.128615697613419 ], [ 2.921683249988698, 36.128615697613419 ], [ 2.921683249988698, 36.129078385401499 ], [ 2.919462602086173, 36.129078385401499 ], [ 2.919462602086173, 36.129541070462068 ], [ 2.918722386118665, 36.129541070462068 ], [ 2.918722386118665, 36.130003752795091 ], [ 2.917982170151157, 36.130003752795091 ], [ 2.917982170151157, 36.13370511326643 ], [ 2.917241954183648, 36.13370511326643 ], [ 2.917241954183648, 36.135555728038689 ], [ 2.917982170151157, 36.135555728038689 ], [ 2.917982170151157, 36.136481019058579 ], [ 2.918722386118665, 36.136481019058579 ], [ 2.918722386118665, 36.136943660476909 ], [ 2.919462602086173, 36.136943660476909 ], [ 2.919462602086173, 36.137868935130264 ], [ 2.920202818053682, 36.137868935130264 ], [ 2.920202818053682, 36.139719451703449 ], [ 2.92094303402119, 36.139719451703449 ], [ 2.92094303402119, 36.142495144727611 ], [ 2.921683249988698, 36.142495144727611 ], [ 2.921683249988698, 36.145270739546369 ], [ 2.922423465956207, 36.145270739546369 ], [ 2.922423465956207, 36.14573332913487 ], [ 2.924644113858732, 36.14573332913487 ], [ 2.924644113858732, 36.146195915995342 ], [ 2.926124545793748, 36.146195915995342 ], [ 2.926124545793748, 36.146658500127771 ], [ 2.928345193696273, 36.146658500127771 ], [ 2.928345193696273, 36.147121081532141 ], [ 2.932046273533815, 36.147121081532141 ], [ 2.932046273533815, 36.146658500127771 ], [ 2.932786489501323, 36.146658500127771 ], [ 2.932786489501323, 36.146195915995342 ], [ 2.93426692143634, 36.146195915995342 ], [ 2.93426692143634, 36.145270739546369 ], [ 2.935007137403848, 36.145270739546369 ] ] ], [ [ [ 3.75220556553305, 36.187355219123539 ], [ 3.753685997468065, 36.187355219123539 ], [ 3.753685997468065, 36.186892875113685 ], [ 3.754426213435575, 36.186892875113685 ], [ 3.754426213435575, 36.185043471781654 ], [ 3.755166429403083, 36.185043471781654 ], [ 3.755166429403083, 36.183194024782118 ], [ 3.755906645370591, 36.183194024782118 ], [ 3.755906645370591, 36.18180691087619 ], [ 3.756646861338099, 36.18180691087619 ], [ 3.756646861338099, 36.17903260937846 ], [ 3.755906645370591, 36.17903260937846 ], [ 3.755906645370591, 36.177183020465691 ], [ 3.755166429403083, 36.177183020465691 ], [ 3.755166429403083, 36.175795800126778 ], [ 3.754426213435575, 36.175795800126778 ], [ 3.754426213435575, 36.173946134803117 ], [ 3.753685997468065, 36.173946134803117 ], [ 3.753685997468065, 36.173021285767938 ], [ 3.75220556553305, 36.173021285767938 ], [ 3.75220556553305, 36.172558857157064 ], [ 3.750725133598033, 36.172558857157064 ], [ 3.750725133598033, 36.17209642581733 ], [ 3.749244701663016, 36.17209642581733 ], [ 3.749244701663016, 36.171633991748799 ], [ 3.747024053760491, 36.171633991748799 ], [ 3.747024053760491, 36.171171554951435 ], [ 3.744803405857966, 36.171171554951435 ], [ 3.744803405857966, 36.171633991748799 ], [ 3.744063189890458, 36.171633991748799 ], [ 3.744063189890458, 36.17209642581733 ], [ 3.742582757955441, 36.17209642581733 ], [ 3.742582757955441, 36.172558857157064 ], [ 3.741842541987933, 36.172558857157064 ], [ 3.741842541987933, 36.173483711649958 ], [ 3.741102326020424, 36.173483711649958 ], [ 3.741102326020424, 36.174870972922768 ], [ 3.740362110052916, 36.174870972922768 ], [ 3.740362110052916, 36.176258209635364 ], [ 3.739621894085408, 36.176258209635364 ], [ 3.739621894085408, 36.177645421787389 ], [ 3.738881678117899, 36.177645421787389 ], [ 3.738881678117899, 36.17903260937846 ], [ 3.738141462150391, 36.17903260937846 ], [ 3.738141462150391, 36.180419772408193 ], [ 3.737401246182882, 36.180419772408193 ], [ 3.737401246182882, 36.183656390625785 ], [ 3.738141462150391, 36.183656390625785 ], [ 3.738141462150391, 36.185968178906165 ], [ 3.738881678117899, 36.185968178906165 ], [ 3.738881678117899, 36.186892875113685 ], [ 3.740362110052916, 36.186892875113685 ], [ 3.740362110052916, 36.187355219123539 ], [ 3.741102326020424, 36.187355219123539 ], [ 3.741102326020424, 36.187817560404099 ], [ 3.742582757955441, 36.187817560404099 ], [ 3.742582757955441, 36.188279898955365 ], [ 3.743322973922949, 36.188279898955365 ], [ 3.743322973922949, 36.188742234777301 ], [ 3.744803405857966, 36.188742234777301 ], [ 3.744803405857966, 36.189204567869922 ], [ 3.747764269728, 36.189204567869922 ], [ 3.747764269728, 36.188742234777301 ], [ 3.749244701663016, 36.188742234777301 ], [ 3.749244701663016, 36.188279898955365 ], [ 3.750725133598033, 36.188279898955365 ], [ 3.750725133598033, 36.187817560404099 ], [ 3.75220556553305, 36.187817560404099 ], [ 3.75220556553305, 36.187355219123539 ] ] ], [ [ [ 3.14300782427369, 36.605575656796958 ], [ 3.14300782427369, 36.603736188775677 ], [ 3.143748040241198, 36.603736188775677 ], [ 3.143748040241198, 36.600976904495894 ], [ 3.144488256208707, 36.600976904495894 ], [ 3.144488256208707, 36.598677425537396 ], [ 3.145228472176215, 36.598677425537396 ], [ 3.145228472176215, 36.595917960319227 ], [ 3.144488256208707, 36.595917960319227 ], [ 3.144488256208707, 36.594078262012708 ], [ 3.143748040241198, 36.594078262012708 ], [ 3.143748040241198, 36.593158396411461 ], [ 3.14300782427369, 36.593158396411461 ], [ 3.14300782427369, 36.592698459498877 ], [ 3.142267608306182, 36.592698459498877 ], [ 3.142267608306182, 36.592238519845012 ], [ 3.140787176371165, 36.592238519845012 ], [ 3.140787176371165, 36.591778577449873 ], [ 3.140046960403657, 36.591778577449873 ], [ 3.140046960403657, 36.591318632313481 ], [ 3.13856652846864, 36.591318632313481 ], [ 3.13856652846864, 36.590858684435844 ], [ 3.137086096533624, 36.590858684435844 ], [ 3.137086096533624, 36.591318632313481 ], [ 3.133385016696082, 36.591318632313481 ], [ 3.133385016696082, 36.591778577449873 ], [ 3.131164368793557, 36.591778577449873 ], [ 3.131164368793557, 36.592238519845012 ], [ 3.130424152826048, 36.592238519845012 ], [ 3.130424152826048, 36.592698459498877 ], [ 3.12968393685854, 36.592698459498877 ], [ 3.12968393685854, 36.594078262012708 ], [ 3.128943720891032, 36.594078262012708 ], [ 3.128943720891032, 36.594998116648675 ], [ 3.128203504923524, 36.594998116648675 ], [ 3.128203504923524, 36.595917960319227 ], [ 3.127463288956015, 36.595917960319227 ], [ 3.127463288956015, 36.598217521521264 ], [ 3.128203504923524, 36.598217521521264 ], [ 3.128203504923524, 36.600057121136963 ], [ 3.128943720891032, 36.600057121136963 ], [ 3.128943720891032, 36.601436792063076 ], [ 3.12968393685854, 36.601436792063076 ], [ 3.12968393685854, 36.603276314916315 ], [ 3.130424152826048, 36.603276314916315 ], [ 3.130424152826048, 36.605115793904091 ], [ 3.131164368793557, 36.605115793904091 ], [ 3.131164368793557, 36.605575656796958 ], [ 3.132644800728573, 36.605575656796958 ], [ 3.132644800728573, 36.606035516948175 ], [ 3.134865448631099, 36.606035516948175 ], [ 3.134865448631099, 36.606495374357721 ], [ 3.137086096533624, 36.606495374357721 ], [ 3.137086096533624, 36.60695522902558 ], [ 3.139306744436149, 36.60695522902558 ], [ 3.139306744436149, 36.606495374357721 ], [ 3.140787176371165, 36.606495374357721 ], [ 3.140787176371165, 36.606035516948175 ], [ 3.141527392338674, 36.606035516948175 ], [ 3.141527392338674, 36.605575656796958 ], [ 3.14300782427369, 36.605575656796958 ] ] ], [ [ [ 2.890594179353348, 36.61017413493235 ], [ 2.890594179353348, 36.608334776578928 ], [ 2.891334395320857, 36.608334776578928 ], [ 2.891334395320857, 36.606495374357721 ], [ 2.892074611288365, 36.606495374357721 ], [ 2.892074611288365, 36.606035516948175 ], [ 2.891334395320857, 36.606035516948175 ], [ 2.891334395320857, 36.605115793904091 ], [ 2.892814827255873, 36.605115793904091 ], [ 2.892814827255873, 36.605575656796958 ], [ 2.893555043223381, 36.605575656796958 ], [ 2.893555043223381, 36.606035516948175 ], [ 2.895035475158398, 36.606035516948175 ], [ 2.895035475158398, 36.605575656796958 ], [ 2.895775691125907, 36.605575656796958 ], [ 2.895775691125907, 36.605115793904091 ], [ 2.896515907093415, 36.605115793904091 ], [ 2.896515907093415, 36.604655928269572 ], [ 2.897256123060923, 36.604655928269572 ], [ 2.897256123060923, 36.604196059893432 ], [ 2.897996339028431, 36.604196059893432 ], [ 2.897996339028431, 36.603736188775677 ], [ 2.89873655499594, 36.603736188775677 ], [ 2.89873655499594, 36.603276314916315 ], [ 2.899476770963448, 36.603276314916315 ], [ 2.899476770963448, 36.602816438315351 ], [ 2.900216986930956, 36.602816438315351 ], [ 2.900216986930956, 36.602356558972815 ], [ 2.901697418865973, 36.602356558972815 ], [ 2.901697418865973, 36.601896676888721 ], [ 2.902437634833482, 36.601896676888721 ], [ 2.902437634833482, 36.600057121136963 ], [ 2.90317785080099, 36.600057121136963 ], [ 2.90317785080099, 36.598217521521264 ], [ 2.903918066768498, 36.598217521521264 ], [ 2.903918066768498, 36.597757614763687 ], [ 2.90317785080099, 36.597757614763687 ], [ 2.90317785080099, 36.596377878042439 ], [ 2.902437634833482, 36.596377878042439 ], [ 2.902437634833482, 36.595458039854627 ], [ 2.901697418865973, 36.595458039854627 ], [ 2.901697418865973, 36.594078262012708 ], [ 2.900957202898465, 36.594078262012708 ], [ 2.900957202898465, 36.593158396411461 ], [ 2.900216986930956, 36.593158396411461 ], [ 2.900216986930956, 36.592698459498877 ], [ 2.899476770963448, 36.592698459498877 ], [ 2.899476770963448, 36.593158396411461 ], [ 2.896515907093415, 36.593158396411461 ], [ 2.896515907093415, 36.593618330582743 ], [ 2.89429525919089, 36.593618330582743 ], [ 2.89429525919089, 36.594078262012708 ], [ 2.891334395320857, 36.594078262012708 ], [ 2.891334395320857, 36.594538190701364 ], [ 2.889113747418332, 36.594538190701364 ], [ 2.889113747418332, 36.596377878042439 ], [ 2.888373531450823, 36.596377878042439 ], [ 2.888373531450823, 36.598217521521264 ], [ 2.887633315483315, 36.598217521521264 ], [ 2.887633315483315, 36.598677425537396 ], [ 2.888373531450823, 36.598677425537396 ], [ 2.888373531450823, 36.600976904495894 ], [ 2.889113747418332, 36.600976904495894 ], [ 2.889113747418332, 36.601896676888721 ], [ 2.887633315483315, 36.601896676888721 ], [ 2.887633315483315, 36.601436792063076 ], [ 2.886893099515807, 36.601436792063076 ], [ 2.886893099515807, 36.600976904495894 ], [ 2.88541266758079, 36.600976904495894 ], [ 2.88541266758079, 36.599597225345263 ], [ 2.886152883548299, 36.599597225345263 ], [ 2.886152883548299, 36.598677425537396 ], [ 2.886893099515807, 36.598677425537396 ], [ 2.886893099515807, 36.597757614763687 ], [ 2.887633315483315, 36.597757614763687 ], [ 2.887633315483315, 36.596377878042439 ], [ 2.886893099515807, 36.596377878042439 ], [ 2.886893099515807, 36.594998116648675 ], [ 2.886152883548299, 36.594998116648675 ], [ 2.886152883548299, 36.593618330582743 ], [ 2.88541266758079, 36.593618330582743 ], [ 2.88541266758079, 36.592238519845012 ], [ 2.884672451613281, 36.592238519845012 ], [ 2.884672451613281, 36.590858684435844 ], [ 2.883932235645773, 36.590858684435844 ], [ 2.883932235645773, 36.590398733816969 ], [ 2.883192019678265, 36.590398733816969 ], [ 2.883192019678265, 36.58993878045689 ], [ 2.882451803710757, 36.58993878045689 ], [ 2.882451803710757, 36.589478824355602 ], [ 2.88097137177574, 36.589478824355602 ], [ 2.88097137177574, 36.589018865513104 ], [ 2.880231155808231, 36.589018865513104 ], [ 2.880231155808231, 36.588558903929453 ], [ 2.879490939840723, 36.588558903929453 ], [ 2.879490939840723, 36.588098939604613 ], [ 2.878010507905707, 36.588098939604613 ], [ 2.878010507905707, 36.588558903929453 ], [ 2.877270291938198, 36.588558903929453 ], [ 2.877270291938198, 36.589018865513104 ], [ 2.875789860003182, 36.589018865513104 ], [ 2.875789860003182, 36.589478824355602 ], [ 2.875049644035673, 36.589478824355602 ], [ 2.875049644035673, 36.58993878045689 ], [ 2.873569212100656, 36.58993878045689 ], [ 2.873569212100656, 36.590398733816969 ], [ 2.872828996133148, 36.590398733816969 ], [ 2.872828996133148, 36.590858684435844 ], [ 2.871348564198132, 36.590858684435844 ], [ 2.871348564198132, 36.591318632313481 ], [ 2.870608348230624, 36.591318632313481 ], [ 2.870608348230624, 36.592238519845012 ], [ 2.869868132263115, 36.592238519845012 ], [ 2.869868132263115, 36.592698459498877 ], [ 2.869127916295606, 36.592698459498877 ], [ 2.869127916295606, 36.593618330582743 ], [ 2.868387700328098, 36.593618330582743 ], [ 2.868387700328098, 36.596377878042439 ], [ 2.86764748436059, 36.596377878042439 ], [ 2.86764748436059, 36.600976904495894 ], [ 2.868387700328098, 36.600976904495894 ], [ 2.868387700328098, 36.602816438315351 ], [ 2.869127916295606, 36.602816438315351 ], [ 2.869127916295606, 36.604655928269572 ], [ 2.869868132263115, 36.604655928269572 ], [ 2.869868132263115, 36.605115793904091 ], [ 2.870608348230624, 36.605115793904091 ], [ 2.870608348230624, 36.605575656796958 ], [ 2.87208878016564, 36.605575656796958 ], [ 2.87208878016564, 36.606035516948175 ], [ 2.873569212100656, 36.606035516948175 ], [ 2.873569212100656, 36.606495374357721 ], [ 2.87653007597069, 36.606495374357721 ], [ 2.87653007597069, 36.606035516948175 ], [ 2.877270291938198, 36.606035516948175 ], [ 2.877270291938198, 36.605575656796958 ], [ 2.878010507905707, 36.605575656796958 ], [ 2.878010507905707, 36.605115793904091 ], [ 2.879490939840723, 36.605115793904091 ], [ 2.879490939840723, 36.604655928269572 ], [ 2.880231155808231, 36.604655928269572 ], [ 2.880231155808231, 36.604196059893432 ], [ 2.88097137177574, 36.604196059893432 ], [ 2.88097137177574, 36.605575656796958 ], [ 2.880231155808231, 36.605575656796958 ], [ 2.880231155808231, 36.607415080951746 ], [ 2.88097137177574, 36.607415080951746 ], [ 2.88097137177574, 36.608794620279923 ], [ 2.881711587743248, 36.608794620279923 ], [ 2.881711587743248, 36.61017413493235 ], [ 2.882451803710757, 36.61017413493235 ], [ 2.882451803710757, 36.610633967666281 ], [ 2.883192019678265, 36.610633967666281 ], [ 2.883192019678265, 36.611093797658391 ], [ 2.884672451613281, 36.611093797658391 ], [ 2.884672451613281, 36.611553624908673 ], [ 2.88541266758079, 36.611553624908673 ], [ 2.88541266758079, 36.612013449417155 ], [ 2.886893099515807, 36.612013449417155 ], [ 2.886893099515807, 36.611553624908673 ], [ 2.887633315483315, 36.611553624908673 ], [ 2.887633315483315, 36.611093797658391 ], [ 2.889113747418332, 36.611093797658391 ], [ 2.889113747418332, 36.610633967666281 ], [ 2.88985396338584, 36.610633967666281 ], [ 2.88985396338584, 36.61017413493235 ], [ 2.890594179353348, 36.61017413493235 ] ], [ [ 2.88541266758079, 36.601436792063076 ], [ 2.884672451613281, 36.601436792063076 ], [ 2.884672451613281, 36.600976904495894 ], [ 2.88541266758079, 36.600976904495894 ], [ 2.88541266758079, 36.601436792063076 ] ] ], [ [ [ 3.237015252147248, 36.635920545287931 ], [ 3.237755468114757, 36.635920545287931 ], [ 3.237755468114757, 36.635001178715243 ], [ 3.238495684082265, 36.635001178715243 ], [ 3.238495684082265, 36.634081801172542 ], [ 3.239235900049774, 36.634081801172542 ], [ 3.239235900049774, 36.627645851221985 ], [ 3.238495684082265, 36.627645851221985 ], [ 3.238495684082265, 36.627186119943595 ], [ 3.237755468114757, 36.627186119943595 ], [ 3.237755468114757, 36.626266649159994 ], [ 3.237015252147248, 36.626266649159994 ], [ 3.237015252147248, 36.625806909654813 ], [ 3.236275036179741, 36.625806909654813 ], [ 3.236275036179741, 36.624887422417736 ], [ 3.235534820212232, 36.624887422417736 ], [ 3.235534820212232, 36.624427674685869 ], [ 3.234794604244723, 36.624427674685869 ], [ 3.234794604244723, 36.623508170995557 ], [ 3.234054388277215, 36.623508170995557 ], [ 3.234054388277215, 36.623048415037132 ], [ 3.233314172309707, 36.623048415037132 ], [ 3.233314172309707, 36.623508170995557 ], [ 3.231093524407182, 36.623508170995557 ], [ 3.231093524407182, 36.623967924211811 ], [ 3.228872876504657, 36.623967924211811 ], [ 3.228872876504657, 36.624427674685869 ], [ 3.22739244456964, 36.624427674685869 ], [ 3.22739244456964, 36.624887422417736 ], [ 3.226652228602132, 36.624887422417736 ], [ 3.226652228602132, 36.625347167407384 ], [ 3.225912012634624, 36.625347167407384 ], [ 3.225912012634624, 36.626266649159994 ], [ 3.225171796667116, 36.626266649159994 ], [ 3.225171796667116, 36.626726385922929 ], [ 3.224431580699607, 36.626726385922929 ], [ 3.224431580699607, 36.634541491315147 ], [ 3.225171796667116, 36.634541491315147 ], [ 3.225171796667116, 36.635460863372849 ], [ 3.225912012634624, 36.635460863372849 ], [ 3.225912012634624, 36.635920545287931 ], [ 3.226652228602132, 36.635920545287931 ], [ 3.226652228602132, 36.636839900890493 ], [ 3.22739244456964, 36.636839900890493 ], [ 3.22739244456964, 36.637299574577931 ], [ 3.228132660537149, 36.637299574577931 ], [ 3.228132660537149, 36.638218913725105 ], [ 3.228872876504657, 36.638218913725105 ], [ 3.228872876504657, 36.638678579184806 ], [ 3.229613092472166, 36.638678579184806 ], [ 3.229613092472166, 36.639138241901897 ], [ 3.234794604244723, 36.639138241901897 ], [ 3.234794604244723, 36.638678579184806 ], [ 3.235534820212232, 36.638678579184806 ], [ 3.235534820212232, 36.637759245522808 ], [ 3.236275036179741, 36.637759245522808 ], [ 3.236275036179741, 36.636839900890493 ], [ 3.237015252147248, 36.636839900890493 ], [ 3.237015252147248, 36.635920545287931 ] ] ], [ [ [ 3.126723072988507, 36.687387561947112 ], [ 3.127463288956015, 36.687387561947112 ], [ 3.127463288956015, 36.68692818727758 ], [ 3.128943720891032, 36.68692818727758 ], [ 3.128943720891032, 36.686468809864046 ], [ 3.130424152826048, 36.686468809864046 ], [ 3.130424152826048, 36.68600942970653 ], [ 3.131164368793557, 36.68600942970653 ], [ 3.131164368793557, 36.683712487759699 ], [ 3.131904584761065, 36.683712487759699 ], [ 3.131904584761065, 36.680496653790591 ], [ 3.132644800728573, 36.680496653790591 ], [ 3.132644800728573, 36.676361812562291 ], [ 3.131904584761065, 36.676361812562291 ], [ 3.131904584761065, 36.67452403401316 ], [ 3.131164368793557, 36.67452403401316 ], [ 3.131164368793557, 36.674064582516735 ], [ 3.130424152826048, 36.674064582516735 ], [ 3.130424152826048, 36.673605128276698 ], [ 3.12968393685854, 36.673605128276698 ], [ 3.12968393685854, 36.673145671293035 ], [ 3.128203504923524, 36.673145671293035 ], [ 3.128203504923524, 36.672686211565782 ], [ 3.114879617508374, 36.672686211565782 ], [ 3.114879617508374, 36.673145671293035 ], [ 3.113399185573357, 36.673145671293035 ], [ 3.113399185573357, 36.673605128276698 ], [ 3.112658969605848, 36.673605128276698 ], [ 3.112658969605848, 36.674064582516735 ], [ 3.11191875363834, 36.674064582516735 ], [ 3.11191875363834, 36.674983482765938 ], [ 3.111178537670832, 36.674983482765938 ], [ 3.111178537670832, 36.676361812562291 ], [ 3.110438321703324, 36.676361812562291 ], [ 3.110438321703324, 36.678658974015555 ], [ 3.109698105735816, 36.678658974015555 ], [ 3.109698105735816, 36.684631272770233 ], [ 3.110438321703324, 36.684631272770233 ], [ 3.110438321703324, 36.686468809864046 ], [ 3.111178537670832, 36.686468809864046 ], [ 3.111178537670832, 36.687846933872635 ], [ 3.112658969605848, 36.687846933872635 ], [ 3.112658969605848, 36.688306303054155 ], [ 3.115619833475882, 36.688306303054155 ], [ 3.115619833475882, 36.688765669491623 ], [ 3.118580697345915, 36.688765669491623 ], [ 3.118580697345915, 36.689225033185046 ], [ 3.123021993150966, 36.689225033185046 ], [ 3.123021993150966, 36.688765669491623 ], [ 3.124502425085982, 36.688765669491623 ], [ 3.124502425085982, 36.688306303054155 ], [ 3.12524264105349, 36.688306303054155 ], [ 3.12524264105349, 36.687846933872635 ], [ 3.126723072988507, 36.687846933872635 ], [ 3.126723072988507, 36.687387561947112 ] ] ], [ [ [ 3.088972058645582, 36.753049880997843 ], [ 3.089712274613091, 36.753049880997843 ], [ 3.089712274613091, 36.74524681113099 ], [ 3.088972058645582, 36.74524681113099 ], [ 3.088972058645582, 36.744787782309629 ], [ 3.088231842678073, 36.744787782309629 ], [ 3.088231842678073, 36.744328750742632 ], [ 3.087491626710565, 36.744328750742632 ], [ 3.087491626710565, 36.743869716429998 ], [ 3.086751410743056, 36.743869716429998 ], [ 3.086751410743056, 36.743410679371763 ], [ 3.086011194775548, 36.743410679371763 ], [ 3.086011194775548, 36.742951639567913 ], [ 3.08527097880804, 36.742951639567913 ], [ 3.08527097880804, 36.742492597018455 ], [ 3.084530762840532, 36.742492597018455 ], [ 3.084530762840532, 36.742033551723452 ], [ 3.083790546873024, 36.742033551723452 ], [ 3.083790546873024, 36.741574503682855 ], [ 3.083050330905515, 36.741574503682855 ], [ 3.083050330905515, 36.741115452896715 ], [ 3.078609035100465, 36.741115452896715 ], [ 3.078609035100465, 36.741574503682855 ], [ 3.077868819132957, 36.741574503682855 ], [ 3.077868819132957, 36.742492597018455 ], [ 3.077128603165448, 36.742492597018455 ], [ 3.077128603165448, 36.742951639567913 ], [ 3.07638838719794, 36.742951639567913 ], [ 3.07638838719794, 36.743869716429998 ], [ 3.075648171230431, 36.743869716429998 ], [ 3.075648171230431, 36.744328750742632 ], [ 3.074907955262923, 36.744328750742632 ], [ 3.074907955262923, 36.74524681113099 ], [ 3.074167739295415, 36.74524681113099 ], [ 3.074167739295415, 36.746164860536709 ], [ 3.073427523327906, 36.746164860536709 ], [ 3.073427523327906, 36.75121393594906 ], [ 3.074167739295415, 36.75121393594906 ], [ 3.074167739295415, 36.752131913965158 ], [ 3.074907955262923, 36.752131913965158 ], [ 3.074907955262923, 36.752590898854436 ], [ 3.075648171230431, 36.752590898854436 ], [ 3.075648171230431, 36.753508860395392 ], [ 3.07638838719794, 36.753508860395392 ], [ 3.07638838719794, 36.753967837047014 ], [ 3.077128603165448, 36.753967837047014 ], [ 3.077128603165448, 36.754885782112567 ], [ 3.077868819132957, 36.754885782112567 ], [ 3.077868819132957, 36.755344750526469 ], [ 3.086751410743056, 36.755344750526469 ], [ 3.086751410743056, 36.754885782112567 ], [ 3.087491626710565, 36.754885782112567 ], [ 3.087491626710565, 36.754426810952772 ], [ 3.088231842678073, 36.754426810952772 ], [ 3.088231842678073, 36.753508860395392 ], [ 3.088972058645582, 36.753508860395392 ], [ 3.088972058645582, 36.753049880997843 ] ] ], [ [ [ -0.537345966177748, 38.381204987859753 ], [ -0.537345966177748, 38.380306869787802 ], [ -0.536605750210239, 38.380306869787802 ], [ -0.536605750210239, 38.379857806570406 ], [ -0.535865534242731, 38.379857806570406 ], [ -0.535865534242731, 38.375367021080294 ], [ -0.536605750210239, 38.375367021080294 ], [ -0.536605750210239, 38.374468830531988 ], [ -0.537345966177748, 38.374468830531988 ], [ -0.537345966177748, 38.373121523803533 ], [ -0.538086182145256, 38.373121523803533 ], [ -0.538086182145256, 38.372223305380658 ], [ -0.538826398112764, 38.372223305380658 ], [ -0.538826398112764, 38.371325075808087 ], [ -0.539566614080273, 38.371325075808087 ], [ -0.539566614080273, 38.370426835085915 ], [ -0.541047046015289, 38.370426835085915 ], [ -0.541047046015289, 38.369977710543743 ], [ -0.541787261982798, 38.369977710543743 ], [ -0.541787261982798, 38.369528583214205 ], [ -0.543267693917814, 38.369528583214205 ], [ -0.543267693917814, 38.369079453097306 ], [ -0.544007909885323, 38.369079453097306 ], [ -0.544007909885323, 38.368630320193063 ], [ -0.546228557787848, 38.368630320193063 ], [ -0.546228557787848, 38.369079453097306 ], [ -0.546968773755356, 38.369079453097306 ], [ -0.546968773755356, 38.369528583214205 ], [ -0.547708989722864, 38.369528583214205 ], [ -0.547708989722864, 38.369977710543743 ], [ -0.548449205690373, 38.369977710543743 ], [ -0.548449205690373, 38.370426835085915 ], [ -0.549189421657881, 38.370426835085915 ], [ -0.549189421657881, 38.370875956840699 ], [ -0.549929637625389, 38.370875956840699 ], [ -0.549929637625389, 38.371325075808087 ], [ -0.550669853592898, 38.371325075808087 ], [ -0.550669853592898, 38.371774191988081 ], [ -0.551410069560406, 38.371774191988081 ], [ -0.551410069560406, 38.379857806570406 ], [ -0.550669853592898, 38.379857806570406 ], [ -0.550669853592898, 38.380755930217589 ], [ -0.549929637625389, 38.380755930217589 ], [ -0.549929637625389, 38.381204987859753 ], [ -0.549189421657881, 38.381204987859753 ], [ -0.549189421657881, 38.382103094781193 ], [ -0.548449205690373, 38.382103094781193 ], [ -0.548449205690373, 38.382552144060448 ], [ -0.538826398112764, 38.382552144060448 ], [ -0.538826398112764, 38.382103094781193 ], [ -0.538086182145256, 38.382103094781193 ], [ -0.538086182145256, 38.381204987859753 ], [ -0.537345966177748, 38.381204987859753 ] ] ], [ [ [ -0.76755313207284, 42.494043480517021 ], [ -0.766072700137823, 42.494043480517021 ], [ -0.766072700137823, 42.493621088828476 ], [ -0.765332484170315, 42.493621088828476 ], [ -0.765332484170315, 42.491086678789266 ], [ -0.764592268202806, 42.491086678789266 ], [ -0.764592268202806, 42.488552166051193 ], [ -0.76311183626779, 42.488552166051193 ], [ -0.76311183626779, 42.488129737276964 ], [ -0.761631404332773, 42.488129737276964 ], [ -0.761631404332773, 42.487707305650005 ], [ -0.760891188365265, 42.487707305650005 ], [ -0.760891188365265, 42.487284871170338 ], [ -0.760150972397756, 42.487284871170338 ], [ -0.760150972397756, 42.486862433837963 ], [ -0.759410756430248, 42.486862433837963 ], [ -0.759410756430248, 42.486017550615081 ], [ -0.75867054046274, 42.486017550615081 ], [ -0.75867054046274, 42.485595104724588 ], [ -0.757930324495231, 42.485595104724588 ], [ -0.757930324495231, 42.484750204385506 ], [ -0.757190108527723, 42.484750204385506 ], [ -0.757190108527723, 42.48348283248172 ], [ -0.757930324495231, 42.48348283248172 ], [ -0.757930324495231, 42.480948011651925 ], [ -0.75867054046274, 42.480948011651925 ], [ -0.75867054046274, 42.477568090796886 ], [ -0.757190108527723, 42.477568090796886 ], [ -0.757190108527723, 42.477145587853137 ], [ -0.755709676592706, 42.477145587853137 ], [ -0.755709676592706, 42.476723082056779 ], [ -0.75422924465769, 42.476723082056779 ], [ -0.75422924465769, 42.476300573407791 ], [ -0.752748812722673, 42.476300573407791 ], [ -0.752748812722673, 42.475878061906194 ], [ -0.752008596755165, 42.475878061906194 ], [ -0.752008596755165, 42.475033030345152 ], [ -0.751268380787656, 42.475033030345152 ], [ -0.751268380787656, 42.474187987373703 ], [ -0.750528164820148, 42.474187987373703 ], [ -0.750528164820148, 42.47292040152206 ], [ -0.74978794885264, 42.47292040152206 ], [ -0.74978794885264, 42.471652789997137 ], [ -0.749047732885131, 42.471652789997137 ], [ -0.749047732885131, 42.473765461609084 ], [ -0.748307516917623, 42.473765461609084 ], [ -0.748307516917623, 42.474187987373703 ], [ -0.747567300950115, 42.474187987373703 ], [ -0.747567300950115, 42.474610510285736 ], [ -0.746827084982606, 42.474610510285736 ], [ -0.746827084982606, 42.475033030345152 ], [ -0.746086869015098, 42.475033030345152 ], [ -0.746086869015098, 42.475455547551981 ], [ -0.74534665304759, 42.475455547551981 ], [ -0.74534665304759, 42.475878061906194 ], [ -0.744606437080081, 42.475878061906194 ], [ -0.744606437080081, 42.476723082056779 ], [ -0.742385789177556, 42.476723082056779 ], [ -0.742385789177556, 42.476300573407791 ], [ -0.741645573210048, 42.476300573407791 ], [ -0.741645573210048, 42.475878061906194 ], [ -0.74090535724254, 42.475878061906194 ], [ -0.74090535724254, 42.475455547551981 ], [ -0.739424925307523, 42.475455547551981 ], [ -0.739424925307523, 42.474187987373703 ], [ -0.738684709340015, 42.474187987373703 ], [ -0.738684709340015, 42.472497867199664 ], [ -0.737204277404998, 42.472497867199664 ], [ -0.737204277404998, 42.47292040152206 ], [ -0.73646406143749, 42.47292040152206 ], [ -0.73646406143749, 42.473765461609084 ], [ -0.735723845469981, 42.473765461609084 ], [ -0.735723845469981, 42.474187987373703 ], [ -0.734983629502473, 42.474187987373703 ], [ -0.734983629502473, 42.475033030345152 ], [ -0.734243413534964, 42.475033030345152 ], [ -0.734243413534964, 42.48137048892189 ], [ -0.733503197567456, 42.48137048892189 ], [ -0.733503197567456, 42.481792963339188 ], [ -0.732762981599948, 42.481792963339188 ], [ -0.732762981599948, 42.482637903615796 ], [ -0.73202276563244, 42.482637903615796 ], [ -0.73202276563244, 42.48348283248172 ], [ -0.726841253859881, 42.48348283248172 ], [ -0.726841253859881, 42.483060369475105 ], [ -0.726101037892373, 42.483060369475105 ], [ -0.726101037892373, 42.482215434903836 ], [ -0.725360821924865, 42.482215434903836 ], [ -0.725360821924865, 42.48137048892189 ], [ -0.724620605957356, 42.48137048892189 ], [ -0.724620605957356, 42.480525531529302 ], [ -0.72314017402234, 42.480525531529302 ], [ -0.72314017402234, 42.480103048554035 ], [ -0.720919526119815, 42.480103048554035 ], [ -0.720919526119815, 42.479680562726109 ], [ -0.719439094184798, 42.479680562726109 ], [ -0.719439094184798, 42.479258074045532 ], [ -0.71869887821729, 42.479258074045532 ], [ -0.71869887821729, 42.483905292635676 ], [ -0.717958662249781, 42.483905292635676 ], [ -0.717958662249781, 42.484750204385506 ], [ -0.717218446282273, 42.484750204385506 ], [ -0.717218446282273, 42.485595104724588 ], [ -0.716478230314765, 42.485595104724588 ], [ -0.716478230314765, 42.486439993652873 ], [ -0.710556502574698, 42.486439993652873 ], [ -0.710556502574698, 42.485595104724588 ], [ -0.70981628660719, 42.485595104724588 ], [ -0.70981628660719, 42.484750204385506 ], [ -0.709076070639681, 42.484750204385506 ], [ -0.709076070639681, 42.483905292635676 ], [ -0.708335854672173, 42.483905292635676 ], [ -0.708335854672173, 42.478835582512332 ], [ -0.709076070639681, 42.478835582512332 ], [ -0.709076070639681, 42.477990590887998 ], [ -0.70981628660719, 42.477990590887998 ], [ -0.70981628660719, 42.477568090796886 ], [ -0.710556502574698, 42.477568090796886 ], [ -0.710556502574698, 42.476723082056779 ], [ -0.707595638704664, 42.476723082056779 ], [ -0.707595638704664, 42.475878061906194 ], [ -0.706855422737156, 42.475878061906194 ], [ -0.706855422737156, 42.475455547551981 ], [ -0.706115206769648, 42.475455547551981 ], [ -0.706115206769648, 42.474610510285736 ], [ -0.70537499080214, 42.474610510285736 ], [ -0.70537499080214, 42.473765461609084 ], [ -0.704634774834631, 42.473765461609084 ], [ -0.704634774834631, 42.469962601361203 ], [ -0.70537499080214, 42.469962601361203 ], [ -0.70537499080214, 42.468694929932354 ], [ -0.706115206769648, 42.468694929932354 ], [ -0.706115206769648, 42.468272367084303 ], [ -0.706855422737156, 42.468272367084303 ], [ -0.706855422737156, 42.467427232830566 ], [ -0.707595638704664, 42.467427232830566 ], [ -0.707595638704664, 42.466582087166685 ], [ -0.712777150477223, 42.466582087166685 ], [ -0.712777150477223, 42.464891761608577 ], [ -0.712036934509715, 42.464891761608577 ], [ -0.712036934509715, 42.46193358206019 ], [ -0.711296718542206, 42.46193358206019 ], [ -0.711296718542206, 42.459397888343034 ], [ -0.710556502574698, 42.459397888343034 ], [ -0.710556502574698, 42.45643944921914 ], [ -0.70981628660719, 42.45643944921914 ], [ -0.70981628660719, 42.453903533010582 ], [ -0.709076070639681, 42.453903533010582 ], [ -0.709076070639681, 42.453058204788348 ], [ -0.70981628660719, 42.453058204788348 ], [ -0.70981628660719, 42.45136751411497 ], [ -0.710556502574698, 42.45136751411497 ], [ -0.710556502574698, 42.449676777803276 ], [ -0.711296718542206, 42.449676777803276 ], [ -0.711296718542206, 42.449254086594394 ], [ -0.712036934509715, 42.449254086594394 ], [ -0.712036934509715, 42.448831392533123 ], [ -0.712777150477223, 42.448831392533123 ], [ -0.712777150477223, 42.448408695619484 ], [ -0.713517366444731, 42.448408695619484 ], [ -0.713517366444731, 42.447985995853479 ], [ -0.712777150477223, 42.447985995853479 ], [ -0.712777150477223, 42.44714058776438 ], [ -0.711296718542206, 42.44714058776438 ], [ -0.711296718542206, 42.44671787944128 ], [ -0.709076070639681, 42.44671787944128 ], [ -0.709076070639681, 42.446295168265841 ], [ -0.706855422737156, 42.446295168265841 ], [ -0.706855422737156, 42.444604295040591 ], [ -0.706115206769648, 42.444604295040591 ], [ -0.706115206769648, 42.442913376177984 ], [ -0.70537499080214, 42.442913376177984 ], [ -0.70537499080214, 42.441645157081645 ], [ -0.706115206769648, 42.441645157081645 ], [ -0.706115206769648, 42.439954158354219 ], [ -0.706855422737156, 42.439954158354219 ], [ -0.706855422737156, 42.438685879359547 ], [ -0.707595638704664, 42.438685879359547 ], [ -0.707595638704664, 42.438263113990082 ], [ -0.708335854672173, 42.438263113990082 ], [ -0.708335854672173, 42.437840345768343 ], [ -0.709076070639681, 42.437840345768343 ], [ -0.709076070639681, 42.437417574694329 ], [ -0.710556502574698, 42.437417574694329 ], [ -0.710556502574698, 42.436994800768048 ], [ -0.711296718542206, 42.436994800768048 ], [ -0.711296718542206, 42.436149244358667 ], [ -0.712036934509715, 42.436149244358667 ], [ -0.712036934509715, 42.435303676540258 ], [ -0.712777150477223, 42.435303676540258 ], [ -0.712777150477223, 42.434458097312834 ], [ -0.713517366444731, 42.434458097312834 ], [ -0.713517366444731, 42.433612506676447 ], [ -0.715738014347256, 42.433612506676447 ], [ -0.715738014347256, 42.433189707079883 ], [ -0.714997798379748, 42.433189707079883 ], [ -0.714997798379748, 42.432766904631094 ], [ -0.71425758241224, 42.432766904631094 ], [ -0.71425758241224, 42.432344099330074 ], [ -0.713517366444731, 42.432344099330074 ], [ -0.713517366444731, 42.43192129117682 ], [ -0.712777150477223, 42.43192129117682 ], [ -0.712777150477223, 42.431498480171356 ], [ -0.712036934509715, 42.431498480171356 ], [ -0.712036934509715, 42.43065284960376 ], [ -0.711296718542206, 42.43065284960376 ], [ -0.711296718542206, 42.42853872327116 ], [ -0.710556502574698, 42.42853872327116 ], [ -0.710556502574698, 42.426424525633763 ], [ -0.711296718542206, 42.426424525633763 ], [ -0.711296718542206, 42.424733116184697 ], [ -0.712036934509715, 42.424733116184697 ], [ -0.712036934509715, 42.423464529150245 ], [ -0.713517366444731, 42.423464529150245 ], [ -0.713517366444731, 42.423041661101124 ], [ -0.71425758241224, 42.423041661101124 ], [ -0.71425758241224, 42.422618790199856 ], [ -0.714997798379748, 42.422618790199856 ], [ -0.714997798379748, 42.422195916446462 ], [ -0.716478230314765, 42.422195916446462 ], [ -0.716478230314765, 42.421773039840922 ], [ -0.717218446282273, 42.421773039840922 ], [ -0.717218446282273, 42.421350160383255 ], [ -0.717958662249781, 42.421350160383255 ], [ -0.717958662249781, 42.420927278073464 ], [ -0.717218446282273, 42.420927278073464 ], [ -0.717218446282273, 42.41838992432023 ], [ -0.716478230314765, 42.41838992432023 ], [ -0.716478230314765, 42.415006626265097 ], [ -0.717218446282273, 42.415006626265097 ], [ -0.717218446282273, 42.413314908787711 ], [ -0.717958662249781, 42.413314908787711 ], [ -0.717958662249781, 42.412469032936677 ], [ -0.720179310152306, 42.412469032936677 ], [ -0.720179310152306, 42.412046090733092 ], [ -0.721659742087323, 42.412046090733092 ], [ -0.721659742087323, 42.411623145677453 ], [ -0.72314017402234, 42.411623145677453 ], [ -0.72314017402234, 42.411200197769773 ], [ -0.723880389989848, 42.411200197769773 ], [ -0.723880389989848, 42.410777247010074 ], [ -0.724620605957356, 42.410777247010074 ], [ -0.724620605957356, 42.410354293398328 ], [ -0.725360821924865, 42.410354293398328 ], [ -0.725360821924865, 42.409931336934555 ], [ -0.726101037892373, 42.409931336934555 ], [ -0.726101037892373, 42.409085415450939 ], [ -0.726841253859881, 42.409085415450939 ], [ -0.726841253859881, 42.408662450431109 ], [ -0.72758146982739, 42.408662450431109 ], [ -0.72758146982739, 42.408239482559253 ], [ -0.729061901762406, 42.408239482559253 ], [ -0.729061901762406, 42.408662450431109 ], [ -0.729802117729914, 42.408662450431109 ], [ -0.729802117729914, 42.409085415450939 ], [ -0.730542333697423, 42.409085415450939 ], [ -0.730542333697423, 42.409508377618756 ], [ -0.731282549664931, 42.409508377618756 ], [ -0.731282549664931, 42.409931336934555 ], [ -0.73202276563244, 42.409931336934555 ], [ -0.73202276563244, 42.406970561831677 ], [ -0.731282549664931, 42.406970561831677 ], [ -0.731282549664931, 42.404009646980903 ], [ -0.730542333697423, 42.404009646980903 ], [ -0.730542333697423, 42.401048592383553 ], [ -0.729802117729914, 42.401048592383553 ], [ -0.729802117729914, 42.398087398040929 ], [ -0.730542333697423, 42.398087398040929 ], [ -0.730542333697423, 42.395972173667168 ], [ -0.731282549664931, 42.395972173667168 ], [ -0.731282549664931, 42.393856877995951 ], [ -0.73202276563244, 42.393856877995951 ], [ -0.73202276563244, 42.391741511027767 ], [ -0.732762981599948, 42.391741511027767 ], [ -0.732762981599948, 42.389626072763079 ], [ -0.733503197567456, 42.389626072763079 ], [ -0.733503197567456, 42.388779877494287 ], [ -0.734983629502473, 42.388779877494287 ], [ -0.734983629502473, 42.388356775582146 ], [ -0.735723845469981, 42.388356775582146 ], [ -0.735723845469981, 42.387933670818171 ], [ -0.73646406143749, 42.387933670818171 ], [ -0.73646406143749, 42.387510563202369 ], [ -0.737944493372506, 42.387510563202369 ], [ -0.737944493372506, 42.387933670818171 ], [ -0.739424925307523, 42.387933670818171 ], [ -0.739424925307523, 42.388356775582146 ], [ -0.740165141275031, 42.388356775582146 ], [ -0.740165141275031, 42.388779877494287 ], [ -0.74090535724254, 42.388779877494287 ], [ -0.74090535724254, 42.3892029765546 ], [ -0.741645573210048, 42.3892029765546 ], [ -0.741645573210048, 42.389626072763079 ], [ -0.742385789177556, 42.389626072763079 ], [ -0.742385789177556, 42.3892029765546 ], [ -0.74534665304759, 42.3892029765546 ], [ -0.74534665304759, 42.388779877494287 ], [ -0.748307516917623, 42.388779877494287 ], [ -0.748307516917623, 42.388356775582146 ], [ -0.750528164820148, 42.388356775582146 ], [ -0.750528164820148, 42.387933670818171 ], [ -0.752008596755165, 42.387933670818171 ], [ -0.752008596755165, 42.388356775582146 ], [ -0.753489028690181, 42.388356775582146 ], [ -0.753489028690181, 42.388779877494287 ], [ -0.755709676592706, 42.388779877494287 ], [ -0.755709676592706, 42.3892029765546 ], [ -0.757190108527723, 42.3892029765546 ], [ -0.757190108527723, 42.390472256624506 ], [ -0.757930324495231, 42.390472256624506 ], [ -0.757930324495231, 42.391741511027767 ], [ -0.75867054046274, 42.391741511027767 ], [ -0.75867054046274, 42.393010739764293 ], [ -0.759410756430248, 42.393010739764293 ], [ -0.759410756430248, 42.394279942833975 ], [ -0.760150972397756, 42.394279942833975 ], [ -0.760150972397756, 42.395126063954358 ], [ -0.760891188365265, 42.395126063954358 ], [ -0.760891188365265, 42.395549120236716 ], [ -0.76311183626779, 42.395549120236716 ], [ -0.76311183626779, 42.395972173667168 ], [ -0.766072700137823, 42.395972173667168 ], [ -0.766072700137823, 42.396395224245737 ], [ -0.76755313207284, 42.396395224245737 ], [ -0.76755313207284, 42.397664358870003 ], [ -0.768293348040348, 42.397664358870003 ], [ -0.768293348040348, 42.398510434359949 ], [ -0.769033564007856, 42.398510434359949 ], [ -0.769033564007856, 42.399356498442209 ], [ -0.769773779975365, 42.399356498442209 ], [ -0.769773779975365, 42.399779526205457 ], [ -0.770513995942873, 42.399779526205457 ], [ -0.770513995942873, 42.400202551116756 ], [ -0.77199442787789, 42.400202551116756 ], [ -0.77199442787789, 42.400625573176129 ], [ -0.773474859812906, 42.400625573176129 ], [ -0.773474859812906, 42.401048592383553 ], [ -0.774215075780415, 42.401048592383553 ], [ -0.774215075780415, 42.401471608739044 ], [ -0.774955291747923, 42.401471608739044 ], [ -0.774955291747923, 42.404855636912473 ], [ -0.77643572368294, 42.404855636912473 ], [ -0.77643572368294, 42.404009646980903 ], [ -0.777175939650448, 42.404009646980903 ], [ -0.777175939650448, 42.403163645641456 ], [ -0.777916155617956, 42.403163645641456 ], [ -0.777916155617956, 42.4027406406938 ], [ -0.783097667390515, 42.4027406406938 ], [ -0.783097667390515, 42.403586647737171 ], [ -0.783837883358023, 42.403586647737171 ], [ -0.783837883358023, 42.404009646980903 ], [ -0.784578099325531, 42.404009646980903 ], [ -0.784578099325531, 42.404855636912473 ], [ -0.78531831529304, 42.404855636912473 ], [ -0.78531831529304, 42.405701615436115 ], [ -0.786058531260548, 42.405701615436115 ], [ -0.786058531260548, 42.406124600419957 ], [ -0.78531831529304, 42.406124600419957 ], [ -0.78531831529304, 42.410777247010074 ], [ -0.786058531260548, 42.410777247010074 ], [ -0.786058531260548, 42.411200197769773 ], [ -0.786798747228056, 42.411200197769773 ], [ -0.786798747228056, 42.412046090733092 ], [ -0.787538963195565, 42.412046090733092 ], [ -0.787538963195565, 42.412469032936677 ], [ -0.788279179163073, 42.412469032936677 ], [ -0.788279179163073, 42.415429548504278 ], [ -0.787538963195565, 42.415429548504278 ], [ -0.787538963195565, 42.417967022045659 ], [ -0.786798747228056, 42.417967022045659 ], [ -0.786798747228056, 42.418812823742712 ], [ -0.788279179163073, 42.418812823742712 ], [ -0.788279179163073, 42.41838992432023 ], [ -0.789019395130581, 42.41838992432023 ], [ -0.789019395130581, 42.417967022045659 ], [ -0.791240043033106, 42.417967022045659 ], [ -0.791240043033106, 42.41838992432023 ], [ -0.791980259000615, 42.41838992432023 ], [ -0.791980259000615, 42.418812823742712 ], [ -0.792720474968123, 42.418812823742712 ], [ -0.792720474968123, 42.419235720313083 ], [ -0.79420090690314, 42.419235720313083 ], [ -0.79420090690314, 42.420504392911546 ], [ -0.794941122870648, 42.420504392911546 ], [ -0.794941122870648, 42.422195916446462 ], [ -0.795681338838156, 42.422195916446462 ], [ -0.795681338838156, 42.424310256692038 ], [ -0.794941122870648, 42.424310256692038 ], [ -0.794941122870648, 42.42557882661356 ], [ -0.79420090690314, 42.42557882661356 ], [ -0.79420090690314, 42.426424525633763 ], [ -0.793460690935631, 42.426424525633763 ], [ -0.793460690935631, 42.428961554242079 ], [ -0.79420090690314, 42.428961554242079 ], [ -0.79420090690314, 42.429384382360801 ], [ -0.795681338838156, 42.429384382360801 ], [ -0.795681338838156, 42.428961554242079 ], [ -0.797161770773173, 42.428961554242079 ], [ -0.797161770773173, 42.429384382360801 ], [ -0.797901986740681, 42.429384382360801 ], [ -0.797901986740681, 42.42980720762732 ], [ -0.79864220270819, 42.42980720762732 ], [ -0.79864220270819, 42.430230030041642 ], [ -0.800122634643206, 42.430230030041642 ], [ -0.800122634643206, 42.429384382360801 ], [ -0.800862850610715, 42.429384382360801 ], [ -0.800862850610715, 42.42853872327116 ], [ -0.801603066578223, 42.42853872327116 ], [ -0.801603066578223, 42.427693052772746 ], [ -0.802343282545731, 42.427693052772746 ], [ -0.802343282545731, 42.426847370865595 ], [ -0.80752479431829, 42.426847370865595 ], [ -0.80752479431829, 42.427693052772746 ], [ -0.808265010285798, 42.427693052772746 ], [ -0.808265010285798, 42.428961554242079 ], [ -0.809005226253306, 42.428961554242079 ], [ -0.809005226253306, 42.42980720762732 ], [ -0.809745442220815, 42.42980720762732 ], [ -0.809745442220815, 42.43107566631366 ], [ -0.810485658188323, 42.43107566631366 ], [ -0.810485658188323, 42.432766904631094 ], [ -0.809745442220815, 42.432766904631094 ], [ -0.809745442220815, 42.434035303420757 ], [ -0.809005226253306, 42.434035303420757 ], [ -0.809005226253306, 42.434880888352673 ], [ -0.808265010285798, 42.434880888352673 ], [ -0.808265010285798, 42.436149244358667 ], [ -0.80752479431829, 42.436149244358667 ], [ -0.80752479431829, 42.436994800768048 ], [ -0.806044362383273, 42.436994800768048 ], [ -0.806044362383273, 42.436572023989484 ], [ -0.804563930448256, 42.436572023989484 ], [ -0.804563930448256, 42.436149244358667 ], [ -0.802343282545731, 42.436149244358667 ], [ -0.802343282545731, 42.435726461875589 ], [ -0.801603066578223, 42.435726461875589 ], [ -0.801603066578223, 42.439531401541615 ], [ -0.800862850610715, 42.439531401541615 ], [ -0.800862850610715, 42.44122241167824 ], [ -0.801603066578223, 42.44122241167824 ], [ -0.801603066578223, 42.442913376177984 ], [ -0.802343282545731, 42.442913376177984 ], [ -0.802343282545731, 42.446295168265841 ], [ -0.801603066578223, 42.446295168265841 ], [ -0.801603066578223, 42.449254086594394 ], [ -0.800862850610715, 42.449254086594394 ], [ -0.800862850610715, 42.451790191061924 ], [ -0.800122634643206, 42.451790191061924 ], [ -0.800122634643206, 42.454326192843084 ], [ -0.800862850610715, 42.454326192843084 ], [ -0.800862850610715, 42.455594155226009 ], [ -0.801603066578223, 42.455594155226009 ], [ -0.801603066578223, 42.456862091937047 ], [ -0.802343282545731, 42.456862091937047 ], [ -0.802343282545731, 42.458130002976084 ], [ -0.80308349851324, 42.458130002976084 ], [ -0.80308349851324, 42.459820511093746 ], [ -0.802343282545731, 42.459820511093746 ], [ -0.802343282545731, 42.461510973571876 ], [ -0.801603066578223, 42.461510973571876 ], [ -0.801603066578223, 42.462778790479376 ], [ -0.800862850610715, 42.462778790479376 ], [ -0.800862850610715, 42.463201390410227 ], [ -0.799382418675698, 42.463201390410227 ], [ -0.799382418675698, 42.463623987488582 ], [ -0.797901986740681, 42.463623987488582 ], [ -0.797901986740681, 42.464891761608577 ], [ -0.79864220270819, 42.464891761608577 ], [ -0.79864220270819, 42.466159510055938 ], [ -0.799382418675698, 42.466159510055938 ], [ -0.799382418675698, 42.469117489927854 ], [ -0.79864220270819, 42.469117489927854 ], [ -0.79864220270819, 42.470807701384302 ], [ -0.797901986740681, 42.470807701384302 ], [ -0.797901986740681, 42.471652789997137 ], [ -0.795681338838156, 42.471652789997137 ], [ -0.795681338838156, 42.472075330024687 ], [ -0.793460690935631, 42.472075330024687 ], [ -0.793460690935631, 42.472497867199664 ], [ -0.791240043033106, 42.472497867199664 ], [ -0.791240043033106, 42.472075330024687 ], [ -0.790499827065598, 42.472075330024687 ], [ -0.790499827065598, 42.471230247116999 ], [ -0.78975961109809, 42.471230247116999 ], [ -0.78975961109809, 42.470385152799032 ], [ -0.789019395130581, 42.470385152799032 ], [ -0.789019395130581, 42.469540047070808 ], [ -0.788279179163073, 42.469540047070808 ], [ -0.788279179163073, 42.467849801383707 ], [ -0.789019395130581, 42.467849801383707 ], [ -0.789019395130581, 42.464469173087757 ], [ -0.788279179163073, 42.464469173087757 ], [ -0.788279179163073, 42.462778790479376 ], [ -0.787538963195565, 42.462778790479376 ], [ -0.787538963195565, 42.461510973571876 ], [ -0.786798747228056, 42.461510973571876 ], [ -0.786798747228056, 42.460243130991991 ], [ -0.787538963195565, 42.460243130991991 ], [ -0.787538963195565, 42.45770736881552 ], [ -0.788279179163073, 42.45770736881552 ], [ -0.788279179163073, 42.455594155226009 ], [ -0.789019395130581, 42.455594155226009 ], [ -0.789019395130581, 42.455171503950794 ], [ -0.788279179163073, 42.455171503950794 ], [ -0.788279179163073, 42.454748849823147 ], [ -0.787538963195565, 42.454748849823147 ], [ -0.787538963195565, 42.454326192843084 ], [ -0.786058531260548, 42.454326192843084 ], [ -0.786058531260548, 42.453903533010582 ], [ -0.78531831529304, 42.453903533010582 ], [ -0.78531831529304, 42.45348087032567 ], [ -0.783837883358023, 42.45348087032567 ], [ -0.783837883358023, 42.453058204788348 ], [ -0.783097667390515, 42.453058204788348 ], [ -0.783097667390515, 42.451790191061924 ], [ -0.782357451423006, 42.451790191061924 ], [ -0.782357451423006, 42.450522151663897 ], [ -0.781617235455498, 42.450522151663897 ], [ -0.781617235455498, 42.449254086594394 ], [ -0.78087701948799, 42.449254086594394 ], [ -0.78087701948799, 42.448408695619484 ], [ -0.780136803520481, 42.448408695619484 ], [ -0.780136803520481, 42.444604295040591 ], [ -0.779396587552973, 42.444604295040591 ], [ -0.779396587552973, 42.445027017625421 ], [ -0.778656371585465, 42.445027017625421 ], [ -0.778656371585465, 42.445449737357904 ], [ -0.777916155617956, 42.445449737357904 ], [ -0.777916155617956, 42.445872454238042 ], [ -0.77643572368294, 42.445872454238042 ], [ -0.77643572368294, 42.445449737357904 ], [ -0.775695507715431, 42.445449737357904 ], [ -0.775695507715431, 42.445027017625421 ], [ -0.774955291747923, 42.445027017625421 ], [ -0.774955291747923, 42.444604295040591 ], [ -0.774215075780415, 42.444604295040591 ], [ -0.774215075780415, 42.44418156960343 ], [ -0.773474859812906, 42.44418156960343 ], [ -0.773474859812906, 42.443758841313951 ], [ -0.772734643845398, 42.443758841313951 ], [ -0.772734643845398, 42.442913376177984 ], [ -0.77199442787789, 42.442913376177984 ], [ -0.77199442787789, 42.442490639331517 ], [ -0.771254211910381, 42.442490639331517 ], [ -0.771254211910381, 42.438263113990082 ], [ -0.77199442787789, 42.438263113990082 ], [ -0.77199442787789, 42.437417574694329 ], [ -0.772734643845398, 42.437417574694329 ], [ -0.772734643845398, 42.436994800768048 ], [ -0.773474859812906, 42.436994800768048 ], [ -0.773474859812906, 42.436149244358667 ], [ -0.774215075780415, 42.436149244358667 ], [ -0.774215075780415, 42.435303676540258 ], [ -0.774955291747923, 42.435303676540258 ], [ -0.774955291747923, 42.434880888352673 ], [ -0.775695507715431, 42.434880888352673 ], [ -0.775695507715431, 42.434035303420757 ], [ -0.77643572368294, 42.434035303420757 ], [ -0.77643572368294, 42.433189707079883 ], [ -0.775695507715431, 42.433189707079883 ], [ -0.775695507715431, 42.43192129117682 ], [ -0.774955291747923, 42.43192129117682 ], [ -0.774955291747923, 42.43065284960376 ], [ -0.774215075780415, 42.43065284960376 ], [ -0.774215075780415, 42.43107566631366 ], [ -0.773474859812906, 42.43107566631366 ], [ -0.773474859812906, 42.43192129117682 ], [ -0.772734643845398, 42.43192129117682 ], [ -0.772734643845398, 42.432766904631094 ], [ -0.769773779975365, 42.432766904631094 ], [ -0.769773779975365, 42.437417574694329 ], [ -0.769033564007856, 42.437417574694329 ], [ -0.769033564007856, 42.438263113990082 ], [ -0.768293348040348, 42.438263113990082 ], [ -0.768293348040348, 42.438685879359547 ], [ -0.76755313207284, 42.438685879359547 ], [ -0.76755313207284, 42.439531401541615 ], [ -0.766812916105331, 42.439531401541615 ], [ -0.766812916105331, 42.44037691231452 ], [ -0.766072700137823, 42.44037691231452 ], [ -0.766072700137823, 42.44122241167824 ], [ -0.765332484170315, 42.44122241167824 ], [ -0.765332484170315, 42.441645157081645 ], [ -0.764592268202806, 42.441645157081645 ], [ -0.764592268202806, 42.442490639331517 ], [ -0.763852052235298, 42.442490639331517 ], [ -0.763852052235298, 42.443336110172119 ], [ -0.76311183626779, 42.443336110172119 ], [ -0.76311183626779, 42.443758841313951 ], [ -0.761631404332773, 42.443758841313951 ], [ -0.761631404332773, 42.44418156960343 ], [ -0.757190108527723, 42.44418156960343 ], [ -0.757190108527723, 42.444604295040591 ], [ -0.754969460625198, 42.444604295040591 ], [ -0.754969460625198, 42.44418156960343 ], [ -0.75422924465769, 42.44418156960343 ], [ -0.75422924465769, 42.443758841313951 ], [ -0.752748812722673, 42.443758841313951 ], [ -0.752748812722673, 42.443336110172119 ], [ -0.751268380787656, 42.443336110172119 ], [ -0.751268380787656, 42.442913376177984 ], [ -0.750528164820148, 42.442913376177984 ], [ -0.750528164820148, 42.442490639331517 ], [ -0.749047732885131, 42.442490639331517 ], [ -0.749047732885131, 42.442067899632733 ], [ -0.747567300950115, 42.442067899632733 ], [ -0.747567300950115, 42.441645157081645 ], [ -0.746827084982606, 42.441645157081645 ], [ -0.746827084982606, 42.440799663422538 ], [ -0.746086869015098, 42.440799663422538 ], [ -0.746086869015098, 42.44037691231452 ], [ -0.74534665304759, 42.44037691231452 ], [ -0.74534665304759, 42.439531401541615 ], [ -0.741645573210048, 42.439531401541615 ], [ -0.741645573210048, 42.439954158354219 ], [ -0.738684709340015, 42.439954158354219 ], [ -0.738684709340015, 42.44037691231452 ], [ -0.735723845469981, 42.44037691231452 ], [ -0.735723845469981, 42.44122241167824 ], [ -0.734983629502473, 42.44122241167824 ], [ -0.734983629502473, 42.442067899632733 ], [ -0.734243413534964, 42.442067899632733 ], [ -0.734243413534964, 42.442913376177984 ], [ -0.733503197567456, 42.442913376177984 ], [ -0.733503197567456, 42.443758841313951 ], [ -0.732762981599948, 42.443758841313951 ], [ -0.732762981599948, 42.44418156960343 ], [ -0.73202276563244, 42.44418156960343 ], [ -0.73202276563244, 42.444604295040591 ], [ -0.732762981599948, 42.444604295040591 ], [ -0.732762981599948, 42.445449737357904 ], [ -0.733503197567456, 42.445449737357904 ], [ -0.733503197567456, 42.445872454238042 ], [ -0.734243413534964, 42.445872454238042 ], [ -0.734243413534964, 42.446295168265841 ], [ -0.734983629502473, 42.446295168265841 ], [ -0.734983629502473, 42.44714058776438 ], [ -0.735723845469981, 42.44714058776438 ], [ -0.735723845469981, 42.449254086594394 ], [ -0.73646406143749, 42.449254086594394 ], [ -0.73646406143749, 42.455171503950794 ], [ -0.737204277404998, 42.455171503950794 ], [ -0.737204277404998, 42.456016803648794 ], [ -0.737944493372506, 42.456016803648794 ], [ -0.737944493372506, 42.456862091937047 ], [ -0.738684709340015, 42.456862091937047 ], [ -0.738684709340015, 42.45770736881552 ], [ -0.739424925307523, 42.45770736881552 ], [ -0.739424925307523, 42.458552634284189 ], [ -0.740165141275031, 42.458552634284189 ], [ -0.740165141275031, 42.459397888343034 ], [ -0.74090535724254, 42.459397888343034 ], [ -0.74090535724254, 42.460243130991991 ], [ -0.741645573210048, 42.460243130991991 ], [ -0.741645573210048, 42.46108836223106 ], [ -0.742385789177556, 42.46108836223106 ], [ -0.742385789177556, 42.46193358206019 ], [ -0.743126005145065, 42.46193358206019 ], [ -0.743126005145065, 42.466159510055938 ], [ -0.746086869015098, 42.466159510055938 ], [ -0.746086869015098, 42.467004661424888 ], [ -0.746827084982606, 42.467004661424888 ], [ -0.746827084982606, 42.467427232830566 ], [ -0.747567300950115, 42.467427232830566 ], [ -0.747567300950115, 42.468272367084303 ], [ -0.748307516917623, 42.468272367084303 ], [ -0.748307516917623, 42.469117489927854 ], [ -0.749047732885131, 42.469117489927854 ], [ -0.749047732885131, 42.469962601361203 ], [ -0.74978794885264, 42.469962601361203 ], [ -0.74978794885264, 42.469117489927854 ], [ -0.750528164820148, 42.469117489927854 ], [ -0.750528164820148, 42.468272367084303 ], [ -0.751268380787656, 42.468272367084303 ], [ -0.751268380787656, 42.467004661424888 ], [ -0.752008596755165, 42.467004661424888 ], [ -0.752008596755165, 42.46193358206019 ], [ -0.751268380787656, 42.46193358206019 ], [ -0.751268380787656, 42.460665748037762 ], [ -0.752008596755165, 42.460665748037762 ], [ -0.752008596755165, 42.460243130991991 ], [ -0.752748812722673, 42.460243130991991 ], [ -0.752748812722673, 42.459397888343034 ], [ -0.753489028690181, 42.459397888343034 ], [ -0.753489028690181, 42.458975262739841 ], [ -0.75422924465769, 42.458975262739841 ], [ -0.75422924465769, 42.458552634284189 ], [ -0.754969460625198, 42.458552634284189 ], [ -0.754969460625198, 42.458130002976084 ], [ -0.755709676592706, 42.458130002976084 ], [ -0.755709676592706, 42.45770736881552 ], [ -0.756449892560215, 42.45770736881552 ], [ -0.756449892560215, 42.457284731802517 ], [ -0.757190108527723, 42.457284731802517 ], [ -0.757190108527723, 42.45770736881552 ], [ -0.75867054046274, 42.45770736881552 ], [ -0.75867054046274, 42.458130002976084 ], [ -0.759410756430248, 42.458130002976084 ], [ -0.759410756430248, 42.458552634284189 ], [ -0.760150972397756, 42.458552634284189 ], [ -0.760150972397756, 42.458975262739841 ], [ -0.760891188365265, 42.458975262739841 ], [ -0.760891188365265, 42.459820511093746 ], [ -0.761631404332773, 42.459820511093746 ], [ -0.761631404332773, 42.461510973571876 ], [ -0.762371620300281, 42.461510973571876 ], [ -0.762371620300281, 42.46193358206019 ], [ -0.772734643845398, 42.46193358206019 ], [ -0.772734643845398, 42.462356187696031 ], [ -0.773474859812906, 42.462356187696031 ], [ -0.773474859812906, 42.462778790479376 ], [ -0.774215075780415, 42.462778790479376 ], [ -0.774215075780415, 42.463201390410227 ], [ -0.774955291747923, 42.463201390410227 ], [ -0.774955291747923, 42.463623987488582 ], [ -0.775695507715431, 42.463623987488582 ], [ -0.775695507715431, 42.46404658171442 ], [ -0.77643572368294, 42.46404658171442 ], [ -0.77643572368294, 42.464469173087757 ], [ -0.777175939650448, 42.464469173087757 ], [ -0.777175939650448, 42.464891761608577 ], [ -0.777916155617956, 42.464891761608577 ], [ -0.777916155617956, 42.46531434727688 ], [ -0.778656371585465, 42.46531434727688 ], [ -0.778656371585465, 42.466159510055938 ], [ -0.779396587552973, 42.466159510055938 ], [ -0.779396587552973, 42.467849801383707 ], [ -0.780136803520481, 42.467849801383707 ], [ -0.780136803520481, 42.469540047070808 ], [ -0.78087701948799, 42.469540047070808 ], [ -0.78087701948799, 42.471652789997137 ], [ -0.781617235455498, 42.471652789997137 ], [ -0.781617235455498, 42.473765461609084 ], [ -0.782357451423006, 42.473765461609084 ], [ -0.782357451423006, 42.475878061906194 ], [ -0.783097667390515, 42.475878061906194 ], [ -0.783097667390515, 42.477990590887998 ], [ -0.783837883358023, 42.477990590887998 ], [ -0.783837883358023, 42.480948011651925 ], [ -0.783097667390515, 42.480948011651925 ], [ -0.783097667390515, 42.482637903615796 ], [ -0.782357451423006, 42.482637903615796 ], [ -0.782357451423006, 42.48348283248172 ], [ -0.781617235455498, 42.48348283248172 ], [ -0.781617235455498, 42.483905292635676 ], [ -0.78087701948799, 42.483905292635676 ], [ -0.78087701948799, 42.484327749936931 ], [ -0.779396587552973, 42.484327749936931 ], [ -0.779396587552973, 42.485172655981394 ], [ -0.780136803520481, 42.485172655981394 ], [ -0.780136803520481, 42.488129737276964 ], [ -0.78087701948799, 42.488129737276964 ], [ -0.78087701948799, 42.490664267131422 ], [ -0.780136803520481, 42.490664267131422 ], [ -0.780136803520481, 42.491509087594352 ], [ -0.779396587552973, 42.491509087594352 ], [ -0.779396587552973, 42.492353896646286 ], [ -0.778656371585465, 42.492353896646286 ], [ -0.778656371585465, 42.492776296893105 ], [ -0.777916155617956, 42.492776296893105 ], [ -0.777916155617956, 42.49319869428718 ], [ -0.773474859812906, 42.49319869428718 ], [ -0.773474859812906, 42.493621088828476 ], [ -0.772734643845398, 42.493621088828476 ], [ -0.772734643845398, 42.494043480517021 ], [ -0.77199442787789, 42.494043480517021 ], [ -0.77199442787789, 42.494465869352794 ], [ -0.771254211910381, 42.494465869352794 ], [ -0.771254211910381, 42.494888255335773 ], [ -0.770513995942873, 42.494888255335773 ], [ -0.770513995942873, 42.495310638465995 ], [ -0.769033564007856, 42.495310638465995 ], [ -0.769033564007856, 42.494888255335773 ], [ -0.768293348040348, 42.494888255335773 ], [ -0.768293348040348, 42.494465869352794 ], [ -0.76755313207284, 42.494465869352794 ], [ -0.76755313207284, 42.494043480517021 ] ], [ [ -0.732762981599948, 42.410354293398328 ], [ -0.73202276563244, 42.410354293398328 ], [ -0.73202276563244, 42.410777247010074 ], [ -0.732762981599948, 42.410777247010074 ], [ -0.732762981599948, 42.410354293398328 ] ], [ [ -0.717958662249781, 42.474610510285736 ], [ -0.717958662249781, 42.473342932991862 ], [ -0.71869887821729, 42.473342932991862 ], [ -0.71869887821729, 42.472075330024687 ], [ -0.719439094184798, 42.472075330024687 ], [ -0.719439094184798, 42.471652789997137 ], [ -0.717958662249781, 42.471652789997137 ], [ -0.717958662249781, 42.471230247116999 ], [ -0.715738014347256, 42.471230247116999 ], [ -0.715738014347256, 42.474187987373703 ], [ -0.714997798379748, 42.474187987373703 ], [ -0.714997798379748, 42.475033030345152 ], [ -0.71425758241224, 42.475033030345152 ], [ -0.71425758241224, 42.475455547551981 ], [ -0.713517366444731, 42.475455547551981 ], [ -0.713517366444731, 42.476300573407791 ], [ -0.715738014347256, 42.476300573407791 ], [ -0.715738014347256, 42.476723082056779 ], [ -0.716478230314765, 42.476723082056779 ], [ -0.716478230314765, 42.477568090796886 ], [ -0.717218446282273, 42.477568090796886 ], [ -0.717218446282273, 42.477990590887998 ], [ -0.717958662249781, 42.477990590887998 ], [ -0.717958662249781, 42.476723082056779 ], [ -0.717218446282273, 42.476723082056779 ], [ -0.717218446282273, 42.474610510285736 ], [ -0.717958662249781, 42.474610510285736 ] ], [ [ -0.71869887821729, 42.478835582512332 ], [ -0.71869887821729, 42.47841308812648 ], [ -0.717958662249781, 42.47841308812648 ], [ -0.717958662249781, 42.478835582512332 ], [ -0.71869887821729, 42.478835582512332 ] ] ] ] } }
]
}
