{
"type": "FeatureCollection",
"name": "spain_fires_nrt_ba",
"crs": { "type": "name", "properties": { "name": "urn:ogc:def:crs:OGC:1.3:CRS84" } },
"features": [
{ "type": "Feature", "properties": { }, "geometry": { "type": "MultiPolygon", "coordinates": [ [ [ [ -5.65667959746539, 36.204922268966712 ], [ -5.655939381497881, 36.204922268966712 ], [ -5.655939381497881, 36.204460028679684 ], [ -5.655199165530372, 36.204460028679684 ], [ -5.655199165530372, 36.203997785662857 ], [ -5.654458949562865, 36.203997785662857 ], [ -5.654458949562865, 36.200299743256828 ], [ -5.653718733595356, 36.200299743256828 ], [ -5.653718733595356, 36.197988378037984 ], [ -5.654458949562865, 36.197988378037984 ], [ -5.654458949562865, 36.197526096805326 ], [ -5.655199165530372, 36.197526096805326 ], [ -5.655199165530372, 36.197063812843062 ], [ -5.655939381497881, 36.197063812843062 ], [ -5.655939381497881, 36.196601526151227 ], [ -5.65667959746539, 36.196601526151227 ], [ -5.65667959746539, 36.19613923672982 ], [ -5.657419813432897, 36.19613923672982 ], [ -5.657419813432897, 36.195676944578857 ], [ -5.658160029400405, 36.195676944578857 ], [ -5.658160029400405, 36.192903134353216 ], [ -5.657419813432897, 36.192903134353216 ], [ -5.657419813432897, 36.192440823095751 ], [ -5.658160029400405, 36.192440823095751 ], [ -5.658160029400405, 36.191053872946775 ], [ -5.658900245367914, 36.191053872946775 ], [ -5.658900245367914, 36.189204567869922 ], [ -5.659640461335422, 36.189204567869922 ], [ -5.659640461335422, 36.188742234777301 ], [ -5.66038067730293, 36.188742234777301 ], [ -5.66038067730293, 36.188279898955365 ], [ -5.661120893270438, 36.188279898955365 ], [ -5.661120893270438, 36.187817560404099 ], [ -5.661861109237947, 36.187817560404099 ], [ -5.661861109237947, 36.187355219123539 ], [ -5.662601325205456, 36.187355219123539 ], [ -5.662601325205456, 36.186892875113685 ], [ -5.663341541172964, 36.186892875113685 ], [ -5.663341541172964, 36.186430528374551 ], [ -5.664081757140473, 36.186430528374551 ], [ -5.664081757140473, 36.185968178906165 ], [ -5.664821973107981, 36.185968178906165 ], [ -5.664821973107981, 36.185505826708528 ], [ -5.665562189075489, 36.185505826708528 ], [ -5.665562189075489, 36.185043471781654 ], [ -5.671483916815555, 36.185043471781654 ], [ -5.671483916815555, 36.184581114125564 ], [ -5.672224132783064, 36.184581114125564 ], [ -5.672224132783064, 36.183656390625785 ], [ -5.672964348750573, 36.183656390625785 ], [ -5.672964348750573, 36.182731656209292 ], [ -5.67370456471808, 36.182731656209292 ], [ -5.67370456471808, 36.182269284907314 ], [ -5.67814586052313, 36.182269284907314 ], [ -5.67814586052313, 36.182731656209292 ], [ -5.681846940360672, 36.182731656209292 ], [ -5.681846940360672, 36.183194024782118 ], [ -5.682587156328181, 36.183194024782118 ], [ -5.682587156328181, 36.184118753740272 ], [ -5.683327372295689, 36.184118753740272 ], [ -5.683327372295689, 36.185505826708528 ], [ -5.684067588263197, 36.185505826708528 ], [ -5.684067588263197, 36.186430528374551 ], [ -5.684807804230706, 36.186430528374551 ], [ -5.684807804230706, 36.187355219123539 ], [ -5.685548020198214, 36.187355219123539 ], [ -5.685548020198214, 36.188279898955365 ], [ -5.684807804230706, 36.188279898955365 ], [ -5.684807804230706, 36.190129225867089 ], [ -5.684067588263197, 36.190129225867089 ], [ -5.684067588263197, 36.191516192392527 ], [ -5.683327372295689, 36.191516192392527 ], [ -5.683327372295689, 36.191978509108857 ], [ -5.682587156328181, 36.191978509108857 ], [ -5.682587156328181, 36.192440823095751 ], [ -5.681106724393164, 36.192440823095751 ], [ -5.681106724393164, 36.192903134353216 ], [ -5.680366508425656, 36.192903134353216 ], [ -5.680366508425656, 36.194752352088322 ], [ -5.681106724393164, 36.194752352088322 ], [ -5.681106724393164, 36.197063812843062 ], [ -5.680366508425656, 36.197063812843062 ], [ -5.680366508425656, 36.197988378037984 ], [ -5.679626292458147, 36.197988378037984 ], [ -5.679626292458147, 36.19891293231445 ], [ -5.678886076490638, 36.19891293231445 ], [ -5.678886076490638, 36.199837475672361 ], [ -5.67814586052313, 36.199837475672361 ], [ -5.67814586052313, 36.200762008111617 ], [ -5.676665428588114, 36.200762008111617 ], [ -5.676665428588114, 36.2012242702367 ], [ -5.674444780685589, 36.2012242702367 ], [ -5.674444780685589, 36.201686529632077 ], [ -5.672224132783064, 36.201686529632077 ], [ -5.672224132783064, 36.202148786297734 ], [ -5.66926326891303, 36.202148786297734 ], [ -5.66926326891303, 36.201686529632077 ], [ -5.668523052945521, 36.201686529632077 ], [ -5.668523052945521, 36.2012242702367 ], [ -5.667042621010506, 36.2012242702367 ], [ -5.667042621010506, 36.200762008111617 ], [ -5.666302405042998, 36.200762008111617 ], [ -5.666302405042998, 36.199837475672361 ], [ -5.665562189075489, 36.199837475672361 ], [ -5.665562189075489, 36.19891293231445 ], [ -5.664821973107981, 36.19891293231445 ], [ -5.664821973107981, 36.197988378037984 ], [ -5.664081757140473, 36.197988378037984 ], [ -5.664081757140473, 36.199375205358237 ], [ -5.664821973107981, 36.199375205358237 ], [ -5.664821973107981, 36.201686529632077 ], [ -5.664081757140473, 36.201686529632077 ], [ -5.664081757140473, 36.203535539916224 ], [ -5.663341541172964, 36.203535539916224 ], [ -5.663341541172964, 36.204460028679684 ], [ -5.662601325205456, 36.204460028679684 ], [ -5.662601325205456, 36.204922268966712 ], [ -5.661120893270438, 36.204922268966712 ], [ -5.661120893270438, 36.205384506523913 ], [ -5.66038067730293, 36.205384506523913 ], [ -5.66038067730293, 36.20584674135128 ], [ -5.658160029400405, 36.20584674135128 ], [ -5.658160029400405, 36.205384506523913 ], [ -5.65667959746539, 36.205384506523913 ], [ -5.65667959746539, 36.204922268966712 ] ] ], [ [ [ -6.704825407457191, 37.297289185262684 ], [ -6.704085191489683, 37.297289185262684 ], [ -6.704085191489683, 37.296377771399207 ], [ -6.703344975522174, 37.296377771399207 ], [ -6.703344975522174, 37.295466346492518 ], [ -6.702604759554665, 37.295466346492518 ], [ -6.702604759554665, 37.29409918842665 ], [ -6.701864543587157, 37.29409918842665 ], [ -6.701864543587157, 37.290453312112554 ], [ -6.701124327619648, 37.290453312112554 ], [ -6.701124327619648, 37.286807259117083 ], [ -6.700384111652141, 37.286807259117083 ], [ -6.700384111652141, 37.286351490070047 ], [ -6.701124327619648, 37.286351490070047 ], [ -6.701124327619648, 37.285439943694385 ], [ -6.701864543587157, 37.285439943694385 ], [ -6.701864543587157, 37.284984166365774 ], [ -6.702604759554665, 37.284984166365774 ], [ -6.702604759554665, 37.28407260342707 ], [ -6.703344975522174, 37.28407260342707 ], [ -6.703344975522174, 37.283616817816984 ], [ -6.704085191489683, 37.283616817816984 ], [ -6.704085191489683, 37.28316102944644 ], [ -6.710006919229749, 37.28316102944644 ], [ -6.710006919229749, 37.282705238315458 ], [ -6.712227567132275, 37.282705238315458 ], [ -6.712227567132275, 37.28316102944644 ], [ -6.712967783099782, 37.28316102944644 ], [ -6.712967783099782, 37.28407260342707 ], [ -6.713707999067291, 37.28407260342707 ], [ -6.713707999067291, 37.284528386276662 ], [ -6.7144482150348, 37.284528386276662 ], [ -6.7144482150348, 37.284984166365774 ], [ -6.715188431002307, 37.284984166365774 ], [ -6.715188431002307, 37.285439943694385 ], [ -6.715928646969815, 37.285439943694385 ], [ -6.715928646969815, 37.285895718262488 ], [ -6.716668862937324, 37.285895718262488 ], [ -6.716668862937324, 37.286807259117083 ], [ -6.717409078904833, 37.286807259117083 ], [ -6.717409078904833, 37.287263025403576 ], [ -6.71814929487234, 37.287263025403576 ], [ -6.71814929487234, 37.287718788929489 ], [ -6.718889510839849, 37.287718788929489 ], [ -6.718889510839849, 37.292276272355167 ], [ -6.71814929487234, 37.292276272355167 ], [ -6.71814929487234, 37.295922060326255 ], [ -6.717409078904833, 37.295922060326255 ], [ -6.717409078904833, 37.296833479711353 ], [ -6.716668862937324, 37.296833479711353 ], [ -6.716668862937324, 37.297744888053188 ], [ -6.715928646969815, 37.297744888053188 ], [ -6.715928646969815, 37.298200588082857 ], [ -6.715188431002307, 37.298200588082857 ], [ -6.715188431002307, 37.298656285351655 ], [ -6.712227567132275, 37.298656285351655 ], [ -6.712227567132275, 37.299111979859603 ], [ -6.706305839392207, 37.299111979859603 ], [ -6.706305839392207, 37.298656285351655 ], [ -6.705565623424699, 37.298656285351655 ], [ -6.705565623424699, 37.298200588082857 ], [ -6.704825407457191, 37.298200588082857 ], [ -6.704825407457191, 37.297289185262684 ] ] ], [ [ [ -5.862459636432706, 37.365158453502403 ], [ -5.862459636432706, 37.364247862629888 ], [ -5.861719420465197, 37.364247862629888 ], [ -5.861719420465197, 37.363792563049742 ], [ -5.860979204497688, 37.363792563049742 ], [ -5.860979204497688, 37.363337260706984 ], [ -5.860238988530181, 37.363337260706984 ], [ -5.860238988530181, 37.362881955601672 ], [ -5.859498772562672, 37.362881955601672 ], [ -5.859498772562672, 37.361971337103348 ], [ -5.858758556595164, 37.361971337103348 ], [ -5.858758556595164, 37.357418078861372 ], [ -5.859498772562672, 37.357418078861372 ], [ -5.859498772562672, 37.356507394063563 ], [ -5.860238988530181, 37.356507394063563 ], [ -5.860238988530181, 37.356052047521068 ], [ -5.860979204497688, 37.356052047521068 ], [ -5.860979204497688, 37.355141346148926 ], [ -5.861719420465197, 37.355141346148926 ], [ -5.861719420465197, 37.354685991319315 ], [ -5.862459636432706, 37.354685991319315 ], [ -5.862459636432706, 37.353775273373067 ], [ -5.863199852400214, 37.353775273373067 ], [ -5.863199852400214, 37.353319910256445 ], [ -5.868381364172772, 37.353319910256445 ], [ -5.868381364172772, 37.353775273373067 ], [ -5.869121580140281, 37.353775273373067 ], [ -5.869121580140281, 37.354230633727354 ], [ -5.869861796107789, 37.354230633727354 ], [ -5.869861796107789, 37.354685991319315 ], [ -5.870602012075297, 37.354685991319315 ], [ -5.870602012075297, 37.355596698216182 ], [ -5.871342228042805, 37.355596698216182 ], [ -5.871342228042805, 37.356052047521068 ], [ -5.872082444010315, 37.356052047521068 ], [ -5.872082444010315, 37.356962737843673 ], [ -5.872822659977823, 37.356962737843673 ], [ -5.872822659977823, 37.363337260706984 ], [ -5.872082444010315, 37.363337260706984 ], [ -5.872082444010315, 37.364247862629888 ], [ -5.871342228042805, 37.364247862629888 ], [ -5.871342228042805, 37.365158453502403 ], [ -5.870602012075297, 37.365158453502403 ], [ -5.870602012075297, 37.365613744794729 ], [ -5.869861796107789, 37.365613744794729 ], [ -5.869861796107789, 37.366524319091468 ], [ -5.864680284335232, 37.366524319091468 ], [ -5.864680284335232, 37.366069033324429 ], [ -5.863940068367723, 37.366069033324429 ], [ -5.863940068367723, 37.365613744794729 ], [ -5.863199852400214, 37.365613744794729 ], [ -5.863199852400214, 37.365158453502403 ], [ -5.862459636432706, 37.365158453502403 ] ] ], [ [ [ -7.2385211200307, 37.805038267474927 ], [ -7.2385211200307, 37.804585655906379 ], [ -7.237780904063192, 37.804585655906379 ], [ -7.237780904063192, 37.803227804557608 ], [ -7.237040688095683, 37.803227804557608 ], [ -7.237040688095683, 37.802322556455906 ], [ -7.233339608258142, 37.802322556455906 ], [ -7.233339608258142, 37.801869928244351 ], [ -7.231118960355618, 37.801869928244351 ], [ -7.231118960355618, 37.801417297258979 ], [ -7.230378744388108, 37.801417297258979 ], [ -7.230378744388108, 37.800964663499819 ], [ -7.229638528420599, 37.800964663499819 ], [ -7.229638528420599, 37.800512026966899 ], [ -7.228898312453092, 37.800512026966899 ], [ -7.228898312453092, 37.800059387660205 ], [ -7.228158096485584, 37.800059387660205 ], [ -7.228158096485584, 37.799606745579759 ], [ -7.227417880518075, 37.799606745579759 ], [ -7.227417880518075, 37.799154100725573 ], [ -7.226677664550566, 37.799154100725573 ], [ -7.226677664550566, 37.79870145309765 ], [ -7.225197232615549, 37.79870145309765 ], [ -7.225197232615549, 37.799154100725573 ], [ -7.224457016648041, 37.799154100725573 ], [ -7.224457016648041, 37.799606745579759 ], [ -7.222976584713025, 37.799606745579759 ], [ -7.222976584713025, 37.800059387660205 ], [ -7.221496152778008, 37.800059387660205 ], [ -7.221496152778008, 37.800512026966899 ], [ -7.220015720842992, 37.800512026966899 ], [ -7.220015720842992, 37.800964663499819 ], [ -7.219275504875482, 37.800964663499819 ], [ -7.219275504875482, 37.801417297258979 ], [ -7.217795072940467, 37.801417297258979 ], [ -7.217795072940467, 37.800964663499819 ], [ -7.217054856972958, 37.800964663499819 ], [ -7.217054856972958, 37.800512026966899 ], [ -7.215574425037941, 37.800512026966899 ], [ -7.215574425037941, 37.800059387660205 ], [ -7.214834209070432, 37.800059387660205 ], [ -7.214834209070432, 37.799606745579759 ], [ -7.214093993102924, 37.799606745579759 ], [ -7.214093993102924, 37.798248802696016 ], [ -7.213353777135417, 37.798248802696016 ], [ -7.213353777135417, 37.796890834848895 ], [ -7.212613561167908, 37.796890834848895 ], [ -7.212613561167908, 37.795080172221361 ], [ -7.213353777135417, 37.795080172221361 ], [ -7.213353777135417, 37.79372214612755 ], [ -7.214093993102924, 37.79372214612755 ], [ -7.214093993102924, 37.79191140583886 ], [ -7.213353777135417, 37.79191140583886 ], [ -7.213353777135417, 37.791458713832782 ], [ -7.212613561167908, 37.791458713832782 ], [ -7.212613561167908, 37.791006019053171 ], [ -7.211873345200399, 37.791006019053171 ], [ -7.211873345200399, 37.789647918073193 ], [ -7.211133129232891, 37.789647918073193 ], [ -7.211133129232891, 37.787837077937695 ], [ -7.210392913265384, 37.787837077937695 ], [ -7.210392913265384, 37.78647891871482 ], [ -7.211133129232891, 37.78647891871482 ], [ -7.211133129232891, 37.784668000923219 ], [ -7.211873345200399, 37.784668000923219 ], [ -7.211873345200399, 37.783309783459096 ], [ -7.213353777135417, 37.783309783459096 ], [ -7.213353777135417, 37.782857038757705 ], [ -7.217054856972958, 37.782857038757705 ], [ -7.217054856972958, 37.78240429128298 ], [ -7.218535288907975, 37.78240429128298 ], [ -7.218535288907975, 37.781951541034957 ], [ -7.219275504875482, 37.781951541034957 ], [ -7.219275504875482, 37.781498788013614 ], [ -7.220015720842992, 37.781498788013614 ], [ -7.220015720842992, 37.781046032218995 ], [ -7.220755936810501, 37.781046032218995 ], [ -7.220755936810501, 37.780593273651085 ], [ -7.221496152778008, 37.780593273651085 ], [ -7.221496152778008, 37.780140512309906 ], [ -7.224457016648041, 37.780140512309906 ], [ -7.224457016648041, 37.779687748195478 ], [ -7.230378744388108, 37.779687748195478 ], [ -7.230378744388108, 37.779234981307795 ], [ -7.237040688095683, 37.779234981307795 ], [ -7.237040688095683, 37.778782211646877 ], [ -7.240741767933224, 37.778782211646877 ], [ -7.240741767933224, 37.779234981307795 ], [ -7.241481983900733, 37.779234981307795 ], [ -7.241481983900733, 37.780140512309906 ], [ -7.242222199868242, 37.780140512309906 ], [ -7.242222199868242, 37.780593273651085 ], [ -7.242962415835749, 37.780593273651085 ], [ -7.242962415835749, 37.781498788013614 ], [ -7.243702631803258, 37.781498788013614 ], [ -7.243702631803258, 37.7855734653658 ], [ -7.244442847770767, 37.7855734653658 ], [ -7.244442847770767, 37.786026193427013 ], [ -7.245183063738274, 37.786026193427013 ], [ -7.245183063738274, 37.786931641229202 ], [ -7.245923279705783, 37.786931641229202 ], [ -7.245923279705783, 37.787384360970172 ], [ -7.246663495673292, 37.787384360970172 ], [ -7.246663495673292, 37.787837077937695 ], [ -7.2474037116408, 37.787837077937695 ], [ -7.2474037116408, 37.788742503552385 ], [ -7.248143927608307, 37.788742503552385 ], [ -7.248143927608307, 37.78919521219953 ], [ -7.248884143575816, 37.78919521219953 ], [ -7.248884143575816, 37.789647918073193 ], [ -7.249624359543326, 37.789647918073193 ], [ -7.249624359543326, 37.79055332150002 ], [ -7.250364575510833, 37.79055332150002 ], [ -7.250364575510833, 37.791006019053171 ], [ -7.25110479147834, 37.791006019053171 ], [ -7.25110479147834, 37.794627499630366 ], [ -7.253325439380866, 37.794627499630366 ], [ -7.253325439380866, 37.795080172221361 ], [ -7.255546087283391, 37.795080172221361 ], [ -7.255546087283391, 37.795532842038703 ], [ -7.257766735185917, 37.795532842038703 ], [ -7.257766735185917, 37.796890834848895 ], [ -7.258506951153424, 37.796890834848895 ], [ -7.258506951153424, 37.79870145309765 ], [ -7.259247167120933, 37.79870145309765 ], [ -7.259247167120933, 37.800059387660205 ], [ -7.258506951153424, 37.800059387660205 ], [ -7.258506951153424, 37.801869928244351 ], [ -7.257766735185917, 37.801869928244351 ], [ -7.257766735185917, 37.803227804557608 ], [ -7.257026519218409, 37.803227804557608 ], [ -7.257026519218409, 37.803680424447712 ], [ -7.2562863032509, 37.803680424447712 ], [ -7.2562863032509, 37.804133041563972 ], [ -7.254805871315884, 37.804133041563972 ], [ -7.254805871315884, 37.804585655906379 ], [ -7.254065655348375, 37.804585655906379 ], [ -7.254065655348375, 37.805038267474927 ], [ -7.252585223413358, 37.805038267474927 ], [ -7.252585223413358, 37.804585655906379 ], [ -7.248884143575816, 37.804585655906379 ], [ -7.248884143575816, 37.804133041563972 ], [ -7.246663495673292, 37.804133041563972 ], [ -7.246663495673292, 37.804585655906379 ], [ -7.245923279705783, 37.804585655906379 ], [ -7.245923279705783, 37.805038267474927 ], [ -7.245183063738274, 37.805038267474927 ], [ -7.245183063738274, 37.80549087626958 ], [ -7.244442847770767, 37.80549087626958 ], [ -7.244442847770767, 37.805943482290374 ], [ -7.243702631803258, 37.805943482290374 ], [ -7.243702631803258, 37.806396085537251 ], [ -7.240741767933224, 37.806396085537251 ], [ -7.240741767933224, 37.805943482290374 ], [ -7.240001551965716, 37.805943482290374 ], [ -7.240001551965716, 37.80549087626958 ], [ -7.239261335998209, 37.80549087626958 ], [ -7.239261335998209, 37.805038267474927 ], [ -7.2385211200307, 37.805038267474927 ] ] ], [ [ [ -7.708558259398493, 38.371774191988081 ], [ -7.707818043430984, 38.371774191988081 ], [ -7.707818043430984, 38.366833760702761 ], [ -7.707077827463475, 38.366833760702761 ], [ -7.707077827463475, 38.366384613861911 ], [ -7.706337611495966, 38.366384613861911 ], [ -7.706337611495966, 38.365486311818366 ], [ -7.705597395528457, 38.365486311818366 ], [ -7.705597395528457, 38.365037156615685 ], [ -7.704857179560952, 38.365037156615685 ], [ -7.704857179560952, 38.364587998625737 ], [ -7.704116963593442, 38.364587998625737 ], [ -7.704116963593442, 38.365486311818366 ], [ -7.703376747625933, 38.365486311818366 ], [ -7.703376747625933, 38.366384613861911 ], [ -7.702636531658426, 38.366384613861911 ], [ -7.702636531658426, 38.367282904756308 ], [ -7.697455019885866, 38.367282904756308 ], [ -7.697455019885866, 38.366833760702761 ], [ -7.696714803918359, 38.366833760702761 ], [ -7.696714803918359, 38.366384613861911 ], [ -7.695974587950849, 38.366384613861911 ], [ -7.695974587950849, 38.365486311818366 ], [ -7.695234371983342, 38.365486311818366 ], [ -7.695234371983342, 38.364587998625737 ], [ -7.694494156015835, 38.364587998625737 ], [ -7.694494156015835, 38.36189299215426 ], [ -7.693013724080818, 38.36189299215426 ], [ -7.693013724080818, 38.362342166867535 ], [ -7.6915332921458, 38.362342166867535 ], [ -7.6915332921458, 38.36189299215426 ], [ -7.690793076178292, 38.36189299215426 ], [ -7.690793076178292, 38.361443814653803 ], [ -7.689312644243275, 38.361443814653803 ], [ -7.689312644243275, 38.360994634366165 ], [ -7.688572428275767, 38.360994634366165 ], [ -7.688572428275767, 38.360545451291372 ], [ -7.687832212308258, 38.360545451291372 ], [ -7.687832212308258, 38.358748691120731 ], [ -7.687091996340749, 38.358748691120731 ], [ -7.687091996340749, 38.356951886356271 ], [ -7.686351780373242, 38.356951886356271 ], [ -7.686351780373242, 38.356502678197451 ], [ -7.687091996340749, 38.356502678197451 ], [ -7.687091996340749, 38.352908912593527 ], [ -7.687832212308258, 38.352908912593527 ], [ -7.687832212308258, 38.35066271851391 ], [ -7.688572428275767, 38.35066271851391 ], [ -7.688572428275767, 38.350213471337156 ], [ -7.689312644243275, 38.350213471337156 ], [ -7.689312644243275, 38.34931496862292 ], [ -7.690052860210784, 38.34931496862292 ], [ -7.690052860210784, 38.348416454761093 ], [ -7.6915332921458, 38.348416454761093 ], [ -7.6915332921458, 38.347967193649865 ], [ -7.694494156015835, 38.347967193649865 ], [ -7.694494156015835, 38.347517929751767 ], [ -7.697455019885866, 38.347517929751767 ], [ -7.697455019885866, 38.347068663066807 ], [ -7.698195235853375, 38.347068663066807 ], [ -7.698195235853375, 38.346619393595006 ], [ -7.697455019885866, 38.346619393595006 ], [ -7.697455019885866, 38.344822287839577 ], [ -7.696714803918359, 38.344822287839577 ], [ -7.696714803918359, 38.344373004433699 ], [ -7.694494156015835, 38.344373004433699 ], [ -7.694494156015835, 38.344822287839577 ], [ -7.692273508113309, 38.344822287839577 ], [ -7.692273508113309, 38.345271568458642 ], [ -7.688572428275767, 38.345271568458642 ], [ -7.688572428275767, 38.344822287839577 ], [ -7.687832212308258, 38.344822287839577 ], [ -7.687832212308258, 38.343923718241051 ], [ -7.687091996340749, 38.343923718241051 ], [ -7.687091996340749, 38.343474429261626 ], [ -7.686351780373242, 38.343474429261626 ], [ -7.686351780373242, 38.343025137495438 ], [ -7.685611564405734, 38.343025137495438 ], [ -7.685611564405734, 38.342575842942502 ], [ -7.684871348438225, 38.342575842942502 ], [ -7.684871348438225, 38.342126545602824 ], [ -7.684131132470718, 38.342126545602824 ], [ -7.684131132470718, 38.341677245476404 ], [ -7.683390916503209, 38.341677245476404 ], [ -7.683390916503209, 38.341227942563272 ], [ -7.682650700535701, 38.341227942563272 ], [ -7.682650700535701, 38.340778636863426 ], [ -7.681910484568193, 38.340778636863426 ], [ -7.681910484568193, 38.340329328376889 ], [ -7.681170268600684, 38.340329328376889 ], [ -7.681170268600684, 38.339880017103653 ], [ -7.679689836665667, 38.339880017103653 ], [ -7.679689836665667, 38.340329328376889 ], [ -7.678949620698158, 38.340329328376889 ], [ -7.678949620698158, 38.341227942563272 ], [ -7.678209404730651, 38.341227942563272 ], [ -7.678209404730651, 38.341677245476404 ], [ -7.673027892958092, 38.341677245476404 ], [ -7.673027892958092, 38.340778636863426 ], [ -7.672287676990583, 38.340778636863426 ], [ -7.672287676990583, 38.339430703043739 ], [ -7.671547461023076, 38.339430703043739 ], [ -7.671547461023076, 38.338532066563914 ], [ -7.670807245055567, 38.338532066563914 ], [ -7.670807245055567, 38.337633418937493 ], [ -7.670067029088058, 38.337633418937493 ], [ -7.670067029088058, 38.335386751105631 ], [ -7.670807245055567, 38.335386751105631 ], [ -7.670807245055567, 38.333140013609381 ], [ -7.671547461023076, 38.333140013609381 ], [ -7.671547461023076, 38.332241299105142 ], [ -7.670807245055567, 38.332241299105142 ], [ -7.670807245055567, 38.332690657750526 ], [ -7.670067029088058, 38.332690657750526 ], [ -7.670067029088058, 38.333140013609381 ], [ -7.668586597153041, 38.333140013609381 ], [ -7.668586597153041, 38.333589366681728 ], [ -7.667846381185534, 38.333589366681728 ], [ -7.667846381185534, 38.334038716967534 ], [ -7.667106165218026, 38.334038716967534 ], [ -7.667106165218026, 38.334488064466797 ], [ -7.664145301347991, 38.334488064466797 ], [ -7.664145301347991, 38.334038716967534 ], [ -7.663405085380483, 38.334038716967534 ], [ -7.663405085380483, 38.333589366681728 ], [ -7.661924653445467, 38.333589366681728 ], [ -7.661924653445467, 38.333140013609381 ], [ -7.661184437477959, 38.333140013609381 ], [ -7.661184437477959, 38.330443836658688 ], [ -7.66044422151045, 38.330443836658688 ], [ -7.66044422151045, 38.328196945905304 ], [ -7.659704005542943, 38.328196945905304 ], [ -7.659704005542943, 38.325500585049816 ], [ -7.658963789575433, 38.325500585049816 ], [ -7.658963789575433, 38.321455855688797 ], [ -7.659704005542943, 38.321455855688797 ], [ -7.659704005542943, 38.320556996292829 ], [ -7.658963789575433, 38.320556996292829 ], [ -7.658963789575433, 38.321006427383928 ], [ -7.656743141672909, 38.321006427383928 ], [ -7.656743141672909, 38.321455855688797 ], [ -7.654522493770383, 38.321455855688797 ], [ -7.654522493770383, 38.320556996292829 ], [ -7.653782277802874, 38.320556996292829 ], [ -7.653782277802874, 38.319208686302161 ], [ -7.653042061835368, 38.319208686302161 ], [ -7.653042061835368, 38.318309799044009 ], [ -7.652301845867859, 38.318309799044009 ], [ -7.652301845867859, 38.316961447260461 ], [ -7.65156162990035, 38.316961447260461 ], [ -7.65156162990035, 38.315163605876307 ], [ -7.652301845867859, 38.315163605876307 ], [ -7.652301845867859, 38.313365719914415 ], [ -7.653042061835368, 38.313365719914415 ], [ -7.653042061835368, 38.312466760217021 ], [ -7.653782277802874, 38.312466760217021 ], [ -7.653782277802874, 38.312017276189252 ], [ -7.6560029257054, 38.312017276189252 ], [ -7.6560029257054, 38.311567789375445 ], [ -7.657483357640417, 38.311567789375445 ], [ -7.657483357640417, 38.311118299775607 ], [ -7.658223573607924, 38.311118299775607 ], [ -7.658223573607924, 38.310219312217896 ], [ -7.658963789575433, 38.310219312217896 ], [ -7.658963789575433, 38.308870809986402 ], [ -7.659704005542943, 38.308870809986402 ], [ -7.659704005542943, 38.307522282681234 ], [ -7.66044422151045, 38.307522282681234 ], [ -7.66044422151045, 38.3066232505481 ], [ -7.661184437477959, 38.3066232505481 ], [ -7.661184437477959, 38.306173730302667 ], [ -7.664885517315501, 38.306173730302667 ], [ -7.664885517315501, 38.305724207271325 ], [ -7.668586597153041, 38.305724207271325 ], [ -7.668586597153041, 38.305274681454101 ], [ -7.670067029088058, 38.305274681454101 ], [ -7.670067029088058, 38.304825152850981 ], [ -7.670807245055567, 38.304825152850981 ], [ -7.670807245055567, 38.303926087287159 ], [ -7.671547461023076, 38.303926087287159 ], [ -7.671547461023076, 38.302577468047588 ], [ -7.672287676990583, 38.302577468047588 ], [ -7.672287676990583, 38.301678374625425 ], [ -7.673027892958092, 38.301678374625425 ], [ -7.673027892958092, 38.300779270060076 ], [ -7.673768108925601, 38.300779270060076 ], [ -7.673768108925601, 38.299880154351634 ], [ -7.674508324893108, 38.299880154351634 ], [ -7.674508324893108, 38.298981027500147 ], [ -7.675988756828125, 38.298981027500147 ], [ -7.675988756828125, 38.299430592318764 ], [ -7.678209404730651, 38.299430592318764 ], [ -7.678209404730651, 38.299880154351634 ], [ -7.681170268600684, 38.299880154351634 ], [ -7.681170268600684, 38.299430592318764 ], [ -7.682650700535701, 38.299430592318764 ], [ -7.682650700535701, 38.298981027500147 ], [ -7.684871348438225, 38.298981027500147 ], [ -7.684871348438225, 38.299430592318764 ], [ -7.685611564405734, 38.299430592318764 ], [ -7.685611564405734, 38.299880154351634 ], [ -7.687091996340749, 38.299880154351634 ], [ -7.687091996340749, 38.300329713598735 ], [ -7.687832212308258, 38.300329713598735 ], [ -7.687832212308258, 38.302127922729412 ], [ -7.688572428275767, 38.302127922729412 ], [ -7.688572428275767, 38.305724207271325 ], [ -7.696714803918359, 38.305724207271325 ], [ -7.696714803918359, 38.306173730302667 ], [ -7.698195235853375, 38.306173730302667 ], [ -7.698195235853375, 38.3066232505481 ], [ -7.698935451820883, 38.3066232505481 ], [ -7.698935451820883, 38.307072768007629 ], [ -7.699675667788393, 38.307072768007629 ], [ -7.699675667788393, 38.307522282681234 ], [ -7.700415883755902, 38.307522282681234 ], [ -7.700415883755902, 38.311118299775607 ], [ -7.701156099723409, 38.311118299775607 ], [ -7.701156099723409, 38.312466760217021 ], [ -7.702636531658426, 38.312466760217021 ], [ -7.702636531658426, 38.312916241458751 ], [ -7.704857179560952, 38.312916241458751 ], [ -7.704857179560952, 38.313365719914415 ], [ -7.705597395528457, 38.313365719914415 ], [ -7.705597395528457, 38.314264668467537 ], [ -7.706337611495966, 38.314264668467537 ], [ -7.706337611495966, 38.314714138564973 ], [ -7.707077827463475, 38.314714138564973 ], [ -7.707077827463475, 38.315613070401533 ], [ -7.707818043430984, 38.315613070401533 ], [ -7.707818043430984, 38.320107562415494 ], [ -7.708558259398493, 38.320107562415494 ], [ -7.708558259398493, 38.320556996292829 ], [ -7.709298475366, 38.320556996292829 ], [ -7.709298475366, 38.321006427383928 ], [ -7.710038691333508, 38.321006427383928 ], [ -7.710038691333508, 38.321455855688797 ], [ -7.710778907301017, 38.321455855688797 ], [ -7.710778907301017, 38.322354703939737 ], [ -7.711519123268526, 38.322354703939737 ], [ -7.711519123268526, 38.334038716967534 ], [ -7.712259339236033, 38.334038716967534 ], [ -7.712259339236033, 38.335386751105631 ], [ -7.71373977117105, 38.335386751105631 ], [ -7.71373977117105, 38.334488064466797 ], [ -7.715220203106068, 38.334488064466797 ], [ -7.715220203106068, 38.334038716967534 ], [ -7.715960419073575, 38.334038716967534 ], [ -7.715960419073575, 38.333589366681728 ], [ -7.716700635041084, 38.333589366681728 ], [ -7.716700635041084, 38.333140013609381 ], [ -7.71892128294361, 38.333140013609381 ], [ -7.71892128294361, 38.333589366681728 ], [ -7.719661498911117, 38.333589366681728 ], [ -7.719661498911117, 38.334038716967534 ], [ -7.721141930846134, 38.334038716967534 ], [ -7.721141930846134, 38.334488064466797 ], [ -7.721882146813643, 38.334488064466797 ], [ -7.721882146813643, 38.335386751105631 ], [ -7.72262236278115, 38.335386751105631 ], [ -7.72262236278115, 38.337184090944341 ], [ -7.72336257874866, 38.337184090944341 ], [ -7.72336257874866, 38.340329328376889 ], [ -7.72262236278115, 38.340329328376889 ], [ -7.72262236278115, 38.342126545602824 ], [ -7.721882146813643, 38.342126545602824 ], [ -7.721882146813643, 38.342575842942502 ], [ -7.721141930846134, 38.342575842942502 ], [ -7.721141930846134, 38.343025137495438 ], [ -7.720401714878625, 38.343025137495438 ], [ -7.720401714878625, 38.343474429261626 ], [ -7.71892128294361, 38.343474429261626 ], [ -7.71892128294361, 38.343923718241051 ], [ -7.716700635041084, 38.343923718241051 ], [ -7.716700635041084, 38.343474429261626 ], [ -7.715960419073575, 38.343474429261626 ], [ -7.715960419073575, 38.343025137495438 ], [ -7.714479987138559, 38.343025137495438 ], [ -7.714479987138559, 38.342575842942502 ], [ -7.71373977117105, 38.342575842942502 ], [ -7.71373977117105, 38.341677245476404 ], [ -7.712999555203543, 38.341677245476404 ], [ -7.712999555203543, 38.340329328376889 ], [ -7.712259339236033, 38.340329328376889 ], [ -7.712259339236033, 38.341227942563272 ], [ -7.711519123268526, 38.341227942563272 ], [ -7.711519123268526, 38.341677245476404 ], [ -7.710778907301017, 38.341677245476404 ], [ -7.710778907301017, 38.342126545602824 ], [ -7.709298475366, 38.342126545602824 ], [ -7.709298475366, 38.342575842942502 ], [ -7.708558259398493, 38.342575842942502 ], [ -7.708558259398493, 38.345720846290916 ], [ -7.707818043430984, 38.345720846290916 ], [ -7.707818043430984, 38.346619393595006 ], [ -7.710778907301017, 38.346619393595006 ], [ -7.710778907301017, 38.347068663066807 ], [ -7.711519123268526, 38.347068663066807 ], [ -7.711519123268526, 38.347967193649865 ], [ -7.712259339236033, 38.347967193649865 ], [ -7.712259339236033, 38.348865713085445 ], [ -7.712999555203543, 38.348865713085445 ], [ -7.712999555203543, 38.349764221373491 ], [ -7.71373977117105, 38.349764221373491 ], [ -7.71373977117105, 38.34931496862292 ], [ -7.714479987138559, 38.34931496862292 ], [ -7.714479987138559, 38.348416454761093 ], [ -7.715220203106068, 38.348416454761093 ], [ -7.715220203106068, 38.347517929751767 ], [ -7.715960419073575, 38.347517929751767 ], [ -7.715960419073575, 38.346619393595006 ], [ -7.716700635041084, 38.346619393595006 ], [ -7.716700635041084, 38.345271568458642 ], [ -7.720401714878625, 38.345271568458642 ], [ -7.720401714878625, 38.345720846290916 ], [ -7.72262236278115, 38.345720846290916 ], [ -7.72262236278115, 38.346170121336378 ], [ -7.724102794716166, 38.346170121336378 ], [ -7.724102794716166, 38.347517929751767 ], [ -7.724843010683675, 38.347517929751767 ], [ -7.724843010683675, 38.34931496862292 ], [ -7.725583226651184, 38.34931496862292 ], [ -7.725583226651184, 38.35066271851391 ], [ -7.724843010683675, 38.35066271851391 ], [ -7.724843010683675, 38.352010443322548 ], [ -7.724102794716166, 38.352010443322548 ], [ -7.724102794716166, 38.354256595597626 ], [ -7.725583226651184, 38.354256595597626 ], [ -7.725583226651184, 38.354705817691659 ], [ -7.726323442618692, 38.354705817691659 ], [ -7.726323442618692, 38.35605346725157 ], [ -7.727063658586201, 38.35605346725157 ], [ -7.727063658586201, 38.357850294312691 ], [ -7.727803874553708, 38.357850294312691 ], [ -7.727803874553708, 38.359197885344088 ], [ -7.727063658586201, 38.359197885344088 ], [ -7.727063658586201, 38.360994634366165 ], [ -7.726323442618692, 38.360994634366165 ], [ -7.726323442618692, 38.362791338793613 ], [ -7.727063658586201, 38.362791338793613 ], [ -7.727063658586201, 38.363240507932474 ], [ -7.727803874553708, 38.363240507932474 ], [ -7.727803874553708, 38.363689674284124 ], [ -7.728544090521217, 38.363689674284124 ], [ -7.728544090521217, 38.365037156615685 ], [ -7.729284306488727, 38.365037156615685 ], [ -7.729284306488727, 38.366833760702761 ], [ -7.730024522456234, 38.366833760702761 ], [ -7.730024522456234, 38.368181184501466 ], [ -7.729284306488727, 38.368181184501466 ], [ -7.729284306488727, 38.369079453097306 ], [ -7.728544090521217, 38.369079453097306 ], [ -7.728544090521217, 38.370426835085915 ], [ -7.727803874553708, 38.370426835085915 ], [ -7.727803874553708, 38.371325075808087 ], [ -7.727063658586201, 38.371325075808087 ], [ -7.727063658586201, 38.372223305380658 ], [ -7.726323442618692, 38.372223305380658 ], [ -7.726323442618692, 38.372672415985804 ], [ -7.725583226651184, 38.372672415985804 ], [ -7.725583226651184, 38.372223305380658 ], [ -7.72336257874866, 38.372223305380658 ], [ -7.72336257874866, 38.371774191988081 ], [ -7.721141930846134, 38.371774191988081 ], [ -7.721141930846134, 38.371325075808087 ], [ -7.719661498911117, 38.371325075808087 ], [ -7.719661498911117, 38.369528583214205 ], [ -7.71892128294361, 38.369528583214205 ], [ -7.71892128294361, 38.367732046022553 ], [ -7.718181066976101, 38.367732046022553 ], [ -7.718181066976101, 38.371774191988081 ], [ -7.717440851008591, 38.371774191988081 ], [ -7.717440851008591, 38.372672415985804 ], [ -7.716700635041084, 38.372672415985804 ], [ -7.716700635041084, 38.373570628833811 ], [ -7.715960419073575, 38.373570628833811 ], [ -7.715960419073575, 38.374019731076636 ], [ -7.710038691333508, 38.374019731076636 ], [ -7.710038691333508, 38.373121523803533 ], [ -7.709298475366, 38.373121523803533 ], [ -7.709298475366, 38.372223305380658 ], [ -7.708558259398493, 38.372223305380658 ], [ -7.708558259398493, 38.371774191988081 ] ], [ [ -7.703376747625933, 38.351111962903737 ], [ -7.704116963593442, 38.351111962903737 ], [ -7.704116963593442, 38.348865713085445 ], [ -7.702636531658426, 38.348865713085445 ], [ -7.702636531658426, 38.349764221373491 ], [ -7.703376747625933, 38.349764221373491 ], [ -7.703376747625933, 38.351111962903737 ] ], [ [ -7.706337611495966, 38.357850294312691 ], [ -7.706337611495966, 38.356951886356271 ], [ -7.707077827463475, 38.356951886356271 ], [ -7.707077827463475, 38.356502678197451 ], [ -7.706337611495966, 38.356502678197451 ], [ -7.706337611495966, 38.35605346725157 ], [ -7.705597395528457, 38.35605346725157 ], [ -7.705597395528457, 38.355604253518635 ], [ -7.704857179560952, 38.355604253518635 ], [ -7.704857179560952, 38.354705817691659 ], [ -7.704116963593442, 38.354705817691659 ], [ -7.704116963593442, 38.354256595597626 ], [ -7.703376747625933, 38.354256595597626 ], [ -7.703376747625933, 38.354705817691659 ], [ -7.702636531658426, 38.354705817691659 ], [ -7.702636531658426, 38.35605346725157 ], [ -7.701896315690917, 38.35605346725157 ], [ -7.701896315690917, 38.356951886356271 ], [ -7.701156099723409, 38.356951886356271 ], [ -7.701156099723409, 38.357401091728022 ], [ -7.701896315690917, 38.357401091728022 ], [ -7.701896315690917, 38.357850294312691 ], [ -7.702636531658426, 38.357850294312691 ], [ -7.702636531658426, 38.358299494110263 ], [ -7.703376747625933, 38.358299494110263 ], [ -7.703376747625933, 38.359197885344088 ], [ -7.704857179560952, 38.359197885344088 ], [ -7.704857179560952, 38.358299494110263 ], [ -7.705597395528457, 38.358299494110263 ], [ -7.705597395528457, 38.357850294312691 ], [ -7.706337611495966, 38.357850294312691 ] ], [ [ -7.717440851008591, 38.364587998625737 ], [ -7.717440851008591, 38.364138837848557 ], [ -7.716700635041084, 38.364138837848557 ], [ -7.716700635041084, 38.363689674284124 ], [ -7.715220203106068, 38.363689674284124 ], [ -7.715220203106068, 38.365037156615685 ], [ -7.715960419073575, 38.365037156615685 ], [ -7.715960419073575, 38.365486311818366 ], [ -7.716700635041084, 38.365486311818366 ], [ -7.716700635041084, 38.365935464233779 ], [ -7.717440851008591, 38.365935464233779 ], [ -7.717440851008591, 38.366384613861911 ], [ -7.718181066976101, 38.366384613861911 ], [ -7.718181066976101, 38.367282904756308 ], [ -7.71892128294361, 38.367282904756308 ], [ -7.71892128294361, 38.365037156615685 ], [ -7.718181066976101, 38.365037156615685 ], [ -7.718181066976101, 38.364587998625737 ], [ -7.717440851008591, 38.364587998625737 ] ] ], [ [ [ -5.76697177662413, 38.943908615230264 ], [ -5.765491344689115, 38.943908615230264 ], [ -5.765491344689115, 38.942126426728613 ], [ -5.764751128721605, 38.942126426728613 ], [ -5.764751128721605, 38.940789755953048 ], [ -5.76253048081908, 38.940789755953048 ], [ -5.76253048081908, 38.940344193428032 ], [ -5.759569616949047, 38.940344193428032 ], [ -5.759569616949047, 38.939898628103123 ], [ -5.757348969046522, 38.939898628103123 ], [ -5.757348969046522, 38.939453059978334 ], [ -5.755128321143998, 38.939453059978334 ], [ -5.755128321143998, 38.939007489053672 ], [ -5.754388105176488, 38.939007489053672 ], [ -5.754388105176488, 38.938116338804726 ], [ -5.753647889208981, 38.938116338804726 ], [ -5.753647889208981, 38.936334004708755 ], [ -5.752907673241473, 38.936334004708755 ], [ -5.752907673241473, 38.93410602409309 ], [ -5.753647889208981, 38.93410602409309 ], [ -5.753647889208981, 38.932323589204756 ], [ -5.754388105176488, 38.932323589204756 ], [ -5.754388105176488, 38.930986733641319 ], [ -5.755128321143998, 38.930986733641319 ], [ -5.755128321143998, 38.93054110952076 ], [ -5.756608753079013, 38.93054110952076 ], [ -5.756608753079013, 38.930095482600521 ], [ -5.757348969046522, 38.930095482600521 ], [ -5.757348969046522, 38.929649852880601 ], [ -5.758089185014031, 38.929649852880601 ], [ -5.758089185014031, 38.929204220361015 ], [ -5.758829400981539, 38.929204220361015 ], [ -5.758829400981539, 38.928758585041741 ], [ -5.759569616949047, 38.928758585041741 ], [ -5.759569616949047, 38.928312946922837 ], [ -5.760309832916556, 38.928312946922837 ], [ -5.760309832916556, 38.927867306004288 ], [ -5.761050048884065, 38.927867306004288 ], [ -5.761050048884065, 38.927421662286093 ], [ -5.761790264851572, 38.927421662286093 ], [ -5.761790264851572, 38.926976015768297 ], [ -5.76253048081908, 38.926976015768297 ], [ -5.76253048081908, 38.926530366450876 ], [ -5.76327069678659, 38.926530366450876 ], [ -5.76327069678659, 38.92608471433384 ], [ -5.764010912754097, 38.92608471433384 ], [ -5.764010912754097, 38.925639059417215 ], [ -5.764751128721605, 38.925639059417215 ], [ -5.764751128721605, 38.925193401701009 ], [ -5.765491344689115, 38.925193401701009 ], [ -5.765491344689115, 38.924747741185215 ], [ -5.766231560656622, 38.924747741185215 ], [ -5.766231560656622, 38.924302077869861 ], [ -5.76697177662413, 38.924302077869861 ], [ -5.76697177662413, 38.92385641175494 ], [ -5.767711992591639, 38.92385641175494 ], [ -5.767711992591639, 38.923410742840474 ], [ -5.768452208559149, 38.923410742840474 ], [ -5.768452208559149, 38.92296507112647 ], [ -5.769932640494164, 38.92296507112647 ], [ -5.769932640494164, 38.923410742840474 ], [ -5.770672856461672, 38.923410742840474 ], [ -5.770672856461672, 38.92385641175494 ], [ -5.771413072429181, 38.92385641175494 ], [ -5.771413072429181, 38.924747741185215 ], [ -5.772153288396689, 38.924747741185215 ], [ -5.772153288396689, 38.925193401701009 ], [ -5.772893504364196, 38.925193401701009 ], [ -5.772893504364196, 38.925639059417215 ], [ -5.773633720331706, 38.925639059417215 ], [ -5.773633720331706, 38.92608471433384 ], [ -5.774373936299214, 38.92608471433384 ], [ -5.774373936299214, 38.926976015768297 ], [ -5.775114152266722, 38.926976015768297 ], [ -5.775114152266722, 38.927421662286093 ], [ -5.77585436823423, 38.927421662286093 ], [ -5.77585436823423, 38.927867306004288 ], [ -5.77659458420174, 38.927867306004288 ], [ -5.77659458420174, 38.928758585041741 ], [ -5.777334800169248, 38.928758585041741 ], [ -5.777334800169248, 38.929204220361015 ], [ -5.778075016136755, 38.929204220361015 ], [ -5.778075016136755, 38.929649852880601 ], [ -5.778815232104265, 38.929649852880601 ], [ -5.778815232104265, 38.929204220361015 ], [ -5.779555448071773, 38.929204220361015 ], [ -5.779555448071773, 38.928758585041741 ], [ -5.78029566403928, 38.928758585041741 ], [ -5.78029566403928, 38.928312946922837 ], [ -5.781035880006788, 38.928312946922837 ], [ -5.781035880006788, 38.927867306004288 ], [ -5.781776095974298, 38.927867306004288 ], [ -5.781776095974298, 38.927421662286093 ], [ -5.783996743876822, 38.927421662286093 ], [ -5.783996743876822, 38.927867306004288 ], [ -5.785477175811839, 38.927867306004288 ], [ -5.785477175811839, 38.928312946922837 ], [ -5.786217391779348, 38.928312946922837 ], [ -5.786217391779348, 38.928758585041741 ], [ -5.786957607746857, 38.928758585041741 ], [ -5.786957607746857, 38.93054110952076 ], [ -5.787697823714364, 38.93054110952076 ], [ -5.787697823714364, 38.933660419570636 ], [ -5.788438039681872, 38.933660419570636 ], [ -5.788438039681872, 38.935442820861866 ], [ -5.787697823714364, 38.935442820861866 ], [ -5.787697823714364, 38.938116338804726 ], [ -5.786957607746857, 38.938116338804726 ], [ -5.786957607746857, 38.940344193428032 ], [ -5.786217391779348, 38.940344193428032 ], [ -5.786217391779348, 38.941235315678156 ], [ -5.783996743876822, 38.941235315678156 ], [ -5.783996743876822, 38.941680872603342 ], [ -5.781776095974298, 38.941680872603342 ], [ -5.781776095974298, 38.942126426728613 ], [ -5.779555448071773, 38.942126426728613 ], [ -5.779555448071773, 38.941680872603342 ], [ -5.778815232104265, 38.941680872603342 ], [ -5.778815232104265, 38.940789755953048 ], [ -5.778075016136755, 38.940789755953048 ], [ -5.778075016136755, 38.939898628103123 ], [ -5.777334800169248, 38.939898628103123 ], [ -5.777334800169248, 38.939453059978334 ], [ -5.77659458420174, 38.939453059978334 ], [ -5.77659458420174, 38.936779592432494 ], [ -5.77585436823423, 38.936779592432494 ], [ -5.77585436823423, 38.938561915329132 ], [ -5.775114152266722, 38.938561915329132 ], [ -5.775114152266722, 38.941235315678156 ], [ -5.774373936299214, 38.941235315678156 ], [ -5.774373936299214, 38.94346307230478 ], [ -5.773633720331706, 38.94346307230478 ], [ -5.773633720331706, 38.943908615230264 ], [ -5.772893504364196, 38.943908615230264 ], [ -5.772893504364196, 38.944354155355775 ], [ -5.772153288396689, 38.944354155355775 ], [ -5.772153288396689, 38.9447996926813 ], [ -5.770672856461672, 38.9447996926813 ], [ -5.770672856461672, 38.945245227206847 ], [ -5.769192424526656, 38.945245227206847 ], [ -5.769192424526656, 38.9447996926813 ], [ -5.767711992591639, 38.9447996926813 ], [ -5.767711992591639, 38.944354155355775 ], [ -5.76697177662413, 38.944354155355775 ], [ -5.76697177662413, 38.943908615230264 ] ] ], [ [ [ -7.857341668867667, 39.785373281493129 ], [ -7.85660145290016, 39.785373281493129 ], [ -7.85660145290016, 39.784492864761546 ], [ -7.85586123693265, 39.784492864761546 ], [ -7.85586123693265, 39.780971085180077 ], [ -7.85660145290016, 39.780971085180077 ], [ -7.85660145290016, 39.778769881410675 ], [ -7.85586123693265, 39.778769881410675 ], [ -7.85586123693265, 39.777449125353485 ], [ -7.855121020965142, 39.777449125353485 ], [ -7.855121020965142, 39.776568607234019 ], [ -7.854380804997633, 39.776568607234019 ], [ -7.854380804997633, 39.7761283439499 ], [ -7.852900373062616, 39.7761283439499 ], [ -7.852900373062616, 39.776568607234019 ], [ -7.849199293225076, 39.776568607234019 ], [ -7.849199293225076, 39.775688077849544 ], [ -7.848459077257567, 39.775688077849544 ], [ -7.848459077257567, 39.77480753720014 ], [ -7.847718861290059, 39.77480753720014 ], [ -7.847718861290059, 39.774367262651104 ], [ -7.846978645322551, 39.774367262651104 ], [ -7.846978645322551, 39.770404664981292 ], [ -7.847718861290059, 39.770404664981292 ], [ -7.847718861290059, 39.767762806474813 ], [ -7.848459077257567, 39.767762806474813 ], [ -7.848459077257567, 39.767322486867371 ], [ -7.850679725160092, 39.767322486867371 ], [ -7.850679725160092, 39.766882164443849 ], [ -7.852900373062616, 39.766882164443849 ], [ -7.852900373062616, 39.766441839204248 ], [ -7.854380804997633, 39.766441839204248 ], [ -7.854380804997633, 39.758955879279426 ], [ -7.855121020965142, 39.758955879279426 ], [ -7.855121020965142, 39.758515503351859 ], [ -7.85586123693265, 39.758515503351859 ], [ -7.85586123693265, 39.757634743048953 ], [ -7.85660145290016, 39.757634743048953 ], [ -7.85660145290016, 39.756753971482425 ], [ -7.862523180640224, 39.756753971482425 ], [ -7.862523180640224, 39.757194358673637 ], [ -7.863263396607733, 39.757194358673637 ], [ -7.863263396607733, 39.758075124608361 ], [ -7.864003612575242, 39.758075124608361 ], [ -7.864003612575242, 39.758955879279426 ], [ -7.864743828542751, 39.758955879279426 ], [ -7.864743828542751, 39.75939625239107 ], [ -7.866964476445275, 39.75939625239107 ], [ -7.866964476445275, 39.758955879279426 ], [ -7.8691851243478, 39.758955879279426 ], [ -7.8691851243478, 39.758515503351859 ], [ -7.86992534031531, 39.758515503351859 ], [ -7.86992534031531, 39.758955879279426 ], [ -7.870665556282817, 39.758955879279426 ], [ -7.870665556282817, 39.75939625239107 ], [ -7.871405772250324, 39.75939625239107 ], [ -7.871405772250324, 39.759836622686777 ], [ -7.872145988217834, 39.759836622686777 ], [ -7.872145988217834, 39.760717354830334 ], [ -7.872886204185342, 39.760717354830334 ], [ -7.872886204185342, 39.76115771667817 ], [ -7.873626420152851, 39.76115771667817 ], [ -7.873626420152851, 39.762038431925937 ], [ -7.874366636120359, 39.762038431925937 ], [ -7.874366636120359, 39.762478785325833 ], [ -7.875106852087868, 39.762478785325833 ], [ -7.875106852087868, 39.762919135909748 ], [ -7.875847068055377, 39.762919135909748 ], [ -7.875847068055377, 39.763799828629537 ], [ -7.876587284022884, 39.763799828629537 ], [ -7.876587284022884, 39.764240170765419 ], [ -7.877327499990392, 39.764240170765419 ], [ -7.877327499990392, 39.764680510085277 ], [ -7.878067715957901, 39.764680510085277 ], [ -7.878067715957901, 39.765561180276862 ], [ -7.878807931925408, 39.765561180276862 ], [ -7.878807931925408, 39.766001511148588 ], [ -7.879548147892917, 39.766001511148588 ], [ -7.879548147892917, 39.766441839204248 ], [ -7.880288363860426, 39.766441839204248 ], [ -7.880288363860426, 39.767322486867371 ], [ -7.881028579827934, 39.767322486867371 ], [ -7.881028579827934, 39.767762806474813 ], [ -7.881768795795442, 39.767762806474813 ], [ -7.881768795795442, 39.769964362270507 ], [ -7.88250901176295, 39.769964362270507 ], [ -7.88250901176295, 39.771725556216765 ], [ -7.883249227730459, 39.771725556216765 ], [ -7.883249227730459, 39.77216584766294 ], [ -7.883989443697968, 39.77216584766294 ], [ -7.883989443697968, 39.771285261954425 ], [ -7.884729659665477, 39.771285261954425 ], [ -7.884729659665477, 39.770844964875927 ], [ -7.889911171438034, 39.770844964875927 ], [ -7.889911171438034, 39.771285261954425 ], [ -7.890651387405543, 39.771285261954425 ], [ -7.890651387405543, 39.77216584766294 ], [ -7.891391603373051, 39.77216584766294 ], [ -7.891391603373051, 39.773046422106766 ], [ -7.892131819340559, 39.773046422106766 ], [ -7.892131819340559, 39.773486705104411 ], [ -7.892872035308068, 39.773486705104411 ], [ -7.892872035308068, 39.777889380188824 ], [ -7.892131819340559, 39.777889380188824 ], [ -7.892131819340559, 39.778769881410675 ], [ -7.891391603373051, 39.778769881410675 ], [ -7.891391603373051, 39.779650371367353 ], [ -7.890651387405543, 39.779650371367353 ], [ -7.890651387405543, 39.780090612121249 ], [ -7.889911171438034, 39.780090612121249 ], [ -7.889911171438034, 39.780971085180077 ], [ -7.884729659665477, 39.780971085180077 ], [ -7.884729659665477, 39.780090612121249 ], [ -7.883989443697968, 39.780090612121249 ], [ -7.883989443697968, 39.779650371367353 ], [ -7.883249227730459, 39.779650371367353 ], [ -7.883249227730459, 39.778769881410675 ], [ -7.88250901176295, 39.778769881410675 ], [ -7.88250901176295, 39.777889380188824 ], [ -7.881768795795442, 39.777889380188824 ], [ -7.881768795795442, 39.778769881410675 ], [ -7.881028579827934, 39.778769881410675 ], [ -7.881028579827934, 39.781411317484995 ], [ -7.880288363860426, 39.781411317484995 ], [ -7.880288363860426, 39.781851546973577 ], [ -7.879548147892917, 39.781851546973577 ], [ -7.879548147892917, 39.782731997501692 ], [ -7.878807931925408, 39.782731997501692 ], [ -7.878807931925408, 39.783612436764372 ], [ -7.878067715957901, 39.783612436764372 ], [ -7.878067715957901, 39.784052652171148 ], [ -7.872886204185342, 39.784052652171148 ], [ -7.872886204185342, 39.783612436764372 ], [ -7.872145988217834, 39.783612436764372 ], [ -7.872145988217834, 39.783172218541225 ], [ -7.871405772250324, 39.783172218541225 ], [ -7.871405772250324, 39.782291773645817 ], [ -7.870665556282817, 39.782291773645817 ], [ -7.870665556282817, 39.781851546973577 ], [ -7.86992534031531, 39.781851546973577 ], [ -7.86992534031531, 39.782291773645817 ], [ -7.8691851243478, 39.782291773645817 ], [ -7.8691851243478, 39.782731997501692 ], [ -7.868444908380293, 39.782731997501692 ], [ -7.868444908380293, 39.783612436764372 ], [ -7.867704692412784, 39.783612436764372 ], [ -7.867704692412784, 39.784052652171148 ], [ -7.866964476445275, 39.784052652171148 ], [ -7.866964476445275, 39.784492864761546 ], [ -7.866224260477767, 39.784492864761546 ], [ -7.866224260477767, 39.785373281493129 ], [ -7.86548404451026, 39.785373281493129 ], [ -7.86548404451026, 39.785813485634307 ], [ -7.864743828542751, 39.785813485634307 ], [ -7.864743828542751, 39.786253686959078 ], [ -7.864003612575242, 39.786253686959078 ], [ -7.864003612575242, 39.786693885467422 ], [ -7.863263396607733, 39.786693885467422 ], [ -7.863263396607733, 39.787134081159323 ], [ -7.858822100802684, 39.787134081159323 ], [ -7.858822100802684, 39.786693885467422 ], [ -7.858081884835176, 39.786693885467422 ], [ -7.858081884835176, 39.785813485634307 ], [ -7.857341668867667, 39.785813485634307 ], [ -7.857341668867667, 39.785373281493129 ] ] ], [ [ [ -7.777398344376767, 39.849173474613522 ], [ -7.777398344376767, 39.847414263726712 ], [ -7.776658128409258, 39.847414263726712 ], [ -7.776658128409258, 39.846094825977566 ], [ -7.775177696474243, 39.846094825977566 ], [ -7.775177696474243, 39.846974453961174 ], [ -7.774437480506734, 39.846974453961174 ], [ -7.774437480506734, 39.847414263726712 ], [ -7.773697264539225, 39.847414263726712 ], [ -7.773697264539225, 39.848293874805201 ], [ -7.772957048571717, 39.848293874805201 ], [ -7.772957048571717, 39.848733676118137 ], [ -7.767775536799158, 39.848733676118137 ], [ -7.767775536799158, 39.848293874805201 ], [ -7.76703532083165, 39.848293874805201 ], [ -7.76703532083165, 39.847414263726712 ], [ -7.766295104864143, 39.847414263726712 ], [ -7.766295104864143, 39.846534641378135 ], [ -7.765554888896633, 39.846534641378135 ], [ -7.765554888896633, 39.845655007759504 ], [ -7.764814672929126, 39.845655007759504 ], [ -7.764814672929126, 39.844775362870891 ], [ -7.764074456961617, 39.844775362870891 ], [ -7.764074456961617, 39.843895706712374 ], [ -7.763334240994108, 39.843895706712374 ], [ -7.763334240994108, 39.843016039284002 ], [ -7.762594025026602, 39.843016039284002 ], [ -7.762594025026602, 39.84213636058584 ], [ -7.761853809059093, 39.84213636058584 ], [ -7.761853809059093, 39.841256670617959 ], [ -7.761113593091584, 39.841256670617959 ], [ -7.761113593091584, 39.840376969380401 ], [ -7.760373377124075, 39.840376969380401 ], [ -7.760373377124075, 39.839497256873251 ], [ -7.758892945189059, 39.839497256873251 ], [ -7.758892945189059, 39.839057396393606 ], [ -7.756672297286533, 39.839057396393606 ], [ -7.756672297286533, 39.838617533096581 ], [ -7.754451649384009, 39.838617533096581 ], [ -7.754451649384009, 39.837737798050419 ], [ -7.7537114334165, 39.837737798050419 ], [ -7.7537114334165, 39.837297926301304 ], [ -7.752971217448993, 39.837297926301304 ], [ -7.752971217448993, 39.83641817435106 ], [ -7.749270137611449, 39.83641817435106 ], [ -7.749270137611449, 39.836858051734851 ], [ -7.747789705676435, 39.836858051734851 ], [ -7.747789705676435, 39.83641817435106 ], [ -7.747049489708925, 39.83641817435106 ], [ -7.747049489708925, 39.835978294149946 ], [ -7.746309273741416, 39.835978294149946 ], [ -7.746309273741416, 39.835098525295741 ], [ -7.745569057773909, 39.835098525295741 ], [ -7.745569057773909, 39.834218745172322 ], [ -7.7448288418064, 39.834218745172322 ], [ -7.7448288418064, 39.829379753059015 ], [ -7.745569057773909, 39.829379753059015 ], [ -7.745569057773909, 39.828499899687202 ], [ -7.746309273741416, 39.828499899687202 ], [ -7.746309273741416, 39.828059968775506 ], [ -7.747049489708925, 39.828059968775506 ], [ -7.747049489708925, 39.827620035046628 ], [ -7.747789705676435, 39.827620035046628 ], [ -7.747789705676435, 39.825420324144865 ], [ -7.747049489708925, 39.825420324144865 ], [ -7.747049489708925, 39.824100463798167 ], [ -7.746309273741416, 39.824100463798167 ], [ -7.746309273741416, 39.821460667043056 ], [ -7.747049489708925, 39.821460667043056 ], [ -7.747049489708925, 39.820580712254781 ], [ -7.747789705676435, 39.820580712254781 ], [ -7.747789705676435, 39.819260758944559 ], [ -7.748529921643942, 39.819260758944559 ], [ -7.748529921643942, 39.818380775985958 ], [ -7.749270137611449, 39.818380775985958 ], [ -7.749270137611449, 39.817940780281148 ], [ -7.748529921643942, 39.817940780281148 ], [ -7.748529921643942, 39.81662077626477 ], [ -7.747789705676435, 39.81662077626477 ], [ -7.747789705676435, 39.814860731471995 ], [ -7.747049489708925, 39.814860731471995 ], [ -7.747049489708925, 39.813540668299503 ], [ -7.747789705676435, 39.813540668299503 ], [ -7.747789705676435, 39.811780544632704 ], [ -7.748529921643942, 39.811780544632704 ], [ -7.748529921643942, 39.810460422305255 ], [ -7.750010353578959, 39.810460422305255 ], [ -7.750010353578959, 39.810020375895704 ], [ -7.752231001481484, 39.810020375895704 ], [ -7.752231001481484, 39.809580326669305 ], [ -7.755932081319026, 39.809580326669305 ], [ -7.755932081319026, 39.810900465897952 ], [ -7.756672297286533, 39.810900465897952 ], [ -7.756672297286533, 39.812220579774753 ], [ -7.757412513254041, 39.812220579774753 ], [ -7.757412513254041, 39.813100641608159 ], [ -7.75815272922155, 39.813100641608159 ], [ -7.75815272922155, 39.813540668299503 ], [ -7.758892945189059, 39.813540668299503 ], [ -7.758892945189059, 39.812660612099904 ], [ -7.759633161156566, 39.812660612099904 ], [ -7.759633161156566, 39.810020375895704 ], [ -7.760373377124075, 39.810020375895704 ], [ -7.760373377124075, 39.808700219765967 ], [ -7.759633161156566, 39.808700219765967 ], [ -7.759633161156566, 39.808260162089042 ], [ -7.758892945189059, 39.808260162089042 ], [ -7.758892945189059, 39.807820101595304 ], [ -7.75815272922155, 39.807820101595304 ], [ -7.75815272922155, 39.807380038284741 ], [ -7.757412513254041, 39.807380038284741 ], [ -7.757412513254041, 39.805619756874513 ], [ -7.756672297286533, 39.805619756874513 ], [ -7.756672297286533, 39.802539155961085 ], [ -7.757412513254041, 39.802539155961085 ], [ -7.757412513254041, 39.800778750613958 ], [ -7.75815272922155, 39.800778750613958 ], [ -7.75815272922155, 39.799458417028376 ], [ -7.758892945189059, 39.799458417028376 ], [ -7.758892945189059, 39.79813805809281 ], [ -7.759633161156566, 39.79813805809281 ], [ -7.759633161156566, 39.796377540079121 ], [ -7.760373377124075, 39.796377540079121 ], [ -7.760373377124075, 39.795937403534154 ], [ -7.759633161156566, 39.795937403534154 ], [ -7.759633161156566, 39.795057121994432 ], [ -7.758892945189059, 39.795057121994432 ], [ -7.758892945189059, 39.79417682918838 ], [ -7.75815272922155, 39.79417682918838 ], [ -7.75815272922155, 39.788894835762463 ], [ -7.758892945189059, 39.788894835762463 ], [ -7.758892945189059, 39.788014464093806 ], [ -7.759633161156566, 39.788014464093806 ], [ -7.759633161156566, 39.787134081159323 ], [ -7.760373377124075, 39.787134081159323 ], [ -7.760373377124075, 39.786693885467422 ], [ -7.766295104864143, 39.786693885467422 ], [ -7.766295104864143, 39.787574274034789 ], [ -7.76703532083165, 39.787574274034789 ], [ -7.76703532083165, 39.788454651336366 ], [ -7.767775536799158, 39.788454651336366 ], [ -7.767775536799158, 39.789335017372082 ], [ -7.768515752766667, 39.789335017372082 ], [ -7.768515752766667, 39.788894835762463 ], [ -7.769255968734176, 39.788894835762463 ], [ -7.769255968734176, 39.787134081159323 ], [ -7.769996184701684, 39.787134081159323 ], [ -7.769996184701684, 39.785813485634307 ], [ -7.771476616636701, 39.785813485634307 ], [ -7.771476616636701, 39.785373281493129 ], [ -7.772216832604208, 39.785373281493129 ], [ -7.772216832604208, 39.784933074535537 ], [ -7.772957048571717, 39.784933074535537 ], [ -7.772957048571717, 39.784492864761546 ], [ -7.775177696474243, 39.784492864761546 ], [ -7.775177696474243, 39.784933074535537 ], [ -7.776658128409258, 39.784933074535537 ], [ -7.776658128409258, 39.785373281493129 ], [ -7.777398344376767, 39.785373281493129 ], [ -7.777398344376767, 39.785813485634307 ], [ -7.778138560344275, 39.785813485634307 ], [ -7.778138560344275, 39.786253686959078 ], [ -7.778878776311784, 39.786253686959078 ], [ -7.778878776311784, 39.788014464093806 ], [ -7.779618992279292, 39.788014464093806 ], [ -7.779618992279292, 39.791535883172799 ], [ -7.778878776311784, 39.791535883172799 ], [ -7.778878776311784, 39.792856368855041 ], [ -7.778138560344275, 39.792856368855041 ], [ -7.778138560344275, 39.793736678560492 ], [ -7.778878776311784, 39.793736678560492 ], [ -7.778878776311784, 39.79417682918838 ], [ -7.779618992279292, 39.79417682918838 ], [ -7.779618992279292, 39.795057121994432 ], [ -7.780359208246801, 39.795057121994432 ], [ -7.780359208246801, 39.795497264172589 ], [ -7.78109942421431, 39.795497264172589 ], [ -7.78109942421431, 39.795937403534154 ], [ -7.781839640181818, 39.795937403534154 ], [ -7.781839640181818, 39.800778750613958 ], [ -7.782579856149325, 39.800778750613958 ], [ -7.782579856149325, 39.802539155961085 ], [ -7.783320072116834, 39.802539155961085 ], [ -7.783320072116834, 39.803859430395896 ], [ -7.784060288084341, 39.803859430395896 ], [ -7.784060288084341, 39.805619756874513 ], [ -7.784800504051851, 39.805619756874513 ], [ -7.784800504051851, 39.807380038284741 ], [ -7.785540720019358, 39.807380038284741 ], [ -7.785540720019358, 39.809140274626053 ], [ -7.786280935986866, 39.809140274626053 ], [ -7.786280935986866, 39.810020375895704 ], [ -7.787021151954375, 39.810020375895704 ], [ -7.787021151954375, 39.810460422305255 ], [ -7.787761367921885, 39.810460422305255 ], [ -7.787761367921885, 39.810900465897952 ], [ -7.788501583889392, 39.810900465897952 ], [ -7.788501583889392, 39.811340506673766 ], [ -7.789241799856901, 39.811340506673766 ], [ -7.789241799856901, 39.811780544632704 ], [ -7.789982015824409, 39.811780544632704 ], [ -7.789982015824409, 39.812660612099904 ], [ -7.790722231791916, 39.812660612099904 ], [ -7.790722231791916, 39.813100641608159 ], [ -7.791462447759425, 39.813100641608159 ], [ -7.791462447759425, 39.813540668299503 ], [ -7.792202663726934, 39.813540668299503 ], [ -7.792202663726934, 39.813980692173935 ], [ -7.792942879694442, 39.813980692173935 ], [ -7.792942879694442, 39.814420713231435 ], [ -7.793683095661951, 39.814420713231435 ], [ -7.793683095661951, 39.814860731471995 ], [ -7.794423311629458, 39.814860731471995 ], [ -7.794423311629458, 39.815300746895623 ], [ -7.795163527596968, 39.815300746895623 ], [ -7.795163527596968, 39.815740759502305 ], [ -7.797384175499492, 39.815740759502305 ], [ -7.797384175499492, 39.816180769292018 ], [ -7.799604823402018, 39.816180769292018 ], [ -7.799604823402018, 39.81662077626477 ], [ -7.801085255337033, 39.81662077626477 ], [ -7.801085255337033, 39.819260758944559 ], [ -7.801825471304542, 39.819260758944559 ], [ -7.801825471304542, 39.823220542814809 ], [ -7.802565687272051, 39.823220542814809 ], [ -7.802565687272051, 39.823660504715029 ], [ -7.803305903239559, 39.823660504715029 ], [ -7.803305903239559, 39.824100463798167 ], [ -7.804046119207068, 39.824100463798167 ], [ -7.804046119207068, 39.824540420064174 ], [ -7.804786335174574, 39.824540420064174 ], [ -7.804786335174574, 39.824980373513085 ], [ -7.805526551142083, 39.824980373513085 ], [ -7.805526551142083, 39.826300216957023 ], [ -7.806266767109593, 39.826300216957023 ], [ -7.806266767109593, 39.828059968775506 ], [ -7.8070069830771, 39.828059968775506 ], [ -7.8070069830771, 39.829379753059015 ], [ -7.806266767109593, 39.829379753059015 ], [ -7.806266767109593, 39.831139425996149 ], [ -7.805526551142083, 39.831139425996149 ], [ -7.805526551142083, 39.83245915111808 ], [ -7.804786335174574, 39.83245915111808 ], [ -7.804786335174574, 39.832899053857552 ], [ -7.803305903239559, 39.832899053857552 ], [ -7.803305903239559, 39.833338953779744 ], [ -7.802565687272051, 39.833338953779744 ], [ -7.802565687272051, 39.833778850884677 ], [ -7.801085255337033, 39.833778850884677 ], [ -7.801085255337033, 39.834218745172322 ], [ -7.800345039369526, 39.834218745172322 ], [ -7.800345039369526, 39.834658636642686 ], [ -7.799604823402018, 39.834658636642686 ], [ -7.799604823402018, 39.838177666982176 ], [ -7.798864607434509, 39.838177666982176 ], [ -7.798864607434509, 39.838617533096581 ], [ -7.798124391467, 39.838617533096581 ], [ -7.798124391467, 39.839497256873251 ], [ -7.797384175499492, 39.839497256873251 ], [ -7.797384175499492, 39.840376969380401 ], [ -7.796643959531983, 39.840376969380401 ], [ -7.796643959531983, 39.840816821407884 ], [ -7.795163527596968, 39.840816821407884 ], [ -7.795163527596968, 39.840376969380401 ], [ -7.792942879694442, 39.840376969380401 ], [ -7.792942879694442, 39.83993711453553 ], [ -7.790722231791916, 39.83993711453553 ], [ -7.790722231791916, 39.843895706712374 ], [ -7.789982015824409, 39.843895706712374 ], [ -7.789982015824409, 39.844775362870891 ], [ -7.789241799856901, 39.844775362870891 ], [ -7.789241799856901, 39.845655007759504 ], [ -7.788501583889392, 39.845655007759504 ], [ -7.788501583889392, 39.846534641378135 ], [ -7.787761367921885, 39.846534641378135 ], [ -7.787761367921885, 39.847414263726712 ], [ -7.787021151954375, 39.847414263726712 ], [ -7.787021151954375, 39.848293874805201 ], [ -7.786280935986866, 39.848293874805201 ], [ -7.786280935986866, 39.848733676118137 ], [ -7.785540720019358, 39.848733676118137 ], [ -7.785540720019358, 39.84961327029135 ], [ -7.784800504051851, 39.84961327029135 ], [ -7.784800504051851, 39.850492853194304 ], [ -7.782579856149325, 39.850492853194304 ], [ -7.782579856149325, 39.850053063151613 ], [ -7.780359208246801, 39.850053063151613 ], [ -7.780359208246801, 39.84961327029135 ], [ -7.778138560344275, 39.84961327029135 ], [ -7.778138560344275, 39.849173474613522 ], [ -7.777398344376767, 39.849173474613522 ] ], [ [ -7.768515752766667, 39.790655545302016 ], [ -7.768515752766667, 39.791976047883416 ], [ -7.769255968734176, 39.791976047883416 ], [ -7.769255968734176, 39.790655545302016 ], [ -7.768515752766667, 39.790655545302016 ] ], [ [ -7.784800504051851, 39.831139425996149 ], [ -7.784800504051851, 39.83245915111808 ], [ -7.785540720019358, 39.83245915111808 ], [ -7.785540720019358, 39.831139425996149 ], [ -7.784800504051851, 39.831139425996149 ] ] ], [ [ [ -5.664821973107981, 40.236852313628852 ], [ -5.664081757140473, 40.236852313628852 ], [ -5.664081757140473, 40.236415008840616 ], [ -5.663341541172964, 40.236415008840616 ], [ -5.663341541172964, 40.235977701228158 ], [ -5.662601325205456, 40.235977701228158 ], [ -5.662601325205456, 40.235540390791485 ], [ -5.661861109237947, 40.235540390791485 ], [ -5.661861109237947, 40.230729789591969 ], [ -5.662601325205456, 40.230729789591969 ], [ -5.662601325205456, 40.22985509811447 ], [ -5.663341541172964, 40.22985509811447 ], [ -5.663341541172964, 40.229417748139561 ], [ -5.664081757140473, 40.229417748139561 ], [ -5.664081757140473, 40.228105681270179 ], [ -5.662601325205456, 40.228105681270179 ], [ -5.662601325205456, 40.228543039717401 ], [ -5.661120893270438, 40.228543039717401 ], [ -5.661120893270438, 40.228980395340528 ], [ -5.658900245367914, 40.228980395340528 ], [ -5.658900245367914, 40.229417748139561 ], [ -5.657419813432897, 40.229417748139561 ], [ -5.657419813432897, 40.228543039717401 ], [ -5.65667959746539, 40.228543039717401 ], [ -5.65667959746539, 40.228105681270179 ], [ -5.655939381497881, 40.228105681270179 ], [ -5.655939381497881, 40.227230955903501 ], [ -5.655199165530372, 40.227230955903501 ], [ -5.655199165530372, 40.226356219240543 ], [ -5.654458949562865, 40.226356219240543 ], [ -5.654458949562865, 40.225044093065705 ], [ -5.653718733595356, 40.225044093065705 ], [ -5.653718733595356, 40.225481471281356 ], [ -5.652238301660338, 40.225481471281356 ], [ -5.652238301660338, 40.225918846672968 ], [ -5.651498085692831, 40.225918846672968 ], [ -5.651498085692831, 40.226356219240543 ], [ -5.650757869725322, 40.226356219240543 ], [ -5.650757869725322, 40.226793588984052 ], [ -5.650017653757813, 40.226793588984052 ], [ -5.650017653757813, 40.227230955903501 ], [ -5.649277437790306, 40.227230955903501 ], [ -5.649277437790306, 40.227668319998877 ], [ -5.641135062147714, 40.227668319998877 ], [ -5.641135062147714, 40.226793588984052 ], [ -5.640394846180205, 40.226793588984052 ], [ -5.640394846180205, 40.226356219240543 ], [ -5.639654630212697, 40.226356219240543 ], [ -5.639654630212697, 40.225481471281356 ], [ -5.638914414245189, 40.225481471281356 ], [ -5.638914414245189, 40.224606712026002 ], [ -5.638174198277681, 40.224606712026002 ], [ -5.638174198277681, 40.22416932816229 ], [ -5.638914414245189, 40.22416932816229 ], [ -5.638914414245189, 40.220670155588472 ], [ -5.639654630212697, 40.220670155588472 ], [ -5.639654630212697, 40.218920501526263 ], [ -5.640394846180205, 40.218920501526263 ], [ -5.640394846180205, 40.218483080950868 ], [ -5.641875278115222, 40.218483080950868 ], [ -5.641875278115222, 40.218045657551535 ], [ -5.643355710050239, 40.218045657551535 ], [ -5.643355710050239, 40.217608231328292 ], [ -5.644836141985255, 40.217608231328292 ], [ -5.644836141985255, 40.217170802281139 ], [ -5.647056789887781, 40.217170802281139 ], [ -5.647056789887781, 40.21585849819629 ], [ -5.646316573920273, 40.21585849819629 ], [ -5.646316573920273, 40.212358896386462 ], [ -5.645576357952764, 40.212358896386462 ], [ -5.645576357952764, 40.211483967695621 ], [ -5.646316573920273, 40.211483967695621 ], [ -5.646316573920273, 40.210609027709545 ], [ -5.647056789887781, 40.210609027709545 ], [ -5.647056789887781, 40.210171553480819 ], [ -5.647797005855289, 40.210171553480819 ], [ -5.647797005855289, 40.209296596552015 ], [ -5.648537221822798, 40.209296596552015 ], [ -5.648537221822798, 40.20885911385195 ], [ -5.653718733595356, 40.20885911385195 ], [ -5.653718733595356, 40.209296596552015 ], [ -5.654458949562865, 40.209296596552015 ], [ -5.654458949562865, 40.209734076428298 ], [ -5.655199165530372, 40.209734076428298 ], [ -5.655199165530372, 40.210609027709545 ], [ -5.655939381497881, 40.210609027709545 ], [ -5.655939381497881, 40.211483967695621 ], [ -5.65667959746539, 40.211483967695621 ], [ -5.65667959746539, 40.213671268244013 ], [ -5.655939381497881, 40.213671268244013 ], [ -5.655939381497881, 40.218045657551535 ], [ -5.65667959746539, 40.218045657551535 ], [ -5.65667959746539, 40.219795334205266 ], [ -5.658160029400405, 40.219795334205266 ], [ -5.658160029400405, 40.219357919277726 ], [ -5.658900245367914, 40.219357919277726 ], [ -5.658900245367914, 40.218483080950868 ], [ -5.658160029400405, 40.218483080950868 ], [ -5.658160029400405, 40.217170802281139 ], [ -5.657419813432897, 40.217170802281139 ], [ -5.657419813432897, 40.214108719882191 ], [ -5.658160029400405, 40.214108719882191 ], [ -5.658160029400405, 40.213233813781997 ], [ -5.658900245367914, 40.213233813781997 ], [ -5.658900245367914, 40.211921433452943 ], [ -5.659640461335422, 40.211921433452943 ], [ -5.659640461335422, 40.211046499114488 ], [ -5.66038067730293, 40.211046499114488 ], [ -5.66038067730293, 40.210609027709545 ], [ -5.665562189075489, 40.210609027709545 ], [ -5.665562189075489, 40.210171553480819 ], [ -5.66926326891303, 40.210171553480819 ], [ -5.66926326891303, 40.209734076428298 ], [ -5.670003484880539, 40.209734076428298 ], [ -5.670003484880539, 40.209296596552015 ], [ -5.670743700848047, 40.209296596552015 ], [ -5.670743700848047, 40.20885911385195 ], [ -5.671483916815555, 40.20885911385195 ], [ -5.671483916815555, 40.208421628328111 ], [ -5.674444780685589, 40.208421628328111 ], [ -5.674444780685589, 40.20885911385195 ], [ -5.675925212620605, 40.20885911385195 ], [ -5.675925212620605, 40.209296596552015 ], [ -5.676665428588114, 40.209296596552015 ], [ -5.676665428588114, 40.209734076428298 ], [ -5.67814586052313, 40.209734076428298 ], [ -5.67814586052313, 40.210171553480819 ], [ -5.679626292458147, 40.210171553480819 ], [ -5.679626292458147, 40.210609027709545 ], [ -5.681106724393164, 40.210609027709545 ], [ -5.681106724393164, 40.211046499114488 ], [ -5.681846940360672, 40.211046499114488 ], [ -5.681846940360672, 40.211483967695621 ], [ -5.683327372295689, 40.211483967695621 ], [ -5.683327372295689, 40.211921433452943 ], [ -5.684807804230706, 40.211921433452943 ], [ -5.684807804230706, 40.212358896386462 ], [ -5.686288236165722, 40.212358896386462 ], [ -5.686288236165722, 40.212796356496142 ], [ -5.687028452133231, 40.212796356496142 ], [ -5.687028452133231, 40.213233813781997 ], [ -5.687768668100739, 40.213233813781997 ], [ -5.687768668100739, 40.214108719882191 ], [ -5.688508884068248, 40.214108719882191 ], [ -5.688508884068248, 40.214546168696508 ], [ -5.689249100035756, 40.214546168696508 ], [ -5.689249100035756, 40.215421057853568 ], [ -5.689989316003263, 40.215421057853568 ], [ -5.689989316003263, 40.21585849819629 ], [ -5.690729531970772, 40.21585849819629 ], [ -5.690729531970772, 40.216295935715131 ], [ -5.692950179873297, 40.216295935715131 ], [ -5.692950179873297, 40.216733370410083 ], [ -5.695170827775822, 40.216733370410083 ], [ -5.695170827775822, 40.217170802281139 ], [ -5.697391475678348, 40.217170802281139 ], [ -5.697391475678348, 40.217608231328292 ], [ -5.698871907613364, 40.217608231328292 ], [ -5.698871907613364, 40.218483080950868 ], [ -5.699612123580872, 40.218483080950868 ], [ -5.699612123580872, 40.220232746308845 ], [ -5.70035233954838, 40.220232746308845 ], [ -5.70035233954838, 40.221544965675839 ], [ -5.701092555515889, 40.221544965675839 ], [ -5.701092555515889, 40.223294551962809 ], [ -5.701832771483397, 40.223294551962809 ], [ -5.701832771483397, 40.224606712026002 ], [ -5.703313203418414, 40.224606712026002 ], [ -5.703313203418414, 40.22416932816229 ], [ -5.704053419385922, 40.22416932816229 ], [ -5.704053419385922, 40.223731941474547 ], [ -5.70479363535343, 40.223731941474547 ], [ -5.70479363535343, 40.223294551962809 ], [ -5.705533851320939, 40.223294551962809 ], [ -5.705533851320939, 40.222857159627054 ], [ -5.707754499223465, 40.222857159627054 ], [ -5.707754499223465, 40.223294551962809 ], [ -5.70923493115848, 40.223294551962809 ], [ -5.70923493115848, 40.223731941474547 ], [ -5.709975147125989, 40.223731941474547 ], [ -5.709975147125989, 40.22416932816229 ], [ -5.710715363093497, 40.22416932816229 ], [ -5.710715363093497, 40.225044093065705 ], [ -5.711455579061006, 40.225044093065705 ], [ -5.711455579061006, 40.226793588984052 ], [ -5.712195795028514, 40.226793588984052 ], [ -5.712195795028514, 40.229417748139561 ], [ -5.711455579061006, 40.229417748139561 ], [ -5.711455579061006, 40.23116713109453 ], [ -5.710715363093497, 40.23116713109453 ], [ -5.710715363093497, 40.232041805627233 ], [ -5.709975147125989, 40.232041805627233 ], [ -5.709975147125989, 40.232479138657375 ], [ -5.708494715190973, 40.232479138657375 ], [ -5.708494715190973, 40.232916468863337 ], [ -5.707754499223465, 40.232916468863337 ], [ -5.707754499223465, 40.233353796245147 ], [ -5.705533851320939, 40.233353796245147 ], [ -5.705533851320939, 40.232916468863337 ], [ -5.70479363535343, 40.232916468863337 ], [ -5.70479363535343, 40.232479138657375 ], [ -5.704053419385922, 40.232479138657375 ], [ -5.704053419385922, 40.232041805627233 ], [ -5.703313203418414, 40.232041805627233 ], [ -5.703313203418414, 40.231604469772954 ], [ -5.701832771483397, 40.231604469772954 ], [ -5.701832771483397, 40.232479138657375 ], [ -5.701092555515889, 40.232479138657375 ], [ -5.701092555515889, 40.232916468863337 ], [ -5.70035233954838, 40.232916468863337 ], [ -5.70035233954838, 40.233791120802792 ], [ -5.687028452133231, 40.233791120802792 ], [ -5.687028452133231, 40.233353796245147 ], [ -5.684807804230706, 40.233353796245147 ], [ -5.684807804230706, 40.232916468863337 ], [ -5.682587156328181, 40.232916468863337 ], [ -5.682587156328181, 40.232479138657375 ], [ -5.679626292458147, 40.232479138657375 ], [ -5.679626292458147, 40.232041805627233 ], [ -5.677405644555622, 40.232041805627233 ], [ -5.677405644555622, 40.231604469772954 ], [ -5.675184996653098, 40.231604469772954 ], [ -5.675184996653098, 40.23116713109453 ], [ -5.672224132783064, 40.23116713109453 ], [ -5.672224132783064, 40.234228442536242 ], [ -5.671483916815555, 40.234228442536242 ], [ -5.671483916815555, 40.237289615592864 ], [ -5.670003484880539, 40.237289615592864 ], [ -5.670003484880539, 40.237726914732633 ], [ -5.66926326891303, 40.237726914732633 ], [ -5.66926326891303, 40.238164211048165 ], [ -5.667782836978014, 40.238164211048165 ], [ -5.667782836978014, 40.238601504539439 ], [ -5.666302405042998, 40.238601504539439 ], [ -5.666302405042998, 40.238164211048165 ], [ -5.665562189075489, 40.238164211048165 ], [ -5.665562189075489, 40.237726914732633 ], [ -5.664821973107981, 40.237726914732633 ], [ -5.664821973107981, 40.236852313628852 ] ] ], [ [ [ -6.955018404475007, 41.057439799145939 ], [ -6.955018404475007, 41.056575875229179 ], [ -6.9542781885075, 41.056575875229179 ], [ -6.9542781885075, 41.055711939965896 ], [ -6.953537972539991, 41.055711939965896 ], [ -6.953537972539991, 41.05484799335612 ], [ -6.952797756572482, 41.05484799335612 ], [ -6.952797756572482, 41.053984035399914 ], [ -6.952057540604975, 41.053984035399914 ], [ -6.952057540604975, 41.053120066097314 ], [ -6.951317324637466, 41.053120066097314 ], [ -6.951317324637466, 41.052256085448377 ], [ -6.950577108669957, 41.052256085448377 ], [ -6.950577108669957, 41.05182409086904 ], [ -6.94983689270245, 41.05182409086904 ], [ -6.94983689270245, 41.050960093200679 ], [ -6.949096676734942, 41.050960093200679 ], [ -6.949096676734942, 41.045343831794277 ], [ -6.94983689270245, 41.045343831794277 ], [ -6.94983689270245, 41.044479749030401 ], [ -6.950577108669957, 41.044479749030401 ], [ -6.950577108669957, 41.043615654920657 ], [ -6.951317324637466, 41.043615654920657 ], [ -6.951317324637466, 41.043183603611105 ], [ -6.953537972539991, 41.043183603611105 ], [ -6.953537972539991, 41.043615654920657 ], [ -6.955758620442515, 41.043615654920657 ], [ -6.955758620442515, 41.044047703393765 ], [ -6.957239052377533, 41.044047703393765 ], [ -6.957239052377533, 41.044479749030401 ], [ -6.958719484312549, 41.044479749030401 ], [ -6.958719484312549, 41.044911791830579 ], [ -6.960940132215074, 41.044911791830579 ], [ -6.960940132215074, 41.045343831794277 ], [ -6.962420564150091, 41.045343831794277 ], [ -6.962420564150091, 41.044479749030401 ], [ -6.963160780117599, 41.044479749030401 ], [ -6.963160780117599, 41.044047703393765 ], [ -6.963900996085107, 41.044047703393765 ], [ -6.963900996085107, 41.043183603611105 ], [ -6.964641212052616, 41.043183603611105 ], [ -6.964641212052616, 41.042319492482662 ], [ -6.965381428020125, 41.042319492482662 ], [ -6.965381428020125, 41.041887432663778 ], [ -6.977224883500257, 41.041887432663778 ], [ -6.977224883500257, 41.042319492482662 ], [ -6.977965099467767, 41.042319492482662 ], [ -6.977965099467767, 41.043183603611105 ], [ -6.978705315435274, 41.043183603611105 ], [ -6.978705315435274, 41.044047703393765 ], [ -6.979445531402782, 41.044047703393765 ], [ -6.979445531402782, 41.044911791830579 ], [ -6.980185747370291, 41.044911791830579 ], [ -6.980185747370291, 41.049232063825343 ], [ -6.979445531402782, 41.049232063825343 ], [ -6.979445531402782, 41.050096084186102 ], [ -6.978705315435274, 41.050096084186102 ], [ -6.978705315435274, 41.050960093200679 ], [ -6.977965099467767, 41.050960093200679 ], [ -6.977965099467767, 41.05182409086904 ], [ -6.977224883500257, 41.05182409086904 ], [ -6.977224883500257, 41.052688077191135 ], [ -6.976484667532749, 41.052688077191135 ], [ -6.976484667532749, 41.053552052166907 ], [ -6.975744451565242, 41.053552052166907 ], [ -6.975744451565242, 41.05441601579632 ], [ -6.975004235597734, 41.05441601579632 ], [ -6.975004235597734, 41.055279968079311 ], [ -6.974264019630224, 41.055279968079311 ], [ -6.974264019630224, 41.056143909015852 ], [ -6.973523803662716, 41.056143909015852 ], [ -6.973523803662716, 41.057007838605884 ], [ -6.972783587695208, 41.057007838605884 ], [ -6.972783587695208, 41.057439799145939 ], [ -6.972043371727699, 41.057439799145939 ], [ -6.972043371727699, 41.058303711716114 ], [ -6.960199916247566, 41.058303711716114 ], [ -6.960199916247566, 41.057871756849352 ], [ -6.955758620442515, 41.057871756849352 ], [ -6.955758620442515, 41.057439799145939 ], [ -6.955018404475007, 41.057439799145939 ] ] ], [ [ [ -4.178468310351246, 41.974902010765142 ], [ -4.176987878416228, 41.974902010765142 ], [ -4.176987878416228, 41.974476130248298 ], [ -4.175507446481211, 41.974476130248298 ], [ -4.175507446481211, 41.974050246883685 ], [ -4.174767230513703, 41.974050246883685 ], [ -4.174767230513703, 41.973624360671323 ], [ -4.174027014546194, 41.973624360671323 ], [ -4.174027014546194, 41.973198471611191 ], [ -4.173286798578687, 41.973198471611191 ], [ -4.173286798578687, 41.972346684947688 ], [ -4.172546582611179, 41.972346684947688 ], [ -4.172546582611179, 41.971494886893225 ], [ -4.171806366643669, 41.971494886893225 ], [ -4.171806366643669, 41.966809793981639 ], [ -4.172546582611179, 41.966809793981639 ], [ -4.172546582611179, 41.965957921886734 ], [ -4.173286798578687, 41.965957921886734 ], [ -4.173286798578687, 41.965106038401132 ], [ -4.174027014546194, 41.965106038401132 ], [ -4.174027014546194, 41.964254143524855 ], [ -4.174767230513703, 41.964254143524855 ], [ -4.174767230513703, 41.963828191815232 ], [ -4.17624766244872, 41.963828191815232 ], [ -4.17624766244872, 41.963402237257959 ], [ -4.176987878416228, 41.963402237257959 ], [ -4.176987878416228, 41.962976279853031 ], [ -4.177728094383736, 41.962976279853031 ], [ -4.177728094383736, 41.962550319600467 ], [ -4.179208526318753, 41.962550319600467 ], [ -4.179208526318753, 41.962124356500254 ], [ -4.179948742286262, 41.962124356500254 ], [ -4.179948742286262, 41.961698390552414 ], [ -4.181429174221278, 41.961698390552414 ], [ -4.181429174221278, 41.961272421756945 ], [ -4.182169390188786, 41.961272421756945 ], [ -4.182169390188786, 41.960846450113849 ], [ -4.18513025405882, 41.960846450113849 ], [ -4.18513025405882, 41.961272421756945 ], [ -4.186610685993837, 41.961272421756945 ], [ -4.186610685993837, 41.961698390552414 ], [ -4.188091117928853, 41.961698390552414 ], [ -4.188091117928853, 41.962124356500254 ], [ -4.18957154986387, 41.962124356500254 ], [ -4.18957154986387, 41.962550319600467 ], [ -4.191051981798886, 41.962550319600467 ], [ -4.191051981798886, 41.962976279853031 ], [ -4.192532413733903, 41.962976279853031 ], [ -4.192532413733903, 41.963402237257959 ], [ -4.193272629701411, 41.963402237257959 ], [ -4.193272629701411, 41.963828191815232 ], [ -4.19401284566892, 41.963828191815232 ], [ -4.19401284566892, 41.964680092386821 ], [ -4.194753061636429, 41.964680092386821 ], [ -4.194753061636429, 41.965531981567764 ], [ -4.195493277603937, 41.965531981567764 ], [ -4.195493277603937, 41.965957921886734 ], [ -4.196233493571445, 41.965957921886734 ], [ -4.196233493571445, 41.967661654685806 ], [ -4.195493277603937, 41.967661654685806 ], [ -4.195493277603937, 41.973624360671323 ], [ -4.194753061636429, 41.973624360671323 ], [ -4.194753061636429, 41.974476130248298 ], [ -4.19401284566892, 41.974476130248298 ], [ -4.19401284566892, 41.975327888434215 ], [ -4.193272629701411, 41.975327888434215 ], [ -4.193272629701411, 41.975753763255511 ], [ -4.192532413733903, 41.975753763255511 ], [ -4.192532413733903, 41.976179635229038 ], [ -4.186610685993837, 41.976179635229038 ], [ -4.186610685993837, 41.975753763255511 ], [ -4.18068895825377, 41.975753763255511 ], [ -4.18068895825377, 41.975327888434215 ], [ -4.178468310351246, 41.975327888434215 ], [ -4.178468310351246, 41.974902010765142 ] ] ], [ [ [ -7.184485354402592, 42.543865669451414 ], [ -7.184485354402592, 42.543443614415196 ], [ -7.183745138435084, 42.543443614415196 ], [ -7.183745138435084, 42.543021556525773 ], [ -7.183004922467575, 42.543021556525773 ], [ -7.183004922467575, 42.542177432187358 ], [ -7.182264706500066, 42.542177432187358 ], [ -7.182264706500066, 42.537956639304582 ], [ -7.181524490532558, 42.537956639304582 ], [ -7.181524490532558, 42.539222907127673 ], [ -7.180784274565049, 42.539222907127673 ], [ -7.180784274565049, 42.53964499069572 ], [ -7.180044058597542, 42.53964499069572 ], [ -7.180044058597542, 42.539222907127673 ], [ -7.177823410695016, 42.539222907127673 ], [ -7.177823410695016, 42.538800820706477 ], [ -7.175602762792492, 42.538800820706477 ], [ -7.175602762792492, 42.538378731432111 ], [ -7.174122330857474, 42.538378731432111 ], [ -7.174122330857474, 42.535846135869789 ], [ -7.173382114889967, 42.535846135869789 ], [ -7.173382114889967, 42.532047049940061 ], [ -7.174122330857474, 42.532047049940061 ], [ -7.174122330857474, 42.531202777238143 ], [ -7.174862546824983, 42.531202777238143 ], [ -7.174862546824983, 42.530780636607538 ], [ -7.175602762792492, 42.530780636607538 ], [ -7.175602762792492, 42.530358493123842 ], [ -7.176342978760001, 42.530358493123842 ], [ -7.176342978760001, 42.529514197597209 ], [ -7.177083194727508, 42.529514197597209 ], [ -7.177083194727508, 42.529092045554265 ], [ -7.176342978760001, 42.529092045554265 ], [ -7.176342978760001, 42.526981242543499 ], [ -7.175602762792492, 42.526981242543499 ], [ -7.175602762792492, 42.525714726500325 ], [ -7.172641898922458, 42.525714726500325 ], [ -7.172641898922458, 42.524870368206308 ], [ -7.171901682954949, 42.524870368206308 ], [ -7.171901682954949, 42.524025998500129 ], [ -7.171161466987441, 42.524025998500129 ], [ -7.171161466987441, 42.523603809367494 ], [ -7.170421251019932, 42.523603809367494 ], [ -7.170421251019932, 42.518537317240707 ], [ -7.171161466987441, 42.518537317240707 ], [ -7.171161466987441, 42.516848395235968 ], [ -7.171901682954949, 42.516848395235968 ], [ -7.171901682954949, 42.516426157602346 ], [ -7.174122330857474, 42.516426157602346 ], [ -7.174122330857474, 42.516003917115761 ], [ -7.176342978760001, 42.516003917115761 ], [ -7.176342978760001, 42.515581673776211 ], [ -7.177823410695016, 42.515581673776211 ], [ -7.177823410695016, 42.516003917115761 ], [ -7.178563626662525, 42.516003917115761 ], [ -7.178563626662525, 42.516848395235968 ], [ -7.179303842630032, 42.516848395235968 ], [ -7.179303842630032, 42.518115091018984 ], [ -7.180044058597542, 42.518115091018984 ], [ -7.180044058597542, 42.516848395235968 ], [ -7.180784274565049, 42.516848395235968 ], [ -7.180784274565049, 42.514737178538248 ], [ -7.181524490532558, 42.514737178538248 ], [ -7.181524490532558, 42.513048153826936 ], [ -7.183004922467575, 42.513048153826936 ], [ -7.183004922467575, 42.512625890516752 ], [ -7.183745138435084, 42.512625890516752 ], [ -7.183745138435084, 42.512203624353631 ], [ -7.184485354402592, 42.512203624353631 ], [ -7.184485354402592, 42.511781355337597 ], [ -7.1852255703701, 42.511781355337597 ], [ -7.1852255703701, 42.511359083468619 ], [ -7.185965786337607, 42.511359083468619 ], [ -7.185965786337607, 42.510936808746735 ], [ -7.186706002305116, 42.510936808746735 ], [ -7.186706002305116, 42.510514531171914 ], [ -7.187446218272625, 42.510514531171914 ], [ -7.187446218272625, 42.510092250744194 ], [ -7.188186434240133, 42.510092250744194 ], [ -7.188186434240133, 42.509669967463566 ], [ -7.189666866175149, 42.509669967463566 ], [ -7.189666866175149, 42.50924768133001 ], [ -7.192627730045183, 42.50924768133001 ], [ -7.192627730045183, 42.509669967463566 ], [ -7.1941081619802, 42.509669967463566 ], [ -7.1941081619802, 42.50924768133001 ], [ -7.194848377947709, 42.50924768133001 ], [ -7.194848377947709, 42.508825392343567 ], [ -7.196328809882724, 42.508825392343567 ], [ -7.196328809882724, 42.508403100504218 ], [ -7.197069025850233, 42.508403100504218 ], [ -7.197069025850233, 42.507980805811975 ], [ -7.19854945778525, 42.507980805811975 ], [ -7.19854945778525, 42.507136207868811 ], [ -7.199289673752759, 42.507136207868811 ], [ -7.199289673752759, 42.50629159851411 ], [ -7.200029889720266, 42.50629159851411 ], [ -7.200029889720266, 42.505446977747887 ], [ -7.200770105687774, 42.505446977747887 ], [ -7.200770105687774, 42.504602345570191 ], [ -7.201510321655284, 42.504602345570191 ], [ -7.201510321655284, 42.503757701981037 ], [ -7.204471185525317, 42.503757701981037 ], [ -7.204471185525317, 42.504180025202039 ], [ -7.206691833427841, 42.504180025202039 ], [ -7.206691833427841, 42.504602345570191 ], [ -7.209652697297875, 42.504602345570191 ], [ -7.209652697297875, 42.505024663085472 ], [ -7.212613561167908, 42.505024663085472 ], [ -7.212613561167908, 42.505446977747887 ], [ -7.215574425037941, 42.505446977747887 ], [ -7.215574425037941, 42.505869289557431 ], [ -7.218535288907975, 42.505869289557431 ], [ -7.218535288907975, 42.50629159851411 ], [ -7.219275504875482, 42.50629159851411 ], [ -7.219275504875482, 42.507136207868811 ], [ -7.220015720842992, 42.507136207868811 ], [ -7.220015720842992, 42.507980805811975 ], [ -7.220755936810501, 42.507980805811975 ], [ -7.220755936810501, 42.508825392343567 ], [ -7.221496152778008, 42.508825392343567 ], [ -7.221496152778008, 42.509669967463566 ], [ -7.222236368745516, 42.509669967463566 ], [ -7.222236368745516, 42.510092250744194 ], [ -7.222976584713025, 42.510092250744194 ], [ -7.222976584713025, 42.510936808746735 ], [ -7.223716800680534, 42.510936808746735 ], [ -7.223716800680534, 42.511781355337597 ], [ -7.224457016648041, 42.511781355337597 ], [ -7.224457016648041, 42.512625890516752 ], [ -7.225197232615549, 42.512625890516752 ], [ -7.225197232615549, 42.513470414284178 ], [ -7.225937448583058, 42.513470414284178 ], [ -7.225937448583058, 42.514314926639834 ], [ -7.226677664550566, 42.514314926639834 ], [ -7.226677664550566, 42.514737178538248 ], [ -7.227417880518075, 42.514737178538248 ], [ -7.227417880518075, 42.515581673776211 ], [ -7.228158096485584, 42.515581673776211 ], [ -7.228158096485584, 42.520226193597694 ], [ -7.227417880518075, 42.520226193597694 ], [ -7.227417880518075, 42.524025998500129 ], [ -7.226677664550566, 42.524025998500129 ], [ -7.226677664550566, 42.524870368206308 ], [ -7.225937448583058, 42.524870368206308 ], [ -7.225937448583058, 42.525714726500325 ], [ -7.225197232615549, 42.525714726500325 ], [ -7.225197232615549, 42.526136901367771 ], [ -7.224457016648041, 42.526136901367771 ], [ -7.224457016648041, 42.526559073382153 ], [ -7.223716800680534, 42.526559073382153 ], [ -7.223716800680534, 42.526981242543499 ], [ -7.220755936810501, 42.526981242543499 ], [ -7.220755936810501, 42.528247732909158 ], [ -7.220015720842992, 42.528247732909158 ], [ -7.220015720842992, 42.529936346787068 ], [ -7.219275504875482, 42.529936346787068 ], [ -7.219275504875482, 42.531202777238143 ], [ -7.218535288907975, 42.531202777238143 ], [ -7.218535288907975, 42.533313437594678 ], [ -7.222236368745516, 42.533313437594678 ], [ -7.222236368745516, 42.53373556110666 ], [ -7.222976584713025, 42.53373556110666 ], [ -7.222976584713025, 42.53457979957129 ], [ -7.223716800680534, 42.53457979957129 ], [ -7.223716800680534, 42.535424026623424 ], [ -7.224457016648041, 42.535424026623424 ], [ -7.224457016648041, 42.540067071410597 ], [ -7.223716800680534, 42.540067071410597 ], [ -7.223716800680534, 42.542177432187358 ], [ -7.222236368745516, 42.542177432187358 ], [ -7.222236368745516, 42.542599495783165 ], [ -7.220015720842992, 42.542599495783165 ], [ -7.220015720842992, 42.543021556525773 ], [ -7.217054856972958, 42.543021556525773 ], [ -7.217054856972958, 42.542599495783165 ], [ -7.21631464100545, 42.542599495783165 ], [ -7.21631464100545, 42.542177432187358 ], [ -7.215574425037941, 42.542177432187358 ], [ -7.215574425037941, 42.541333296436193 ], [ -7.214834209070432, 42.541333296436193 ], [ -7.214834209070432, 42.540489149272304 ], [ -7.214093993102924, 42.540489149272304 ], [ -7.214093993102924, 42.537534544323918 ], [ -7.210392913265384, 42.537534544323918 ], [ -7.210392913265384, 42.537112446490099 ], [ -7.209652697297875, 42.537112446490099 ], [ -7.209652697297875, 42.536690345803137 ], [ -7.208912481330366, 42.536690345803137 ], [ -7.208912481330366, 42.536268242263034 ], [ -7.208172265362857, 42.536268242263034 ], [ -7.208172265362857, 42.535846135869789 ], [ -7.20743204939535, 42.535846135869789 ], [ -7.20743204939535, 42.535424026623424 ], [ -7.206691833427841, 42.535424026623424 ], [ -7.206691833427841, 42.537112446490099 ], [ -7.205951617460333, 42.537112446490099 ], [ -7.205951617460333, 42.537534544323918 ], [ -7.204471185525317, 42.537534544323918 ], [ -7.204471185525317, 42.537956639304582 ], [ -7.2029907535903, 42.537956639304582 ], [ -7.2029907535903, 42.538378731432111 ], [ -7.200770105687774, 42.538378731432111 ], [ -7.200770105687774, 42.538800820706477 ], [ -7.200029889720266, 42.538800820706477 ], [ -7.200029889720266, 42.53964499069572 ], [ -7.199289673752759, 42.53964499069572 ], [ -7.199289673752759, 42.540489149272304 ], [ -7.19854945778525, 42.540489149272304 ], [ -7.19854945778525, 42.541333296436193 ], [ -7.195588593915216, 42.541333296436193 ], [ -7.195588593915216, 42.540911224280833 ], [ -7.193367946012691, 42.540911224280833 ], [ -7.193367946012691, 42.540489149272304 ], [ -7.192627730045183, 42.540489149272304 ], [ -7.192627730045183, 42.541755365738368 ], [ -7.191887514077675, 42.541755365738368 ], [ -7.191887514077675, 42.543443614415196 ], [ -7.191147298110166, 42.543443614415196 ], [ -7.191147298110166, 42.543865669451414 ], [ -7.190407082142658, 42.543865669451414 ], [ -7.190407082142658, 42.544287721634426 ], [ -7.189666866175149, 42.544287721634426 ], [ -7.189666866175149, 42.544709770964246 ], [ -7.188186434240133, 42.544709770964246 ], [ -7.188186434240133, 42.54513181744084 ], [ -7.186706002305116, 42.54513181744084 ], [ -7.186706002305116, 42.544709770964246 ], [ -7.185965786337607, 42.544709770964246 ], [ -7.185965786337607, 42.544287721634426 ], [ -7.1852255703701, 42.544287721634426 ], [ -7.1852255703701, 42.543865669451414 ], [ -7.184485354402592, 42.543865669451414 ] ] ], [ [ [ -7.787021151954375, 42.59280469088754 ], [ -7.787021151954375, 42.592382966846706 ], [ -7.785540720019358, 42.592382966846706 ], [ -7.785540720019358, 42.591961239952269 ], [ -7.784060288084341, 42.591961239952269 ], [ -7.784060288084341, 42.591539510204214 ], [ -7.783320072116834, 42.591539510204214 ], [ -7.783320072116834, 42.591117777602562 ], [ -7.781839640181818, 42.591117777602562 ], [ -7.781839640181818, 42.5906960421473 ], [ -7.78109942421431, 42.5906960421473 ], [ -7.78109942421431, 42.589009071790301 ], [ -7.780359208246801, 42.589009071790301 ], [ -7.780359208246801, 42.587322055775928 ], [ -7.779618992279292, 42.587322055775928 ], [ -7.779618992279292, 42.586478530647305 ], [ -7.780359208246801, 42.586478530647305 ], [ -7.780359208246801, 42.584791446147328 ], [ -7.78109942421431, 42.584791446147328 ], [ -7.78109942421431, 42.583526102810062 ], [ -7.781839640181818, 42.583526102810062 ], [ -7.781839640181818, 42.581838938410847 ], [ -7.782579856149325, 42.581838938410847 ], [ -7.782579856149325, 42.580151728355219 ], [ -7.783320072116834, 42.580151728355219 ], [ -7.783320072116834, 42.578886290851635 ], [ -7.784060288084341, 42.578886290851635 ], [ -7.784060288084341, 42.578464472643439 ], [ -7.785540720019358, 42.578464472643439 ], [ -7.785540720019358, 42.57804265158174 ], [ -7.786280935986866, 42.57804265158174 ], [ -7.786280935986866, 42.57762082766655 ], [ -7.789241799856901, 42.57762082766655 ], [ -7.789241799856901, 42.57804265158174 ], [ -7.790722231791916, 42.57804265158174 ], [ -7.790722231791916, 42.578464472643439 ], [ -7.792202663726934, 42.578464472643439 ], [ -7.792202663726934, 42.578886290851635 ], [ -7.792942879694442, 42.578886290851635 ], [ -7.792942879694442, 42.579308106206341 ], [ -7.794423311629458, 42.579308106206341 ], [ -7.794423311629458, 42.579729918707542 ], [ -7.795903743564476, 42.579729918707542 ], [ -7.795903743564476, 42.580151728355219 ], [ -7.797384175499492, 42.580151728355219 ], [ -7.797384175499492, 42.581417140177216 ], [ -7.798124391467, 42.581417140177216 ], [ -7.798124391467, 42.583526102810062 ], [ -7.798864607434509, 42.583526102810062 ], [ -7.798864607434509, 42.584791446147328 ], [ -7.798124391467, 42.584791446147328 ], [ -7.798124391467, 42.586478530647305 ], [ -7.797384175499492, 42.586478530647305 ], [ -7.797384175499492, 42.588165569490272 ], [ -7.796643959531983, 42.588165569490272 ], [ -7.796643959531983, 42.589852562675986 ], [ -7.795903743564476, 42.589852562675986 ], [ -7.795903743564476, 42.591539510204214 ], [ -7.795163527596968, 42.591539510204214 ], [ -7.795163527596968, 42.592382966846706 ], [ -7.794423311629458, 42.592382966846706 ], [ -7.794423311629458, 42.59280469088754 ], [ -7.792942879694442, 42.59280469088754 ], [ -7.792942879694442, 42.593226412074749 ], [ -7.792202663726934, 42.593226412074749 ], [ -7.792202663726934, 42.59364813040834 ], [ -7.789982015824409, 42.59364813040834 ], [ -7.789982015824409, 42.593226412074749 ], [ -7.788501583889392, 42.593226412074749 ], [ -7.788501583889392, 42.59280469088754 ], [ -7.787021151954375, 42.59280469088754 ] ] ], [ [ [ -5.485689708970964, 43.05204224073794 ], [ -5.485689708970964, 43.051205031751053 ], [ -5.484949493003455, 43.051205031751053 ], [ -5.484949493003455, 43.050786422971953 ], [ -5.484209277035947, 43.050786422971953 ], [ -5.484209277035947, 43.050367811335761 ], [ -5.481248413165913, 43.050367811335761 ], [ -5.481248413165913, 43.049949196842483 ], [ -5.47828754929588, 43.049949196842483 ], [ -5.47828754929588, 43.049530579492107 ], [ -5.477547333328372, 43.049530579492107 ], [ -5.477547333328372, 43.049111959284659 ], [ -5.476807117360863, 43.049111959284659 ], [ -5.476807117360863, 43.048274710298493 ], [ -5.476066901393356, 43.048274710298493 ], [ -5.476066901393356, 43.047856081519804 ], [ -5.475326685425847, 43.047856081519804 ], [ -5.475326685425847, 43.047018815391183 ], [ -5.474586469458338, 43.047018815391183 ], [ -5.474586469458338, 43.045344248849148 ], [ -5.475326685425847, 43.045344248849148 ], [ -5.475326685425847, 43.041576306991999 ], [ -5.476066901393356, 43.041576306991999 ], [ -5.476066901393356, 43.040738955151873 ], [ -5.476807117360863, 43.040738955151873 ], [ -5.476807117360863, 43.040320274946268 ], [ -5.47828754929588, 43.040320274946268 ], [ -5.47828754929588, 43.039901591883641 ], [ -5.480508197198406, 43.039901591883641 ], [ -5.480508197198406, 43.039482905963993 ], [ -5.481248413165913, 43.039482905963993 ], [ -5.481248413165913, 43.038645525553655 ], [ -5.481988629133422, 43.038645525553655 ], [ -5.481988629133422, 43.037808133715266 ], [ -5.48272884510093, 43.037808133715266 ], [ -5.48272884510093, 43.036970730448857 ], [ -5.483469061068438, 43.036970730448857 ], [ -5.483469061068438, 43.035714604121743 ], [ -5.484209277035947, 43.035714604121743 ], [ -5.484209277035947, 43.035295889632046 ], [ -5.490871220743522, 43.035295889632046 ], [ -5.490871220743522, 43.035714604121743 ], [ -5.49161143671103, 43.035714604121743 ], [ -5.49161143671103, 43.036133315754434 ], [ -5.492351652678539, 43.036133315754434 ], [ -5.492351652678539, 43.036552024530138 ], [ -5.493091868646046, 43.036552024530138 ], [ -5.493091868646046, 43.036970730448857 ], [ -5.493832084613555, 43.036970730448857 ], [ -5.493832084613555, 43.037389433510562 ], [ -5.494572300581064, 43.037389433510562 ], [ -5.494572300581064, 43.036970730448857 ], [ -5.495312516548572, 43.036970730448857 ], [ -5.495312516548572, 43.035714604121743 ], [ -5.49605273251608, 43.035714604121743 ], [ -5.49605273251608, 43.03487717228537 ], [ -5.496792948483589, 43.03487717228537 ], [ -5.496792948483589, 43.034458452081701 ], [ -5.497533164451098, 43.034458452081701 ], [ -5.497533164451098, 43.034039729021053 ], [ -5.498273380418605, 43.034039729021053 ], [ -5.498273380418605, 43.033621003103427 ], [ -5.499753812353622, 43.033621003103427 ], [ -5.499753812353622, 43.033202274328815 ], [ -5.50049402832113, 43.033202274328815 ], [ -5.50049402832113, 43.033621003103427 ], [ -5.501234244288638, 43.033621003103427 ], [ -5.501234244288638, 43.034039729021053 ], [ -5.501974460256147, 43.034039729021053 ], [ -5.501974460256147, 43.034458452081701 ], [ -5.502714676223656, 43.034458452081701 ], [ -5.502714676223656, 43.03487717228537 ], [ -5.503454892191163, 43.03487717228537 ], [ -5.503454892191163, 43.035295889632046 ], [ -5.504195108158672, 43.035295889632046 ], [ -5.504195108158672, 43.036133315754434 ], [ -5.504935324126181, 43.036133315754434 ], [ -5.504935324126181, 43.036552024530138 ], [ -5.505675540093689, 43.036552024530138 ], [ -5.505675540093689, 43.04115763250045 ], [ -5.504935324126181, 43.04115763250045 ], [ -5.504935324126181, 43.041994978626512 ], [ -5.504195108158672, 43.041994978626512 ], [ -5.504195108158672, 43.043250976387839 ], [ -5.504935324126181, 43.043250976387839 ], [ -5.504935324126181, 43.04408829394351 ], [ -5.505675540093689, 43.04408829394351 ], [ -5.505675540093689, 43.044506948435782 ], [ -5.506415756061197, 43.044506948435782 ], [ -5.506415756061197, 43.044925600070989 ], [ -5.507155972028706, 43.044925600070989 ], [ -5.507155972028706, 43.050367811335761 ], [ -5.506415756061197, 43.050367811335761 ], [ -5.506415756061197, 43.051205031751053 ], [ -5.505675540093689, 43.051205031751053 ], [ -5.505675540093689, 43.05204224073794 ], [ -5.504935324126181, 43.05204224073794 ], [ -5.504935324126181, 43.052460840945741 ], [ -5.504195108158672, 43.052460840945741 ], [ -5.504195108158672, 43.052879438296429 ], [ -5.499753812353622, 43.052879438296429 ], [ -5.499753812353622, 43.052460840945741 ], [ -5.499013596386114, 43.052460840945741 ], [ -5.499013596386114, 43.051205031751053 ], [ -5.498273380418605, 43.051205031751053 ], [ -5.498273380418605, 43.050367811335761 ], [ -5.497533164451098, 43.050367811335761 ], [ -5.497533164451098, 43.049111959284659 ], [ -5.496792948483589, 43.049111959284659 ], [ -5.496792948483589, 43.049949196842483 ], [ -5.49605273251608, 43.049949196842483 ], [ -5.49605273251608, 43.050786422971953 ], [ -5.495312516548572, 43.050786422971953 ], [ -5.495312516548572, 43.051623637673046 ], [ -5.494572300581064, 43.051623637673046 ], [ -5.494572300581064, 43.052460840945741 ], [ -5.493832084613555, 43.052460840945741 ], [ -5.493832084613555, 43.053298032790011 ], [ -5.493091868646046, 43.053298032790011 ], [ -5.493091868646046, 43.054135213205832 ], [ -5.487910356873489, 43.054135213205832 ], [ -5.487910356873489, 43.053716624426478 ], [ -5.48717014090598, 43.053716624426478 ], [ -5.48717014090598, 43.052879438296429 ], [ -5.486429924938472, 43.052879438296429 ], [ -5.486429924938472, 43.05204224073794 ], [ -5.485689708970964, 43.05204224073794 ] ] ], [ [ [ -5.724039250508648, 43.536943031704851 ], [ -5.724039250508648, 43.536527753207956 ], [ -5.72255881857363, 43.536527753207956 ], [ -5.72255881857363, 43.535697187634213 ], [ -5.721818602606122, 43.535697187634213 ], [ -5.721818602606122, 43.534451317823752 ], [ -5.721078386638613, 43.534451317823752 ], [ -5.721078386638613, 43.533205422273518 ], [ -5.720338170671106, 43.533205422273518 ], [ -5.720338170671106, 43.53237481094019 ], [ -5.719597954703597, 43.53237481094019 ], [ -5.719597954703597, 43.531128872490477 ], [ -5.718857738736089, 43.531128872490477 ], [ -5.718857738736089, 43.529882908301154 ], [ -5.718117522768581, 43.529882908301154 ], [ -5.718117522768581, 43.529052251208505 ], [ -5.717377306801072, 43.529052251208505 ], [ -5.717377306801072, 43.527806244119944 ], [ -5.716637090833564, 43.527806244119944 ], [ -5.716637090833564, 43.526560211291923 ], [ -5.715896874866057, 43.526560211291923 ], [ -5.715896874866057, 43.525729508440229 ], [ -5.715156658898548, 43.525729508440229 ], [ -5.715156658898548, 43.523652701262279 ], [ -5.715896874866057, 43.523652701262279 ], [ -5.715896874866057, 43.522406582636464 ], [ -5.716637090833564, 43.522406582636464 ], [ -5.716637090833564, 43.521160438271444 ], [ -5.717377306801072, 43.521160438271444 ], [ -5.717377306801072, 43.520329661061893 ], [ -5.718117522768581, 43.520329661061893 ], [ -5.718117522768581, 43.519498872412733 ], [ -5.718857738736089, 43.519498872412733 ], [ -5.718857738736089, 43.519083473798304 ], [ -5.720338170671106, 43.519083473798304 ], [ -5.720338170671106, 43.518668072323983 ], [ -5.721078386638613, 43.518668072323983 ], [ -5.721078386638613, 43.518252667989771 ], [ -5.72255881857363, 43.518252667989771 ], [ -5.72255881857363, 43.517837260795666 ], [ -5.723299034541139, 43.517837260795666 ], [ -5.723299034541139, 43.51742185074167 ], [ -5.724039250508648, 43.51742185074167 ], [ -5.724039250508648, 43.517006437827789 ], [ -5.725519682443664, 43.517006437827789 ], [ -5.725519682443664, 43.516591022054023 ], [ -5.726259898411173, 43.516591022054023 ], [ -5.726259898411173, 43.516175603420372 ], [ -5.727740330346189, 43.516175603420372 ], [ -5.727740330346189, 43.515760181926844 ], [ -5.728480546313697, 43.515760181926844 ], [ -5.728480546313697, 43.51534475757343 ], [ -5.729220762281205, 43.51534475757343 ], [ -5.729220762281205, 43.514929330360154 ], [ -5.730701194216222, 43.514929330360154 ], [ -5.730701194216222, 43.514513900287 ], [ -5.73144141018373, 43.514513900287 ], [ -5.73144141018373, 43.514929330360154 ], [ -5.732921842118747, 43.514929330360154 ], [ -5.732921842118747, 43.51534475757343 ], [ -5.733662058086256, 43.51534475757343 ], [ -5.733662058086256, 43.515760181926844 ], [ -5.735142490021273, 43.515760181926844 ], [ -5.735142490021273, 43.516175603420372 ], [ -5.73662292195629, 43.516175603420372 ], [ -5.73662292195629, 43.516591022054023 ], [ -5.737363137923798, 43.516591022054023 ], [ -5.737363137923798, 43.517006437827789 ], [ -5.738843569858814, 43.517006437827789 ], [ -5.738843569858814, 43.51742185074167 ], [ -5.74032400179383, 43.51742185074167 ], [ -5.74032400179383, 43.517837260795666 ], [ -5.741804433728848, 43.517837260795666 ], [ -5.741804433728848, 43.518668072323983 ], [ -5.742544649696356, 43.518668072323983 ], [ -5.742544649696356, 43.519498872412733 ], [ -5.743284865663864, 43.519498872412733 ], [ -5.743284865663864, 43.520745051096618 ], [ -5.744025081631372, 43.520745051096618 ], [ -5.744025081631372, 43.521991204041377 ], [ -5.744765297598882, 43.521991204041377 ], [ -5.744765297598882, 43.526144861296039 ], [ -5.744025081631372, 43.526144861296039 ], [ -5.744025081631372, 43.529052251208505 ], [ -5.743284865663864, 43.529052251208505 ], [ -5.743284865663864, 43.530713553953994 ], [ -5.742544649696356, 43.530713553953994 ], [ -5.742544649696356, 43.531128872490477 ], [ -5.741804433728848, 43.531128872490477 ], [ -5.741804433728848, 43.531544188167018 ], [ -5.741064217761339, 43.531544188167018 ], [ -5.741064217761339, 43.53237481094019 ], [ -5.74032400179383, 43.53237481094019 ], [ -5.74032400179383, 43.532790118036843 ], [ -5.739583785826321, 43.532790118036843 ], [ -5.739583785826321, 43.533205422273518 ], [ -5.738843569858814, 43.533205422273518 ], [ -5.738843569858814, 43.533620723650237 ], [ -5.738103353891305, 43.533620723650237 ], [ -5.738103353891305, 43.53403602216698 ], [ -5.737363137923798, 43.53403602216698 ], [ -5.737363137923798, 43.534451317823752 ], [ -5.73662292195629, 43.534451317823752 ], [ -5.73662292195629, 43.534866610620547 ], [ -5.73588270598878, 43.534866610620547 ], [ -5.73588270598878, 43.535281900557365 ], [ -5.735142490021273, 43.535281900557365 ], [ -5.735142490021273, 43.535697187634213 ], [ -5.734402274053765, 43.535697187634213 ], [ -5.734402274053765, 43.536112471851069 ], [ -5.733662058086256, 43.536112471851069 ], [ -5.733662058086256, 43.536527753207956 ], [ -5.732921842118747, 43.536527753207956 ], [ -5.732921842118747, 43.536943031704851 ], [ -5.732181626151239, 43.536943031704851 ], [ -5.732181626151239, 43.537358307341755 ], [ -5.73144141018373, 43.537358307341755 ], [ -5.73144141018373, 43.537773580118674 ], [ -5.730701194216222, 43.537773580118674 ], [ -5.730701194216222, 43.538188850035603 ], [ -5.729220762281205, 43.538188850035603 ], [ -5.729220762281205, 43.537773580118674 ], [ -5.727000114378681, 43.537773580118674 ], [ -5.727000114378681, 43.537358307341755 ], [ -5.725519682443664, 43.537358307341755 ], [ -5.725519682443664, 43.536943031704851 ], [ -5.724039250508648, 43.536943031704851 ] ] ], [ [ [ -5.83877272547244, 43.550230433520795 ], [ -5.83877272547244, 43.549815246544526 ], [ -5.836552077569914, 43.549815246544526 ], [ -5.836552077569914, 43.549400056708208 ], [ -5.835071645634897, 43.549400056708208 ], [ -5.835071645634897, 43.548984864011857 ], [ -5.832850997732372, 43.548984864011857 ], [ -5.832850997732372, 43.548569668455436 ], [ -5.831370565797356, 43.548569668455436 ], [ -5.831370565797356, 43.54815447003898 ], [ -5.829149917894831, 43.54815447003898 ], [ -5.829149917894831, 43.54773926876247 ], [ -5.827669485959815, 43.54773926876247 ], [ -5.827669485959815, 43.547324064625933 ], [ -5.82544883805729, 43.547324064625933 ], [ -5.82544883805729, 43.546908857629347 ], [ -5.823228190154764, 43.546908857629347 ], [ -5.823228190154764, 43.546493647772721 ], [ -5.822487974187256, 43.546493647772721 ], [ -5.822487974187256, 43.54607843505606 ], [ -5.821747758219748, 43.54607843505606 ], [ -5.821747758219748, 43.545248001042651 ], [ -5.821007542252239, 43.545248001042651 ], [ -5.821007542252239, 43.544417555589114 ], [ -5.82026732628473, 43.544417555589114 ], [ -5.82026732628473, 43.543171865958641 ], [ -5.819527110317222, 43.543171865958641 ], [ -5.819527110317222, 43.542341391904877 ], [ -5.818786894349714, 43.542341391904877 ], [ -5.818786894349714, 43.541510906411077 ], [ -5.818046678382206, 43.541510906411077 ], [ -5.818046678382206, 43.540265156720295 ], [ -5.817306462414698, 43.540265156720295 ], [ -5.817306462414698, 43.539434642626411 ], [ -5.816566246447189, 43.539434642626411 ], [ -5.816566246447189, 43.53860411709254 ], [ -5.815826030479681, 43.53860411709254 ], [ -5.815826030479681, 43.537358307341755 ], [ -5.815085814512173, 43.537358307341755 ], [ -5.815085814512173, 43.536527753207956 ], [ -5.815826030479681, 43.536527753207956 ], [ -5.815826030479681, 43.535281900557365 ], [ -5.816566246447189, 43.535281900557365 ], [ -5.816566246447189, 43.53403602216698 ], [ -5.817306462414698, 43.53403602216698 ], [ -5.817306462414698, 43.533205422273518 ], [ -5.818046678382206, 43.533205422273518 ], [ -5.818046678382206, 43.531959500983589 ], [ -5.821007542252239, 43.531959500983589 ], [ -5.821007542252239, 43.53237481094019 ], [ -5.823968406122273, 43.53237481094019 ], [ -5.823968406122273, 43.531959500983589 ], [ -5.824708622089781, 43.531959500983589 ], [ -5.824708622089781, 43.531544188167018 ], [ -5.82544883805729, 43.531544188167018 ], [ -5.82544883805729, 43.531128872490477 ], [ -5.826189054024797, 43.531128872490477 ], [ -5.826189054024797, 43.530713553953994 ], [ -5.827669485959815, 43.530713553953994 ], [ -5.827669485959815, 43.530298232557548 ], [ -5.828409701927322, 43.530298232557548 ], [ -5.828409701927322, 43.529882908301154 ], [ -5.829149917894831, 43.529882908301154 ], [ -5.829149917894831, 43.529467581184797 ], [ -5.829890133862339, 43.529467581184797 ], [ -5.829890133862339, 43.529052251208505 ], [ -5.830630349829847, 43.529052251208505 ], [ -5.830630349829847, 43.528636918372264 ], [ -5.832110781764865, 43.528636918372264 ], [ -5.832110781764865, 43.529052251208505 ], [ -5.832850997732372, 43.529052251208505 ], [ -5.832850997732372, 43.529467581184797 ], [ -5.833591213699881, 43.529467581184797 ], [ -5.833591213699881, 43.529882908301154 ], [ -5.834331429667389, 43.529882908301154 ], [ -5.834331429667389, 43.530298232557548 ], [ -5.835071645634897, 43.530298232557548 ], [ -5.835071645634897, 43.531128872490477 ], [ -5.835811861602406, 43.531128872490477 ], [ -5.835811861602406, 43.531544188167018 ], [ -5.836552077569914, 43.531544188167018 ], [ -5.836552077569914, 43.531959500983589 ], [ -5.837292293537423, 43.531959500983589 ], [ -5.837292293537423, 43.532790118036843 ], [ -5.838032509504931, 43.532790118036843 ], [ -5.838032509504931, 43.533205422273518 ], [ -5.841733589342473, 43.533205422273518 ], [ -5.841733589342473, 43.532790118036843 ], [ -5.842473805309981, 43.532790118036843 ], [ -5.842473805309981, 43.53237481094019 ], [ -5.843954237244998, 43.53237481094019 ], [ -5.843954237244998, 43.531959500983589 ], [ -5.846174885147523, 43.531959500983589 ], [ -5.846174885147523, 43.53237481094019 ], [ -5.846915101115031, 43.53237481094019 ], [ -5.846915101115031, 43.533205422273518 ], [ -5.847655317082539, 43.533205422273518 ], [ -5.847655317082539, 43.533620723650237 ], [ -5.848395533050048, 43.533620723650237 ], [ -5.848395533050048, 43.53403602216698 ], [ -5.849135749017555, 43.53403602216698 ], [ -5.849135749017555, 43.534451317823752 ], [ -5.849875964985064, 43.534451317823752 ], [ -5.849875964985064, 43.535281900557365 ], [ -5.850616180952573, 43.535281900557365 ], [ -5.850616180952573, 43.539019381289471 ], [ -5.85135639692008, 43.539019381289471 ], [ -5.85135639692008, 43.542756630361758 ], [ -5.852096612887589, 43.542756630361758 ], [ -5.852096612887589, 43.546493647772721 ], [ -5.85135639692008, 43.546493647772721 ], [ -5.85135639692008, 43.54815447003898 ], [ -5.850616180952573, 43.54815447003898 ], [ -5.850616180952573, 43.549815246544526 ], [ -5.849875964985064, 43.549815246544526 ], [ -5.849875964985064, 43.550230433520795 ], [ -5.849135749017555, 43.550230433520795 ], [ -5.849135749017555, 43.550645617637002 ], [ -5.847655317082539, 43.550645617637002 ], [ -5.847655317082539, 43.551060798893154 ], [ -5.846915101115031, 43.551060798893154 ], [ -5.846915101115031, 43.551475977289243 ], [ -5.844694453212505, 43.551475977289243 ], [ -5.844694453212505, 43.551060798893154 ], [ -5.842473805309981, 43.551060798893154 ], [ -5.842473805309981, 43.550645617637002 ], [ -5.840253157407456, 43.550645617637002 ], [ -5.840253157407456, 43.550230433520795 ], [ -5.83877272547244, 43.550230433520795 ] ] ], [ [ [ -0.270128001907239, 35.53507655783536 ], [ -0.269387785939731, 35.53507655783536 ], [ -0.269387785939731, 35.534610393364595 ], [ -0.268647569972222, 35.534610393364595 ], [ -0.268647569972222, 35.529482405407087 ], [ -0.267907354004714, 35.529482405407087 ], [ -0.267907354004714, 35.528083806354168 ], [ -0.268647569972222, 35.528083806354168 ], [ -0.268647569972222, 35.527617601252622 ], [ -0.269387785939731, 35.527617601252622 ], [ -0.269387785939731, 35.526685182923728 ], [ -0.270128001907239, 35.526685182923728 ], [ -0.270128001907239, 35.52621896969643 ], [ -0.270868217874747, 35.52621896969643 ], [ -0.270868217874747, 35.525752753760564 ], [ -0.271608433842256, 35.525752753760564 ], [ -0.271608433842256, 35.525286535116166 ], [ -0.272348649809764, 35.525286535116166 ], [ -0.272348649809764, 35.524820313763243 ], [ -0.273088865777272, 35.524820313763243 ], [ -0.273088865777272, 35.524354089701824 ], [ -0.273829081744781, 35.524354089701824 ], [ -0.273829081744781, 35.523887862931907 ], [ -0.274569297712289, 35.523887862931907 ], [ -0.274569297712289, 35.522955401266628 ], [ -0.275309513679797, 35.522955401266628 ], [ -0.275309513679797, 35.522489166371336 ], [ -0.276049729647306, 35.522489166371336 ], [ -0.276049729647306, 35.522022928767583 ], [ -0.276789945614814, 35.522022928767583 ], [ -0.276789945614814, 35.521556688455441 ], [ -0.277530161582322, 35.521556688455441 ], [ -0.277530161582322, 35.521090445434879 ], [ -0.279750809484847, 35.521090445434879 ], [ -0.279750809484847, 35.521556688455441 ], [ -0.281231241419864, 35.521556688455441 ], [ -0.281231241419864, 35.522022928767583 ], [ -0.281971457387372, 35.522022928767583 ], [ -0.281971457387372, 35.522489166371336 ], [ -0.282711673354881, 35.522489166371336 ], [ -0.282711673354881, 35.524354089701824 ], [ -0.283451889322389, 35.524354089701824 ], [ -0.283451889322389, 35.5299485996741 ], [ -0.282711673354881, 35.5299485996741 ], [ -0.282711673354881, 35.531347166223014 ], [ -0.281971457387372, 35.531347166223014 ], [ -0.281971457387372, 35.532745708393463 ], [ -0.281231241419864, 35.532745708393463 ], [ -0.281231241419864, 35.534144226185013 ], [ -0.280491025452356, 35.534144226185013 ], [ -0.280491025452356, 35.535542719597274 ], [ -0.279750809484847, 35.535542719597274 ], [ -0.279750809484847, 35.536008878650335 ], [ -0.278270377549831, 35.536008878650335 ], [ -0.278270377549831, 35.536475034994524 ], [ -0.276789945614814, 35.536475034994524 ], [ -0.276789945614814, 35.536941188629832 ], [ -0.274569297712289, 35.536941188629832 ], [ -0.274569297712289, 35.537407339556246 ], [ -0.271608433842256, 35.537407339556246 ], [ -0.271608433842256, 35.536475034994524 ], [ -0.270868217874747, 35.536475034994524 ], [ -0.270868217874747, 35.536008878650335 ], [ -0.270128001907239, 35.536008878650335 ], [ -0.270128001907239, 35.53507655783536 ] ] ], [ [ [ -0.276789945614814, 35.824505411354338 ], [ -0.276049729647306, 35.824505411354338 ], [ -0.276049729647306, 35.824040934669902 ], [ -0.274569297712289, 35.824040934669902 ], [ -0.274569297712289, 35.8235764552674 ], [ -0.271608433842256, 35.8235764552674 ], [ -0.271608433842256, 35.82311197314683 ], [ -0.269387785939731, 35.82311197314683 ], [ -0.269387785939731, 35.822647488308213 ], [ -0.266426922069697, 35.822647488308213 ], [ -0.266426922069697, 35.822183000751579 ], [ -0.264206274167172, 35.822183000751579 ], [ -0.264206274167172, 35.821718510476927 ], [ -0.261245410297139, 35.821718510476927 ], [ -0.261245410297139, 35.821254017484272 ], [ -0.260505194329631, 35.821254017484272 ], [ -0.260505194329631, 35.820325023345006 ], [ -0.259764978362122, 35.820325023345006 ], [ -0.259764978362122, 35.819860522198454 ], [ -0.259024762394614, 35.819860522198454 ], [ -0.259024762394614, 35.818931511751508 ], [ -0.258284546427106, 35.818931511751508 ], [ -0.258284546427106, 35.818467002451158 ], [ -0.257544330459597, 35.818467002451158 ], [ -0.257544330459597, 35.818002490432896 ], [ -0.256804114492089, 35.818002490432896 ], [ -0.256804114492089, 35.81753797569678 ], [ -0.253103034654547, 35.81753797569678 ], [ -0.253103034654547, 35.817073458242774 ], [ -0.248661738849497, 35.817073458242774 ], [ -0.248661738849497, 35.816608938070921 ], [ -0.246441090946972, 35.816608938070921 ], [ -0.246441090946972, 35.817073458242774 ], [ -0.245700874979464, 35.817073458242774 ], [ -0.245700874979464, 35.818002490432896 ], [ -0.244960659011956, 35.818002490432896 ], [ -0.244960659011956, 35.818931511751508 ], [ -0.244220443044447, 35.818931511751508 ], [ -0.244220443044447, 35.81939601833394 ], [ -0.239038931271889, 35.81939601833394 ], [ -0.239038931271889, 35.818931511751508 ], [ -0.238298715304381, 35.818931511751508 ], [ -0.238298715304381, 35.818467002451158 ], [ -0.237558499336872, 35.818467002451158 ], [ -0.237558499336872, 35.818002490432896 ], [ -0.236818283369364, 35.818002490432896 ], [ -0.236818283369364, 35.81753797569678 ], [ -0.236078067401856, 35.81753797569678 ], [ -0.236078067401856, 35.817073458242774 ], [ -0.234597635466839, 35.817073458242774 ], [ -0.234597635466839, 35.816608938070921 ], [ -0.233857419499331, 35.816608938070921 ], [ -0.233857419499331, 35.816144415181228 ], [ -0.233117203531822, 35.816144415181228 ], [ -0.233117203531822, 35.815679889573708 ], [ -0.232376987564314, 35.815679889573708 ], [ -0.232376987564314, 35.815215361248384 ], [ -0.230896555629297, 35.815215361248384 ], [ -0.230896555629297, 35.814750830205249 ], [ -0.230156339661789, 35.814750830205249 ], [ -0.230156339661789, 35.814286296444358 ], [ -0.229416123694281, 35.814286296444358 ], [ -0.229416123694281, 35.813357220769255 ], [ -0.228675907726772, 35.813357220769255 ], [ -0.228675907726772, 35.811499036806339 ], [ -0.227935691759264, 35.811499036806339 ], [ -0.227935691759264, 35.809176245705025 ], [ -0.227195475791756, 35.809176245705025 ], [ -0.227195475791756, 35.80731796390701 ], [ -0.227935691759264, 35.80731796390701 ], [ -0.227935691759264, 35.805924224024189 ], [ -0.228675907726772, 35.805924224024189 ], [ -0.228675907726772, 35.804530459683846 ], [ -0.229416123694281, 35.804530459683846 ], [ -0.229416123694281, 35.803601269869652 ], [ -0.230156339661789, 35.803601269869652 ], [ -0.230156339661789, 35.803136670886389 ], [ -0.230896555629297, 35.803136670886389 ], [ -0.230896555629297, 35.802672069185711 ], [ -0.231636771596806, 35.802672069185711 ], [ -0.231636771596806, 35.80220746476764 ], [ -0.232376987564314, 35.80220746476764 ], [ -0.232376987564314, 35.801742857632192 ], [ -0.237558499336872, 35.801742857632192 ], [ -0.237558499336872, 35.80220746476764 ], [ -0.238298715304381, 35.80220746476764 ], [ -0.238298715304381, 35.802672069185711 ], [ -0.239038931271889, 35.802672069185711 ], [ -0.239038931271889, 35.801742857632192 ], [ -0.239779147239397, 35.801742857632192 ], [ -0.239779147239397, 35.800813635209181 ], [ -0.240519363206906, 35.800813635209181 ], [ -0.240519363206906, 35.799884401916799 ], [ -0.241259579174414, 35.799884401916799 ], [ -0.241259579174414, 35.798955157755167 ], [ -0.241999795141922, 35.798955157755167 ], [ -0.241999795141922, 35.798490531598425 ], [ -0.242740011109431, 35.798490531598425 ], [ -0.242740011109431, 35.798955157755167 ], [ -0.245700874979464, 35.798955157755167 ], [ -0.245700874979464, 35.799419781194644 ], [ -0.248661738849497, 35.799419781194644 ], [ -0.248661738849497, 35.799884401916799 ], [ -0.250882386752022, 35.799884401916799 ], [ -0.250882386752022, 35.799419781194644 ], [ -0.253103034654547, 35.799419781194644 ], [ -0.253103034654547, 35.798955157755167 ], [ -0.254583466589564, 35.798955157755167 ], [ -0.254583466589564, 35.798490531598425 ], [ -0.256804114492089, 35.798490531598425 ], [ -0.256804114492089, 35.798025902724412 ], [ -0.258284546427106, 35.798025902724412 ], [ -0.258284546427106, 35.797561271133148 ], [ -0.261985626264647, 35.797561271133148 ], [ -0.261985626264647, 35.798025902724412 ], [ -0.264206274167172, 35.798025902724412 ], [ -0.264206274167172, 35.798490531598425 ], [ -0.266426922069697, 35.798490531598425 ], [ -0.266426922069697, 35.799419781194644 ], [ -0.267167138037206, 35.799419781194644 ], [ -0.267167138037206, 35.800349019921647 ], [ -0.267907354004714, 35.800349019921647 ], [ -0.267907354004714, 35.801278247779365 ], [ -0.268647569972222, 35.801278247779365 ], [ -0.268647569972222, 35.80220746476764 ], [ -0.269387785939731, 35.80220746476764 ], [ -0.269387785939731, 35.802672069185711 ], [ -0.270128001907239, 35.802672069185711 ], [ -0.270128001907239, 35.803136670886389 ], [ -0.270868217874747, 35.803136670886389 ], [ -0.270868217874747, 35.803601269869652 ], [ -0.272348649809764, 35.803601269869652 ], [ -0.272348649809764, 35.804065866135467 ], [ -0.273088865777272, 35.804065866135467 ], [ -0.273088865777272, 35.804530459683846 ], [ -0.274569297712289, 35.804530459683846 ], [ -0.274569297712289, 35.804065866135467 ], [ -0.275309513679797, 35.804065866135467 ], [ -0.275309513679797, 35.803136670886389 ], [ -0.276049729647306, 35.803136670886389 ], [ -0.276049729647306, 35.80220746476764 ], [ -0.276789945614814, 35.80220746476764 ], [ -0.276789945614814, 35.801278247779365 ], [ -0.277530161582322, 35.801278247779365 ], [ -0.277530161582322, 35.800813635209181 ], [ -0.282711673354881, 35.800813635209181 ], [ -0.282711673354881, 35.801742857632192 ], [ -0.283451889322389, 35.801742857632192 ], [ -0.283451889322389, 35.802672069185711 ], [ -0.284192105289897, 35.802672069185711 ], [ -0.284192105289897, 35.803136670886389 ], [ -0.284932321257406, 35.803136670886389 ], [ -0.284932321257406, 35.804995050514783 ], [ -0.285672537224914, 35.804995050514783 ], [ -0.285672537224914, 35.811499036806339 ], [ -0.286412753192422, 35.811499036806339 ], [ -0.286412753192422, 35.81753797569678 ], [ -0.287152969159931, 35.81753797569678 ], [ -0.287152969159931, 35.821254017484272 ], [ -0.286412753192422, 35.821254017484272 ], [ -0.286412753192422, 35.822183000751579 ], [ -0.285672537224914, 35.822183000751579 ], [ -0.285672537224914, 35.822647488308213 ], [ -0.284932321257406, 35.822647488308213 ], [ -0.284932321257406, 35.82311197314683 ], [ -0.284192105289897, 35.82311197314683 ], [ -0.284192105289897, 35.8235764552674 ], [ -0.283451889322389, 35.8235764552674 ], [ -0.283451889322389, 35.824040934669902 ], [ -0.282711673354881, 35.824040934669902 ], [ -0.282711673354881, 35.824505411354338 ], [ -0.281971457387372, 35.824505411354338 ], [ -0.281971457387372, 35.824969885320684 ], [ -0.281231241419864, 35.824969885320684 ], [ -0.281231241419864, 35.82543435656892 ], [ -0.280491025452356, 35.82543435656892 ], [ -0.280491025452356, 35.825898825099053 ], [ -0.278270377549831, 35.825898825099053 ], [ -0.278270377549831, 35.82543435656892 ], [ -0.277530161582322, 35.82543435656892 ], [ -0.277530161582322, 35.824969885320684 ], [ -0.276789945614814, 35.824969885320684 ], [ -0.276789945614814, 35.824505411354338 ] ] ], [ [ [ 4.450229222893409, 35.886720696110231 ], [ 4.450229222893409, 35.886256583779549 ], [ 4.450969438860917, 35.886256583779549 ], [ 4.450969438860917, 35.884864230467407 ], [ 4.451709654828425, 35.884864230467407 ], [ 4.451709654828425, 35.883935981326061 ], [ 4.452449870795934, 35.883935981326061 ], [ 4.452449870795934, 35.882543587214421 ], [ 4.453190086763442, 35.882543587214421 ], [ 4.453190086763442, 35.879758725553984 ], [ 4.452449870795934, 35.879758725553984 ], [ 4.452449870795934, 35.877902096717058 ], [ 4.451709654828425, 35.877902096717058 ], [ 4.451709654828425, 35.876509596531797 ], [ 4.450969438860917, 35.876509596531797 ], [ 4.450969438860917, 35.876045424363902 ], [ 4.450229222893409, 35.876045424363902 ], [ 4.450229222893409, 35.875581249476319 ], [ 4.449489006925901, 35.875581249476319 ], [ 4.449489006925901, 35.875117071869035 ], [ 4.448748790958392, 35.875117071869035 ], [ 4.448748790958392, 35.874652891542084 ], [ 4.448008574990883, 35.874652891542084 ], [ 4.448008574990883, 35.874188708495474 ], [ 4.447268359023375, 35.874188708495474 ], [ 4.447268359023375, 35.873724522729191 ], [ 4.445787927088358, 35.873724522729191 ], [ 4.445787927088358, 35.873260334243312 ], [ 4.44504771112085, 35.873260334243312 ], [ 4.44504771112085, 35.872796143037782 ], [ 4.442827063218325, 35.872796143037782 ], [ 4.442827063218325, 35.873260334243312 ], [ 4.4406064153158, 35.873260334243312 ], [ 4.4406064153158, 35.873724522729191 ], [ 4.438385767413275, 35.873724522729191 ], [ 4.438385767413275, 35.875117071869035 ], [ 4.437645551445767, 35.875117071869035 ], [ 4.437645551445767, 35.877437932708382 ], [ 4.436905335478258, 35.877437932708382 ], [ 4.436905335478258, 35.880687023653572 ], [ 4.437645551445767, 35.880687023653572 ], [ 4.437645551445767, 35.882543587214421 ], [ 4.438385767413275, 35.882543587214421 ], [ 4.438385767413275, 35.883471852675449 ], [ 4.439125983380783, 35.883471852675449 ], [ 4.439125983380783, 35.883935981326061 ], [ 4.439866199348292, 35.883935981326061 ], [ 4.439866199348292, 35.884400107256724 ], [ 4.4406064153158, 35.884400107256724 ], [ 4.4406064153158, 35.884864230467407 ], [ 4.441346631283309, 35.884864230467407 ], [ 4.441346631283309, 35.885328350958126 ], [ 4.442086847250817, 35.885328350958126 ], [ 4.442086847250817, 35.885792468728852 ], [ 4.442827063218325, 35.885792468728852 ], [ 4.442827063218325, 35.886256583779549 ], [ 4.443567279185833, 35.886256583779549 ], [ 4.443567279185833, 35.887184805720871 ], [ 4.444307495153342, 35.887184805720871 ], [ 4.444307495153342, 35.887648912611461 ], [ 4.44504771112085, 35.887648912611461 ], [ 4.44504771112085, 35.888113016781979 ], [ 4.447268359023375, 35.888113016781979 ], [ 4.447268359023375, 35.887648912611461 ], [ 4.448748790958392, 35.887648912611461 ], [ 4.448748790958392, 35.887184805720871 ], [ 4.449489006925901, 35.887184805720871 ], [ 4.449489006925901, 35.886720696110231 ], [ 4.450229222893409, 35.886720696110231 ] ] ], [ [ [ 2.888373531450823, 36.61017413493235 ], [ 2.889113747418332, 36.61017413493235 ], [ 2.889113747418332, 36.609714299456655 ], [ 2.88985396338584, 36.609714299456655 ], [ 2.88985396338584, 36.609254461239168 ], [ 2.890594179353348, 36.609254461239168 ], [ 2.890594179353348, 36.608794620279923 ], [ 2.891334395320857, 36.608794620279923 ], [ 2.891334395320857, 36.606035516948175 ], [ 2.890594179353348, 36.606035516948175 ], [ 2.890594179353348, 36.604655928269572 ], [ 2.891334395320857, 36.604655928269572 ], [ 2.891334395320857, 36.605115793904091 ], [ 2.892814827255873, 36.605115793904091 ], [ 2.892814827255873, 36.605575656796958 ], [ 2.893555043223381, 36.605575656796958 ], [ 2.893555043223381, 36.606035516948175 ], [ 2.895035475158398, 36.606035516948175 ], [ 2.895035475158398, 36.605575656796958 ], [ 2.895775691125907, 36.605575656796958 ], [ 2.895775691125907, 36.605115793904091 ], [ 2.896515907093415, 36.605115793904091 ], [ 2.896515907093415, 36.604655928269572 ], [ 2.897256123060923, 36.604655928269572 ], [ 2.897256123060923, 36.604196059893432 ], [ 2.897996339028431, 36.604196059893432 ], [ 2.897996339028431, 36.603736188775677 ], [ 2.89873655499594, 36.603736188775677 ], [ 2.89873655499594, 36.603276314916315 ], [ 2.899476770963448, 36.603276314916315 ], [ 2.899476770963448, 36.602816438315351 ], [ 2.900216986930956, 36.602816438315351 ], [ 2.900216986930956, 36.602356558972815 ], [ 2.901697418865973, 36.602356558972815 ], [ 2.901697418865973, 36.601896676888721 ], [ 2.902437634833482, 36.601896676888721 ], [ 2.902437634833482, 36.600057121136963 ], [ 2.90317785080099, 36.600057121136963 ], [ 2.90317785080099, 36.598217521521264 ], [ 2.903918066768498, 36.598217521521264 ], [ 2.903918066768498, 36.597757614763687 ], [ 2.90317785080099, 36.597757614763687 ], [ 2.90317785080099, 36.596377878042439 ], [ 2.902437634833482, 36.596377878042439 ], [ 2.902437634833482, 36.595458039854627 ], [ 2.901697418865973, 36.595458039854627 ], [ 2.901697418865973, 36.594078262012708 ], [ 2.900957202898465, 36.594078262012708 ], [ 2.900957202898465, 36.593158396411461 ], [ 2.900216986930956, 36.593158396411461 ], [ 2.900216986930956, 36.592698459498877 ], [ 2.899476770963448, 36.592698459498877 ], [ 2.899476770963448, 36.593158396411461 ], [ 2.896515907093415, 36.593158396411461 ], [ 2.896515907093415, 36.593618330582743 ], [ 2.89429525919089, 36.593618330582743 ], [ 2.89429525919089, 36.594078262012708 ], [ 2.891334395320857, 36.594078262012708 ], [ 2.891334395320857, 36.594538190701364 ], [ 2.889113747418332, 36.594538190701364 ], [ 2.889113747418332, 36.596377878042439 ], [ 2.888373531450823, 36.596377878042439 ], [ 2.888373531450823, 36.598217521521264 ], [ 2.887633315483315, 36.598217521521264 ], [ 2.887633315483315, 36.596837793024264 ], [ 2.886893099515807, 36.596837793024264 ], [ 2.886893099515807, 36.593158396411461 ], [ 2.886152883548299, 36.593158396411461 ], [ 2.886152883548299, 36.592238519845012 ], [ 2.88541266758079, 36.592238519845012 ], [ 2.88541266758079, 36.591778577449873 ], [ 2.884672451613281, 36.591778577449873 ], [ 2.884672451613281, 36.591318632313481 ], [ 2.883932235645773, 36.591318632313481 ], [ 2.883932235645773, 36.590398733816969 ], [ 2.883192019678265, 36.590398733816969 ], [ 2.883192019678265, 36.58993878045689 ], [ 2.882451803710757, 36.58993878045689 ], [ 2.882451803710757, 36.589478824355602 ], [ 2.881711587743248, 36.589478824355602 ], [ 2.881711587743248, 36.589018865513104 ], [ 2.88097137177574, 36.589018865513104 ], [ 2.88097137177574, 36.588558903929453 ], [ 2.879490939840723, 36.588558903929453 ], [ 2.879490939840723, 36.589018865513104 ], [ 2.87653007597069, 36.589018865513104 ], [ 2.87653007597069, 36.589478824355602 ], [ 2.874309428068165, 36.589478824355602 ], [ 2.874309428068165, 36.58993878045689 ], [ 2.87208878016564, 36.58993878045689 ], [ 2.87208878016564, 36.590858684435844 ], [ 2.871348564198132, 36.590858684435844 ], [ 2.871348564198132, 36.592238519845012 ], [ 2.870608348230624, 36.592238519845012 ], [ 2.870608348230624, 36.593158396411461 ], [ 2.869868132263115, 36.593158396411461 ], [ 2.869868132263115, 36.594078262012708 ], [ 2.869127916295606, 36.594078262012708 ], [ 2.869127916295606, 36.594998116648675 ], [ 2.868387700328098, 36.594998116648675 ], [ 2.868387700328098, 36.597297705264687 ], [ 2.86764748436059, 36.597297705264687 ], [ 2.86764748436059, 36.601896676888721 ], [ 2.868387700328098, 36.601896676888721 ], [ 2.868387700328098, 36.602816438315351 ], [ 2.869127916295606, 36.602816438315351 ], [ 2.869127916295606, 36.603736188775677 ], [ 2.869868132263115, 36.603736188775677 ], [ 2.869868132263115, 36.604655928269572 ], [ 2.870608348230624, 36.604655928269572 ], [ 2.870608348230624, 36.605575656796958 ], [ 2.871348564198132, 36.605575656796958 ], [ 2.871348564198132, 36.606035516948175 ], [ 2.87208878016564, 36.606035516948175 ], [ 2.87208878016564, 36.606495374357721 ], [ 2.87653007597069, 36.606495374357721 ], [ 2.87653007597069, 36.606035516948175 ], [ 2.878010507905707, 36.606035516948175 ], [ 2.878010507905707, 36.605575656796958 ], [ 2.878750723873215, 36.605575656796958 ], [ 2.878750723873215, 36.605115793904091 ], [ 2.880231155808231, 36.605115793904091 ], [ 2.880231155808231, 36.604655928269572 ], [ 2.88097137177574, 36.604655928269572 ], [ 2.88097137177574, 36.608794620279923 ], [ 2.881711587743248, 36.608794620279923 ], [ 2.881711587743248, 36.609254461239168 ], [ 2.882451803710757, 36.609254461239168 ], [ 2.882451803710757, 36.61017413493235 ], [ 2.883192019678265, 36.61017413493235 ], [ 2.883192019678265, 36.610633967666281 ], [ 2.883932235645773, 36.610633967666281 ], [ 2.883932235645773, 36.611093797658391 ], [ 2.884672451613281, 36.611093797658391 ], [ 2.884672451613281, 36.611553624908673 ], [ 2.88541266758079, 36.611553624908673 ], [ 2.88541266758079, 36.612013449417155 ], [ 2.886152883548299, 36.612013449417155 ], [ 2.886152883548299, 36.611553624908673 ], [ 2.886893099515807, 36.611553624908673 ], [ 2.886893099515807, 36.611093797658391 ], [ 2.887633315483315, 36.611093797658391 ], [ 2.887633315483315, 36.610633967666281 ], [ 2.888373531450823, 36.610633967666281 ], [ 2.888373531450823, 36.61017413493235 ] ], [ [ 2.889113747418332, 36.600976904495894 ], [ 2.889113747418332, 36.601896676888721 ], [ 2.887633315483315, 36.601896676888721 ], [ 2.887633315483315, 36.601436792063076 ], [ 2.886152883548299, 36.601436792063076 ], [ 2.886152883548299, 36.600517014187183 ], [ 2.886893099515807, 36.600517014187183 ], [ 2.886893099515807, 36.598677425537396 ], [ 2.888373531450823, 36.598677425537396 ], [ 2.888373531450823, 36.600976904495894 ], [ 2.889113747418332, 36.600976904495894 ] ] ], [ [ [ 3.234794604244723, 36.637299574577931 ], [ 3.234794604244723, 36.636839900890493 ], [ 3.235534820212232, 36.636839900890493 ], [ 3.235534820212232, 36.636380224460474 ], [ 3.236275036179741, 36.636380224460474 ], [ 3.236275036179741, 36.635920545287931 ], [ 3.237015252147248, 36.635920545287931 ], [ 3.237015252147248, 36.635460863372849 ], [ 3.237755468114757, 36.635460863372849 ], [ 3.237755468114757, 36.635001178715243 ], [ 3.238495684082265, 36.635001178715243 ], [ 3.238495684082265, 36.634081801172542 ], [ 3.239235900049774, 36.634081801172542 ], [ 3.239235900049774, 36.632243013177515 ], [ 3.239976116017282, 36.632243013177515 ], [ 3.239976116017282, 36.629484748912446 ], [ 3.239235900049774, 36.629484748912446 ], [ 3.239235900049774, 36.627186119943595 ], [ 3.238495684082265, 36.627186119943595 ], [ 3.238495684082265, 36.624887422417736 ], [ 3.237755468114757, 36.624887422417736 ], [ 3.237755468114757, 36.624427674685869 ], [ 3.237015252147248, 36.624427674685869 ], [ 3.237015252147248, 36.623967924211811 ], [ 3.236275036179741, 36.623967924211811 ], [ 3.236275036179741, 36.623508170995557 ], [ 3.234794604244723, 36.623508170995557 ], [ 3.234794604244723, 36.623048415037132 ], [ 3.233314172309707, 36.623048415037132 ], [ 3.233314172309707, 36.622588656336532 ], [ 3.232573956342199, 36.622588656336532 ], [ 3.232573956342199, 36.622128894893805 ], [ 3.230353308439674, 36.622128894893805 ], [ 3.230353308439674, 36.622588656336532 ], [ 3.228872876504657, 36.622588656336532 ], [ 3.228872876504657, 36.623048415037132 ], [ 3.22739244456964, 36.623048415037132 ], [ 3.22739244456964, 36.623508170995557 ], [ 3.226652228602132, 36.623508170995557 ], [ 3.226652228602132, 36.623967924211811 ], [ 3.225912012634624, 36.623967924211811 ], [ 3.225912012634624, 36.624887422417736 ], [ 3.225171796667116, 36.624887422417736 ], [ 3.225171796667116, 36.626726385922929 ], [ 3.224431580699607, 36.626726385922929 ], [ 3.224431580699607, 36.629025028603316 ], [ 3.223691364732099, 36.629025028603316 ], [ 3.223691364732099, 36.633162412659935 ], [ 3.224431580699607, 36.633162412659935 ], [ 3.224431580699607, 36.635920545287931 ], [ 3.225171796667116, 36.635920545287931 ], [ 3.225171796667116, 36.637299574577931 ], [ 3.226652228602132, 36.637299574577931 ], [ 3.226652228602132, 36.637759245522808 ], [ 3.228132660537149, 36.637759245522808 ], [ 3.228132660537149, 36.638218913725105 ], [ 3.229613092472166, 36.638218913725105 ], [ 3.229613092472166, 36.638678579184806 ], [ 3.232573956342199, 36.638678579184806 ], [ 3.232573956342199, 36.638218913725105 ], [ 3.233314172309707, 36.638218913725105 ], [ 3.233314172309707, 36.637759245522808 ], [ 3.234054388277215, 36.637759245522808 ], [ 3.234054388277215, 36.637299574577931 ], [ 3.234794604244723, 36.637299574577931 ] ] ], [ [ [ 3.128203504923524, 36.687387561947112 ], [ 3.128203504923524, 36.68692818727758 ], [ 3.128943720891032, 36.68692818727758 ], [ 3.128943720891032, 36.68600942970653 ], [ 3.12968393685854, 36.68600942970653 ], [ 3.12968393685854, 36.685090661159613 ], [ 3.130424152826048, 36.685090661159613 ], [ 3.130424152826048, 36.684171881636921 ], [ 3.131164368793557, 36.684171881636921 ], [ 3.131164368793557, 36.683253091138575 ], [ 3.131904584761065, 36.683253091138575 ], [ 3.131904584761065, 36.682334289664659 ], [ 3.132644800728573, 36.682334289664659 ], [ 3.132644800728573, 36.681415477215303 ], [ 3.133385016696082, 36.681415477215303 ], [ 3.133385016696082, 36.680956066874856 ], [ 3.13412523266359, 36.680956066874856 ], [ 3.13412523266359, 36.678199547212365 ], [ 3.133385016696082, 36.678199547212365 ], [ 3.133385016696082, 36.67452403401316 ], [ 3.132644800728573, 36.67452403401316 ], [ 3.132644800728573, 36.674064582516735 ], [ 3.131164368793557, 36.674064582516735 ], [ 3.131164368793557, 36.673605128276698 ], [ 3.130424152826048, 36.673605128276698 ], [ 3.130424152826048, 36.673145671293035 ], [ 3.128943720891032, 36.673145671293035 ], [ 3.128943720891032, 36.672686211565782 ], [ 3.128203504923524, 36.672686211565782 ], [ 3.128203504923524, 36.672226749094932 ], [ 3.126723072988507, 36.672226749094932 ], [ 3.126723072988507, 36.671767283880513 ], [ 3.120061129280932, 36.671767283880513 ], [ 3.120061129280932, 36.672226749094932 ], [ 3.119320913313424, 36.672226749094932 ], [ 3.119320913313424, 36.672686211565782 ], [ 3.118580697345915, 36.672686211565782 ], [ 3.118580697345915, 36.673145671293035 ], [ 3.117840481378407, 36.673145671293035 ], [ 3.117840481378407, 36.673605128276698 ], [ 3.117100265410898, 36.673605128276698 ], [ 3.117100265410898, 36.674064582516735 ], [ 3.11636004944339, 36.674064582516735 ], [ 3.11636004944339, 36.674983482765938 ], [ 3.115619833475882, 36.674983482765938 ], [ 3.115619833475882, 36.675442928775055 ], [ 3.114879617508374, 36.675442928775055 ], [ 3.114879617508374, 36.675902372040525 ], [ 3.114139401540865, 36.675902372040525 ], [ 3.114139401540865, 36.676361812562291 ], [ 3.113399185573357, 36.676361812562291 ], [ 3.113399185573357, 36.676821250340389 ], [ 3.112658969605848, 36.676821250340389 ], [ 3.112658969605848, 36.677280685374775 ], [ 3.11191875363834, 36.677280685374775 ], [ 3.11191875363834, 36.677740117665422 ], [ 3.111178537670832, 36.677740117665422 ], [ 3.111178537670832, 36.679577819390644 ], [ 3.110438321703324, 36.679577819390644 ], [ 3.110438321703324, 36.681415477215303 ], [ 3.109698105735816, 36.681415477215303 ], [ 3.109698105735816, 36.682334289664659 ], [ 3.110438321703324, 36.682334289664659 ], [ 3.110438321703324, 36.684171881636921 ], [ 3.111178537670832, 36.684171881636921 ], [ 3.111178537670832, 36.685550046805048 ], [ 3.11191875363834, 36.685550046805048 ], [ 3.11191875363834, 36.68600942970653 ], [ 3.112658969605848, 36.68600942970653 ], [ 3.112658969605848, 36.686468809864046 ], [ 3.113399185573357, 36.686468809864046 ], [ 3.113399185573357, 36.68692818727758 ], [ 3.114139401540865, 36.68692818727758 ], [ 3.114139401540865, 36.687387561947112 ], [ 3.114879617508374, 36.687387561947112 ], [ 3.114879617508374, 36.687846933872635 ], [ 3.115619833475882, 36.687846933872635 ], [ 3.115619833475882, 36.688306303054155 ], [ 3.11636004944339, 36.688306303054155 ], [ 3.11636004944339, 36.688765669491623 ], [ 3.117840481378407, 36.688765669491623 ], [ 3.117840481378407, 36.689225033185046 ], [ 3.118580697345915, 36.689225033185046 ], [ 3.118580697345915, 36.689684394134424 ], [ 3.119320913313424, 36.689684394134424 ], [ 3.119320913313424, 36.689225033185046 ], [ 3.126723072988507, 36.689225033185046 ], [ 3.126723072988507, 36.688306303054155 ], [ 3.127463288956015, 36.688306303054155 ], [ 3.127463288956015, 36.687387561947112 ], [ 3.128203504923524, 36.687387561947112 ] ] ], [ [ [ -1.899343346393083, 36.972128759221675 ], [ -1.899343346393083, 36.970755746537762 ], [ -1.898603130425575, 36.970755746537762 ], [ -1.898603130425575, 36.96984039098858 ], [ -1.897862914458066, 36.96984039098858 ], [ -1.897862914458066, 36.96709425829458 ], [ -1.898603130425575, 36.96709425829458 ], [ -1.898603130425575, 36.964348026533024 ], [ -1.899343346393083, 36.964348026533024 ], [ -1.899343346393083, 36.961601695706641 ], [ -1.900083562360591, 36.961601695706641 ], [ -1.900083562360591, 36.96068623008393 ], [ -1.900823778328099, 36.96068623008393 ], [ -1.900823778328099, 36.960228493144996 ], [ -1.901563994295608, 36.960228493144996 ], [ -1.901563994295608, 36.959313011012128 ], [ -1.902304210263116, 36.959313011012128 ], [ -1.902304210263116, 36.958855265818187 ], [ -1.903784642198133, 36.958855265818187 ], [ -1.903784642198133, 36.959313011012128 ], [ -1.906745506068166, 36.959313011012128 ], [ -1.906745506068166, 36.959770753454407 ], [ -1.908966153970691, 36.959770753454407 ], [ -1.908966153970691, 36.960228493144996 ], [ -1.9097063699382, 36.960228493144996 ], [ -1.9097063699382, 36.961143964271145 ], [ -1.910446585905708, 36.961143964271145 ], [ -1.910446585905708, 36.961601695706641 ], [ -1.911186801873216, 36.961601695706641 ], [ -1.911186801873216, 36.962059424390425 ], [ -1.911927017840724, 36.962059424390425 ], [ -1.911927017840724, 36.962974873502759 ], [ -1.912667233808233, 36.962974873502759 ], [ -1.912667233808233, 36.968925024431591 ], [ -1.911927017840724, 36.968925024431591 ], [ -1.911927017840724, 36.96984039098858 ], [ -1.911186801873216, 36.96984039098858 ], [ -1.911186801873216, 36.970298070139158 ], [ -1.910446585905708, 36.970298070139158 ], [ -1.910446585905708, 36.970755746537762 ], [ -1.9097063699382, 36.970755746537762 ], [ -1.9097063699382, 36.971213420184398 ], [ -1.908966153970691, 36.971213420184398 ], [ -1.908966153970691, 36.972128759221675 ], [ -1.908225938003183, 36.972128759221675 ], [ -1.908225938003183, 36.972586424612288 ], [ -1.907485722035675, 36.972586424612288 ], [ -1.907485722035675, 36.973044087250884 ], [ -1.906745506068166, 36.973044087250884 ], [ -1.906745506068166, 36.973501747137441 ], [ -1.906005290100658, 36.973501747137441 ], [ -1.906005290100658, 36.97395940427193 ], [ -1.900823778328099, 36.97395940427193 ], [ -1.900823778328099, 36.973044087250884 ], [ -1.900083562360591, 36.973044087250884 ], [ -1.900083562360591, 36.972128759221675 ], [ -1.899343346393083, 36.972128759221675 ] ] ], [ [ [ -1.096949237614048, 39.773486705104411 ], [ -1.09620902164654, 39.773486705104411 ], [ -1.09620902164654, 39.77260613629295 ], [ -1.095468805679032, 39.77260613629295 ], [ -1.095468805679032, 39.771285261954425 ], [ -1.09620902164654, 39.771285261954425 ], [ -1.09620902164654, 39.766882164443849 ], [ -1.095468805679032, 39.766882164443849 ], [ -1.095468805679032, 39.766441839204248 ], [ -1.094728589711524, 39.766441839204248 ], [ -1.094728589711524, 39.765561180276862 ], [ -1.093988373744015, 39.765561180276862 ], [ -1.093988373744015, 39.765120846589092 ], [ -1.093248157776507, 39.765120846589092 ], [ -1.093248157776507, 39.764240170765419 ], [ -1.092507941808998, 39.764240170765419 ], [ -1.092507941808998, 39.763359483677647 ], [ -1.09176772584149, 39.763359483677647 ], [ -1.09176772584149, 39.762919135909748 ], [ -1.091027509873982, 39.762919135909748 ], [ -1.091027509873982, 39.762038431925937 ], [ -1.090287293906473, 39.762038431925937 ], [ -1.090287293906473, 39.76115771667817 ], [ -1.089547077938965, 39.76115771667817 ], [ -1.089547077938965, 39.760717354830334 ], [ -1.088806861971457, 39.760717354830334 ], [ -1.088806861971457, 39.758515503351859 ], [ -1.089547077938965, 39.758515503351859 ], [ -1.089547077938965, 39.755873188652338 ], [ -1.086586214068932, 39.755873188652338 ], [ -1.086586214068932, 39.756313581475318 ], [ -1.08288513423139, 39.756313581475318 ], [ -1.08288513423139, 39.755432793013476 ], [ -1.082144918263882, 39.755432793013476 ], [ -1.082144918263882, 39.754992394558748 ], [ -1.081404702296374, 39.754992394558748 ], [ -1.081404702296374, 39.75455199328816 ], [ -1.080664486328865, 39.75455199328816 ], [ -1.080664486328865, 39.754111589201727 ], [ -1.079924270361357, 39.754111589201727 ], [ -1.079924270361357, 39.75455199328816 ], [ -1.079184054393848, 39.75455199328816 ], [ -1.079184054393848, 39.754992394558748 ], [ -1.07844383842634, 39.754992394558748 ], [ -1.07844383842634, 39.755873188652338 ], [ -1.076963406491323, 39.755873188652338 ], [ -1.076963406491323, 39.756313581475318 ], [ -1.07400254262129, 39.756313581475318 ], [ -1.07400254262129, 39.757194358673637 ], [ -1.074742758588798, 39.757194358673637 ], [ -1.074742758588798, 39.759836622686777 ], [ -1.079924270361357, 39.759836622686777 ], [ -1.079924270361357, 39.76115771667817 ], [ -1.080664486328865, 39.76115771667817 ], [ -1.080664486328865, 39.762038431925937 ], [ -1.081404702296374, 39.762038431925937 ], [ -1.081404702296374, 39.763359483677647 ], [ -1.082144918263882, 39.763359483677647 ], [ -1.082144918263882, 39.764240170765419 ], [ -1.08288513423139, 39.764240170765419 ], [ -1.08288513423139, 39.765561180276862 ], [ -1.082144918263882, 39.765561180276862 ], [ -1.082144918263882, 39.767322486867371 ], [ -1.081404702296374, 39.767322486867371 ], [ -1.081404702296374, 39.768643437241423 ], [ -1.080664486328865, 39.768643437241423 ], [ -1.080664486328865, 39.769083748400568 ], [ -1.079924270361357, 39.769083748400568 ], [ -1.079924270361357, 39.769524056743599 ], [ -1.07844383842634, 39.769524056743599 ], [ -1.07844383842634, 39.769964362270507 ], [ -1.077703622458832, 39.769964362270507 ], [ -1.077703622458832, 39.770404664981292 ], [ -1.076223190523815, 39.770404664981292 ], [ -1.076223190523815, 39.769964362270507 ], [ -1.075482974556307, 39.769964362270507 ], [ -1.075482974556307, 39.769524056743599 ], [ -1.074742758588798, 39.769524056743599 ], [ -1.074742758588798, 39.769964362270507 ], [ -1.07400254262129, 39.769964362270507 ], [ -1.07400254262129, 39.771285261954425 ], [ -1.073262326653782, 39.771285261954425 ], [ -1.073262326653782, 39.77216584766294 ], [ -1.072522110686273, 39.77216584766294 ], [ -1.072522110686273, 39.77260613629295 ], [ -1.071781894718765, 39.77260613629295 ], [ -1.071781894718765, 39.773046422106766 ], [ -1.070301462783748, 39.773046422106766 ], [ -1.070301462783748, 39.773486705104411 ], [ -1.068080814881223, 39.773486705104411 ], [ -1.068080814881223, 39.773046422106766 ], [ -1.066600382946207, 39.773046422106766 ], [ -1.066600382946207, 39.77260613629295 ], [ -1.06511995101119, 39.77260613629295 ], [ -1.06511995101119, 39.77216584766294 ], [ -1.064379735043682, 39.77216584766294 ], [ -1.064379735043682, 39.771725556216765 ], [ -1.063639519076173, 39.771725556216765 ], [ -1.063639519076173, 39.769964362270507 ], [ -1.062899303108665, 39.769964362270507 ], [ -1.062899303108665, 39.765120846589092 ], [ -1.063639519076173, 39.765120846589092 ], [ -1.063639519076173, 39.764240170765419 ], [ -1.064379735043682, 39.764240170765419 ], [ -1.064379735043682, 39.763359483677647 ], [ -1.06511995101119, 39.763359483677647 ], [ -1.06511995101119, 39.762478785325833 ], [ -1.065860166978698, 39.762478785325833 ], [ -1.065860166978698, 39.76159807571004 ], [ -1.06511995101119, 39.76159807571004 ], [ -1.06511995101119, 39.760717354830334 ], [ -1.064379735043682, 39.760717354830334 ], [ -1.064379735043682, 39.75939625239107 ], [ -1.063639519076173, 39.75939625239107 ], [ -1.063639519076173, 39.758075124608361 ], [ -1.062899303108665, 39.758075124608361 ], [ -1.062899303108665, 39.757194358673637 ], [ -1.062159087141157, 39.757194358673637 ], [ -1.062159087141157, 39.755873188652338 ], [ -1.061418871173648, 39.755873188652338 ], [ -1.061418871173648, 39.754992394558748 ], [ -1.06067865520614, 39.754992394558748 ], [ -1.06067865520614, 39.753671182299449 ], [ -1.059938439238632, 39.753671182299449 ], [ -1.059938439238632, 39.752349944697649 ], [ -1.059198223271123, 39.752349944697649 ], [ -1.059198223271123, 39.751469105550697 ], [ -1.058458007303615, 39.751469105550697 ], [ -1.058458007303615, 39.750147825711863 ], [ -1.057717791336107, 39.750147825711863 ], [ -1.057717791336107, 39.747064740869646 ], [ -1.056977575368598, 39.747064740869646 ], [ -1.056977575368598, 39.744421986906232 ], [ -1.057717791336107, 39.744421986906232 ], [ -1.057717791336107, 39.742660094617207 ], [ -1.058458007303615, 39.742660094617207 ], [ -1.058458007303615, 39.741338645836244 ], [ -1.059198223271123, 39.741338645836244 ], [ -1.059198223271123, 39.740898157278025 ], [ -1.059938439238632, 39.740898157278025 ], [ -1.059938439238632, 39.740457665904216 ], [ -1.06067865520614, 39.740457665904216 ], [ -1.06067865520614, 39.740017171714804 ], [ -1.062159087141157, 39.740017171714804 ], [ -1.062159087141157, 39.739576674709809 ], [ -1.063639519076173, 39.739576674709809 ], [ -1.063639519076173, 39.740017171714804 ], [ -1.066600382946207, 39.740017171714804 ], [ -1.066600382946207, 39.740457665904216 ], [ -1.068821030848732, 39.740457665904216 ], [ -1.068821030848732, 39.740898157278025 ], [ -1.06956124681624, 39.740898157278025 ], [ -1.06956124681624, 39.741779131578852 ], [ -1.070301462783748, 39.741779131578852 ], [ -1.070301462783748, 39.742660094617207 ], [ -1.071041678751257, 39.742660094617207 ], [ -1.071041678751257, 39.74354104639302 ], [ -1.071781894718765, 39.74354104639302 ], [ -1.071781894718765, 39.743981518057453 ], [ -1.072522110686273, 39.743981518057453 ], [ -1.072522110686273, 39.744862452939351 ], [ -1.073262326653782, 39.744862452939351 ], [ -1.073262326653782, 39.745743376558551 ], [ -1.07400254262129, 39.745743376558551 ], [ -1.07400254262129, 39.746183834144617 ], [ -1.076963406491323, 39.746183834144617 ], [ -1.076963406491323, 39.745743376558551 ], [ -1.077703622458832, 39.745743376558551 ], [ -1.077703622458832, 39.745302916156788 ], [ -1.07844383842634, 39.745302916156788 ], [ -1.07844383842634, 39.744862452939351 ], [ -1.079184054393848, 39.744862452939351 ], [ -1.079184054393848, 39.744421986906232 ], [ -1.079924270361357, 39.744421986906232 ], [ -1.079924270361357, 39.743981518057453 ], [ -1.080664486328865, 39.743981518057453 ], [ -1.080664486328865, 39.743100571912933 ], [ -1.08288513423139, 39.743100571912933 ], [ -1.08288513423139, 39.74354104639302 ], [ -1.083625350198899, 39.74354104639302 ], [ -1.083625350198899, 39.743981518057453 ], [ -1.084365566166407, 39.743981518057453 ], [ -1.084365566166407, 39.744421986906232 ], [ -1.085105782133915, 39.744421986906232 ], [ -1.085105782133915, 39.744862452939351 ], [ -1.085845998101423, 39.744862452939351 ], [ -1.085845998101423, 39.745302916156788 ], [ -1.086586214068932, 39.745302916156788 ], [ -1.086586214068932, 39.745743376558551 ], [ -1.08732643003644, 39.745743376558551 ], [ -1.08732643003644, 39.746183834144617 ], [ -1.088806861971457, 39.746183834144617 ], [ -1.088806861971457, 39.745743376558551 ], [ -1.089547077938965, 39.745743376558551 ], [ -1.089547077938965, 39.745302916156788 ], [ -1.091027509873982, 39.745302916156788 ], [ -1.091027509873982, 39.744862452939351 ], [ -1.092507941808998, 39.744862452939351 ], [ -1.092507941808998, 39.745302916156788 ], [ -1.094728589711524, 39.745302916156788 ], [ -1.094728589711524, 39.745743376558551 ], [ -1.096949237614048, 39.745743376558551 ], [ -1.096949237614048, 39.746183834144617 ], [ -1.099169885516573, 39.746183834144617 ], [ -1.099169885516573, 39.746624288914987 ], [ -1.101390533419099, 39.746624288914987 ], [ -1.101390533419099, 39.747064740869646 ], [ -1.103611181321623, 39.747064740869646 ], [ -1.103611181321623, 39.747505190008596 ], [ -1.104351397289132, 39.747505190008596 ], [ -1.104351397289132, 39.748386079839328 ], [ -1.10509161325664, 39.748386079839328 ], [ -1.10509161325664, 39.749266958407105 ], [ -1.105831829224148, 39.749266958407105 ], [ -1.105831829224148, 39.749707393467361 ], [ -1.106572045191657, 39.749707393467361 ], [ -1.106572045191657, 39.75323077258134 ], [ -1.107312261159165, 39.75323077258134 ], [ -1.107312261159165, 39.753671182299449 ], [ -1.108052477126673, 39.753671182299449 ], [ -1.108052477126673, 39.754111589201727 ], [ -1.108792693094182, 39.754111589201727 ], [ -1.108792693094182, 39.75455199328816 ], [ -1.10953290906169, 39.75455199328816 ], [ -1.10953290906169, 39.754992394558748 ], [ -1.110273125029198, 39.754992394558748 ], [ -1.110273125029198, 39.755432793013476 ], [ -1.111013340996707, 39.755432793013476 ], [ -1.111013340996707, 39.755873188652338 ], [ -1.111753556964215, 39.755873188652338 ], [ -1.111753556964215, 39.76159807571004 ], [ -1.112493772931723, 39.76159807571004 ], [ -1.112493772931723, 39.762919135909748 ], [ -1.113233988899232, 39.762919135909748 ], [ -1.113233988899232, 39.766441839204248 ], [ -1.112493772931723, 39.766441839204248 ], [ -1.112493772931723, 39.768643437241423 ], [ -1.111753556964215, 39.768643437241423 ], [ -1.111753556964215, 39.770844964875927 ], [ -1.111013340996707, 39.770844964875927 ], [ -1.111013340996707, 39.771725556216765 ], [ -1.110273125029198, 39.771725556216765 ], [ -1.110273125029198, 39.77216584766294 ], [ -1.108792693094182, 39.77216584766294 ], [ -1.108792693094182, 39.77260613629295 ], [ -1.106572045191657, 39.77260613629295 ], [ -1.106572045191657, 39.773046422106766 ], [ -1.105831829224148, 39.773046422106766 ], [ -1.105831829224148, 39.773486705104411 ], [ -1.10509161325664, 39.773486705104411 ], [ -1.10509161325664, 39.774367262651104 ], [ -1.104351397289132, 39.774367262651104 ], [ -1.104351397289132, 39.77480753720014 ], [ -1.103611181321623, 39.77480753720014 ], [ -1.103611181321623, 39.775688077849544 ], [ -1.098429669549065, 39.775688077849544 ], [ -1.098429669549065, 39.775247808932953 ], [ -1.097689453581557, 39.775247808932953 ], [ -1.097689453581557, 39.774367262651104 ], [ -1.096949237614048, 39.774367262651104 ], [ -1.096949237614048, 39.773486705104411 ] ], [ [ -1.07400254262129, 39.759836622686777 ], [ -1.07400254262129, 39.760276990166531 ], [ -1.074742758588798, 39.760276990166531 ], [ -1.074742758588798, 39.759836622686777 ], [ -1.07400254262129, 39.759836622686777 ] ], [ [ -1.07400254262129, 39.76115771667817 ], [ -1.07400254262129, 39.760717354830334 ], [ -1.073262326653782, 39.760717354830334 ], [ -1.073262326653782, 39.76115771667817 ], [ -1.07400254262129, 39.76115771667817 ] ], [ [ -1.073262326653782, 39.762038431925937 ], [ -1.073262326653782, 39.76159807571004 ], [ -1.072522110686273, 39.76159807571004 ], [ -1.072522110686273, 39.762038431925937 ], [ -1.073262326653782, 39.762038431925937 ] ] ], [ [ [ 1.236211491972221, 41.189486456332077 ], [ 1.236951707939729, 41.189486456332077 ], [ 1.236951707939729, 41.189055364078449 ], [ 1.237691923907238, 41.189055364078449 ], [ 1.237691923907238, 41.185606523866817 ], [ 1.242133219712288, 41.185606523866817 ], [ 1.242133219712288, 41.185175406067621 ], [ 1.242873435679796, 41.185175406067621 ], [ 1.242873435679796, 41.18474428543005 ], [ 1.243613651647304, 41.18474428543005 ], [ 1.243613651647304, 41.18388203563984 ], [ 1.244353867614813, 41.18388203563984 ], [ 1.244353867614813, 41.183019774496231 ], [ 1.245094083582321, 41.183019774496231 ], [ 1.245094083582321, 41.178277135266292 ], [ 1.244353867614813, 41.178277135266292 ], [ 1.244353867614813, 41.177845969215618 ], [ 1.243613651647304, 41.177845969215618 ], [ 1.243613651647304, 41.176983628599459 ], [ 1.242873435679796, 41.176983628599459 ], [ 1.242873435679796, 41.176552454033988 ], [ 1.242133219712288, 41.176552454033988 ], [ 1.242133219712288, 41.171378137866199 ], [ 1.24139300374478, 41.171378137866199 ], [ 1.24139300374478, 41.170946926403879 ], [ 1.240652787777271, 41.170946926403879 ], [ 1.240652787777271, 41.170084494964705 ], [ 1.239912571809763, 41.170084494964705 ], [ 1.239912571809763, 41.16922205217287 ], [ 1.239172355842254, 41.16922205217287 ], [ 1.239172355842254, 41.168790826519711 ], [ 1.233990844069696, 41.168790826519711 ], [ 1.233990844069696, 41.169653274987866 ], [ 1.233250628102188, 41.169653274987866 ], [ 1.233250628102188, 41.170515712103381 ], [ 1.232510412134679, 41.170515712103381 ], [ 1.232510412134679, 41.170946926403879 ], [ 1.231770196167171, 41.170946926403879 ], [ 1.231770196167171, 41.171809346490335 ], [ 1.231029980199663, 41.171809346490335 ], [ 1.231029980199663, 41.171378137866199 ], [ 1.229549548264646, 41.171378137866199 ], [ 1.229549548264646, 41.170946926403879 ], [ 1.22806911632963, 41.170946926403879 ], [ 1.22806911632963, 41.171809346490335 ], [ 1.227328900362121, 41.171809346490335 ], [ 1.227328900362121, 41.172240552276278 ], [ 1.226588684394613, 41.172240552276278 ], [ 1.226588684394613, 41.17267175522403 ], [ 1.225848468427105, 41.17267175522403 ], [ 1.225848468427105, 41.173102955333569 ], [ 1.225108252459596, 41.173102955333569 ], [ 1.225108252459596, 41.173965347038035 ], [ 1.224368036492088, 41.173965347038035 ], [ 1.224368036492088, 41.174396538632941 ], [ 1.223627820524579, 41.174396538632941 ], [ 1.223627820524579, 41.174827727389626 ], [ 1.222887604557071, 41.174827727389626 ], [ 1.222887604557071, 41.175258913308078 ], [ 1.222147388589563, 41.175258913308078 ], [ 1.222147388589563, 41.174827727389626 ], [ 1.220666956654546, 41.174827727389626 ], [ 1.220666956654546, 41.174396538632941 ], [ 1.21918652471953, 41.174396538632941 ], [ 1.21918652471953, 41.174827727389626 ], [ 1.218446308752021, 41.174827727389626 ], [ 1.218446308752021, 41.175258913308078 ], [ 1.217706092784513, 41.175258913308078 ], [ 1.217706092784513, 41.175690096388287 ], [ 1.216225660849496, 41.175690096388287 ], [ 1.216225660849496, 41.176121276630262 ], [ 1.215485444881988, 41.176121276630262 ], [ 1.215485444881988, 41.179570616388638 ], [ 1.214745228914479, 41.179570616388638 ], [ 1.214745228914479, 41.182588639666911 ], [ 1.215485444881988, 41.182588639666911 ], [ 1.215485444881988, 41.183019774496231 ], [ 1.216225660849496, 41.183019774496231 ], [ 1.216225660849496, 41.18388203563984 ], [ 1.216965876817005, 41.18388203563984 ], [ 1.216965876817005, 41.18474428543005 ], [ 1.217706092784513, 41.18474428543005 ], [ 1.217706092784513, 41.185175406067621 ], [ 1.221407172622054, 41.185175406067621 ], [ 1.221407172622054, 41.185606523866817 ], [ 1.224368036492088, 41.185606523866817 ], [ 1.224368036492088, 41.186037638827635 ], [ 1.225108252459596, 41.186037638827635 ], [ 1.225108252459596, 41.186899860234142 ], [ 1.225848468427105, 41.186899860234142 ], [ 1.225848468427105, 41.187762070287071 ], [ 1.226588684394613, 41.187762070287071 ], [ 1.226588684394613, 41.188624268986402 ], [ 1.227328900362121, 41.188624268986402 ], [ 1.227328900362121, 41.189486456332077 ], [ 1.22806911632963, 41.189486456332077 ], [ 1.22806911632963, 41.190348632324053 ], [ 1.228809332297138, 41.190348632324053 ], [ 1.228809332297138, 41.191210796962274 ], [ 1.229549548264646, 41.191210796962274 ], [ 1.229549548264646, 41.191641875023713 ], [ 1.234731060037205, 41.191641875023713 ], [ 1.234731060037205, 41.191210796962274 ], [ 1.235471276004713, 41.191210796962274 ], [ 1.235471276004713, 41.190348632324053 ], [ 1.236211491972221, 41.190348632324053 ], [ 1.236211491972221, 41.189486456332077 ] ] ], [ [ [ 2.002335018343347, 41.412840187750334 ], [ 2.002335018343347, 41.412410569391874 ], [ 2.003815450278363, 41.412410569391874 ], [ 2.003815450278363, 41.411551324151091 ], [ 2.004555666245873, 41.411551324151091 ], [ 2.004555666245873, 41.410692067545178 ], [ 2.005295882213381, 41.410692067545178 ], [ 2.005295882213381, 41.410262434980304 ], [ 2.006036098180889, 41.410262434980304 ], [ 2.006036098180889, 41.405106622584476 ], [ 2.005295882213381, 41.405106622584476 ], [ 2.005295882213381, 41.402958246667872 ], [ 2.004555666245873, 41.402958246667872 ], [ 2.004555666245873, 41.402528562961002 ], [ 2.003815450278363, 41.402528562961002 ], [ 2.003815450278363, 41.402098876412957 ], [ 2.003075234310855, 41.402098876412957 ], [ 2.003075234310855, 41.401239494793387 ], [ 2.002335018343347, 41.401239494793387 ], [ 2.002335018343347, 41.400809799721856 ], [ 2.001594802375839, 41.400809799721856 ], [ 2.001594802375839, 41.399950401055364 ], [ 2.000854586408331, 41.399950401055364 ], [ 2.000854586408331, 41.399520697460403 ], [ 2.000114370440822, 41.399520697460403 ], [ 2.000114370440822, 41.399090991024323 ], [ 1.994932858668264, 41.399090991024323 ], [ 1.994932858668264, 41.399950401055364 ], [ 1.994192642700756, 41.399950401055364 ], [ 1.994192642700756, 41.400809799721856 ], [ 1.993452426733247, 41.400809799721856 ], [ 1.993452426733247, 41.401669187023749 ], [ 1.992712210765739, 41.401669187023749 ], [ 1.992712210765739, 41.402958246667872 ], [ 1.99197199479823, 41.402958246667872 ], [ 1.99197199479823, 41.403817605558082 ], [ 1.991231778830722, 41.403817605558082 ], [ 1.991231778830722, 41.405965953062726 ], [ 1.990491562863214, 41.405965953062726 ], [ 1.990491562863214, 41.408114229537027 ], [ 1.989751346895706, 41.408114229537027 ], [ 1.989751346895706, 41.408973520238099 ], [ 1.990491562863214, 41.408973520238099 ], [ 1.990491562863214, 41.409832799574154 ], [ 1.991231778830722, 41.409832799574154 ], [ 1.991231778830722, 41.411121697268769 ], [ 1.99197199479823, 41.411121697268769 ], [ 1.99197199479823, 41.411980948192124 ], [ 1.992712210765739, 41.411980948192124 ], [ 1.992712210765739, 41.413269803267482 ], [ 1.993452426733247, 41.413269803267482 ], [ 1.993452426733247, 41.413699415943334 ], [ 1.994932858668264, 41.413699415943334 ], [ 1.994932858668264, 41.413269803267482 ], [ 1.998633938505805, 41.413269803267482 ], [ 1.998633938505805, 41.412840187750334 ], [ 2.002335018343347, 41.412840187750334 ] ] ], [ [ [ -1.484082188620908, 41.478967500787547 ], [ -1.483341972653399, 41.478967500787547 ], [ -1.483341972653399, 41.478538320052081 ], [ -1.48260175668589, 41.478538320052081 ], [ -1.48260175668589, 41.477679950054807 ], [ -1.481861540718382, 41.477679950054807 ], [ -1.481861540718382, 41.477250760793012 ], [ -1.481121324750874, 41.477250760793012 ], [ -1.481121324750874, 41.476392373743145 ], [ -1.480381108783366, 41.476392373743145 ], [ -1.480381108783366, 41.471671041760793 ], [ -1.481121324750874, 41.471671041760793 ], [ -1.481121324750874, 41.47081258081743 ], [ -1.481861540718382, 41.47081258081743 ], [ -1.481861540718382, 41.469954108505995 ], [ -1.48260175668589, 41.469954108505995 ], [ -1.48260175668589, 41.469095624826537 ], [ -1.483341972653399, 41.469095624826537 ], [ -1.483341972653399, 41.468666378723803 ], [ -1.491484348295991, 41.468666378723803 ], [ -1.491484348295991, 41.469095624826537 ], [ -1.492224564263499, 41.469095624826537 ], [ -1.492224564263499, 41.469954108505995 ], [ -1.492964780231007, 41.469954108505995 ], [ -1.492964780231007, 41.47038334608272 ], [ -1.493704996198516, 41.47038334608272 ], [ -1.493704996198516, 41.471241812710133 ], [ -1.494445212166024, 41.471241812710133 ], [ -1.494445212166024, 41.476821568689118 ], [ -1.493704996198516, 41.476821568689118 ], [ -1.493704996198516, 41.477679950054807 ], [ -1.492964780231007, 41.477679950054807 ], [ -1.492964780231007, 41.478538320052081 ], [ -1.492224564263499, 41.478538320052081 ], [ -1.492224564263499, 41.47982585373213 ], [ -1.491484348295991, 41.47982585373213 ], [ -1.491484348295991, 41.4806841953082 ], [ -1.490744132328482, 41.4806841953082 ], [ -1.490744132328482, 41.481113361833017 ], [ -1.485562620555924, 41.481113361833017 ], [ -1.485562620555924, 41.4806841953082 ], [ -1.484822404588416, 41.4806841953082 ], [ -1.484822404588416, 41.47982585373213 ], [ -1.484082188620908, 41.47982585373213 ], [ -1.484082188620908, 41.478967500787547 ] ] ], [ [ [ 0.185104818110386, 41.932726025795461 ], [ 0.185845034077895, 41.932726025795461 ], [ 0.185845034077895, 41.932299863371739 ], [ 0.186585250045403, 41.932299863371739 ], [ 0.186585250045403, 41.931021359016711 ], [ 0.187325466012912, 41.931021359016711 ], [ 0.187325466012912, 41.929742829035931 ], [ 0.18806568198042, 41.929742829035931 ], [ 0.18806568198042, 41.928464273429555 ], [ 0.188805897947928, 41.928464273429555 ], [ 0.188805897947928, 41.92761188878891 ], [ 0.189546113915437, 41.92761188878891 ], [ 0.189546113915437, 41.926333290473444 ], [ 0.190286329882945, 41.926333290473444 ], [ 0.190286329882945, 41.925480877360194 ], [ 0.189546113915437, 41.925480877360194 ], [ 0.189546113915437, 41.924202236335979 ], [ 0.188805897947928, 41.924202236335979 ], [ 0.188805897947928, 41.922923569686702 ], [ 0.18806568198042, 41.922923569686702 ], [ 0.18806568198042, 41.921644877412461 ], [ 0.187325466012912, 41.921644877412461 ], [ 0.187325466012912, 41.920366159513392 ], [ 0.186585250045403, 41.920366159513392 ], [ 0.186585250045403, 41.919087415989608 ], [ 0.185845034077895, 41.919087415989608 ], [ 0.185845034077895, 41.918661162453994 ], [ 0.185104818110386, 41.918661162453994 ], [ 0.185104818110386, 41.918234906071213 ], [ 0.184364602142878, 41.918234906071213 ], [ 0.184364602142878, 41.917808646841237 ], [ 0.182884170207862, 41.917808646841237 ], [ 0.182884170207862, 41.917382384764132 ], [ 0.182143954240353, 41.917382384764132 ], [ 0.182143954240353, 41.916956119839853 ], [ 0.181403738272845, 41.916956119839853 ], [ 0.181403738272845, 41.916529852068429 ], [ 0.179923306337828, 41.916529852068429 ], [ 0.179923306337828, 41.916956119839853 ], [ 0.17918309037032, 41.916956119839853 ], [ 0.17918309037032, 41.917382384764132 ], [ 0.177702658435303, 41.917382384764132 ], [ 0.177702658435303, 41.917808646841237 ], [ 0.176962442467795, 41.917808646841237 ], [ 0.176962442467795, 41.918234906071213 ], [ 0.175482010532778, 41.918234906071213 ], [ 0.175482010532778, 41.918661162453994 ], [ 0.17474179456527, 41.918661162453994 ], [ 0.17474179456527, 41.919087415989608 ], [ 0.174001578597761, 41.919087415989608 ], [ 0.174001578597761, 41.920366159513392 ], [ 0.173261362630253, 41.920366159513392 ], [ 0.173261362630253, 41.921644877412461 ], [ 0.172521146662745, 41.921644877412461 ], [ 0.172521146662745, 41.922497341775838 ], [ 0.171780930695237, 41.922497341775838 ], [ 0.171780930695237, 41.925907085340441 ], [ 0.172521146662745, 41.925907085340441 ], [ 0.172521146662745, 41.928464273429555 ], [ 0.173261362630253, 41.928464273429555 ], [ 0.173261362630253, 41.931021359016711 ], [ 0.174001578597761, 41.931021359016711 ], [ 0.174001578597761, 41.931873698100702 ], [ 0.17474179456527, 41.931873698100702 ], [ 0.17474179456527, 41.932299863371739 ], [ 0.176222226500287, 41.932299863371739 ], [ 0.176222226500287, 41.932726025795461 ], [ 0.177702658435303, 41.932726025795461 ], [ 0.177702658435303, 41.933152185371853 ], [ 0.17918309037032, 41.933152185371853 ], [ 0.17918309037032, 41.933578342100922 ], [ 0.180663522305336, 41.933578342100922 ], [ 0.180663522305336, 41.934004495982656 ], [ 0.182884170207862, 41.934004495982656 ], [ 0.182884170207862, 41.933578342100922 ], [ 0.18362438617537, 41.933578342100922 ], [ 0.18362438617537, 41.933152185371853 ], [ 0.185104818110386, 41.933152185371853 ], [ 0.185104818110386, 41.932726025795461 ] ] ], [ [ [ 1.93423514933258, 42.65055390773297 ], [ 1.93423514933258, 42.650132574670351 ], [ 1.934975365300089, 42.650132574670351 ], [ 1.934975365300089, 42.649711238753653 ], [ 1.935715581267597, 42.649711238753653 ], [ 1.935715581267597, 42.649289899982847 ], [ 1.937196013202613, 42.649289899982847 ], [ 1.937196013202613, 42.648868558357975 ], [ 1.937936229170122, 42.648868558357975 ], [ 1.937936229170122, 42.64844721387901 ], [ 1.93867644513763, 42.64844721387901 ], [ 1.93867644513763, 42.648025866545971 ], [ 1.939416661105139, 42.648025866545971 ], [ 1.939416661105139, 42.647604516358861 ], [ 1.940156877072647, 42.647604516358861 ], [ 1.940156877072647, 42.646761807422415 ], [ 1.940897093040155, 42.646761807422415 ], [ 1.940897093040155, 42.64465498513524 ], [ 1.941637309007664, 42.64465498513524 ], [ 1.941637309007664, 42.642969475932624 ], [ 1.940897093040155, 42.642969475932624 ], [ 1.940897093040155, 42.641283921065487 ], [ 1.940156877072647, 42.641283921065487 ], [ 1.940156877072647, 42.638755503144239 ], [ 1.940897093040155, 42.638755503144239 ], [ 1.940897093040155, 42.63706983411673 ], [ 1.941637309007664, 42.63706983411673 ], [ 1.941637309007664, 42.63538411942546 ], [ 1.940897093040155, 42.63538411942546 ], [ 1.940897093040155, 42.63369835907065 ], [ 1.940156877072647, 42.63369835907065 ], [ 1.940156877072647, 42.632434008837983 ], [ 1.93867644513763, 42.632434008837983 ], [ 1.93867644513763, 42.632012553052519 ], [ 1.936455797235106, 42.632012553052519 ], [ 1.936455797235106, 42.631591094413118 ], [ 1.934975365300089, 42.631591094413118 ], [ 1.934975365300089, 42.631169632919786 ], [ 1.933494933365072, 42.631169632919786 ], [ 1.933494933365072, 42.631591094413118 ], [ 1.932754717397564, 42.631591094413118 ], [ 1.932754717397564, 42.632434008837983 ], [ 1.932014501430055, 42.632434008837983 ], [ 1.932014501430055, 42.633276911847048 ], [ 1.931274285462547, 42.633276911847048 ], [ 1.931274285462547, 42.634119803440299 ], [ 1.930534069495039, 42.634119803440299 ], [ 1.930534069495039, 42.634962683617694 ], [ 1.92979385352753, 42.634962683617694 ], [ 1.92979385352753, 42.63538411942546 ], [ 1.929053637560022, 42.63538411942546 ], [ 1.929053637560022, 42.63369835907065 ], [ 1.928313421592514, 42.63369835907065 ], [ 1.928313421592514, 42.633276911847048 ], [ 1.927573205625005, 42.633276911847048 ], [ 1.927573205625005, 42.632855461769488 ], [ 1.926092773689988, 42.632855461769488 ], [ 1.926092773689988, 42.632434008837983 ], [ 1.925352557722481, 42.632434008837983 ], [ 1.925352557722481, 42.632012553052519 ], [ 1.923131909819956, 42.632012553052519 ], [ 1.923131909819956, 42.632434008837983 ], [ 1.922391693852447, 42.632434008837983 ], [ 1.922391693852447, 42.632855461769488 ], [ 1.921651477884939, 42.632855461769488 ], [ 1.921651477884939, 42.633276911847048 ], [ 1.920171045949922, 42.633276911847048 ], [ 1.920171045949922, 42.635805552379239 ], [ 1.919430829982414, 42.635805552379239 ], [ 1.919430829982414, 42.639598320534027 ], [ 1.918690614014905, 42.639598320534027 ], [ 1.918690614014905, 42.640019724947905 ], [ 1.917950398047397, 42.640019724947905 ], [ 1.917950398047397, 42.640862525213642 ], [ 1.917210182079889, 42.640862525213642 ], [ 1.917210182079889, 42.641705314063309 ], [ 1.91646996611238, 42.641705314063309 ], [ 1.91646996611238, 42.642548091496884 ], [ 1.915729750144872, 42.642548091496884 ], [ 1.915729750144872, 42.646761807422415 ], [ 1.91646996611238, 42.646761807422415 ], [ 1.91646996611238, 42.648025866545971 ], [ 1.917210182079889, 42.648025866545971 ], [ 1.917210182079889, 42.649289899982847 ], [ 1.917950398047397, 42.649289899982847 ], [ 1.917950398047397, 42.650132574670351 ], [ 1.919430829982414, 42.650132574670351 ], [ 1.919430829982414, 42.65055390773297 ], [ 1.920171045949922, 42.65055390773297 ], [ 1.920171045949922, 42.650975237941488 ], [ 1.92091126191743, 42.650975237941488 ], [ 1.92091126191743, 42.651396565295904 ], [ 1.932014501430055, 42.651396565295904 ], [ 1.932014501430055, 42.650975237941488 ], [ 1.933494933365072, 42.650975237941488 ], [ 1.933494933365072, 42.65055390773297 ], [ 1.93423514933258, 42.65055390773297 ] ] ], [ [ [ 1.769166988578222, 42.704881939990912 ], [ 1.769166988578222, 42.7044609751349 ], [ 1.771387636480747, 42.7044609751349 ], [ 1.771387636480747, 42.704040007424354 ], [ 1.773608284383272, 42.704040007424354 ], [ 1.773608284383272, 42.70361903685928 ], [ 1.775828932285797, 42.70361903685928 ], [ 1.775828932285797, 42.703198063439686 ], [ 1.777309364220814, 42.703198063439686 ], [ 1.777309364220814, 42.702777087165551 ], [ 1.778049580188322, 42.702777087165551 ], [ 1.778049580188322, 42.701935126053762 ], [ 1.77878979615583, 42.701935126053762 ], [ 1.77878979615583, 42.701093153523928 ], [ 1.779530012123338, 42.701093153523928 ], [ 1.779530012123338, 42.700251169576056 ], [ 1.780270228090847, 42.700251169576056 ], [ 1.780270228090847, 42.698988172245535 ], [ 1.781010444058355, 42.698988172245535 ], [ 1.781010444058355, 42.698146159752746 ], [ 1.781750660025863, 42.698146159752746 ], [ 1.781750660025863, 42.692672800238846 ], [ 1.781010444058355, 42.692672800238846 ], [ 1.781010444058355, 42.691830702112277 ], [ 1.780270228090847, 42.691830702112277 ], [ 1.780270228090847, 42.691409648767333 ], [ 1.779530012123338, 42.691409648767333 ], [ 1.779530012123338, 42.690567533514184 ], [ 1.775088716318289, 42.690567533514184 ], [ 1.775088716318289, 42.690988592567969 ], [ 1.770647420513238, 42.690988592567969 ], [ 1.770647420513238, 42.691409648767333 ], [ 1.766946340675697, 42.691409648767333 ], [ 1.766946340675697, 42.690988592567969 ], [ 1.763985476805663, 42.690988592567969 ], [ 1.763985476805663, 42.690567533514184 ], [ 1.761764828903139, 42.690567533514184 ], [ 1.761764828903139, 42.690146471605971 ], [ 1.760284396968121, 42.690146471605971 ], [ 1.760284396968121, 42.690567533514184 ], [ 1.759544181000614, 42.690567533514184 ], [ 1.759544181000614, 42.691409648767333 ], [ 1.758803965033105, 42.691409648767333 ], [ 1.758803965033105, 42.692251752602779 ], [ 1.758063749065597, 42.692251752602779 ], [ 1.758063749065597, 42.692672800238846 ], [ 1.757323533098088, 42.692672800238846 ], [ 1.757323533098088, 42.697725149224624 ], [ 1.758063749065597, 42.697725149224624 ], [ 1.758063749065597, 42.698567167426383 ], [ 1.758803965033105, 42.698567167426383 ], [ 1.758803965033105, 42.69940917421021 ], [ 1.759544181000614, 42.69940917421021 ], [ 1.759544181000614, 42.700251169576056 ], [ 1.760284396968121, 42.700251169576056 ], [ 1.760284396968121, 42.701514141216094 ], [ 1.76102461293563, 42.701514141216094 ], [ 1.76102461293563, 42.702356108036916 ], [ 1.761764828903139, 42.702356108036916 ], [ 1.761764828903139, 42.703198063439686 ], [ 1.762505044870647, 42.703198063439686 ], [ 1.762505044870647, 42.704040007424354 ], [ 1.763245260838155, 42.704040007424354 ], [ 1.763245260838155, 42.704881939990912 ], [ 1.763985476805663, 42.704881939990912 ], [ 1.763985476805663, 42.705723861139319 ], [ 1.76546590874068, 42.705723861139319 ], [ 1.76546590874068, 42.70530290199239 ], [ 1.767686556643205, 42.70530290199239 ], [ 1.767686556643205, 42.704881939990912 ], [ 1.769166988578222, 42.704881939990912 ] ] ], [ [ [ -2.216895996454158, 43.045762894770256 ], [ -2.216895996454158, 43.045344248849148 ], [ -2.21615578048665, 43.045344248849148 ], [ -2.21615578048665, 43.044925600070989 ], [ -2.215415564519142, 43.044925600070989 ], [ -2.215415564519142, 43.044506948435782 ], [ -2.214675348551634, 43.044506948435782 ], [ -2.214675348551634, 43.043669636594203 ], [ -2.213935132584125, 43.043669636594203 ], [ -2.213935132584125, 43.04241364740399 ], [ -2.213194916616617, 43.04241364740399 ], [ -2.213194916616617, 43.038226831062964 ], [ -2.212454700649109, 43.038226831062964 ], [ -2.212454700649109, 43.033202274328815 ], [ -2.213194916616617, 43.033202274328815 ], [ -2.213194916616617, 43.031527330660673 ], [ -2.213935132584125, 43.031527330660673 ], [ -2.213935132584125, 43.031108587601217 ], [ -2.214675348551634, 43.031108587601217 ], [ -2.214675348551634, 43.030689841684811 ], [ -2.215415564519142, 43.030689841684811 ], [ -2.215415564519142, 43.030271092911441 ], [ -2.21615578048665, 43.030271092911441 ], [ -2.21615578048665, 43.029852341281128 ], [ -2.217636212421667, 43.029852341281128 ], [ -2.217636212421667, 43.029433586793843 ], [ -2.218376428389175, 43.029433586793843 ], [ -2.218376428389175, 43.029014829449622 ], [ -2.219856860324191, 43.029014829449622 ], [ -2.219856860324191, 43.028596069248458 ], [ -2.221337292259209, 43.028596069248458 ], [ -2.221337292259209, 43.029014829449622 ], [ -2.222077508226717, 43.029014829449622 ], [ -2.222077508226717, 43.029433586793843 ], [ -2.222817724194225, 43.029433586793843 ], [ -2.222817724194225, 43.029852341281128 ], [ -2.224298156129242, 43.029852341281128 ], [ -2.224298156129242, 43.030271092911441 ], [ -2.22503837209675, 43.030271092911441 ], [ -2.22503837209675, 43.031108587601217 ], [ -2.225778588064259, 43.031108587601217 ], [ -2.225778588064259, 43.032364808208683 ], [ -2.226518804031767, 43.032364808208683 ], [ -2.226518804031767, 43.034039729021053 ], [ -2.227259019999275, 43.034039729021053 ], [ -2.227259019999275, 43.035714604121743 ], [ -2.227999235966783, 43.035714604121743 ], [ -2.227999235966783, 43.036970730448857 ], [ -2.227259019999275, 43.036970730448857 ], [ -2.227259019999275, 43.038645525553655 ], [ -2.226518804031767, 43.038645525553655 ], [ -2.226518804031767, 43.040738955151873 ], [ -2.225778588064259, 43.040738955151873 ], [ -2.225778588064259, 43.042832313324439 ], [ -2.22503837209675, 43.042832313324439 ], [ -2.22503837209675, 43.043669636594203 ], [ -2.224298156129242, 43.043669636594203 ], [ -2.224298156129242, 43.04408829394351 ], [ -2.223557940161733, 43.04408829394351 ], [ -2.223557940161733, 43.044506948435782 ], [ -2.222817724194225, 43.044506948435782 ], [ -2.222817724194225, 43.044925600070989 ], [ -2.222077508226717, 43.044925600070989 ], [ -2.222077508226717, 43.045344248849148 ], [ -2.221337292259209, 43.045344248849148 ], [ -2.221337292259209, 43.045762894770256 ], [ -2.2205970762917, 43.045762894770256 ], [ -2.2205970762917, 43.0461815378343 ], [ -2.219856860324191, 43.0461815378343 ], [ -2.219856860324191, 43.046600178041274 ], [ -2.218376428389175, 43.046600178041274 ], [ -2.218376428389175, 43.0461815378343 ], [ -2.217636212421667, 43.0461815378343 ], [ -2.217636212421667, 43.045762894770256 ], [ -2.216895996454158, 43.045762894770256 ] ] ] ] } }
]
}
