{
"type": "FeatureCollection",
"name": "spain_fires_nrt_ba",
"crs": { "type": "name", "properties": { "name": "urn:ogc:def:crs:OGC:1.3:CRS84" } },
"features": [
{ "type": "Feature", "properties": { }, "geometry": { "type": "MultiPolygon", "coordinates": [ [ [ [ -9.007637282375619, 38.929204220361015 ], [ -9.007637282375619, 38.928758585041741 ], [ -9.006897066408111, 38.928758585041741 ], [ -9.006897066408111, 38.928312946922837 ], [ -9.006156850440602, 38.928312946922837 ], [ -9.006156850440602, 38.927421662286093 ], [ -9.005416634473093, 38.927421662286093 ], [ -9.005416634473093, 38.926976015768297 ], [ -9.004676418505586, 38.926976015768297 ], [ -9.004676418505586, 38.926530366450876 ], [ -9.003936202538076, 38.926530366450876 ], [ -9.003936202538076, 38.92608471433384 ], [ -9.003195986570567, 38.92608471433384 ], [ -9.003195986570567, 38.917171084090562 ], [ -9.003936202538076, 38.917171084090562 ], [ -9.003936202538076, 38.916279659478015 ], [ -9.004676418505586, 38.916279659478015 ], [ -9.004676418505586, 38.915388223667904 ], [ -9.005416634473093, 38.915388223667904 ], [ -9.005416634473093, 38.914496776660307 ], [ -9.006156850440602, 38.914496776660307 ], [ -9.006156850440602, 38.914051048957482 ], [ -9.014299226083194, 38.914051048957482 ], [ -9.014299226083194, 38.914496776660307 ], [ -9.017260089953226, 38.914496776660307 ], [ -9.017260089953226, 38.914942501563786 ], [ -9.018000305920735, 38.914942501563786 ], [ -9.018000305920735, 38.915833942972647 ], [ -9.018740521888244, 38.915833942972647 ], [ -9.018740521888244, 38.916725373183986 ], [ -9.019480737855751, 38.916725373183986 ], [ -9.019480737855751, 38.917616792197727 ], [ -9.020220953823259, 38.917616792197727 ], [ -9.020220953823259, 38.923410742840474 ], [ -9.019480737855751, 38.923410742840474 ], [ -9.019480737855751, 38.924302077869861 ], [ -9.018740521888244, 38.924302077869861 ], [ -9.018740521888244, 38.925193401701009 ], [ -9.018000305920735, 38.925193401701009 ], [ -9.018000305920735, 38.926530366450876 ], [ -9.017260089953226, 38.926530366450876 ], [ -9.017260089953226, 38.927421662286093 ], [ -9.016519873985718, 38.927421662286093 ], [ -9.016519873985718, 38.928312946922837 ], [ -9.015779658018211, 38.928312946922837 ], [ -9.015779658018211, 38.929649852880601 ], [ -9.015039442050702, 38.929649852880601 ], [ -9.015039442050702, 38.93054110952076 ], [ -9.009117714310635, 38.93054110952076 ], [ -9.009117714310635, 38.929649852880601 ], [ -9.008377498343128, 38.929649852880601 ], [ -9.008377498343128, 38.929204220361015 ], [ -9.007637282375619, 38.929204220361015 ] ] ], [ [ [ -8.347364639358185, 40.817699310454572 ], [ -8.347364639358185, 40.810762472691792 ], [ -8.348104855325694, 40.810762472691792 ], [ -8.348104855325694, 40.806860182718452 ], [ -8.348845071293201, 40.806860182718452 ], [ -8.348845071293201, 40.805992976004561 ], [ -8.349585287260711, 40.805992976004561 ], [ -8.349585287260711, 40.805559368397979 ], [ -8.350325503228218, 40.805559368397979 ], [ -8.350325503228218, 40.804692144685589 ], [ -8.351065719195725, 40.804692144685589 ], [ -8.351065719195725, 40.804258528579787 ], [ -8.355507015000775, 40.804258528579787 ], [ -8.355507015000775, 40.803824909640923 ], [ -8.35846787887081, 40.803824909640923 ], [ -8.35846787887081, 40.804258528579787 ], [ -8.359208094838319, 40.804258528579787 ], [ -8.359208094838319, 40.804692144685589 ], [ -8.359948310805827, 40.804692144685589 ], [ -8.359948310805827, 40.805125757958315 ], [ -8.360688526773336, 40.805125757958315 ], [ -8.360688526773336, 40.805559368397979 ], [ -8.361428742740843, 40.805559368397979 ], [ -8.361428742740843, 40.805992976004561 ], [ -8.362168958708351, 40.805992976004561 ], [ -8.362168958708351, 40.806426580778052 ], [ -8.36290917467586, 40.806426580778052 ], [ -8.36290917467586, 40.806860182718452 ], [ -8.363649390643369, 40.806860182718452 ], [ -8.363649390643369, 40.807727378099948 ], [ -8.364389606610876, 40.807727378099948 ], [ -8.364389606610876, 40.808160971541028 ], [ -8.365129822578384, 40.808160971541028 ], [ -8.365129822578384, 40.808594562148983 ], [ -8.365870038545893, 40.808594562148983 ], [ -8.365870038545893, 40.809028149923819 ], [ -8.366610254513402, 40.809028149923819 ], [ -8.366610254513402, 40.809461734865529 ], [ -8.367350470480909, 40.809461734865529 ], [ -8.367350470480909, 40.818132838732318 ], [ -8.366610254513402, 40.818132838732318 ], [ -8.366610254513402, 40.818999886788021 ], [ -8.365870038545893, 40.818999886788021 ], [ -8.365870038545893, 40.819866923510617 ], [ -8.365129822578384, 40.819866923510617 ], [ -8.365129822578384, 40.82073394890007 ], [ -8.36290917467586, 40.82073394890007 ], [ -8.36290917467586, 40.821167457344842 ], [ -8.350325503228218, 40.821167457344842 ], [ -8.350325503228218, 40.820300437621995 ], [ -8.349585287260711, 40.820300437621995 ], [ -8.349585287260711, 40.819433406565963 ], [ -8.348845071293201, 40.819433406565963 ], [ -8.348845071293201, 40.81856636417681 ], [ -8.348104855325694, 40.81856636417681 ], [ -8.348104855325694, 40.817699310454572 ], [ -8.347364639358185, 40.817699310454572 ] ] ], [ [ [ -8.177855182798776, 40.905214495985504 ], [ -8.17563453489625, 40.905214495985504 ], [ -8.17563453489625, 40.904781537319572 ], [ -8.174154102961234, 40.904781537319572 ], [ -8.174154102961234, 40.904348575819128 ], [ -8.172673671026217, 40.904348575819128 ], [ -8.172673671026217, 40.902183725799475 ], [ -8.17193345505871, 40.902183725799475 ], [ -8.17193345505871, 40.898286817192762 ], [ -8.171193239091201, 40.898286817192762 ], [ -8.171193239091201, 40.894822705690665 ], [ -8.170453023123693, 40.894822705690665 ], [ -8.170453023123693, 40.893090581914564 ], [ -8.169712807156186, 40.893090581914564 ], [ -8.169712807156186, 40.89265754388466 ], [ -8.168972591188677, 40.89265754388466 ], [ -8.168972591188677, 40.892224503020422 ], [ -8.16749215925366, 40.892224503020422 ], [ -8.16749215925366, 40.891791459321851 ], [ -8.166751943286151, 40.891791459321851 ], [ -8.166751943286151, 40.891358412788954 ], [ -8.166011727318642, 40.891358412788954 ], [ -8.166011727318642, 40.890925363421736 ], [ -8.165271511351134, 40.890925363421736 ], [ -8.165271511351134, 40.890492311220214 ], [ -8.164531295383625, 40.890492311220214 ], [ -8.164531295383625, 40.889193137609809 ], [ -8.163791079416116, 40.889193137609809 ], [ -8.163791079416116, 40.887460866449253 ], [ -8.163050863448609, 40.887460866449253 ], [ -8.163050863448609, 40.886161633319063 ], [ -8.163791079416116, 40.886161633319063 ], [ -8.163791079416116, 40.883996188083906 ], [ -8.163050863448609, 40.883996188083906 ], [ -8.163050863448609, 40.883563090534203 ], [ -8.162310647481101, 40.883563090534203 ], [ -8.162310647481101, 40.883129990150302 ], [ -8.161570431513592, 40.883129990150302 ], [ -8.161570431513592, 40.882263780879889 ], [ -8.160830215546083, 40.882263780879889 ], [ -8.160830215546083, 40.881830671993399 ], [ -8.160089999578576, 40.881830671993399 ], [ -8.160089999578576, 40.881397560272717 ], [ -8.159349783611068, 40.881397560272717 ], [ -8.159349783611068, 40.880964445717872 ], [ -8.158609567643559, 40.880964445717872 ], [ -8.158609567643559, 40.878798830431172 ], [ -8.157869351676052, 40.878798830431172 ], [ -8.157869351676052, 40.875333698597522 ], [ -8.158609567643559, 40.875333698597522 ], [ -8.158609567643559, 40.873601064662338 ], [ -8.159349783611068, 40.873601064662338 ], [ -8.159349783611068, 40.87316789909336 ], [ -8.160089999578576, 40.87316789909336 ], [ -8.160089999578576, 40.872734730690325 ], [ -8.160830215546083, 40.872734730690325 ], [ -8.160830215546083, 40.871435208476939 ], [ -8.160089999578576, 40.871435208476939 ], [ -8.160089999578576, 40.871002028737735 ], [ -8.159349783611068, 40.871002028737735 ], [ -8.159349783611068, 40.870568846164495 ], [ -8.158609567643559, 40.870568846164495 ], [ -8.158609567643559, 40.869702472515968 ], [ -8.157869351676052, 40.869702472515968 ], [ -8.157869351676052, 40.864503992569773 ], [ -8.158609567643559, 40.864503992569773 ], [ -8.158609567643559, 40.864070767486872 ], [ -8.159349783611068, 40.864070767486872 ], [ -8.159349783611068, 40.863637539570036 ], [ -8.160089999578576, 40.863637539570036 ], [ -8.160089999578576, 40.863204308819277 ], [ -8.160830215546083, 40.863204308819277 ], [ -8.160830215546083, 40.862771075234612 ], [ -8.161570431513592, 40.862771075234612 ], [ -8.161570431513592, 40.862337838816032 ], [ -8.162310647481101, 40.862337838816032 ], [ -8.162310647481101, 40.861904599563545 ], [ -8.163050863448609, 40.861904599563545 ], [ -8.163050863448609, 40.861038112556898 ], [ -8.163791079416116, 40.861038112556898 ], [ -8.163791079416116, 40.860604864802738 ], [ -8.164531295383625, 40.860604864802738 ], [ -8.164531295383625, 40.8601716142147 ], [ -8.165271511351134, 40.8601716142147 ], [ -8.165271511351134, 40.859738360792797 ], [ -8.168972591188677, 40.859738360792797 ], [ -8.168972591188677, 40.8601716142147 ], [ -8.171193239091201, 40.8601716142147 ], [ -8.171193239091201, 40.860604864802738 ], [ -8.17193345505871, 40.860604864802738 ], [ -8.17193345505871, 40.8601716142147 ], [ -8.174154102961234, 40.8601716142147 ], [ -8.174154102961234, 40.859738360792797 ], [ -8.17637475086376, 40.859738360792797 ], [ -8.17637475086376, 40.859305104537022 ], [ -8.178595398766284, 40.859305104537022 ], [ -8.178595398766284, 40.859738360792797 ], [ -8.180075830701302, 40.859738360792797 ], [ -8.180075830701302, 40.8601716142147 ], [ -8.181556262636317, 40.8601716142147 ], [ -8.181556262636317, 40.860604864802738 ], [ -8.182296478603824, 40.860604864802738 ], [ -8.182296478603824, 40.861038112556898 ], [ -8.183036694571333, 40.861038112556898 ], [ -8.183036694571333, 40.861471357477164 ], [ -8.183776910538842, 40.861471357477164 ], [ -8.183776910538842, 40.862337838816032 ], [ -8.184517126506352, 40.862337838816032 ], [ -8.184517126506352, 40.862771075234612 ], [ -8.185257342473859, 40.862771075234612 ], [ -8.185257342473859, 40.863637539570036 ], [ -8.185997558441368, 40.863637539570036 ], [ -8.185997558441368, 40.864070767486872 ], [ -8.186737774408877, 40.864070767486872 ], [ -8.186737774408877, 40.864937214818745 ], [ -8.187477990376385, 40.864937214818745 ], [ -8.187477990376385, 40.865370434233768 ], [ -8.188218206343894, 40.865370434233768 ], [ -8.188218206343894, 40.865803650814854 ], [ -8.188958422311401, 40.865803650814854 ], [ -8.188958422311401, 40.864937214818745 ], [ -8.189698638278909, 40.864937214818745 ], [ -8.189698638278909, 40.863637539570036 ], [ -8.190438854246418, 40.863637539570036 ], [ -8.190438854246418, 40.862337838816032 ], [ -8.191179070213927, 40.862337838816032 ], [ -8.191179070213927, 40.861471357477164 ], [ -8.191919286181435, 40.861471357477164 ], [ -8.191919286181435, 40.861038112556898 ], [ -8.193399718116451, 40.861038112556898 ], [ -8.193399718116451, 40.861471357477164 ], [ -8.194880150051468, 40.861471357477164 ], [ -8.194880150051468, 40.861904599563545 ], [ -8.197100797953992, 40.861904599563545 ], [ -8.197100797953992, 40.862337838816032 ], [ -8.197841013921501, 40.862337838816032 ], [ -8.197841013921501, 40.861904599563545 ], [ -8.19858122988901, 40.861904599563545 ], [ -8.19858122988901, 40.861471357477164 ], [ -8.199321445856517, 40.861471357477164 ], [ -8.199321445856517, 40.861038112556898 ], [ -8.200801877791534, 40.861038112556898 ], [ -8.200801877791534, 40.860604864802738 ], [ -8.201542093759043, 40.860604864802738 ], [ -8.201542093759043, 40.8601716142147 ], [ -8.202282309726552, 40.8601716142147 ], [ -8.202282309726552, 40.860604864802738 ], [ -8.20302252569406, 40.860604864802738 ], [ -8.20302252569406, 40.861038112556898 ], [ -8.203762741661567, 40.861038112556898 ], [ -8.203762741661567, 40.861471357477164 ], [ -8.204502957629076, 40.861471357477164 ], [ -8.204502957629076, 40.861904599563545 ], [ -8.205243173596585, 40.861904599563545 ], [ -8.205243173596585, 40.862337838816032 ], [ -8.205983389564093, 40.862337838816032 ], [ -8.205983389564093, 40.863204308819277 ], [ -8.206723605531602, 40.863204308819277 ], [ -8.206723605531602, 40.863637539570036 ], [ -8.207463821499109, 40.863637539570036 ], [ -8.207463821499109, 40.863204308819277 ], [ -8.212645333271668, 40.863204308819277 ], [ -8.212645333271668, 40.864070767486872 ], [ -8.213385549239176, 40.864070767486872 ], [ -8.213385549239176, 40.865370434233768 ], [ -8.214125765206683, 40.865370434233768 ], [ -8.214125765206683, 40.867103283554357 ], [ -8.214865981174192, 40.867103283554357 ], [ -8.214865981174192, 40.868402890788118 ], [ -8.2156061971417, 40.868402890788118 ], [ -8.2156061971417, 40.870135660757235 ], [ -8.216346413109209, 40.870135660757235 ], [ -8.216346413109209, 40.871435208476939 ], [ -8.217086629076718, 40.871435208476939 ], [ -8.217086629076718, 40.87316789909336 ], [ -8.217826845044225, 40.87316789909336 ], [ -8.217826845044225, 40.873601064662338 ], [ -8.218567061011735, 40.873601064662338 ], [ -8.218567061011735, 40.874034227397246 ], [ -8.219307276979244, 40.874034227397246 ], [ -8.219307276979244, 40.874467387298083 ], [ -8.220047492946753, 40.874467387298083 ], [ -8.220047492946753, 40.874900544364834 ], [ -8.22078770891426, 40.874900544364834 ], [ -8.22078770891426, 40.875333698597522 ], [ -8.221527924881768, 40.875333698597522 ], [ -8.221527924881768, 40.876633144290992 ], [ -8.222268140849275, 40.876633144290992 ], [ -8.222268140849275, 40.877932564477469 ], [ -8.223008356816784, 40.877932564477469 ], [ -8.223008356816784, 40.879665085048316 ], [ -8.223748572784293, 40.879665085048316 ], [ -8.223748572784293, 40.883996188083906 ], [ -8.224488788751801, 40.883996188083906 ], [ -8.224488788751801, 40.887460866449253 ], [ -8.223748572784293, 40.887460866449253 ], [ -8.223748572784293, 40.889193137609809 ], [ -8.223008356816784, 40.889193137609809 ], [ -8.223008356816784, 40.890492311220214 ], [ -8.221527924881768, 40.890492311220214 ], [ -8.221527924881768, 40.890925363421736 ], [ -8.22078770891426, 40.890925363421736 ], [ -8.22078770891426, 40.891358412788954 ], [ -8.219307276979244, 40.891358412788954 ], [ -8.219307276979244, 40.891791459321851 ], [ -8.218567061011735, 40.891791459321851 ], [ -8.218567061011735, 40.89265754388466 ], [ -8.217826845044225, 40.89265754388466 ], [ -8.217826845044225, 40.89352361711012 ], [ -8.217086629076718, 40.89352361711012 ], [ -8.217086629076718, 40.894822705690665 ], [ -8.216346413109209, 40.894822705690665 ], [ -8.216346413109209, 40.895688750572525 ], [ -8.2156061971417, 40.895688750572525 ], [ -8.2156061971417, 40.896121768761887 ], [ -8.214125765206683, 40.896121768761887 ], [ -8.214125765206683, 40.896554784116866 ], [ -8.209684469401635, 40.896554784116866 ], [ -8.209684469401635, 40.89698779663744 ], [ -8.207463821499109, 40.89698779663744 ], [ -8.207463821499109, 40.89871981837571 ], [ -8.206723605531602, 40.89871981837571 ], [ -8.206723605531602, 40.900884781773954 ], [ -8.205983389564093, 40.900884781773954 ], [ -8.205983389564093, 40.901750747292105 ], [ -8.205243173596585, 40.901750747292105 ], [ -8.205243173596585, 40.902616701472382 ], [ -8.204502957629076, 40.902616701472382 ], [ -8.204502957629076, 40.903049674310807 ], [ -8.203762741661567, 40.903049674310807 ], [ -8.203762741661567, 40.903482644314742 ], [ -8.20302252569406, 40.903482644314742 ], [ -8.20302252569406, 40.903915611484187 ], [ -8.200801877791534, 40.903915611484187 ], [ -8.200801877791534, 40.904348575819128 ], [ -8.199321445856517, 40.904348575819128 ], [ -8.199321445856517, 40.904781537319572 ], [ -8.197100797953992, 40.904781537319572 ], [ -8.197100797953992, 40.905214495985504 ], [ -8.195620366018975, 40.905214495985504 ], [ -8.195620366018975, 40.904348575819128 ], [ -8.194880150051468, 40.904348575819128 ], [ -8.194880150051468, 40.903915611484187 ], [ -8.194139934083958, 40.903915611484187 ], [ -8.194139934083958, 40.903482644314742 ], [ -8.193399718116451, 40.903482644314742 ], [ -8.193399718116451, 40.903049674310807 ], [ -8.192659502148942, 40.903049674310807 ], [ -8.192659502148942, 40.902616701472382 ], [ -8.191919286181435, 40.902616701472382 ], [ -8.191919286181435, 40.903482644314742 ], [ -8.191179070213927, 40.903482644314742 ], [ -8.191179070213927, 40.904781537319572 ], [ -8.190438854246418, 40.904781537319572 ], [ -8.190438854246418, 40.905647451816918 ], [ -8.189698638278909, 40.905647451816918 ], [ -8.189698638278909, 40.906080404813814 ], [ -8.188958422311401, 40.906080404813814 ], [ -8.188958422311401, 40.906513354976163 ], [ -8.188218206343894, 40.906513354976163 ], [ -8.188218206343894, 40.906946302303993 ], [ -8.186737774408877, 40.906946302303993 ], [ -8.186737774408877, 40.907379246797284 ], [ -8.184517126506352, 40.907379246797284 ], [ -8.184517126506352, 40.906946302303993 ], [ -8.182296478603824, 40.906946302303993 ], [ -8.182296478603824, 40.906513354976163 ], [ -8.180816046668809, 40.906513354976163 ], [ -8.180816046668809, 40.906080404813814 ], [ -8.179335614733793, 40.906080404813814 ], [ -8.179335614733793, 40.905647451816918 ], [ -8.177855182798776, 40.905647451816918 ], [ -8.177855182798776, 40.905214495985504 ] ] ], [ [ [ -7.90027419498315, 41.05484799335612 ], [ -7.90027419498315, 41.05441601579632 ], [ -7.899533979015642, 41.05441601579632 ], [ -7.899533979015642, 41.05484799335612 ], [ -7.897313331113118, 41.05484799335612 ], [ -7.897313331113118, 41.055279968079311 ], [ -7.895832899178099, 41.055279968079311 ], [ -7.895832899178099, 41.055711939965896 ], [ -7.893612251275576, 41.055711939965896 ], [ -7.893612251275576, 41.056143909015852 ], [ -7.889911171438034, 41.056143909015852 ], [ -7.889911171438034, 41.055711939965896 ], [ -7.889170955470525, 41.055711939965896 ], [ -7.889170955470525, 41.055279968079311 ], [ -7.888430739503018, 41.055279968079311 ], [ -7.888430739503018, 41.05441601579632 ], [ -7.887690523535508, 41.05441601579632 ], [ -7.887690523535508, 41.053984035399914 ], [ -7.886950307568001, 41.053984035399914 ], [ -7.886950307568001, 41.053552052166907 ], [ -7.886210091600492, 41.053552052166907 ], [ -7.886210091600492, 41.053120066097314 ], [ -7.885469875632983, 41.053120066097314 ], [ -7.885469875632983, 41.051392093453146 ], [ -7.884729659665477, 41.051392093453146 ], [ -7.884729659665477, 41.048368032118454 ], [ -7.885469875632983, 41.048368032118454 ], [ -7.885469875632983, 41.047071963284239 ], [ -7.886210091600492, 41.047071963284239 ], [ -7.886210091600492, 41.046207903212242 ], [ -7.886950307568001, 41.046207903212242 ], [ -7.886950307568001, 41.044911791830579 ], [ -7.887690523535508, 41.044911791830579 ], [ -7.887690523535508, 41.044479749030401 ], [ -7.892872035308068, 41.044479749030401 ], [ -7.892872035308068, 41.044911791830579 ], [ -7.899533979015642, 41.044911791830579 ], [ -7.899533979015642, 41.045343831794277 ], [ -7.90027419498315, 41.045343831794277 ], [ -7.90027419498315, 41.046207903212242 ], [ -7.901014410950659, 41.046207903212242 ], [ -7.901014410950659, 41.046639934666487 ], [ -7.9047154907882, 41.046639934666487 ], [ -7.9047154907882, 41.046207903212242 ], [ -7.906936138690726, 41.046207903212242 ], [ -7.906936138690726, 41.047071963284239 ], [ -7.907676354658233, 41.047071963284239 ], [ -7.907676354658233, 41.047936012010233 ], [ -7.908416570625742, 41.047936012010233 ], [ -7.908416570625742, 41.048368032118454 ], [ -7.909156786593251, 41.048368032118454 ], [ -7.909156786593251, 41.053984035399914 ], [ -7.908416570625742, 41.053984035399914 ], [ -7.908416570625742, 41.05441601579632 ], [ -7.907676354658233, 41.05441601579632 ], [ -7.907676354658233, 41.05484799335612 ], [ -7.906936138690726, 41.05484799335612 ], [ -7.906936138690726, 41.055279968079311 ], [ -7.906195922723216, 41.055279968079311 ], [ -7.906195922723216, 41.055711939965896 ], [ -7.905455706755709, 41.055711939965896 ], [ -7.905455706755709, 41.056575875229179 ], [ -7.903235058853185, 41.056575875229179 ], [ -7.903235058853185, 41.056143909015852 ], [ -7.902494842885676, 41.056143909015852 ], [ -7.902494842885676, 41.055711939965896 ], [ -7.901754626918168, 41.055711939965896 ], [ -7.901754626918168, 41.055279968079311 ], [ -7.901014410950659, 41.055279968079311 ], [ -7.901014410950659, 41.05484799335612 ], [ -7.90027419498315, 41.05484799335612 ] ] ], [ [ [ -8.205983389564093, 41.187762070287071 ], [ -8.205243173596585, 41.187762070287071 ], [ -8.205243173596585, 41.186468750950077 ], [ -8.204502957629076, 41.186468750950077 ], [ -8.204502957629076, 41.185606523866817 ], [ -8.203762741661567, 41.185606523866817 ], [ -8.203762741661567, 41.18474428543005 ], [ -8.20302252569406, 41.18474428543005 ], [ -8.20302252569406, 41.18388203563984 ], [ -8.202282309726552, 41.18388203563984 ], [ -8.202282309726552, 41.179570616388638 ], [ -8.20302252569406, 41.179570616388638 ], [ -8.20302252569406, 41.178277135266292 ], [ -8.203762741661567, 41.178277135266292 ], [ -8.203762741661567, 41.177414800326673 ], [ -8.204502957629076, 41.177414800326673 ], [ -8.204502957629076, 41.176121276630262 ], [ -8.205243173596585, 41.176121276630262 ], [ -8.205243173596585, 41.174827727389626 ], [ -8.205983389564093, 41.174827727389626 ], [ -8.205983389564093, 41.173534152604915 ], [ -8.206723605531602, 41.173534152604915 ], [ -8.206723605531602, 41.17267175522403 ], [ -8.207463821499109, 41.17267175522403 ], [ -8.207463821499109, 41.171809346490335 ], [ -8.2156061971417, 41.171809346490335 ], [ -8.2156061971417, 41.172240552276278 ], [ -8.219307276979244, 41.172240552276278 ], [ -8.219307276979244, 41.17267175522403 ], [ -8.220047492946753, 41.17267175522403 ], [ -8.220047492946753, 41.170946926403879 ], [ -8.219307276979244, 41.170946926403879 ], [ -8.219307276979244, 41.168790826519711 ], [ -8.218567061011735, 41.168790826519711 ], [ -8.218567061011735, 41.166634655681783 ], [ -8.217826845044225, 41.166634655681783 ], [ -8.217826845044225, 41.165772167479723 ], [ -8.218567061011735, 41.165772167479723 ], [ -8.218567061011735, 41.16490966792523 ], [ -8.219307276979244, 41.16490966792523 ], [ -8.219307276979244, 41.16361589730775 ], [ -8.220047492946753, 41.16361589730775 ], [ -8.220047492946753, 41.162753369372361 ], [ -8.22078770891426, 41.162753369372361 ], [ -8.22078770891426, 41.16145955618375 ], [ -8.221527924881768, 41.16145955618375 ], [ -8.221527924881768, 41.161028279444778 ], [ -8.22522900471931, 41.161028279444778 ], [ -8.22522900471931, 41.160596999867749 ], [ -8.228189868589343, 41.160596999867749 ], [ -8.228189868589343, 41.161028279444778 ], [ -8.22893008455685, 41.161028279444778 ], [ -8.22893008455685, 41.16145955618375 ], [ -8.230410516491867, 41.16145955618375 ], [ -8.230410516491867, 41.161890830084687 ], [ -8.231890948426884, 41.161890830084687 ], [ -8.231890948426884, 41.162322101147552 ], [ -8.232631164394391, 41.162322101147552 ], [ -8.232631164394391, 41.162753369372361 ], [ -8.234111596329409, 41.162753369372361 ], [ -8.234111596329409, 41.16145955618375 ], [ -8.234851812296917, 41.16145955618375 ], [ -8.234851812296917, 41.160596999867749 ], [ -8.235592028264426, 41.160596999867749 ], [ -8.235592028264426, 41.159303144108449 ], [ -8.236332244231935, 41.159303144108449 ], [ -8.236332244231935, 41.158440559412114 ], [ -8.239293108101968, 41.158440559412114 ], [ -8.239293108101968, 41.158871853179285 ], [ -8.241513756004492, 41.158871853179285 ], [ -8.241513756004492, 41.159303144108449 ], [ -8.242994187939509, 41.159303144108449 ], [ -8.242994187939509, 41.159734432199578 ], [ -8.243734403907018, 41.159734432199578 ], [ -8.243734403907018, 41.160165717452678 ], [ -8.244474619874525, 41.160165717452678 ], [ -8.244474619874525, 41.161028279444778 ], [ -8.245214835842035, 41.161028279444778 ], [ -8.245214835842035, 41.16145955618375 ], [ -8.245955051809544, 41.16145955618375 ], [ -8.245955051809544, 41.162322101147552 ], [ -8.246695267777051, 41.162322101147552 ], [ -8.246695267777051, 41.162753369372361 ], [ -8.247435483744558, 41.162753369372361 ], [ -8.247435483744558, 41.16361589730775 ], [ -8.248175699712068, 41.16361589730775 ], [ -8.248175699712068, 41.164047157018338 ], [ -8.248915915679575, 41.164047157018338 ], [ -8.248915915679575, 41.169653274987866 ], [ -8.248175699712068, 41.169653274987866 ], [ -8.248175699712068, 41.170515712103381 ], [ -8.247435483744558, 41.170515712103381 ], [ -8.247435483744558, 41.171809346490335 ], [ -8.246695267777051, 41.171809346490335 ], [ -8.246695267777051, 41.17267175522403 ], [ -8.245955051809544, 41.17267175522403 ], [ -8.245955051809544, 41.173965347038035 ], [ -8.245214835842035, 41.173965347038035 ], [ -8.245214835842035, 41.174827727389626 ], [ -8.244474619874525, 41.174827727389626 ], [ -8.244474619874525, 41.175690096388287 ], [ -8.242994187939509, 41.175690096388287 ], [ -8.242994187939509, 41.176121276630262 ], [ -8.242253971972001, 41.176121276630262 ], [ -8.242253971972001, 41.176552454033988 ], [ -8.241513756004492, 41.176552454033988 ], [ -8.241513756004492, 41.176983628599459 ], [ -8.240773540036985, 41.176983628599459 ], [ -8.240773540036985, 41.177845969215618 ], [ -8.240033324069477, 41.177845969215618 ], [ -8.240033324069477, 41.181295218148961 ], [ -8.239293108101968, 41.181295218148961 ], [ -8.239293108101968, 41.18474428543005 ], [ -8.238552892134461, 41.18474428543005 ], [ -8.238552892134461, 41.186037638827635 ], [ -8.237812676166952, 41.186037638827635 ], [ -8.237812676166952, 41.186899860234142 ], [ -8.237072460199443, 41.186899860234142 ], [ -8.237072460199443, 41.187762070287071 ], [ -8.236332244231935, 41.187762070287071 ], [ -8.236332244231935, 41.188624268986402 ], [ -8.234111596329409, 41.188624268986402 ], [ -8.234111596329409, 41.189055364078449 ], [ -8.231890948426884, 41.189055364078449 ], [ -8.231890948426884, 41.189486456332077 ], [ -8.22967030052436, 41.189486456332077 ], [ -8.22967030052436, 41.189917545747278 ], [ -8.227449652621834, 41.189917545747278 ], [ -8.227449652621834, 41.189486456332077 ], [ -8.226709436654327, 41.189486456332077 ], [ -8.226709436654327, 41.189055364078449 ], [ -8.223748572784293, 41.189055364078449 ], [ -8.223748572784293, 41.189486456332077 ], [ -8.223008356816784, 41.189486456332077 ], [ -8.223008356816784, 41.189917545747278 ], [ -8.22078770891426, 41.189917545747278 ], [ -8.22078770891426, 41.189486456332077 ], [ -8.220047492946753, 41.189486456332077 ], [ -8.220047492946753, 41.189055364078449 ], [ -8.219307276979244, 41.189055364078449 ], [ -8.219307276979244, 41.188624268986402 ], [ -8.218567061011735, 41.188624268986402 ], [ -8.218567061011735, 41.18819317105595 ], [ -8.217826845044225, 41.18819317105595 ], [ -8.217826845044225, 41.187762070287071 ], [ -8.217086629076718, 41.187762070287071 ], [ -8.217086629076718, 41.18819317105595 ], [ -8.216346413109209, 41.18819317105595 ], [ -8.216346413109209, 41.188624268986402 ], [ -8.2156061971417, 41.188624268986402 ], [ -8.2156061971417, 41.189055364078449 ], [ -8.214865981174192, 41.189055364078449 ], [ -8.214865981174192, 41.189486456332077 ], [ -8.214125765206683, 41.189486456332077 ], [ -8.214125765206683, 41.189917545747278 ], [ -8.212645333271668, 41.189917545747278 ], [ -8.212645333271668, 41.190348632324053 ], [ -8.211905117304159, 41.190348632324053 ], [ -8.211905117304159, 41.19077971606238 ], [ -8.209684469401635, 41.19077971606238 ], [ -8.209684469401635, 41.190348632324053 ], [ -8.208944253434126, 41.190348632324053 ], [ -8.208944253434126, 41.189917545747278 ], [ -8.207463821499109, 41.189917545747278 ], [ -8.207463821499109, 41.189486456332077 ], [ -8.206723605531602, 41.189486456332077 ], [ -8.206723605531602, 41.188624268986402 ], [ -8.205983389564093, 41.188624268986402 ], [ -8.205983389564093, 41.187762070287071 ] ] ], [ [ [ -7.219275504875482, 41.210175546412863 ], [ -7.219275504875482, 41.209313631568612 ], [ -7.218535288907975, 41.209313631568612 ], [ -7.218535288907975, 41.205865858644572 ], [ -7.217795072940467, 41.205865858644572 ], [ -7.217795072940467, 41.201555887012091 ], [ -7.217054856972958, 41.201555887012091 ], [ -7.217054856972958, 41.199831818878394 ], [ -7.21631464100545, 41.199831818878394 ], [ -7.21631464100545, 41.200262840169678 ], [ -7.213353777135417, 41.200262840169678 ], [ -7.213353777135417, 41.200693858622387 ], [ -7.211873345200399, 41.200693858622387 ], [ -7.211873345200399, 41.201124874236527 ], [ -7.211133129232891, 41.201124874236527 ], [ -7.211133129232891, 41.201986896949066 ], [ -7.210392913265384, 41.201986896949066 ], [ -7.210392913265384, 41.202848908307239 ], [ -7.209652697297875, 41.202848908307239 ], [ -7.209652697297875, 41.203710908311002 ], [ -7.208912481330366, 41.203710908311002 ], [ -7.208912481330366, 41.204572896960308 ], [ -7.205951617460333, 41.204572896960308 ], [ -7.205951617460333, 41.205003887027033 ], [ -7.2029907535903, 41.205003887027033 ], [ -7.2029907535903, 41.208882669888453 ], [ -7.202250537622793, 41.208882669888453 ], [ -7.202250537622793, 41.209744590410089 ], [ -7.201510321655284, 41.209744590410089 ], [ -7.201510321655284, 41.210175546412863 ], [ -7.200770105687774, 41.210175546412863 ], [ -7.200770105687774, 41.211037449902314 ], [ -7.200029889720266, 41.211037449902314 ], [ -7.200029889720266, 41.211468397388984 ], [ -7.194848377947709, 41.211468397388984 ], [ -7.194848377947709, 41.211037449902314 ], [ -7.1941081619802, 41.211037449902314 ], [ -7.1941081619802, 41.210175546412863 ], [ -7.191887514077675, 41.210175546412863 ], [ -7.191887514077675, 41.21060649957694 ], [ -7.190407082142658, 41.21060649957694 ], [ -7.190407082142658, 41.211037449902314 ], [ -7.188186434240133, 41.211037449902314 ], [ -7.188186434240133, 41.211468397388984 ], [ -7.186706002305116, 41.211468397388984 ], [ -7.186706002305116, 41.211037449902314 ], [ -7.185965786337607, 41.211037449902314 ], [ -7.185965786337607, 41.21060649957694 ], [ -7.1852255703701, 41.21060649957694 ], [ -7.1852255703701, 41.209744590410089 ], [ -7.184485354402592, 41.209744590410089 ], [ -7.184485354402592, 41.209313631568612 ], [ -7.183745138435084, 41.209313631568612 ], [ -7.183745138435084, 41.208451705369612 ], [ -7.183004922467575, 41.208451705369612 ], [ -7.183004922467575, 41.207589767815911 ], [ -7.182264706500066, 41.207589767815911 ], [ -7.182264706500066, 41.207158794781058 ], [ -7.181524490532558, 41.207158794781058 ], [ -7.181524490532558, 41.205865858644572 ], [ -7.182264706500066, 41.205865858644572 ], [ -7.182264706500066, 41.202848908307239 ], [ -7.183004922467575, 41.202848908307239 ], [ -7.183004922467575, 41.200693858622387 ], [ -7.182264706500066, 41.200693858622387 ], [ -7.182264706500066, 41.200262840169678 ], [ -7.181524490532558, 41.200262840169678 ], [ -7.181524490532558, 41.199831818878394 ], [ -7.180784274565049, 41.199831818878394 ], [ -7.180784274565049, 41.199400794748541 ], [ -7.180044058597542, 41.199400794748541 ], [ -7.180044058597542, 41.198969767780149 ], [ -7.175602762792492, 41.198969767780149 ], [ -7.175602762792492, 41.198538737973195 ], [ -7.174862546824983, 41.198538737973195 ], [ -7.174862546824983, 41.197676669843666 ], [ -7.174122330857474, 41.197676669843666 ], [ -7.174122330857474, 41.197245631521092 ], [ -7.173382114889967, 41.197245631521092 ], [ -7.173382114889967, 41.19638354636038 ], [ -7.172641898922458, 41.19638354636038 ], [ -7.172641898922458, 41.192504022631233 ], [ -7.171901682954949, 41.192504022631233 ], [ -7.171901682954949, 41.188624268986402 ], [ -7.171161466987441, 41.188624268986402 ], [ -7.171161466987441, 41.187330966679809 ], [ -7.170421251019932, 41.187330966679809 ], [ -7.170421251019932, 41.186468750950077 ], [ -7.169681035052425, 41.186468750950077 ], [ -7.169681035052425, 41.185175406067621 ], [ -7.168940819084917, 41.185175406067621 ], [ -7.168940819084917, 41.18388203563984 ], [ -7.168200603117408, 41.18388203563984 ], [ -7.168200603117408, 41.183019774496231 ], [ -7.167460387149899, 41.183019774496231 ], [ -7.167460387149899, 41.181726361493268 ], [ -7.166720171182392, 41.181726361493268 ], [ -7.166720171182392, 41.181295218148961 ], [ -7.167460387149899, 41.181295218148961 ], [ -7.167460387149899, 41.177414800326673 ], [ -7.168200603117408, 41.177414800326673 ], [ -7.168200603117408, 41.175690096388287 ], [ -7.169681035052425, 41.175690096388287 ], [ -7.169681035052425, 41.175258913308078 ], [ -7.171901682954949, 41.175258913308078 ], [ -7.171901682954949, 41.174827727389626 ], [ -7.174862546824983, 41.174827727389626 ], [ -7.174862546824983, 41.174396538632941 ], [ -7.176342978760001, 41.174396538632941 ], [ -7.176342978760001, 41.17267175522403 ], [ -7.175602762792492, 41.17267175522403 ], [ -7.175602762792492, 41.170946926403879 ], [ -7.174862546824983, 41.170946926403879 ], [ -7.174862546824983, 41.169653274987866 ], [ -7.174122330857474, 41.169653274987866 ], [ -7.174122330857474, 41.166634655681783 ], [ -7.174862546824983, 41.166634655681783 ], [ -7.174862546824983, 41.16361589730775 ], [ -7.175602762792492, 41.16361589730775 ], [ -7.175602762792492, 41.160596999867749 ], [ -7.176342978760001, 41.160596999867749 ], [ -7.176342978760001, 41.160165717452678 ], [ -7.175602762792492, 41.160165717452678 ], [ -7.175602762792492, 41.158871853179285 ], [ -7.174862546824983, 41.158871853179285 ], [ -7.174862546824983, 41.158009262806921 ], [ -7.174122330857474, 41.158009262806921 ], [ -7.174122330857474, 41.15671535596335 ], [ -7.173382114889967, 41.15671535596335 ], [ -7.173382114889967, 41.153696140665687 ], [ -7.174122330857474, 41.153696140665687 ], [ -7.174122330857474, 41.150245438620097 ], [ -7.174862546824983, 41.150245438620097 ], [ -7.174862546824983, 41.149382734729564 ], [ -7.175602762792492, 41.149382734729564 ], [ -7.175602762792492, 41.148520019487464 ], [ -7.176342978760001, 41.148520019487464 ], [ -7.176342978760001, 41.147657292893854 ], [ -7.183004922467575, 41.147657292893854 ], [ -7.183004922467575, 41.147225925340237 ], [ -7.184485354402592, 41.147225925340237 ], [ -7.184485354402592, 41.146794554948762 ], [ -7.185965786337607, 41.146794554948762 ], [ -7.185965786337607, 41.14636318171943 ], [ -7.186706002305116, 41.14636318171943 ], [ -7.186706002305116, 41.14593180565226 ], [ -7.187446218272625, 41.14593180565226 ], [ -7.187446218272625, 41.145069045004362 ], [ -7.188186434240133, 41.145069045004362 ], [ -7.188186434240133, 41.144206273005153 ], [ -7.188926650207642, 41.144206273005153 ], [ -7.188926650207642, 41.143343489654633 ], [ -7.194848377947709, 41.143343489654633 ], [ -7.194848377947709, 41.144206273005153 ], [ -7.195588593915216, 41.144206273005153 ], [ -7.195588593915216, 41.144637660423662 ], [ -7.196328809882724, 41.144637660423662 ], [ -7.196328809882724, 41.145500426747226 ], [ -7.197069025850233, 41.145500426747226 ], [ -7.197069025850233, 41.14593180565226 ], [ -7.19780924181774, 41.14593180565226 ], [ -7.19780924181774, 41.14636318171943 ], [ -7.200029889720266, 41.14636318171943 ], [ -7.200029889720266, 41.14593180565226 ], [ -7.201510321655284, 41.14593180565226 ], [ -7.201510321655284, 41.145500426747226 ], [ -7.203730969557808, 41.145500426747226 ], [ -7.203730969557808, 41.145069045004362 ], [ -7.205211401492824, 41.145069045004362 ], [ -7.205211401492824, 41.144637660423662 ], [ -7.20743204939535, 41.144637660423662 ], [ -7.20743204939535, 41.144206273005153 ], [ -7.210392913265384, 41.144206273005153 ], [ -7.210392913265384, 41.144637660423662 ], [ -7.211133129232891, 41.144637660423662 ], [ -7.211133129232891, 41.145500426747226 ], [ -7.211873345200399, 41.145500426747226 ], [ -7.211873345200399, 41.14593180565226 ], [ -7.212613561167908, 41.14593180565226 ], [ -7.212613561167908, 41.146794554948762 ], [ -7.213353777135417, 41.146794554948762 ], [ -7.213353777135417, 41.149814088093777 ], [ -7.214093993102924, 41.149814088093777 ], [ -7.214093993102924, 41.15110813115902 ], [ -7.214834209070432, 41.15110813115902 ], [ -7.214834209070432, 41.151539473171617 ], [ -7.215574425037941, 41.151539473171617 ], [ -7.215574425037941, 41.15110813115902 ], [ -7.21631464100545, 41.15110813115902 ], [ -7.21631464100545, 41.150245438620097 ], [ -7.217054856972958, 41.150245438620097 ], [ -7.217054856972958, 41.149814088093777 ], [ -7.217795072940467, 41.149814088093777 ], [ -7.217795072940467, 41.149382734729564 ], [ -7.219275504875482, 41.149382734729564 ], [ -7.219275504875482, 41.148951378527457 ], [ -7.221496152778008, 41.148951378527457 ], [ -7.221496152778008, 41.148520019487464 ], [ -7.222976584713025, 41.148520019487464 ], [ -7.222976584713025, 41.148951378527457 ], [ -7.224457016648041, 41.148951378527457 ], [ -7.224457016648041, 41.149382734729564 ], [ -7.225197232615549, 41.149382734729564 ], [ -7.225197232615549, 41.149814088093777 ], [ -7.226677664550566, 41.149814088093777 ], [ -7.226677664550566, 41.150245438620097 ], [ -7.227417880518075, 41.150245438620097 ], [ -7.227417880518075, 41.150676786308516 ], [ -7.228158096485584, 41.150676786308516 ], [ -7.228158096485584, 41.15110813115902 ], [ -7.229638528420599, 41.15110813115902 ], [ -7.229638528420599, 41.151539473171617 ], [ -7.230378744388108, 41.151539473171617 ], [ -7.230378744388108, 41.151970812346292 ], [ -7.231118960355618, 41.151970812346292 ], [ -7.231118960355618, 41.152402148683045 ], [ -7.232599392290632, 41.152402148683045 ], [ -7.232599392290632, 41.152833482181855 ], [ -7.233339608258142, 41.152833482181855 ], [ -7.233339608258142, 41.153264812842743 ], [ -7.234079824225649, 41.153264812842743 ], [ -7.234079824225649, 41.152833482181855 ], [ -7.234820040193158, 41.152833482181855 ], [ -7.234820040193158, 41.151970812346292 ], [ -7.235560256160666, 41.151970812346292 ], [ -7.235560256160666, 41.15110813115902 ], [ -7.236300472128176, 41.15110813115902 ], [ -7.236300472128176, 41.150676786308516 ], [ -7.241481983900733, 41.150676786308516 ], [ -7.241481983900733, 41.151970812346292 ], [ -7.242222199868242, 41.151970812346292 ], [ -7.242222199868242, 41.152833482181855 ], [ -7.242962415835749, 41.152833482181855 ], [ -7.242962415835749, 41.15412746565066 ], [ -7.243702631803258, 41.15412746565066 ], [ -7.243702631803258, 41.154990107106769 ], [ -7.244442847770767, 41.154990107106769 ], [ -7.244442847770767, 41.15671535596335 ], [ -7.243702631803258, 41.15671535596335 ], [ -7.243702631803258, 41.158009262806921 ], [ -7.242962415835749, 41.158009262806921 ], [ -7.242962415835749, 41.159734432199578 ], [ -7.243702631803258, 41.159734432199578 ], [ -7.243702631803258, 41.160165717452678 ], [ -7.245183063738274, 41.160165717452678 ], [ -7.245183063738274, 41.160596999867749 ], [ -7.245923279705783, 41.160596999867749 ], [ -7.245923279705783, 41.161028279444778 ], [ -7.2474037116408, 41.161028279444778 ], [ -7.2474037116408, 41.16145955618375 ], [ -7.248143927608307, 41.16145955618375 ], [ -7.248143927608307, 41.161890830084687 ], [ -7.249624359543326, 41.161890830084687 ], [ -7.249624359543326, 41.162322101147552 ], [ -7.250364575510833, 41.162322101147552 ], [ -7.250364575510833, 41.162753369372361 ], [ -7.25110479147834, 41.162753369372361 ], [ -7.25110479147834, 41.163184634759098 ], [ -7.259247167120933, 41.163184634759098 ], [ -7.259247167120933, 41.162753369372361 ], [ -7.266649326796015, 41.162753369372361 ], [ -7.266649326796015, 41.163184634759098 ], [ -7.267389542763524, 41.163184634759098 ], [ -7.267389542763524, 41.164478413890819 ], [ -7.268129758731034, 41.164478413890819 ], [ -7.268129758731034, 41.165772167479723 ], [ -7.268869974698541, 41.165772167479723 ], [ -7.268869974698541, 41.166634655681783 ], [ -7.269610190666048, 41.166634655681783 ], [ -7.269610190666048, 41.167497132531359 ], [ -7.270350406633558, 41.167497132531359 ], [ -7.270350406633558, 41.167928366698952 ], [ -7.271090622601067, 41.167928366698952 ], [ -7.271090622601067, 41.168359598028403 ], [ -7.271830838568575, 41.168359598028403 ], [ -7.271830838568575, 41.168790826519711 ], [ -7.272571054536084, 41.168790826519711 ], [ -7.272571054536084, 41.16922205217287 ], [ -7.273311270503592, 41.16922205217287 ], [ -7.273311270503592, 41.170946926403879 ], [ -7.274051486471099, 41.170946926403879 ], [ -7.274051486471099, 41.17267175522403 ], [ -7.274791702438608, 41.17267175522403 ], [ -7.274791702438608, 41.173102955333569 ], [ -7.274051486471099, 41.173102955333569 ], [ -7.274051486471099, 41.174827727389626 ], [ -7.273311270503592, 41.174827727389626 ], [ -7.273311270503592, 41.176552454033988 ], [ -7.272571054536084, 41.176552454033988 ], [ -7.272571054536084, 41.176983628599459 ], [ -7.271830838568575, 41.176983628599459 ], [ -7.271830838568575, 41.177414800326673 ], [ -7.271090622601067, 41.177414800326673 ], [ -7.271090622601067, 41.177845969215618 ], [ -7.270350406633558, 41.177845969215618 ], [ -7.270350406633558, 41.178277135266292 ], [ -7.269610190666048, 41.178277135266292 ], [ -7.269610190666048, 41.178708298478696 ], [ -7.268869974698541, 41.178708298478696 ], [ -7.268869974698541, 41.179139458852809 ], [ -7.268129758731034, 41.179139458852809 ], [ -7.268129758731034, 41.179570616388638 ], [ -7.267389542763524, 41.179570616388638 ], [ -7.267389542763524, 41.180001771086182 ], [ -7.266649326796015, 41.180001771086182 ], [ -7.266649326796015, 41.180432922945414 ], [ -7.265909110828508, 41.180432922945414 ], [ -7.265909110828508, 41.18086407196634 ], [ -7.265168894861, 41.18086407196634 ], [ -7.265168894861, 41.181295218148961 ], [ -7.264428678893493, 41.181295218148961 ], [ -7.264428678893493, 41.181726361493268 ], [ -7.263688462925984, 41.181726361493268 ], [ -7.263688462925984, 41.182157501999257 ], [ -7.262948246958475, 41.182157501999257 ], [ -7.262948246958475, 41.18388203563984 ], [ -7.262208030990966, 41.18388203563984 ], [ -7.262208030990966, 41.186037638827635 ], [ -7.261467815023457, 41.186037638827635 ], [ -7.261467815023457, 41.186899860234142 ], [ -7.262208030990966, 41.186899860234142 ], [ -7.262208030990966, 41.187330966679809 ], [ -7.262948246958475, 41.187330966679809 ], [ -7.262948246958475, 41.18819317105595 ], [ -7.263688462925984, 41.18819317105595 ], [ -7.263688462925984, 41.188624268986402 ], [ -7.264428678893493, 41.188624268986402 ], [ -7.264428678893493, 41.189055364078449 ], [ -7.265168894861, 41.189055364078449 ], [ -7.265168894861, 41.193366158884899 ], [ -7.264428678893493, 41.193366158884899 ], [ -7.264428678893493, 41.195521449845593 ], [ -7.263688462925984, 41.195521449845593 ], [ -7.263688462925984, 41.195952499522242 ], [ -7.262948246958475, 41.195952499522242 ], [ -7.262948246958475, 41.19638354636038 ], [ -7.261467815023457, 41.19638354636038 ], [ -7.261467815023457, 41.196814590359999 ], [ -7.26072759905595, 41.196814590359999 ], [ -7.26072759905595, 41.197245631521092 ], [ -7.259247167120933, 41.197245631521092 ], [ -7.259247167120933, 41.196814590359999 ], [ -7.258506951153424, 41.196814590359999 ], [ -7.258506951153424, 41.19638354636038 ], [ -7.257766735185917, 41.19638354636038 ], [ -7.257766735185917, 41.195952499522242 ], [ -7.2562863032509, 41.195952499522242 ], [ -7.2562863032509, 41.195521449845593 ], [ -7.255546087283391, 41.195521449845593 ], [ -7.255546087283391, 41.193797222754007 ], [ -7.254805871315884, 41.193797222754007 ], [ -7.254805871315884, 41.193366158884899 ], [ -7.254065655348375, 41.193366158884899 ], [ -7.254065655348375, 41.193797222754007 ], [ -7.253325439380866, 41.193797222754007 ], [ -7.253325439380866, 41.194228283784653 ], [ -7.25110479147834, 41.194228283784653 ], [ -7.25110479147834, 41.193797222754007 ], [ -7.250364575510833, 41.193797222754007 ], [ -7.250364575510833, 41.192935092177301 ], [ -7.249624359543326, 41.192935092177301 ], [ -7.249624359543326, 41.192504022631233 ], [ -7.248884143575816, 41.192504022631233 ], [ -7.248884143575816, 41.192072950246711 ], [ -7.248143927608307, 41.192072950246711 ], [ -7.248143927608307, 41.191641875023713 ], [ -7.246663495673292, 41.191641875023713 ], [ -7.246663495673292, 41.192935092177301 ], [ -7.2474037116408, 41.192935092177301 ], [ -7.2474037116408, 41.194659341976788 ], [ -7.248143927608307, 41.194659341976788 ], [ -7.248143927608307, 41.198969767780149 ], [ -7.2474037116408, 41.198969767780149 ], [ -7.2474037116408, 41.201555887012091 ], [ -7.248143927608307, 41.201555887012091 ], [ -7.248143927608307, 41.203279909728423 ], [ -7.248884143575816, 41.203279909728423 ], [ -7.248884143575816, 41.205003887027033 ], [ -7.248143927608307, 41.205003887027033 ], [ -7.248143927608307, 41.205865858644572 ], [ -7.2474037116408, 41.205865858644572 ], [ -7.2474037116408, 41.207158794781058 ], [ -7.246663495673292, 41.207158794781058 ], [ -7.246663495673292, 41.208020738012102 ], [ -7.245923279705783, 41.208020738012102 ], [ -7.245923279705783, 41.209313631568612 ], [ -7.240741767933224, 41.209313631568612 ], [ -7.240741767933224, 41.208882669888453 ], [ -7.240001551965716, 41.208882669888453 ], [ -7.240001551965716, 41.208020738012102 ], [ -7.239261335998209, 41.208020738012102 ], [ -7.239261335998209, 41.207158794781058 ], [ -7.237780904063192, 41.207158794781058 ], [ -7.237780904063192, 41.207589767815911 ], [ -7.236300472128176, 41.207589767815911 ], [ -7.236300472128176, 41.208020738012102 ], [ -7.235560256160666, 41.208020738012102 ], [ -7.235560256160666, 41.208451705369612 ], [ -7.234820040193158, 41.208451705369612 ], [ -7.234820040193158, 41.208882669888453 ], [ -7.233339608258142, 41.208882669888453 ], [ -7.233339608258142, 41.209313631568612 ], [ -7.232599392290632, 41.209313631568612 ], [ -7.232599392290632, 41.209744590410089 ], [ -7.231859176323125, 41.209744590410089 ], [ -7.231859176323125, 41.210175546412863 ], [ -7.230378744388108, 41.210175546412863 ], [ -7.230378744388108, 41.21060649957694 ], [ -7.229638528420599, 41.21060649957694 ], [ -7.229638528420599, 41.211037449902314 ], [ -7.228898312453092, 41.211037449902314 ], [ -7.228898312453092, 41.211468397388984 ], [ -7.227417880518075, 41.211468397388984 ], [ -7.227417880518075, 41.211899342036929 ], [ -7.226677664550566, 41.211899342036929 ], [ -7.226677664550566, 41.212330283846157 ], [ -7.221496152778008, 41.212330283846157 ], [ -7.221496152778008, 41.211468397388984 ], [ -7.220755936810501, 41.211468397388984 ], [ -7.220755936810501, 41.211037449902314 ], [ -7.220015720842992, 41.211037449902314 ], [ -7.220015720842992, 41.210175546412863 ], [ -7.219275504875482, 41.210175546412863 ] ] ], [ [ [ -7.810708062914642, 41.254979470344225 ], [ -7.810708062914642, 41.254548809596436 ], [ -7.809227630979626, 41.254548809596436 ], [ -7.809227630979626, 41.254118146009361 ], [ -7.808487415012117, 41.254118146009361 ], [ -7.808487415012117, 41.252395463268385 ], [ -7.807747199044609, 41.252395463268385 ], [ -7.807747199044609, 41.250672735099371 ], [ -7.8070069830771, 41.250672735099371 ], [ -7.8070069830771, 41.249811353979467 ], [ -7.807747199044609, 41.249811353979467 ], [ -7.807747199044609, 41.247657851493457 ], [ -7.808487415012117, 41.247657851493457 ], [ -7.808487415012117, 41.2459349983992 ], [ -7.809227630979626, 41.2459349983992 ], [ -7.809227630979626, 41.243781368150117 ], [ -7.809967846947135, 41.243781368150117 ], [ -7.809967846947135, 41.242919896176474 ], [ -7.810708062914642, 41.242919896176474 ], [ -7.810708062914642, 41.242489155930954 ], [ -7.812188494849659, 41.242489155930954 ], [ -7.812188494849659, 41.242058412846305 ], [ -7.812928710817167, 41.242058412846305 ], [ -7.812928710817167, 41.241627666922547 ], [ -7.815149358719691, 41.241627666922547 ], [ -7.815149358719691, 41.242058412846305 ], [ -7.81662979065471, 41.242058412846305 ], [ -7.81662979065471, 41.242489155930954 ], [ -7.817370006622217, 41.242489155930954 ], [ -7.817370006622217, 41.242919896176474 ], [ -7.818850438557233, 41.242919896176474 ], [ -7.818850438557233, 41.243350633582864 ], [ -7.819590654524741, 41.243350633582864 ], [ -7.819590654524741, 41.243781368150117 ], [ -7.821071086459759, 41.243781368150117 ], [ -7.821071086459759, 41.24421209987824 ], [ -7.821811302427268, 41.24421209987824 ], [ -7.821811302427268, 41.244642828767212 ], [ -7.822551518394777, 41.244642828767212 ], [ -7.822551518394777, 41.246365715931525 ], [ -7.823291734362284, 41.246365715931525 ], [ -7.823291734362284, 41.251103421400487 ], [ -7.822551518394777, 41.251103421400487 ], [ -7.822551518394777, 41.254548809596436 ], [ -7.821811302427268, 41.254548809596436 ], [ -7.821811302427268, 41.255410128252734 ], [ -7.82033087049225, 41.255410128252734 ], [ -7.82033087049225, 41.255840783321936 ], [ -7.819590654524741, 41.255840783321936 ], [ -7.819590654524741, 41.256271435551852 ], [ -7.818110222589726, 41.256271435551852 ], [ -7.818110222589726, 41.256702084942475 ], [ -7.817370006622217, 41.256702084942475 ], [ -7.817370006622217, 41.256271435551852 ], [ -7.8158895746872, 41.256271435551852 ], [ -7.8158895746872, 41.255840783321936 ], [ -7.814409142752186, 41.255840783321936 ], [ -7.814409142752186, 41.255410128252734 ], [ -7.812188494849659, 41.255410128252734 ], [ -7.812188494849659, 41.254979470344225 ], [ -7.810708062914642, 41.254979470344225 ] ] ], [ [ [ -8.419905804174, 41.348795727137578 ], [ -8.419165588206493, 41.348795727137578 ], [ -8.419165588206493, 41.349225765948923 ], [ -8.417685156271476, 41.349225765948923 ], [ -8.417685156271476, 41.349655801919774 ], [ -8.415464508368952, 41.349655801919774 ], [ -8.415464508368952, 41.349225765948923 ], [ -8.413243860466427, 41.349225765948923 ], [ -8.413243860466427, 41.348795727137578 ], [ -8.410282996596392, 41.348795727137578 ], [ -8.410282996596392, 41.348365685485724 ], [ -8.40732213272636, 41.348365685485724 ], [ -8.40732213272636, 41.347935640993398 ], [ -8.405101484823835, 41.347935640993398 ], [ -8.405101484823835, 41.347505593660586 ], [ -8.402140620953801, 41.347505593660586 ], [ -8.402140620953801, 41.346645490473527 ], [ -8.401400404986292, 41.346645490473527 ], [ -8.401400404986292, 41.346215434619296 ], [ -8.400660189018785, 41.346215434619296 ], [ -8.400660189018785, 41.345355314389465 ], [ -8.399919973051277, 41.345355314389465 ], [ -8.399919973051277, 41.344495182797836 ], [ -8.399179757083768, 41.344495182797836 ], [ -8.399179757083768, 41.335032985423709 ], [ -8.398439541116259, 41.335032985423709 ], [ -8.398439541116259, 41.329871207427374 ], [ -8.399179757083768, 41.329871207427374 ], [ -8.399179757083768, 41.329441040799239 ], [ -8.399919973051277, 41.329441040799239 ], [ -8.399919973051277, 41.32858069902224 ], [ -8.400660189018785, 41.32858069902224 ], [ -8.400660189018785, 41.328150523873376 ], [ -8.401400404986292, 41.328150523873376 ], [ -8.401400404986292, 41.327720345884302 ], [ -8.402140620953801, 41.327720345884302 ], [ -8.402140620953801, 41.327290165054983 ], [ -8.402880836921309, 41.327290165054983 ], [ -8.402880836921309, 41.326429794875708 ], [ -8.403621052888818, 41.326429794875708 ], [ -8.403621052888818, 41.325999605525752 ], [ -8.406581916758851, 41.325999605525752 ], [ -8.406581916758851, 41.326429794875708 ], [ -8.408062348693868, 41.326429794875708 ], [ -8.408062348693868, 41.326859981385461 ], [ -8.409542780628884, 41.326859981385461 ], [ -8.409542780628884, 41.327290165054983 ], [ -8.411023212563901, 41.327290165054983 ], [ -8.411023212563901, 41.325999605525752 ], [ -8.41176342853141, 41.325999605525752 ], [ -8.41176342853141, 41.3255694133356 ], [ -8.410282996596392, 41.3255694133356 ], [ -8.410282996596392, 41.325999605525752 ], [ -8.40732213272636, 41.325999605525752 ], [ -8.40732213272636, 41.3255694133356 ], [ -8.406581916758851, 41.3255694133356 ], [ -8.406581916758851, 41.32470902043471 ], [ -8.405841700791342, 41.32470902043471 ], [ -8.405841700791342, 41.323418409781972 ], [ -8.405101484823835, 41.323418409781972 ], [ -8.405101484823835, 41.322127773567708 ], [ -8.404361268856325, 41.322127773567708 ], [ -8.404361268856325, 41.321267335224093 ], [ -8.403621052888818, 41.321267335224093 ], [ -8.403621052888818, 41.317825468244379 ], [ -8.404361268856325, 41.317825468244379 ], [ -8.404361268856325, 41.315243948725325 ], [ -8.405101484823835, 41.315243948725325 ], [ -8.405101484823835, 41.313522878911229 ], [ -8.405841700791342, 41.313522878911229 ], [ -8.405841700791342, 41.313092604357593 ], [ -8.406581916758851, 41.313092604357593 ], [ -8.406581916758851, 41.312232046730209 ], [ -8.40732213272636, 41.312232046730209 ], [ -8.40732213272636, 41.311801763656462 ], [ -8.408062348693868, 41.311801763656462 ], [ -8.408062348693868, 41.310941188988927 ], [ -8.408802564661375, 41.310941188988927 ], [ -8.408802564661375, 41.31051089739514 ], [ -8.409542780628884, 41.31051089739514 ], [ -8.409542780628884, 41.310080602961357 ], [ -8.410282996596392, 41.310080602961357 ], [ -8.410282996596392, 41.309220005573778 ], [ -8.411023212563901, 41.309220005573778 ], [ -8.411023212563901, 41.308789702620011 ], [ -8.41176342853141, 41.308789702620011 ], [ -8.41176342853141, 41.308359396826262 ], [ -8.416944940303967, 41.308359396826262 ], [ -8.416944940303967, 41.308789702620011 ], [ -8.417685156271476, 41.308789702620011 ], [ -8.417685156271476, 41.309650305687569 ], [ -8.418425372238985, 41.309650305687569 ], [ -8.418425372238985, 41.31051089739514 ], [ -8.419165588206493, 41.31051089739514 ], [ -8.419165588206493, 41.311371477742703 ], [ -8.419905804174, 41.311371477742703 ], [ -8.419905804174, 41.31395315062484 ], [ -8.420646020141509, 41.31395315062484 ], [ -8.420646020141509, 41.316534721265214 ], [ -8.421386236109019, 41.316534721265214 ], [ -8.421386236109019, 41.319546424455204 ], [ -8.420646020141509, 41.319546424455204 ], [ -8.420646020141509, 41.321267335224093 ], [ -8.419905804174, 41.321267335224093 ], [ -8.419905804174, 41.322557988479296 ], [ -8.420646020141509, 41.322557988479296 ], [ -8.420646020141509, 41.322988200550711 ], [ -8.422126452076526, 41.322988200550711 ], [ -8.422126452076526, 41.322127773567708 ], [ -8.422866668044033, 41.322127773567708 ], [ -8.422866668044033, 41.32169755581598 ], [ -8.423606884011543, 41.32169755581598 ], [ -8.423606884011543, 41.321267335224093 ], [ -8.425087315946559, 41.321267335224093 ], [ -8.425087315946559, 41.320837111792073 ], [ -8.427307963849083, 41.320837111792073 ], [ -8.427307963849083, 41.321267335224093 ], [ -8.428048179816592, 41.321267335224093 ], [ -8.428048179816592, 41.32169755581598 ], [ -8.428788395784101, 41.32169755581598 ], [ -8.428788395784101, 41.322127773567708 ], [ -8.429528611751611, 41.322127773567708 ], [ -8.429528611751611, 41.322557988479296 ], [ -8.430268827719118, 41.322557988479296 ], [ -8.430268827719118, 41.322988200550711 ], [ -8.431009043686625, 41.322988200550711 ], [ -8.431009043686625, 41.323418409781972 ], [ -8.431749259654135, 41.323418409781972 ], [ -8.431749259654135, 41.322988200550711 ], [ -8.432489475621644, 41.322988200550711 ], [ -8.432489475621644, 41.322557988479296 ], [ -8.43396990755666, 41.322557988479296 ], [ -8.43396990755666, 41.322127773567708 ], [ -8.435450339491677, 41.322127773567708 ], [ -8.435450339491677, 41.32169755581598 ], [ -8.436190555459184, 41.32169755581598 ], [ -8.436190555459184, 41.321267335224093 ], [ -8.437670987394201, 41.321267335224093 ], [ -8.437670987394201, 41.320837111792073 ], [ -8.43841120336171, 41.320837111792073 ], [ -8.43841120336171, 41.320406885519908 ], [ -8.439891635296727, 41.320406885519908 ], [ -8.439891635296727, 41.319976656407619 ], [ -8.442112283199251, 41.319976656407619 ], [ -8.442112283199251, 41.320406885519908 ], [ -8.443592715134267, 41.320406885519908 ], [ -8.443592715134267, 41.320837111792073 ], [ -8.445073147069284, 41.320837111792073 ], [ -8.445073147069284, 41.321267335224093 ], [ -8.447293794971811, 41.321267335224093 ], [ -8.447293794971811, 41.32169755581598 ], [ -8.448774226906828, 41.32169755581598 ], [ -8.448774226906828, 41.322127773567708 ], [ -8.449514442874335, 41.322127773567708 ], [ -8.449514442874335, 41.322988200550711 ], [ -8.450254658841843, 41.322988200550711 ], [ -8.450254658841843, 41.324278819723972 ], [ -8.450994874809352, 41.324278819723972 ], [ -8.450994874809352, 41.325999605525752 ], [ -8.451735090776859, 41.325999605525752 ], [ -8.451735090776859, 41.326859981385461 ], [ -8.450994874809352, 41.326859981385461 ], [ -8.450994874809352, 41.329441040799239 ], [ -8.450254658841843, 41.329441040799239 ], [ -8.450254658841843, 41.332021997964141 ], [ -8.449514442874335, 41.332021997964141 ], [ -8.449514442874335, 41.334172717493914 ], [ -8.448774226906828, 41.334172717493914 ], [ -8.448774226906828, 41.334602852878966 ], [ -8.447293794971811, 41.334602852878966 ], [ -8.447293794971811, 41.335032985423709 ], [ -8.446553579004302, 41.335032985423709 ], [ -8.446553579004302, 41.335463115128135 ], [ -8.445073147069284, 41.335463115128135 ], [ -8.445073147069284, 41.335893241992238 ], [ -8.444332931101776, 41.335893241992238 ], [ -8.444332931101776, 41.337613721045287 ], [ -8.443592715134267, 41.337613721045287 ], [ -8.443592715134267, 41.340194354414237 ], [ -8.44285249916676, 41.340194354414237 ], [ -8.44285249916676, 41.340624450034404 ], [ -8.442112283199251, 41.340624450034404 ], [ -8.442112283199251, 41.341484632753598 ], [ -8.441372067231741, 41.341484632753598 ], [ -8.441372067231741, 41.342344804111178 ], [ -8.440631851264234, 41.342344804111178 ], [ -8.440631851264234, 41.342774885529344 ], [ -8.43396990755666, 41.342774885529344 ], [ -8.43396990755666, 41.343204964107116 ], [ -8.433229691589151, 41.343204964107116 ], [ -8.433229691589151, 41.34363503984445 ], [ -8.432489475621644, 41.34363503984445 ], [ -8.432489475621644, 41.344495182797836 ], [ -8.431749259654135, 41.344495182797836 ], [ -8.431749259654135, 41.345355314389465 ], [ -8.431009043686625, 41.345355314389465 ], [ -8.431009043686625, 41.349225765948923 ], [ -8.430268827719118, 41.349225765948923 ], [ -8.430268827719118, 41.350085835050116 ], [ -8.429528611751611, 41.350085835050116 ], [ -8.429528611751611, 41.350945892789277 ], [ -8.428788395784101, 41.350945892789277 ], [ -8.428788395784101, 41.351375917398073 ], [ -8.428048179816592, 41.351375917398073 ], [ -8.428048179816592, 41.351805939166354 ], [ -8.422866668044033, 41.351805939166354 ], [ -8.422866668044033, 41.350945892789277 ], [ -8.422126452076526, 41.350945892789277 ], [ -8.422126452076526, 41.350515865339958 ], [ -8.421386236109019, 41.350515865339958 ], [ -8.421386236109019, 41.349655801919774 ], [ -8.420646020141509, 41.349655801919774 ], [ -8.420646020141509, 41.349225765948923 ], [ -8.419905804174, 41.349225765948923 ], [ -8.419905804174, 41.348795727137578 ] ] ], [ [ [ -8.120858553300634, 41.374593027949011 ], [ -8.119378121365617, 41.374593027949011 ], [ -8.119378121365617, 41.374163156736422 ], [ -8.117897689430603, 41.374163156736422 ], [ -8.117897689430603, 41.373733282683013 ], [ -8.117157473463093, 41.373733282683013 ], [ -8.117157473463093, 41.373303405788796 ], [ -8.115677041528077, 41.373303405788796 ], [ -8.115677041528077, 41.371583869803935 ], [ -8.114936825560568, 41.371583869803935 ], [ -8.114936825560568, 41.369864288366578 ], [ -8.11419660959306, 41.369864288366578 ], [ -8.11419660959306, 41.36857457246056 ], [ -8.114936825560568, 41.36857457246056 ], [ -8.114936825560568, 41.366854911482136 ], [ -8.115677041528077, 41.366854911482136 ], [ -8.115677041528077, 41.365135205052148 ], [ -8.117157473463093, 41.365135205052148 ], [ -8.117157473463093, 41.364705271342892 ], [ -8.117897689430603, 41.364705271342892 ], [ -8.117897689430603, 41.364275334792936 ], [ -8.119378121365617, 41.364275334792936 ], [ -8.119378121365617, 41.363845395402286 ], [ -8.120858553300634, 41.363845395402286 ], [ -8.120858553300634, 41.364275334792936 ], [ -8.121598769268143, 41.364275334792936 ], [ -8.121598769268143, 41.364705271342892 ], [ -8.123079201203158, 41.364705271342892 ], [ -8.123079201203158, 41.365135205052148 ], [ -8.123819417170667, 41.365135205052148 ], [ -8.123819417170667, 41.365565135920711 ], [ -8.124559633138176, 41.365565135920711 ], [ -8.124559633138176, 41.367284830987828 ], [ -8.125299849105684, 41.367284830987828 ], [ -8.125299849105684, 41.368144661477046 ], [ -8.126040065073193, 41.368144661477046 ], [ -8.126040065073193, 41.366854911482136 ], [ -8.1267802810407, 41.366854911482136 ], [ -8.1267802810407, 41.365565135920711 ], [ -8.127520497008208, 41.365565135920711 ], [ -8.127520497008208, 41.362125609432923 ], [ -8.1267802810407, 41.362125609432923 ], [ -8.1267802810407, 41.360405778012961 ], [ -8.127520497008208, 41.360405778012961 ], [ -8.127520497008208, 41.358685901142742 ], [ -8.128260712975717, 41.358685901142742 ], [ -8.128260712975717, 41.357395963663556 ], [ -8.129000928943226, 41.357395963663556 ], [ -8.129000928943226, 41.356965978822629 ], [ -8.13122157684575, 41.356965978822629 ], [ -8.13122157684575, 41.356535991141087 ], [ -8.133442224748276, 41.356535991141087 ], [ -8.133442224748276, 41.356106000618965 ], [ -8.134922656683292, 41.356106000618965 ], [ -8.134922656683292, 41.356535991141087 ], [ -8.135662872650801, 41.356535991141087 ], [ -8.135662872650801, 41.357825945663905 ], [ -8.136403088618311, 41.357825945663905 ], [ -8.136403088618311, 41.358685901142742 ], [ -8.137143304585818, 41.358685901142742 ], [ -8.137143304585818, 41.359975813056352 ], [ -8.137883520553325, 41.359975813056352 ], [ -8.137883520553325, 41.36126569940425 ], [ -8.138623736520834, 41.36126569940425 ], [ -8.138623736520834, 41.362555560186273 ], [ -8.139363952488344, 41.362555560186273 ], [ -8.139363952488344, 41.362985508098951 ], [ -8.141584600390868, 41.362985508098951 ], [ -8.141584600390868, 41.363415453170958 ], [ -8.142324816358375, 41.363415453170958 ], [ -8.142324816358375, 41.363845395402286 ], [ -8.143065032325884, 41.363845395402286 ], [ -8.143065032325884, 41.364705271342892 ], [ -8.143805248293392, 41.364705271342892 ], [ -8.143805248293392, 41.365135205052148 ], [ -8.144545464260901, 41.365135205052148 ], [ -8.144545464260901, 41.36599506394856 ], [ -8.145285680228408, 41.36599506394856 ], [ -8.145285680228408, 41.367284830987828 ], [ -8.144545464260901, 41.367284830987828 ], [ -8.144545464260901, 41.373303405788796 ], [ -8.143805248293392, 41.373303405788796 ], [ -8.143805248293392, 41.375022896320786 ], [ -8.143065032325884, 41.375022896320786 ], [ -8.143065032325884, 41.375452761851733 ], [ -8.142324816358375, 41.375452761851733 ], [ -8.142324816358375, 41.375882624541852 ], [ -8.141584600390868, 41.375882624541852 ], [ -8.141584600390868, 41.376312484391129 ], [ -8.14084438442336, 41.376312484391129 ], [ -8.14084438442336, 41.37674234139957 ], [ -8.133442224748276, 41.37674234139957 ], [ -8.133442224748276, 41.377172195567162 ], [ -8.132702008780768, 41.377172195567162 ], [ -8.132702008780768, 41.377602046893898 ], [ -8.131961792813259, 41.377602046893898 ], [ -8.131961792813259, 41.3784617410248 ], [ -8.13122157684575, 41.3784617410248 ], [ -8.13122157684575, 41.379751260914617 ], [ -8.130481360878242, 41.379751260914617 ], [ -8.130481360878242, 41.380610926636749 ], [ -8.129741144910733, 41.380610926636749 ], [ -8.129741144910733, 41.381040755236477 ], [ -8.1267802810407, 41.381040755236477 ], [ -8.1267802810407, 41.380610926636749 ], [ -8.125299849105684, 41.380610926636749 ], [ -8.125299849105684, 41.380181095196129 ], [ -8.123079201203158, 41.380181095196129 ], [ -8.123079201203158, 41.378031895379785 ], [ -8.12233898523565, 41.378031895379785 ], [ -8.12233898523565, 41.374163156736422 ], [ -8.120858553300634, 41.374163156736422 ], [ -8.120858553300634, 41.374593027949011 ] ] ], [ [ [ -8.111235745723025, 41.451064841617743 ], [ -8.1090150978205, 41.451064841617743 ], [ -8.1090150978205, 41.451494204237804 ], [ -8.107534665885485, 41.451494204237804 ], [ -8.107534665885485, 41.451923564016063 ], [ -8.106054233950468, 41.451923564016063 ], [ -8.106054233950468, 41.452352920952549 ], [ -8.103093370080435, 41.452352920952549 ], [ -8.103093370080435, 41.451923564016063 ], [ -8.102353154112926, 41.451923564016063 ], [ -8.102353154112926, 41.451494204237804 ], [ -8.100872722177909, 41.451494204237804 ], [ -8.100872722177909, 41.451064841617743 ], [ -8.100132506210402, 41.451064841617743 ], [ -8.100132506210402, 41.450635476155917 ], [ -8.099392290242895, 41.450635476155917 ], [ -8.099392290242895, 41.450206107852324 ], [ -8.097911858307876, 41.450206107852324 ], [ -8.097911858307876, 41.449347362719848 ], [ -8.097171642340369, 41.449347362719848 ], [ -8.097171642340369, 41.447200450158057 ], [ -8.09643142637286, 41.447200450158057 ], [ -8.09643142637286, 41.445482868957505 ], [ -8.09569121040535, 41.445482868957505 ], [ -8.09569121040535, 41.443335828518485 ], [ -8.094950994437841, 41.443335828518485 ], [ -8.094950994437841, 41.440759286216306 ], [ -8.09569121040535, 41.440759286216306 ], [ -8.09569121040535, 41.439041534515162 ], [ -8.09643142637286, 41.439041534515162 ], [ -8.09643142637286, 41.43818264161483 ], [ -8.097171642340369, 41.43818264161483 ], [ -8.097171642340369, 41.437753190902228 ], [ -8.097911858307876, 41.437753190902228 ], [ -8.097911858307876, 41.437323737348024 ], [ -8.099392290242895, 41.437323737348024 ], [ -8.099392290242895, 41.436894280952217 ], [ -8.101612938145417, 41.436894280952217 ], [ -8.101612938145417, 41.437323737348024 ], [ -8.102353154112926, 41.437323737348024 ], [ -8.102353154112926, 41.437753190902228 ], [ -8.103093370080435, 41.437753190902228 ], [ -8.103093370080435, 41.43818264161483 ], [ -8.103833586047942, 41.43818264161483 ], [ -8.103833586047942, 41.438612089485815 ], [ -8.10457380201545, 41.438612089485815 ], [ -8.10457380201545, 41.439041534515162 ], [ -8.105314017982959, 41.439041534515162 ], [ -8.105314017982959, 41.438612089485815 ], [ -8.106054233950468, 41.438612089485815 ], [ -8.106054233950468, 41.43818264161483 ], [ -8.106794449917976, 41.43818264161483 ], [ -8.106794449917976, 41.437753190902228 ], [ -8.107534665885485, 41.437753190902228 ], [ -8.107534665885485, 41.437323737348024 ], [ -8.1090150978205, 41.437323737348024 ], [ -8.1090150978205, 41.436894280952217 ], [ -8.112716177658042, 41.436894280952217 ], [ -8.112716177658042, 41.437323737348024 ], [ -8.113456393625551, 41.437323737348024 ], [ -8.113456393625551, 41.437753190902228 ], [ -8.11419660959306, 41.437753190902228 ], [ -8.11419660959306, 41.43818264161483 ], [ -8.114936825560568, 41.43818264161483 ], [ -8.114936825560568, 41.438612089485815 ], [ -8.115677041528077, 41.438612089485815 ], [ -8.115677041528077, 41.439041534515162 ], [ -8.116417257495584, 41.439041534515162 ], [ -8.116417257495584, 41.439470976702907 ], [ -8.117157473463093, 41.439470976702907 ], [ -8.117157473463093, 41.439900416049014 ], [ -8.117897689430603, 41.439900416049014 ], [ -8.117897689430603, 41.440329852553482 ], [ -8.11863790539811, 41.440329852553482 ], [ -8.11863790539811, 41.440759286216306 ], [ -8.119378121365617, 41.440759286216306 ], [ -8.119378121365617, 41.441188717037484 ], [ -8.120118337333126, 41.441188717037484 ], [ -8.120118337333126, 41.442047570154884 ], [ -8.120858553300634, 41.442047570154884 ], [ -8.120858553300634, 41.442906411905625 ], [ -8.121598769268143, 41.442906411905625 ], [ -8.121598769268143, 41.443765242289672 ], [ -8.12233898523565, 41.443765242289672 ], [ -8.12233898523565, 41.445053466553098 ], [ -8.123079201203158, 41.445053466553098 ], [ -8.123079201203158, 41.447200450158057 ], [ -8.12233898523565, 41.447200450158057 ], [ -8.12233898523565, 41.451064841617743 ], [ -8.121598769268143, 41.451064841617743 ], [ -8.121598769268143, 41.451494204237804 ], [ -8.120858553300634, 41.451494204237804 ], [ -8.120858553300634, 41.451923564016063 ], [ -8.119378121365617, 41.451923564016063 ], [ -8.119378121365617, 41.452352920952549 ], [ -8.11863790539811, 41.452352920952549 ], [ -8.11863790539811, 41.452782275047241 ], [ -8.117897689430603, 41.452782275047241 ], [ -8.117897689430603, 41.453211626300146 ], [ -8.116417257495584, 41.453211626300146 ], [ -8.116417257495584, 41.453640974711249 ], [ -8.11419660959306, 41.453640974711249 ], [ -8.11419660959306, 41.453211626300146 ], [ -8.113456393625551, 41.453211626300146 ], [ -8.113456393625551, 41.452352920952549 ], [ -8.112716177658042, 41.452352920952549 ], [ -8.112716177658042, 41.451923564016063 ], [ -8.111975961690533, 41.451923564016063 ], [ -8.111975961690533, 41.451494204237804 ], [ -8.111235745723025, 41.451494204237804 ], [ -8.111235745723025, 41.451064841617743 ] ] ], [ [ [ -8.191919286181435, 41.59859789398682 ], [ -8.190438854246418, 41.59859789398682 ], [ -8.190438854246418, 41.599026278726249 ], [ -8.189698638278909, 41.599026278726249 ], [ -8.189698638278909, 41.599454660622115 ], [ -8.188958422311401, 41.599454660622115 ], [ -8.188958422311401, 41.599883039674424 ], [ -8.187477990376385, 41.599883039674424 ], [ -8.187477990376385, 41.599454660622115 ], [ -8.186737774408877, 41.599454660622115 ], [ -8.186737774408877, 41.599026278726249 ], [ -8.185997558441368, 41.599026278726249 ], [ -8.185997558441368, 41.598169506403828 ], [ -8.185257342473859, 41.598169506403828 ], [ -8.185257342473859, 41.597741115977279 ], [ -8.184517126506352, 41.597741115977279 ], [ -8.184517126506352, 41.597312722707173 ], [ -8.183776910538842, 41.597312722707173 ], [ -8.183776910538842, 41.596884326593539 ], [ -8.183036694571333, 41.596884326593539 ], [ -8.183036694571333, 41.593457055317444 ], [ -8.183776910538842, 41.593457055317444 ], [ -8.183776910538842, 41.590458043667098 ], [ -8.185257342473859, 41.590458043667098 ], [ -8.185257342473859, 41.590029602057442 ], [ -8.186737774408877, 41.590029602057442 ], [ -8.186737774408877, 41.589601157604321 ], [ -8.188958422311401, 41.589601157604321 ], [ -8.188958422311401, 41.588315807184294 ], [ -8.189698638278909, 41.588315807184294 ], [ -8.189698638278909, 41.58660196681614 ], [ -8.190438854246418, 41.58660196681614 ], [ -8.190438854246418, 41.585745029571548 ], [ -8.191179070213927, 41.585745029571548 ], [ -8.191179070213927, 41.585316556684148 ], [ -8.192659502148942, 41.585316556684148 ], [ -8.192659502148942, 41.584888080953327 ], [ -8.193399718116451, 41.584888080953327 ], [ -8.193399718116451, 41.584459602379113 ], [ -8.194880150051468, 41.584459602379113 ], [ -8.194880150051468, 41.583602636700533 ], [ -8.195620366018975, 41.583602636700533 ], [ -8.195620366018975, 41.582745659648417 ], [ -8.196360581986484, 41.582745659648417 ], [ -8.196360581986484, 41.581888671222821 ], [ -8.197100797953992, 41.581888671222821 ], [ -8.197100797953992, 41.580603167259234 ], [ -8.197841013921501, 41.580603167259234 ], [ -8.197841013921501, 41.579746150400098 ], [ -8.19858122988901, 41.579746150400098 ], [ -8.19858122988901, 41.578889122167631 ], [ -8.201542093759043, 41.578889122167631 ], [ -8.201542093759043, 41.579317637705529 ], [ -8.20302252569406, 41.579317637705529 ], [ -8.20302252569406, 41.579746150400098 ], [ -8.204502957629076, 41.579746150400098 ], [ -8.204502957629076, 41.580174660251338 ], [ -8.205983389564093, 41.580174660251338 ], [ -8.205983389564093, 41.580603167259234 ], [ -8.207463821499109, 41.580603167259234 ], [ -8.207463821499109, 41.581031671423787 ], [ -8.208944253434126, 41.581031671423787 ], [ -8.208944253434126, 41.581888671222821 ], [ -8.209684469401635, 41.581888671222821 ], [ -8.209684469401635, 41.582745659648417 ], [ -8.210424685369142, 41.582745659648417 ], [ -8.210424685369142, 41.583174149596168 ], [ -8.21116490133665, 41.583174149596168 ], [ -8.21116490133665, 41.587887351357395 ], [ -8.211905117304159, 41.587887351357395 ], [ -8.211905117304159, 41.588315807184294 ], [ -8.212645333271668, 41.588315807184294 ], [ -8.212645333271668, 41.588744260167751 ], [ -8.214125765206683, 41.588744260167751 ], [ -8.214125765206683, 41.589172710307757 ], [ -8.214865981174192, 41.589172710307757 ], [ -8.214865981174192, 41.589601157604321 ], [ -8.2156061971417, 41.589601157604321 ], [ -8.2156061971417, 41.590029602057442 ], [ -8.216346413109209, 41.590029602057442 ], [ -8.216346413109209, 41.590886482433284 ], [ -8.217086629076718, 41.590886482433284 ], [ -8.217086629076718, 41.592171781671034 ], [ -8.217826845044225, 41.592171781671034 ], [ -8.217826845044225, 41.593028633612121 ], [ -8.218567061011735, 41.593028633612121 ], [ -8.218567061011735, 41.598169506403828 ], [ -8.217826845044225, 41.598169506403828 ], [ -8.217826845044225, 41.599026278726249 ], [ -8.217086629076718, 41.599026278726249 ], [ -8.217086629076718, 41.599883039674424 ], [ -8.216346413109209, 41.599883039674424 ], [ -8.216346413109209, 41.601168159769848 ], [ -8.2156061971417, 41.601168159769848 ], [ -8.2156061971417, 41.602024892282202 ], [ -8.214865981174192, 41.602024892282202 ], [ -8.214865981174192, 41.602881613420152 ], [ -8.214125765206683, 41.602881613420152 ], [ -8.214125765206683, 41.603309969723703 ], [ -8.205243173596585, 41.603309969723703 ], [ -8.205243173596585, 41.603738323183656 ], [ -8.194880150051468, 41.603738323183656 ], [ -8.194880150051468, 41.603309969723703 ], [ -8.194139934083958, 41.603309969723703 ], [ -8.194139934083958, 41.602024892282202 ], [ -8.193399718116451, 41.602024892282202 ], [ -8.193399718116451, 41.600739789248294 ], [ -8.192659502148942, 41.600739789248294 ], [ -8.192659502148942, 41.599454660622115 ], [ -8.191919286181435, 41.599454660622115 ], [ -8.191919286181435, 41.59859789398682 ] ] ], [ [ [ -8.647892322166568, 41.723992959801322 ], [ -8.646411890231551, 41.723992959801322 ], [ -8.646411890231551, 41.724420511162222 ], [ -8.644191242329027, 41.724420511162222 ], [ -8.644191242329027, 41.724848059678102 ], [ -8.641230378458994, 41.724848059678102 ], [ -8.641230378458994, 41.723565405595402 ], [ -8.640490162491485, 41.723565405595402 ], [ -8.640490162491485, 41.722710288648543 ], [ -8.639749946523976, 41.722710288648543 ], [ -8.639749946523976, 41.721427591890738 ], [ -8.639009730556468, 41.721427591890738 ], [ -8.639009730556468, 41.720572446493932 ], [ -8.638269514588959, 41.720572446493932 ], [ -8.638269514588959, 41.719289707061392 ], [ -8.639009730556468, 41.719289707061392 ], [ -8.639009730556468, 41.718006942024175 ], [ -8.639749946523976, 41.718006942024175 ], [ -8.639749946523976, 41.716724151382444 ], [ -8.640490162491485, 41.716724151382444 ], [ -8.640490162491485, 41.71544133513629 ], [ -8.639749946523976, 41.71544133513629 ], [ -8.639749946523976, 41.714586110080923 ], [ -8.639009730556468, 41.714586110080923 ], [ -8.639009730556468, 41.714158493285865 ], [ -8.638269514588959, 41.714158493285865 ], [ -8.638269514588959, 41.713303251161058 ], [ -8.637529298621452, 41.713303251161058 ], [ -8.637529298621452, 41.712875625831309 ], [ -8.636789082653943, 41.712875625831309 ], [ -8.636789082653943, 41.712020366637141 ], [ -8.636048866686433, 41.712020366637141 ], [ -8.636048866686433, 41.711165096063461 ], [ -8.635308650718926, 41.711165096063461 ], [ -8.635308650718926, 41.711592732772736 ], [ -8.634568434751419, 41.711592732772736 ], [ -8.634568434751419, 41.712447997656668 ], [ -8.633828218783909, 41.712447997656668 ], [ -8.633828218783909, 41.712875625831309 ], [ -8.6330880028164, 41.712875625831309 ], [ -8.6330880028164, 41.713303251161058 ], [ -8.632347786848893, 41.713303251161058 ], [ -8.632347786848893, 41.713730873645915 ], [ -8.631607570881384, 41.713730873645915 ], [ -8.631607570881384, 41.714158493285865 ], [ -8.630127138946369, 41.714158493285865 ], [ -8.630127138946369, 41.713730873645915 ], [ -8.62938692297886, 41.713730873645915 ], [ -8.62938692297886, 41.713303251161058 ], [ -8.628646707011351, 41.713303251161058 ], [ -8.628646707011351, 41.712875625831309 ], [ -8.627906491043843, 41.712875625831309 ], [ -8.627906491043843, 41.712447997656668 ], [ -8.627166275076336, 41.712447997656668 ], [ -8.627166275076336, 41.712020366637141 ], [ -8.626426059108827, 41.712020366637141 ], [ -8.626426059108827, 41.711592732772736 ], [ -8.625685843141317, 41.711592732772736 ], [ -8.625685843141317, 41.706460904501007 ], [ -8.626426059108827, 41.706460904501007 ], [ -8.626426059108827, 41.706033233653613 ], [ -8.627166275076336, 41.706033233653613 ], [ -8.627166275076336, 41.705605559961398 ], [ -8.627906491043843, 41.705605559961398 ], [ -8.627906491043843, 41.705177883424398 ], [ -8.628646707011351, 41.705177883424398 ], [ -8.628646707011351, 41.704322521815946 ], [ -8.62938692297886, 41.704322521815946 ], [ -8.62938692297886, 41.703467148828352 ], [ -8.628646707011351, 41.703467148828352 ], [ -8.628646707011351, 41.702611764461622 ], [ -8.627906491043843, 41.702611764461622 ], [ -8.627906491043843, 41.701756368715799 ], [ -8.627166275076336, 41.701756368715799 ], [ -8.627166275076336, 41.701328666575741 ], [ -8.626426059108827, 41.701328666575741 ], [ -8.626426059108827, 41.700045543087057 ], [ -8.625685843141317, 41.700045543087057 ], [ -8.625685843141317, 41.701328666575741 ], [ -8.62494562717381, 41.701328666575741 ], [ -8.62494562717381, 41.7021840680111 ], [ -8.624205411206303, 41.7021840680111 ], [ -8.624205411206303, 41.70303945806738 ], [ -8.623465195238794, 41.70303945806738 ], [ -8.623465195238794, 41.703467148828352 ], [ -8.619023899433742, 41.703467148828352 ], [ -8.619023899433742, 41.70303945806738 ], [ -8.618283683466235, 41.70303945806738 ], [ -8.618283683466235, 41.7021840680111 ], [ -8.617543467498725, 41.7021840680111 ], [ -8.617543467498725, 41.701328666575741 ], [ -8.616803251531218, 41.701328666575741 ], [ -8.616803251531218, 41.700473253761366 ], [ -8.616063035563711, 41.700473253761366 ], [ -8.616063035563711, 41.698334671942419 ], [ -8.616803251531218, 41.698334671942419 ], [ -8.616803251531218, 41.694912793106781 ], [ -8.617543467498725, 41.694912793106781 ], [ -8.617543467498725, 41.694057294950923 ], [ -8.619764115401251, 41.694057294950923 ], [ -8.619764115401251, 41.693629541605993 ], [ -8.621244547336268, 41.693629541605993 ], [ -8.621244547336268, 41.692346264503186 ], [ -8.62050433136876, 41.692346264503186 ], [ -8.62050433136876, 41.691062961798494 ], [ -8.619764115401251, 41.691062961798494 ], [ -8.619764115401251, 41.689779633492044 ], [ -8.619023899433742, 41.689779633492044 ], [ -8.619023899433742, 41.687212900074421 ], [ -8.619764115401251, 41.687212900074421 ], [ -8.619764115401251, 41.685501687570714 ], [ -8.62050433136876, 41.685501687570714 ], [ -8.62050433136876, 41.684646064251368 ], [ -8.621984763303777, 41.684646064251368 ], [ -8.621984763303777, 41.684218248324861 ], [ -8.622724979271286, 41.684218248324861 ], [ -8.622724979271286, 41.678656382426972 ], [ -8.623465195238794, 41.678656382426972 ], [ -8.623465195238794, 41.67822852667706 ], [ -8.624205411206303, 41.67822852667706 ], [ -8.624205411206303, 41.677372806643767 ], [ -8.62494562717381, 41.677372806643767 ], [ -8.62494562717381, 41.6769449423604 ], [ -8.625685843141317, 41.6769449423604 ], [ -8.625685843141317, 41.67608920526024 ], [ -8.626426059108827, 41.67608920526024 ], [ -8.626426059108827, 41.675661332443447 ], [ -8.627166275076336, 41.675661332443447 ], [ -8.627166275076336, 41.674805578276505 ], [ -8.627906491043843, 41.674805578276505 ], [ -8.627906491043843, 41.674377696926349 ], [ -8.6330880028164, 41.674377696926349 ], [ -8.6330880028164, 41.674805578276505 ], [ -8.633828218783909, 41.674805578276505 ], [ -8.633828218783909, 41.675233456782202 ], [ -8.634568434751419, 41.675233456782202 ], [ -8.634568434751419, 41.675661332443447 ], [ -8.635308650718926, 41.675661332443447 ], [ -8.635308650718926, 41.676517075232553 ], [ -8.636048866686433, 41.676517075232553 ], [ -8.636048866686433, 41.6769449423604 ], [ -8.636789082653943, 41.6769449423604 ], [ -8.636789082653943, 41.677372806643767 ], [ -8.637529298621452, 41.677372806643767 ], [ -8.637529298621452, 41.67822852667706 ], [ -8.638269514588959, 41.67822852667706 ], [ -8.638269514588959, 41.678656382426972 ], [ -8.639009730556468, 41.678656382426972 ], [ -8.639009730556468, 41.679084235332382 ], [ -8.639749946523976, 41.679084235332382 ], [ -8.639749946523976, 41.680367776981598 ], [ -8.640490162491485, 41.680367776981598 ], [ -8.640490162491485, 41.681651293030178 ], [ -8.641230378458994, 41.681651293030178 ], [ -8.641230378458994, 41.682506956173249 ], [ -8.645671674264044, 41.682506956173249 ], [ -8.645671674264044, 41.682934783477975 ], [ -8.646411890231551, 41.682934783477975 ], [ -8.646411890231551, 41.683790429553788 ], [ -8.64715210619906, 41.683790429553788 ], [ -8.64715210619906, 41.684218248324861 ], [ -8.647892322166568, 41.684218248324861 ], [ -8.647892322166568, 41.685073877333323 ], [ -8.653073833939127, 41.685073877333323 ], [ -8.653073833939127, 41.684646064251368 ], [ -8.656774913776669, 41.684646064251368 ], [ -8.656774913776669, 41.684218248324861 ], [ -8.65603469780916, 41.684218248324861 ], [ -8.65603469780916, 41.679939932609699 ], [ -8.656774913776669, 41.679939932609699 ], [ -8.656774913776669, 41.679084235332382 ], [ -8.657515129744178, 41.679084235332382 ], [ -8.657515129744178, 41.677800668082654 ], [ -8.658255345711686, 41.677800668082654 ], [ -8.658255345711686, 41.6769449423604 ], [ -8.658995561679193, 41.6769449423604 ], [ -8.658995561679193, 41.675661332443447 ], [ -8.659735777646702, 41.675661332443447 ], [ -8.659735777646702, 41.674805578276505 ], [ -8.66047599361421, 41.674805578276505 ], [ -8.66047599361421, 41.674377696926349 ], [ -8.664917289419259, 41.674377696926349 ], [ -8.664917289419259, 41.674805578276505 ], [ -8.665657505386768, 41.674805578276505 ], [ -8.665657505386768, 41.675233456782202 ], [ -8.666397721354276, 41.675233456782202 ], [ -8.666397721354276, 41.675661332443447 ], [ -8.667137937321785, 41.675661332443447 ], [ -8.667137937321785, 41.67608920526024 ], [ -8.667878153289294, 41.67608920526024 ], [ -8.667878153289294, 41.676517075232553 ], [ -8.668618369256802, 41.676517075232553 ], [ -8.668618369256802, 41.677372806643767 ], [ -8.669358585224309, 41.677372806643767 ], [ -8.669358585224309, 41.67822852667706 ], [ -8.670098801191818, 41.67822852667706 ], [ -8.670098801191818, 41.680367776981598 ], [ -8.670839017159325, 41.680367776981598 ], [ -8.670839017159325, 41.683362607938165 ], [ -8.670098801191818, 41.683362607938165 ], [ -8.670098801191818, 41.685501687570714 ], [ -8.669358585224309, 41.685501687570714 ], [ -8.669358585224309, 41.687212900074421 ], [ -8.668618369256802, 41.687212900074421 ], [ -8.668618369256802, 41.68764069608887 ], [ -8.666397721354276, 41.68764069608887 ], [ -8.666397721354276, 41.688068489258725 ], [ -8.664917289419259, 41.688068489258725 ], [ -8.664917289419259, 41.689779633492044 ], [ -8.665657505386768, 41.689779633492044 ], [ -8.665657505386768, 41.69063518854098 ], [ -8.666397721354276, 41.69063518854098 ], [ -8.666397721354276, 41.691918499779597 ], [ -8.667137937321785, 41.691918499779597 ], [ -8.667137937321785, 41.693201785416385 ], [ -8.667878153289294, 41.693201785416385 ], [ -8.667878153289294, 41.693629541605993 ], [ -8.667137937321785, 41.693629541605993 ], [ -8.667137937321785, 41.695340537917666 ], [ -8.666397721354276, 41.695340537917666 ], [ -8.666397721354276, 41.697051488714337 ], [ -8.665657505386768, 41.697051488714337 ], [ -8.665657505386768, 41.697479219301755 ], [ -8.664917289419259, 41.697479219301755 ], [ -8.664917289419259, 41.697906947044451 ], [ -8.664177073451752, 41.697906947044451 ], [ -8.664177073451752, 41.698334671942419 ], [ -8.663436857484244, 41.698334671942419 ], [ -8.663436857484244, 41.698762393995679 ], [ -8.664177073451752, 41.698762393995679 ], [ -8.664177073451752, 41.700900961590932 ], [ -8.664917289419259, 41.700900961590932 ], [ -8.664917289419259, 41.702611764461622 ], [ -8.665657505386768, 41.702611764461622 ], [ -8.665657505386768, 41.704322521815946 ], [ -8.666397721354276, 41.704322521815946 ], [ -8.666397721354276, 41.706460904501007 ], [ -8.667137937321785, 41.706460904501007 ], [ -8.667137937321785, 41.708171559442398 ], [ -8.667878153289294, 41.708171559442398 ], [ -8.667878153289294, 41.709882168866415 ], [ -8.668618369256802, 41.709882168866415 ], [ -8.668618369256802, 41.711592732772736 ], [ -8.669358585224309, 41.711592732772736 ], [ -8.669358585224309, 41.713303251161058 ], [ -8.668618369256802, 41.713303251161058 ], [ -8.668618369256802, 41.715013724031053 ], [ -8.667878153289294, 41.715013724031053 ], [ -8.667878153289294, 41.716296548811982 ], [ -8.667137937321785, 41.716296548811982 ], [ -8.667137937321785, 41.716724151382444 ], [ -8.666397721354276, 41.716724151382444 ], [ -8.666397721354276, 41.71757934798854 ], [ -8.665657505386768, 41.71757934798854 ], [ -8.665657505386768, 41.721855160321667 ], [ -8.666397721354276, 41.721855160321667 ], [ -8.666397721354276, 41.723565405595402 ], [ -8.665657505386768, 41.723565405595402 ], [ -8.665657505386768, 41.723992959801322 ], [ -8.664917289419259, 41.723992959801322 ], [ -8.664917289419259, 41.724848059678102 ], [ -8.664177073451752, 41.724848059678102 ], [ -8.664177073451752, 41.725703148174766 ], [ -8.663436857484244, 41.725703148174766 ], [ -8.663436857484244, 41.726130688155543 ], [ -8.650853186036601, 41.726130688155543 ], [ -8.650853186036601, 41.725703148174766 ], [ -8.650112970069092, 41.725703148174766 ], [ -8.650112970069092, 41.725275605348941 ], [ -8.649372754101584, 41.725275605348941 ], [ -8.649372754101584, 41.724848059678102 ], [ -8.648632538134077, 41.724848059678102 ], [ -8.648632538134077, 41.724420511162222 ], [ -8.647892322166568, 41.724420511162222 ], [ -8.647892322166568, 41.723992959801322 ] ] ], [ [ [ -7.229638528420599, 41.749641005600289 ], [ -7.228898312453092, 41.749641005600289 ], [ -7.228898312453092, 41.748786235762388 ], [ -7.225197232615549, 41.748786235762388 ], [ -7.225197232615549, 41.748358846575485 ], [ -7.224457016648041, 41.748358846575485 ], [ -7.224457016648041, 41.747504059665815 ], [ -7.223716800680534, 41.747504059665815 ], [ -7.223716800680534, 41.746649261374998 ], [ -7.222976584713025, 41.746649261374998 ], [ -7.222976584713025, 41.745794451703105 ], [ -7.222236368745516, 41.745794451703105 ], [ -7.222236368745516, 41.742802528225845 ], [ -7.222976584713025, 41.742802528225845 ], [ -7.222976584713025, 41.735535847928716 ], [ -7.223716800680534, 41.735535847928716 ], [ -7.223716800680534, 41.734680890306066 ], [ -7.224457016648041, 41.734680890306066 ], [ -7.224457016648041, 41.733825921302866 ], [ -7.225197232615549, 41.733825921302866 ], [ -7.225197232615549, 41.733398432533576 ], [ -7.225937448583058, 41.733398432533576 ], [ -7.225937448583058, 41.732543446459609 ], [ -7.228158096485584, 41.732543446459609 ], [ -7.228158096485584, 41.732970940919152 ], [ -7.229638528420599, 41.732970940919152 ], [ -7.229638528420599, 41.733398432533576 ], [ -7.231118960355618, 41.733398432533576 ], [ -7.231118960355618, 41.733825921302866 ], [ -7.233339608258142, 41.733825921302866 ], [ -7.233339608258142, 41.734253407227037 ], [ -7.234820040193158, 41.734253407227037 ], [ -7.234820040193158, 41.734680890306066 ], [ -7.236300472128176, 41.734680890306066 ], [ -7.236300472128176, 41.735108370539962 ], [ -7.237780904063192, 41.735108370539962 ], [ -7.237780904063192, 41.735535847928716 ], [ -7.240001551965716, 41.735535847928716 ], [ -7.240001551965716, 41.735963322472315 ], [ -7.241481983900733, 41.735963322472315 ], [ -7.241481983900733, 41.736390794170767 ], [ -7.242962415835749, 41.736390794170767 ], [ -7.242962415835749, 41.736818263024055 ], [ -7.244442847770767, 41.736818263024055 ], [ -7.244442847770767, 41.737245729032189 ], [ -7.245183063738274, 41.737245729032189 ], [ -7.245183063738274, 41.738528109985552 ], [ -7.245923279705783, 41.738528109985552 ], [ -7.245923279705783, 41.740665354670782 ], [ -7.246663495673292, 41.740665354670782 ], [ -7.246663495673292, 41.74152023262846 ], [ -7.245923279705783, 41.74152023262846 ], [ -7.245923279705783, 41.74322995440118 ], [ -7.245183063738274, 41.74322995440118 ], [ -7.245183063738274, 41.74493963065013 ], [ -7.244442847770767, 41.74493963065013 ], [ -7.244442847770767, 41.747076661943048 ], [ -7.243702631803258, 41.747076661943048 ], [ -7.243702631803258, 41.748786235762388 ], [ -7.242962415835749, 41.748786235762388 ], [ -7.242962415835749, 41.749641005600289 ], [ -7.242222199868242, 41.749641005600289 ], [ -7.242222199868242, 41.750068386251272 ], [ -7.241481983900733, 41.750068386251272 ], [ -7.241481983900733, 41.75092313901731 ], [ -7.240741767933224, 41.75092313901731 ], [ -7.240741767933224, 41.751350511132337 ], [ -7.240001551965716, 41.751350511132337 ], [ -7.240001551965716, 41.751777880402045 ], [ -7.237040688095683, 41.751777880402045 ], [ -7.237040688095683, 41.752205246826428 ], [ -7.234079824225649, 41.752205246826428 ], [ -7.234079824225649, 41.752632610405456 ], [ -7.231859176323125, 41.752632610405456 ], [ -7.231859176323125, 41.752205246826428 ], [ -7.231118960355618, 41.752205246826428 ], [ -7.231118960355618, 41.751350511132337 ], [ -7.230378744388108, 41.751350511132337 ], [ -7.230378744388108, 41.75049576405695 ], [ -7.229638528420599, 41.75049576405695 ], [ -7.229638528420599, 41.749641005600289 ] ] ], [ [ [ -7.610849751687391, 41.806884656360282 ], [ -7.610849751687391, 41.807311655696488 ], [ -7.609369319752376, 41.807311655696488 ], [ -7.609369319752376, 41.806884656360282 ], [ -7.607888887817359, 41.806884656360282 ], [ -7.607888887817359, 41.806457654178125 ], [ -7.60714867184985, 41.806457654178125 ], [ -7.60714867184985, 41.806030649150038 ], [ -7.605668239914835, 41.806030649150038 ], [ -7.605668239914835, 41.804749616990108 ], [ -7.604928023947326, 41.804749616990108 ], [ -7.604928023947326, 41.803041534267258 ], [ -7.604187807979817, 41.803041534267258 ], [ -7.604187807979817, 41.801333406009881 ], [ -7.603447592012309, 41.801333406009881 ], [ -7.603447592012309, 41.79962523221829 ], [ -7.6027073760448, 41.79962523221829 ], [ -7.6027073760448, 41.797489950946769 ], [ -7.601967160077292, 41.797489950946769 ], [ -7.601967160077292, 41.797062886154912 ], [ -7.601226944109785, 41.797062886154912 ], [ -7.601226944109785, 41.797917012892796 ], [ -7.600486728142275, 41.797917012892796 ], [ -7.600486728142275, 41.79834407199295 ], [ -7.599746512174766, 41.79834407199295 ], [ -7.599746512174766, 41.798771128247253 ], [ -7.599006296207259, 41.798771128247253 ], [ -7.599006296207259, 41.799198181655704 ], [ -7.596785648304733, 41.799198181655704 ], [ -7.596785648304733, 41.798771128247253 ], [ -7.595305216369718, 41.798771128247253 ], [ -7.595305216369718, 41.79834407199295 ], [ -7.594565000402209, 41.79834407199295 ], [ -7.594565000402209, 41.797917012892796 ], [ -7.593824784434701, 41.797917012892796 ], [ -7.593824784434701, 41.797489950946769 ], [ -7.593084568467192, 41.797489950946769 ], [ -7.593084568467192, 41.795781674704308 ], [ -7.587903056694633, 41.795781674704308 ], [ -7.587903056694633, 41.795354598529109 ], [ -7.587162840727125, 41.795354598529109 ], [ -7.587162840727125, 41.794927519508086 ], [ -7.586422624759618, 41.794927519508086 ], [ -7.586422624759618, 41.794500437641261 ], [ -7.585682408792109, 41.794500437641261 ], [ -7.585682408792109, 41.79364626537015 ], [ -7.584201976857091, 41.79364626537015 ], [ -7.584201976857091, 41.794073352928606 ], [ -7.583461760889584, 41.794073352928606 ], [ -7.583461760889584, 41.794500437641261 ], [ -7.582721544922075, 41.794500437641261 ], [ -7.582721544922075, 41.794927519508086 ], [ -7.581981328954566, 41.794927519508086 ], [ -7.581981328954566, 41.795354598529109 ], [ -7.581241112987058, 41.795354598529109 ], [ -7.581241112987058, 41.795781674704308 ], [ -7.580500897019551, 41.795781674704308 ], [ -7.580500897019551, 41.796208748033671 ], [ -7.579760681052042, 41.796208748033671 ], [ -7.579760681052042, 41.795781674704308 ], [ -7.578280249117025, 41.795781674704308 ], [ -7.578280249117025, 41.795354598529109 ], [ -7.577540033149516, 41.795354598529109 ], [ -7.577540033149516, 41.794927519508086 ], [ -7.576799817182009, 41.794927519508086 ], [ -7.576799817182009, 41.794500437641261 ], [ -7.5760596012145, 41.794500437641261 ], [ -7.5760596012145, 41.794073352928606 ], [ -7.575319385246991, 41.794073352928606 ], [ -7.575319385246991, 41.790229462454 ], [ -7.574579169279484, 41.790229462454 ], [ -7.574579169279484, 41.788520992697428 ], [ -7.575319385246991, 41.788520992697428 ], [ -7.575319385246991, 41.788093868143903 ], [ -7.5760596012145, 41.788093868143903 ], [ -7.5760596012145, 41.78766674074464 ], [ -7.576799817182009, 41.78766674074464 ], [ -7.576799817182009, 41.786812477408915 ], [ -7.577540033149516, 41.786812477408915 ], [ -7.577540033149516, 41.78638534147246 ], [ -7.578280249117025, 41.78638534147246 ], [ -7.578280249117025, 41.785958202690288 ], [ -7.579020465084534, 41.785958202690288 ], [ -7.579020465084534, 41.785531061062386 ], [ -7.579760681052042, 41.785531061062386 ], [ -7.579760681052042, 41.784676769269467 ], [ -7.579020465084534, 41.784676769269467 ], [ -7.579020465084534, 41.783822466093739 ], [ -7.578280249117025, 41.783822466093739 ], [ -7.578280249117025, 41.783395310237324 ], [ -7.577540033149516, 41.783395310237324 ], [ -7.577540033149516, 41.782540989987446 ], [ -7.576799817182009, 41.782540989987446 ], [ -7.576799817182009, 41.781259488270059 ], [ -7.577540033149516, 41.781259488270059 ], [ -7.577540033149516, 41.777842025148132 ], [ -7.578280249117025, 41.777842025148132 ], [ -7.578280249117025, 41.776560429524444 ], [ -7.579020465084534, 41.776560429524444 ], [ -7.579020465084534, 41.776133225292 ], [ -7.581241112987058, 41.776133225292 ], [ -7.581241112987058, 41.775706018213931 ], [ -7.582721544922075, 41.775706018213931 ], [ -7.582721544922075, 41.77527880829026 ], [ -7.583461760889584, 41.77527880829026 ], [ -7.583461760889584, 41.774851595521 ], [ -7.584201976857091, 41.774851595521 ], [ -7.584201976857091, 41.773997161445699 ], [ -7.584942192824601, 41.773997161445699 ], [ -7.584942192824601, 41.773142715988065 ], [ -7.585682408792109, 41.773142715988065 ], [ -7.585682408792109, 41.77271548899089 ], [ -7.586422624759618, 41.77271548899089 ], [ -7.586422624759618, 41.771861026459831 ], [ -7.587162840727125, 41.771861026459831 ], [ -7.587162840727125, 41.771433790925961 ], [ -7.589383488629649, 41.771433790925961 ], [ -7.589383488629649, 41.771861026459831 ], [ -7.591604136532175, 41.771861026459831 ], [ -7.591604136532175, 41.772288259148141 ], [ -7.593824784434701, 41.772288259148141 ], [ -7.593824784434701, 41.771861026459831 ], [ -7.594565000402209, 41.771861026459831 ], [ -7.594565000402209, 41.771433790925961 ], [ -7.595305216369718, 41.771433790925961 ], [ -7.595305216369718, 41.771006552546545 ], [ -7.596045432337224, 41.771006552546545 ], [ -7.596045432337224, 41.770579311321569 ], [ -7.597525864272242, 41.770579311321569 ], [ -7.597525864272242, 41.770152067251047 ], [ -7.599006296207259, 41.770152067251047 ], [ -7.599006296207259, 41.770579311321569 ], [ -7.604928023947326, 41.770579311321569 ], [ -7.604928023947326, 41.770152067251047 ], [ -7.606408455882341, 41.770152067251047 ], [ -7.606408455882341, 41.769724820335 ], [ -7.607888887817359, 41.769724820335 ], [ -7.607888887817359, 41.7692975705734 ], [ -7.609369319752376, 41.7692975705734 ], [ -7.609369319752376, 41.768870317966282 ], [ -7.608629103784867, 41.768870317966282 ], [ -7.608629103784867, 41.767161279082593 ], [ -7.607888887817359, 41.767161279082593 ], [ -7.607888887817359, 41.765452194670814 ], [ -7.60714867184985, 41.765452194670814 ], [ -7.60714867184985, 41.765024916454131 ], [ -7.607888887817359, 41.765024916454131 ], [ -7.607888887817359, 41.763743064731237 ], [ -7.608629103784867, 41.763743064731237 ], [ -7.608629103784867, 41.762461187399133 ], [ -7.609369319752376, 41.762461187399133 ], [ -7.609369319752376, 41.761179284457953 ], [ -7.610109535719883, 41.761179284457953 ], [ -7.610109535719883, 41.759470040700251 ], [ -7.610849751687391, 41.759470040700251 ], [ -7.610849751687391, 41.757760751415844 ], [ -7.610109535719883, 41.757760751415844 ], [ -7.610109535719883, 41.756906089701218 ], [ -7.609369319752376, 41.756906089701218 ], [ -7.609369319752376, 41.752205246826428 ], [ -7.610109535719883, 41.752205246826428 ], [ -7.610109535719883, 41.751350511132337 ], [ -7.610849751687391, 41.751350511132337 ], [ -7.610849751687391, 41.75049576405695 ], [ -7.611589967654901, 41.75049576405695 ], [ -7.611589967654901, 41.750068386251272 ], [ -7.612330183622409, 41.750068386251272 ], [ -7.612330183622409, 41.74921362210398 ], [ -7.613070399589917, 41.74921362210398 ], [ -7.613070399589917, 41.748786235762388 ], [ -7.616771479427458, 41.748786235762388 ], [ -7.616771479427458, 41.748358846575485 ], [ -7.61603126345995, 41.748358846575485 ], [ -7.61603126345995, 41.747076661943048 ], [ -7.615291047492441, 41.747076661943048 ], [ -7.615291047492441, 41.745794451703105 ], [ -7.614550831524934, 41.745794451703105 ], [ -7.614550831524934, 41.744512215855764 ], [ -7.613810615557426, 41.744512215855764 ], [ -7.613810615557426, 41.744084798216143 ], [ -7.614550831524934, 41.744084798216143 ], [ -7.614550831524934, 41.742375099205269 ], [ -7.615291047492441, 41.742375099205269 ], [ -7.615291047492441, 41.740665354670782 ], [ -7.61603126345995, 41.740665354670782 ], [ -7.61603126345995, 41.740237911424124 ], [ -7.616771479427458, 41.740237911424124 ], [ -7.616771479427458, 41.739810465332269 ], [ -7.617511695394967, 41.739810465332269 ], [ -7.617511695394967, 41.739383016395223 ], [ -7.618992127329983, 41.739383016395223 ], [ -7.618992127329983, 41.738955564612979 ], [ -7.621212775232508, 41.738955564612979 ], [ -7.621212775232508, 41.739383016395223 ], [ -7.621952991200017, 41.739383016395223 ], [ -7.621952991200017, 41.739810465332269 ], [ -7.623433423135034, 41.739810465332269 ], [ -7.623433423135034, 41.738100652512934 ], [ -7.624173639102543, 41.738100652512934 ], [ -7.624173639102543, 41.736390794170767 ], [ -7.624913855070049, 41.736390794170767 ], [ -7.624913855070049, 41.735108370539962 ], [ -7.625654071037558, 41.735108370539962 ], [ -7.625654071037558, 41.734680890306066 ], [ -7.626394287005067, 41.734680890306066 ], [ -7.626394287005067, 41.734253407227037 ], [ -7.627134502972575, 41.734253407227037 ], [ -7.627134502972575, 41.733825921302866 ], [ -7.628614934907592, 41.733825921302866 ], [ -7.628614934907592, 41.733398432533576 ], [ -7.630095366842609, 41.733398432533576 ], [ -7.630095366842609, 41.733825921302866 ], [ -7.632316014745134, 41.733825921302866 ], [ -7.632316014745134, 41.734253407227037 ], [ -7.633796446680151, 41.734253407227037 ], [ -7.633796446680151, 41.734680890306066 ], [ -7.636017094582675, 41.734680890306066 ], [ -7.636017094582675, 41.735108370539962 ], [ -7.638977958452709, 41.735108370539962 ], [ -7.638977958452709, 41.734680890306066 ], [ -7.639718174420216, 41.734680890306066 ], [ -7.639718174420216, 41.734253407227037 ], [ -7.641198606355235, 41.734253407227037 ], [ -7.641198606355235, 41.733825921302866 ], [ -7.642679038290251, 41.733825921302866 ], [ -7.642679038290251, 41.733398432533576 ], [ -7.643419254257759, 41.733398432533576 ], [ -7.643419254257759, 41.732970940919152 ], [ -7.646380118127792, 41.732970940919152 ], [ -7.646380118127792, 41.733398432533576 ], [ -7.6471203340953, 41.733398432533576 ], [ -7.6471203340953, 41.734253407227037 ], [ -7.647860550062809, 41.734253407227037 ], [ -7.647860550062809, 41.734680890306066 ], [ -7.648600766030317, 41.734680890306066 ], [ -7.648600766030317, 41.735108370539962 ], [ -7.649340981997826, 41.735108370539962 ], [ -7.649340981997826, 41.735535847928716 ], [ -7.650081197965333, 41.735535847928716 ], [ -7.650081197965333, 41.735963322472315 ], [ -7.650821413932842, 41.735963322472315 ], [ -7.650821413932842, 41.736390794170767 ], [ -7.65156162990035, 41.736390794170767 ], [ -7.65156162990035, 41.736818263024055 ], [ -7.652301845867859, 41.736818263024055 ], [ -7.652301845867859, 41.737673192195146 ], [ -7.653042061835368, 41.737673192195146 ], [ -7.653042061835368, 41.738100652512934 ], [ -7.653782277802874, 41.738100652512934 ], [ -7.653782277802874, 41.738528109985552 ], [ -7.654522493770383, 41.738528109985552 ], [ -7.654522493770383, 41.738955564612979 ], [ -7.655262709737892, 41.738955564612979 ], [ -7.655262709737892, 41.739383016395223 ], [ -7.6560029257054, 41.739383016395223 ], [ -7.6560029257054, 41.739810465332269 ], [ -7.656743141672909, 41.739810465332269 ], [ -7.656743141672909, 41.740665354670782 ], [ -7.657483357640417, 41.740665354670782 ], [ -7.657483357640417, 41.74109279507222 ], [ -7.658223573607924, 41.74109279507222 ], [ -7.658223573607924, 41.74152023262846 ], [ -7.658963789575433, 41.74152023262846 ], [ -7.658963789575433, 41.741947667339467 ], [ -7.659704005542943, 41.741947667339467 ], [ -7.659704005542943, 41.742802528225845 ], [ -7.658963789575433, 41.742802528225845 ], [ -7.658963789575433, 41.745794451703105 ], [ -7.658223573607924, 41.745794451703105 ], [ -7.658223573607924, 41.748358846575485 ], [ -7.658963789575433, 41.748358846575485 ], [ -7.658963789575433, 41.748786235762388 ], [ -7.659704005542943, 41.748786235762388 ], [ -7.659704005542943, 41.749641005600289 ], [ -7.66044422151045, 41.749641005600289 ], [ -7.66044422151045, 41.750068386251272 ], [ -7.661184437477959, 41.750068386251272 ], [ -7.661184437477959, 41.752205246826428 ], [ -7.66044422151045, 41.752205246826428 ], [ -7.66044422151045, 41.75605141660504 ], [ -7.659704005542943, 41.75605141660504 ], [ -7.659704005542943, 41.756478754575816 ], [ -7.658963789575433, 41.756478754575816 ], [ -7.658963789575433, 41.756906089701218 ], [ -7.656743141672909, 41.756906089701218 ], [ -7.656743141672909, 41.75733342198123 ], [ -7.654522493770383, 41.75733342198123 ], [ -7.654522493770383, 41.757760751415844 ], [ -7.653782277802874, 41.757760751415844 ], [ -7.653782277802874, 41.75733342198123 ], [ -7.653042061835368, 41.75733342198123 ], [ -7.653042061835368, 41.756478754575816 ], [ -7.652301845867859, 41.756478754575816 ], [ -7.652301845867859, 41.755624075788866 ], [ -7.65156162990035, 41.755624075788866 ], [ -7.65156162990035, 41.754769385620428 ], [ -7.650821413932842, 41.754769385620428 ], [ -7.650821413932842, 41.754342036268142 ], [ -7.650081197965333, 41.754342036268142 ], [ -7.650081197965333, 41.755196732127331 ], [ -7.649340981997826, 41.755196732127331 ], [ -7.649340981997826, 41.755624075788866 ], [ -7.648600766030317, 41.755624075788866 ], [ -7.648600766030317, 41.756478754575816 ], [ -7.647860550062809, 41.756478754575816 ], [ -7.647860550062809, 41.75733342198123 ], [ -7.6471203340953, 41.75733342198123 ], [ -7.6471203340953, 41.757760751415844 ], [ -7.646380118127792, 41.757760751415844 ], [ -7.646380118127792, 41.758615401748862 ], [ -7.645639902160283, 41.758615401748862 ], [ -7.645639902160283, 41.759042722647266 ], [ -7.644899686192775, 41.759042722647266 ], [ -7.644899686192775, 41.759897355907803 ], [ -7.644159470225266, 41.759897355907803 ], [ -7.644159470225266, 41.760751977786661 ], [ -7.643419254257759, 41.760751977786661 ], [ -7.643419254257759, 41.761179284457953 ], [ -7.642679038290251, 41.761179284457953 ], [ -7.642679038290251, 41.761606588283776 ], [ -7.641938822322742, 41.761606588283776 ], [ -7.641938822322742, 41.762033889264181 ], [ -7.640458390387725, 41.762033889264181 ], [ -7.640458390387725, 41.762461187399133 ], [ -7.638977958452709, 41.762461187399133 ], [ -7.638977958452709, 41.762888482688624 ], [ -7.637497526517691, 41.762888482688624 ], [ -7.637497526517691, 41.763315775132668 ], [ -7.636017094582675, 41.763315775132668 ], [ -7.636017094582675, 41.763743064731237 ], [ -7.63453666264766, 41.763743064731237 ], [ -7.63453666264766, 41.763315775132668 ], [ -7.632316014745134, 41.763315775132668 ], [ -7.632316014745134, 41.762888482688624 ], [ -7.630095366842609, 41.762888482688624 ], [ -7.630095366842609, 41.762461187399133 ], [ -7.629355150875099, 41.762461187399133 ], [ -7.629355150875099, 41.762888482688624 ], [ -7.628614934907592, 41.762888482688624 ], [ -7.628614934907592, 41.763743064731237 ], [ -7.627874718940084, 41.763743064731237 ], [ -7.627874718940084, 41.764597635391979 ], [ -7.627134502972575, 41.764597635391979 ], [ -7.627134502972575, 41.765024916454131 ], [ -7.625654071037558, 41.765024916454131 ], [ -7.625654071037558, 41.765452194670814 ], [ -7.624173639102543, 41.765452194670814 ], [ -7.624173639102543, 41.765879470041995 ], [ -7.622693207167525, 41.765879470041995 ], [ -7.622693207167525, 41.766306742567693 ], [ -7.624173639102543, 41.766306742567693 ], [ -7.624173639102543, 41.766734012247902 ], [ -7.625654071037558, 41.766734012247902 ], [ -7.625654071037558, 41.768015804215466 ], [ -7.626394287005067, 41.768015804215466 ], [ -7.626394287005067, 41.770579311321569 ], [ -7.627134502972575, 41.770579311321569 ], [ -7.627134502972575, 41.771861026459831 ], [ -7.627874718940084, 41.771861026459831 ], [ -7.627874718940084, 41.772288259148141 ], [ -7.628614934907592, 41.772288259148141 ], [ -7.628614934907592, 41.77271548899089 ], [ -7.629355150875099, 41.77271548899089 ], [ -7.629355150875099, 41.773142715988065 ], [ -7.630095366842609, 41.773142715988065 ], [ -7.630095366842609, 41.772288259148141 ], [ -7.630835582810118, 41.772288259148141 ], [ -7.630835582810118, 41.771006552546545 ], [ -7.631575798777625, 41.771006552546545 ], [ -7.631575798777625, 41.770579311321569 ], [ -7.632316014745134, 41.770579311321569 ], [ -7.632316014745134, 41.770152067251047 ], [ -7.633796446680151, 41.770152067251047 ], [ -7.633796446680151, 41.769724820335 ], [ -7.63453666264766, 41.769724820335 ], [ -7.63453666264766, 41.7692975705734 ], [ -7.636017094582675, 41.7692975705734 ], [ -7.636017094582675, 41.769724820335 ], [ -7.636757310550183, 41.769724820335 ], [ -7.636757310550183, 41.770152067251047 ], [ -7.637497526517691, 41.770152067251047 ], [ -7.637497526517691, 41.770579311321569 ], [ -7.638237742485201, 41.770579311321569 ], [ -7.638237742485201, 41.771006552546545 ], [ -7.638977958452709, 41.771006552546545 ], [ -7.638977958452709, 41.771861026459831 ], [ -7.639718174420216, 41.771861026459831 ], [ -7.639718174420216, 41.772288259148141 ], [ -7.640458390387725, 41.772288259148141 ], [ -7.640458390387725, 41.77271548899089 ], [ -7.641198606355235, 41.77271548899089 ], [ -7.641198606355235, 41.773142715988065 ], [ -7.641938822322742, 41.773142715988065 ], [ -7.641938822322742, 41.773569940139666 ], [ -7.642679038290251, 41.773569940139666 ], [ -7.642679038290251, 41.773997161445699 ], [ -7.643419254257759, 41.773997161445699 ], [ -7.643419254257759, 41.774424379906144 ], [ -7.644159470225266, 41.774424379906144 ], [ -7.644159470225266, 41.774851595521 ], [ -7.644899686192775, 41.774851595521 ], [ -7.644899686192775, 41.779550779474249 ], [ -7.644159470225266, 41.779550779474249 ], [ -7.644159470225266, 41.780405139563463 ], [ -7.643419254257759, 41.780405139563463 ], [ -7.643419254257759, 41.781259488270059 ], [ -7.642679038290251, 41.781259488270059 ], [ -7.642679038290251, 41.786812477408915 ], [ -7.641938822322742, 41.786812477408915 ], [ -7.641938822322742, 41.78766674074464 ], [ -7.641198606355235, 41.78766674074464 ], [ -7.641198606355235, 41.788520992697428 ], [ -7.641938822322742, 41.788520992697428 ], [ -7.641938822322742, 41.789375233267229 ], [ -7.642679038290251, 41.789375233267229 ], [ -7.642679038290251, 41.794500437641261 ], [ -7.641938822322742, 41.794500437641261 ], [ -7.641938822322742, 41.794927519508086 ], [ -7.641198606355235, 41.794927519508086 ], [ -7.641198606355235, 41.795781674704308 ], [ -7.640458390387725, 41.795781674704308 ], [ -7.640458390387725, 41.796208748033671 ], [ -7.639718174420216, 41.796208748033671 ], [ -7.639718174420216, 41.796635818517217 ], [ -7.638977958452709, 41.796635818517217 ], [ -7.638977958452709, 41.797062886154912 ], [ -7.638237742485201, 41.797062886154912 ], [ -7.638237742485201, 41.797917012892796 ], [ -7.637497526517691, 41.797917012892796 ], [ -7.637497526517691, 41.79834407199295 ], [ -7.636757310550183, 41.79834407199295 ], [ -7.636757310550183, 41.798771128247253 ], [ -7.636017094582675, 41.798771128247253 ], [ -7.636017094582675, 41.79962523221829 ], [ -7.635276878615166, 41.79962523221829 ], [ -7.635276878615166, 41.801333406009881 ], [ -7.63453666264766, 41.801333406009881 ], [ -7.63453666264766, 41.803895581320518 ], [ -7.633796446680151, 41.803895581320518 ], [ -7.633796446680151, 41.804749616990108 ], [ -7.633056230712642, 41.804749616990108 ], [ -7.633056230712642, 41.805176630556019 ], [ -7.632316014745134, 41.805176630556019 ], [ -7.632316014745134, 41.805603641275994 ], [ -7.630835582810118, 41.805603641275994 ], [ -7.630835582810118, 41.806030649150038 ], [ -7.628614934907592, 41.806030649150038 ], [ -7.628614934907592, 41.805603641275994 ], [ -7.627874718940084, 41.805603641275994 ], [ -7.627874718940084, 41.805176630556019 ], [ -7.627134502972575, 41.805176630556019 ], [ -7.627134502972575, 41.804749616990108 ], [ -7.626394287005067, 41.804749616990108 ], [ -7.626394287005067, 41.804322600578267 ], [ -7.624913855070049, 41.804322600578267 ], [ -7.624913855070049, 41.804749616990108 ], [ -7.624173639102543, 41.804749616990108 ], [ -7.624173639102543, 41.805176630556019 ], [ -7.623433423135034, 41.805176630556019 ], [ -7.623433423135034, 41.806030649150038 ], [ -7.622693207167525, 41.806030649150038 ], [ -7.622693207167525, 41.806457654178125 ], [ -7.621952991200017, 41.806457654178125 ], [ -7.621952991200017, 41.806884656360282 ], [ -7.621212775232508, 41.806884656360282 ], [ -7.621212775232508, 41.807311655696488 ], [ -7.620472559265001, 41.807311655696488 ], [ -7.620472559265001, 41.807738652186728 ], [ -7.618251911362474, 41.807738652186728 ], [ -7.618251911362474, 41.807311655696488 ], [ -7.616771479427458, 41.807311655696488 ], [ -7.616771479427458, 41.806884656360282 ], [ -7.61603126345995, 41.806884656360282 ], [ -7.61603126345995, 41.806457654178125 ], [ -7.613810615557426, 41.806457654178125 ], [ -7.613810615557426, 41.806884656360282 ], [ -7.610849751687391, 41.806884656360282 ] ] ], [ [ [ -8.481343729477194, 41.85895756798638 ], [ -8.479863297542176, 41.85895756798638 ], [ -8.479863297542176, 41.858530913045016 ], [ -8.479123081574667, 41.858530913045016 ], [ -8.479123081574667, 41.85767759462275 ], [ -8.478382865607159, 41.85767759462275 ], [ -8.478382865607159, 41.856824264814442 ], [ -8.477642649639652, 41.856824264814442 ], [ -8.477642649639652, 41.855970923620127 ], [ -8.476902433672143, 41.855970923620127 ], [ -8.476902433672143, 41.850423928325746 ], [ -8.476162217704635, 41.850423928325746 ], [ -8.476162217704635, 41.849997216454874 ], [ -8.474681785769617, 41.849997216454874 ], [ -8.474681785769617, 41.849570501737574 ], [ -8.473201353834602, 41.849570501737574 ], [ -8.473201353834602, 41.849143784173854 ], [ -8.471720921899584, 41.849143784173854 ], [ -8.471720921899584, 41.848717063763722 ], [ -8.470240489964569, 41.848717063763722 ], [ -8.470240489964569, 41.847010153659092 ], [ -8.46950027399706, 41.847010153659092 ], [ -8.46950027399706, 41.845729941193483 ], [ -8.468760058029552, 41.845729941193483 ], [ -8.468760058029552, 41.844022951390023 ], [ -8.468019842062043, 41.844022951390023 ], [ -8.468019842062043, 41.842742679150632 ], [ -8.468760058029552, 41.842742679150632 ], [ -8.468760058029552, 41.841462381294107 ], [ -8.46950027399706, 41.841462381294107 ], [ -8.46950027399706, 41.840182057820591 ], [ -8.470240489964569, 41.840182057820591 ], [ -8.470240489964569, 41.839328494606654 ], [ -8.470980705932076, 41.839328494606654 ], [ -8.470980705932076, 41.838474920007478 ], [ -8.471720921899584, 41.838474920007478 ], [ -8.471720921899584, 41.83804812843843 ], [ -8.473941569802109, 41.83804812843843 ], [ -8.473941569802109, 41.838474920007478 ], [ -8.475422001737126, 41.838474920007478 ], [ -8.475422001737126, 41.836340933699354 ], [ -8.476162217704635, 41.836340933699354 ], [ -8.476162217704635, 41.833353233324509 ], [ -8.476902433672143, 41.833353233324509 ], [ -8.476902433672143, 41.832499579029715 ], [ -8.477642649639652, 41.832499579029715 ], [ -8.477642649639652, 41.832072747612969 ], [ -8.479123081574667, 41.832072747612969 ], [ -8.479123081574667, 41.831645913349995 ], [ -8.479863297542176, 41.831645913349995 ], [ -8.479863297542176, 41.831219076240785 ], [ -8.481343729477194, 41.831219076240785 ], [ -8.481343729477194, 41.830792236285369 ], [ -8.482083945444701, 41.830792236285369 ], [ -8.482083945444701, 41.830365393483724 ], [ -8.482824161412211, 41.830365393483724 ], [ -8.482824161412211, 41.828657993815121 ], [ -8.483564377379718, 41.828657993815121 ], [ -8.483564377379718, 41.827377414178635 ], [ -8.485044809314735, 41.827377414178635 ], [ -8.485044809314735, 41.826950548607456 ], [ -8.485785025282244, 41.826950548607456 ], [ -8.485785025282244, 41.826523680190085 ], [ -8.486525241249751, 41.826523680190085 ], [ -8.486525241249751, 41.826096808926557 ], [ -8.488745889152277, 41.826096808926557 ], [ -8.488745889152277, 41.826523680190085 ], [ -8.490226321087292, 41.826523680190085 ], [ -8.490226321087292, 41.826950548607456 ], [ -8.490966537054801, 41.826950548607456 ], [ -8.490966537054801, 41.827377414178635 ], [ -8.49170675302231, 41.827377414178635 ], [ -8.49170675302231, 41.827804276903642 ], [ -8.492446968989817, 41.827804276903642 ], [ -8.492446968989817, 41.829511699341829 ], [ -8.493187184957325, 41.829511699341829 ], [ -8.493187184957325, 41.831219076240785 ], [ -8.493927400924834, 41.831219076240785 ], [ -8.493927400924834, 41.831645913349995 ], [ -8.493187184957325, 41.831645913349995 ], [ -8.493187184957325, 41.83292640760024 ], [ -8.492446968989817, 41.83292640760024 ], [ -8.492446968989817, 41.833780056202542 ], [ -8.49170675302231, 41.833780056202542 ], [ -8.49170675302231, 41.835060507759124 ], [ -8.490966537054801, 41.835060507759124 ], [ -8.490966537054801, 41.836340933699354 ], [ -8.49170675302231, 41.836340933699354 ], [ -8.49170675302231, 41.836767736653542 ], [ -8.493187184957325, 41.836767736653542 ], [ -8.493187184957325, 41.837194536761466 ], [ -8.493927400924834, 41.837194536761466 ], [ -8.493927400924834, 41.83762133402309 ], [ -8.494667616892343, 41.83762133402309 ], [ -8.494667616892343, 41.838474920007478 ], [ -8.495407832859851, 41.838474920007478 ], [ -8.495407832859851, 41.840182057820591 ], [ -8.49614804882736, 41.840182057820591 ], [ -8.49614804882736, 41.842742679150632 ], [ -8.495407832859851, 41.842742679150632 ], [ -8.495407832859851, 41.844449703110442 ], [ -8.494667616892343, 41.844449703110442 ], [ -8.494667616892343, 41.845303198012175 ], [ -8.495407832859851, 41.845303198012175 ], [ -8.495407832859851, 41.847436885454862 ], [ -8.49614804882736, 41.847436885454862 ], [ -8.49614804882736, 41.850423928325746 ], [ -8.495407832859851, 41.850423928325746 ], [ -8.495407832859851, 41.855544248753226 ], [ -8.494667616892343, 41.855544248753226 ], [ -8.494667616892343, 41.858104255257153 ], [ -8.493927400924834, 41.858104255257153 ], [ -8.493927400924834, 41.858530913045016 ], [ -8.493187184957325, 41.858530913045016 ], [ -8.493187184957325, 41.85895756798638 ], [ -8.492446968989817, 41.85895756798638 ], [ -8.492446968989817, 41.859384220081218 ], [ -8.49170675302231, 41.859384220081218 ], [ -8.49170675302231, 41.859810869329522 ], [ -8.490966537054801, 41.859810869329522 ], [ -8.490966537054801, 41.860664159286515 ], [ -8.490226321087292, 41.860664159286515 ], [ -8.490226321087292, 41.86109079999521 ], [ -8.488745889152277, 41.86109079999521 ], [ -8.488745889152277, 41.860664159286515 ], [ -8.486525241249751, 41.860664159286515 ], [ -8.486525241249751, 41.860237515731292 ], [ -8.485044809314735, 41.860237515731292 ], [ -8.485044809314735, 41.859810869329522 ], [ -8.482824161412211, 41.859810869329522 ], [ -8.482824161412211, 41.859384220081218 ], [ -8.481343729477194, 41.859384220081218 ], [ -8.481343729477194, 41.85895756798638 ] ] ], [ [ [ -8.478382865607159, 41.95317847359923 ], [ -8.476902433672143, 41.95317847359923 ], [ -8.476902433672143, 41.952752447852106 ], [ -8.476162217704635, 41.952752447852106 ], [ -8.476162217704635, 41.951474353525526 ], [ -8.475422001737126, 41.951474353525526 ], [ -8.475422001737126, 41.950196233571248 ], [ -8.474681785769617, 41.950196233571248 ], [ -8.474681785769617, 41.948492033767124 ], [ -8.473941569802109, 41.948492033767124 ], [ -8.473941569802109, 41.947213854015367 ], [ -8.473201353834602, 41.947213854015367 ], [ -8.473201353834602, 41.945935648636308 ], [ -8.473941569802109, 41.945935648636308 ], [ -8.473941569802109, 41.944231334933122 ], [ -8.474681785769617, 41.944231334933122 ], [ -8.474681785769617, 41.942100878736653 ], [ -8.475422001737126, 41.942100878736653 ], [ -8.475422001737126, 41.939970351354631 ], [ -8.476162217704635, 41.939970351354631 ], [ -8.476162217704635, 41.939544237336001 ], [ -8.476902433672143, 41.939544237336001 ], [ -8.476902433672143, 41.939118120469992 ], [ -8.477642649639652, 41.939118120469992 ], [ -8.477642649639652, 41.938692000756582 ], [ -8.479123081574667, 41.938692000756582 ], [ -8.479123081574667, 41.9382658781958 ], [ -8.482824161412211, 41.9382658781958 ], [ -8.482824161412211, 41.938692000756582 ], [ -8.486525241249751, 41.938692000756582 ], [ -8.486525241249751, 41.939118120469992 ], [ -8.48800567318477, 41.939118120469992 ], [ -8.48800567318477, 41.939544237336001 ], [ -8.488745889152277, 41.939544237336001 ], [ -8.488745889152277, 41.940396462525847 ], [ -8.489486105119784, 41.940396462525847 ], [ -8.489486105119784, 41.941248676326076 ], [ -8.490226321087292, 41.941248676326076 ], [ -8.490226321087292, 41.941674778955068 ], [ -8.490966537054801, 41.941674778955068 ], [ -8.490966537054801, 41.943805249388696 ], [ -8.49170675302231, 41.943805249388696 ], [ -8.49170675302231, 41.948918087989398 ], [ -8.490966537054801, 41.948918087989398 ], [ -8.490966537054801, 41.951048316388281 ], [ -8.490226321087292, 41.951048316388281 ], [ -8.490226321087292, 41.952752447852106 ], [ -8.489486105119784, 41.952752447852106 ], [ -8.489486105119784, 41.954030516550866 ], [ -8.48800567318477, 41.954030516550866 ], [ -8.48800567318477, 41.954456533755369 ], [ -8.48726545721726, 41.954456533755369 ], [ -8.48726545721726, 41.954882548112309 ], [ -8.485785025282244, 41.954882548112309 ], [ -8.485785025282244, 41.955308559621692 ], [ -8.484304593347227, 41.955308559621692 ], [ -8.484304593347227, 41.954882548112309 ], [ -8.482824161412211, 41.954882548112309 ], [ -8.482824161412211, 41.954456533755369 ], [ -8.481343729477194, 41.954456533755369 ], [ -8.481343729477194, 41.954030516550866 ], [ -8.479863297542176, 41.954030516550866 ], [ -8.479863297542176, 41.953604496498826 ], [ -8.478382865607159, 41.953604496498826 ], [ -8.478382865607159, 41.95317847359923 ] ] ], [ [ [ -8.519094743820117, 42.011517081233357 ], [ -8.519094743820117, 42.009814521775198 ], [ -8.51835452785261, 42.009814521775198 ], [ -8.51835452785261, 42.007260597143969 ], [ -8.519094743820117, 42.007260597143969 ], [ -8.519094743820117, 42.005557923760918 ], [ -8.516874095917593, 42.005557923760918 ], [ -8.516874095917593, 42.005132248294913 ], [ -8.514653448015068, 42.005132248294913 ], [ -8.514653448015068, 42.004706569980826 ], [ -8.511692584145033, 42.004706569980826 ], [ -8.511692584145033, 42.004280888818656 ], [ -8.509471936242511, 42.004280888818656 ], [ -8.509471936242511, 42.004706569980826 ], [ -8.507991504307492, 42.004706569980826 ], [ -8.507991504307492, 42.005132248294913 ], [ -8.505030640437459, 42.005132248294913 ], [ -8.505030640437459, 42.004706569980826 ], [ -8.503550208502443, 42.004706569980826 ], [ -8.503550208502443, 42.004280888818656 ], [ -8.502809992534935, 42.004280888818656 ], [ -8.502809992534935, 42.003855204808403 ], [ -8.502069776567428, 42.003855204808403 ], [ -8.502069776567428, 42.003429517950089 ], [ -8.501329560599919, 42.003429517950089 ], [ -8.501329560599919, 42.001726742036162 ], [ -8.500589344632409, 42.001726742036162 ], [ -8.500589344632409, 41.998321053502153 ], [ -8.501329560599919, 41.998321053502153 ], [ -8.501329560599919, 41.997043873309515 ], [ -8.502069776567428, 41.997043873309515 ], [ -8.502069776567428, 41.995766667484865 ], [ -8.502809992534935, 41.995766667484865 ], [ -8.502809992534935, 41.994063686513513 ], [ -8.502069776567428, 41.994063686513513 ], [ -8.502069776567428, 41.993212178939984 ], [ -8.501329560599919, 41.993212178939984 ], [ -8.501329560599919, 41.992786420881281 ], [ -8.500589344632409, 41.992786420881281 ], [ -8.500589344632409, 41.991934896219995 ], [ -8.499849128664902, 41.991934896219995 ], [ -8.499849128664902, 41.988954470195374 ], [ -8.500589344632409, 41.988954470195374 ], [ -8.500589344632409, 41.98597390462281 ], [ -8.501329560599919, 41.98597390462281 ], [ -8.501329560599919, 41.98554809814943 ], [ -8.504290424469952, 41.98554809814943 ], [ -8.504290424469952, 41.985122288828173 ], [ -8.507251288339985, 41.985122288828173 ], [ -8.507251288339985, 41.984696476659032 ], [ -8.510212152210018, 41.984696476659032 ], [ -8.510212152210018, 41.984270661642022 ], [ -8.513173016080051, 41.984270661642022 ], [ -8.513173016080051, 41.983844843777156 ], [ -8.513913232047559, 41.983844843777156 ], [ -8.513913232047559, 41.982993199503817 ], [ -8.514653448015068, 41.982993199503817 ], [ -8.514653448015068, 41.981715711734914 ], [ -8.515393663982575, 41.981715711734914 ], [ -8.515393663982575, 41.981289876782917 ], [ -8.516874095917593, 41.981289876782917 ], [ -8.516874095917593, 41.980864038983086 ], [ -8.517614311885103, 41.980864038983086 ], [ -8.517614311885103, 41.980438198335428 ], [ -8.520575175755136, 41.980438198335428 ], [ -8.520575175755136, 41.980864038983086 ], [ -8.521315391722643, 41.980864038983086 ], [ -8.521315391722643, 41.981289876782917 ], [ -8.522055607690151, 41.981289876782917 ], [ -8.522055607690151, 41.981715711734914 ], [ -8.52279582365766, 41.981715711734914 ], [ -8.52279582365766, 41.982141543839049 ], [ -8.524276255592676, 41.982141543839049 ], [ -8.524276255592676, 41.982567373095364 ], [ -8.525016471560185, 41.982567373095364 ], [ -8.525016471560185, 41.982993199503817 ], [ -8.525756687527693, 41.982993199503817 ], [ -8.525756687527693, 41.983419023064414 ], [ -8.530197983332743, 41.983419023064414 ], [ -8.530197983332743, 41.983844843777156 ], [ -8.53093819930025, 41.983844843777156 ], [ -8.53093819930025, 41.984270661642022 ], [ -8.531678415267759, 41.984270661642022 ], [ -8.531678415267759, 41.984696476659032 ], [ -8.532418631235267, 41.984696476659032 ], [ -8.532418631235267, 41.985122288828173 ], [ -8.533158847202776, 41.985122288828173 ], [ -8.533158847202776, 41.98554809814943 ], [ -8.534639279137794, 41.98554809814943 ], [ -8.534639279137794, 41.98597390462281 ], [ -8.535379495105303, 41.98597390462281 ], [ -8.535379495105303, 41.986399708248292 ], [ -8.536119711072811, 41.986399708248292 ], [ -8.536119711072811, 41.986825509025898 ], [ -8.536859927040318, 41.986825509025898 ], [ -8.536859927040318, 41.987251306955599 ], [ -8.537600143007827, 41.987251306955599 ], [ -8.537600143007827, 41.987677102037409 ], [ -8.542041438812877, 41.987677102037409 ], [ -8.542041438812877, 41.988954470195374 ], [ -8.542781654780384, 41.988954470195374 ], [ -8.542781654780384, 41.990231812722101 ], [ -8.543521870747893, 41.990231812722101 ], [ -8.543521870747893, 41.991083360166925 ], [ -8.544262086715401, 41.991083360166925 ], [ -8.544262086715401, 41.992360659974615 ], [ -8.545002302682908, 41.992360659974615 ], [ -8.545002302682908, 41.992786420881281 ], [ -8.544262086715401, 41.992786420881281 ], [ -8.544262086715401, 41.994915182695145 ], [ -8.543521870747893, 41.994915182695145 ], [ -8.543521870747893, 41.996618140882624 ], [ -8.542781654780384, 41.996618140882624 ], [ -8.542781654780384, 41.997043873309515 ], [ -8.542041438812877, 41.997043873309515 ], [ -8.542041438812877, 41.997469602888401 ], [ -8.541301222845368, 41.997469602888401 ], [ -8.541301222845368, 41.998321053502153 ], [ -8.540561006877859, 41.998321053502153 ], [ -8.540561006877859, 41.998746774536997 ], [ -8.539820790910351, 41.998746774536997 ], [ -8.539820790910351, 41.999598208062636 ], [ -8.539080574942844, 41.999598208062636 ], [ -8.539080574942844, 42.000023920553417 ], [ -8.538340358975335, 42.000023920553417 ], [ -8.538340358975335, 42.000875336990873 ], [ -8.537600143007827, 42.000875336990873 ], [ -8.537600143007827, 42.001301040937541 ], [ -8.536859927040318, 42.001301040937541 ], [ -8.536859927040318, 42.001726742036162 ], [ -8.536119711072811, 42.001726742036162 ], [ -8.536119711072811, 42.002152440286729 ], [ -8.535379495105303, 42.002152440286729 ], [ -8.535379495105303, 42.002578135689241 ], [ -8.533158847202776, 42.002578135689241 ], [ -8.533158847202776, 42.003003828243699 ], [ -8.53093819930025, 42.003003828243699 ], [ -8.53093819930025, 42.003429517950089 ], [ -8.527977335430219, 42.003429517950089 ], [ -8.527977335430219, 42.003003828243699 ], [ -8.527237119462709, 42.003003828243699 ], [ -8.527237119462709, 42.002578135689241 ], [ -8.525756687527693, 42.002578135689241 ], [ -8.525756687527693, 42.003003828243699 ], [ -8.525016471560185, 42.003003828243699 ], [ -8.525016471560185, 42.003855204808403 ], [ -8.525756687527693, 42.003855204808403 ], [ -8.525756687527693, 42.004280888818656 ], [ -8.5264969034952, 42.004280888818656 ], [ -8.5264969034952, 42.004706569980826 ], [ -8.527237119462709, 42.004706569980826 ], [ -8.527237119462709, 42.005132248294913 ], [ -8.527977335430219, 42.005132248294913 ], [ -8.527977335430219, 42.005557923760918 ], [ -8.528717551397726, 42.005557923760918 ], [ -8.528717551397726, 42.006409266148637 ], [ -8.529457767365233, 42.006409266148637 ], [ -8.529457767365233, 42.007686258369468 ], [ -8.528717551397726, 42.007686258369468 ], [ -8.528717551397726, 42.011091445641028 ], [ -8.527977335430219, 42.011091445641028 ], [ -8.527977335430219, 42.01236834387354 ], [ -8.527237119462709, 42.01236834387354 ], [ -8.527237119462709, 42.012793970921393 ], [ -8.5264969034952, 42.012793970921393 ], [ -8.5264969034952, 42.013219595121072 ], [ -8.525016471560185, 42.013219595121072 ], [ -8.525016471560185, 42.01364521647259 ], [ -8.52279582365766, 42.01364521647259 ], [ -8.52279582365766, 42.013219595121072 ], [ -8.521315391722643, 42.013219595121072 ], [ -8.521315391722643, 42.012793970921393 ], [ -8.520575175755136, 42.012793970921393 ], [ -8.520575175755136, 42.01236834387354 ], [ -8.519834959787627, 42.01236834387354 ], [ -8.519834959787627, 42.011517081233357 ], [ -8.519094743820117, 42.011517081233357 ] ] ], [ [ [ -8.512432800112542, 42.130582984701249 ], [ -8.513173016080051, 42.130582984701249 ], [ -8.513173016080051, 42.128458766513631 ], [ -8.513913232047559, 42.128458766513631 ], [ -8.513913232047559, 42.12718420140888 ], [ -8.515393663982575, 42.12718420140888 ], [ -8.515393663982575, 42.126759340675285 ], [ -8.516133879950084, 42.126759340675285 ], [ -8.516133879950084, 42.126334477092364 ], [ -8.517614311885103, 42.126334477092364 ], [ -8.517614311885103, 42.125909610660116 ], [ -8.519094743820117, 42.125909610660116 ], [ -8.519094743820117, 42.126334477092364 ], [ -8.520575175755136, 42.126334477092364 ], [ -8.520575175755136, 42.124210116437951 ], [ -8.521315391722643, 42.124210116437951 ], [ -8.521315391722643, 42.121235891851121 ], [ -8.522055607690151, 42.121235891851121 ], [ -8.522055607690151, 42.118261527649871 ], [ -8.52279582365766, 42.118261527649871 ], [ -8.52279582365766, 42.11698675739629 ], [ -8.522055607690151, 42.11698675739629 ], [ -8.522055607690151, 42.115711961499628 ], [ -8.521315391722643, 42.115711961499628 ], [ -8.521315391722643, 42.114437139959996 ], [ -8.520575175755136, 42.114437139959996 ], [ -8.520575175755136, 42.111462456645526 ], [ -8.521315391722643, 42.111462456645526 ], [ -8.521315391722643, 42.109762574926705 ], [ -8.522055607690151, 42.109762574926705 ], [ -8.522055607690151, 42.108912616972326 ], [ -8.524276255592676, 42.108912616972326 ], [ -8.524276255592676, 42.108487633721403 ], [ -8.5264969034952, 42.108487633721403 ], [ -8.5264969034952, 42.108062647621345 ], [ -8.528717551397726, 42.108062647621345 ], [ -8.528717551397726, 42.108912616972326 ], [ -8.529457767365233, 42.108912616972326 ], [ -8.529457767365233, 42.110187549630155 ], [ -8.530197983332743, 42.110187549630155 ], [ -8.530197983332743, 42.111037490489572 ], [ -8.53093819930025, 42.111037490489572 ], [ -8.53093819930025, 42.112312380409882 ], [ -8.532418631235267, 42.112312380409882 ], [ -8.532418631235267, 42.111887419952289 ], [ -8.533899063170285, 42.111887419952289 ], [ -8.533899063170285, 42.111462456645526 ], [ -8.534639279137794, 42.111462456645526 ], [ -8.534639279137794, 42.111037490489572 ], [ -8.536119711072811, 42.111037490489572 ], [ -8.536119711072811, 42.110612521484434 ], [ -8.538340358975335, 42.110612521484434 ], [ -8.538340358975335, 42.111037490489572 ], [ -8.539080574942844, 42.111037490489572 ], [ -8.539080574942844, 42.111462456645526 ], [ -8.540561006877859, 42.111462456645526 ], [ -8.540561006877859, 42.111887419952289 ], [ -8.541301222845368, 42.111887419952289 ], [ -8.541301222845368, 42.11316229277751 ], [ -8.542041438812877, 42.11316229277751 ], [ -8.542041438812877, 42.115711961499628 ], [ -8.542781654780384, 42.115711961499628 ], [ -8.542781654780384, 42.116561828279963 ], [ -8.547222950585434, 42.116561828279963 ], [ -8.547222950585434, 42.117411683663391 ], [ -8.547963166552943, 42.117411683663391 ], [ -8.547963166552943, 42.118686445369249 ], [ -8.548703382520451, 42.118686445369249 ], [ -8.548703382520451, 42.119536272260248 ], [ -8.54944359848796, 42.119536272260248 ], [ -8.54944359848796, 42.120810991227316 ], [ -8.550183814455467, 42.120810991227316 ], [ -8.550183814455467, 42.122085684550939 ], [ -8.54944359848796, 42.122085684550939 ], [ -8.54944359848796, 42.123360352231032 ], [ -8.548703382520451, 42.123360352231032 ], [ -8.548703382520451, 42.124210116437951 ], [ -8.547963166552943, 42.124210116437951 ], [ -8.547963166552943, 42.125484741378543 ], [ -8.547222950585434, 42.125484741378543 ], [ -8.547222950585434, 42.126334477092364 ], [ -8.542041438812877, 42.126334477092364 ], [ -8.542041438812877, 42.125909610660116 ], [ -8.541301222845368, 42.125909610660116 ], [ -8.541301222845368, 42.125484741378543 ], [ -8.540561006877859, 42.125484741378543 ], [ -8.540561006877859, 42.12463499426746 ], [ -8.539820790910351, 42.12463499426746 ], [ -8.539820790910351, 42.125059869247657 ], [ -8.539080574942844, 42.125059869247657 ], [ -8.539080574942844, 42.125484741378543 ], [ -8.538340358975335, 42.125484741378543 ], [ -8.538340358975335, 42.125909610660116 ], [ -8.539080574942844, 42.125909610660116 ], [ -8.539080574942844, 42.12718420140888 ], [ -8.539820790910351, 42.12718420140888 ], [ -8.539820790910351, 42.128458766513631 ], [ -8.540561006877859, 42.128458766513631 ], [ -8.540561006877859, 42.131007819790689 ], [ -8.539820790910351, 42.131007819790689 ], [ -8.539820790910351, 42.132707131654655 ], [ -8.539080574942844, 42.132707131654655 ], [ -8.539080574942844, 42.133556770490337 ], [ -8.538340358975335, 42.133556770490337 ], [ -8.538340358975335, 42.133981585634075 ], [ -8.537600143007827, 42.133981585634075 ], [ -8.537600143007827, 42.134406397928409 ], [ -8.536119711072811, 42.134406397928409 ], [ -8.536119711072811, 42.134831207373345 ], [ -8.533899063170285, 42.134831207373345 ], [ -8.533899063170285, 42.134406397928409 ], [ -8.533158847202776, 42.134406397928409 ], [ -8.533158847202776, 42.133981585634075 ], [ -8.532418631235267, 42.133981585634075 ], [ -8.532418631235267, 42.133556770490337 ], [ -8.531678415267759, 42.133556770490337 ], [ -8.531678415267759, 42.133131952497195 ], [ -8.53093819930025, 42.133131952497195 ], [ -8.53093819930025, 42.132707131654655 ], [ -8.530197983332743, 42.132707131654655 ], [ -8.530197983332743, 42.132282307962733 ], [ -8.529457767365233, 42.132282307962733 ], [ -8.529457767365233, 42.131857481421427 ], [ -8.528717551397726, 42.131857481421427 ], [ -8.528717551397726, 42.132282307962733 ], [ -8.527977335430219, 42.132282307962733 ], [ -8.527977335430219, 42.132707131654655 ], [ -8.5264969034952, 42.132707131654655 ], [ -8.5264969034952, 42.133131952497195 ], [ -8.524276255592676, 42.133131952497195 ], [ -8.524276255592676, 42.132707131654655 ], [ -8.52279582365766, 42.132707131654655 ], [ -8.52279582365766, 42.133981585634075 ], [ -8.522055607690151, 42.133981585634075 ], [ -8.522055607690151, 42.134831207373345 ], [ -8.521315391722643, 42.134831207373345 ], [ -8.521315391722643, 42.135680817714984 ], [ -8.520575175755136, 42.135680817714984 ], [ -8.520575175755136, 42.136105618611673 ], [ -8.517614311885103, 42.136105618611673 ], [ -8.517614311885103, 42.135680817714984 ], [ -8.515393663982575, 42.135680817714984 ], [ -8.515393663982575, 42.135256013968878 ], [ -8.513913232047559, 42.135256013968878 ], [ -8.513913232047559, 42.133981585634075 ], [ -8.513173016080051, 42.133981585634075 ], [ -8.513173016080051, 42.132282307962733 ], [ -8.512432800112542, 42.132282307962733 ], [ -8.512432800112542, 42.130582984701249 ] ] ], [ [ [ -1.338999858989274, 35.318018104095017 ], [ -1.337519427054257, 35.318018104095017 ], [ -1.337519427054257, 35.31755068166477 ], [ -1.336779211086749, 35.31755068166477 ], [ -1.336779211086749, 35.315213528988217 ], [ -1.33603899511924, 35.315213528988217 ], [ -1.33603899511924, 35.312408856622682 ], [ -1.335298779151732, 35.312408856622682 ], [ -1.335298779151732, 35.311006483968946 ], [ -1.33603899511924, 35.311006483968946 ], [ -1.33603899511924, 35.309136615943153 ], [ -1.336779211086749, 35.309136615943153 ], [ -1.336779211086749, 35.307266704694499 ], [ -1.337519427054257, 35.307266704694499 ], [ -1.337519427054257, 35.305864242893584 ], [ -1.338259643021765, 35.305864242893584 ], [ -1.338259643021765, 35.305396750223949 ], [ -1.338999858989274, 35.305396750223949 ], [ -1.338999858989274, 35.304929254853015 ], [ -1.34048029092429, 35.304929254853015 ], [ -1.34048029092429, 35.304461756780782 ], [ -1.341960722859307, 35.304461756780782 ], [ -1.341960722859307, 35.303994256007286 ], [ -1.342700938826815, 35.303994256007286 ], [ -1.342700938826815, 35.30352675253252 ], [ -1.344181370761832, 35.30352675253252 ], [ -1.344181370761832, 35.303059246356518 ], [ -1.346402018664357, 35.303059246356518 ], [ -1.346402018664357, 35.30352675253252 ], [ -1.347142234631865, 35.30352675253252 ], [ -1.347142234631865, 35.303994256007286 ], [ -1.347882450599374, 35.303994256007286 ], [ -1.347882450599374, 35.304461756780782 ], [ -1.348622666566882, 35.304461756780782 ], [ -1.348622666566882, 35.304929254853015 ], [ -1.34936288253439, 35.304929254853015 ], [ -1.34936288253439, 35.305396750223949 ], [ -1.350103098501899, 35.305396750223949 ], [ -1.350103098501899, 35.305864242893584 ], [ -1.350843314469407, 35.305864242893584 ], [ -1.350843314469407, 35.307266704694499 ], [ -1.351583530436915, 35.307266704694499 ], [ -1.351583530436915, 35.308669142183099 ], [ -1.352323746404424, 35.308669142183099 ], [ -1.352323746404424, 35.310071555358974 ], [ -1.353063962371932, 35.310071555358974 ], [ -1.353063962371932, 35.311006483968946 ], [ -1.353804178339441, 35.311006483968946 ], [ -1.353804178339441, 35.314746090347946 ], [ -1.353063962371932, 35.314746090347946 ], [ -1.353063962371932, 35.31661582869917 ], [ -1.351583530436915, 35.31661582869917 ], [ -1.351583530436915, 35.317083256532818 ], [ -1.350103098501899, 35.317083256532818 ], [ -1.350103098501899, 35.31755068166477 ], [ -1.34936288253439, 35.31755068166477 ], [ -1.34936288253439, 35.318018104095017 ], [ -1.347882450599374, 35.318018104095017 ], [ -1.347882450599374, 35.31848552382354 ], [ -1.346402018664357, 35.31848552382354 ], [ -1.346402018664357, 35.31895294085033 ], [ -1.34492158672934, 35.31895294085033 ], [ -1.34492158672934, 35.319420355175353 ], [ -1.342700938826815, 35.319420355175353 ], [ -1.342700938826815, 35.31895294085033 ], [ -1.34048029092429, 35.31895294085033 ], [ -1.34048029092429, 35.31848552382354 ], [ -1.338999858989274, 35.31848552382354 ], [ -1.338999858989274, 35.318018104095017 ] ] ], [ [ [ -0.934841940729723, 35.573292824865341 ], [ -0.934101724762215, 35.573292824865341 ], [ -0.934101724762215, 35.57282688256965 ], [ -0.932621292827198, 35.57282688256965 ], [ -0.932621292827198, 35.572360937563893 ], [ -0.93188107685969, 35.572360937563893 ], [ -0.93188107685969, 35.571429039422256 ], [ -0.931140860892182, 35.571429039422256 ], [ -0.931140860892182, 35.56956521061889 ], [ -0.930400644924673, 35.56956521061889 ], [ -0.930400644924673, 35.56770133845621 ], [ -0.929660428957165, 35.56770133845621 ], [ -0.929660428957165, 35.565837422935175 ], [ -0.928920212989657, 35.565837422935175 ], [ -0.928920212989657, 35.563507467562687 ], [ -0.929660428957165, 35.563507467562687 ], [ -0.929660428957165, 35.56164345448888 ], [ -0.930400644924673, 35.56164345448888 ], [ -0.930400644924673, 35.560711431693733 ], [ -0.931140860892182, 35.560711431693733 ], [ -0.931140860892182, 35.560245416231631 ], [ -0.93188107685969, 35.560245416231631 ], [ -0.93188107685969, 35.559779398059881 ], [ -0.933361508794706, 35.559779398059881 ], [ -0.933361508794706, 35.559313377178498 ], [ -0.934101724762215, 35.559313377178498 ], [ -0.934101724762215, 35.558847353587474 ], [ -0.934841940729723, 35.558847353587474 ], [ -0.934841940729723, 35.558381327286853 ], [ -0.935582156697232, 35.558381327286853 ], [ -0.935582156697232, 35.557915298276626 ], [ -0.937062588632248, 35.557915298276626 ], [ -0.937062588632248, 35.557449266556823 ], [ -0.939283236534773, 35.557449266556823 ], [ -0.939283236534773, 35.557915298276626 ], [ -0.941503884437298, 35.557915298276626 ], [ -0.941503884437298, 35.558381327286853 ], [ -0.944464748307332, 35.558381327286853 ], [ -0.944464748307332, 35.558847353587474 ], [ -0.94520496427484, 35.558847353587474 ], [ -0.94520496427484, 35.560245416231631 ], [ -0.945945180242348, 35.560245416231631 ], [ -0.945945180242348, 35.561177444446159 ], [ -0.946685396209857, 35.561177444446159 ], [ -0.946685396209857, 35.562109461821933 ], [ -0.947425612177365, 35.562109461821933 ], [ -0.947425612177365, 35.563507467562687 ], [ -0.948165828144873, 35.563507467562687 ], [ -0.948165828144873, 35.564439457841075 ], [ -0.947425612177365, 35.564439457841075 ], [ -0.947425612177365, 35.56770133845621 ], [ -0.946685396209857, 35.56770133845621 ], [ -0.946685396209857, 35.570963086286405 ], [ -0.945945180242348, 35.570963086286405 ], [ -0.945945180242348, 35.573292824865341 ], [ -0.944464748307332, 35.573292824865341 ], [ -0.944464748307332, 35.573758764450957 ], [ -0.943724532339823, 35.573758764450957 ], [ -0.943724532339823, 35.574224701326465 ], [ -0.942244100404807, 35.574224701326465 ], [ -0.942244100404807, 35.574690635491883 ], [ -0.94076366846979, 35.574690635491883 ], [ -0.94076366846979, 35.575156566947186 ], [ -0.937802804599756, 35.575156566947186 ], [ -0.937802804599756, 35.574690635491883 ], [ -0.937062588632248, 35.574690635491883 ], [ -0.937062588632248, 35.574224701326465 ], [ -0.935582156697232, 35.574224701326465 ], [ -0.935582156697232, 35.573758764450957 ], [ -0.934841940729723, 35.573758764450957 ], [ -0.934841940729723, 35.573292824865341 ] ] ], [ [ [ -0.276049729647306, 35.824040934669902 ], [ -0.274569297712289, 35.824040934669902 ], [ -0.274569297712289, 35.8235764552674 ], [ -0.272348649809764, 35.8235764552674 ], [ -0.272348649809764, 35.82311197314683 ], [ -0.270128001907239, 35.82311197314683 ], [ -0.270128001907239, 35.822647488308213 ], [ -0.267167138037206, 35.822647488308213 ], [ -0.267167138037206, 35.822183000751579 ], [ -0.264946490134681, 35.822183000751579 ], [ -0.264946490134681, 35.821718510476927 ], [ -0.262725842232156, 35.821718510476927 ], [ -0.262725842232156, 35.821254017484272 ], [ -0.260505194329631, 35.821254017484272 ], [ -0.260505194329631, 35.820789521773627 ], [ -0.259764978362122, 35.820789521773627 ], [ -0.259764978362122, 35.819860522198454 ], [ -0.259024762394614, 35.819860522198454 ], [ -0.259024762394614, 35.81939601833394 ], [ -0.258284546427106, 35.81939601833394 ], [ -0.258284546427106, 35.818467002451158 ], [ -0.257544330459597, 35.818467002451158 ], [ -0.257544330459597, 35.818002490432896 ], [ -0.256804114492089, 35.818002490432896 ], [ -0.256804114492089, 35.81753797569678 ], [ -0.255323682557072, 35.81753797569678 ], [ -0.255323682557072, 35.817073458242774 ], [ -0.253843250622056, 35.817073458242774 ], [ -0.253843250622056, 35.816608938070921 ], [ -0.252362818687039, 35.816608938070921 ], [ -0.252362818687039, 35.816144415181228 ], [ -0.250882386752022, 35.816144415181228 ], [ -0.250882386752022, 35.815679889573708 ], [ -0.250142170784514, 35.815679889573708 ], [ -0.250142170784514, 35.814750830205249 ], [ -0.249401954817006, 35.814750830205249 ], [ -0.249401954817006, 35.814286296444358 ], [ -0.248661738849497, 35.814286296444358 ], [ -0.248661738849497, 35.813357220769255 ], [ -0.247921522881989, 35.813357220769255 ], [ -0.247921522881989, 35.812428134223211 ], [ -0.247181306914481, 35.812428134223211 ], [ -0.247181306914481, 35.811963586873631 ], [ -0.246441090946972, 35.811963586873631 ], [ -0.246441090946972, 35.811499036806339 ], [ -0.243480227076939, 35.811499036806339 ], [ -0.243480227076939, 35.811963586873631 ], [ -0.242740011109431, 35.811963586873631 ], [ -0.242740011109431, 35.812428134223211 ], [ -0.241999795141922, 35.812428134223211 ], [ -0.241999795141922, 35.813357220769255 ], [ -0.241259579174414, 35.813357220769255 ], [ -0.241259579174414, 35.813821759965677 ], [ -0.240519363206906, 35.813821759965677 ], [ -0.240519363206906, 35.814750830205249 ], [ -0.239779147239397, 35.814750830205249 ], [ -0.239779147239397, 35.815215361248384 ], [ -0.239038931271889, 35.815215361248384 ], [ -0.239038931271889, 35.815679889573708 ], [ -0.235337851434347, 35.815679889573708 ], [ -0.235337851434347, 35.815215361248384 ], [ -0.231636771596806, 35.815215361248384 ], [ -0.231636771596806, 35.814750830205249 ], [ -0.230896555629297, 35.814750830205249 ], [ -0.230896555629297, 35.813357220769255 ], [ -0.230156339661789, 35.813357220769255 ], [ -0.230156339661789, 35.812428134223211 ], [ -0.229416123694281, 35.812428134223211 ], [ -0.229416123694281, 35.811034484021377 ], [ -0.228675907726772, 35.811034484021377 ], [ -0.228675907726772, 35.810105370298473 ], [ -0.227935691759264, 35.810105370298473 ], [ -0.227935691759264, 35.809176245705025 ], [ -0.227195475791756, 35.809176245705025 ], [ -0.227195475791756, 35.80731796390701 ], [ -0.227935691759264, 35.80731796390701 ], [ -0.227935691759264, 35.805924224024189 ], [ -0.228675907726772, 35.805924224024189 ], [ -0.228675907726772, 35.804530459683846 ], [ -0.229416123694281, 35.804530459683846 ], [ -0.229416123694281, 35.803601269869652 ], [ -0.230156339661789, 35.803601269869652 ], [ -0.230156339661789, 35.803136670886389 ], [ -0.230896555629297, 35.803136670886389 ], [ -0.230896555629297, 35.802672069185711 ], [ -0.231636771596806, 35.802672069185711 ], [ -0.231636771596806, 35.80220746476764 ], [ -0.232376987564314, 35.80220746476764 ], [ -0.232376987564314, 35.801742857632192 ], [ -0.237558499336872, 35.801742857632192 ], [ -0.237558499336872, 35.80220746476764 ], [ -0.238298715304381, 35.80220746476764 ], [ -0.238298715304381, 35.802672069185711 ], [ -0.239038931271889, 35.802672069185711 ], [ -0.239038931271889, 35.800813635209181 ], [ -0.239779147239397, 35.800813635209181 ], [ -0.239779147239397, 35.799884401916799 ], [ -0.240519363206906, 35.799884401916799 ], [ -0.240519363206906, 35.799419781194644 ], [ -0.241259579174414, 35.799419781194644 ], [ -0.241259579174414, 35.798955157755167 ], [ -0.242740011109431, 35.798955157755167 ], [ -0.242740011109431, 35.798490531598425 ], [ -0.245700874979464, 35.798490531598425 ], [ -0.245700874979464, 35.798955157755167 ], [ -0.247181306914481, 35.798955157755167 ], [ -0.247181306914481, 35.799419781194644 ], [ -0.249401954817006, 35.799419781194644 ], [ -0.249401954817006, 35.799884401916799 ], [ -0.250882386752022, 35.799884401916799 ], [ -0.250882386752022, 35.799419781194644 ], [ -0.252362818687039, 35.799419781194644 ], [ -0.252362818687039, 35.798955157755167 ], [ -0.253843250622056, 35.798955157755167 ], [ -0.253843250622056, 35.798490531598425 ], [ -0.255323682557072, 35.798490531598425 ], [ -0.255323682557072, 35.798025902724412 ], [ -0.261245410297139, 35.798025902724412 ], [ -0.261245410297139, 35.798490531598425 ], [ -0.266426922069697, 35.798490531598425 ], [ -0.266426922069697, 35.799419781194644 ], [ -0.267167138037206, 35.799419781194644 ], [ -0.267167138037206, 35.799884401916799 ], [ -0.267907354004714, 35.799884401916799 ], [ -0.267907354004714, 35.800349019921647 ], [ -0.268647569972222, 35.800349019921647 ], [ -0.268647569972222, 35.801278247779365 ], [ -0.269387785939731, 35.801278247779365 ], [ -0.269387785939731, 35.801742857632192 ], [ -0.270128001907239, 35.801742857632192 ], [ -0.270128001907239, 35.80220746476764 ], [ -0.270868217874747, 35.80220746476764 ], [ -0.270868217874747, 35.803136670886389 ], [ -0.271608433842256, 35.803136670886389 ], [ -0.271608433842256, 35.803601269869652 ], [ -0.272348649809764, 35.803601269869652 ], [ -0.272348649809764, 35.804530459683846 ], [ -0.273088865777272, 35.804530459683846 ], [ -0.273088865777272, 35.804995050514783 ], [ -0.273829081744781, 35.804995050514783 ], [ -0.273829081744781, 35.804065866135467 ], [ -0.274569297712289, 35.804065866135467 ], [ -0.274569297712289, 35.803136670886389 ], [ -0.275309513679797, 35.803136670886389 ], [ -0.275309513679797, 35.80220746476764 ], [ -0.276049729647306, 35.80220746476764 ], [ -0.276049729647306, 35.801742857632192 ], [ -0.276789945614814, 35.801742857632192 ], [ -0.276789945614814, 35.801278247779365 ], [ -0.278270377549831, 35.801278247779365 ], [ -0.278270377549831, 35.800813635209181 ], [ -0.279010593517339, 35.800813635209181 ], [ -0.279010593517339, 35.800349019921647 ], [ -0.280491025452356, 35.800349019921647 ], [ -0.280491025452356, 35.800813635209181 ], [ -0.281231241419864, 35.800813635209181 ], [ -0.281231241419864, 35.801278247779365 ], [ -0.282711673354881, 35.801278247779365 ], [ -0.282711673354881, 35.801742857632192 ], [ -0.283451889322389, 35.801742857632192 ], [ -0.283451889322389, 35.80220746476764 ], [ -0.284192105289897, 35.80220746476764 ], [ -0.284192105289897, 35.805459638628236 ], [ -0.284932321257406, 35.805459638628236 ], [ -0.284932321257406, 35.809640809360559 ], [ -0.285672537224914, 35.809640809360559 ], [ -0.285672537224914, 35.813821759965677 ], [ -0.286412753192422, 35.813821759965677 ], [ -0.286412753192422, 35.818467002451158 ], [ -0.287152969159931, 35.818467002451158 ], [ -0.287152969159931, 35.821254017484272 ], [ -0.286412753192422, 35.821254017484272 ], [ -0.286412753192422, 35.822183000751579 ], [ -0.285672537224914, 35.822183000751579 ], [ -0.285672537224914, 35.822647488308213 ], [ -0.284932321257406, 35.822647488308213 ], [ -0.284932321257406, 35.82311197314683 ], [ -0.284192105289897, 35.82311197314683 ], [ -0.284192105289897, 35.8235764552674 ], [ -0.283451889322389, 35.8235764552674 ], [ -0.283451889322389, 35.824040934669902 ], [ -0.282711673354881, 35.824040934669902 ], [ -0.282711673354881, 35.824505411354338 ], [ -0.281971457387372, 35.824505411354338 ], [ -0.281971457387372, 35.824969885320684 ], [ -0.281231241419864, 35.824969885320684 ], [ -0.281231241419864, 35.82543435656892 ], [ -0.280491025452356, 35.82543435656892 ], [ -0.280491025452356, 35.825898825099053 ], [ -0.278270377549831, 35.825898825099053 ], [ -0.278270377549831, 35.82543435656892 ], [ -0.277530161582322, 35.82543435656892 ], [ -0.277530161582322, 35.824969885320684 ], [ -0.276789945614814, 35.824969885320684 ], [ -0.276789945614814, 35.824505411354338 ], [ -0.276049729647306, 35.824505411354338 ], [ -0.276049729647306, 35.824040934669902 ] ] ], [ [ [ 0.133289700384803, 36.021661761371966 ], [ 0.133289700384803, 36.01980846426639 ], [ 0.134029916352311, 36.01980846426639 ], [ 0.134029916352311, 36.015638386416185 ], [ 0.133289700384803, 36.015638386416185 ], [ 0.133289700384803, 36.013321581157236 ], [ 0.132549484417295, 36.013321581157236 ], [ 0.132549484417295, 36.012858211933477 ], [ 0.131809268449787, 36.012858211933477 ], [ 0.131809268449787, 36.01239483998576 ], [ 0.131069052482278, 36.01239483998576 ], [ 0.131069052482278, 36.011931465314092 ], [ 0.129588620547261, 36.011931465314092 ], [ 0.129588620547261, 36.011468087918502 ], [ 0.128848404579753, 36.011468087918502 ], [ 0.128848404579753, 36.011004707799003 ], [ 0.127367972644737, 36.011004707799003 ], [ 0.127367972644737, 36.010541324955597 ], [ 0.126627756677228, 36.010541324955597 ], [ 0.126627756677228, 36.010077939388303 ], [ 0.123666892807195, 36.010077939388303 ], [ 0.123666892807195, 36.010541324955597 ], [ 0.122186460872178, 36.010541324955597 ], [ 0.122186460872178, 36.011004707799003 ], [ 0.12144624490467, 36.011004707799003 ], [ 0.12144624490467, 36.011468087918502 ], [ 0.120706028937161, 36.011468087918502 ], [ 0.120706028937161, 36.012858211933477 ], [ 0.119965812969653, 36.012858211933477 ], [ 0.119965812969653, 36.014711672484637 ], [ 0.119225597002145, 36.014711672484637 ], [ 0.119225597002145, 36.017955123574062 ], [ 0.119965812969653, 36.017955123574062 ], [ 0.119965812969653, 36.020735118267581 ], [ 0.120706028937161, 36.020735118267581 ], [ 0.120706028937161, 36.023051705596806 ], [ 0.12144624490467, 36.023051705596806 ], [ 0.12144624490467, 36.023978321458699 ], [ 0.122186460872178, 36.023978321458699 ], [ 0.122186460872178, 36.024441625303204 ], [ 0.123666892807195, 36.024441625303204 ], [ 0.123666892807195, 36.024904926423396 ], [ 0.125147324742211, 36.024904926423396 ], [ 0.125147324742211, 36.025368224819253 ], [ 0.12588754070972, 36.025368224819253 ], [ 0.12588754070972, 36.025831520490769 ], [ 0.128848404579753, 36.025831520490769 ], [ 0.128848404579753, 36.025368224819253 ], [ 0.13032883651477, 36.025368224819253 ], [ 0.13032883651477, 36.024904926423396 ], [ 0.131809268449787, 36.024904926423396 ], [ 0.131809268449787, 36.023978321458699 ], [ 0.132549484417295, 36.023978321458699 ], [ 0.132549484417295, 36.021661761371966 ], [ 0.133289700384803, 36.021661761371966 ] ] ], [ [ [ -1.901563994295608, 36.972128759221675 ], [ -1.900823778328099, 36.972128759221675 ], [ -1.900823778328099, 36.971213420184398 ], [ -1.900083562360591, 36.971213420184398 ], [ -1.900083562360591, 36.970298070139158 ], [ -1.899343346393083, 36.970298070139158 ], [ -1.899343346393083, 36.96984039098858 ], [ -1.898603130425575, 36.96984039098858 ], [ -1.898603130425575, 36.962974873502759 ], [ -1.899343346393083, 36.962974873502759 ], [ -1.899343346393083, 36.961601695706641 ], [ -1.900083562360591, 36.961601695706641 ], [ -1.900083562360591, 36.961143964271145 ], [ -1.900823778328099, 36.961143964271145 ], [ -1.900823778328099, 36.960228493144996 ], [ -1.901563994295608, 36.960228493144996 ], [ -1.901563994295608, 36.959770753454407 ], [ -1.90526507413315, 36.959770753454407 ], [ -1.90526507413315, 36.960228493144996 ], [ -1.908225938003183, 36.960228493144996 ], [ -1.908225938003183, 36.96068623008393 ], [ -1.908966153970691, 36.96068623008393 ], [ -1.908966153970691, 36.961143964271145 ], [ -1.9097063699382, 36.961143964271145 ], [ -1.9097063699382, 36.961601695706641 ], [ -1.910446585905708, 36.961601695706641 ], [ -1.910446585905708, 36.962517150322469 ], [ -1.911186801873216, 36.962517150322469 ], [ -1.911186801873216, 36.963432593931294 ], [ -1.911927017840724, 36.963432593931294 ], [ -1.911927017840724, 36.970755746537762 ], [ -1.911186801873216, 36.970755746537762 ], [ -1.911186801873216, 36.971213420184398 ], [ -1.910446585905708, 36.971213420184398 ], [ -1.910446585905708, 36.972128759221675 ], [ -1.9097063699382, 36.972128759221675 ], [ -1.9097063699382, 36.973044087250884 ], [ -1.908966153970691, 36.973044087250884 ], [ -1.908966153970691, 36.973501747137441 ], [ -1.906005290100658, 36.973501747137441 ], [ -1.906005290100658, 36.973044087250884 ], [ -1.902304210263116, 36.973044087250884 ], [ -1.902304210263116, 36.972586424612288 ], [ -1.901563994295608, 36.972586424612288 ], [ -1.901563994295608, 36.972128759221675 ] ] ], [ [ [ -6.897281559009358, 37.190122498005735 ], [ -6.896541343041849, 37.190122498005735 ], [ -6.896541343041849, 37.18738433258472 ], [ -6.895060911106833, 37.18738433258472 ], [ -6.895060911106833, 37.18784070038302 ], [ -6.894320695139324, 37.18784070038302 ], [ -6.894320695139324, 37.18829706542342 ], [ -6.893580479171815, 37.18829706542342 ], [ -6.893580479171815, 37.18875342770589 ], [ -6.89135983126929, 37.18875342770589 ], [ -6.89135983126929, 37.18829706542342 ], [ -6.889879399334275, 37.18829706542342 ], [ -6.889879399334275, 37.18784070038302 ], [ -6.889139183366766, 37.18784070038302 ], [ -6.889139183366766, 37.18738433258472 ], [ -6.888398967399257, 37.18738433258472 ], [ -6.888398967399257, 37.185558833812756 ], [ -6.88765875143175, 37.185558833812756 ], [ -6.88765875143175, 37.179169240628184 ], [ -6.888398967399257, 37.179169240628184 ], [ -6.888398967399257, 37.17825639747835 ], [ -6.889139183366766, 37.17825639747835 ], [ -6.889139183366766, 37.177343543297937 ], [ -6.889879399334275, 37.177343543297937 ], [ -6.889879399334275, 37.175974241345209 ], [ -6.890619615301782, 37.175974241345209 ], [ -6.890619615301782, 37.175061359588796 ], [ -6.89135983126929, 37.175061359588796 ], [ -6.89135983126929, 37.174148466802144 ], [ -6.892100047236799, 37.174148466802144 ], [ -6.892100047236799, 37.173235562985369 ], [ -6.892840263204308, 37.173235562985369 ], [ -6.892840263204308, 37.172322648138568 ], [ -6.893580479171815, 37.172322648138568 ], [ -6.893580479171815, 37.171866186578931 ], [ -6.898761990944374, 37.171866186578931 ], [ -6.898761990944374, 37.172779106940716 ], [ -6.899502206911882, 37.172779106940716 ], [ -6.899502206911882, 37.173692016272526 ], [ -6.900242422879391, 37.173692016272526 ], [ -6.900242422879391, 37.174148466802144 ], [ -6.900982638846899, 37.174148466802144 ], [ -6.900982638846899, 37.17962565806662 ], [ -6.901722854814407, 37.17962565806662 ], [ -6.901722854814407, 37.178712820432096 ], [ -6.902463070781916, 37.178712820432096 ], [ -6.902463070781916, 37.17825639747835 ], [ -6.903203286749424, 37.17825639747835 ], [ -6.903203286749424, 37.177343543297937 ], [ -6.909125014489491, 37.177343543297937 ], [ -6.909125014489491, 37.17825639747835 ], [ -6.909865230456998, 37.17825639747835 ], [ -6.909865230456998, 37.179169240628184 ], [ -6.910605446424507, 37.179169240628184 ], [ -6.910605446424507, 37.180082072747346 ], [ -6.911345662392016, 37.180082072747346 ], [ -6.911345662392016, 37.180538484670407 ], [ -6.912085878359524, 37.180538484670407 ], [ -6.912085878359524, 37.181451300243381 ], [ -6.912826094327033, 37.181451300243381 ], [ -6.912826094327033, 37.182364104785442 ], [ -6.913566310294541, 37.182364104785442 ], [ -6.913566310294541, 37.186927962028534 ], [ -6.912826094327033, 37.186927962028534 ], [ -6.912826094327033, 37.189209787230453 ], [ -6.911345662392016, 37.189209787230453 ], [ -6.911345662392016, 37.189666143997066 ], [ -6.909865230456998, 37.189666143997066 ], [ -6.909865230456998, 37.190122498005735 ], [ -6.909125014489491, 37.190122498005735 ], [ -6.909125014489491, 37.190578849256454 ], [ -6.907644582554474, 37.190578849256454 ], [ -6.907644582554474, 37.19103519774918 ], [ -6.906164150619458, 37.19103519774918 ], [ -6.906164150619458, 37.19149154348392 ], [ -6.904683718684442, 37.19149154348392 ], [ -6.904683718684442, 37.191947886460667 ], [ -6.903943502716933, 37.191947886460667 ], [ -6.903943502716933, 37.1924042266794 ], [ -6.902463070781916, 37.1924042266794 ], [ -6.902463070781916, 37.192860564140105 ], [ -6.900242422879391, 37.192860564140105 ], [ -6.900242422879391, 37.1924042266794 ], [ -6.899502206911882, 37.1924042266794 ], [ -6.899502206911882, 37.191947886460667 ], [ -6.898021774976866, 37.191947886460667 ], [ -6.898021774976866, 37.19149154348392 ], [ -6.897281559009358, 37.19149154348392 ], [ -6.897281559009358, 37.190122498005735 ] ], [ [ -6.900242422879391, 37.17962565806662 ], [ -6.900242422879391, 37.180082072747346 ], [ -6.899502206911882, 37.180082072747346 ], [ -6.899502206911882, 37.180994893835752 ], [ -6.900242422879391, 37.180994893835752 ], [ -6.900242422879391, 37.180538484670407 ], [ -6.900982638846899, 37.180538484670407 ], [ -6.900982638846899, 37.17962565806662 ], [ -6.900242422879391, 37.17962565806662 ] ], [ [ -6.898761990944374, 37.180994893835752 ], [ -6.898761990944374, 37.18190770389328 ], [ -6.899502206911882, 37.18190770389328 ], [ -6.899502206911882, 37.180994893835752 ], [ -6.898761990944374, 37.180994893835752 ] ], [ [ -6.898021774976866, 37.18190770389328 ], [ -6.898021774976866, 37.182820502919846 ], [ -6.898761990944374, 37.182820502919846 ], [ -6.898761990944374, 37.18190770389328 ], [ -6.898021774976866, 37.18190770389328 ] ] ], [ [ [ -6.058616867822415, 37.513436996023515 ], [ -6.058616867822415, 37.51161940818686 ], [ -6.057876651854907, 37.51161940818686 ], [ -6.057876651854907, 37.509801776087116 ], [ -6.057136435887399, 37.509801776087116 ], [ -6.057136435887399, 37.510256188261678 ], [ -6.05639621991989, 37.510256188261678 ], [ -6.05639621991989, 37.510710597669828 ], [ -6.055656003952381, 37.510710597669828 ], [ -6.055656003952381, 37.51161940818686 ], [ -6.054915787984873, 37.51161940818686 ], [ -6.054915787984873, 37.512073809295714 ], [ -6.054175572017364, 37.512073809295714 ], [ -6.054175572017364, 37.51252820763812 ], [ -6.052695140082348, 37.51252820763812 ], [ -6.052695140082348, 37.512073809295714 ], [ -6.051954924114839, 37.512073809295714 ], [ -6.051954924114839, 37.51161940818686 ], [ -6.051214708147331, 37.51161940818686 ], [ -6.051214708147331, 37.511165004311565 ], [ -6.050474492179823, 37.511165004311565 ], [ -6.050474492179823, 37.510710597669828 ], [ -6.049734276212314, 37.510710597669828 ], [ -6.049734276212314, 37.510256188261678 ], [ -6.048994060244806, 37.510256188261678 ], [ -6.048994060244806, 37.509801776087116 ], [ -6.048253844277299, 37.509801776087116 ], [ -6.048253844277299, 37.50616637910143 ], [ -6.048994060244806, 37.50616637910143 ], [ -6.048994060244806, 37.503439715177187 ], [ -6.049734276212314, 37.503439715177187 ], [ -6.049734276212314, 37.502076345870776 ], [ -6.051214708147331, 37.502076345870776 ], [ -6.051214708147331, 37.501621883902907 ], [ -6.051954924114839, 37.501621883902907 ], [ -6.051954924114839, 37.501167419168851 ], [ -6.053435356049856, 37.501167419168851 ], [ -6.053435356049856, 37.500712951668618 ], [ -6.054175572017364, 37.500712951668618 ], [ -6.054175572017364, 37.501167419168851 ], [ -6.055656003952381, 37.501167419168851 ], [ -6.055656003952381, 37.501621883902907 ], [ -6.05639621991989, 37.501621883902907 ], [ -6.05639621991989, 37.500712951668618 ], [ -6.057136435887399, 37.500712951668618 ], [ -6.057136435887399, 37.499804008369686 ], [ -6.059357083789923, 37.499804008369686 ], [ -6.059357083789923, 37.499349532571017 ], [ -6.061577731692448, 37.499349532571017 ], [ -6.061577731692448, 37.498895054006219 ], [ -6.063798379594973, 37.498895054006219 ], [ -6.063798379594973, 37.499349532571017 ], [ -6.064538595562481, 37.499349532571017 ], [ -6.064538595562481, 37.499804008369686 ], [ -6.06527881152999, 37.499804008369686 ], [ -6.06527881152999, 37.500712951668618 ], [ -6.066019027497498, 37.500712951668618 ], [ -6.066019027497498, 37.501621883902907 ], [ -6.066759243465007, 37.501621883902907 ], [ -6.066759243465007, 37.50616637910143 ], [ -6.067499459432516, 37.50616637910143 ], [ -6.067499459432516, 37.507529673718651 ], [ -6.068239675400023, 37.507529673718651 ], [ -6.068239675400023, 37.508438522965122 ], [ -6.068979891367531, 37.508438522965122 ], [ -6.068979891367531, 37.509347361146169 ], [ -6.069720107335039, 37.509347361146169 ], [ -6.069720107335039, 37.51161940818686 ], [ -6.068979891367531, 37.51161940818686 ], [ -6.068979891367531, 37.512982603214056 ], [ -6.068239675400023, 37.512982603214056 ], [ -6.068239675400023, 37.513891386066483 ], [ -6.067499459432516, 37.513891386066483 ], [ -6.067499459432516, 37.515254539596349 ], [ -6.066759243465007, 37.515254539596349 ], [ -6.066759243465007, 37.516163294783595 ], [ -6.063058163627464, 37.516163294783595 ], [ -6.063058163627464, 37.51570891857326 ], [ -6.060837515724939, 37.51570891857326 ], [ -6.060837515724939, 37.515254539596349 ], [ -6.059357083789923, 37.515254539596349 ], [ -6.059357083789923, 37.513436996023515 ], [ -6.058616867822415, 37.513436996023515 ] ] ], [ [ [ -3.741740889521328, 39.944103904206173 ], [ -3.741740889521328, 39.943664714484513 ], [ -3.741000673553819, 39.943664714484513 ], [ -3.741000673553819, 39.943225521943617 ], [ -3.739520241618802, 39.943225521943617 ], [ -3.739520241618802, 39.942786326583487 ], [ -3.738780025651294, 39.942786326583487 ], [ -3.738780025651294, 39.942347128404151 ], [ -3.738039809683786, 39.942347128404151 ], [ -3.738039809683786, 39.940590307494809 ], [ -3.737299593716278, 39.940590307494809 ], [ -3.737299593716278, 39.938394217926707 ], [ -3.736559377748769, 39.938394217926707 ], [ -3.736559377748769, 39.93531957412776 ], [ -3.737299593716278, 39.93531957412776 ], [ -3.737299593716278, 39.933123315412963 ], [ -3.738039809683786, 39.933123315412963 ], [ -3.738039809683786, 39.931366257698258 ], [ -3.738780025651294, 39.931366257698258 ], [ -3.738780025651294, 39.93048771192678 ], [ -3.739520241618802, 39.93048771192678 ], [ -3.739520241618802, 39.930048434812555 ], [ -3.740260457586311, 39.930048434812555 ], [ -3.740260457586311, 39.929609154879309 ], [ -3.741000673553819, 39.929609154879309 ], [ -3.741000673553819, 39.929169872127098 ], [ -3.742481105488836, 39.929169872127098 ], [ -3.742481105488836, 39.928730586555908 ], [ -3.743221321456344, 39.928730586555908 ], [ -3.743221321456344, 39.928291298165753 ], [ -3.743961537423853, 39.928291298165753 ], [ -3.743961537423853, 39.928730586555908 ], [ -3.746182185326378, 39.928730586555908 ], [ -3.746182185326378, 39.929169872127098 ], [ -3.747662617261394, 39.929169872127098 ], [ -3.747662617261394, 39.929609154879309 ], [ -3.749143049196411, 39.929609154879309 ], [ -3.749143049196411, 39.930048434812555 ], [ -3.750623481131427, 39.930048434812555 ], [ -3.750623481131427, 39.93048771192678 ], [ -3.751363697098936, 39.93048771192678 ], [ -3.751363697098936, 39.931366257698258 ], [ -3.752103913066444, 39.931366257698258 ], [ -3.752103913066444, 39.934441079099038 ], [ -3.752844129033953, 39.934441079099038 ], [ -3.752844129033953, 39.937076530356116 ], [ -3.753584345001461, 39.937076530356116 ], [ -3.753584345001461, 39.938833441478643 ], [ -3.752844129033953, 39.938833441478643 ], [ -3.752844129033953, 39.940151095219512 ], [ -3.752103913066444, 39.940151095219512 ], [ -3.752103913066444, 39.941468723587867 ], [ -3.751363697098936, 39.941468723587867 ], [ -3.751363697098936, 39.942786326583487 ], [ -3.750623481131427, 39.942786326583487 ], [ -3.750623481131427, 39.943664714484513 ], [ -3.749883265163919, 39.943664714484513 ], [ -3.749883265163919, 39.944103904206173 ], [ -3.748402833228903, 39.944103904206173 ], [ -3.748402833228903, 39.944543091108599 ], [ -3.746922401293885, 39.944543091108599 ], [ -3.746922401293885, 39.944982275191784 ], [ -3.746182185326378, 39.944982275191784 ], [ -3.746182185326378, 39.945421456455712 ], [ -3.745441969358869, 39.945421456455712 ], [ -3.745441969358869, 39.944982275191784 ], [ -3.743961537423853, 39.944982275191784 ], [ -3.743961537423853, 39.944543091108599 ], [ -3.743221321456344, 39.944543091108599 ], [ -3.743221321456344, 39.944103904206173 ], [ -3.741740889521328, 39.944103904206173 ] ] ], [ [ [ -6.351742390955714, 40.125686171986267 ], [ -6.351742390955714, 40.125248150080019 ], [ -6.351002174988206, 40.125248150080019 ], [ -6.351002174988206, 40.124810125351416 ], [ -6.350261959020698, 40.124810125351416 ], [ -6.350261959020698, 40.124372097800446 ], [ -6.349521743053189, 40.124372097800446 ], [ -6.349521743053189, 40.123934067427143 ], [ -6.348781527085682, 40.123934067427143 ], [ -6.348781527085682, 40.120867775788895 ], [ -6.348041311118173, 40.120867775788895 ], [ -6.348041311118173, 40.117801345858574 ], [ -6.348781527085682, 40.117801345858574 ], [ -6.348781527085682, 40.116925197621121 ], [ -6.349521743053189, 40.116925197621121 ], [ -6.349521743053189, 40.116487119269053 ], [ -6.350261959020698, 40.116487119269053 ], [ -6.350261959020698, 40.116049038094765 ], [ -6.351002174988206, 40.116049038094765 ], [ -6.351002174988206, 40.11561095409828 ], [ -6.351742390955714, 40.11561095409828 ], [ -6.351742390955714, 40.115172867279597 ], [ -6.352482606923223, 40.115172867279597 ], [ -6.352482606923223, 40.113858589890434 ], [ -6.351002174988206, 40.113858589890434 ], [ -6.351002174988206, 40.113420491783032 ], [ -6.348781527085682, 40.113420491783032 ], [ -6.348781527085682, 40.112982390853468 ], [ -6.347301095150666, 40.112982390853468 ], [ -6.347301095150666, 40.112106180527888 ], [ -6.346560879183157, 40.112106180527888 ], [ -6.346560879183157, 40.1107918438735 ], [ -6.345820663215648, 40.1107918438735 ], [ -6.345820663215648, 40.109477481820058 ], [ -6.34508044724814, 40.109477481820058 ], [ -6.34508044724814, 40.108163094367768 ], [ -6.344340231280632, 40.108163094367768 ], [ -6.344340231280632, 40.106410538255751 ], [ -6.343600015313123, 40.106410538255751 ], [ -6.343600015313123, 40.104219779619839 ], [ -6.344340231280632, 40.104219779619839 ], [ -6.344340231280632, 40.102905290574178 ], [ -6.34508044724814, 40.102905290574178 ], [ -6.34508044724814, 40.102028950433805 ], [ -6.345820663215648, 40.102028950433805 ], [ -6.345820663215648, 40.100714419058512 ], [ -6.346560879183157, 40.100714419058512 ], [ -6.346560879183157, 40.09983805069858 ], [ -6.347301095150666, 40.09983805069858 ], [ -6.347301095150666, 40.098523476994224 ], [ -6.348041311118173, 40.098523476994224 ], [ -6.348041311118173, 40.097647080415108 ], [ -6.350261959020698, 40.097647080415108 ], [ -6.350261959020698, 40.097208877892704 ], [ -6.353222822890732, 40.097208877892704 ], [ -6.353222822890732, 40.096770672548416 ], [ -6.355443470793257, 40.096770672548416 ], [ -6.355443470793257, 40.096332464382236 ], [ -6.356183686760765, 40.096332464382236 ], [ -6.356183686760765, 40.095456039584299 ], [ -6.356923902728273, 40.095456039584299 ], [ -6.356923902728273, 40.094579603498943 ], [ -6.357664118695782, 40.094579603498943 ], [ -6.357664118695782, 40.093703156126217 ], [ -6.363585846435849, 40.093703156126217 ], [ -6.363585846435849, 40.093264928207113 ], [ -6.364326062403356, 40.093264928207113 ], [ -6.364326062403356, 40.092826697466187 ], [ -6.365066278370866, 40.092826697466187 ], [ -6.365066278370866, 40.092388463903447 ], [ -6.365806494338374, 40.092388463903447 ], [ -6.365806494338374, 40.091950227518915 ], [ -6.369507574175914, 40.091950227518915 ], [ -6.369507574175914, 40.092388463903447 ], [ -6.373208654013458, 40.092388463903447 ], [ -6.373208654013458, 40.092826697466187 ], [ -6.375429301915982, 40.092826697466187 ], [ -6.375429301915982, 40.093703156126217 ], [ -6.37616951788349, 40.093703156126217 ], [ -6.37616951788349, 40.094579603498943 ], [ -6.376909733850998, 40.094579603498943 ], [ -6.376909733850998, 40.095017822952549 ], [ -6.377649949818506, 40.095017822952549 ], [ -6.377649949818506, 40.095894253394214 ], [ -6.378390165786015, 40.095894253394214 ], [ -6.378390165786015, 40.096770672548416 ], [ -6.379130381753523, 40.096770672548416 ], [ -6.379130381753523, 40.097208877892704 ], [ -6.379870597721032, 40.097208877892704 ], [ -6.379870597721032, 40.098085280115619 ], [ -6.38061081368854, 40.098085280115619 ], [ -6.38061081368854, 40.09896167105093 ], [ -6.381351029656049, 40.09896167105093 ], [ -6.381351029656049, 40.103781619426613 ], [ -6.38061081368854, 40.103781619426613 ], [ -6.38061081368854, 40.105096091540275 ], [ -6.381351029656049, 40.105096091540275 ], [ -6.381351029656049, 40.106410538255751 ], [ -6.382091245623557, 40.106410538255751 ], [ -6.382091245623557, 40.107724959572856 ], [ -6.382831461591064, 40.107724959572856 ], [ -6.382831461591064, 40.11035372601112 ], [ -6.382091245623557, 40.11035372601112 ], [ -6.382091245623557, 40.112106180527888 ], [ -6.381351029656049, 40.112106180527888 ], [ -6.381351029656049, 40.112982390853468 ], [ -6.379130381753523, 40.112982390853468 ], [ -6.379130381753523, 40.113420491783032 ], [ -6.375429301915982, 40.113420491783032 ], [ -6.375429301915982, 40.115172867279597 ], [ -6.374689085948473, 40.115172867279597 ], [ -6.374689085948473, 40.116925197621121 ], [ -6.373948869980965, 40.116925197621121 ], [ -6.373948869980965, 40.11911554704799 ], [ -6.373208654013458, 40.11911554704799 ], [ -6.373208654013458, 40.120867775788895 ], [ -6.372468438045948, 40.120867775788895 ], [ -6.372468438045948, 40.121305825918427 ], [ -6.37172822207844, 40.121305825918427 ], [ -6.37172822207844, 40.121743873225661 ], [ -6.370247790143424, 40.121743873225661 ], [ -6.370247790143424, 40.122181917710591 ], [ -6.369507574175914, 40.122181917710591 ], [ -6.369507574175914, 40.12261995937321 ], [ -6.368767358208406, 40.12261995937321 ], [ -6.368767358208406, 40.123057998213511 ], [ -6.368027142240899, 40.123057998213511 ], [ -6.368027142240899, 40.123496034231493 ], [ -6.36728692627339, 40.123496034231493 ], [ -6.36728692627339, 40.123934067427143 ], [ -6.366546710305881, 40.123934067427143 ], [ -6.366546710305881, 40.124372097800446 ], [ -6.365806494338374, 40.124372097800446 ], [ -6.365806494338374, 40.124810125351416 ], [ -6.365066278370866, 40.124810125351416 ], [ -6.365066278370866, 40.125248150080019 ], [ -6.359144550630798, 40.125248150080019 ], [ -6.359144550630798, 40.125686171986267 ], [ -6.35840433466329, 40.125686171986267 ], [ -6.35840433466329, 40.126124191070147 ], [ -6.357664118695782, 40.126124191070147 ], [ -6.357664118695782, 40.126562207331645 ], [ -6.356923902728273, 40.126562207331645 ], [ -6.356923902728273, 40.127000220770761 ], [ -6.35396303885824, 40.127000220770761 ], [ -6.35396303885824, 40.126562207331645 ], [ -6.353222822890732, 40.126562207331645 ], [ -6.353222822890732, 40.126124191070147 ], [ -6.352482606923223, 40.126124191070147 ], [ -6.352482606923223, 40.125686171986267 ], [ -6.351742390955714, 40.125686171986267 ] ] ], [ [ [ -3.467860981543244, 40.252156201901066 ], [ -3.467860981543244, 40.250844575619915 ], [ -3.467120765575736, 40.250844575619915 ], [ -3.467120765575736, 40.249970143976832 ], [ -3.466380549608227, 40.249970143976832 ], [ -3.466380549608227, 40.249095701035969 ], [ -3.465640333640719, 40.249095701035969 ], [ -3.465640333640719, 40.247784015441454 ], [ -3.46490011767321, 40.247784015441454 ], [ -3.46490011767321, 40.247346781261115 ], [ -3.463419685738194, 40.247346781261115 ], [ -3.463419685738194, 40.247784015441454 ], [ -3.461939253803177, 40.247784015441454 ], [ -3.461939253803177, 40.248221246797378 ], [ -3.460458821868161, 40.248221246797378 ], [ -3.460458821868161, 40.248658475328888 ], [ -3.458978389933144, 40.248658475328888 ], [ -3.458978389933144, 40.248221246797378 ], [ -3.458238173965635, 40.248221246797378 ], [ -3.458238173965635, 40.246909544256376 ], [ -3.457497957998127, 40.246909544256376 ], [ -3.457497957998127, 40.246035061773718 ], [ -3.456757742030619, 40.246035061773718 ], [ -3.456757742030619, 40.244723316866896 ], [ -3.45601752606311, 40.244723316866896 ], [ -3.45601752606311, 40.242099750795745 ], [ -3.456757742030619, 40.242099750795745 ], [ -3.456757742030619, 40.241225206177418 ], [ -3.457497957998127, 40.241225206177418 ], [ -3.457497957998127, 40.23991336806769 ], [ -3.458238173965635, 40.23991336806769 ], [ -3.458238173965635, 40.239038795206454 ], [ -3.458978389933144, 40.239038795206454 ], [ -3.458978389933144, 40.238601504539439 ], [ -3.464159901705703, 40.238601504539439 ], [ -3.464159901705703, 40.239038795206454 ], [ -3.46490011767321, 40.239038795206454 ], [ -3.46490011767321, 40.23991336806769 ], [ -3.465640333640719, 40.23991336806769 ], [ -3.465640333640719, 40.239038795206454 ], [ -3.466380549608227, 40.239038795206454 ], [ -3.466380549608227, 40.238164211048165 ], [ -3.467120765575736, 40.238164211048165 ], [ -3.467120765575736, 40.237726914732633 ], [ -3.467860981543244, 40.237726914732633 ], [ -3.467860981543244, 40.237289615592864 ], [ -3.469341413478261, 40.237289615592864 ], [ -3.469341413478261, 40.236852313628852 ], [ -3.470081629445768, 40.236852313628852 ], [ -3.470081629445768, 40.236415008840616 ], [ -3.471562061380785, 40.236415008840616 ], [ -3.471562061380785, 40.235977701228158 ], [ -3.474522925250819, 40.235977701228158 ], [ -3.474522925250819, 40.236415008840616 ], [ -3.47822400508836, 40.236415008840616 ], [ -3.47822400508836, 40.236852313628852 ], [ -3.481184868958394, 40.236852313628852 ], [ -3.481184868958394, 40.237289615592864 ], [ -3.481925084925902, 40.237289615592864 ], [ -3.481925084925902, 40.237726914732633 ], [ -3.482665300893411, 40.237726914732633 ], [ -3.482665300893411, 40.238601504539439 ], [ -3.483405516860918, 40.238601504539439 ], [ -3.483405516860918, 40.239476083049205 ], [ -3.484145732828428, 40.239476083049205 ], [ -3.484145732828428, 40.2407879296318 ], [ -3.484885948795936, 40.2407879296318 ], [ -3.484885948795936, 40.243411546540848 ], [ -3.485626164763444, 40.243411546540848 ], [ -3.485626164763444, 40.248221246797378 ], [ -3.484885948795936, 40.248221246797378 ], [ -3.484885948795936, 40.249970143976832 ], [ -3.484145732828428, 40.249970143976832 ], [ -3.484145732828428, 40.251281787204768 ], [ -3.483405516860918, 40.251281787204768 ], [ -3.483405516860918, 40.251718995965156 ], [ -3.482665300893411, 40.251718995965156 ], [ -3.482665300893411, 40.252156201901066 ], [ -3.481184868958394, 40.252156201901066 ], [ -3.481184868958394, 40.252593405012497 ], [ -3.479704437023377, 40.252593405012497 ], [ -3.479704437023377, 40.253030605299436 ], [ -3.478964221055869, 40.253030605299436 ], [ -3.478964221055869, 40.253467802761868 ], [ -3.477483789120852, 40.253467802761868 ], [ -3.477483789120852, 40.253904997399822 ], [ -3.470821845413277, 40.253904997399822 ], [ -3.470821845413277, 40.253467802761868 ], [ -3.469341413478261, 40.253467802761868 ], [ -3.469341413478261, 40.253030605299436 ], [ -3.468601197510752, 40.253030605299436 ], [ -3.468601197510752, 40.252156201901066 ], [ -3.467860981543244, 40.252156201901066 ] ] ], [ [ [ -6.321393536287873, 40.358750009141751 ], [ -6.320653320320365, 40.358750009141751 ], [ -6.320653320320365, 40.354821258446613 ], [ -6.319913104352857, 40.354821258446613 ], [ -6.319913104352857, 40.353075073546165 ], [ -6.320653320320365, 40.353075073546165 ], [ -6.320653320320365, 40.352201964139134 ], [ -6.321393536287873, 40.352201964139134 ], [ -6.321393536287873, 40.351328843427652 ], [ -6.322133752255382, 40.351328843427652 ], [ -6.322133752255382, 40.35089227883276 ], [ -6.32287396822289, 40.35089227883276 ], [ -6.32287396822289, 40.350455711411769 ], [ -6.326575048060431, 40.350455711411769 ], [ -6.326575048060431, 40.350019141164694 ], [ -6.325834832092924, 40.350019141164694 ], [ -6.325834832092924, 40.345653283260717 ], [ -6.326575048060431, 40.345653283260717 ], [ -6.326575048060431, 40.343906860970478 ], [ -6.32731526402794, 40.343906860970478 ], [ -6.32731526402794, 40.343033632869449 ], [ -6.328055479995448, 40.343033632869449 ], [ -6.328055479995448, 40.342597014579979 ], [ -6.328795695962957, 40.342597014579979 ], [ -6.328795695962957, 40.342160393464553 ], [ -6.329535911930465, 40.342160393464553 ], [ -6.329535911930465, 40.341723769523171 ], [ -6.330276127897974, 40.341723769523171 ], [ -6.330276127897974, 40.340850513162572 ], [ -6.331016343865481, 40.340850513162572 ], [ -6.331016343865481, 40.340413880743384 ], [ -6.33175655983299, 40.340413880743384 ], [ -6.33175655983299, 40.339977245498261 ], [ -6.332496775800498, 40.339977245498261 ], [ -6.332496775800498, 40.339540607427224 ], [ -6.333236991768006, 40.339540607427224 ], [ -6.333236991768006, 40.339103966530281 ], [ -6.333977207735515, 40.339103966530281 ], [ -6.333977207735515, 40.338230676258689 ], [ -6.334717423703023, 40.338230676258689 ], [ -6.334717423703023, 40.337794026884048 ], [ -6.335457639670532, 40.337794026884048 ], [ -6.335457639670532, 40.337357374683528 ], [ -6.336197855638041, 40.337357374683528 ], [ -6.336197855638041, 40.336920719657151 ], [ -6.336938071605549, 40.336920719657151 ], [ -6.336938071605549, 40.336484061804882 ], [ -6.337678287573057, 40.336484061804882 ], [ -6.337678287573057, 40.335610737622801 ], [ -6.338418503540565, 40.335610737622801 ], [ -6.338418503540565, 40.335174071292975 ], [ -6.339158719508074, 40.335174071292975 ], [ -6.339158719508074, 40.334737402137328 ], [ -6.339898935475582, 40.334737402137328 ], [ -6.339898935475582, 40.334300730155832 ], [ -6.34063915144309, 40.334300730155832 ], [ -6.34063915144309, 40.333864055348521 ], [ -6.341379367410598, 40.333864055348521 ], [ -6.341379367410598, 40.332990697256449 ], [ -6.342119583378107, 40.332990697256449 ], [ -6.342119583378107, 40.332554013971695 ], [ -6.342859799345614, 40.332554013971695 ], [ -6.342859799345614, 40.332117327861148 ], [ -6.343600015313123, 40.332117327861148 ], [ -6.343600015313123, 40.331680638924809 ], [ -6.345820663215648, 40.331680638924809 ], [ -6.345820663215648, 40.332117327861148 ], [ -6.346560879183157, 40.332117327861148 ], [ -6.346560879183157, 40.332554013971695 ], [ -6.348041311118173, 40.332554013971695 ], [ -6.348041311118173, 40.332990697256449 ], [ -6.348781527085682, 40.332990697256449 ], [ -6.348781527085682, 40.334300730155832 ], [ -6.349521743053189, 40.334300730155832 ], [ -6.349521743053189, 40.336047401126777 ], [ -6.350261959020698, 40.336047401126777 ], [ -6.350261959020698, 40.338230676258689 ], [ -6.351002174988206, 40.338230676258689 ], [ -6.351002174988206, 40.339103966530281 ], [ -6.354703254825749, 40.339103966530281 ], [ -6.354703254825749, 40.339540607427224 ], [ -6.355443470793257, 40.339540607427224 ], [ -6.355443470793257, 40.340413880743384 ], [ -6.356183686760765, 40.340413880743384 ], [ -6.356183686760765, 40.341287142755839 ], [ -6.356923902728273, 40.341287142755839 ], [ -6.356923902728273, 40.341723769523171 ], [ -6.357664118695782, 40.341723769523171 ], [ -6.357664118695782, 40.347399660334808 ], [ -6.35840433466329, 40.347399660334808 ], [ -6.35840433466329, 40.351328843427652 ], [ -6.357664118695782, 40.351328843427652 ], [ -6.357664118695782, 40.353075073546165 ], [ -6.356923902728273, 40.353075073546165 ], [ -6.356923902728273, 40.354384716460721 ], [ -6.356183686760765, 40.354384716460721 ], [ -6.356183686760765, 40.354821258446613 ], [ -6.354703254825749, 40.354821258446613 ], [ -6.354703254825749, 40.355257797606349 ], [ -6.35396303885824, 40.355257797606349 ], [ -6.35396303885824, 40.355694333939923 ], [ -6.353222822890732, 40.355694333939923 ], [ -6.353222822890732, 40.356130867447327 ], [ -6.352482606923223, 40.356130867447327 ], [ -6.352482606923223, 40.356567398128547 ], [ -6.351742390955714, 40.356567398128547 ], [ -6.351742390955714, 40.357003925983598 ], [ -6.350261959020698, 40.357003925983598 ], [ -6.350261959020698, 40.357440451012444 ], [ -6.349521743053189, 40.357440451012444 ], [ -6.349521743053189, 40.357876973215085 ], [ -6.348781527085682, 40.357876973215085 ], [ -6.348781527085682, 40.358313492591527 ], [ -6.348041311118173, 40.358313492591527 ], [ -6.348041311118173, 40.358750009141751 ], [ -6.34508044724814, 40.358750009141751 ], [ -6.34508044724814, 40.358313492591527 ], [ -6.333977207735515, 40.358313492591527 ], [ -6.333977207735515, 40.357876973215085 ], [ -6.330276127897974, 40.357876973215085 ], [ -6.330276127897974, 40.358313492591527 ], [ -6.329535911930465, 40.358313492591527 ], [ -6.329535911930465, 40.358750009141751 ], [ -6.328795695962957, 40.358750009141751 ], [ -6.328795695962957, 40.359186522865755 ], [ -6.328055479995448, 40.359186522865755 ], [ -6.328055479995448, 40.359623033763548 ], [ -6.32731526402794, 40.359623033763548 ], [ -6.32731526402794, 40.360059541835085 ], [ -6.326575048060431, 40.360059541835085 ], [ -6.326575048060431, 40.360496047080389 ], [ -6.325834832092924, 40.360496047080389 ], [ -6.325834832092924, 40.360932549499445 ], [ -6.325094616125415, 40.360932549499445 ], [ -6.325094616125415, 40.360496047080389 ], [ -6.323614184190399, 40.360496047080389 ], [ -6.323614184190399, 40.360059541835085 ], [ -6.32287396822289, 40.360059541835085 ], [ -6.32287396822289, 40.359623033763548 ], [ -6.321393536287873, 40.359623033763548 ], [ -6.321393536287873, 40.358750009141751 ] ] ], [ [ [ -6.334717423703023, 40.415473092836017 ], [ -6.334717423703023, 40.415036943753201 ], [ -6.333977207735515, 40.415036943753201 ], [ -6.333977207735515, 40.414164637106218 ], [ -6.333236991768006, 40.414164637106218 ], [ -6.333236991768006, 40.413292319150791 ], [ -6.332496775800498, 40.413292319150791 ], [ -6.332496775800498, 40.412856155932431 ], [ -6.33175655983299, 40.412856155932431 ], [ -6.33175655983299, 40.409802934245867 ], [ -6.331016343865481, 40.409802934245867 ], [ -6.331016343865481, 40.410239117253695 ], [ -6.325094616125415, 40.410239117253695 ], [ -6.325094616125415, 40.40936674841101 ], [ -6.324354400157906, 40.40936674841101 ], [ -6.324354400157906, 40.408930559749109 ], [ -6.323614184190399, 40.408930559749109 ], [ -6.323614184190399, 40.408058173944248 ], [ -6.32287396822289, 40.408058173944248 ], [ -6.32287396822289, 40.407185776831341 ], [ -6.322133752255382, 40.407185776831341 ], [ -6.322133752255382, 40.406749574034386 ], [ -6.321393536287873, 40.406749574034386 ], [ -6.321393536287873, 40.405877159959516 ], [ -6.320653320320365, 40.405877159959516 ], [ -6.320653320320365, 40.405004734576742 ], [ -6.319913104352857, 40.405004734576742 ], [ -6.319913104352857, 40.404568517644904 ], [ -6.319172888385348, 40.404568517644904 ], [ -6.319172888385348, 40.393662175606593 ], [ -6.319913104352857, 40.393662175606593 ], [ -6.319913104352857, 40.393225885176186 ], [ -6.320653320320365, 40.393225885176186 ], [ -6.320653320320365, 40.392353295835036 ], [ -6.321393536287873, 40.392353295835036 ], [ -6.321393536287873, 40.391916996924316 ], [ -6.322133752255382, 40.391916996924316 ], [ -6.322133752255382, 40.391044390622632 ], [ -6.32287396822289, 40.391044390622632 ], [ -6.32287396822289, 40.390608083231683 ], [ -6.323614184190399, 40.390608083231683 ], [ -6.323614184190399, 40.389735459969579 ], [ -6.326575048060431, 40.389735459969579 ], [ -6.326575048060431, 40.386681189510981 ], [ -6.32731526402794, 40.386681189510981 ], [ -6.32731526402794, 40.385808515368389 ], [ -6.328055479995448, 40.385808515368389 ], [ -6.328055479995448, 40.385372174057103 ], [ -6.328795695962957, 40.385372174057103 ], [ -6.328795695962957, 40.384499482954602 ], [ -6.329535911930465, 40.384499482954602 ], [ -6.329535911930465, 40.384063133163394 ], [ -6.33175655983299, 40.384063133163394 ], [ -6.33175655983299, 40.384499482954602 ], [ -6.333977207735515, 40.384499482954602 ], [ -6.333977207735515, 40.384935829919179 ], [ -6.336197855638041, 40.384935829919179 ], [ -6.336197855638041, 40.386244853853007 ], [ -6.336938071605549, 40.386244853853007 ], [ -6.336938071605549, 40.388862825400615 ], [ -6.337678287573057, 40.388862825400615 ], [ -6.337678287573057, 40.389735459969579 ], [ -6.342119583378107, 40.389735459969579 ], [ -6.342119583378107, 40.389299144098459 ], [ -6.346560879183157, 40.389299144098459 ], [ -6.346560879183157, 40.388862825400615 ], [ -6.347301095150666, 40.388862825400615 ], [ -6.347301095150666, 40.388426503876062 ], [ -6.348041311118173, 40.388426503876062 ], [ -6.348041311118173, 40.38799017952482 ], [ -6.348781527085682, 40.38799017952482 ], [ -6.348781527085682, 40.38755385234689 ], [ -6.349521743053189, 40.38755385234689 ], [ -6.349521743053189, 40.386681189510981 ], [ -6.350261959020698, 40.386681189510981 ], [ -6.350261959020698, 40.386244853853007 ], [ -6.351002174988206, 40.386244853853007 ], [ -6.351002174988206, 40.385808515368389 ], [ -6.350261959020698, 40.385808515368389 ], [ -6.350261959020698, 40.384935829919179 ], [ -6.349521743053189, 40.384935829919179 ], [ -6.349521743053189, 40.384063133163394 ], [ -6.348781527085682, 40.384063133163394 ], [ -6.348781527085682, 40.382754066830046 ], [ -6.348041311118173, 40.382754066830046 ], [ -6.348041311118173, 40.381444975057235 ], [ -6.346560879183157, 40.381444975057235 ], [ -6.346560879183157, 40.381008605479778 ], [ -6.344340231280632, 40.381008605479778 ], [ -6.344340231280632, 40.380135857845154 ], [ -6.343600015313123, 40.380135857845154 ], [ -6.343600015313123, 40.379263098904268 ], [ -6.342859799345614, 40.379263098904268 ], [ -6.342859799345614, 40.378826715193988 ], [ -6.342119583378107, 40.378826715193988 ], [ -6.342119583378107, 40.373589890202332 ], [ -6.342859799345614, 40.373589890202332 ], [ -6.342859799345614, 40.37315346974755 ], [ -6.343600015313123, 40.37315346974755 ], [ -6.343600015313123, 40.372717046466299 ], [ -6.344340231280632, 40.372717046466299 ], [ -6.344340231280632, 40.372280620358616 ], [ -6.34508044724814, 40.372280620358616 ], [ -6.34508044724814, 40.371407759663931 ], [ -6.345820663215648, 40.371407759663931 ], [ -6.345820663215648, 40.370971325076951 ], [ -6.346560879183157, 40.370971325076951 ], [ -6.346560879183157, 40.370098447423743 ], [ -6.34508044724814, 40.370098447423743 ], [ -6.34508044724814, 40.370534887663545 ], [ -6.343600015313123, 40.370534887663545 ], [ -6.343600015313123, 40.370098447423743 ], [ -6.342859799345614, 40.370098447423743 ], [ -6.342859799345614, 40.369662004357529 ], [ -6.341379367410598, 40.369662004357529 ], [ -6.341379367410598, 40.369225558464919 ], [ -6.34063915144309, 40.369225558464919 ], [ -6.34063915144309, 40.368789109745933 ], [ -6.339898935475582, 40.368789109745933 ], [ -6.339898935475582, 40.365733889574642 ], [ -6.339158719508074, 40.365733889574642 ], [ -6.339158719508074, 40.362678530913037 ], [ -6.339898935475582, 40.362678530913037 ], [ -6.339898935475582, 40.36224203979905 ], [ -6.34063915144309, 40.36224203979905 ], [ -6.34063915144309, 40.361369049092247 ], [ -6.341379367410598, 40.361369049092247 ], [ -6.341379367410598, 40.360932549499445 ], [ -6.342119583378107, 40.360932549499445 ], [ -6.342119583378107, 40.360496047080389 ], [ -6.342859799345614, 40.360496047080389 ], [ -6.342859799345614, 40.360059541835085 ], [ -6.343600015313123, 40.360059541835085 ], [ -6.343600015313123, 40.359623033763548 ], [ -6.34508044724814, 40.359623033763548 ], [ -6.34508044724814, 40.360059541835085 ], [ -6.346560879183157, 40.360059541835085 ], [ -6.346560879183157, 40.360496047080389 ], [ -6.347301095150666, 40.360496047080389 ], [ -6.347301095150666, 40.360932549499445 ], [ -6.348041311118173, 40.360932549499445 ], [ -6.348041311118173, 40.361369049092247 ], [ -6.348781527085682, 40.361369049092247 ], [ -6.348781527085682, 40.363551504662162 ], [ -6.349521743053189, 40.363551504662162 ], [ -6.349521743053189, 40.365733889574642 ], [ -6.350261959020698, 40.365733889574642 ], [ -6.350261959020698, 40.365297418244779 ], [ -6.352482606923223, 40.365297418244779 ], [ -6.352482606923223, 40.364860944088605 ], [ -6.353222822890732, 40.364860944088605 ], [ -6.353222822890732, 40.363987987297278 ], [ -6.35396303885824, 40.363987987297278 ], [ -6.35396303885824, 40.363115019200748 ], [ -6.354703254825749, 40.363115019200748 ], [ -6.354703254825749, 40.361805545858779 ], [ -6.355443470793257, 40.361805545858779 ], [ -6.355443470793257, 40.360932549499445 ], [ -6.356183686760765, 40.360932549499445 ], [ -6.356183686760765, 40.360059541835085 ], [ -6.356923902728273, 40.360059541835085 ], [ -6.356923902728273, 40.356567398128547 ], [ -6.357664118695782, 40.356567398128547 ], [ -6.357664118695782, 40.354384716460721 ], [ -6.35840433466329, 40.354384716460721 ], [ -6.35840433466329, 40.353948171648675 ], [ -6.359144550630798, 40.353948171648675 ], [ -6.359144550630798, 40.35351162401048 ], [ -6.360624982565815, 40.35351162401048 ], [ -6.360624982565815, 40.353075073546165 ], [ -6.362845630468341, 40.353075073546165 ], [ -6.362845630468341, 40.35351162401048 ], [ -6.363585846435849, 40.35351162401048 ], [ -6.363585846435849, 40.353948171648675 ], [ -6.364326062403356, 40.353948171648675 ], [ -6.364326062403356, 40.354384716460721 ], [ -6.365066278370866, 40.354384716460721 ], [ -6.365066278370866, 40.354821258446613 ], [ -6.365806494338374, 40.354821258446613 ], [ -6.365806494338374, 40.355257797606349 ], [ -6.366546710305881, 40.355257797606349 ], [ -6.366546710305881, 40.356130867447327 ], [ -6.36728692627339, 40.356130867447327 ], [ -6.36728692627339, 40.358313492591527 ], [ -6.368027142240899, 40.358313492591527 ], [ -6.368027142240899, 40.36224203979905 ], [ -6.368767358208406, 40.36224203979905 ], [ -6.368767358208406, 40.363987987297278 ], [ -6.37172822207844, 40.363987987297278 ], [ -6.37172822207844, 40.363551504662162 ], [ -6.373948869980965, 40.363551504662162 ], [ -6.373948869980965, 40.364424467106097 ], [ -6.374689085948473, 40.364424467106097 ], [ -6.374689085948473, 40.365297418244779 ], [ -6.375429301915982, 40.365297418244779 ], [ -6.375429301915982, 40.365733889574642 ], [ -6.37616951788349, 40.365733889574642 ], [ -6.37616951788349, 40.369225558464919 ], [ -6.376909733850998, 40.369225558464919 ], [ -6.376909733850998, 40.375335543756833 ], [ -6.37616951788349, 40.375335543756833 ], [ -6.37616951788349, 40.375771950079262 ], [ -6.375429301915982, 40.375771950079262 ], [ -6.375429301915982, 40.376208353575194 ], [ -6.374689085948473, 40.376208353575194 ], [ -6.374689085948473, 40.376644754244623 ], [ -6.373948869980965, 40.376644754244623 ], [ -6.373948869980965, 40.377081152087541 ], [ -6.373208654013458, 40.377081152087541 ], [ -6.373208654013458, 40.377517547103949 ], [ -6.372468438045948, 40.377517547103949 ], [ -6.372468438045948, 40.377953939293825 ], [ -6.37172822207844, 40.377953939293825 ], [ -6.37172822207844, 40.378390328657176 ], [ -6.370988006110932, 40.378390328657176 ], [ -6.370988006110932, 40.378826715193988 ], [ -6.370247790143424, 40.378826715193988 ], [ -6.370247790143424, 40.379263098904268 ], [ -6.369507574175914, 40.379263098904268 ], [ -6.369507574175914, 40.379699479787988 ], [ -6.368767358208406, 40.379699479787988 ], [ -6.368767358208406, 40.380135857845154 ], [ -6.368027142240899, 40.380135857845154 ], [ -6.368027142240899, 40.380572233075753 ], [ -6.36728692627339, 40.380572233075753 ], [ -6.36728692627339, 40.381008605479778 ], [ -6.366546710305881, 40.381008605479778 ], [ -6.366546710305881, 40.381444975057235 ], [ -6.365806494338374, 40.381444975057235 ], [ -6.365806494338374, 40.381881341808104 ], [ -6.365066278370866, 40.381881341808104 ], [ -6.365066278370866, 40.382317705732369 ], [ -6.364326062403356, 40.382317705732369 ], [ -6.364326062403356, 40.382754066830046 ], [ -6.363585846435849, 40.382754066830046 ], [ -6.363585846435849, 40.383190425101112 ], [ -6.362845630468341, 40.383190425101112 ], [ -6.362845630468341, 40.383626780545562 ], [ -6.35840433466329, 40.383626780545562 ], [ -6.35840433466329, 40.384499482954602 ], [ -6.357664118695782, 40.384499482954602 ], [ -6.357664118695782, 40.385372174057103 ], [ -6.356923902728273, 40.385372174057103 ], [ -6.356923902728273, 40.386244853853007 ], [ -6.356183686760765, 40.386244853853007 ], [ -6.356183686760765, 40.386681189510981 ], [ -6.353222822890732, 40.386681189510981 ], [ -6.353222822890732, 40.387117522342272 ], [ -6.354703254825749, 40.387117522342272 ], [ -6.354703254825749, 40.38755385234689 ], [ -6.355443470793257, 40.38755385234689 ], [ -6.355443470793257, 40.38799017952482 ], [ -6.357664118695782, 40.38799017952482 ], [ -6.357664118695782, 40.38755385234689 ], [ -6.360624982565815, 40.38755385234689 ], [ -6.360624982565815, 40.388426503876062 ], [ -6.361365198533323, 40.388426503876062 ], [ -6.361365198533323, 40.389299144098459 ], [ -6.362105414500832, 40.389299144098459 ], [ -6.362105414500832, 40.390608083231683 ], [ -6.362845630468341, 40.390608083231683 ], [ -6.362845630468341, 40.391480695186857 ], [ -6.363585846435849, 40.391480695186857 ], [ -6.363585846435849, 40.393662175606593 ], [ -6.362845630468341, 40.393662175606593 ], [ -6.362845630468341, 40.394534747987073 ], [ -6.362105414500832, 40.394534747987073 ], [ -6.362105414500832, 40.395843585356808 ], [ -6.361365198533323, 40.395843585356808 ], [ -6.361365198533323, 40.396716129469226 ], [ -6.360624982565815, 40.396716129469226 ], [ -6.360624982565815, 40.39933369396234 ], [ -6.361365198533323, 40.39933369396234 ], [ -6.361365198533323, 40.403259849887696 ], [ -6.360624982565815, 40.403259849887696 ], [ -6.360624982565815, 40.403696075300381 ], [ -6.359884766598306, 40.403696075300381 ], [ -6.359884766598306, 40.404132297886122 ], [ -6.359144550630798, 40.404132297886122 ], [ -6.359144550630798, 40.405004734576742 ], [ -6.35840433466329, 40.405004734576742 ], [ -6.35840433466329, 40.405440948681608 ], [ -6.357664118695782, 40.405440948681608 ], [ -6.357664118695782, 40.408930559749109 ], [ -6.35840433466329, 40.408930559749109 ], [ -6.35840433466329, 40.412856155932431 ], [ -6.357664118695782, 40.412856155932431 ], [ -6.357664118695782, 40.413728479542058 ], [ -6.356923902728273, 40.413728479542058 ], [ -6.356923902728273, 40.41460079184327 ], [ -6.356183686760765, 40.41460079184327 ], [ -6.356183686760765, 40.415036943753201 ], [ -6.355443470793257, 40.415036943753201 ], [ -6.355443470793257, 40.415473092836017 ], [ -6.351742390955714, 40.415473092836017 ], [ -6.351742390955714, 40.415036943753201 ], [ -6.349521743053189, 40.415036943753201 ], [ -6.349521743053189, 40.415473092836017 ], [ -6.348781527085682, 40.415473092836017 ], [ -6.348781527085682, 40.415909239091704 ], [ -6.347301095150666, 40.415909239091704 ], [ -6.347301095150666, 40.416345382520248 ], [ -6.346560879183157, 40.416345382520248 ], [ -6.346560879183157, 40.416781523121657 ], [ -6.34508044724814, 40.416781523121657 ], [ -6.34508044724814, 40.417217660895908 ], [ -6.344340231280632, 40.417217660895908 ], [ -6.344340231280632, 40.417653795843009 ], [ -6.336938071605549, 40.417653795843009 ], [ -6.336938071605549, 40.416781523121657 ], [ -6.336197855638041, 40.416781523121657 ], [ -6.336197855638041, 40.416345382520248 ], [ -6.335457639670532, 40.416345382520248 ], [ -6.335457639670532, 40.415473092836017 ], [ -6.334717423703023, 40.415473092836017 ] ] ], [ [ [ -6.270318634529798, 40.400642438046226 ], [ -6.26957841856229, 40.400642438046226 ], [ -6.26957841856229, 40.39933369396234 ], [ -6.268838202594782, 40.39933369396234 ], [ -6.268838202594782, 40.398461183772056 ], [ -6.268097986627273, 40.398461183772056 ], [ -6.268097986627273, 40.397152397285204 ], [ -6.267357770659765, 40.397152397285204 ], [ -6.267357770659765, 40.396279858826432 ], [ -6.266617554692258, 40.396279858826432 ], [ -6.266617554692258, 40.395843585356808 ], [ -6.265877338724748, 40.395843585356808 ], [ -6.265877338724748, 40.394971029937125 ], [ -6.265137122757239, 40.394971029937125 ], [ -6.265137122757239, 40.394534747987073 ], [ -6.264396906789731, 40.394534747987073 ], [ -6.264396906789731, 40.394098463210227 ], [ -6.263656690822224, 40.394098463210227 ], [ -6.263656690822224, 40.393225885176186 ], [ -6.262916474854714, 40.393225885176186 ], [ -6.262916474854714, 40.387117522342272 ], [ -6.263656690822224, 40.387117522342272 ], [ -6.263656690822224, 40.385808515368389 ], [ -6.264396906789731, 40.385808515368389 ], [ -6.264396906789731, 40.384063133163394 ], [ -6.265137122757239, 40.384063133163394 ], [ -6.265137122757239, 40.383190425101112 ], [ -6.265877338724748, 40.383190425101112 ], [ -6.265877338724748, 40.382754066830046 ], [ -6.267357770659765, 40.382754066830046 ], [ -6.267357770659765, 40.382317705732369 ], [ -6.268097986627273, 40.382317705732369 ], [ -6.268097986627273, 40.381881341808104 ], [ -6.26957841856229, 40.381881341808104 ], [ -6.26957841856229, 40.381444975057235 ], [ -6.268097986627273, 40.381444975057235 ], [ -6.268097986627273, 40.381008605479778 ], [ -6.265877338724748, 40.381008605479778 ], [ -6.265877338724748, 40.380572233075753 ], [ -6.265137122757239, 40.380572233075753 ], [ -6.265137122757239, 40.379263098904268 ], [ -6.264396906789731, 40.379263098904268 ], [ -6.264396906789731, 40.375771950079262 ], [ -6.263656690822224, 40.375771950079262 ], [ -6.263656690822224, 40.374462722632536 ], [ -6.264396906789731, 40.374462722632536 ], [ -6.264396906789731, 40.373589890202332 ], [ -6.265137122757239, 40.373589890202332 ], [ -6.265137122757239, 40.37315346974755 ], [ -6.265877338724748, 40.37315346974755 ], [ -6.265877338724748, 40.372280620358616 ], [ -6.266617554692258, 40.372280620358616 ], [ -6.266617554692258, 40.371844191424493 ], [ -6.271058850497305, 40.371844191424493 ], [ -6.271058850497305, 40.370971325076951 ], [ -6.271799066464815, 40.370971325076951 ], [ -6.271799066464815, 40.370534887663545 ], [ -6.272539282432323, 40.370534887663545 ], [ -6.272539282432323, 40.369662004357529 ], [ -6.273279498399831, 40.369662004357529 ], [ -6.273279498399831, 40.369225558464919 ], [ -6.276240362269866, 40.369225558464919 ], [ -6.276240362269866, 40.368789109745933 ], [ -6.278461010172389, 40.368789109745933 ], [ -6.278461010172389, 40.369225558464919 ], [ -6.279201226139898, 40.369225558464919 ], [ -6.279201226139898, 40.369662004357529 ], [ -6.279941442107407, 40.369662004357529 ], [ -6.279941442107407, 40.370098447423743 ], [ -6.280681658074914, 40.370098447423743 ], [ -6.280681658074914, 40.370534887663545 ], [ -6.281421874042422, 40.370534887663545 ], [ -6.281421874042422, 40.371407759663931 ], [ -6.282162090009932, 40.371407759663931 ], [ -6.282162090009932, 40.371844191424493 ], [ -6.28290230597744, 40.371844191424493 ], [ -6.28290230597744, 40.372280620358616 ], [ -6.283642521944948, 40.372280620358616 ], [ -6.283642521944948, 40.37315346974755 ], [ -6.284382737912457, 40.37315346974755 ], [ -6.284382737912457, 40.373589890202332 ], [ -6.285122953879966, 40.373589890202332 ], [ -6.285122953879966, 40.374026307830668 ], [ -6.28734360178249, 40.374026307830668 ], [ -6.28734360178249, 40.374462722632536 ], [ -6.289564249685015, 40.374462722632536 ], [ -6.289564249685015, 40.374899134607922 ], [ -6.290304465652524, 40.374899134607922 ], [ -6.290304465652524, 40.375771950079262 ], [ -6.291044681620031, 40.375771950079262 ], [ -6.291044681620031, 40.378390328657176 ], [ -6.29178489758754, 40.378390328657176 ], [ -6.29178489758754, 40.379699479787988 ], [ -6.292525113555049, 40.379699479787988 ], [ -6.292525113555049, 40.380135857845154 ], [ -6.295485977425082, 40.380135857845154 ], [ -6.295485977425082, 40.379699479787988 ], [ -6.296966409360098, 40.379699479787988 ], [ -6.296966409360098, 40.379263098904268 ], [ -6.298446841295115, 40.379263098904268 ], [ -6.298446841295115, 40.378826715193988 ], [ -6.302147921132656, 40.378826715193988 ], [ -6.302147921132656, 40.379263098904268 ], [ -6.30510878500269, 40.379263098904268 ], [ -6.30510878500269, 40.379699479787988 ], [ -6.305849000970198, 40.379699479787988 ], [ -6.305849000970198, 40.377517547103949 ], [ -6.306589216937707, 40.377517547103949 ], [ -6.306589216937707, 40.375771950079262 ], [ -6.308069648872723, 40.375771950079262 ], [ -6.308069648872723, 40.375335543756833 ], [ -6.310290296775248, 40.375335543756833 ], [ -6.310290296775248, 40.374899134607922 ], [ -6.312510944677773, 40.374899134607922 ], [ -6.312510944677773, 40.374462722632536 ], [ -6.313251160645282, 40.374462722632536 ], [ -6.313251160645282, 40.374899134607922 ], [ -6.31399137661279, 40.374899134607922 ], [ -6.31399137661279, 40.375771950079262 ], [ -6.314731592580298, 40.375771950079262 ], [ -6.314731592580298, 40.376208353575194 ], [ -6.315471808547807, 40.376208353575194 ], [ -6.315471808547807, 40.377081152087541 ], [ -6.316212024515315, 40.377081152087541 ], [ -6.316212024515315, 40.382317705732369 ], [ -6.315471808547807, 40.382317705732369 ], [ -6.315471808547807, 40.382754066830046 ], [ -6.314731592580298, 40.382754066830046 ], [ -6.314731592580298, 40.383626780545562 ], [ -6.31399137661279, 40.383626780545562 ], [ -6.31399137661279, 40.384499482954602 ], [ -6.310290296775248, 40.384499482954602 ], [ -6.310290296775248, 40.385372174057103 ], [ -6.311030512742757, 40.385372174057103 ], [ -6.311030512742757, 40.385808515368389 ], [ -6.31399137661279, 40.385808515368389 ], [ -6.31399137661279, 40.386244853853007 ], [ -6.315471808547807, 40.386244853853007 ], [ -6.315471808547807, 40.38755385234689 ], [ -6.316212024515315, 40.38755385234689 ], [ -6.316212024515315, 40.391044390622632 ], [ -6.316952240482823, 40.391044390622632 ], [ -6.316952240482823, 40.392353295835036 ], [ -6.316212024515315, 40.392353295835036 ], [ -6.316212024515315, 40.393662175606593 ], [ -6.315471808547807, 40.393662175606593 ], [ -6.315471808547807, 40.394534747987073 ], [ -6.314731592580298, 40.394534747987073 ], [ -6.314731592580298, 40.395407309060367 ], [ -6.31399137661279, 40.395407309060367 ], [ -6.31399137661279, 40.396279858826432 ], [ -6.313251160645282, 40.396279858826432 ], [ -6.313251160645282, 40.39758866227433 ], [ -6.312510944677773, 40.39758866227433 ], [ -6.312510944677773, 40.398461183772056 ], [ -6.311770728710265, 40.398461183772056 ], [ -6.311770728710265, 40.39933369396234 ], [ -6.311030512742757, 40.39933369396234 ], [ -6.311030512742757, 40.399769944817194 ], [ -6.310290296775248, 40.399769944817194 ], [ -6.310290296775248, 40.400206192845147 ], [ -6.306589216937707, 40.400206192845147 ], [ -6.306589216937707, 40.399769944817194 ], [ -6.305849000970198, 40.399769944817194 ], [ -6.305849000970198, 40.39933369396234 ], [ -6.30510878500269, 40.39933369396234 ], [ -6.30510878500269, 40.398461183772056 ], [ -6.304368569035181, 40.398461183772056 ], [ -6.304368569035181, 40.398024924436619 ], [ -6.303628353067674, 40.398024924436619 ], [ -6.303628353067674, 40.397152397285204 ], [ -6.302888137100165, 40.397152397285204 ], [ -6.302888137100165, 40.39758866227433 ], [ -6.301407705165149, 40.39758866227433 ], [ -6.301407705165149, 40.398461183772056 ], [ -6.30066748919764, 40.398461183772056 ], [ -6.30066748919764, 40.400642438046226 ], [ -6.299927273230131, 40.400642438046226 ], [ -6.299927273230131, 40.401951156688078 ], [ -6.298446841295115, 40.401951156688078 ], [ -6.298446841295115, 40.402387390581538 ], [ -6.297706625327606, 40.402387390581538 ], [ -6.297706625327606, 40.402823621648082 ], [ -6.29622619339259, 40.402823621648082 ], [ -6.29622619339259, 40.403259849887696 ], [ -6.294745761457574, 40.403259849887696 ], [ -6.294745761457574, 40.402823621648082 ], [ -6.294005545490065, 40.402823621648082 ], [ -6.294005545490065, 40.402387390581538 ], [ -6.293265329522557, 40.402387390581538 ], [ -6.293265329522557, 40.401951156688078 ], [ -6.29178489758754, 40.401951156688078 ], [ -6.29178489758754, 40.401514919967696 ], [ -6.291044681620031, 40.401514919967696 ], [ -6.291044681620031, 40.400206192845147 ], [ -6.290304465652524, 40.400206192845147 ], [ -6.290304465652524, 40.39933369396234 ], [ -6.289564249685015, 40.39933369396234 ], [ -6.289564249685015, 40.398024924436619 ], [ -6.288824033717506, 40.398024924436619 ], [ -6.288824033717506, 40.398461183772056 ], [ -6.285122953879966, 40.398461183772056 ], [ -6.285122953879966, 40.398897440280635 ], [ -6.283642521944948, 40.398897440280635 ], [ -6.283642521944948, 40.39933369396234 ], [ -6.28290230597744, 40.39933369396234 ], [ -6.28290230597744, 40.399769944817194 ], [ -6.282162090009932, 40.399769944817194 ], [ -6.282162090009932, 40.400642438046226 ], [ -6.281421874042422, 40.400642438046226 ], [ -6.281421874042422, 40.401078680420419 ], [ -6.280681658074914, 40.401078680420419 ], [ -6.280681658074914, 40.401951156688078 ], [ -6.279941442107407, 40.401951156688078 ], [ -6.279941442107407, 40.402823621648082 ], [ -6.279201226139898, 40.402823621648082 ], [ -6.279201226139898, 40.403259849887696 ], [ -6.278461010172389, 40.403259849887696 ], [ -6.278461010172389, 40.404132297886122 ], [ -6.277720794204882, 40.404132297886122 ], [ -6.277720794204882, 40.404568517644904 ], [ -6.272539282432323, 40.404568517644904 ], [ -6.272539282432323, 40.403696075300381 ], [ -6.271799066464815, 40.403696075300381 ], [ -6.271799066464815, 40.402387390581538 ], [ -6.271058850497305, 40.402387390581538 ], [ -6.271058850497305, 40.401514919967696 ], [ -6.270318634529798, 40.401514919967696 ], [ -6.270318634529798, 40.400642438046226 ] ] ], [ [ [ -7.188926650207642, 41.293296904899108 ], [ -7.186706002305116, 41.293296904899108 ], [ -7.186706002305116, 41.292866496869678 ], [ -7.1852255703701, 41.292866496869678 ], [ -7.1852255703701, 41.292005672291495 ], [ -7.184485354402592, 41.292005672291495 ], [ -7.184485354402592, 41.291144836354256 ], [ -7.183745138435084, 41.291144836354256 ], [ -7.183745138435084, 41.289853561150231 ], [ -7.183004922467575, 41.289853561150231 ], [ -7.183004922467575, 41.288992696815519 ], [ -7.182264706500066, 41.288992696815519 ], [ -7.182264706500066, 41.288131821121894 ], [ -7.181524490532558, 41.288131821121894 ], [ -7.181524490532558, 41.287270934069397 ], [ -7.180784274565049, 41.287270934069397 ], [ -7.180784274565049, 41.285549125888011 ], [ -7.180044058597542, 41.285549125888011 ], [ -7.180044058597542, 41.28339680176844 ], [ -7.179303842630032, 41.28339680176844 ], [ -7.179303842630032, 41.281674891358975 ], [ -7.177823410695016, 41.281674891358975 ], [ -7.177823410695016, 41.2812444066575 ], [ -7.176342978760001, 41.2812444066575 ], [ -7.176342978760001, 41.280813919116419 ], [ -7.175602762792492, 41.280813919116419 ], [ -7.175602762792492, 41.280383428735696 ], [ -7.174122330857474, 41.280383428735696 ], [ -7.174122330857474, 41.278661438816741 ], [ -7.173382114889967, 41.278661438816741 ], [ -7.173382114889967, 41.273925732274193 ], [ -7.174122330857474, 41.273925732274193 ], [ -7.174122330857474, 41.270911921947018 ], [ -7.174862546824983, 41.270911921947018 ], [ -7.174862546824983, 41.268328545211979 ], [ -7.175602762792492, 41.268328545211979 ], [ -7.175602762792492, 41.267036818511691 ], [ -7.176342978760001, 41.267036818511691 ], [ -7.176342978760001, 41.266606237266025 ], [ -7.177083194727508, 41.266606237266025 ], [ -7.177083194727508, 41.2657450662564 ], [ -7.177823410695016, 41.2657450662564 ], [ -7.177823410695016, 41.265314476492442 ], [ -7.178563626662525, 41.265314476492442 ], [ -7.178563626662525, 41.264453288446283 ], [ -7.179303842630032, 41.264453288446283 ], [ -7.179303842630032, 41.264022690164083 ], [ -7.180044058597542, 41.264022690164083 ], [ -7.180044058597542, 41.263592089042476 ], [ -7.181524490532558, 41.263592089042476 ], [ -7.181524490532558, 41.263161485081476 ], [ -7.182264706500066, 41.263161485081476 ], [ -7.182264706500066, 41.262730878281083 ], [ -7.183004922467575, 41.262730878281083 ], [ -7.183004922467575, 41.262300268641297 ], [ -7.184485354402592, 41.262300268641297 ], [ -7.184485354402592, 41.261869656162141 ], [ -7.1852255703701, 41.261869656162141 ], [ -7.1852255703701, 41.261439040843598 ], [ -7.186706002305116, 41.261439040843598 ], [ -7.186706002305116, 41.261008422685684 ], [ -7.189666866175149, 41.261008422685684 ], [ -7.189666866175149, 41.261439040843598 ], [ -7.190407082142658, 41.261439040843598 ], [ -7.190407082142658, 41.261869656162141 ], [ -7.191887514077675, 41.261869656162141 ], [ -7.191887514077675, 41.262300268641297 ], [ -7.192627730045183, 41.262300268641297 ], [ -7.192627730045183, 41.262730878281083 ], [ -7.1941081619802, 41.262730878281083 ], [ -7.1941081619802, 41.263161485081476 ], [ -7.194848377947709, 41.263161485081476 ], [ -7.194848377947709, 41.263592089042476 ], [ -7.196328809882724, 41.263592089042476 ], [ -7.196328809882724, 41.264022690164083 ], [ -7.197069025850233, 41.264022690164083 ], [ -7.197069025850233, 41.264453288446283 ], [ -7.19854945778525, 41.264453288446283 ], [ -7.19854945778525, 41.264883883889077 ], [ -7.199289673752759, 41.264883883889077 ], [ -7.199289673752759, 41.265314476492442 ], [ -7.200029889720266, 41.265314476492442 ], [ -7.200029889720266, 41.266175653180937 ], [ -7.200770105687774, 41.266175653180937 ], [ -7.200770105687774, 41.267897972484668 ], [ -7.201510321655284, 41.267897972484668 ], [ -7.201510321655284, 41.270050807726591 ], [ -7.200770105687774, 41.270050807726591 ], [ -7.200770105687774, 41.271773024809477 ], [ -7.200029889720266, 41.271773024809477 ], [ -7.200029889720266, 41.273064657806863 ], [ -7.19854945778525, 41.273064657806863 ], [ -7.19854945778525, 41.273495196460289 ], [ -7.197069025850233, 41.273495196460289 ], [ -7.197069025850233, 41.273925732274193 ], [ -7.194848377947709, 41.273925732274193 ], [ -7.194848377947709, 41.276078368750596 ], [ -7.1941081619802, 41.276078368750596 ], [ -7.1941081619802, 41.277369916561767 ], [ -7.194848377947709, 41.277369916561767 ], [ -7.194848377947709, 41.276939403464283 ], [ -7.19854945778525, 41.276939403464283 ], [ -7.19854945778525, 41.277369916561767 ], [ -7.199289673752759, 41.277369916561767 ], [ -7.199289673752759, 41.278230934237996 ], [ -7.200029889720266, 41.278230934237996 ], [ -7.200029889720266, 41.27909194055588 ], [ -7.200770105687774, 41.27909194055588 ], [ -7.200770105687774, 41.279522439455427 ], [ -7.201510321655284, 41.279522439455427 ], [ -7.201510321655284, 41.286410035658086 ], [ -7.202250537622793, 41.286410035658086 ], [ -7.202250537622793, 41.292005672291495 ], [ -7.201510321655284, 41.292005672291495 ], [ -7.201510321655284, 41.292866496869678 ], [ -7.200770105687774, 41.292866496869678 ], [ -7.200770105687774, 41.293296904899108 ], [ -7.200029889720266, 41.293296904899108 ], [ -7.200029889720266, 41.293727310088748 ], [ -7.199289673752759, 41.293727310088748 ], [ -7.199289673752759, 41.294157712438604 ], [ -7.19854945778525, 41.294157712438604 ], [ -7.19854945778525, 41.29458811194867 ], [ -7.19780924181774, 41.29458811194867 ], [ -7.19780924181774, 41.295018508618931 ], [ -7.194848377947709, 41.295018508618931 ], [ -7.194848377947709, 41.29458811194867 ], [ -7.192627730045183, 41.29458811194867 ], [ -7.192627730045183, 41.294157712438604 ], [ -7.190407082142658, 41.294157712438604 ], [ -7.190407082142658, 41.293727310088748 ], [ -7.188926650207642, 41.293727310088748 ], [ -7.188926650207642, 41.293296904899108 ] ] ], [ [ [ -6.765523116792874, 42.559479699959915 ], [ -6.764782900825367, 42.559479699959915 ], [ -6.764782900825367, 42.558635798175914 ], [ -6.764042684857857, 42.558635798175914 ], [ -6.764042684857857, 42.558213843003912 ], [ -6.763302468890348, 42.558213843003912 ], [ -6.763302468890348, 42.557369924099952 ], [ -6.76256225292284, 42.557369924099952 ], [ -6.76256225292284, 42.556525993782721 ], [ -6.761822036955333, 42.556525993782721 ], [ -6.761822036955333, 42.555682052052248 ], [ -6.761081820987823, 42.555682052052248 ], [ -6.761081820987823, 42.551462172202271 ], [ -6.760341605020315, 42.551462172202271 ], [ -6.760341605020315, 42.54850808653768 ], [ -6.761081820987823, 42.54850808653768 ], [ -6.761081820987823, 42.547664036382848 ], [ -6.761822036955333, 42.547664036382848 ], [ -6.761822036955333, 42.546819974815079 ], [ -6.76256225292284, 42.546819974815079 ], [ -6.76256225292284, 42.545975901834403 ], [ -6.763302468890348, 42.545975901834403 ], [ -6.763302468890348, 42.545553861064228 ], [ -6.764782900825367, 42.545553861064228 ], [ -6.764782900825367, 42.54513181744084 ], [ -6.766263332760382, 42.54513181744084 ], [ -6.766263332760382, 42.544709770964246 ], [ -6.767003548727891, 42.544709770964246 ], [ -6.767003548727891, 42.544287721634426 ], [ -6.768483980662907, 42.544287721634426 ], [ -6.768483980662907, 42.543865669451414 ], [ -6.769964412597924, 42.543865669451414 ], [ -6.769964412597924, 42.544287721634426 ], [ -6.770704628565432, 42.544287721634426 ], [ -6.770704628565432, 42.544709770964246 ], [ -6.772185060500449, 42.544709770964246 ], [ -6.772185060500449, 42.54513181744084 ], [ -6.772925276467958, 42.54513181744084 ], [ -6.772925276467958, 42.545553861064228 ], [ -6.773665492435466, 42.545553861064228 ], [ -6.773665492435466, 42.545975901834403 ], [ -6.774405708402975, 42.545975901834403 ], [ -6.774405708402975, 42.546397939751351 ], [ -6.775145924370483, 42.546397939751351 ], [ -6.775145924370483, 42.546819974815079 ], [ -6.776626356305498, 42.546819974815079 ], [ -6.776626356305498, 42.548086062886881 ], [ -6.777366572273007, 42.548086062886881 ], [ -6.777366572273007, 42.549774140370594 ], [ -6.778106788240516, 42.549774140370594 ], [ -6.778106788240516, 42.556104024344137 ], [ -6.777366572273007, 42.556104024344137 ], [ -6.777366572273007, 42.557369924099952 ], [ -6.776626356305498, 42.557369924099952 ], [ -6.776626356305498, 42.558635798175914 ], [ -6.775886140337991, 42.558635798175914 ], [ -6.775886140337991, 42.559479699959915 ], [ -6.775145924370483, 42.559479699959915 ], [ -6.775145924370483, 42.560745531235895 ], [ -6.774405708402975, 42.560745531235895 ], [ -6.774405708402975, 42.561167469287867 ], [ -6.772185060500449, 42.561167469287867 ], [ -6.772185060500449, 42.560745531235895 ], [ -6.768483980662907, 42.560745531235895 ], [ -6.768483980662907, 42.560323590330576 ], [ -6.765523116792874, 42.560323590330576 ], [ -6.765523116792874, 42.559479699959915 ] ] ], [ [ [ -0.874884447361548, 42.835243425999259 ], [ -0.874884447361548, 42.834823346207365 ], [ -0.87414423139404, 42.834823346207365 ], [ -0.87414423139404, 42.833142998484391 ], [ -0.873404015426531, 42.833142998484391 ], [ -0.873404015426531, 42.831462605072886 ], [ -0.872663799459023, 42.831462605072886 ], [ -0.872663799459023, 42.82936204905932 ], [ -0.871923583491515, 42.82936204905932 ], [ -0.871923583491515, 42.827681552849377 ], [ -0.871183367524006, 42.827681552849377 ], [ -0.871183367524006, 42.826001010951565 ], [ -0.870443151556498, 42.826001010951565 ], [ -0.870443151556498, 42.824740574545672 ], [ -0.871183367524006, 42.824740574545672 ], [ -0.871183367524006, 42.823059952694585 ], [ -0.871923583491515, 42.823059952694585 ], [ -0.871923583491515, 42.821379285156191 ], [ -0.873404015426531, 42.821379285156191 ], [ -0.873404015426531, 42.820959111132971 ], [ -0.87414423139404, 42.820959111132971 ], [ -0.87414423139404, 42.820538934254316 ], [ -0.874884447361548, 42.820538934254316 ], [ -0.874884447361548, 42.820118754520223 ], [ -0.875624663329057, 42.820118754520223 ], [ -0.875624663329057, 42.819698571930701 ], [ -0.876364879296565, 42.819698571930701 ], [ -0.876364879296565, 42.819278386485735 ], [ -0.877105095264073, 42.819278386485735 ], [ -0.877105095264073, 42.818858198185353 ], [ -0.879325743166598, 42.818858198185353 ], [ -0.879325743166598, 42.819278386485735 ], [ -0.88302682300414, 42.819278386485735 ], [ -0.88302682300414, 42.819698571930701 ], [ -0.885987686874173, 42.819698571930701 ], [ -0.885987686874173, 42.820118754520223 ], [ -0.888208334776698, 42.820118754520223 ], [ -0.888208334776698, 42.820959111132971 ], [ -0.888948550744206, 42.820959111132971 ], [ -0.888948550744206, 42.822219624636283 ], [ -0.889688766711715, 42.822219624636283 ], [ -0.889688766711715, 42.823059952694585 ], [ -0.890428982679223, 42.823059952694585 ], [ -0.890428982679223, 42.824320423366089 ], [ -0.891169198646731, 42.824320423366089 ], [ -0.891169198646731, 42.826841287611437 ], [ -0.890428982679223, 42.826841287611437 ], [ -0.890428982679223, 42.82936204905932 ], [ -0.889688766711715, 42.82936204905932 ], [ -0.889688766711715, 42.831462605072886 ], [ -0.888948550744206, 42.831462605072886 ], [ -0.888948550744206, 42.831882707709042 ], [ -0.88746811880919, 42.831882707709042 ], [ -0.88746811880919, 42.832302807489697 ], [ -0.885247470906665, 42.832302807489697 ], [ -0.885247470906665, 42.832722904414801 ], [ -0.883767038971648, 42.832722904414801 ], [ -0.883767038971648, 42.833142998484391 ], [ -0.88302682300414, 42.833142998484391 ], [ -0.88302682300414, 42.833563089698444 ], [ -0.882286607036631, 42.833563089698444 ], [ -0.882286607036631, 42.834403263559935 ], [ -0.881546391069123, 42.834403263559935 ], [ -0.881546391069123, 42.834823346207365 ], [ -0.880806175101615, 42.834823346207365 ], [ -0.880806175101615, 42.835243425999259 ], [ -0.880065959134107, 42.835243425999259 ], [ -0.880065959134107, 42.836083577016382 ], [ -0.879325743166598, 42.836083577016382 ], [ -0.879325743166598, 42.836503648241624 ], [ -0.877845311231581, 42.836503648241624 ], [ -0.877845311231581, 42.836083577016382 ], [ -0.877105095264073, 42.836083577016382 ], [ -0.877105095264073, 42.835663502935589 ], [ -0.876364879296565, 42.835663502935589 ], [ -0.876364879296565, 42.835243425999259 ], [ -0.874884447361548, 42.835243425999259 ] ] ], [ [ [ -5.724039250508648, 43.536112471851069 ], [ -5.723299034541139, 43.536112471851069 ], [ -5.723299034541139, 43.535697187634213 ], [ -5.72255881857363, 43.535697187634213 ], [ -5.72255881857363, 43.535281900557365 ], [ -5.721818602606122, 43.535281900557365 ], [ -5.721818602606122, 43.53237481094019 ], [ -5.72255881857363, 43.53237481094019 ], [ -5.72255881857363, 43.529052251208505 ], [ -5.723299034541139, 43.529052251208505 ], [ -5.723299034541139, 43.527806244119944 ], [ -5.72255881857363, 43.527806244119944 ], [ -5.72255881857363, 43.527390902703871 ], [ -5.721818602606122, 43.527390902703871 ], [ -5.721818602606122, 43.526975558427864 ], [ -5.721078386638613, 43.526975558427864 ], [ -5.721078386638613, 43.526144861296039 ], [ -5.720338170671106, 43.526144861296039 ], [ -5.720338170671106, 43.524068068417712 ], [ -5.719597954703597, 43.524068068417712 ], [ -5.719597954703597, 43.521575822586357 ], [ -5.720338170671106, 43.521575822586357 ], [ -5.720338170671106, 43.519914268167263 ], [ -5.721078386638613, 43.519914268167263 ], [ -5.721078386638613, 43.519083473798304 ], [ -5.721818602606122, 43.519083473798304 ], [ -5.721818602606122, 43.518668072323983 ], [ -5.72255881857363, 43.518668072323983 ], [ -5.72255881857363, 43.518252667989771 ], [ -5.724039250508648, 43.518252667989771 ], [ -5.724039250508648, 43.517837260795666 ], [ -5.724779466476156, 43.517837260795666 ], [ -5.724779466476156, 43.51742185074167 ], [ -5.725519682443664, 43.51742185074167 ], [ -5.725519682443664, 43.517837260795666 ], [ -5.727000114378681, 43.517837260795666 ], [ -5.727000114378681, 43.518252667989771 ], [ -5.727740330346189, 43.518252667989771 ], [ -5.727740330346189, 43.517006437827789 ], [ -5.728480546313697, 43.517006437827789 ], [ -5.728480546313697, 43.516175603420372 ], [ -5.729960978248714, 43.516175603420372 ], [ -5.729960978248714, 43.515760181926844 ], [ -5.732181626151239, 43.515760181926844 ], [ -5.732181626151239, 43.51534475757343 ], [ -5.735142490021273, 43.51534475757343 ], [ -5.735142490021273, 43.515760181926844 ], [ -5.73588270598878, 43.515760181926844 ], [ -5.73588270598878, 43.517006437827789 ], [ -5.73662292195629, 43.517006437827789 ], [ -5.73662292195629, 43.517837260795666 ], [ -5.737363137923798, 43.517837260795666 ], [ -5.737363137923798, 43.519083473798304 ], [ -5.738103353891305, 43.519083473798304 ], [ -5.738103353891305, 43.521575822586357 ], [ -5.737363137923798, 43.521575822586357 ], [ -5.737363137923798, 43.523237331246925 ], [ -5.73662292195629, 43.523237331246925 ], [ -5.73662292195629, 43.525314152724491 ], [ -5.73588270598878, 43.525314152724491 ], [ -5.73588270598878, 43.526975558427864 ], [ -5.735142490021273, 43.526975558427864 ], [ -5.735142490021273, 43.528636918372264 ], [ -5.734402274053765, 43.528636918372264 ], [ -5.734402274053765, 43.530713553953994 ], [ -5.733662058086256, 43.530713553953994 ], [ -5.733662058086256, 43.53237481094019 ], [ -5.732921842118747, 43.53237481094019 ], [ -5.732921842118747, 43.53403602216698 ], [ -5.732181626151239, 43.53403602216698 ], [ -5.732181626151239, 43.535281900557365 ], [ -5.73144141018373, 43.535281900557365 ], [ -5.73144141018373, 43.535697187634213 ], [ -5.730701194216222, 43.535697187634213 ], [ -5.730701194216222, 43.536112471851069 ], [ -5.729960978248714, 43.536112471851069 ], [ -5.729960978248714, 43.536527753207956 ], [ -5.729220762281205, 43.536527753207956 ], [ -5.729220762281205, 43.536943031704851 ], [ -5.728480546313697, 43.536943031704851 ], [ -5.728480546313697, 43.537773580118674 ], [ -5.727740330346189, 43.537773580118674 ], [ -5.727740330346189, 43.538188850035603 ], [ -5.726259898411173, 43.538188850035603 ], [ -5.726259898411173, 43.537773580118674 ], [ -5.725519682443664, 43.537773580118674 ], [ -5.725519682443664, 43.536943031704851 ], [ -5.724779466476156, 43.536943031704851 ], [ -5.724779466476156, 43.536527753207956 ], [ -5.724039250508648, 43.536527753207956 ], [ -5.724039250508648, 43.536112471851069 ] ] ], [ [ [ -5.83877272547244, 43.549400056708208 ], [ -5.838032509504931, 43.549400056708208 ], [ -5.838032509504931, 43.548984864011857 ], [ -5.836552077569914, 43.548984864011857 ], [ -5.836552077569914, 43.54773926876247 ], [ -5.835811861602406, 43.54773926876247 ], [ -5.835811861602406, 43.54607843505606 ], [ -5.835071645634897, 43.54607843505606 ], [ -5.835071645634897, 43.545663219479366 ], [ -5.832850997732372, 43.545663219479366 ], [ -5.832850997732372, 43.545248001042651 ], [ -5.831370565797356, 43.545248001042651 ], [ -5.831370565797356, 43.544832779745889 ], [ -5.829890133862339, 43.544832779745889 ], [ -5.829890133862339, 43.544417555589114 ], [ -5.828409701927322, 43.544417555589114 ], [ -5.828409701927322, 43.544002328572311 ], [ -5.826929269992306, 43.544002328572311 ], [ -5.826929269992306, 43.543587098695482 ], [ -5.82544883805729, 43.543587098695482 ], [ -5.82544883805729, 43.543171865958641 ], [ -5.823968406122273, 43.543171865958641 ], [ -5.823968406122273, 43.542756630361758 ], [ -5.823228190154764, 43.542756630361758 ], [ -5.823228190154764, 43.541510906411077 ], [ -5.822487974187256, 43.541510906411077 ], [ -5.822487974187256, 43.537773580118674 ], [ -5.821747758219748, 43.537773580118674 ], [ -5.821747758219748, 43.536943031704851 ], [ -5.822487974187256, 43.536943031704851 ], [ -5.822487974187256, 43.536112471851069 ], [ -5.823228190154764, 43.536112471851069 ], [ -5.823228190154764, 43.535697187634213 ], [ -5.823968406122273, 43.535697187634213 ], [ -5.823968406122273, 43.535281900557365 ], [ -5.824708622089781, 43.535281900557365 ], [ -5.824708622089781, 43.534451317823752 ], [ -5.82544883805729, 43.534451317823752 ], [ -5.82544883805729, 43.53403602216698 ], [ -5.826189054024797, 43.53403602216698 ], [ -5.826189054024797, 43.533205422273518 ], [ -5.826929269992306, 43.533205422273518 ], [ -5.826929269992306, 43.532790118036843 ], [ -5.827669485959815, 43.532790118036843 ], [ -5.827669485959815, 43.53237481094019 ], [ -5.828409701927322, 43.53237481094019 ], [ -5.828409701927322, 43.531544188167018 ], [ -5.833591213699881, 43.531544188167018 ], [ -5.833591213699881, 43.531959500983589 ], [ -5.834331429667389, 43.531959500983589 ], [ -5.834331429667389, 43.53237481094019 ], [ -5.835071645634897, 43.53237481094019 ], [ -5.835071645634897, 43.533205422273518 ], [ -5.835811861602406, 43.533205422273518 ], [ -5.835811861602406, 43.53403602216698 ], [ -5.836552077569914, 43.53403602216698 ], [ -5.836552077569914, 43.534866610620547 ], [ -5.837292293537423, 43.534866610620547 ], [ -5.837292293537423, 43.535697187634213 ], [ -5.838032509504931, 43.535697187634213 ], [ -5.838032509504931, 43.536527753207956 ], [ -5.83877272547244, 43.536527753207956 ], [ -5.83877272547244, 43.537358307341755 ], [ -5.839512941439948, 43.537358307341755 ], [ -5.839512941439948, 43.538188850035603 ], [ -5.840253157407456, 43.538188850035603 ], [ -5.840253157407456, 43.53860411709254 ], [ -5.840993373374964, 43.53860411709254 ], [ -5.840993373374964, 43.539434642626411 ], [ -5.841733589342473, 43.539434642626411 ], [ -5.841733589342473, 43.539849901103352 ], [ -5.842473805309981, 43.539849901103352 ], [ -5.842473805309981, 43.540265156720295 ], [ -5.843954237244998, 43.540265156720295 ], [ -5.843954237244998, 43.540680409477226 ], [ -5.844694453212505, 43.540680409477226 ], [ -5.844694453212505, 43.541095659374164 ], [ -5.846174885147523, 43.541095659374164 ], [ -5.846174885147523, 43.541510906411077 ], [ -5.846915101115031, 43.541510906411077 ], [ -5.846915101115031, 43.54192615058799 ], [ -5.848395533050048, 43.54192615058799 ], [ -5.848395533050048, 43.542756630361758 ], [ -5.849135749017555, 43.542756630361758 ], [ -5.849135749017555, 43.544417555589114 ], [ -5.849875964985064, 43.544417555589114 ], [ -5.849875964985064, 43.54773926876247 ], [ -5.849135749017555, 43.54773926876247 ], [ -5.849135749017555, 43.549815246544526 ], [ -5.848395533050048, 43.549815246544526 ], [ -5.848395533050048, 43.550230433520795 ], [ -5.846174885147523, 43.550230433520795 ], [ -5.846174885147523, 43.550645617637002 ], [ -5.844694453212505, 43.550645617637002 ], [ -5.844694453212505, 43.551060798893154 ], [ -5.841733589342473, 43.551060798893154 ], [ -5.841733589342473, 43.550645617637002 ], [ -5.840253157407456, 43.550645617637002 ], [ -5.840253157407456, 43.550230433520795 ], [ -5.839512941439948, 43.550230433520795 ], [ -5.839512941439948, 43.549815246544526 ], [ -5.83877272547244, 43.549815246544526 ], [ -5.83877272547244, 43.549400056708208 ] ] ], [ [ [ 1.358347126611096, 35.346058505197867 ], [ 1.359827558546113, 35.346058505197867 ], [ 1.359827558546113, 35.345591244898444 ], [ 1.360567774513621, 35.345591244898444 ], [ 1.360567774513621, 35.345123981896393 ], [ 1.36130799048113, 35.345123981896393 ], [ 1.36130799048113, 35.344189447784444 ], [ 1.362048206448638, 35.344189447784444 ], [ 1.362048206448638, 35.342787626347125 ], [ 1.362788422416146, 35.342787626347125 ], [ 1.362788422416146, 35.341385780586918 ], [ 1.363528638383654, 35.341385780586918 ], [ 1.363528638383654, 35.339516615071751 ], [ 1.364268854351163, 35.339516615071751 ], [ 1.364268854351163, 35.339049316936816 ], [ 1.363528638383654, 35.339049316936816 ], [ 1.363528638383654, 35.337180097373086 ], [ 1.362788422416146, 35.337180097373086 ], [ 1.362788422416146, 35.334843512115462 ], [ 1.362048206448638, 35.334843512115462 ], [ 1.362048206448638, 35.334376186957023 ], [ 1.36130799048113, 35.334376186957023 ], [ 1.36130799048113, 35.33390885909634 ], [ 1.359827558546113, 35.33390885909634 ], [ 1.359827558546113, 35.333441528533392 ], [ 1.358347126611096, 35.333441528533392 ], [ 1.358347126611096, 35.332974195268193 ], [ 1.35686669467608, 35.332974195268193 ], [ 1.35686669467608, 35.3325068593008 ], [ 1.353905830806046, 35.3325068593008 ], [ 1.353905830806046, 35.332974195268193 ], [ 1.351685182903521, 35.332974195268193 ], [ 1.351685182903521, 35.333441528533392 ], [ 1.349464535000996, 35.333441528533392 ], [ 1.349464535000996, 35.33390885909634 ], [ 1.348724319033488, 35.33390885909634 ], [ 1.348724319033488, 35.334843512115462 ], [ 1.347984103065979, 35.334843512115462 ], [ 1.347984103065979, 35.336712785726213 ], [ 1.347243887098471, 35.336712785726213 ], [ 1.347243887098471, 35.339049316936816 ], [ 1.347984103065979, 35.339049316936816 ], [ 1.347984103065979, 35.341385780586918 ], [ 1.348724319033488, 35.341385780586918 ], [ 1.348724319033488, 35.343722176674568 ], [ 1.349464535000996, 35.343722176674568 ], [ 1.349464535000996, 35.346058505197867 ], [ 1.350204750968505, 35.346058505197867 ], [ 1.350204750968505, 35.346525762794634 ], [ 1.350944966936013, 35.346525762794634 ], [ 1.350944966936013, 35.346993017688717 ], [ 1.35242539887103, 35.346993017688717 ], [ 1.35242539887103, 35.347460269880138 ], [ 1.353165614838538, 35.347460269880138 ], [ 1.353165614838538, 35.347927519368845 ], [ 1.354646046773555, 35.347927519368845 ], [ 1.354646046773555, 35.347460269880138 ], [ 1.356126478708571, 35.347460269880138 ], [ 1.356126478708571, 35.346993017688717 ], [ 1.35686669467608, 35.346993017688717 ], [ 1.35686669467608, 35.346525762794634 ], [ 1.358347126611096, 35.346525762794634 ], [ 1.358347126611096, 35.346058505197867 ] ] ], [ [ [ 0.545589994286945, 35.787803380056921 ], [ 0.545589994286945, 35.787338688689786 ], [ 0.546330210254454, 35.787338688689786 ], [ 0.546330210254454, 35.786409297804781 ], [ 0.547070426221962, 35.786409297804781 ], [ 0.547070426221962, 35.781762180368901 ], [ 0.546330210254454, 35.781762180368901 ], [ 0.546330210254454, 35.78083272428038 ], [ 0.545589994286945, 35.78083272428038 ], [ 0.545589994286945, 35.779903257325017 ], [ 0.544849778319437, 35.779903257325017 ], [ 0.544849778319437, 35.77897377950292 ], [ 0.544109562351929, 35.77897377950292 ], [ 0.544109562351929, 35.778509036516901 ], [ 0.54336934638442, 35.778509036516901 ], [ 0.54336934638442, 35.777579542394932 ], [ 0.542629130416912, 35.777579542394932 ], [ 0.542629130416912, 35.776650037406554 ], [ 0.53892805057937, 35.776650037406554 ], [ 0.53892805057937, 35.777114791259052 ], [ 0.535226970741829, 35.777114791259052 ], [ 0.535226970741829, 35.778044290814222 ], [ 0.53448675477432, 35.778044290814222 ], [ 0.53448675477432, 35.77897377950292 ], [ 0.533746538806812, 35.77897377950292 ], [ 0.533746538806812, 35.779438519772313 ], [ 0.533006322839304, 35.779438519772313 ], [ 0.533006322839304, 35.780367992161054 ], [ 0.532266106871795, 35.780367992161054 ], [ 0.532266106871795, 35.78083272428038 ], [ 0.531525890904287, 35.78083272428038 ], [ 0.531525890904287, 35.785944598286946 ], [ 0.532266106871795, 35.785944598286946 ], [ 0.532266106871795, 35.786873994605742 ], [ 0.533006322839304, 35.786873994605742 ], [ 0.533006322839304, 35.787338688689786 ], [ 0.533746538806812, 35.787338688689786 ], [ 0.533746538806812, 35.788268068707133 ], [ 0.53448675477432, 35.788268068707133 ], [ 0.53448675477432, 35.788732754640378 ], [ 0.535226970741829, 35.788732754640378 ], [ 0.535226970741829, 35.789662118356006 ], [ 0.535967186709337, 35.789662118356006 ], [ 0.535967186709337, 35.790591471203676 ], [ 0.540408482514387, 35.790591471203676 ], [ 0.540408482514387, 35.790126796138338 ], [ 0.54336934638442, 35.790126796138338 ], [ 0.54336934638442, 35.789197437856686 ], [ 0.544109562351929, 35.789197437856686 ], [ 0.544109562351929, 35.788732754640378 ], [ 0.544849778319437, 35.788732754640378 ], [ 0.544849778319437, 35.787803380056921 ], [ 0.545589994286945, 35.787803380056921 ] ] ], [ [ [ 4.452449870795934, 35.877437932708382 ], [ 4.452449870795934, 35.876973765979955 ], [ 4.451709654828425, 35.876973765979955 ], [ 4.451709654828425, 35.876509596531797 ], [ 4.450969438860917, 35.876509596531797 ], [ 4.450969438860917, 35.876045424363902 ], [ 4.450229222893409, 35.876045424363902 ], [ 4.450229222893409, 35.875117071869035 ], [ 4.449489006925901, 35.875117071869035 ], [ 4.449489006925901, 35.874652891542084 ], [ 4.448748790958392, 35.874652891542084 ], [ 4.448748790958392, 35.874188708495474 ], [ 4.448008574990883, 35.874188708495474 ], [ 4.448008574990883, 35.873724522729191 ], [ 4.447268359023375, 35.873724522729191 ], [ 4.447268359023375, 35.872796143037782 ], [ 4.446528143055867, 35.872796143037782 ], [ 4.446528143055867, 35.872331949112656 ], [ 4.444307495153342, 35.872331949112656 ], [ 4.444307495153342, 35.872796143037782 ], [ 4.442086847250817, 35.872796143037782 ], [ 4.442086847250817, 35.873260334243312 ], [ 4.439866199348292, 35.873260334243312 ], [ 4.439866199348292, 35.873724522729191 ], [ 4.439125983380783, 35.873724522729191 ], [ 4.439125983380783, 35.877437932708382 ], [ 4.438385767413275, 35.877437932708382 ], [ 4.438385767413275, 35.879758725553984 ], [ 4.439125983380783, 35.879758725553984 ], [ 4.439125983380783, 35.880687023653572 ], [ 4.439866199348292, 35.880687023653572 ], [ 4.439866199348292, 35.881615310873755 ], [ 4.4406064153158, 35.881615310873755 ], [ 4.4406064153158, 35.882543587214421 ], [ 4.441346631283309, 35.882543587214421 ], [ 4.441346631283309, 35.883007721304899 ], [ 4.442086847250817, 35.883007721304899 ], [ 4.442086847250817, 35.883935981326061 ], [ 4.442827063218325, 35.883935981326061 ], [ 4.442827063218325, 35.884864230467407 ], [ 4.443567279185833, 35.884864230467407 ], [ 4.443567279185833, 35.885328350958126 ], [ 4.450969438860917, 35.885328350958126 ], [ 4.450969438860917, 35.884400107256724 ], [ 4.451709654828425, 35.884400107256724 ], [ 4.451709654828425, 35.883935981326061 ], [ 4.452449870795934, 35.883935981326061 ], [ 4.452449870795934, 35.883007721304899 ], [ 4.453190086763442, 35.883007721304899 ], [ 4.453190086763442, 35.877437932708382 ], [ 4.452449870795934, 35.877437932708382 ] ] ], [ [ [ 1.246574515517338, 36.135555728038689 ], [ 1.247314731484846, 36.135555728038689 ], [ 1.247314731484846, 36.13370511326643 ], [ 1.248054947452355, 36.13370511326643 ], [ 1.248054947452355, 36.132317123546741 ], [ 1.248795163419863, 36.132317123546741 ], [ 1.248795163419863, 36.130466432400581 ], [ 1.249535379387371, 36.130466432400581 ], [ 1.249535379387371, 36.129078385401499 ], [ 1.25027559535488, 36.129078385401499 ], [ 1.25027559535488, 36.123988669722088 ], [ 1.249535379387371, 36.123988669722088 ], [ 1.249535379387371, 36.123063231414996 ], [ 1.248795163419863, 36.123063231414996 ], [ 1.248795163419863, 36.122137782198543 ], [ 1.248054947452355, 36.122137782198543 ], [ 1.248054947452355, 36.121212322072857 ], [ 1.247314731484846, 36.121212322072857 ], [ 1.247314731484846, 36.120286851038067 ], [ 1.246574515517338, 36.120286851038067 ], [ 1.246574515517338, 36.119824111429786 ], [ 1.245834299549829, 36.119824111429786 ], [ 1.245834299549829, 36.119361369094264 ], [ 1.244353867614813, 36.119361369094264 ], [ 1.244353867614813, 36.118898624031523 ], [ 1.243613651647304, 36.118898624031523 ], [ 1.243613651647304, 36.11843587624157 ], [ 1.242133219712288, 36.11843587624157 ], [ 1.242133219712288, 36.118898624031523 ], [ 1.24139300374478, 36.118898624031523 ], [ 1.24139300374478, 36.119361369094264 ], [ 1.239912571809763, 36.119361369094264 ], [ 1.239912571809763, 36.119824111429786 ], [ 1.239172355842254, 36.119824111429786 ], [ 1.239172355842254, 36.120286851038067 ], [ 1.237691923907238, 36.120286851038067 ], [ 1.237691923907238, 36.11843587624157 ], [ 1.236951707939729, 36.11843587624157 ], [ 1.236951707939729, 36.117047616508593 ], [ 1.236211491972221, 36.117047616508593 ], [ 1.236211491972221, 36.11658485780994 ], [ 1.235471276004713, 36.11658485780994 ], [ 1.235471276004713, 36.115659332231232 ], [ 1.234731060037205, 36.115659332231232 ], [ 1.234731060037205, 36.115196565351212 ], [ 1.231029980199663, 36.115196565351212 ], [ 1.231029980199663, 36.115659332231232 ], [ 1.228809332297138, 36.115659332231232 ], [ 1.228809332297138, 36.116122096384153 ], [ 1.22806911632963, 36.116122096384153 ], [ 1.22806911632963, 36.11658485780994 ], [ 1.227328900362121, 36.11658485780994 ], [ 1.227328900362121, 36.120286851038067 ], [ 1.226588684394613, 36.120286851038067 ], [ 1.226588684394613, 36.122600508170429 ], [ 1.227328900362121, 36.122600508170429 ], [ 1.227328900362121, 36.123063231414996 ], [ 1.22806911632963, 36.123063231414996 ], [ 1.22806911632963, 36.123988669722088 ], [ 1.228809332297138, 36.123988669722088 ], [ 1.228809332297138, 36.124451384784592 ], [ 1.229549548264646, 36.124451384784592 ], [ 1.229549548264646, 36.124914097119721 ], [ 1.233250628102188, 36.124914097119721 ], [ 1.233250628102188, 36.125376806727459 ], [ 1.232510412134679, 36.125376806727459 ], [ 1.232510412134679, 36.126764919186158 ], [ 1.231770196167171, 36.126764919186158 ], [ 1.231770196167171, 36.128153007097822 ], [ 1.231029980199663, 36.128153007097822 ], [ 1.231029980199663, 36.129541070462068 ], [ 1.231770196167171, 36.129541070462068 ], [ 1.231770196167171, 36.130929109278505 ], [ 1.232510412134679, 36.130929109278505 ], [ 1.232510412134679, 36.132317123546741 ], [ 1.233250628102188, 36.132317123546741 ], [ 1.233250628102188, 36.13370511326643 ], [ 1.233990844069696, 36.13370511326643 ], [ 1.233990844069696, 36.135093078437173 ], [ 1.234731060037205, 36.135093078437173 ], [ 1.234731060037205, 36.136481019058579 ], [ 1.236211491972221, 36.136481019058579 ], [ 1.236211491972221, 36.136943660476909 ], [ 1.236951707939729, 36.136943660476909 ], [ 1.236951707939729, 36.13740629916748 ], [ 1.238432139874746, 36.13740629916748 ], [ 1.238432139874746, 36.137868935130264 ], [ 1.239172355842254, 36.137868935130264 ], [ 1.239172355842254, 36.138331568365288 ], [ 1.242873435679796, 36.138331568365288 ], [ 1.242873435679796, 36.137868935130264 ], [ 1.244353867614813, 36.137868935130264 ], [ 1.244353867614813, 36.13740629916748 ], [ 1.245094083582321, 36.13740629916748 ], [ 1.245094083582321, 36.136943660476909 ], [ 1.246574515517338, 36.136943660476909 ], [ 1.246574515517338, 36.135555728038689 ] ] ], [ [ [ 2.93426692143634, 36.14573332913487 ], [ 2.93426692143634, 36.145270739546369 ], [ 2.935007137403848, 36.145270739546369 ], [ 2.935007137403848, 36.143420353912397 ], [ 2.935747353371357, 36.143420353912397 ], [ 2.935747353371357, 36.141107310491023 ], [ 2.936487569338865, 36.141107310491023 ], [ 2.936487569338865, 36.13740629916748 ], [ 2.935747353371357, 36.13740629916748 ], [ 2.935747353371357, 36.136018374912496 ], [ 2.935007137403848, 36.136018374912496 ], [ 2.935007137403848, 36.134167771051025 ], [ 2.93426692143634, 36.134167771051025 ], [ 2.93426692143634, 36.133242452754182 ], [ 2.933526705468831, 36.133242452754182 ], [ 2.933526705468831, 36.132779789514281 ], [ 2.931306057566307, 36.132779789514281 ], [ 2.931306057566307, 36.132317123546741 ], [ 2.928345193696273, 36.132317123546741 ], [ 2.928345193696273, 36.131854454851599 ], [ 2.927604977728765, 36.131854454851599 ], [ 2.927604977728765, 36.130929109278505 ], [ 2.926864761761257, 36.130929109278505 ], [ 2.926864761761257, 36.130003752795091 ], [ 2.926124545793748, 36.130003752795091 ], [ 2.926124545793748, 36.129078385401499 ], [ 2.92538432982624, 36.129078385401499 ], [ 2.92538432982624, 36.128153007097822 ], [ 2.923903897891223, 36.128153007097822 ], [ 2.923903897891223, 36.128615697613419 ], [ 2.921683249988698, 36.128615697613419 ], [ 2.921683249988698, 36.129078385401499 ], [ 2.919462602086173, 36.129078385401499 ], [ 2.919462602086173, 36.129541070462068 ], [ 2.918722386118665, 36.129541070462068 ], [ 2.918722386118665, 36.130003752795091 ], [ 2.917982170151157, 36.130003752795091 ], [ 2.917982170151157, 36.13370511326643 ], [ 2.917241954183648, 36.13370511326643 ], [ 2.917241954183648, 36.135555728038689 ], [ 2.917982170151157, 36.135555728038689 ], [ 2.917982170151157, 36.136481019058579 ], [ 2.918722386118665, 36.136481019058579 ], [ 2.918722386118665, 36.13740629916748 ], [ 2.919462602086173, 36.13740629916748 ], [ 2.919462602086173, 36.138794198872496 ], [ 2.920202818053682, 36.138794198872496 ], [ 2.920202818053682, 36.141107310491023 ], [ 2.92094303402119, 36.141107310491023 ], [ 2.92094303402119, 36.143420353912397 ], [ 2.921683249988698, 36.143420353912397 ], [ 2.921683249988698, 36.14573332913487 ], [ 2.922423465956207, 36.14573332913487 ], [ 2.922423465956207, 36.146195915995342 ], [ 2.923163681923715, 36.146195915995342 ], [ 2.923163681923715, 36.146658500127771 ], [ 2.923903897891223, 36.146658500127771 ], [ 2.923903897891223, 36.147121081532141 ], [ 2.92538432982624, 36.147121081532141 ], [ 2.92538432982624, 36.147583660208454 ], [ 2.927604977728765, 36.147583660208454 ], [ 2.927604977728765, 36.147121081532141 ], [ 2.92982562563129, 36.147121081532141 ], [ 2.92982562563129, 36.146658500127771 ], [ 2.932046273533815, 36.146658500127771 ], [ 2.932046273533815, 36.146195915995342 ], [ 2.933526705468831, 36.146195915995342 ], [ 2.933526705468831, 36.14573332913487 ], [ 2.93426692143634, 36.14573332913487 ] ] ], [ [ [ 3.754426213435575, 36.185968178906165 ], [ 3.754426213435575, 36.185043471781654 ], [ 3.755166429403083, 36.185043471781654 ], [ 3.755166429403083, 36.184118753740272 ], [ 3.755906645370591, 36.184118753740272 ], [ 3.755906645370591, 36.182731656209292 ], [ 3.756646861338099, 36.182731656209292 ], [ 3.756646861338099, 36.177645421787389 ], [ 3.755906645370591, 36.177645421787389 ], [ 3.755906645370591, 36.175333387889239 ], [ 3.755166429403083, 36.175333387889239 ], [ 3.755166429403083, 36.174870972922768 ], [ 3.754426213435575, 36.174870972922768 ], [ 3.754426213435575, 36.174408555227394 ], [ 3.753685997468065, 36.174408555227394 ], [ 3.753685997468065, 36.173946134803117 ], [ 3.752945781500558, 36.173946134803117 ], [ 3.752945781500558, 36.173021285767938 ], [ 3.75220556553305, 36.173021285767938 ], [ 3.75220556553305, 36.172558857157064 ], [ 3.751465349565541, 36.172558857157064 ], [ 3.751465349565541, 36.17209642581733 ], [ 3.750725133598033, 36.17209642581733 ], [ 3.750725133598033, 36.171633991748799 ], [ 3.749984917630524, 36.171633991748799 ], [ 3.749984917630524, 36.171171554951435 ], [ 3.744803405857966, 36.171171554951435 ], [ 3.744803405857966, 36.171633991748799 ], [ 3.741842541987933, 36.171633991748799 ], [ 3.741842541987933, 36.17209642581733 ], [ 3.741102326020424, 36.17209642581733 ], [ 3.741102326020424, 36.173021285767938 ], [ 3.740362110052916, 36.173021285767938 ], [ 3.740362110052916, 36.173483711649958 ], [ 3.739621894085408, 36.173483711649958 ], [ 3.739621894085408, 36.174408555227394 ], [ 3.738881678117899, 36.174408555227394 ], [ 3.738881678117899, 36.178107820380092 ], [ 3.738141462150391, 36.178107820380092 ], [ 3.738141462150391, 36.182269284907314 ], [ 3.737401246182882, 36.182269284907314 ], [ 3.737401246182882, 36.185043471781654 ], [ 3.738141462150391, 36.185043471781654 ], [ 3.738141462150391, 36.185505826708528 ], [ 3.738881678117899, 36.185505826708528 ], [ 3.738881678117899, 36.185968178906165 ], [ 3.739621894085408, 36.185968178906165 ], [ 3.739621894085408, 36.186430528374551 ], [ 3.740362110052916, 36.186430528374551 ], [ 3.740362110052916, 36.186892875113685 ], [ 3.741102326020424, 36.186892875113685 ], [ 3.741102326020424, 36.187355219123539 ], [ 3.741842541987933, 36.187355219123539 ], [ 3.741842541987933, 36.187817560404099 ], [ 3.742582757955441, 36.187817560404099 ], [ 3.742582757955441, 36.188279898955365 ], [ 3.743322973922949, 36.188279898955365 ], [ 3.743322973922949, 36.188742234777301 ], [ 3.749984917630524, 36.188742234777301 ], [ 3.749984917630524, 36.188279898955365 ], [ 3.75220556553305, 36.188279898955365 ], [ 3.75220556553305, 36.187817560404099 ], [ 3.752945781500558, 36.187817560404099 ], [ 3.752945781500558, 36.186892875113685 ], [ 3.753685997468065, 36.186892875113685 ], [ 3.753685997468065, 36.185968178906165 ], [ 3.754426213435575, 36.185968178906165 ] ] ], [ [ [ 3.667820945237099, 36.575678866722569 ], [ 3.668561161204607, 36.575678866722569 ], [ 3.668561161204607, 36.575218825650531 ], [ 3.669301377172116, 36.575218825650531 ], [ 3.669301377172116, 36.574298735284124 ], [ 3.670041593139624, 36.574298735284124 ], [ 3.670041593139624, 36.573838685989791 ], [ 3.670781809107133, 36.573838685989791 ], [ 3.670781809107133, 36.574298735284124 ], [ 3.671522025074641, 36.574298735284124 ], [ 3.671522025074641, 36.575218825650531 ], [ 3.672262241042149, 36.575218825650531 ], [ 3.672262241042149, 36.575678866722569 ], [ 3.673002457009657, 36.575678866722569 ], [ 3.673002457009657, 36.576598940644253 ], [ 3.678183968782216, 36.576598940644253 ], [ 3.678183968782216, 36.576138905053817 ], [ 3.678924184749724, 36.576138905053817 ], [ 3.678924184749724, 36.575218825650531 ], [ 3.679664400717233, 36.575218825650531 ], [ 3.679664400717233, 36.574298735284124 ], [ 3.68040461668474, 36.574298735284124 ], [ 3.68040461668474, 36.573838685989791 ], [ 3.68114483265225, 36.573838685989791 ], [ 3.68114483265225, 36.570158192969622 ], [ 3.68040461668474, 36.570158192969622 ], [ 3.68040461668474, 36.569238042308001 ], [ 3.681885048619758, 36.569238042308001 ], [ 3.681885048619758, 36.568777962866271 ], [ 3.682625264587266, 36.568777962866271 ], [ 3.682625264587266, 36.568317880683963 ], [ 3.684105696522282, 36.568317880683963 ], [ 3.684105696522282, 36.566937617693576 ], [ 3.684845912489791, 36.566937617693576 ], [ 3.684845912489791, 36.565097228672265 ], [ 3.685586128457299, 36.565097228672265 ], [ 3.685586128457299, 36.563256795803177 ], [ 3.684845912489791, 36.563256795803177 ], [ 3.684845912489791, 36.562336562925992 ], [ 3.684105696522282, 36.562336562925992 ], [ 3.684105696522282, 36.560956193057216 ], [ 3.683365480554774, 36.560956193057216 ], [ 3.683365480554774, 36.560035932776174 ], [ 3.682625264587266, 36.560035932776174 ], [ 3.682625264587266, 36.558655521802123 ], [ 3.681885048619758, 36.558655521802123 ], [ 3.681885048619758, 36.558195379330158 ], [ 3.676703536847199, 36.558195379330158 ], [ 3.676703536847199, 36.558655521802123 ], [ 3.675963320879691, 36.558655521802123 ], [ 3.675963320879691, 36.559115661533795 ], [ 3.675223104912182, 36.559115661533795 ], [ 3.675223104912182, 36.557735234117892 ], [ 3.674482888944675, 36.557735234117892 ], [ 3.674482888944675, 36.55635478203957 ], [ 3.673002457009657, 36.55635478203957 ], [ 3.673002457009657, 36.555894625866316 ], [ 3.672262241042149, 36.555894625866316 ], [ 3.672262241042149, 36.555434466952832 ], [ 3.670781809107133, 36.555434466952832 ], [ 3.670781809107133, 36.554974305299154 ], [ 3.667820945237099, 36.554974305299154 ], [ 3.667820945237099, 36.555434466952832 ], [ 3.661899217497032, 36.555434466952832 ], [ 3.661899217497032, 36.555894625866316 ], [ 3.660418785562016, 36.555894625866316 ], [ 3.660418785562016, 36.55635478203957 ], [ 3.659678569594507, 36.55635478203957 ], [ 3.659678569594507, 36.55727508616539 ], [ 3.658938353626999, 36.55727508616539 ], [ 3.658938353626999, 36.558655521802123 ], [ 3.658198137659491, 36.558655521802123 ], [ 3.658198137659491, 36.559575798525152 ], [ 3.657457921691982, 36.559575798525152 ], [ 3.657457921691982, 36.565097228672265 ], [ 3.656717705724474, 36.565097228672265 ], [ 3.656717705724474, 36.565557330038352 ], [ 3.655977489756966, 36.565557330038352 ], [ 3.655977489756966, 36.56601742866394 ], [ 3.654497057821949, 36.56601742866394 ], [ 3.654497057821949, 36.566477524549015 ], [ 3.653756841854441, 36.566477524549015 ], [ 3.653756841854441, 36.567857795761057 ], [ 3.653016625886933, 36.567857795761057 ], [ 3.653016625886933, 36.569698119009125 ], [ 3.652276409919424, 36.569698119009125 ], [ 3.652276409919424, 36.571078332668719 ], [ 3.653016625886933, 36.571078332668719 ], [ 3.653016625886933, 36.572458521662405 ], [ 3.653756841854441, 36.572458521662405 ], [ 3.653756841854441, 36.574298735284124 ], [ 3.654497057821949, 36.574298735284124 ], [ 3.654497057821949, 36.575218825650531 ], [ 3.655237273789457, 36.575218825650531 ], [ 3.655237273789457, 36.575678866722569 ], [ 3.656717705724474, 36.575678866722569 ], [ 3.656717705724474, 36.576138905053817 ], [ 3.657457921691982, 36.576138905053817 ], [ 3.657457921691982, 36.576598940644253 ], [ 3.659678569594507, 36.576598940644253 ], [ 3.659678569594507, 36.576138905053817 ], [ 3.661159001529524, 36.576138905053817 ], [ 3.661159001529524, 36.575678866722569 ], [ 3.664860081367066, 36.575678866722569 ], [ 3.664860081367066, 36.576138905053817 ], [ 3.667820945237099, 36.576138905053817 ], [ 3.667820945237099, 36.575678866722569 ] ] ], [ [ [ 3.142267608306182, 36.605115793904091 ], [ 3.142267608306182, 36.604196059893432 ], [ 3.14300782427369, 36.604196059893432 ], [ 3.14300782427369, 36.603736188775677 ], [ 3.143748040241198, 36.603736188775677 ], [ 3.143748040241198, 36.603276314916315 ], [ 3.144488256208707, 36.603276314916315 ], [ 3.144488256208707, 36.600057121136963 ], [ 3.145228472176215, 36.600057121136963 ], [ 3.145228472176215, 36.595917960319227 ], [ 3.144488256208707, 36.595917960319227 ], [ 3.144488256208707, 36.594538190701364 ], [ 3.143748040241198, 36.594538190701364 ], [ 3.143748040241198, 36.593158396411461 ], [ 3.14300782427369, 36.593158396411461 ], [ 3.14300782427369, 36.592238519845012 ], [ 3.141527392338674, 36.592238519845012 ], [ 3.141527392338674, 36.591778577449873 ], [ 3.140046960403657, 36.591778577449873 ], [ 3.140046960403657, 36.591318632313481 ], [ 3.13856652846864, 36.591318632313481 ], [ 3.13856652846864, 36.590858684435844 ], [ 3.136345880566116, 36.590858684435844 ], [ 3.136345880566116, 36.591318632313481 ], [ 3.134865448631099, 36.591318632313481 ], [ 3.134865448631099, 36.591778577449873 ], [ 3.132644800728573, 36.591778577449873 ], [ 3.132644800728573, 36.592238519845012 ], [ 3.131164368793557, 36.592238519845012 ], [ 3.131164368793557, 36.592698459498877 ], [ 3.12968393685854, 36.592698459498877 ], [ 3.12968393685854, 36.593158396411461 ], [ 3.128943720891032, 36.593158396411461 ], [ 3.128943720891032, 36.594998116648675 ], [ 3.128203504923524, 36.594998116648675 ], [ 3.128203504923524, 36.598677425537396 ], [ 3.127463288956015, 36.598677425537396 ], [ 3.127463288956015, 36.599137326812055 ], [ 3.128203504923524, 36.599137326812055 ], [ 3.128203504923524, 36.600517014187183 ], [ 3.128943720891032, 36.600517014187183 ], [ 3.128943720891032, 36.602356558972815 ], [ 3.12968393685854, 36.602356558972815 ], [ 3.12968393685854, 36.603736188775677 ], [ 3.130424152826048, 36.603736188775677 ], [ 3.130424152826048, 36.605115793904091 ], [ 3.131164368793557, 36.605115793904091 ], [ 3.131164368793557, 36.605575656796958 ], [ 3.132644800728573, 36.605575656796958 ], [ 3.132644800728573, 36.606035516948175 ], [ 3.134865448631099, 36.606035516948175 ], [ 3.134865448631099, 36.606495374357721 ], [ 3.137086096533624, 36.606495374357721 ], [ 3.137086096533624, 36.60695522902558 ], [ 3.139306744436149, 36.60695522902558 ], [ 3.139306744436149, 36.606495374357721 ], [ 3.140046960403657, 36.606495374357721 ], [ 3.140046960403657, 36.606035516948175 ], [ 3.140787176371165, 36.606035516948175 ], [ 3.140787176371165, 36.605575656796958 ], [ 3.141527392338674, 36.605575656796958 ], [ 3.141527392338674, 36.605115793904091 ], [ 3.142267608306182, 36.605115793904091 ] ] ], [ [ [ 2.890594179353348, 36.61017413493235 ], [ 2.890594179353348, 36.606495374357721 ], [ 2.891334395320857, 36.606495374357721 ], [ 2.891334395320857, 36.605115793904091 ], [ 2.892814827255873, 36.605115793904091 ], [ 2.892814827255873, 36.605575656796958 ], [ 2.893555043223381, 36.605575656796958 ], [ 2.893555043223381, 36.606035516948175 ], [ 2.895035475158398, 36.606035516948175 ], [ 2.895035475158398, 36.605575656796958 ], [ 2.895775691125907, 36.605575656796958 ], [ 2.895775691125907, 36.605115793904091 ], [ 2.896515907093415, 36.605115793904091 ], [ 2.896515907093415, 36.604655928269572 ], [ 2.897256123060923, 36.604655928269572 ], [ 2.897256123060923, 36.604196059893432 ], [ 2.897996339028431, 36.604196059893432 ], [ 2.897996339028431, 36.603736188775677 ], [ 2.89873655499594, 36.603736188775677 ], [ 2.89873655499594, 36.603276314916315 ], [ 2.899476770963448, 36.603276314916315 ], [ 2.899476770963448, 36.602816438315351 ], [ 2.900216986930956, 36.602816438315351 ], [ 2.900216986930956, 36.602356558972815 ], [ 2.901697418865973, 36.602356558972815 ], [ 2.901697418865973, 36.601896676888721 ], [ 2.902437634833482, 36.601896676888721 ], [ 2.902437634833482, 36.600057121136963 ], [ 2.90317785080099, 36.600057121136963 ], [ 2.90317785080099, 36.598217521521264 ], [ 2.903918066768498, 36.598217521521264 ], [ 2.903918066768498, 36.597757614763687 ], [ 2.90317785080099, 36.597757614763687 ], [ 2.90317785080099, 36.596377878042439 ], [ 2.902437634833482, 36.596377878042439 ], [ 2.902437634833482, 36.595458039854627 ], [ 2.901697418865973, 36.595458039854627 ], [ 2.901697418865973, 36.594078262012708 ], [ 2.900957202898465, 36.594078262012708 ], [ 2.900957202898465, 36.593158396411461 ], [ 2.900216986930956, 36.593158396411461 ], [ 2.900216986930956, 36.592698459498877 ], [ 2.899476770963448, 36.592698459498877 ], [ 2.899476770963448, 36.593158396411461 ], [ 2.896515907093415, 36.593158396411461 ], [ 2.896515907093415, 36.593618330582743 ], [ 2.89429525919089, 36.593618330582743 ], [ 2.89429525919089, 36.594078262012708 ], [ 2.891334395320857, 36.594078262012708 ], [ 2.891334395320857, 36.594538190701364 ], [ 2.889113747418332, 36.594538190701364 ], [ 2.889113747418332, 36.596377878042439 ], [ 2.888373531450823, 36.596377878042439 ], [ 2.888373531450823, 36.598217521521264 ], [ 2.887633315483315, 36.598217521521264 ], [ 2.887633315483315, 36.598677425537396 ], [ 2.888373531450823, 36.598677425537396 ], [ 2.888373531450823, 36.600976904495894 ], [ 2.889113747418332, 36.600976904495894 ], [ 2.889113747418332, 36.601896676888721 ], [ 2.888373531450823, 36.601896676888721 ], [ 2.888373531450823, 36.601436792063076 ], [ 2.88541266758079, 36.601436792063076 ], [ 2.88541266758079, 36.600517014187183 ], [ 2.886152883548299, 36.600517014187183 ], [ 2.886152883548299, 36.599137326812055 ], [ 2.886893099515807, 36.599137326812055 ], [ 2.886893099515807, 36.597757614763687 ], [ 2.887633315483315, 36.597757614763687 ], [ 2.887633315483315, 36.596377878042439 ], [ 2.886893099515807, 36.596377878042439 ], [ 2.886893099515807, 36.594998116648675 ], [ 2.886152883548299, 36.594998116648675 ], [ 2.886152883548299, 36.593618330582743 ], [ 2.88541266758079, 36.593618330582743 ], [ 2.88541266758079, 36.592238519845012 ], [ 2.884672451613281, 36.592238519845012 ], [ 2.884672451613281, 36.590858684435844 ], [ 2.883932235645773, 36.590858684435844 ], [ 2.883932235645773, 36.590398733816969 ], [ 2.883192019678265, 36.590398733816969 ], [ 2.883192019678265, 36.58993878045689 ], [ 2.882451803710757, 36.58993878045689 ], [ 2.882451803710757, 36.589478824355602 ], [ 2.88097137177574, 36.589478824355602 ], [ 2.88097137177574, 36.589018865513104 ], [ 2.880231155808231, 36.589018865513104 ], [ 2.880231155808231, 36.588558903929453 ], [ 2.879490939840723, 36.588558903929453 ], [ 2.879490939840723, 36.588098939604613 ], [ 2.878010507905707, 36.588098939604613 ], [ 2.878010507905707, 36.588558903929453 ], [ 2.875049644035673, 36.588558903929453 ], [ 2.875049644035673, 36.589018865513104 ], [ 2.874309428068165, 36.589018865513104 ], [ 2.874309428068165, 36.589478824355602 ], [ 2.873569212100656, 36.589478824355602 ], [ 2.873569212100656, 36.58993878045689 ], [ 2.872828996133148, 36.58993878045689 ], [ 2.872828996133148, 36.590398733816969 ], [ 2.87208878016564, 36.590398733816969 ], [ 2.87208878016564, 36.590858684435844 ], [ 2.871348564198132, 36.590858684435844 ], [ 2.871348564198132, 36.591318632313481 ], [ 2.870608348230624, 36.591318632313481 ], [ 2.870608348230624, 36.591778577449873 ], [ 2.869868132263115, 36.591778577449873 ], [ 2.869868132263115, 36.592698459498877 ], [ 2.869127916295606, 36.592698459498877 ], [ 2.869127916295606, 36.594998116648675 ], [ 2.868387700328098, 36.594998116648675 ], [ 2.868387700328098, 36.597297705264687 ], [ 2.86764748436059, 36.597297705264687 ], [ 2.86764748436059, 36.600976904495894 ], [ 2.868387700328098, 36.600976904495894 ], [ 2.868387700328098, 36.602816438315351 ], [ 2.869127916295606, 36.602816438315351 ], [ 2.869127916295606, 36.604655928269572 ], [ 2.869868132263115, 36.604655928269572 ], [ 2.869868132263115, 36.605115793904091 ], [ 2.870608348230624, 36.605115793904091 ], [ 2.870608348230624, 36.605575656796958 ], [ 2.87208878016564, 36.605575656796958 ], [ 2.87208878016564, 36.606035516948175 ], [ 2.873569212100656, 36.606035516948175 ], [ 2.873569212100656, 36.606495374357721 ], [ 2.87653007597069, 36.606495374357721 ], [ 2.87653007597069, 36.606035516948175 ], [ 2.877270291938198, 36.606035516948175 ], [ 2.877270291938198, 36.605575656796958 ], [ 2.878010507905707, 36.605575656796958 ], [ 2.878010507905707, 36.605115793904091 ], [ 2.879490939840723, 36.605115793904091 ], [ 2.879490939840723, 36.604655928269572 ], [ 2.880231155808231, 36.604655928269572 ], [ 2.880231155808231, 36.604196059893432 ], [ 2.88097137177574, 36.604196059893432 ], [ 2.88097137177574, 36.605575656796958 ], [ 2.880231155808231, 36.605575656796958 ], [ 2.880231155808231, 36.607415080951746 ], [ 2.88097137177574, 36.607415080951746 ], [ 2.88097137177574, 36.608794620279923 ], [ 2.881711587743248, 36.608794620279923 ], [ 2.881711587743248, 36.61017413493235 ], [ 2.882451803710757, 36.61017413493235 ], [ 2.882451803710757, 36.610633967666281 ], [ 2.883192019678265, 36.610633967666281 ], [ 2.883192019678265, 36.611093797658391 ], [ 2.884672451613281, 36.611093797658391 ], [ 2.884672451613281, 36.611553624908673 ], [ 2.88541266758079, 36.611553624908673 ], [ 2.88541266758079, 36.612013449417155 ], [ 2.886893099515807, 36.612013449417155 ], [ 2.886893099515807, 36.611553624908673 ], [ 2.887633315483315, 36.611553624908673 ], [ 2.887633315483315, 36.611093797658391 ], [ 2.889113747418332, 36.611093797658391 ], [ 2.889113747418332, 36.610633967666281 ], [ 2.88985396338584, 36.610633967666281 ], [ 2.88985396338584, 36.61017413493235 ], [ 2.890594179353348, 36.61017413493235 ] ] ], [ [ [ 3.237015252147248, 36.635920545287931 ], [ 3.237755468114757, 36.635920545287931 ], [ 3.237755468114757, 36.634541491315147 ], [ 3.238495684082265, 36.634541491315147 ], [ 3.238495684082265, 36.633162412659935 ], [ 3.239235900049774, 36.633162412659935 ], [ 3.239235900049774, 36.63178330932265 ], [ 3.239976116017282, 36.63178330932265 ], [ 3.239976116017282, 36.62994446647923 ], [ 3.239235900049774, 36.62994446647923 ], [ 3.239235900049774, 36.627645851221985 ], [ 3.238495684082265, 36.627645851221985 ], [ 3.238495684082265, 36.625806909654813 ], [ 3.237755468114757, 36.625806909654813 ], [ 3.237755468114757, 36.625347167407384 ], [ 3.237015252147248, 36.625347167407384 ], [ 3.237015252147248, 36.624887422417736 ], [ 3.235534820212232, 36.624887422417736 ], [ 3.235534820212232, 36.624427674685869 ], [ 3.234794604244723, 36.624427674685869 ], [ 3.234794604244723, 36.623967924211811 ], [ 3.234054388277215, 36.623967924211811 ], [ 3.234054388277215, 36.623508170995557 ], [ 3.233314172309707, 36.623508170995557 ], [ 3.233314172309707, 36.623048415037132 ], [ 3.230353308439674, 36.623048415037132 ], [ 3.230353308439674, 36.623508170995557 ], [ 3.229613092472166, 36.623508170995557 ], [ 3.229613092472166, 36.623967924211811 ], [ 3.228872876504657, 36.623967924211811 ], [ 3.228872876504657, 36.624427674685869 ], [ 3.22739244456964, 36.624427674685869 ], [ 3.22739244456964, 36.624887422417736 ], [ 3.226652228602132, 36.624887422417736 ], [ 3.226652228602132, 36.625347167407384 ], [ 3.225912012634624, 36.625347167407384 ], [ 3.225912012634624, 36.625806909654813 ], [ 3.225171796667116, 36.625806909654813 ], [ 3.225171796667116, 36.627645851221985 ], [ 3.224431580699607, 36.627645851221985 ], [ 3.224431580699607, 36.62994446647923 ], [ 3.223691364732099, 36.62994446647923 ], [ 3.223691364732099, 36.63178330932265 ], [ 3.224431580699607, 36.63178330932265 ], [ 3.224431580699607, 36.634081801172542 ], [ 3.225171796667116, 36.634081801172542 ], [ 3.225171796667116, 36.635920545287931 ], [ 3.225912012634624, 36.635920545287931 ], [ 3.225912012634624, 36.636380224460474 ], [ 3.226652228602132, 36.636380224460474 ], [ 3.226652228602132, 36.637299574577931 ], [ 3.22739244456964, 36.637299574577931 ], [ 3.22739244456964, 36.637759245522808 ], [ 3.228132660537149, 36.637759245522808 ], [ 3.228132660537149, 36.638218913725105 ], [ 3.228872876504657, 36.638218913725105 ], [ 3.228872876504657, 36.639138241901897 ], [ 3.232573956342199, 36.639138241901897 ], [ 3.232573956342199, 36.638678579184806 ], [ 3.234794604244723, 36.638678579184806 ], [ 3.234794604244723, 36.638218913725105 ], [ 3.236275036179741, 36.638218913725105 ], [ 3.236275036179741, 36.637299574577931 ], [ 3.237015252147248, 36.637299574577931 ], [ 3.237015252147248, 36.635920545287931 ] ] ], [ [ [ 3.126723072988507, 36.687387561947112 ], [ 3.127463288956015, 36.687387561947112 ], [ 3.127463288956015, 36.68692818727758 ], [ 3.128203504923524, 36.68692818727758 ], [ 3.128203504923524, 36.686468809864046 ], [ 3.128943720891032, 36.686468809864046 ], [ 3.128943720891032, 36.68600942970653 ], [ 3.12968393685854, 36.68600942970653 ], [ 3.12968393685854, 36.685550046805048 ], [ 3.130424152826048, 36.685550046805048 ], [ 3.130424152826048, 36.685090661159613 ], [ 3.131164368793557, 36.685090661159613 ], [ 3.131164368793557, 36.684631272770233 ], [ 3.131904584761065, 36.684631272770233 ], [ 3.131904584761065, 36.680496653790591 ], [ 3.132644800728573, 36.680496653790591 ], [ 3.132644800728573, 36.675442928775055 ], [ 3.131904584761065, 36.675442928775055 ], [ 3.131904584761065, 36.674983482765938 ], [ 3.131164368793557, 36.674983482765938 ], [ 3.131164368793557, 36.674064582516735 ], [ 3.130424152826048, 36.674064582516735 ], [ 3.130424152826048, 36.673605128276698 ], [ 3.12968393685854, 36.673605128276698 ], [ 3.12968393685854, 36.672686211565782 ], [ 3.124502425085982, 36.672686211565782 ], [ 3.124502425085982, 36.672226749094932 ], [ 3.117840481378407, 36.672226749094932 ], [ 3.117840481378407, 36.672686211565782 ], [ 3.115619833475882, 36.672686211565782 ], [ 3.115619833475882, 36.673145671293035 ], [ 3.114139401540865, 36.673145671293035 ], [ 3.114139401540865, 36.673605128276698 ], [ 3.112658969605848, 36.673605128276698 ], [ 3.112658969605848, 36.674064582516735 ], [ 3.11191875363834, 36.674064582516735 ], [ 3.11191875363834, 36.675442928775055 ], [ 3.111178537670832, 36.675442928775055 ], [ 3.111178537670832, 36.679118398074984 ], [ 3.110438321703324, 36.679118398074984 ], [ 3.110438321703324, 36.682793691773554 ], [ 3.109698105735816, 36.682793691773554 ], [ 3.109698105735816, 36.685090661159613 ], [ 3.110438321703324, 36.685090661159613 ], [ 3.110438321703324, 36.686468809864046 ], [ 3.111178537670832, 36.686468809864046 ], [ 3.111178537670832, 36.687387561947112 ], [ 3.11191875363834, 36.687387561947112 ], [ 3.11191875363834, 36.688765669491623 ], [ 3.112658969605848, 36.688765669491623 ], [ 3.112658969605848, 36.689684394134424 ], [ 3.11636004944339, 36.689684394134424 ], [ 3.11636004944339, 36.689225033185046 ], [ 3.124502425085982, 36.689225033185046 ], [ 3.124502425085982, 36.688765669491623 ], [ 3.12524264105349, 36.688765669491623 ], [ 3.12524264105349, 36.688306303054155 ], [ 3.125982857020999, 36.688306303054155 ], [ 3.125982857020999, 36.687846933872635 ], [ 3.126723072988507, 36.687846933872635 ], [ 3.126723072988507, 36.687387561947112 ] ] ], [ [ [ 3.087491626710565, 36.754426810952772 ], [ 3.088231842678073, 36.754426810952772 ], [ 3.088231842678073, 36.753967837047014 ], [ 3.088972058645582, 36.753967837047014 ], [ 3.088972058645582, 36.75121393594906 ], [ 3.089712274613091, 36.75121393594906 ], [ 3.089712274613091, 36.748459936001332 ], [ 3.090452490580598, 36.748459936001332 ], [ 3.090452490580598, 36.74754191405264 ], [ 3.089712274613091, 36.74754191405264 ], [ 3.089712274613091, 36.745705837206678 ], [ 3.088972058645582, 36.745705837206678 ], [ 3.088972058645582, 36.743869716429998 ], [ 3.087491626710565, 36.743869716429998 ], [ 3.087491626710565, 36.743410679371763 ], [ 3.086751410743056, 36.743410679371763 ], [ 3.086751410743056, 36.742951639567913 ], [ 3.08527097880804, 36.742951639567913 ], [ 3.08527097880804, 36.742492597018455 ], [ 3.084530762840532, 36.742492597018455 ], [ 3.084530762840532, 36.742033551723452 ], [ 3.083790546873024, 36.742033551723452 ], [ 3.083790546873024, 36.741574503682855 ], [ 3.082310114938007, 36.741574503682855 ], [ 3.082310114938007, 36.741115452896715 ], [ 3.079349251067974, 36.741115452896715 ], [ 3.079349251067974, 36.741574503682855 ], [ 3.078609035100465, 36.741574503682855 ], [ 3.078609035100465, 36.742033551723452 ], [ 3.077868819132957, 36.742033551723452 ], [ 3.077868819132957, 36.742492597018455 ], [ 3.077128603165448, 36.742492597018455 ], [ 3.077128603165448, 36.742951639567913 ], [ 3.07638838719794, 36.742951639567913 ], [ 3.07638838719794, 36.743410679371763 ], [ 3.075648171230431, 36.743410679371763 ], [ 3.075648171230431, 36.744328750742632 ], [ 3.074907955262923, 36.744328750742632 ], [ 3.074907955262923, 36.745705837206678 ], [ 3.074167739295415, 36.745705837206678 ], [ 3.074167739295415, 36.74708289895969 ], [ 3.073427523327906, 36.74708289895969 ], [ 3.073427523327906, 36.748459936001332 ], [ 3.072687307360398, 36.748459936001332 ], [ 3.072687307360398, 36.752131913965158 ], [ 3.073427523327906, 36.752131913965158 ], [ 3.073427523327906, 36.753967837047014 ], [ 3.074167739295415, 36.753967837047014 ], [ 3.074167739295415, 36.754426810952772 ], [ 3.074907955262923, 36.754426810952772 ], [ 3.074907955262923, 36.754885782112567 ], [ 3.075648171230431, 36.754885782112567 ], [ 3.075648171230431, 36.755344750526469 ], [ 3.077128603165448, 36.755344750526469 ], [ 3.077128603165448, 36.755803716194414 ], [ 3.077868819132957, 36.755803716194414 ], [ 3.077868819132957, 36.756262679116404 ], [ 3.078609035100465, 36.756262679116404 ], [ 3.078609035100465, 36.756721639292422 ], [ 3.08082968300299, 36.756721639292422 ], [ 3.08082968300299, 36.756262679116404 ], [ 3.082310114938007, 36.756262679116404 ], [ 3.082310114938007, 36.755803716194414 ], [ 3.084530762840532, 36.755803716194414 ], [ 3.084530762840532, 36.755344750526469 ], [ 3.086011194775548, 36.755344750526469 ], [ 3.086011194775548, 36.754885782112567 ], [ 3.087491626710565, 36.754885782112567 ], [ 3.087491626710565, 36.754426810952772 ] ] ], [ [ [ 1.66775740102958, 41.318685952030009 ], [ 1.66775740102958, 41.318255711557249 ], [ 1.668497616997088, 41.318255711557249 ], [ 1.668497616997088, 41.317395222091427 ], [ 1.669237832964597, 41.317395222091427 ], [ 1.669237832964597, 41.316534721265214 ], [ 1.669978048932105, 41.316534721265214 ], [ 1.669978048932105, 41.315674209078693 ], [ 1.670718264899614, 41.315674209078693 ], [ 1.670718264899614, 41.311371477742703 ], [ 1.669978048932105, 41.311371477742703 ], [ 1.669978048932105, 41.31051089739514 ], [ 1.669237832964597, 41.31051089739514 ], [ 1.669237832964597, 41.309650305687569 ], [ 1.668497616997088, 41.309650305687569 ], [ 1.668497616997088, 41.308789702620011 ], [ 1.66775740102958, 41.308789702620011 ], [ 1.66775740102958, 41.307929088192537 ], [ 1.667017185062072, 41.307929088192537 ], [ 1.667017185062072, 41.307068462405169 ], [ 1.666276969094563, 41.307068462405169 ], [ 1.666276969094563, 41.306207825257957 ], [ 1.665536753127055, 41.306207825257957 ], [ 1.665536753127055, 41.305777502424441 ], [ 1.661835673289513, 41.305777502424441 ], [ 1.661835673289513, 41.306207825257957 ], [ 1.659615025386988, 41.306207825257957 ], [ 1.659615025386988, 41.306638145251547 ], [ 1.65887480941948, 41.306638145251547 ], [ 1.65887480941948, 41.30749877671883 ], [ 1.658134593451972, 41.30749877671883 ], [ 1.658134593451972, 41.307929088192537 ], [ 1.657394377484463, 41.307929088192537 ], [ 1.657394377484463, 41.308359396826262 ], [ 1.656654161516955, 41.308359396826262 ], [ 1.656654161516955, 41.308789702620011 ], [ 1.655913945549446, 41.308789702620011 ], [ 1.655913945549446, 41.309650305687569 ], [ 1.655173729581938, 41.309650305687569 ], [ 1.655173729581938, 41.317395222091427 ], [ 1.655913945549446, 41.317395222091427 ], [ 1.655913945549446, 41.318255711557249 ], [ 1.656654161516955, 41.318255711557249 ], [ 1.656654161516955, 41.318685952030009 ], [ 1.657394377484463, 41.318685952030009 ], [ 1.657394377484463, 41.319546424455204 ], [ 1.658134593451972, 41.319546424455204 ], [ 1.658134593451972, 41.319976656407619 ], [ 1.659615025386988, 41.319976656407619 ], [ 1.659615025386988, 41.320406885519908 ], [ 1.66331610522453, 41.320406885519908 ], [ 1.66331610522453, 41.320837111792073 ], [ 1.665536753127055, 41.320837111792073 ], [ 1.665536753127055, 41.320406885519908 ], [ 1.666276969094563, 41.320406885519908 ], [ 1.666276969094563, 41.319546424455204 ], [ 1.667017185062072, 41.319546424455204 ], [ 1.667017185062072, 41.318685952030009 ], [ 1.66775740102958, 41.318685952030009 ] ] ], [ [ [ 0.184364602142878, 41.931447529982364 ], [ 0.184364602142878, 41.931021359016711 ], [ 0.185845034077895, 41.931021359016711 ], [ 0.185845034077895, 41.93059518520375 ], [ 0.187325466012912, 41.93059518520375 ], [ 0.187325466012912, 41.930169008543487 ], [ 0.18806568198042, 41.930169008543487 ], [ 0.18806568198042, 41.92761188878891 ], [ 0.188805897947928, 41.92761188878891 ], [ 0.188805897947928, 41.923349794750358 ], [ 0.18806568198042, 41.923349794750358 ], [ 0.18806568198042, 41.92207111101775 ], [ 0.187325466012912, 41.92207111101775 ], [ 0.187325466012912, 41.920792401660272 ], [ 0.186585250045403, 41.920792401660272 ], [ 0.186585250045403, 41.919939914519318 ], [ 0.185845034077895, 41.919939914519318 ], [ 0.185845034077895, 41.918661162453994 ], [ 0.185104818110386, 41.918661162453994 ], [ 0.185104818110386, 41.917808646841237 ], [ 0.18362438617537, 41.917808646841237 ], [ 0.18362438617537, 41.917382384764132 ], [ 0.182884170207862, 41.917382384764132 ], [ 0.182884170207862, 41.916956119839853 ], [ 0.182143954240353, 41.916956119839853 ], [ 0.182143954240353, 41.916529852068429 ], [ 0.179923306337828, 41.916529852068429 ], [ 0.179923306337828, 41.916956119839853 ], [ 0.17918309037032, 41.916956119839853 ], [ 0.17918309037032, 41.917382384764132 ], [ 0.177702658435303, 41.917382384764132 ], [ 0.177702658435303, 41.917808646841237 ], [ 0.176962442467795, 41.917808646841237 ], [ 0.176962442467795, 41.918234906071213 ], [ 0.176222226500287, 41.918234906071213 ], [ 0.176222226500287, 41.918661162453994 ], [ 0.175482010532778, 41.918661162453994 ], [ 0.175482010532778, 41.919087415989608 ], [ 0.174001578597761, 41.919087415989608 ], [ 0.174001578597761, 41.919513666678057 ], [ 0.173261362630253, 41.919513666678057 ], [ 0.173261362630253, 41.919939914519318 ], [ 0.172521146662745, 41.919939914519318 ], [ 0.172521146662745, 41.920366159513392 ], [ 0.171780930695237, 41.920366159513392 ], [ 0.171780930695237, 41.920792401660272 ], [ 0.172521146662745, 41.920792401660272 ], [ 0.172521146662745, 41.925907085340441 ], [ 0.173261362630253, 41.925907085340441 ], [ 0.173261362630253, 41.92931664668108 ], [ 0.174001578597761, 41.92931664668108 ], [ 0.174001578597761, 41.929742829035931 ], [ 0.17474179456527, 41.929742829035931 ], [ 0.17474179456527, 41.930169008543487 ], [ 0.175482010532778, 41.930169008543487 ], [ 0.175482010532778, 41.93059518520375 ], [ 0.176222226500287, 41.93059518520375 ], [ 0.176222226500287, 41.931021359016711 ], [ 0.176962442467795, 41.931021359016711 ], [ 0.176962442467795, 41.931447529982364 ], [ 0.178442874402812, 41.931447529982364 ], [ 0.178442874402812, 41.931873698100702 ], [ 0.17918309037032, 41.931873698100702 ], [ 0.17918309037032, 41.932299863371739 ], [ 0.179923306337828, 41.932299863371739 ], [ 0.179923306337828, 41.932726025795461 ], [ 0.180663522305336, 41.932726025795461 ], [ 0.180663522305336, 41.932299863371739 ], [ 0.182143954240353, 41.932299863371739 ], [ 0.182143954240353, 41.931873698100702 ], [ 0.18362438617537, 41.931873698100702 ], [ 0.18362438617537, 41.931447529982364 ], [ 0.184364602142878, 41.931447529982364 ] ] ], [ [ [ 1.521934855430438, 42.911230831483131 ], [ 1.523415287365455, 42.911230831483131 ], [ 1.523415287365455, 42.910811268596582 ], [ 1.524895719300472, 42.910811268596582 ], [ 1.524895719300472, 42.909132988489333 ], [ 1.52563593526798, 42.909132988489333 ], [ 1.52563593526798, 42.906615482645627 ], [ 1.526376151235488, 42.906615482645627 ], [ 1.526376151235488, 42.904097873983098 ], [ 1.527116367202997, 42.904097873983098 ], [ 1.527116367202997, 42.902839031094977 ], [ 1.526376151235488, 42.902839031094977 ], [ 1.526376151235488, 42.901580162502384 ], [ 1.52563593526798, 42.901580162502384 ], [ 1.52563593526798, 42.900321268205431 ], [ 1.524895719300472, 42.900321268205431 ], [ 1.524895719300472, 42.899062348204183 ], [ 1.524155503332963, 42.899062348204183 ], [ 1.524155503332963, 42.897803402498731 ], [ 1.523415287365455, 42.897803402498731 ], [ 1.523415287365455, 42.896544431089147 ], [ 1.522675071397946, 42.896544431089147 ], [ 1.522675071397946, 42.895285433975523 ], [ 1.521934855430438, 42.895285433975523 ], [ 1.521934855430438, 42.894865762558986 ], [ 1.52119463946293, 42.894865762558986 ], [ 1.52119463946293, 42.894446088286458 ], [ 1.520454423495422, 42.894446088286458 ], [ 1.520454423495422, 42.894026411157938 ], [ 1.519714207527913, 42.894026411157938 ], [ 1.519714207527913, 42.893606731173428 ], [ 1.518233775592897, 42.893606731173428 ], [ 1.518233775592897, 42.89318704833294 ], [ 1.517493559625388, 42.89318704833294 ], [ 1.517493559625388, 42.893606731173428 ], [ 1.516013127690371, 42.893606731173428 ], [ 1.516013127690371, 42.894026411157938 ], [ 1.514532695755355, 42.894026411157938 ], [ 1.514532695755355, 42.894446088286458 ], [ 1.513052263820338, 42.894446088286458 ], [ 1.513052263820338, 42.894865762558986 ], [ 1.511571831885322, 42.894865762558986 ], [ 1.511571831885322, 42.895285433975523 ], [ 1.510091399950305, 42.895285433975523 ], [ 1.510091399950305, 42.89570510253607 ], [ 1.508610968015288, 42.89570510253607 ], [ 1.508610968015288, 42.896124768240604 ], [ 1.507130536080271, 42.896124768240604 ], [ 1.507130536080271, 42.896544431089147 ], [ 1.505650104145255, 42.896544431089147 ], [ 1.505650104145255, 42.897383748218211 ], [ 1.504909888177747, 42.897383748218211 ], [ 1.504909888177747, 42.898223053923232 ], [ 1.504169672210238, 42.898223053923232 ], [ 1.504169672210238, 42.899062348204183 ], [ 1.50342945624273, 42.899062348204183 ], [ 1.50342945624273, 42.900321268205431 ], [ 1.502689240275221, 42.900321268205431 ], [ 1.502689240275221, 42.901999788222632 ], [ 1.50342945624273, 42.901999788222632 ], [ 1.50342945624273, 42.907454662684536 ], [ 1.504169672210238, 42.907454662684536 ], [ 1.504169672210238, 42.910391702853921 ], [ 1.505650104145255, 42.910391702853921 ], [ 1.505650104145255, 42.910811268596582 ], [ 1.507130536080271, 42.910811268596582 ], [ 1.507130536080271, 42.911230831483131 ], [ 1.509351183982796, 42.911230831483131 ], [ 1.509351183982796, 42.911650391513561 ], [ 1.511571831885322, 42.911650391513561 ], [ 1.511571831885322, 42.912069948687886 ], [ 1.513792479787847, 42.912069948687886 ], [ 1.513792479787847, 42.912489503006078 ], [ 1.515272911722863, 42.912489503006078 ], [ 1.515272911722863, 42.912909054468159 ], [ 1.517493559625388, 42.912909054468159 ], [ 1.517493559625388, 42.912489503006078 ], [ 1.518973991560405, 42.912489503006078 ], [ 1.518973991560405, 42.912069948687886 ], [ 1.520454423495422, 42.912069948687886 ], [ 1.520454423495422, 42.911650391513561 ], [ 1.521934855430438, 42.911650391513561 ], [ 1.521934855430438, 42.911230831483131 ] ] ], [ [ [ 0.678828868438445, 43.262654531540704 ], [ 0.678088652470937, 43.262654531540704 ], [ 0.678088652470937, 43.262237368802751 ], [ 0.677348436503429, 43.262237368802751 ], [ 0.677348436503429, 43.261403034751488 ], [ 0.676608220535921, 43.261403034751488 ], [ 0.676608220535921, 43.260568689266428 ], [ 0.675127788600904, 43.260568689266428 ], [ 0.675127788600904, 43.260151512236234 ], [ 0.672907140698379, 43.260151512236234 ], [ 0.672907140698379, 43.259734332347591 ], [ 0.670686492795854, 43.259734332347591 ], [ 0.670686492795854, 43.258899963995006 ], [ 0.669946276828345, 43.258899963995006 ], [ 0.669946276828345, 43.257231192988648 ], [ 0.669206060860837, 43.257231192988648 ], [ 0.669206060860837, 43.256396790334918 ], [ 0.66772562892582, 43.256396790334918 ], [ 0.66772562892582, 43.255979584720436 ], [ 0.666985412958312, 43.255979584720436 ], [ 0.666985412958312, 43.255562376247518 ], [ 0.666245196990804, 43.255562376247518 ], [ 0.666245196990804, 43.255145164916193 ], [ 0.664024549088279, 43.255145164916193 ], [ 0.664024549088279, 43.255562376247518 ], [ 0.66328433312077, 43.255562376247518 ], [ 0.66328433312077, 43.255979584720436 ], [ 0.661803901185754, 43.255979584720436 ], [ 0.661803901185754, 43.256396790334918 ], [ 0.661063685218245, 43.256396790334918 ], [ 0.661063685218245, 43.257231192988648 ], [ 0.660323469250737, 43.257231192988648 ], [ 0.660323469250737, 43.260568689266428 ], [ 0.659583253283229, 43.260568689266428 ], [ 0.659583253283229, 43.263488848441234 ], [ 0.65884303731572, 43.263488848441234 ], [ 0.65884303731572, 43.266408867551441 ], [ 0.659583253283229, 43.266408867551441 ], [ 0.659583253283229, 43.267243132999511 ], [ 0.660323469250737, 43.267243132999511 ], [ 0.660323469250737, 43.268077387013648 ], [ 0.661063685218245, 43.268077387013648 ], [ 0.661063685218245, 43.268494509732982 ], [ 0.661803901185754, 43.268494509732982 ], [ 0.661803901185754, 43.268911629593831 ], [ 0.664024549088279, 43.268911629593831 ], [ 0.664024549088279, 43.269328746596173 ], [ 0.666985412958312, 43.269328746596173 ], [ 0.666985412958312, 43.269745860740038 ], [ 0.670686492795854, 43.269745860740038 ], [ 0.670686492795854, 43.270162972025389 ], [ 0.673647356665887, 43.270162972025389 ], [ 0.673647356665887, 43.270580080452234 ], [ 0.676608220535921, 43.270580080452234 ], [ 0.676608220535921, 43.269745860740038 ], [ 0.677348436503429, 43.269745860740038 ], [ 0.677348436503429, 43.268911629593831 ], [ 0.678088652470937, 43.268911629593831 ], [ 0.678088652470937, 43.268494509732982 ], [ 0.678828868438445, 43.268494509732982 ], [ 0.678828868438445, 43.262654531540704 ] ] ] ] } }
]
}
