{
"type": "FeatureCollection",
"name": "spain_fires_nrt_ba",
"crs": { "type": "name", "properties": { "name": "urn:ogc:def:crs:OGC:1.3:CRS84" } },
"features": [
{ "type": "Feature", "properties": { }, "geometry": { "type": "MultiPolygon", "coordinates": [ [ [ [ -1.34048029092429, 35.31848552382354 ], [ -1.338999858989274, 35.31848552382354 ], [ -1.338999858989274, 35.318018104095017 ], [ -1.337519427054257, 35.318018104095017 ], [ -1.337519427054257, 35.31755068166477 ], [ -1.336779211086749, 35.31755068166477 ], [ -1.336779211086749, 35.315213528988217 ], [ -1.33603899511924, 35.315213528988217 ], [ -1.33603899511924, 35.312408856622682 ], [ -1.335298779151732, 35.312408856622682 ], [ -1.335298779151732, 35.311006483968946 ], [ -1.33603899511924, 35.311006483968946 ], [ -1.33603899511924, 35.309136615943153 ], [ -1.336779211086749, 35.309136615943153 ], [ -1.336779211086749, 35.307266704694499 ], [ -1.337519427054257, 35.307266704694499 ], [ -1.337519427054257, 35.305864242893584 ], [ -1.338259643021765, 35.305864242893584 ], [ -1.338259643021765, 35.305396750223949 ], [ -1.338999858989274, 35.305396750223949 ], [ -1.338999858989274, 35.304929254853015 ], [ -1.34048029092429, 35.304929254853015 ], [ -1.34048029092429, 35.304461756780782 ], [ -1.341960722859307, 35.304461756780782 ], [ -1.341960722859307, 35.303994256007286 ], [ -1.342700938826815, 35.303994256007286 ], [ -1.342700938826815, 35.30352675253252 ], [ -1.344181370761832, 35.30352675253252 ], [ -1.344181370761832, 35.303059246356518 ], [ -1.346402018664357, 35.303059246356518 ], [ -1.346402018664357, 35.30352675253252 ], [ -1.347142234631865, 35.30352675253252 ], [ -1.347142234631865, 35.303994256007286 ], [ -1.347882450599374, 35.303994256007286 ], [ -1.347882450599374, 35.304461756780782 ], [ -1.348622666566882, 35.304461756780782 ], [ -1.348622666566882, 35.304929254853015 ], [ -1.34936288253439, 35.304929254853015 ], [ -1.34936288253439, 35.305396750223949 ], [ -1.350103098501899, 35.305396750223949 ], [ -1.350103098501899, 35.305864242893584 ], [ -1.350843314469407, 35.305864242893584 ], [ -1.350843314469407, 35.307266704694499 ], [ -1.351583530436915, 35.307266704694499 ], [ -1.351583530436915, 35.308669142183099 ], [ -1.352323746404424, 35.308669142183099 ], [ -1.352323746404424, 35.310071555358974 ], [ -1.353063962371932, 35.310071555358974 ], [ -1.353063962371932, 35.311006483968946 ], [ -1.353804178339441, 35.311006483968946 ], [ -1.353804178339441, 35.314746090347946 ], [ -1.353063962371932, 35.314746090347946 ], [ -1.353063962371932, 35.31661582869917 ], [ -1.351583530436915, 35.31661582869917 ], [ -1.351583530436915, 35.317083256532818 ], [ -1.350103098501899, 35.317083256532818 ], [ -1.350103098501899, 35.31755068166477 ], [ -1.34936288253439, 35.31755068166477 ], [ -1.34936288253439, 35.318018104095017 ], [ -1.347882450599374, 35.318018104095017 ], [ -1.347882450599374, 35.31848552382354 ], [ -1.346402018664357, 35.31848552382354 ], [ -1.346402018664357, 35.31895294085033 ], [ -1.34492158672934, 35.31895294085033 ], [ -1.34492158672934, 35.319420355175353 ], [ -1.342700938826815, 35.319420355175353 ], [ -1.342700938826815, 35.31895294085033 ], [ -1.34048029092429, 35.31895294085033 ], [ -1.34048029092429, 35.31848552382354 ] ] ], [ [ [ -0.934841940729723, 35.573758764450957 ], [ -0.934841940729723, 35.57282688256965 ], [ -0.934101724762215, 35.57282688256965 ], [ -0.934101724762215, 35.572360937563893 ], [ -0.933361508794706, 35.572360937563893 ], [ -0.933361508794706, 35.571894989848083 ], [ -0.932621292827198, 35.571894989848083 ], [ -0.932621292827198, 35.570963086286405 ], [ -0.93188107685969, 35.570963086286405 ], [ -0.93188107685969, 35.570497130440543 ], [ -0.931140860892182, 35.570497130440543 ], [ -0.931140860892182, 35.5700311718847 ], [ -0.930400644924673, 35.5700311718847 ], [ -0.930400644924673, 35.56909924664312 ], [ -0.929660428957165, 35.56909924664312 ], [ -0.929660428957165, 35.563507467562687 ], [ -0.928920212989657, 35.563507467562687 ], [ -0.928920212989657, 35.56257546644526 ], [ -0.929660428957165, 35.56257546644526 ], [ -0.929660428957165, 35.562109461821933 ], [ -0.930400644924673, 35.562109461821933 ], [ -0.930400644924673, 35.561177444446159 ], [ -0.931140860892182, 35.561177444446159 ], [ -0.931140860892182, 35.560711431693733 ], [ -0.93188107685969, 35.560711431693733 ], [ -0.93188107685969, 35.560245416231631 ], [ -0.932621292827198, 35.560245416231631 ], [ -0.932621292827198, 35.559779398059881 ], [ -0.933361508794706, 35.559779398059881 ], [ -0.933361508794706, 35.559313377178498 ], [ -0.934101724762215, 35.559313377178498 ], [ -0.934101724762215, 35.558381327286853 ], [ -0.934841940729723, 35.558381327286853 ], [ -0.934841940729723, 35.557915298276626 ], [ -0.939283236534773, 35.557915298276626 ], [ -0.939283236534773, 35.558381327286853 ], [ -0.943724532339823, 35.558381327286853 ], [ -0.943724532339823, 35.558847353587474 ], [ -0.94520496427484, 35.558847353587474 ], [ -0.94520496427484, 35.559779398059881 ], [ -0.945945180242348, 35.559779398059881 ], [ -0.945945180242348, 35.560245416231631 ], [ -0.946685396209857, 35.560245416231631 ], [ -0.946685396209857, 35.561177444446159 ], [ -0.947425612177365, 35.561177444446159 ], [ -0.947425612177365, 35.56909924664312 ], [ -0.946685396209857, 35.56909924664312 ], [ -0.946685396209857, 35.571894989848083 ], [ -0.945945180242348, 35.571894989848083 ], [ -0.945945180242348, 35.57282688256965 ], [ -0.94520496427484, 35.57282688256965 ], [ -0.94520496427484, 35.573292824865341 ], [ -0.944464748307332, 35.573292824865341 ], [ -0.944464748307332, 35.574224701326465 ], [ -0.942984316372315, 35.574224701326465 ], [ -0.942984316372315, 35.574690635491883 ], [ -0.938543020567265, 35.574690635491883 ], [ -0.938543020567265, 35.575156566947186 ], [ -0.937062588632248, 35.575156566947186 ], [ -0.937062588632248, 35.574690635491883 ], [ -0.93632237266474, 35.574690635491883 ], [ -0.93632237266474, 35.574224701326465 ], [ -0.935582156697232, 35.574224701326465 ], [ -0.935582156697232, 35.573758764450957 ], [ -0.934841940729723, 35.573758764450957 ] ] ], [ [ [ -0.276049729647306, 35.824505411354338 ], [ -0.276049729647306, 35.824040934669902 ], [ -0.274569297712289, 35.824040934669902 ], [ -0.274569297712289, 35.8235764552674 ], [ -0.272348649809764, 35.8235764552674 ], [ -0.272348649809764, 35.82311197314683 ], [ -0.270128001907239, 35.82311197314683 ], [ -0.270128001907239, 35.822647488308213 ], [ -0.267167138037206, 35.822647488308213 ], [ -0.267167138037206, 35.822183000751579 ], [ -0.264946490134681, 35.822183000751579 ], [ -0.264946490134681, 35.821718510476927 ], [ -0.262725842232156, 35.821718510476927 ], [ -0.262725842232156, 35.821254017484272 ], [ -0.260505194329631, 35.821254017484272 ], [ -0.260505194329631, 35.820789521773627 ], [ -0.259764978362122, 35.820789521773627 ], [ -0.259764978362122, 35.819860522198454 ], [ -0.259024762394614, 35.819860522198454 ], [ -0.259024762394614, 35.81939601833394 ], [ -0.258284546427106, 35.81939601833394 ], [ -0.258284546427106, 35.818467002451158 ], [ -0.257544330459597, 35.818467002451158 ], [ -0.257544330459597, 35.818002490432896 ], [ -0.256804114492089, 35.818002490432896 ], [ -0.256804114492089, 35.81753797569678 ], [ -0.255323682557072, 35.81753797569678 ], [ -0.255323682557072, 35.817073458242774 ], [ -0.253843250622056, 35.817073458242774 ], [ -0.253843250622056, 35.816608938070921 ], [ -0.252362818687039, 35.816608938070921 ], [ -0.252362818687039, 35.816144415181228 ], [ -0.250882386752022, 35.816144415181228 ], [ -0.250882386752022, 35.815679889573708 ], [ -0.250142170784514, 35.815679889573708 ], [ -0.250142170784514, 35.814750830205249 ], [ -0.249401954817006, 35.814750830205249 ], [ -0.249401954817006, 35.814286296444358 ], [ -0.248661738849497, 35.814286296444358 ], [ -0.248661738849497, 35.813357220769255 ], [ -0.247921522881989, 35.813357220769255 ], [ -0.247921522881989, 35.812428134223211 ], [ -0.247181306914481, 35.812428134223211 ], [ -0.247181306914481, 35.811963586873631 ], [ -0.246441090946972, 35.811963586873631 ], [ -0.246441090946972, 35.811499036806339 ], [ -0.243480227076939, 35.811499036806339 ], [ -0.243480227076939, 35.811963586873631 ], [ -0.242740011109431, 35.811963586873631 ], [ -0.242740011109431, 35.812428134223211 ], [ -0.241999795141922, 35.812428134223211 ], [ -0.241999795141922, 35.813357220769255 ], [ -0.241259579174414, 35.813357220769255 ], [ -0.241259579174414, 35.813821759965677 ], [ -0.240519363206906, 35.813821759965677 ], [ -0.240519363206906, 35.814750830205249 ], [ -0.239779147239397, 35.814750830205249 ], [ -0.239779147239397, 35.815215361248384 ], [ -0.239038931271889, 35.815215361248384 ], [ -0.239038931271889, 35.815679889573708 ], [ -0.235337851434347, 35.815679889573708 ], [ -0.235337851434347, 35.815215361248384 ], [ -0.231636771596806, 35.815215361248384 ], [ -0.231636771596806, 35.814750830205249 ], [ -0.230896555629297, 35.814750830205249 ], [ -0.230896555629297, 35.813357220769255 ], [ -0.230156339661789, 35.813357220769255 ], [ -0.230156339661789, 35.812428134223211 ], [ -0.229416123694281, 35.812428134223211 ], [ -0.229416123694281, 35.811034484021377 ], [ -0.228675907726772, 35.811034484021377 ], [ -0.228675907726772, 35.810105370298473 ], [ -0.227935691759264, 35.810105370298473 ], [ -0.227935691759264, 35.809176245705025 ], [ -0.227195475791756, 35.809176245705025 ], [ -0.227195475791756, 35.80731796390701 ], [ -0.227935691759264, 35.80731796390701 ], [ -0.227935691759264, 35.805924224024189 ], [ -0.228675907726772, 35.805924224024189 ], [ -0.228675907726772, 35.804530459683846 ], [ -0.229416123694281, 35.804530459683846 ], [ -0.229416123694281, 35.803601269869652 ], [ -0.230156339661789, 35.803601269869652 ], [ -0.230156339661789, 35.803136670886389 ], [ -0.230896555629297, 35.803136670886389 ], [ -0.230896555629297, 35.802672069185711 ], [ -0.231636771596806, 35.802672069185711 ], [ -0.231636771596806, 35.80220746476764 ], [ -0.232376987564314, 35.80220746476764 ], [ -0.232376987564314, 35.801742857632192 ], [ -0.237558499336872, 35.801742857632192 ], [ -0.237558499336872, 35.80220746476764 ], [ -0.238298715304381, 35.80220746476764 ], [ -0.238298715304381, 35.802672069185711 ], [ -0.239038931271889, 35.802672069185711 ], [ -0.239038931271889, 35.800813635209181 ], [ -0.239779147239397, 35.800813635209181 ], [ -0.239779147239397, 35.799884401916799 ], [ -0.240519363206906, 35.799884401916799 ], [ -0.240519363206906, 35.799419781194644 ], [ -0.241259579174414, 35.799419781194644 ], [ -0.241259579174414, 35.798955157755167 ], [ -0.242740011109431, 35.798955157755167 ], [ -0.242740011109431, 35.798490531598425 ], [ -0.245700874979464, 35.798490531598425 ], [ -0.245700874979464, 35.798955157755167 ], [ -0.247181306914481, 35.798955157755167 ], [ -0.247181306914481, 35.799419781194644 ], [ -0.249401954817006, 35.799419781194644 ], [ -0.249401954817006, 35.799884401916799 ], [ -0.250882386752022, 35.799884401916799 ], [ -0.250882386752022, 35.799419781194644 ], [ -0.252362818687039, 35.799419781194644 ], [ -0.252362818687039, 35.798955157755167 ], [ -0.253843250622056, 35.798955157755167 ], [ -0.253843250622056, 35.798490531598425 ], [ -0.255323682557072, 35.798490531598425 ], [ -0.255323682557072, 35.798025902724412 ], [ -0.261245410297139, 35.798025902724412 ], [ -0.261245410297139, 35.798490531598425 ], [ -0.266426922069697, 35.798490531598425 ], [ -0.266426922069697, 35.799419781194644 ], [ -0.267167138037206, 35.799419781194644 ], [ -0.267167138037206, 35.799884401916799 ], [ -0.267907354004714, 35.799884401916799 ], [ -0.267907354004714, 35.800349019921647 ], [ -0.268647569972222, 35.800349019921647 ], [ -0.268647569972222, 35.801278247779365 ], [ -0.269387785939731, 35.801278247779365 ], [ -0.269387785939731, 35.801742857632192 ], [ -0.270128001907239, 35.801742857632192 ], [ -0.270128001907239, 35.80220746476764 ], [ -0.270868217874747, 35.80220746476764 ], [ -0.270868217874747, 35.803136670886389 ], [ -0.271608433842256, 35.803136670886389 ], [ -0.271608433842256, 35.803601269869652 ], [ -0.272348649809764, 35.803601269869652 ], [ -0.272348649809764, 35.804530459683846 ], [ -0.273088865777272, 35.804530459683846 ], [ -0.273088865777272, 35.804995050514783 ], [ -0.273829081744781, 35.804995050514783 ], [ -0.273829081744781, 35.804065866135467 ], [ -0.274569297712289, 35.804065866135467 ], [ -0.274569297712289, 35.803136670886389 ], [ -0.275309513679797, 35.803136670886389 ], [ -0.275309513679797, 35.80220746476764 ], [ -0.276049729647306, 35.80220746476764 ], [ -0.276049729647306, 35.801742857632192 ], [ -0.276789945614814, 35.801742857632192 ], [ -0.276789945614814, 35.801278247779365 ], [ -0.278270377549831, 35.801278247779365 ], [ -0.278270377549831, 35.800813635209181 ], [ -0.279010593517339, 35.800813635209181 ], [ -0.279010593517339, 35.800349019921647 ], [ -0.280491025452356, 35.800349019921647 ], [ -0.280491025452356, 35.800813635209181 ], [ -0.281231241419864, 35.800813635209181 ], [ -0.281231241419864, 35.801278247779365 ], [ -0.282711673354881, 35.801278247779365 ], [ -0.282711673354881, 35.801742857632192 ], [ -0.283451889322389, 35.801742857632192 ], [ -0.283451889322389, 35.80220746476764 ], [ -0.284192105289897, 35.80220746476764 ], [ -0.284192105289897, 35.805459638628236 ], [ -0.284932321257406, 35.805459638628236 ], [ -0.284932321257406, 35.809640809360559 ], [ -0.285672537224914, 35.809640809360559 ], [ -0.285672537224914, 35.813821759965677 ], [ -0.286412753192422, 35.813821759965677 ], [ -0.286412753192422, 35.818467002451158 ], [ -0.287152969159931, 35.818467002451158 ], [ -0.287152969159931, 35.821254017484272 ], [ -0.286412753192422, 35.821254017484272 ], [ -0.286412753192422, 35.822183000751579 ], [ -0.285672537224914, 35.822183000751579 ], [ -0.285672537224914, 35.822647488308213 ], [ -0.284932321257406, 35.822647488308213 ], [ -0.284932321257406, 35.82311197314683 ], [ -0.284192105289897, 35.82311197314683 ], [ -0.284192105289897, 35.8235764552674 ], [ -0.283451889322389, 35.8235764552674 ], [ -0.283451889322389, 35.824040934669902 ], [ -0.282711673354881, 35.824040934669902 ], [ -0.282711673354881, 35.824505411354338 ], [ -0.281971457387372, 35.824505411354338 ], [ -0.281971457387372, 35.824969885320684 ], [ -0.281231241419864, 35.824969885320684 ], [ -0.281231241419864, 35.82543435656892 ], [ -0.280491025452356, 35.82543435656892 ], [ -0.280491025452356, 35.825898825099053 ], [ -0.278270377549831, 35.825898825099053 ], [ -0.278270377549831, 35.82543435656892 ], [ -0.277530161582322, 35.82543435656892 ], [ -0.277530161582322, 35.824969885320684 ], [ -0.276789945614814, 35.824969885320684 ], [ -0.276789945614814, 35.824505411354338 ], [ -0.276049729647306, 35.824505411354338 ] ] ], [ [ [ -6.551600702182965, 37.626494668531748 ], [ -6.54938005428044, 37.626494668531748 ], [ -6.54938005428044, 37.626040964938475 ], [ -6.547899622345424, 37.626040964938475 ], [ -6.547899622345424, 37.62558725857582 ], [ -6.547159406377915, 37.62558725857582 ], [ -6.547159406377915, 37.625133549443802 ], [ -6.546419190410407, 37.625133549443802 ], [ -6.546419190410407, 37.624226122871733 ], [ -6.54493875847539, 37.624226122871733 ], [ -6.54493875847539, 37.624679837542431 ], [ -6.544198542507881, 37.624679837542431 ], [ -6.544198542507881, 37.62558725857582 ], [ -6.543458326540374, 37.62558725857582 ], [ -6.543458326540374, 37.626040964938475 ], [ -6.542718110572865, 37.626040964938475 ], [ -6.542718110572865, 37.626494668531748 ], [ -6.541977894605356, 37.626494668531748 ], [ -6.541977894605356, 37.626948369355638 ], [ -6.541237678637849, 37.626948369355638 ], [ -6.541237678637849, 37.627402067410131 ], [ -6.536796382832798, 37.627402067410131 ], [ -6.536796382832798, 37.626948369355638 ], [ -6.53605616686529, 37.626948369355638 ], [ -6.53605616686529, 37.626040964938475 ], [ -6.535315950897782, 37.626040964938475 ], [ -6.535315950897782, 37.625133549443802 ], [ -6.534575734930274, 37.625133549443802 ], [ -6.534575734930274, 37.624226122871733 ], [ -6.533835518962765, 37.624226122871733 ], [ -6.533835518962765, 37.623318685222316 ], [ -6.533095302995257, 37.623318685222316 ], [ -6.533095302995257, 37.622411236495687 ], [ -6.532355087027749, 37.622411236495687 ], [ -6.532355087027749, 37.621503776691931 ], [ -6.53161487106024, 37.621503776691931 ], [ -6.53161487106024, 37.620596305811134 ], [ -6.530874655092732, 37.620596305811134 ], [ -6.530874655092732, 37.617873826707381 ], [ -6.530134439125224, 37.617873826707381 ], [ -6.530134439125224, 37.618781330818756 ], [ -6.529394223157715, 37.618781330818756 ], [ -6.529394223157715, 37.619688823853373 ], [ -6.528654007190207, 37.619688823853373 ], [ -6.528654007190207, 37.620142566216856 ], [ -6.52717357525519, 37.620142566216856 ], [ -6.52717357525519, 37.619688823853373 ], [ -6.524212711385157, 37.619688823853373 ], [ -6.524212711385157, 37.619235078720671 ], [ -6.521992063482632, 37.619235078720671 ], [ -6.521992063482632, 37.618781330818756 ], [ -6.521251847515123, 37.618781330818756 ], [ -6.521251847515123, 37.617420070497936 ], [ -6.520511631547615, 37.617420070497936 ], [ -6.520511631547615, 37.615605017968704 ], [ -6.519771415580108, 37.615605017968704 ], [ -6.519771415580108, 37.614243699496079 ], [ -6.520511631547615, 37.614243699496079 ], [ -6.520511631547615, 37.611520987786115 ], [ -6.521251847515123, 37.611520987786115 ], [ -6.521251847515123, 37.611067192809521 ], [ -6.519771415580108, 37.611067192809521 ], [ -6.519771415580108, 37.61061339506395 ], [ -6.519031199612598, 37.61061339506395 ], [ -6.519031199612598, 37.610159594549387 ], [ -6.517550767677582, 37.610159594549387 ], [ -6.517550767677582, 37.608798176391915 ], [ -6.516810551710074, 37.608798176391915 ], [ -6.516810551710074, 37.6069829134169 ], [ -6.516070335742565, 37.6069829134169 ], [ -6.516070335742565, 37.605621437112248 ], [ -6.516810551710074, 37.605621437112248 ], [ -6.516810551710074, 37.604259935887903 ], [ -6.517550767677582, 37.604259935887903 ], [ -6.517550767677582, 37.602898409744157 ], [ -6.518290983645089, 37.602898409744157 ], [ -6.518290983645089, 37.601990711804383 ], [ -6.519031199612598, 37.601990711804383 ], [ -6.519031199612598, 37.601536858681335 ], [ -6.518290983645089, 37.601536858681335 ], [ -6.518290983645089, 37.600629144129016 ], [ -6.517550767677582, 37.600629144129016 ], [ -6.517550767677582, 37.599721418501787 ], [ -6.516810551710074, 37.599721418501787 ], [ -6.516810551710074, 37.595182624245162 ], [ -6.517550767677582, 37.595182624245162 ], [ -6.517550767677582, 37.594274832170399 ], [ -6.518290983645089, 37.594274832170399 ], [ -6.518290983645089, 37.593820931980162 ], [ -6.519031199612598, 37.593820931980162 ], [ -6.519031199612598, 37.592913123294039 ], [ -6.519771415580108, 37.592913123294039 ], [ -6.519771415580108, 37.592459214798168 ], [ -6.524952927352666, 37.592459214798168 ], [ -6.524952927352666, 37.592913123294039 ], [ -6.525693143320173, 37.592913123294039 ], [ -6.525693143320173, 37.593820931980162 ], [ -6.526433359287681, 37.593820931980162 ], [ -6.526433359287681, 37.594274832170399 ], [ -6.52717357525519, 37.594274832170399 ], [ -6.52717357525519, 37.595182624245162 ], [ -6.527913791222699, 37.595182624245162 ], [ -6.527913791222699, 37.599721418501787 ], [ -6.52717357525519, 37.599721418501787 ], [ -6.52717357525519, 37.600629144129016 ], [ -6.526433359287681, 37.600629144129016 ], [ -6.526433359287681, 37.601536858681335 ], [ -6.52717357525519, 37.601536858681335 ], [ -6.52717357525519, 37.601990711804383 ], [ -6.527913791222699, 37.601990711804383 ], [ -6.527913791222699, 37.602444562158645 ], [ -6.528654007190207, 37.602444562158645 ], [ -6.528654007190207, 37.604259935887903 ], [ -6.529394223157715, 37.604259935887903 ], [ -6.529394223157715, 37.603806096608785 ], [ -6.530134439125224, 37.603806096608785 ], [ -6.530134439125224, 37.602444562158645 ], [ -6.530874655092732, 37.602444562158645 ], [ -6.530874655092732, 37.601083002789544 ], [ -6.53161487106024, 37.601083002789544 ], [ -6.53161487106024, 37.600629144129016 ], [ -6.532355087027749, 37.600629144129016 ], [ -6.532355087027749, 37.599721418501787 ], [ -6.533095302995257, 37.599721418501787 ], [ -6.533095302995257, 37.5992675515351 ], [ -6.533835518962765, 37.5992675515351 ], [ -6.533835518962765, 37.598813681799726 ], [ -6.534575734930274, 37.598813681799726 ], [ -6.534575734930274, 37.598359809295673 ], [ -6.535315950897782, 37.598359809295673 ], [ -6.535315950897782, 37.59790593402294 ], [ -6.536796382832798, 37.59790593402294 ], [ -6.536796382832798, 37.598359809295673 ], [ -6.54049746267034, 37.598359809295673 ], [ -6.54049746267034, 37.598813681799726 ], [ -6.544198542507881, 37.598813681799726 ], [ -6.544198542507881, 37.5992675515351 ], [ -6.547159406377915, 37.5992675515351 ], [ -6.547159406377915, 37.598359809295673 ], [ -6.547899622345424, 37.598359809295673 ], [ -6.547899622345424, 37.596998175171528 ], [ -6.547159406377915, 37.596998175171528 ], [ -6.547159406377915, 37.596544291592856 ], [ -6.546419190410407, 37.596544291592856 ], [ -6.546419190410407, 37.595636516129659 ], [ -6.545678974442899, 37.595636516129659 ], [ -6.545678974442899, 37.595182624245162 ], [ -6.54493875847539, 37.595182624245162 ], [ -6.54493875847539, 37.594728729592063 ], [ -6.544198542507881, 37.594728729592063 ], [ -6.544198542507881, 37.589281777809212 ], [ -6.542718110572865, 37.589281777809212 ], [ -6.542718110572865, 37.588827847165525 ], [ -6.541977894605356, 37.588827847165525 ], [ -6.541977894605356, 37.588373913753394 ], [ -6.541237678637849, 37.588373913753394 ], [ -6.541237678637849, 37.587919977572859 ], [ -6.539017030735324, 37.587919977572859 ], [ -6.539017030735324, 37.588827847165525 ], [ -6.538276814767816, 37.588827847165525 ], [ -6.538276814767816, 37.590189630791279 ], [ -6.537536598800307, 37.590189630791279 ], [ -6.537536598800307, 37.590643553129631 ], [ -6.536796382832798, 37.590643553129631 ], [ -6.536796382832798, 37.591097472699495 ], [ -6.535315950897782, 37.591097472699495 ], [ -6.535315950897782, 37.591551389500886 ], [ -6.534575734930274, 37.591551389500886 ], [ -6.534575734930274, 37.592005303533789 ], [ -6.521992063482632, 37.592005303533789 ], [ -6.521992063482632, 37.591551389500886 ], [ -6.520511631547615, 37.591551389500886 ], [ -6.520511631547615, 37.591097472699495 ], [ -6.519771415580108, 37.591097472699495 ], [ -6.519771415580108, 37.590643553129631 ], [ -6.518290983645089, 37.590643553129631 ], [ -6.518290983645089, 37.591097472699495 ], [ -6.517550767677582, 37.591097472699495 ], [ -6.517550767677582, 37.592005303533789 ], [ -6.516810551710074, 37.592005303533789 ], [ -6.516810551710074, 37.592913123294039 ], [ -6.516070335742565, 37.592913123294039 ], [ -6.516070335742565, 37.593367029021358 ], [ -6.515330119775057, 37.593367029021358 ], [ -6.515330119775057, 37.594274832170399 ], [ -6.514589903807549, 37.594274832170399 ], [ -6.514589903807549, 37.595636516129659 ], [ -6.515330119775057, 37.595636516129659 ], [ -6.515330119775057, 37.597452055981563 ], [ -6.516070335742565, 37.597452055981563 ], [ -6.516070335742565, 37.59790593402294 ], [ -6.515330119775057, 37.59790593402294 ], [ -6.515330119775057, 37.599721418501787 ], [ -6.514589903807549, 37.599721418501787 ], [ -6.514589903807549, 37.601536858681335 ], [ -6.51384968784004, 37.601536858681335 ], [ -6.51384968784004, 37.601990711804383 ], [ -6.511629039937516, 37.601990711804383 ], [ -6.511629039937516, 37.602444562158645 ], [ -6.50940839203499, 37.602444562158645 ], [ -6.50940839203499, 37.602898409744157 ], [ -6.508668176067482, 37.602898409744157 ], [ -6.508668176067482, 37.604713772398178 ], [ -6.507927960099973, 37.604713772398178 ], [ -6.507927960099973, 37.607436733314024 ], [ -6.507187744132465, 37.607436733314024 ], [ -6.507187744132465, 37.607890550442235 ], [ -6.505707312197449, 37.607890550442235 ], [ -6.505707312197449, 37.608344364801546 ], [ -6.50496709622994, 37.608344364801546 ], [ -6.50496709622994, 37.608798176391915 ], [ -6.499045368489874, 37.608798176391915 ], [ -6.499045368489874, 37.607890550442235 ], [ -6.498305152522366, 37.607890550442235 ], [ -6.498305152522366, 37.6069829134169 ], [ -6.497564936554856, 37.6069829134169 ], [ -6.497564936554856, 37.60652909075089 ], [ -6.496824720587348, 37.60652909075089 ], [ -6.496824720587348, 37.605621437112248 ], [ -6.496084504619841, 37.605621437112248 ], [ -6.496084504619841, 37.605167606139638 ], [ -6.493863856717316, 37.605167606139638 ], [ -6.493863856717316, 37.604713772398178 ], [ -6.49164320881479, 37.604713772398178 ], [ -6.49164320881479, 37.604259935887903 ], [ -6.490902992847282, 37.604259935887903 ], [ -6.490902992847282, 37.601536858681335 ], [ -6.490162776879773, 37.601536858681335 ], [ -6.490162776879773, 37.598359809295673 ], [ -6.489422560912264, 37.598359809295673 ], [ -6.489422560912264, 37.5992675515351 ], [ -6.488682344944757, 37.5992675515351 ], [ -6.488682344944757, 37.599721418501787 ], [ -6.487942128977249, 37.599721418501787 ], [ -6.487942128977249, 37.600175282699752 ], [ -6.48720191300974, 37.600175282699752 ], [ -6.48720191300974, 37.600629144129016 ], [ -6.486461697042232, 37.600629144129016 ], [ -6.486461697042232, 37.601083002789544 ], [ -6.485721481074724, 37.601083002789544 ], [ -6.485721481074724, 37.603806096608785 ], [ -6.484981265107216, 37.603806096608785 ], [ -6.484981265107216, 37.6069829134169 ], [ -6.483500833172198, 37.6069829134169 ], [ -6.483500833172198, 37.607436733314024 ], [ -6.480539969302165, 37.607436733314024 ], [ -6.480539969302165, 37.607890550442235 ], [ -6.47831932139964, 37.607890550442235 ], [ -6.47831932139964, 37.608344364801546 ], [ -6.476098673497115, 37.608344364801546 ], [ -6.476098673497115, 37.608798176391915 ], [ -6.475358457529607, 37.608798176391915 ], [ -6.475358457529607, 37.608344364801546 ], [ -6.47387802559459, 37.608344364801546 ], [ -6.47387802559459, 37.607890550442235 ], [ -6.473137809627081, 37.607890550442235 ], [ -6.473137809627081, 37.607436733314024 ], [ -6.472397593659574, 37.607436733314024 ], [ -6.472397593659574, 37.6069829134169 ], [ -6.470917161724556, 37.6069829134169 ], [ -6.470917161724556, 37.608344364801546 ], [ -6.470176945757049, 37.608344364801546 ], [ -6.470176945757049, 37.609251985213362 ], [ -6.46943672978954, 37.609251985213362 ], [ -6.46943672978954, 37.610159594549387 ], [ -6.468696513822032, 37.610159594549387 ], [ -6.468696513822032, 37.61061339506395 ], [ -6.467216081887016, 37.61061339506395 ], [ -6.467216081887016, 37.610159594549387 ], [ -6.46499543398449, 37.610159594549387 ], [ -6.46499543398449, 37.60970579126586 ], [ -6.462774786081965, 37.60970579126586 ], [ -6.462774786081965, 37.611974779993695 ], [ -6.462034570114457, 37.611974779993695 ], [ -6.462034570114457, 37.613789921133709 ], [ -6.461294354146948, 37.613789921133709 ], [ -6.461294354146948, 37.616058785254708 ], [ -6.46055413817944, 37.616058785254708 ], [ -6.46055413817944, 37.617420070497936 ], [ -6.459813922211932, 37.617420070497936 ], [ -6.459813922211932, 37.617873826707381 ], [ -6.459073706244424, 37.617873826707381 ], [ -6.459073706244424, 37.618327580147664 ], [ -6.457593274309406, 37.618327580147664 ], [ -6.457593274309406, 37.618781330818756 ], [ -6.456853058341898, 37.618781330818756 ], [ -6.456853058341898, 37.619235078720671 ], [ -6.455372626406882, 37.619235078720671 ], [ -6.455372626406882, 37.618781330818756 ], [ -6.454632410439373, 37.618781330818756 ], [ -6.454632410439373, 37.618327580147664 ], [ -6.453151978504357, 37.618327580147664 ], [ -6.453151978504357, 37.617873826707381 ], [ -6.452411762536848, 37.617873826707381 ], [ -6.452411762536848, 37.617420070497936 ], [ -6.451671546569341, 37.617420070497936 ], [ -6.451671546569341, 37.616512549771585 ], [ -6.450931330601832, 37.616512549771585 ], [ -6.450931330601832, 37.615151247913595 ], [ -6.450191114634324, 37.615151247913595 ], [ -6.450191114634324, 37.613789921133709 ], [ -6.449450898666815, 37.613789921133709 ], [ -6.449450898666815, 37.613336140002268 ], [ -6.448710682699307, 37.613336140002268 ], [ -6.448710682699307, 37.612882356101778 ], [ -6.44723025076429, 37.612882356101778 ], [ -6.44723025076429, 37.612428569432247 ], [ -6.445009602861765, 37.612428569432247 ], [ -6.445009602861765, 37.615151247913595 ], [ -6.444269386894257, 37.615151247913595 ], [ -6.444269386894257, 37.617420070497936 ], [ -6.443529170926749, 37.617420070497936 ], [ -6.443529170926749, 37.618327580147664 ], [ -6.44278895495924, 37.618327580147664 ], [ -6.44278895495924, 37.619235078720671 ], [ -6.442048738991732, 37.619235078720671 ], [ -6.442048738991732, 37.619688823853373 ], [ -6.441308523024224, 37.619688823853373 ], [ -6.441308523024224, 37.620142566216856 ], [ -6.434646579316649, 37.620142566216856 ], [ -6.434646579316649, 37.619688823853373 ], [ -6.430205283511597, 37.619688823853373 ], [ -6.430205283511597, 37.619235078720671 ], [ -6.42946506754409, 37.619235078720671 ], [ -6.42946506754409, 37.618327580147664 ], [ -6.428724851576582, 37.618327580147664 ], [ -6.428724851576582, 37.617873826707381 ], [ -6.427984635609074, 37.617873826707381 ], [ -6.427984635609074, 37.616966311519334 ], [ -6.427244419641565, 37.616966311519334 ], [ -6.427244419641565, 37.617420070497936 ], [ -6.424283555771532, 37.617420070497936 ], [ -6.424283555771532, 37.617873826707381 ], [ -6.422062907869006, 37.617873826707381 ], [ -6.422062907869006, 37.618327580147664 ], [ -6.42058247593399, 37.618327580147664 ], [ -6.42058247593399, 37.617420070497936 ], [ -6.419842259966481, 37.617420070497936 ], [ -6.419842259966481, 37.616512549771585 ], [ -6.419102043998973, 37.616512549771585 ], [ -6.419102043998973, 37.615151247913595 ], [ -6.418361828031466, 37.615151247913595 ], [ -6.418361828031466, 37.614243699496079 ], [ -6.417621612063957, 37.614243699496079 ], [ -6.417621612063957, 37.613336140002268 ], [ -6.416881396096448, 37.613336140002268 ], [ -6.416881396096448, 37.614243699496079 ], [ -6.41614118012894, 37.614243699496079 ], [ -6.41614118012894, 37.615605017968704 ], [ -6.415400964161432, 37.615605017968704 ], [ -6.415400964161432, 37.617420070497936 ], [ -6.414660748193924, 37.617420070497936 ], [ -6.414660748193924, 37.618781330818756 ], [ -6.413920532226415, 37.618781330818756 ], [ -6.413920532226415, 37.619235078720671 ], [ -6.413180316258907, 37.619235078720671 ], [ -6.413180316258907, 37.619688823853373 ], [ -6.412440100291398, 37.619688823853373 ], [ -6.412440100291398, 37.620142566216856 ], [ -6.410959668356382, 37.620142566216856 ], [ -6.410959668356382, 37.620596305811134 ], [ -6.408739020453856, 37.620596305811134 ], [ -6.408739020453856, 37.620142566216856 ], [ -6.407998804486349, 37.620142566216856 ], [ -6.407998804486349, 37.619688823853373 ], [ -6.406518372551331, 37.619688823853373 ], [ -6.406518372551331, 37.619235078720671 ], [ -6.405778156583824, 37.619235078720671 ], [ -6.405778156583824, 37.617873826707381 ], [ -6.405037940616315, 37.617873826707381 ], [ -6.405037940616315, 37.615151247913595 ], [ -6.404297724648807, 37.615151247913595 ], [ -6.404297724648807, 37.614243699496079 ], [ -6.403557508681298, 37.614243699496079 ], [ -6.403557508681298, 37.613789921133709 ], [ -6.402077076746282, 37.613789921133709 ], [ -6.402077076746282, 37.613336140002268 ], [ -6.401336860778773, 37.613336140002268 ], [ -6.401336860778773, 37.612882356101778 ], [ -6.400596644811265, 37.612882356101778 ], [ -6.400596644811265, 37.612428569432247 ], [ -6.399116212876249, 37.612428569432247 ], [ -6.399116212876249, 37.611974779993695 ], [ -6.397635780941232, 37.611974779993695 ], [ -6.397635780941232, 37.611520987786115 ], [ -6.396155349006215, 37.611520987786115 ], [ -6.396155349006215, 37.611974779993695 ], [ -6.395415133038706, 37.611974779993695 ], [ -6.395415133038706, 37.612428569432247 ], [ -6.394674917071199, 37.612428569432247 ], [ -6.394674917071199, 37.612882356101778 ], [ -6.39393470110369, 37.612882356101778 ], [ -6.39393470110369, 37.613336140002268 ], [ -6.393194485136181, 37.613336140002268 ], [ -6.393194485136181, 37.613789921133709 ], [ -6.391714053201166, 37.613789921133709 ], [ -6.391714053201166, 37.613336140002268 ], [ -6.390973837233656, 37.613336140002268 ], [ -6.390973837233656, 37.612882356101778 ], [ -6.389493405298641, 37.612882356101778 ], [ -6.389493405298641, 37.612428569432247 ], [ -6.388753189331132, 37.612428569432247 ], [ -6.388753189331132, 37.611974779993695 ], [ -6.388012973363623, 37.611974779993695 ], [ -6.388012973363623, 37.611067192809521 ], [ -6.387272757396115, 37.611067192809521 ], [ -6.387272757396115, 37.60970579126586 ], [ -6.382831461591064, 37.60970579126586 ], [ -6.382831461591064, 37.613336140002268 ], [ -6.382091245623557, 37.613336140002268 ], [ -6.382091245623557, 37.614697475089372 ], [ -6.38061081368854, 37.614697475089372 ], [ -6.38061081368854, 37.615151247913595 ], [ -6.378390165786015, 37.615151247913595 ], [ -6.378390165786015, 37.615605017968704 ], [ -6.375429301915982, 37.615605017968704 ], [ -6.375429301915982, 37.615151247913595 ], [ -6.374689085948473, 37.615151247913595 ], [ -6.374689085948473, 37.613789921133709 ], [ -6.373948869980965, 37.613789921133709 ], [ -6.373948869980965, 37.612882356101778 ], [ -6.373208654013458, 37.612882356101778 ], [ -6.373208654013458, 37.611974779993695 ], [ -6.372468438045948, 37.611974779993695 ], [ -6.372468438045948, 37.60970579126586 ], [ -6.373208654013458, 37.60970579126586 ], [ -6.373208654013458, 37.608344364801546 ], [ -6.373948869980965, 37.608344364801546 ], [ -6.373948869980965, 37.6069829134169 ], [ -6.370247790143424, 37.6069829134169 ], [ -6.370247790143424, 37.60652909075089 ], [ -6.369507574175914, 37.60652909075089 ], [ -6.369507574175914, 37.605621437112248 ], [ -6.368767358208406, 37.605621437112248 ], [ -6.368767358208406, 37.604713772398178 ], [ -6.368027142240899, 37.604713772398178 ], [ -6.368027142240899, 37.604259935887903 ], [ -6.36728692627339, 37.604259935887903 ], [ -6.36728692627339, 37.603352254560868 ], [ -6.366546710305881, 37.603352254560868 ], [ -6.366546710305881, 37.602898409744157 ], [ -6.365806494338374, 37.602898409744157 ], [ -6.365806494338374, 37.60652909075089 ], [ -6.365066278370866, 37.60652909075089 ], [ -6.365066278370866, 37.607436733314024 ], [ -6.364326062403356, 37.607436733314024 ], [ -6.364326062403356, 37.607890550442235 ], [ -6.363585846435849, 37.607890550442235 ], [ -6.363585846435849, 37.608344364801546 ], [ -6.362105414500832, 37.608344364801546 ], [ -6.362105414500832, 37.608798176391915 ], [ -6.359884766598306, 37.608798176391915 ], [ -6.359884766598306, 37.608344364801546 ], [ -6.359144550630798, 37.608344364801546 ], [ -6.359144550630798, 37.607890550442235 ], [ -6.357664118695782, 37.607890550442235 ], [ -6.357664118695782, 37.607436733314024 ], [ -6.356923902728273, 37.607436733314024 ], [ -6.356923902728273, 37.605621437112248 ], [ -6.356183686760765, 37.605621437112248 ], [ -6.356183686760765, 37.600629144129016 ], [ -6.356923902728273, 37.600629144129016 ], [ -6.356923902728273, 37.599721418501787 ], [ -6.357664118695782, 37.599721418501787 ], [ -6.357664118695782, 37.5992675515351 ], [ -6.35840433466329, 37.5992675515351 ], [ -6.35840433466329, 37.598359809295673 ], [ -6.357664118695782, 37.598359809295673 ], [ -6.357664118695782, 37.598813681799726 ], [ -6.356183686760765, 37.598813681799726 ], [ -6.356183686760765, 37.598359809295673 ], [ -6.355443470793257, 37.598359809295673 ], [ -6.355443470793257, 37.596998175171528 ], [ -6.354703254825749, 37.596998175171528 ], [ -6.354703254825749, 37.596090405245562 ], [ -6.35396303885824, 37.596090405245562 ], [ -6.35396303885824, 37.595182624245162 ], [ -6.353222822890732, 37.595182624245162 ], [ -6.353222822890732, 37.593820931980162 ], [ -6.352482606923223, 37.593820931980162 ], [ -6.352482606923223, 37.593367029021358 ], [ -6.353222822890732, 37.593367029021358 ], [ -6.353222822890732, 37.592459214798168 ], [ -6.35396303885824, 37.592459214798168 ], [ -6.35396303885824, 37.591097472699495 ], [ -6.354703254825749, 37.591097472699495 ], [ -6.354703254825749, 37.590189630791279 ], [ -6.355443470793257, 37.590189630791279 ], [ -6.355443470793257, 37.588827847165525 ], [ -6.360624982565815, 37.588827847165525 ], [ -6.360624982565815, 37.585196302353559 ], [ -6.359884766598306, 37.585196302353559 ], [ -6.359884766598306, 37.584288388467002 ], [ -6.359144550630798, 37.584288388467002 ], [ -6.359144550630798, 37.582926496874862 ], [ -6.35840433466329, 37.582926496874862 ], [ -6.35840433466329, 37.57974865293744 ], [ -6.359144550630798, 37.57974865293744 ], [ -6.359144550630798, 37.577932681215501 ], [ -6.359884766598306, 37.577932681215501 ], [ -6.359884766598306, 37.577478681364632 ], [ -6.362105414500832, 37.577478681364632 ], [ -6.362105414500832, 37.577024678745616 ], [ -6.364326062403356, 37.577024678745616 ], [ -6.364326062403356, 37.576570673358482 ], [ -6.36728692627339, 37.576570673358482 ], [ -6.36728692627339, 37.576116665203216 ], [ -6.368767358208406, 37.576116665203216 ], [ -6.368767358208406, 37.573846582905666 ], [ -6.369507574175914, 37.573846582905666 ], [ -6.369507574175914, 37.571576431407031 ], [ -6.370247790143424, 37.571576431407031 ], [ -6.370247790143424, 37.571122392803304 ], [ -6.370988006110932, 37.571122392803304 ], [ -6.370988006110932, 37.570668351431607 ], [ -6.37172822207844, 37.570668351431607 ], [ -6.37172822207844, 37.570214307291934 ], [ -6.372468438045948, 37.570214307291934 ], [ -6.372468438045948, 37.569760260384321 ], [ -6.369507574175914, 37.569760260384321 ], [ -6.369507574175914, 37.570214307291934 ], [ -6.368767358208406, 37.570214307291934 ], [ -6.368767358208406, 37.570668351431607 ], [ -6.36728692627339, 37.570668351431607 ], [ -6.36728692627339, 37.571122392803304 ], [ -6.366546710305881, 37.571122392803304 ], [ -6.366546710305881, 37.571576431407031 ], [ -6.365806494338374, 37.571576431407031 ], [ -6.365806494338374, 37.572030467242776 ], [ -6.363585846435849, 37.572030467242776 ], [ -6.363585846435849, 37.571576431407031 ], [ -6.362105414500832, 37.571576431407031 ], [ -6.362105414500832, 37.571122392803304 ], [ -6.361365198533323, 37.571122392803304 ], [ -6.361365198533323, 37.570668351431607 ], [ -6.360624982565815, 37.570668351431607 ], [ -6.360624982565815, 37.568398103053909 ], [ -6.359884766598306, 37.568398103053909 ], [ -6.359884766598306, 37.563857398707192 ], [ -6.360624982565815, 37.563857398707192 ], [ -6.360624982565815, 37.563403313049498 ], [ -6.361365198533323, 37.563403313049498 ], [ -6.361365198533323, 37.562495133430801 ], [ -6.362105414500832, 37.562495133430801 ], [ -6.362105414500832, 37.562041039469818 ], [ -6.362845630468341, 37.562041039469818 ], [ -6.362845630468341, 37.561586942741094 ], [ -6.365806494338374, 37.561586942741094 ], [ -6.365806494338374, 37.560678740980471 ], [ -6.360624982565815, 37.560678740980471 ], [ -6.360624982565815, 37.560224635948593 ], [ -6.359884766598306, 37.560224635948593 ], [ -6.359884766598306, 37.559770528149024 ], [ -6.359144550630798, 37.559770528149024 ], [ -6.359144550630798, 37.558862304246858 ], [ -6.35840433466329, 37.558862304246858 ], [ -6.35840433466329, 37.559316417581776 ], [ -6.357664118695782, 37.559316417581776 ], [ -6.357664118695782, 37.559770528149024 ], [ -6.356183686760765, 37.559770528149024 ], [ -6.356183686760765, 37.560224635948593 ], [ -6.355443470793257, 37.560224635948593 ], [ -6.355443470793257, 37.560678740980471 ], [ -6.35396303885824, 37.560678740980471 ], [ -6.35396303885824, 37.561132843244636 ], [ -6.353222822890732, 37.561132843244636 ], [ -6.353222822890732, 37.561586942741094 ], [ -6.34063915144309, 37.561586942741094 ], [ -6.34063915144309, 37.562041039469818 ], [ -6.331016343865481, 37.562041039469818 ], [ -6.331016343865481, 37.561586942741094 ], [ -6.330276127897974, 37.561586942741094 ], [ -6.330276127897974, 37.561132843244636 ], [ -6.329535911930465, 37.561132843244636 ], [ -6.329535911930465, 37.560224635948593 ], [ -6.328795695962957, 37.560224635948593 ], [ -6.328795695962957, 37.559316417581776 ], [ -6.328055479995448, 37.559316417581776 ], [ -6.328055479995448, 37.55840818814427 ], [ -6.32731526402794, 37.55840818814427 ], [ -6.32731526402794, 37.553866874899796 ], [ -6.326575048060431, 37.553866874899796 ], [ -6.326575048060431, 37.553412728353734 ], [ -6.325834832092924, 37.553412728353734 ], [ -6.325834832092924, 37.552504426959068 ], [ -6.325094616125415, 37.552504426959068 ], [ -6.325094616125415, 37.552050272110492 ], [ -6.323614184190399, 37.552050272110492 ], [ -6.323614184190399, 37.55159611449443 ], [ -6.321393536287873, 37.55159611449443 ], [ -6.321393536287873, 37.551141954110889 ], [ -6.319913104352857, 37.551141954110889 ], [ -6.319913104352857, 37.550687790959891 ], [ -6.31843267241784, 37.550687790959891 ], [ -6.31843267241784, 37.550233625041443 ], [ -6.316212024515315, 37.550233625041443 ], [ -6.316212024515315, 37.550687790959891 ], [ -6.315471808547807, 37.550687790959891 ], [ -6.315471808547807, 37.551141954110889 ], [ -6.314731592580298, 37.551141954110889 ], [ -6.314731592580298, 37.55159611449443 ], [ -6.313251160645282, 37.55159611449443 ], [ -6.313251160645282, 37.552050272110492 ], [ -6.311770728710265, 37.552050272110492 ], [ -6.311770728710265, 37.55159611449443 ], [ -6.311030512742757, 37.55159611449443 ], [ -6.311030512742757, 37.551141954110889 ], [ -6.30955008080774, 37.551141954110889 ], [ -6.30955008080774, 37.550687790959891 ], [ -6.308809864840232, 37.550687790959891 ], [ -6.308809864840232, 37.549779456355559 ], [ -6.308069648872723, 37.549779456355559 ], [ -6.308069648872723, 37.548416933693403 ], [ -6.307329432905214, 37.548416933693403 ], [ -6.307329432905214, 37.545237617290262 ], [ -6.308069648872723, 37.545237617290262 ], [ -6.308069648872723, 37.544329216269119 ], [ -6.302888137100165, 37.544329216269119 ], [ -6.302888137100165, 37.545237617290262 ], [ -6.302147921132656, 37.545237617290262 ], [ -6.302147921132656, 37.545691813649867 ], [ -6.301407705165149, 37.545691813649867 ], [ -6.301407705165149, 37.546146007242164 ], [ -6.30066748919764, 37.546146007242164 ], [ -6.30066748919764, 37.546600198067125 ], [ -6.299927273230131, 37.546600198067125 ], [ -6.299927273230131, 37.549779456355559 ], [ -6.30066748919764, 37.549779456355559 ], [ -6.30066748919764, 37.550233625041443 ], [ -6.302147921132656, 37.550233625041443 ], [ -6.302147921132656, 37.550687790959891 ], [ -6.304368569035181, 37.550687790959891 ], [ -6.304368569035181, 37.551141954110889 ], [ -6.30510878500269, 37.551141954110889 ], [ -6.30510878500269, 37.552504426959068 ], [ -6.305849000970198, 37.552504426959068 ], [ -6.305849000970198, 37.553412728353734 ], [ -6.306589216937707, 37.553412728353734 ], [ -6.306589216937707, 37.554775159689306 ], [ -6.307329432905214, 37.554775159689306 ], [ -6.307329432905214, 37.556137566116902 ], [ -6.308069648872723, 37.556137566116902 ], [ -6.308069648872723, 37.557045823230688 ], [ -6.308809864840232, 37.557045823230688 ], [ -6.308809864840232, 37.558862304246858 ], [ -6.308069648872723, 37.558862304246858 ], [ -6.308069648872723, 37.559770528149024 ], [ -6.307329432905214, 37.559770528149024 ], [ -6.307329432905214, 37.561132843244636 ], [ -6.306589216937707, 37.561132843244636 ], [ -6.306589216937707, 37.562041039469818 ], [ -6.305849000970198, 37.562041039469818 ], [ -6.305849000970198, 37.563403313049498 ], [ -6.30510878500269, 37.563403313049498 ], [ -6.30510878500269, 37.563857398707192 ], [ -6.304368569035181, 37.563857398707192 ], [ -6.304368569035181, 37.564311481597102 ], [ -6.303628353067674, 37.564311481597102 ], [ -6.303628353067674, 37.564765561719206 ], [ -6.302147921132656, 37.564765561719206 ], [ -6.302147921132656, 37.565219639073504 ], [ -6.301407705165149, 37.565219639073504 ], [ -6.301407705165149, 37.565673713659976 ], [ -6.30066748919764, 37.565673713659976 ], [ -6.30066748919764, 37.566127785478614 ], [ -6.301407705165149, 37.566127785478614 ], [ -6.301407705165149, 37.567035920812344 ], [ -6.302147921132656, 37.567035920812344 ], [ -6.302147921132656, 37.567489984327416 ], [ -6.302888137100165, 37.567489984327416 ], [ -6.302888137100165, 37.572030467242776 ], [ -6.302147921132656, 37.572030467242776 ], [ -6.302147921132656, 37.57430060490131 ], [ -6.301407705165149, 37.57430060490131 ], [ -6.301407705165149, 37.5747546241289 ], [ -6.299927273230131, 37.5747546241289 ], [ -6.299927273230131, 37.575208640588421 ], [ -6.299187057262623, 37.575208640588421 ], [ -6.299187057262623, 37.57566265427986 ], [ -6.296966409360098, 37.57566265427986 ], [ -6.296966409360098, 37.575208640588421 ], [ -6.295485977425082, 37.575208640588421 ], [ -6.295485977425082, 37.5747546241289 ], [ -6.294745761457574, 37.5747546241289 ], [ -6.294745761457574, 37.57430060490131 ], [ -6.294005545490065, 37.57430060490131 ], [ -6.294005545490065, 37.573846582905666 ], [ -6.293265329522557, 37.573846582905666 ], [ -6.293265329522557, 37.572030467242776 ], [ -6.292525113555049, 37.572030467242776 ], [ -6.292525113555049, 37.569306210708774 ], [ -6.29178489758754, 37.569306210708774 ], [ -6.29178489758754, 37.569760260384321 ], [ -6.291044681620031, 37.569760260384321 ], [ -6.291044681620031, 37.570668351431607 ], [ -6.290304465652524, 37.570668351431607 ], [ -6.290304465652524, 37.571576431407031 ], [ -6.289564249685015, 37.571576431407031 ], [ -6.289564249685015, 37.572030467242776 ], [ -6.285863169847473, 37.572030467242776 ], [ -6.285863169847473, 37.572484500310523 ], [ -6.285122953879966, 37.572484500310523 ], [ -6.285122953879966, 37.575208640588421 ], [ -6.286603385814981, 37.575208640588421 ], [ -6.286603385814981, 37.57566265427986 ], [ -6.28734360178249, 37.57566265427986 ], [ -6.28734360178249, 37.576570673358482 ], [ -6.288083817749998, 37.576570673358482 ], [ -6.288083817749998, 37.577478681364632 ], [ -6.288824033717506, 37.577478681364632 ], [ -6.288824033717506, 37.57884067261282 ], [ -6.289564249685015, 37.57884067261282 ], [ -6.289564249685015, 37.580202638947448 ], [ -6.290304465652524, 37.580202638947448 ], [ -6.290304465652524, 37.581110602662875 ], [ -6.289564249685015, 37.581110602662875 ], [ -6.289564249685015, 37.583834427371251 ], [ -6.290304465652524, 37.583834427371251 ], [ -6.290304465652524, 37.583380463507204 ], [ -6.291044681620031, 37.583380463507204 ], [ -6.291044681620031, 37.582926496874862 ], [ -6.29178489758754, 37.582926496874862 ], [ -6.29178489758754, 37.582472527474245 ], [ -6.292525113555049, 37.582472527474245 ], [ -6.292525113555049, 37.581564580368237 ], [ -6.293265329522557, 37.581564580368237 ], [ -6.293265329522557, 37.581110602662875 ], [ -6.294005545490065, 37.581110602662875 ], [ -6.294005545490065, 37.580656622189267 ], [ -6.294745761457574, 37.580656622189267 ], [ -6.294745761457574, 37.579294664159207 ], [ -6.295485977425082, 37.579294664159207 ], [ -6.295485977425082, 37.578386678298244 ], [ -6.29622619339259, 37.578386678298244 ], [ -6.29622619339259, 37.577478681364632 ], [ -6.296966409360098, 37.577478681364632 ], [ -6.296966409360098, 37.576570673358482 ], [ -6.297706625327606, 37.576570673358482 ], [ -6.297706625327606, 37.576116665203216 ], [ -6.298446841295115, 37.576116665203216 ], [ -6.298446841295115, 37.576570673358482 ], [ -6.30066748919764, 37.576570673358482 ], [ -6.30066748919764, 37.577024678745616 ], [ -6.302888137100165, 37.577024678745616 ], [ -6.302888137100165, 37.577478681364632 ], [ -6.303628353067674, 37.577478681364632 ], [ -6.303628353067674, 37.577932681215501 ], [ -6.304368569035181, 37.577932681215501 ], [ -6.304368569035181, 37.581564580368237 ], [ -6.30510878500269, 37.581564580368237 ], [ -6.30510878500269, 37.583834427371251 ], [ -6.304368569035181, 37.583834427371251 ], [ -6.304368569035181, 37.584288388467002 ], [ -6.303628353067674, 37.584288388467002 ], [ -6.303628353067674, 37.585196302353559 ], [ -6.302888137100165, 37.585196302353559 ], [ -6.302888137100165, 37.586104205166784 ], [ -6.302147921132656, 37.586104205166784 ], [ -6.302147921132656, 37.586558152420871 ], [ -6.301407705165149, 37.586558152420871 ], [ -6.301407705165149, 37.587466038623916 ], [ -6.304368569035181, 37.587466038623916 ], [ -6.304368569035181, 37.588373913753394 ], [ -6.30510878500269, 37.588373913753394 ], [ -6.30510878500269, 37.588827847165525 ], [ -6.305849000970198, 37.588827847165525 ], [ -6.305849000970198, 37.589735705684475 ], [ -6.306589216937707, 37.589735705684475 ], [ -6.306589216937707, 37.593367029021358 ], [ -6.305849000970198, 37.593367029021358 ], [ -6.305849000970198, 37.596090405245562 ], [ -6.30510878500269, 37.596090405245562 ], [ -6.30510878500269, 37.596544291592856 ], [ -6.302888137100165, 37.596544291592856 ], [ -6.302888137100165, 37.596998175171528 ], [ -6.30066748919764, 37.596998175171528 ], [ -6.30066748919764, 37.597452055981563 ], [ -6.299187057262623, 37.597452055981563 ], [ -6.299187057262623, 37.596998175171528 ], [ -6.298446841295115, 37.596998175171528 ], [ -6.298446841295115, 37.596090405245562 ], [ -6.297706625327606, 37.596090405245562 ], [ -6.297706625327606, 37.595182624245162 ], [ -6.296966409360098, 37.595182624245162 ], [ -6.296966409360098, 37.594274832170399 ], [ -6.29622619339259, 37.594274832170399 ], [ -6.29622619339259, 37.594728729592063 ], [ -6.295485977425082, 37.594728729592063 ], [ -6.295485977425082, 37.595182624245162 ], [ -6.294745761457574, 37.595182624245162 ], [ -6.294745761457574, 37.595636516129659 ], [ -6.288824033717506, 37.595636516129659 ], [ -6.288824033717506, 37.596090405245562 ], [ -6.288083817749998, 37.596090405245562 ], [ -6.288083817749998, 37.596998175171528 ], [ -6.28734360178249, 37.596998175171528 ], [ -6.28734360178249, 37.59790593402294 ], [ -6.286603385814981, 37.59790593402294 ], [ -6.286603385814981, 37.598813681799726 ], [ -6.280681658074914, 37.598813681799726 ], [ -6.280681658074914, 37.59790593402294 ], [ -6.279941442107407, 37.59790593402294 ], [ -6.279941442107407, 37.596998175171528 ], [ -6.279201226139898, 37.596998175171528 ], [ -6.279201226139898, 37.596090405245562 ], [ -6.278461010172389, 37.596090405245562 ], [ -6.278461010172389, 37.595182624245162 ], [ -6.276240362269866, 37.595182624245162 ], [ -6.276240362269866, 37.594728729592063 ], [ -6.274759930334849, 37.594728729592063 ], [ -6.274759930334849, 37.594274832170399 ], [ -6.273279498399831, 37.594274832170399 ], [ -6.273279498399831, 37.593820931980162 ], [ -6.271799066464815, 37.593820931980162 ], [ -6.271799066464815, 37.593367029021358 ], [ -6.271058850497305, 37.593367029021358 ], [ -6.271058850497305, 37.592913123294039 ], [ -6.270318634529798, 37.592913123294039 ], [ -6.270318634529798, 37.591551389500886 ], [ -6.26957841856229, 37.591551389500886 ], [ -6.26957841856229, 37.589735705684475 ], [ -6.268097986627273, 37.589735705684475 ], [ -6.268097986627273, 37.589281777809212 ], [ -6.267357770659765, 37.589281777809212 ], [ -6.267357770659765, 37.588827847165525 ], [ -6.265877338724748, 37.588827847165525 ], [ -6.265877338724748, 37.589281777809212 ], [ -6.265137122757239, 37.589281777809212 ], [ -6.265137122757239, 37.589735705684475 ], [ -6.263656690822224, 37.589735705684475 ], [ -6.263656690822224, 37.590189630791279 ], [ -6.262916474854714, 37.590189630791279 ], [ -6.262916474854714, 37.589735705684475 ], [ -6.262176258887206, 37.589735705684475 ], [ -6.262176258887206, 37.589281777809212 ], [ -6.261436042919699, 37.589281777809212 ], [ -6.261436042919699, 37.588827847165525 ], [ -6.26069582695219, 37.588827847165525 ], [ -6.26069582695219, 37.588373913753394 ], [ -6.259955610984681, 37.588373913753394 ], [ -6.259955610984681, 37.587919977572859 ], [ -6.259215395017174, 37.587919977572859 ], [ -6.259215395017174, 37.587012096906584 ], [ -6.258475179049666, 37.587012096906584 ], [ -6.258475179049666, 37.582926496874862 ], [ -6.259215395017174, 37.582926496874862 ], [ -6.259215395017174, 37.580656622189267 ], [ -6.261436042919699, 37.580656622189267 ], [ -6.261436042919699, 37.580202638947448 ], [ -6.264396906789731, 37.580202638947448 ], [ -6.264396906789731, 37.57974865293744 ], [ -6.265137122757239, 37.57974865293744 ], [ -6.265137122757239, 37.578386678298244 ], [ -6.265877338724748, 37.578386678298244 ], [ -6.265877338724748, 37.577478681364632 ], [ -6.265137122757239, 37.577478681364632 ], [ -6.265137122757239, 37.577932681215501 ], [ -6.264396906789731, 37.577932681215501 ], [ -6.264396906789731, 37.578386678298244 ], [ -6.259215395017174, 37.578386678298244 ], [ -6.259215395017174, 37.577932681215501 ], [ -6.258475179049666, 37.577932681215501 ], [ -6.258475179049666, 37.577478681364632 ], [ -6.257734963082156, 37.577478681364632 ], [ -6.257734963082156, 37.576570673358482 ], [ -6.256994747114648, 37.576570673358482 ], [ -6.256994747114648, 37.57566265427986 ], [ -6.25625453114714, 37.57566265427986 ], [ -6.25625453114714, 37.571122392803304 ], [ -6.256994747114648, 37.571122392803304 ], [ -6.256994747114648, 37.570668351431607 ], [ -6.257734963082156, 37.570668351431607 ], [ -6.257734963082156, 37.569760260384321 ], [ -6.258475179049666, 37.569760260384321 ], [ -6.258475179049666, 37.568852158265301 ], [ -6.259215395017174, 37.568852158265301 ], [ -6.259215395017174, 37.568398103053909 ], [ -6.264396906789731, 37.568398103053909 ], [ -6.264396906789731, 37.568852158265301 ], [ -6.265137122757239, 37.568852158265301 ], [ -6.265137122757239, 37.569760260384321 ], [ -6.265877338724748, 37.569760260384321 ], [ -6.265877338724748, 37.570668351431607 ], [ -6.266617554692258, 37.570668351431607 ], [ -6.266617554692258, 37.571122392803304 ], [ -6.267357770659765, 37.571122392803304 ], [ -6.267357770659765, 37.570214307291934 ], [ -6.268097986627273, 37.570214307291934 ], [ -6.268097986627273, 37.567489984327416 ], [ -6.268838202594782, 37.567489984327416 ], [ -6.268838202594782, 37.566127785478614 ], [ -6.270318634529798, 37.566127785478614 ], [ -6.270318634529798, 37.565673713659976 ], [ -6.271058850497305, 37.565673713659976 ], [ -6.271058850497305, 37.565219639073504 ], [ -6.272539282432323, 37.565219639073504 ], [ -6.272539282432323, 37.564765561719206 ], [ -6.273279498399831, 37.564765561719206 ], [ -6.273279498399831, 37.565219639073504 ], [ -6.27401971436734, 37.565219639073504 ], [ -6.27401971436734, 37.565673713659976 ], [ -6.274759930334849, 37.565673713659976 ], [ -6.274759930334849, 37.566127785478614 ], [ -6.275500146302357, 37.566127785478614 ], [ -6.275500146302357, 37.56658185452941 ], [ -6.276240362269866, 37.56658185452941 ], [ -6.276240362269866, 37.567035920812344 ], [ -6.276980578237374, 37.567035920812344 ], [ -6.276980578237374, 37.567489984327416 ], [ -6.278461010172389, 37.567489984327416 ], [ -6.278461010172389, 37.567035920812344 ], [ -6.281421874042422, 37.567035920812344 ], [ -6.281421874042422, 37.56658185452941 ], [ -6.282162090009932, 37.56658185452941 ], [ -6.282162090009932, 37.565219639073504 ], [ -6.28290230597744, 37.565219639073504 ], [ -6.28290230597744, 37.564765561719206 ], [ -6.281421874042422, 37.564765561719206 ], [ -6.281421874042422, 37.565219639073504 ], [ -6.280681658074914, 37.565219639073504 ], [ -6.280681658074914, 37.565673713659976 ], [ -6.279941442107407, 37.565673713659976 ], [ -6.279941442107407, 37.566127785478614 ], [ -6.276980578237374, 37.566127785478614 ], [ -6.276980578237374, 37.565673713659976 ], [ -6.276240362269866, 37.565673713659976 ], [ -6.276240362269866, 37.565219639073504 ], [ -6.274759930334849, 37.565219639073504 ], [ -6.274759930334849, 37.564765561719206 ], [ -6.27401971436734, 37.564765561719206 ], [ -6.27401971436734, 37.562041039469818 ], [ -6.273279498399831, 37.562041039469818 ], [ -6.273279498399831, 37.55840818814427 ], [ -6.27401971436734, 37.55840818814427 ], [ -6.27401971436734, 37.557499947636188 ], [ -6.274759930334849, 37.557499947636188 ], [ -6.274759930334849, 37.557045823230688 ], [ -6.275500146302357, 37.557045823230688 ], [ -6.275500146302357, 37.556591696057595 ], [ -6.276240362269866, 37.556591696057595 ], [ -6.276240362269866, 37.556137566116902 ], [ -6.275500146302357, 37.556137566116902 ], [ -6.275500146302357, 37.55522929793274 ], [ -6.274759930334849, 37.55522929793274 ], [ -6.274759930334849, 37.554775159689306 ], [ -6.27401971436734, 37.554775159689306 ], [ -6.27401971436734, 37.554321018678323 ], [ -6.273279498399831, 37.554321018678323 ], [ -6.273279498399831, 37.553866874899796 ], [ -6.272539282432323, 37.553866874899796 ], [ -6.272539282432323, 37.552958579040151 ], [ -6.271799066464815, 37.552958579040151 ], [ -6.271799066464815, 37.551141954110889 ], [ -6.271058850497305, 37.551141954110889 ], [ -6.271058850497305, 37.548871110681532 ], [ -6.271799066464815, 37.548871110681532 ], [ -6.271799066464815, 37.547508571415001 ], [ -6.272539282432323, 37.547508571415001 ], [ -6.272539282432323, 37.546600198067125 ], [ -6.273279498399831, 37.546600198067125 ], [ -6.273279498399831, 37.545691813649867 ], [ -6.27401971436734, 37.545691813649867 ], [ -6.27401971436734, 37.544783418163334 ], [ -6.276240362269866, 37.544783418163334 ], [ -6.276240362269866, 37.545237617290262 ], [ -6.278461010172389, 37.545237617290262 ], [ -6.278461010172389, 37.545691813649867 ], [ -6.279201226139898, 37.545691813649867 ], [ -6.279201226139898, 37.536153108978688 ], [ -6.279941442107407, 37.536153108978688 ], [ -6.279941442107407, 37.535698854508055 ], [ -6.280681658074914, 37.535698854508055 ], [ -6.280681658074914, 37.534790337265591 ], [ -6.281421874042422, 37.534790337265591 ], [ -6.281421874042422, 37.533881808954966 ], [ -6.28290230597744, 37.533881808954966 ], [ -6.28290230597744, 37.533427540649129 ], [ -6.284382737912457, 37.533427540649129 ], [ -6.284382737912457, 37.532973269576274 ], [ -6.285863169847473, 37.532973269576274 ], [ -6.285863169847473, 37.532064719129615 ], [ -6.285122953879966, 37.532064719129615 ], [ -6.285122953879966, 37.530701872707375 ], [ -6.284382737912457, 37.530701872707375 ], [ -6.284382737912457, 37.529339001382738 ], [ -6.283642521944948, 37.529339001382738 ], [ -6.283642521944948, 37.528884705407378 ], [ -6.284382737912457, 37.528884705407378 ], [ -6.284382737912457, 37.527067493837158 ], [ -6.285122953879966, 37.527067493837158 ], [ -6.285122953879966, 37.525250237997497 ], [ -6.285863169847473, 37.525250237997497 ], [ -6.285863169847473, 37.524795917120557 ], [ -6.28734360178249, 37.524795917120557 ], [ -6.28734360178249, 37.524341593476848 ], [ -6.288083817749998, 37.524341593476848 ], [ -6.288083817749998, 37.523887267066364 ], [ -6.291044681620031, 37.523887267066364 ], [ -6.291044681620031, 37.524341593476848 ], [ -6.292525113555049, 37.524341593476848 ], [ -6.292525113555049, 37.524795917120557 ], [ -6.293265329522557, 37.524795917120557 ], [ -6.293265329522557, 37.525250237997497 ], [ -6.294745761457574, 37.525250237997497 ], [ -6.294745761457574, 37.523432937889133 ], [ -6.295485977425082, 37.523432937889133 ], [ -6.295485977425082, 37.522978605945134 ], [ -6.296966409360098, 37.522978605945134 ], [ -6.296966409360098, 37.522524271234403 ], [ -6.30066748919764, 37.522524271234403 ], [ -6.30066748919764, 37.522069933756967 ], [ -6.303628353067674, 37.522069933756967 ], [ -6.303628353067674, 37.521615593512799 ], [ -6.30510878500269, 37.521615593512799 ], [ -6.30510878500269, 37.521161250501933 ], [ -6.305849000970198, 37.521161250501933 ], [ -6.305849000970198, 37.520252556180161 ], [ -6.306589216937707, 37.520252556180161 ], [ -6.306589216937707, 37.519798204869268 ], [ -6.307329432905214, 37.519798204869268 ], [ -6.307329432905214, 37.517072038904601 ], [ -6.308069648872723, 37.517072038904601 ], [ -6.308069648872723, 37.51480015785291 ], [ -6.30955008080774, 37.51480015785291 ], [ -6.30955008080774, 37.51434577334296 ], [ -6.311030512742757, 37.51434577334296 ], [ -6.311030512742757, 37.513891386066483 ], [ -6.313251160645282, 37.513891386066483 ], [ -6.313251160645282, 37.513436996023515 ], [ -6.315471808547807, 37.513436996023515 ], [ -6.315471808547807, 37.512982603214056 ], [ -6.317692456450331, 37.512982603214056 ], [ -6.317692456450331, 37.51252820763812 ], [ -6.319913104352857, 37.51252820763812 ], [ -6.319913104352857, 37.512073809295714 ], [ -6.320653320320365, 37.512073809295714 ], [ -6.320653320320365, 37.511165004311565 ], [ -6.321393536287873, 37.511165004311565 ], [ -6.321393536287873, 37.510256188261678 ], [ -6.322133752255382, 37.510256188261678 ], [ -6.322133752255382, 37.509801776087116 ], [ -6.32287396822289, 37.509801776087116 ], [ -6.32287396822289, 37.508892943438838 ], [ -6.328055479995448, 37.508892943438838 ], [ -6.328055479995448, 37.509801776087116 ], [ -6.328795695962957, 37.509801776087116 ], [ -6.328795695962957, 37.510256188261678 ], [ -6.329535911930465, 37.510256188261678 ], [ -6.329535911930465, 37.511165004311565 ], [ -6.330276127897974, 37.511165004311565 ], [ -6.330276127897974, 37.51161940818686 ], [ -6.331016343865481, 37.51161940818686 ], [ -6.331016343865481, 37.51252820763812 ], [ -6.33175655983299, 37.51252820763812 ], [ -6.33175655983299, 37.513436996023515 ], [ -6.332496775800498, 37.513436996023515 ], [ -6.332496775800498, 37.51434577334296 ], [ -6.333236991768006, 37.51434577334296 ], [ -6.333236991768006, 37.516163294783595 ], [ -6.333977207735515, 37.516163294783595 ], [ -6.333977207735515, 37.517526406815243 ], [ -6.337678287573057, 37.517526406815243 ], [ -6.337678287573057, 37.517980771959287 ], [ -6.338418503540565, 37.517980771959287 ], [ -6.338418503540565, 37.51888949394754 ], [ -6.339158719508074, 37.51888949394754 ], [ -6.339158719508074, 37.519343850791721 ], [ -6.339898935475582, 37.519343850791721 ], [ -6.339898935475582, 37.519798204869268 ], [ -6.34063915144309, 37.519798204869268 ], [ -6.34063915144309, 37.520252556180161 ], [ -6.341379367410598, 37.520252556180161 ], [ -6.341379367410598, 37.520706904724392 ], [ -6.342119583378107, 37.520706904724392 ], [ -6.342119583378107, 37.521161250501933 ], [ -6.342859799345614, 37.521161250501933 ], [ -6.342859799345614, 37.521615593512799 ], [ -6.343600015313123, 37.521615593512799 ], [ -6.343600015313123, 37.522069933756967 ], [ -6.344340231280632, 37.522069933756967 ], [ -6.344340231280632, 37.522524271234403 ], [ -6.346560879183157, 37.522524271234403 ], [ -6.346560879183157, 37.522069933756967 ], [ -6.348781527085682, 37.522069933756967 ], [ -6.348781527085682, 37.521615593512799 ], [ -6.351002174988206, 37.521615593512799 ], [ -6.351002174988206, 37.521161250501933 ], [ -6.353222822890732, 37.521161250501933 ], [ -6.353222822890732, 37.520706904724392 ], [ -6.352482606923223, 37.520706904724392 ], [ -6.352482606923223, 37.519343850791721 ], [ -6.351742390955714, 37.519343850791721 ], [ -6.351742390955714, 37.51843513433672 ], [ -6.351002174988206, 37.51843513433672 ], [ -6.351002174988206, 37.517526406815243 ], [ -6.350261959020698, 37.517526406815243 ], [ -6.350261959020698, 37.516617668227383 ], [ -6.349521743053189, 37.516617668227383 ], [ -6.349521743053189, 37.512073809295714 ], [ -6.350261959020698, 37.512073809295714 ], [ -6.350261959020698, 37.509801776087116 ], [ -6.351002174988206, 37.509801776087116 ], [ -6.351002174988206, 37.509347361146169 ], [ -6.351742390955714, 37.509347361146169 ], [ -6.351742390955714, 37.508892943438838 ], [ -6.353222822890732, 37.508892943438838 ], [ -6.353222822890732, 37.508438522965122 ], [ -6.356183686760765, 37.508438522965122 ], [ -6.356183686760765, 37.508892943438838 ], [ -6.35840433466329, 37.508892943438838 ], [ -6.35840433466329, 37.508438522965122 ], [ -6.359884766598306, 37.508438522965122 ], [ -6.359884766598306, 37.507984099725057 ], [ -6.360624982565815, 37.507984099725057 ], [ -6.360624982565815, 37.507529673718651 ], [ -6.362105414500832, 37.507529673718651 ], [ -6.362105414500832, 37.507075244945895 ], [ -6.362845630468341, 37.507075244945895 ], [ -6.362845630468341, 37.506620813406819 ], [ -6.364326062403356, 37.506620813406819 ], [ -6.364326062403356, 37.50616637910143 ], [ -6.365066278370866, 37.50616637910143 ], [ -6.365066278370866, 37.505711942029741 ], [ -6.366546710305881, 37.505711942029741 ], [ -6.366546710305881, 37.50616637910143 ], [ -6.368027142240899, 37.50616637910143 ], [ -6.368027142240899, 37.506620813406819 ], [ -6.368767358208406, 37.506620813406819 ], [ -6.368767358208406, 37.507075244945895 ], [ -6.370247790143424, 37.507075244945895 ], [ -6.370247790143424, 37.507984099725057 ], [ -6.370988006110932, 37.507984099725057 ], [ -6.370988006110932, 37.509347361146169 ], [ -6.37172822207844, 37.509347361146169 ], [ -6.37172822207844, 37.508892943438838 ], [ -6.372468438045948, 37.508892943438838 ], [ -6.372468438045948, 37.508438522965122 ], [ -6.373208654013458, 37.508438522965122 ], [ -6.373208654013458, 37.507984099725057 ], [ -6.374689085948473, 37.507984099725057 ], [ -6.374689085948473, 37.507529673718651 ], [ -6.375429301915982, 37.507529673718651 ], [ -6.375429301915982, 37.507075244945895 ], [ -6.376909733850998, 37.507075244945895 ], [ -6.376909733850998, 37.506620813406819 ], [ -6.377649949818506, 37.506620813406819 ], [ -6.377649949818506, 37.50616637910143 ], [ -6.378390165786015, 37.50616637910143 ], [ -6.378390165786015, 37.505711942029741 ], [ -6.379870597721032, 37.505711942029741 ], [ -6.379870597721032, 37.505257502191753 ], [ -6.383571677558574, 37.505257502191753 ], [ -6.383571677558574, 37.505711942029741 ], [ -6.386532541428607, 37.505711942029741 ], [ -6.386532541428607, 37.505257502191753 ], [ -6.388012973363623, 37.505257502191753 ], [ -6.388012973363623, 37.504803059587495 ], [ -6.389493405298641, 37.504803059587495 ], [ -6.389493405298641, 37.50434861421698 ], [ -6.392454269168673, 37.50434861421698 ], [ -6.392454269168673, 37.504803059587495 ], [ -6.394674917071199, 37.504803059587495 ], [ -6.394674917071199, 37.505257502191753 ], [ -6.396895564973724, 37.505257502191753 ], [ -6.396895564973724, 37.505711942029741 ], [ -6.399116212876249, 37.505711942029741 ], [ -6.399116212876249, 37.505257502191753 ], [ -6.400596644811265, 37.505257502191753 ], [ -6.400596644811265, 37.504803059587495 ], [ -6.403557508681298, 37.504803059587495 ], [ -6.403557508681298, 37.505257502191753 ], [ -6.405778156583824, 37.505257502191753 ], [ -6.405778156583824, 37.505711942029741 ], [ -6.40725858851884, 37.505711942029741 ], [ -6.40725858851884, 37.50616637910143 ], [ -6.409479236421364, 37.50616637910143 ], [ -6.409479236421364, 37.506620813406819 ], [ -6.410959668356382, 37.506620813406819 ], [ -6.410959668356382, 37.507075244945895 ], [ -6.413180316258907, 37.507075244945895 ], [ -6.413180316258907, 37.507529673718651 ], [ -6.414660748193924, 37.507529673718651 ], [ -6.414660748193924, 37.507075244945895 ], [ -6.415400964161432, 37.507075244945895 ], [ -6.415400964161432, 37.506620813406819 ], [ -6.41614118012894, 37.506620813406819 ], [ -6.41614118012894, 37.50616637910143 ], [ -6.416881396096448, 37.50616637910143 ], [ -6.416881396096448, 37.505711942029741 ], [ -6.417621612063957, 37.505711942029741 ], [ -6.417621612063957, 37.505257502191753 ], [ -6.418361828031466, 37.505257502191753 ], [ -6.418361828031466, 37.504803059587495 ], [ -6.419102043998973, 37.504803059587495 ], [ -6.419102043998973, 37.50434861421698 ], [ -6.42058247593399, 37.50434861421698 ], [ -6.42058247593399, 37.504803059587495 ], [ -6.421322691901498, 37.504803059587495 ], [ -6.421322691901498, 37.505257502191753 ], [ -6.422062907869006, 37.505257502191753 ], [ -6.422062907869006, 37.505711942029741 ], [ -6.422803123836515, 37.505711942029741 ], [ -6.422803123836515, 37.506620813406819 ], [ -6.423543339804024, 37.506620813406819 ], [ -6.423543339804024, 37.507075244945895 ], [ -6.424283555771532, 37.507075244945895 ], [ -6.424283555771532, 37.506620813406819 ], [ -6.425023771739041, 37.506620813406819 ], [ -6.425023771739041, 37.50616637910143 ], [ -6.425763987706548, 37.50616637910143 ], [ -6.425763987706548, 37.505257502191753 ], [ -6.426504203674057, 37.505257502191753 ], [ -6.426504203674057, 37.504803059587495 ], [ -6.427244419641565, 37.504803059587495 ], [ -6.427244419641565, 37.50434861421698 ], [ -6.427984635609074, 37.50434861421698 ], [ -6.427984635609074, 37.503439715177187 ], [ -6.428724851576582, 37.503439715177187 ], [ -6.428724851576582, 37.502985261507924 ], [ -6.42946506754409, 37.502985261507924 ], [ -6.42946506754409, 37.50253080507246 ], [ -6.432425931414123, 37.50253080507246 ], [ -6.432425931414123, 37.502076345870776 ], [ -6.433166147381632, 37.502076345870776 ], [ -6.433166147381632, 37.50253080507246 ], [ -6.434646579316649, 37.50253080507246 ], [ -6.434646579316649, 37.502985261507924 ], [ -6.435386795284157, 37.502985261507924 ], [ -6.435386795284157, 37.503439715177187 ], [ -6.436867227219174, 37.503439715177187 ], [ -6.436867227219174, 37.503894166080194 ], [ -6.437607443186681, 37.503894166080194 ], [ -6.437607443186681, 37.505711942029741 ], [ -6.43834765915419, 37.505711942029741 ], [ -6.43834765915419, 37.50434861421698 ], [ -6.439087875121698, 37.50434861421698 ], [ -6.439087875121698, 37.503439715177187 ], [ -6.439828091089207, 37.503439715177187 ], [ -6.439828091089207, 37.502076345870776 ], [ -6.440568307056715, 37.502076345870776 ], [ -6.440568307056715, 37.500712951668618 ], [ -6.44278895495924, 37.500712951668618 ], [ -6.44278895495924, 37.500258481402234 ], [ -6.445749818829274, 37.500258481402234 ], [ -6.445749818829274, 37.499804008369686 ], [ -6.447970466731798, 37.499804008369686 ], [ -6.447970466731798, 37.500258481402234 ], [ -6.449450898666815, 37.500258481402234 ], [ -6.449450898666815, 37.500712951668618 ], [ -6.450191114634324, 37.500712951668618 ], [ -6.450191114634324, 37.501167419168851 ], [ -6.450931330601832, 37.501167419168851 ], [ -6.450931330601832, 37.500712951668618 ], [ -6.451671546569341, 37.500712951668618 ], [ -6.451671546569341, 37.500258481402234 ], [ -6.452411762536848, 37.500258481402234 ], [ -6.452411762536848, 37.499804008369686 ], [ -6.453151978504357, 37.499804008369686 ], [ -6.453151978504357, 37.499349532571017 ], [ -6.453892194471866, 37.499349532571017 ], [ -6.453892194471866, 37.498895054006219 ], [ -6.454632410439373, 37.498895054006219 ], [ -6.454632410439373, 37.498440572675307 ], [ -6.456112842374391, 37.498440572675307 ], [ -6.456112842374391, 37.498895054006219 ], [ -6.456853058341898, 37.498895054006219 ], [ -6.456853058341898, 37.499349532571017 ], [ -6.457593274309406, 37.499349532571017 ], [ -6.457593274309406, 37.499804008369686 ], [ -6.458333490276916, 37.499804008369686 ], [ -6.458333490276916, 37.500712951668618 ], [ -6.459073706244424, 37.500712951668618 ], [ -6.459073706244424, 37.501167419168851 ], [ -6.459813922211932, 37.501167419168851 ], [ -6.459813922211932, 37.501621883902907 ], [ -6.46055413817944, 37.501621883902907 ], [ -6.46055413817944, 37.502076345870776 ], [ -6.462034570114457, 37.502076345870776 ], [ -6.462034570114457, 37.50253080507246 ], [ -6.466475865919507, 37.50253080507246 ], [ -6.466475865919507, 37.502985261507924 ], [ -6.470176945757049, 37.502985261507924 ], [ -6.470176945757049, 37.503439715177187 ], [ -6.473137809627081, 37.503439715177187 ], [ -6.473137809627081, 37.50434861421698 ], [ -6.47387802559459, 37.50434861421698 ], [ -6.47387802559459, 37.504803059587495 ], [ -6.474618241562099, 37.504803059587495 ], [ -6.474618241562099, 37.505711942029741 ], [ -6.476098673497115, 37.505711942029741 ], [ -6.476098673497115, 37.505257502191753 ], [ -6.476838889464624, 37.505257502191753 ], [ -6.476838889464624, 37.504803059587495 ], [ -6.479799753334656, 37.504803059587495 ], [ -6.479799753334656, 37.505257502191753 ], [ -6.480539969302165, 37.505257502191753 ], [ -6.480539969302165, 37.505711942029741 ], [ -6.484241049139707, 37.505711942029741 ], [ -6.484241049139707, 37.505257502191753 ], [ -6.484981265107216, 37.505257502191753 ], [ -6.484981265107216, 37.504803059587495 ], [ -6.485721481074724, 37.504803059587495 ], [ -6.485721481074724, 37.500712951668618 ], [ -6.484981265107216, 37.500712951668618 ], [ -6.484981265107216, 37.496622619690761 ], [ -6.484241049139707, 37.496622619690761 ], [ -6.484241049139707, 37.495259125908731 ], [ -6.483500833172198, 37.495259125908731 ], [ -6.483500833172198, 37.494804622449344 ], [ -6.48276061720469, 37.494804622449344 ], [ -6.48276061720469, 37.494350116223934 ], [ -6.481280185269673, 37.494350116223934 ], [ -6.481280185269673, 37.493895607232531 ], [ -6.480539969302165, 37.493895607232531 ], [ -6.480539969302165, 37.494350116223934 ], [ -6.479799753334656, 37.494350116223934 ], [ -6.479799753334656, 37.494804622449344 ], [ -6.479059537367148, 37.494804622449344 ], [ -6.479059537367148, 37.495259125908731 ], [ -6.47831932139964, 37.495259125908731 ], [ -6.47831932139964, 37.495713626602111 ], [ -6.477579105432133, 37.495713626602111 ], [ -6.477579105432133, 37.496168124529454 ], [ -6.476838889464624, 37.496168124529454 ], [ -6.476838889464624, 37.496622619690761 ], [ -6.475358457529607, 37.496622619690761 ], [ -6.475358457529607, 37.496168124529454 ], [ -6.474618241562099, 37.496168124529454 ], [ -6.474618241562099, 37.495713626602111 ], [ -6.473137809627081, 37.495713626602111 ], [ -6.473137809627081, 37.495259125908731 ], [ -6.472397593659574, 37.495259125908731 ], [ -6.472397593659574, 37.494804622449344 ], [ -6.471657377692065, 37.494804622449344 ], [ -6.471657377692065, 37.49071396684586 ], [ -6.470917161724556, 37.49071396684586 ], [ -6.470917161724556, 37.486623087204379 ], [ -6.46943672978954, 37.486623087204379 ], [ -6.46943672978954, 37.48616853119286 ], [ -6.467956297854524, 37.48616853119286 ], [ -6.467956297854524, 37.485713972415553 ], [ -6.466475865919507, 37.485713972415553 ], [ -6.466475865919507, 37.484804846563641 ], [ -6.465735649951998, 37.484804846563641 ], [ -6.465735649951998, 37.483895709648721 ], [ -6.46499543398449, 37.483895709648721 ], [ -6.46499543398449, 37.48298656167092 ], [ -6.464255218016982, 37.48298656167092 ], [ -6.464255218016982, 37.48253198353347 ], [ -6.463515002049473, 37.48253198353347 ], [ -6.463515002049473, 37.481622818961476 ], [ -6.462774786081965, 37.481622818961476 ], [ -6.462774786081965, 37.480713643326844 ], [ -6.462034570114457, 37.480713643326844 ], [ -6.462034570114457, 37.477076830163533 ], [ -6.462774786081965, 37.477076830163533 ], [ -6.462774786081965, 37.473894473454173 ], [ -6.464255218016982, 37.473894473454173 ], [ -6.464255218016982, 37.473439840005163 ], [ -6.465735649951998, 37.473439840005163 ], [ -6.465735649951998, 37.472985203790699 ], [ -6.466475865919507, 37.472985203790699 ], [ -6.466475865919507, 37.47253056481081 ], [ -6.467956297854524, 37.47253056481081 ], [ -6.467956297854524, 37.472075923065468 ], [ -6.46943672978954, 37.472075923065468 ], [ -6.46943672978954, 37.471621278554707 ], [ -6.470176945757049, 37.471621278554707 ], [ -6.470176945757049, 37.471166631278564 ], [ -6.471657377692065, 37.471166631278564 ], [ -6.471657377692065, 37.470711981237002 ], [ -6.473137809627081, 37.470711981237002 ], [ -6.473137809627081, 37.470257328430087 ], [ -6.47387802559459, 37.470257328430087 ], [ -6.47387802559459, 37.469802672857774 ], [ -6.475358457529607, 37.469802672857774 ], [ -6.475358457529607, 37.469348014520115 ], [ -6.484981265107216, 37.469348014520115 ], [ -6.484981265107216, 37.469802672857774 ], [ -6.485721481074724, 37.469802672857774 ], [ -6.485721481074724, 37.470257328430087 ], [ -6.48720191300974, 37.470257328430087 ], [ -6.48720191300974, 37.470711981237002 ], [ -6.487942128977249, 37.470711981237002 ], [ -6.487942128977249, 37.471621278554707 ], [ -6.488682344944757, 37.471621278554707 ], [ -6.488682344944757, 37.47253056481081 ], [ -6.489422560912264, 37.47253056481081 ], [ -6.489422560912264, 37.473439840005163 ], [ -6.490162776879773, 37.473439840005163 ], [ -6.490162776879773, 37.472075923065468 ], [ -6.489422560912264, 37.472075923065468 ], [ -6.489422560912264, 37.471166631278564 ], [ -6.488682344944757, 37.471166631278564 ], [ -6.488682344944757, 37.469802672857774 ], [ -6.487942128977249, 37.469802672857774 ], [ -6.487942128977249, 37.467984022915083 ], [ -6.488682344944757, 37.467984022915083 ], [ -6.488682344944757, 37.466165328727406 ], [ -6.489422560912264, 37.466165328727406 ], [ -6.489422560912264, 37.465255965041933 ], [ -6.490162776879773, 37.465255965041933 ], [ -6.490162776879773, 37.464801279051336 ], [ -6.49164320881479, 37.464801279051336 ], [ -6.49164320881479, 37.464346590295499 ], [ -6.493863856717316, 37.464346590295499 ], [ -6.493863856717316, 37.463891898774442 ], [ -6.494604072684823, 37.463891898774442 ], [ -6.494604072684823, 37.462982507436742 ], [ -6.495344288652332, 37.462982507436742 ], [ -6.495344288652332, 37.462073105038307 ], [ -6.496084504619841, 37.462073105038307 ], [ -6.496084504619841, 37.461163691579245 ], [ -6.496824720587348, 37.461163691579245 ], [ -6.496824720587348, 37.460254267059653 ], [ -6.497564936554856, 37.460254267059653 ], [ -6.497564936554856, 37.459344831479605 ], [ -6.498305152522366, 37.459344831479605 ], [ -6.498305152522366, 37.458435384839206 ], [ -6.499045368489874, 37.458435384839206 ], [ -6.499045368489874, 37.457525927138562 ], [ -6.499785584457381, 37.457525927138562 ], [ -6.499785584457381, 37.456616458377752 ], [ -6.501266016392399, 37.456616458377752 ], [ -6.501266016392399, 37.456161719849817 ], [ -6.502746448327415, 37.456161719849817 ], [ -6.502746448327415, 37.455706978556883 ], [ -6.50496709622994, 37.455706978556883 ], [ -6.50496709622994, 37.45525223449895 ], [ -6.506447528164957, 37.45525223449895 ], [ -6.506447528164957, 37.455706978556883 ], [ -6.507187744132465, 37.455706978556883 ], [ -6.507187744132465, 37.456161719849817 ], [ -6.507927960099973, 37.456161719849817 ], [ -6.507927960099973, 37.456616458377752 ], [ -6.50940839203499, 37.456616458377752 ], [ -6.50940839203499, 37.457071194140674 ], [ -6.510888823970006, 37.457071194140674 ], [ -6.510888823970006, 37.456616458377752 ], [ -6.514589903807549, 37.456616458377752 ], [ -6.514589903807549, 37.457525927138562 ], [ -6.515330119775057, 37.457525927138562 ], [ -6.515330119775057, 37.458435384839206 ], [ -6.516070335742565, 37.458435384839206 ], [ -6.516070335742565, 37.459799550652178 ], [ -6.516810551710074, 37.459799550652178 ], [ -6.516810551710074, 37.461163691579245 ], [ -6.518290983645089, 37.461163691579245 ], [ -6.518290983645089, 37.460708980702009 ], [ -6.520511631547615, 37.460708980702009 ], [ -6.520511631547615, 37.461163691579245 ], [ -6.521251847515123, 37.461163691579245 ], [ -6.521251847515123, 37.461618399691353 ], [ -6.521992063482632, 37.461618399691353 ], [ -6.521992063482632, 37.462073105038307 ], [ -6.522732279450141, 37.462073105038307 ], [ -6.522732279450141, 37.462527807620113 ], [ -6.523472495417648, 37.462527807620113 ], [ -6.523472495417648, 37.462982507436742 ], [ -6.524212711385157, 37.462982507436742 ], [ -6.524212711385157, 37.463891898774442 ], [ -6.528654007190207, 37.463891898774442 ], [ -6.528654007190207, 37.464346590295499 ], [ -6.533095302995257, 37.464346590295499 ], [ -6.533095302995257, 37.463891898774442 ], [ -6.533835518962765, 37.463891898774442 ], [ -6.533835518962765, 37.461618399691353 ], [ -6.534575734930274, 37.461618399691353 ], [ -6.534575734930274, 37.459344831479605 ], [ -6.535315950897782, 37.459344831479605 ], [ -6.535315950897782, 37.457071194140674 ], [ -6.53605616686529, 37.457071194140674 ], [ -6.53605616686529, 37.454797487676046 ], [ -6.536796382832798, 37.454797487676046 ], [ -6.536796382832798, 37.452523712087178 ], [ -6.53605616686529, 37.452523712087178 ], [ -6.53605616686529, 37.451614182497188 ], [ -6.535315950897782, 37.451614182497188 ], [ -6.535315950897782, 37.450704641847658 ], [ -6.534575734930274, 37.450704641847658 ], [ -6.534575734930274, 37.446611572065422 ], [ -6.535315950897782, 37.446611572065422 ], [ -6.535315950897782, 37.446156772710133 ], [ -6.53605616686529, 37.446156772710133 ], [ -6.53605616686529, 37.445701970590093 ], [ -6.536796382832798, 37.445701970590093 ], [ -6.536796382832798, 37.445247165705318 ], [ -6.537536598800307, 37.445247165705318 ], [ -6.537536598800307, 37.444792358055828 ], [ -6.538276814767816, 37.444792358055828 ], [ -6.538276814767816, 37.443882734462726 ], [ -6.539017030735324, 37.443882734462726 ], [ -6.539017030735324, 37.443427918519149 ], [ -6.541237678637849, 37.443427918519149 ], [ -6.541237678637849, 37.443882734462726 ], [ -6.542718110572865, 37.443882734462726 ], [ -6.542718110572865, 37.444337547641624 ], [ -6.544198542507881, 37.444337547641624 ], [ -6.544198542507881, 37.444792358055828 ], [ -6.54493875847539, 37.444792358055828 ], [ -6.54493875847539, 37.445247165705318 ], [ -6.546419190410407, 37.445247165705318 ], [ -6.546419190410407, 37.445701970590093 ], [ -6.547159406377915, 37.445701970590093 ], [ -6.547159406377915, 37.446156772710133 ], [ -6.548639838312933, 37.446156772710133 ], [ -6.548639838312933, 37.446611572065422 ], [ -6.54938005428044, 37.446611572065422 ], [ -6.54938005428044, 37.447066368655967 ], [ -6.550120270247948, 37.447066368655967 ], [ -6.550120270247948, 37.447975953542731 ], [ -6.550860486215457, 37.447975953542731 ], [ -6.550860486215457, 37.448430741838926 ], [ -6.551600702182965, 37.448430741838926 ], [ -6.551600702182965, 37.449340310136911 ], [ -6.552340918150473, 37.449340310136911 ], [ -6.552340918150473, 37.451614182497188 ], [ -6.551600702182965, 37.451614182497188 ], [ -6.551600702182965, 37.458890109541947 ], [ -6.552340918150473, 37.458890109541947 ], [ -6.552340918150473, 37.459344831479605 ], [ -6.553081134117982, 37.459344831479605 ], [ -6.553081134117982, 37.459799550652178 ], [ -6.55382135008549, 37.459799550652178 ], [ -6.55382135008549, 37.460254267059653 ], [ -6.554561566052999, 37.460254267059653 ], [ -6.554561566052999, 37.461163691579245 ], [ -6.555301782020508, 37.461163691579245 ], [ -6.555301782020508, 37.460708980702009 ], [ -6.556041997988016, 37.460708980702009 ], [ -6.556041997988016, 37.459344831479605 ], [ -6.555301782020508, 37.459344831479605 ], [ -6.555301782020508, 37.457980657371415 ], [ -6.554561566052999, 37.457980657371415 ], [ -6.554561566052999, 37.457071194140674 ], [ -6.55382135008549, 37.457071194140674 ], [ -6.55382135008549, 37.455706978556883 ], [ -6.553081134117982, 37.455706978556883 ], [ -6.553081134117982, 37.453887985735321 ], [ -6.55382135008549, 37.453887985735321 ], [ -6.55382135008549, 37.450249867375589 ], [ -6.554561566052999, 37.450249867375589 ], [ -6.554561566052999, 37.448430741838926 ], [ -6.555301782020508, 37.448430741838926 ], [ -6.555301782020508, 37.447521162481735 ], [ -6.556041997988016, 37.447521162481735 ], [ -6.556041997988016, 37.447066368655967 ], [ -6.556782213955524, 37.447066368655967 ], [ -6.556782213955524, 37.446156772710133 ], [ -6.557522429923032, 37.446156772710133 ], [ -6.557522429923032, 37.444792358055828 ], [ -6.558262645890541, 37.444792358055828 ], [ -6.558262645890541, 37.442518278337978 ], [ -6.559002861858048, 37.442518278337978 ], [ -6.559002861858048, 37.441608627098212 ], [ -6.560483293793064, 37.441608627098212 ], [ -6.560483293793064, 37.441153797331388 ], [ -6.56270394169559, 37.441153797331388 ], [ -6.56270394169559, 37.440698964799942 ], [ -6.565664805565625, 37.440698964799942 ], [ -6.565664805565625, 37.441153797331388 ], [ -6.566405021533132, 37.441153797331388 ], [ -6.566405021533132, 37.442063454100413 ], [ -6.56714523750064, 37.442063454100413 ], [ -6.56714523750064, 37.442518278337978 ], [ -6.567885453468148, 37.442518278337978 ], [ -6.567885453468148, 37.443427918519149 ], [ -6.568625669435657, 37.443427918519149 ], [ -6.568625669435657, 37.444337547641624 ], [ -6.569365885403165, 37.444337547641624 ], [ -6.569365885403165, 37.442518278337978 ], [ -6.570106101370673, 37.442518278337978 ], [ -6.570106101370673, 37.440698964799942 ], [ -6.570846317338182, 37.440698964799942 ], [ -6.570846317338182, 37.440244129503903 ], [ -6.57158653330569, 37.440244129503903 ], [ -6.57158653330569, 37.439789291443276 ], [ -6.572326749273199, 37.439789291443276 ], [ -6.572326749273199, 37.439334450618077 ], [ -6.573807181208216, 37.439334450618077 ], [ -6.573807181208216, 37.438879607028298 ], [ -6.576027829110741, 37.438879607028298 ], [ -6.576027829110741, 37.439334450618077 ], [ -6.576768045078249, 37.439334450618077 ], [ -6.576768045078249, 37.439789291443276 ], [ -6.577508261045756, 37.439789291443276 ], [ -6.577508261045756, 37.440244129503903 ], [ -6.578248477013265, 37.440244129503903 ], [ -6.578248477013265, 37.440698964799942 ], [ -6.578988692980774, 37.440698964799942 ], [ -6.578988692980774, 37.439789291443276 ], [ -6.579728908948282, 37.439789291443276 ], [ -6.579728908948282, 37.438879607028298 ], [ -6.580469124915791, 37.438879607028298 ], [ -6.580469124915791, 37.437969911555093 ], [ -6.581209340883299, 37.437969911555093 ], [ -6.581209340883299, 37.434785890316803 ], [ -6.580469124915791, 37.434785890316803 ], [ -6.580469124915791, 37.431601733620589 ], [ -6.581209340883299, 37.431601733620589 ], [ -6.581209340883299, 37.429782154692184 ], [ -6.581949556850808, 37.429782154692184 ], [ -6.581949556850808, 37.428872348642038 ], [ -6.583429988785824, 37.428872348642038 ], [ -6.583429988785824, 37.428417441470515 ], [ -6.584170204753333, 37.428417441470515 ], [ -6.584170204753333, 37.427962531534725 ], [ -6.587131068623365, 37.427962531534725 ], [ -6.587131068623365, 37.428417441470515 ], [ -6.587871284590873, 37.428417441470515 ], [ -6.587871284590873, 37.428872348642038 ], [ -6.588611500558382, 37.428872348642038 ], [ -6.588611500558382, 37.429327253049266 ], [ -6.590091932493399, 37.429327253049266 ], [ -6.590091932493399, 37.429782154692184 ], [ -6.590832148460907, 37.429782154692184 ], [ -6.590832148460907, 37.430237053570792 ], [ -6.591572364428415, 37.430237053570792 ], [ -6.591572364428415, 37.430691949685063 ], [ -6.592312580395924, 37.430691949685063 ], [ -6.592312580395924, 37.431146843034995 ], [ -6.593052796363432, 37.431146843034995 ], [ -6.593052796363432, 37.431601733620589 ], [ -6.594533228298449, 37.431601733620589 ], [ -6.594533228298449, 37.432056621441795 ], [ -6.595273444265957, 37.432056621441795 ], [ -6.595273444265957, 37.431601733620589 ], [ -6.597494092168482, 37.431601733620589 ], [ -6.597494092168482, 37.431146843034995 ], [ -6.598974524103498, 37.431146843034995 ], [ -6.598974524103498, 37.430691949685063 ], [ -6.599714740071007, 37.430691949685063 ], [ -6.599714740071007, 37.430237053570792 ], [ -6.600454956038516, 37.430237053570792 ], [ -6.600454956038516, 37.429782154692184 ], [ -6.601195172006023, 37.429782154692184 ], [ -6.601195172006023, 37.425233013870681 ], [ -6.601935387973532, 37.425233013870681 ], [ -6.601935387973532, 37.423413280143862 ], [ -6.602675603941041, 37.423413280143862 ], [ -6.602675603941041, 37.421593502190646 ], [ -6.603415819908549, 37.421593502190646 ], [ -6.603415819908549, 37.420683596629367 ], [ -6.604896251843566, 37.420683596629367 ], [ -6.604896251843566, 37.420228639702607 ], [ -6.605636467811074, 37.420228639702607 ], [ -6.605636467811074, 37.419773680011772 ], [ -6.607116899746091, 37.419773680011772 ], [ -6.607116899746091, 37.419318717556898 ], [ -6.608597331681107, 37.419318717556898 ], [ -6.608597331681107, 37.419773680011772 ], [ -6.609337547648615, 37.419773680011772 ], [ -6.609337547648615, 37.420228639702607 ], [ -6.610817979583632, 37.420228639702607 ], [ -6.610817979583632, 37.420683596629367 ], [ -6.612298411518648, 37.420683596629367 ], [ -6.612298411518648, 37.420228639702607 ], [ -6.614519059421173, 37.420228639702607 ], [ -6.614519059421173, 37.419773680011772 ], [ -6.617479923291206, 37.419773680011772 ], [ -6.617479923291206, 37.420228639702607 ], [ -6.618220139258716, 37.420228639702607 ], [ -6.618220139258716, 37.421138550792051 ], [ -6.618960355226224, 37.421138550792051 ], [ -6.618960355226224, 37.422048450825137 ], [ -6.619700571193732, 37.422048450825137 ], [ -6.619700571193732, 37.428417441470515 ], [ -6.618960355226224, 37.428417441470515 ], [ -6.618960355226224, 37.431146843034995 ], [ -6.619700571193732, 37.431146843034995 ], [ -6.619700571193732, 37.431601733620589 ], [ -6.62044078716124, 37.431601733620589 ], [ -6.62044078716124, 37.432056621441795 ], [ -6.621921219096257, 37.432056621441795 ], [ -6.621921219096257, 37.432511506498649 ], [ -6.622661435063764, 37.432511506498649 ], [ -6.622661435063764, 37.433876145082792 ], [ -6.623401651031274, 37.433876145082792 ], [ -6.623401651031274, 37.435695624493015 ], [ -6.624141866998782, 37.435695624493015 ], [ -6.624141866998782, 37.437060205023776 ], [ -6.623401651031274, 37.437060205023776 ], [ -6.623401651031274, 37.438424760673961 ], [ -6.622661435063764, 37.438424760673961 ], [ -6.622661435063764, 37.440244129503903 ], [ -6.621921219096257, 37.440244129503903 ], [ -6.621921219096257, 37.442063454100413 ], [ -6.621181003128749, 37.442063454100413 ], [ -6.621181003128749, 37.442518278337978 ], [ -6.619700571193732, 37.442518278337978 ], [ -6.619700571193732, 37.442973099810885 ], [ -6.618960355226224, 37.442973099810885 ], [ -6.618960355226224, 37.443882734462726 ], [ -6.619700571193732, 37.443882734462726 ], [ -6.619700571193732, 37.444337547641624 ], [ -6.624141866998782, 37.444337547641624 ], [ -6.624141866998782, 37.443882734462726 ], [ -6.62488208296629, 37.443882734462726 ], [ -6.62488208296629, 37.443427918519149 ], [ -6.625622298933799, 37.443427918519149 ], [ -6.625622298933799, 37.442973099810885 ], [ -6.626362514901308, 37.442973099810885 ], [ -6.626362514901308, 37.442518278337978 ], [ -6.627102730868816, 37.442518278337978 ], [ -6.627102730868816, 37.442063454100413 ], [ -6.627842946836323, 37.442063454100413 ], [ -6.627842946836323, 37.441608627098212 ], [ -6.628583162803833, 37.441608627098212 ], [ -6.628583162803833, 37.441153797331388 ], [ -6.630063594738848, 37.441153797331388 ], [ -6.630063594738848, 37.441608627098212 ], [ -6.630803810706356, 37.441608627098212 ], [ -6.630803810706356, 37.442063454100413 ], [ -6.632284242641373, 37.442063454100413 ], [ -6.632284242641373, 37.442518278337978 ], [ -6.633024458608882, 37.442518278337978 ], [ -6.633024458608882, 37.443427918519149 ], [ -6.633764674576391, 37.443427918519149 ], [ -6.633764674576391, 37.446611572065422 ], [ -6.635245106511407, 37.446611572065422 ], [ -6.635245106511407, 37.446156772710133 ], [ -6.635985322478916, 37.446156772710133 ], [ -6.635985322478916, 37.445701970590093 ], [ -6.636725538446425, 37.445701970590093 ], [ -6.636725538446425, 37.445247165705318 ], [ -6.637465754413932, 37.445247165705318 ], [ -6.637465754413932, 37.444792358055828 ], [ -6.639686402316457, 37.444792358055828 ], [ -6.639686402316457, 37.445247165705318 ], [ -6.640426618283965, 37.445247165705318 ], [ -6.640426618283965, 37.445701970590093 ], [ -6.641166834251473, 37.445701970590093 ], [ -6.641166834251473, 37.446156772710133 ], [ -6.641907050218983, 37.446156772710133 ], [ -6.641907050218983, 37.446611572065422 ], [ -6.646348346024031, 37.446611572065422 ], [ -6.646348346024031, 37.445701970590093 ], [ -6.647088561991541, 37.445701970590093 ], [ -6.647088561991541, 37.445247165705318 ], [ -6.647828777959049, 37.445247165705318 ], [ -6.647828777959049, 37.444792358055828 ], [ -6.648568993926556, 37.444792358055828 ], [ -6.648568993926556, 37.443882734462726 ], [ -6.653750505699115, 37.443882734462726 ], [ -6.653750505699115, 37.441153797331388 ], [ -6.654490721666624, 37.441153797331388 ], [ -6.654490721666624, 37.438879607028298 ], [ -6.65597115360164, 37.438879607028298 ], [ -6.65597115360164, 37.438424760673961 ], [ -6.656711369569148, 37.438424760673961 ], [ -6.656711369569148, 37.437969911555093 ], [ -6.658191801504165, 37.437969911555093 ], [ -6.658191801504165, 37.437515059671689 ], [ -6.659672233439182, 37.437515059671689 ], [ -6.659672233439182, 37.437969911555093 ], [ -6.660412449406691, 37.437969911555093 ], [ -6.660412449406691, 37.438424760673961 ], [ -6.661152665374199, 37.438424760673961 ], [ -6.661152665374199, 37.438879607028298 ], [ -6.661892881341707, 37.438879607028298 ], [ -6.661892881341707, 37.439334450618077 ], [ -6.662633097309216, 37.439334450618077 ], [ -6.662633097309216, 37.439789291443276 ], [ -6.668554825049283, 37.439789291443276 ], [ -6.668554825049283, 37.440244129503903 ], [ -6.669295041016791, 37.440244129503903 ], [ -6.669295041016791, 37.440698964799942 ], [ -6.670035256984298, 37.440698964799942 ], [ -6.670035256984298, 37.441153797331388 ], [ -6.670775472951807, 37.441153797331388 ], [ -6.670775472951807, 37.442063454100413 ], [ -6.671515688919316, 37.442063454100413 ], [ -6.671515688919316, 37.442518278337978 ], [ -6.672255904886823, 37.442518278337978 ], [ -6.672255904886823, 37.442973099810885 ], [ -6.672996120854332, 37.442973099810885 ], [ -6.672996120854332, 37.443882734462726 ], [ -6.673736336821841, 37.443882734462726 ], [ -6.673736336821841, 37.444337547641624 ], [ -6.674476552789348, 37.444337547641624 ], [ -6.674476552789348, 37.444792358055828 ], [ -6.675216768756857, 37.444792358055828 ], [ -6.675216768756857, 37.445247165705318 ], [ -6.675956984724365, 37.445247165705318 ], [ -6.675956984724365, 37.446156772710133 ], [ -6.676697200691875, 37.446156772710133 ], [ -6.676697200691875, 37.446611572065422 ], [ -6.677437416659382, 37.446611572065422 ], [ -6.677437416659382, 37.445247165705318 ], [ -6.678177632626891, 37.445247165705318 ], [ -6.678177632626891, 37.444337547641624 ], [ -6.678917848594399, 37.444337547641624 ], [ -6.678917848594399, 37.443882734462726 ], [ -6.679658064561907, 37.443882734462726 ], [ -6.679658064561907, 37.443427918519149 ], [ -6.681138496496924, 37.443427918519149 ], [ -6.681138496496924, 37.442973099810885 ], [ -6.683359144399449, 37.442973099810885 ], [ -6.683359144399449, 37.443427918519149 ], [ -6.684099360366957, 37.443427918519149 ], [ -6.684099360366957, 37.443882734462726 ], [ -6.684839576334466, 37.443882734462726 ], [ -6.684839576334466, 37.444337547641624 ], [ -6.685579792301974, 37.444337547641624 ], [ -6.685579792301974, 37.445247165705318 ], [ -6.686320008269483, 37.445247165705318 ], [ -6.686320008269483, 37.445701970590093 ], [ -6.687060224236991, 37.445701970590093 ], [ -6.687060224236991, 37.446156772710133 ], [ -6.687800440204499, 37.446156772710133 ], [ -6.687800440204499, 37.446611572065422 ], [ -6.688540656172008, 37.446611572065422 ], [ -6.688540656172008, 37.447066368655967 ], [ -6.689280872139515, 37.447066368655967 ], [ -6.689280872139515, 37.447521162481735 ], [ -6.692241736009549, 37.447521162481735 ], [ -6.692241736009549, 37.447975953542731 ], [ -6.694462383912074, 37.447975953542731 ], [ -6.694462383912074, 37.448885527370336 ], [ -6.695202599879583, 37.448885527370336 ], [ -6.695202599879583, 37.449340310136911 ], [ -6.695942815847092, 37.449340310136911 ], [ -6.695942815847092, 37.450249867375589 ], [ -6.696683031814599, 37.450249867375589 ], [ -6.696683031814599, 37.451159413554855 ], [ -6.697423247782107, 37.451159413554855 ], [ -6.697423247782107, 37.452068948674636 ], [ -6.698163463749615, 37.452068948674636 ], [ -6.698163463749615, 37.45297847273482 ], [ -6.698903679717124, 37.45297847273482 ], [ -6.698903679717124, 37.456161719849817 ], [ -6.699643895684632, 37.456161719849817 ], [ -6.699643895684632, 37.455706978556883 ], [ -6.701124327619648, 37.455706978556883 ], [ -6.701124327619648, 37.45525223449895 ], [ -6.701864543587157, 37.45525223449895 ], [ -6.701864543587157, 37.454797487676046 ], [ -6.703344975522174, 37.454797487676046 ], [ -6.703344975522174, 37.45525223449895 ], [ -6.704085191489683, 37.45525223449895 ], [ -6.704085191489683, 37.455706978556883 ], [ -6.704825407457191, 37.455706978556883 ], [ -6.704825407457191, 37.456161719849817 ], [ -6.705565623424699, 37.456161719849817 ], [ -6.705565623424699, 37.456616458377752 ], [ -6.706305839392207, 37.456616458377752 ], [ -6.706305839392207, 37.457071194140674 ], [ -6.707046055359716, 37.457071194140674 ], [ -6.707046055359716, 37.457525927138562 ], [ -6.707786271327224, 37.457525927138562 ], [ -6.707786271327224, 37.457980657371415 ], [ -6.708526487294732, 37.457980657371415 ], [ -6.708526487294732, 37.455706978556883 ], [ -6.709266703262241, 37.455706978556883 ], [ -6.709266703262241, 37.45525223449895 ], [ -6.710006919229749, 37.45525223449895 ], [ -6.710006919229749, 37.454342738088158 ], [ -6.710747135197257, 37.454342738088158 ], [ -6.710747135197257, 37.453433230617541 ], [ -6.713707999067291, 37.453433230617541 ], [ -6.713707999067291, 37.453887985735321 ], [ -6.715928646969815, 37.453887985735321 ], [ -6.715928646969815, 37.454342738088158 ], [ -6.717409078904833, 37.454342738088158 ], [ -6.717409078904833, 37.454797487676046 ], [ -6.71814929487234, 37.454797487676046 ], [ -6.71814929487234, 37.456161719849817 ], [ -6.718889510839849, 37.456161719849817 ], [ -6.718889510839849, 37.457980657371415 ], [ -6.719629726807357, 37.457980657371415 ], [ -6.719629726807357, 37.458890109541947 ], [ -6.718889510839849, 37.458890109541947 ], [ -6.718889510839849, 37.460254267059653 ], [ -6.71814929487234, 37.460254267059653 ], [ -6.71814929487234, 37.461618399691353 ], [ -6.717409078904833, 37.461618399691353 ], [ -6.717409078904833, 37.462073105038307 ], [ -6.71814929487234, 37.462073105038307 ], [ -6.71814929487234, 37.462527807620113 ], [ -6.718889510839849, 37.462527807620113 ], [ -6.718889510839849, 37.462982507436742 ], [ -6.719629726807357, 37.462982507436742 ], [ -6.719629726807357, 37.463437204488201 ], [ -6.720369942774866, 37.463437204488201 ], [ -6.720369942774866, 37.465255965041933 ], [ -6.721110158742374, 37.465255965041933 ], [ -6.721110158742374, 37.467074681351825 ], [ -6.721850374709882, 37.467074681351825 ], [ -6.721850374709882, 37.467529353516106 ], [ -6.721110158742374, 37.467529353516106 ], [ -6.721110158742374, 37.468893353417101 ], [ -6.720369942774866, 37.468893353417101 ], [ -6.720369942774866, 37.469802672857774 ], [ -6.719629726807357, 37.469802672857774 ], [ -6.719629726807357, 37.477076830163533 ], [ -6.720369942774866, 37.477076830163533 ], [ -6.720369942774866, 37.480713643326844 ], [ -6.719629726807357, 37.480713643326844 ], [ -6.719629726807357, 37.481622818961476 ], [ -6.718889510839849, 37.481622818961476 ], [ -6.718889510839849, 37.48253198353347 ], [ -6.71814929487234, 37.48253198353347 ], [ -6.71814929487234, 37.48298656167092 ], [ -6.717409078904833, 37.48298656167092 ], [ -6.717409078904833, 37.483441137042682 ], [ -6.712967783099782, 37.483441137042682 ], [ -6.712967783099782, 37.483895709648721 ], [ -6.712227567132275, 37.483895709648721 ], [ -6.712227567132275, 37.48435027948905 ], [ -6.711487351164766, 37.48435027948905 ], [ -6.711487351164766, 37.484804846563641 ], [ -6.710747135197257, 37.484804846563641 ], [ -6.710747135197257, 37.485259410872473 ], [ -6.710006919229749, 37.485259410872473 ], [ -6.710006919229749, 37.49071396684586 ], [ -6.710747135197257, 37.49071396684586 ], [ -6.710747135197257, 37.49207754360723 ], [ -6.710006919229749, 37.49207754360723 ], [ -6.710006919229749, 37.492532063662495 ], [ -6.709266703262241, 37.492532063662495 ], [ -6.709266703262241, 37.492986580951801 ], [ -6.708526487294732, 37.492986580951801 ], [ -6.708526487294732, 37.493895607232531 ], [ -6.707786271327224, 37.493895607232531 ], [ -6.707786271327224, 37.494350116223934 ], [ -6.707046055359716, 37.494350116223934 ], [ -6.707046055359716, 37.494804622449344 ], [ -6.706305839392207, 37.494804622449344 ], [ -6.706305839392207, 37.496168124529454 ], [ -6.705565623424699, 37.496168124529454 ], [ -6.705565623424699, 37.497986088578294 ], [ -6.704825407457191, 37.497986088578294 ], [ -6.704825407457191, 37.498895054006219 ], [ -6.703344975522174, 37.498895054006219 ], [ -6.703344975522174, 37.499349532571017 ], [ -6.702604759554665, 37.499349532571017 ], [ -6.702604759554665, 37.499804008369686 ], [ -6.701864543587157, 37.499804008369686 ], [ -6.701864543587157, 37.50253080507246 ], [ -6.701124327619648, 37.50253080507246 ], [ -6.701124327619648, 37.503439715177187 ], [ -6.700384111652141, 37.503439715177187 ], [ -6.700384111652141, 37.503894166080194 ], [ -6.699643895684632, 37.503894166080194 ], [ -6.699643895684632, 37.504803059587495 ], [ -6.698903679717124, 37.504803059587495 ], [ -6.698903679717124, 37.505257502191753 ], [ -6.693722167944566, 37.505257502191753 ], [ -6.693722167944566, 37.504803059587495 ], [ -6.692981951977057, 37.504803059587495 ], [ -6.692981951977057, 37.503894166080194 ], [ -6.692241736009549, 37.503894166080194 ], [ -6.692241736009549, 37.503439715177187 ], [ -6.69150152004204, 37.503439715177187 ], [ -6.69150152004204, 37.504803059587495 ], [ -6.690761304074532, 37.504803059587495 ], [ -6.690761304074532, 37.506620813406819 ], [ -6.690021088107024, 37.506620813406819 ], [ -6.690021088107024, 37.507075244945895 ], [ -6.689280872139515, 37.507075244945895 ], [ -6.689280872139515, 37.507529673718651 ], [ -6.688540656172008, 37.507529673718651 ], [ -6.688540656172008, 37.507984099725057 ], [ -6.687800440204499, 37.507984099725057 ], [ -6.687800440204499, 37.512982603214056 ], [ -6.687060224236991, 37.512982603214056 ], [ -6.687060224236991, 37.513891386066483 ], [ -6.686320008269483, 37.513891386066483 ], [ -6.686320008269483, 37.51480015785291 ], [ -6.685579792301974, 37.51480015785291 ], [ -6.685579792301974, 37.515254539596349 ], [ -6.684099360366957, 37.515254539596349 ], [ -6.684099360366957, 37.51570891857326 ], [ -6.681138496496924, 37.51570891857326 ], [ -6.681138496496924, 37.516163294783595 ], [ -6.678177632626891, 37.516163294783595 ], [ -6.678177632626891, 37.516617668227383 ], [ -6.677437416659382, 37.516617668227383 ], [ -6.677437416659382, 37.517526406815243 ], [ -6.676697200691875, 37.517526406815243 ], [ -6.676697200691875, 37.51843513433672 ], [ -6.675956984724365, 37.51843513433672 ], [ -6.675956984724365, 37.519343850791721 ], [ -6.675216768756857, 37.519343850791721 ], [ -6.675216768756857, 37.519798204869268 ], [ -6.674476552789348, 37.519798204869268 ], [ -6.674476552789348, 37.520706904724392 ], [ -6.673736336821841, 37.520706904724392 ], [ -6.673736336821841, 37.526158871450953 ], [ -6.672996120854332, 37.526158871450953 ], [ -6.672996120854332, 37.526613184027468 ], [ -6.672255904886823, 37.526613184027468 ], [ -6.672255904886823, 37.527067493837158 ], [ -6.671515688919316, 37.527067493837158 ], [ -6.671515688919316, 37.527521800879995 ], [ -6.670775472951807, 37.527521800879995 ], [ -6.670775472951807, 37.527976105155993 ], [ -6.670035256984298, 37.527976105155993 ], [ -6.670035256984298, 37.528430406665116 ], [ -6.669295041016791, 37.528430406665116 ], [ -6.669295041016791, 37.534336074493794 ], [ -6.668554825049283, 37.534336074493794 ], [ -6.668554825049283, 37.535244597270349 ], [ -6.667814609081774, 37.535244597270349 ], [ -6.667814609081774, 37.535698854508055 ], [ -6.667074393114265, 37.535698854508055 ], [ -6.667074393114265, 37.536153108978688 ], [ -6.666334177146757, 37.536153108978688 ], [ -6.666334177146757, 37.537061609618732 ], [ -6.667074393114265, 37.537061609618732 ], [ -6.667074393114265, 37.540241274694701 ], [ -6.667814609081774, 37.540241274694701 ], [ -6.667814609081774, 37.542966593982797 ], [ -6.668554825049283, 37.542966593982797 ], [ -6.668554825049283, 37.545691813649867 ], [ -6.669295041016791, 37.545691813649867 ], [ -6.669295041016791, 37.547054386124735 ], [ -6.668554825049283, 37.547054386124735 ], [ -6.668554825049283, 37.548416933693403 ], [ -6.667814609081774, 37.548416933693403 ], [ -6.667814609081774, 37.549779456355559 ], [ -6.667074393114265, 37.549779456355559 ], [ -6.667074393114265, 37.551141954110889 ], [ -6.666334177146757, 37.551141954110889 ], [ -6.666334177146757, 37.553866874899796 ], [ -6.667074393114265, 37.553866874899796 ], [ -6.667074393114265, 37.554775159689306 ], [ -6.667814609081774, 37.554775159689306 ], [ -6.667814609081774, 37.556137566116902 ], [ -6.668554825049283, 37.556137566116902 ], [ -6.668554825049283, 37.557954069274039 ], [ -6.667814609081774, 37.557954069274039 ], [ -6.667814609081774, 37.559770528149024 ], [ -6.667074393114265, 37.559770528149024 ], [ -6.667074393114265, 37.560678740980471 ], [ -6.666334177146757, 37.560678740980471 ], [ -6.666334177146757, 37.561132843244636 ], [ -6.665593961179249, 37.561132843244636 ], [ -6.665593961179249, 37.561586942741094 ], [ -6.664113529244232, 37.561586942741094 ], [ -6.664113529244232, 37.562495133430801 ], [ -6.663373313276724, 37.562495133430801 ], [ -6.663373313276724, 37.570214307291934 ], [ -6.662633097309216, 37.570214307291934 ], [ -6.662633097309216, 37.572030467242776 ], [ -6.661892881341707, 37.572030467242776 ], [ -6.661892881341707, 37.573392558141983 ], [ -6.661152665374199, 37.573392558141983 ], [ -6.661152665374199, 37.575208640588421 ], [ -6.660412449406691, 37.575208640588421 ], [ -6.660412449406691, 37.576570673358482 ], [ -6.659672233439182, 37.576570673358482 ], [ -6.659672233439182, 37.577932681215501 ], [ -6.660412449406691, 37.577932681215501 ], [ -6.660412449406691, 37.582472527474245 ], [ -6.659672233439182, 37.582472527474245 ], [ -6.659672233439182, 37.582926496874862 ], [ -6.658932017471674, 37.582926496874862 ], [ -6.658932017471674, 37.583380463507204 ], [ -6.658191801504165, 37.583380463507204 ], [ -6.658191801504165, 37.583834427371251 ], [ -6.657451585536657, 37.583834427371251 ], [ -6.657451585536657, 37.584742346794442 ], [ -6.656711369569148, 37.584742346794442 ], [ -6.656711369569148, 37.585650255144344 ], [ -6.657451585536657, 37.585650255144344 ], [ -6.657451585536657, 37.587012096906584 ], [ -6.658191801504165, 37.587012096906584 ], [ -6.658191801504165, 37.587919977572859 ], [ -6.658932017471674, 37.587919977572859 ], [ -6.658932017471674, 37.596544291592856 ], [ -6.658191801504165, 37.596544291592856 ], [ -6.658191801504165, 37.596998175171528 ], [ -6.657451585536657, 37.596998175171528 ], [ -6.657451585536657, 37.59790593402294 ], [ -6.656711369569148, 37.59790593402294 ], [ -6.656711369569148, 37.598359809295673 ], [ -6.65597115360164, 37.598359809295673 ], [ -6.65597115360164, 37.598813681799726 ], [ -6.655230937634133, 37.598813681799726 ], [ -6.655230937634133, 37.600175282699752 ], [ -6.654490721666624, 37.600175282699752 ], [ -6.654490721666624, 37.601990711804383 ], [ -6.653750505699115, 37.601990711804383 ], [ -6.653750505699115, 37.603806096608785 ], [ -6.653010289731608, 37.603806096608785 ], [ -6.653010289731608, 37.605621437112248 ], [ -6.652270073764099, 37.605621437112248 ], [ -6.652270073764099, 37.6069829134169 ], [ -6.65152985779659, 37.6069829134169 ], [ -6.65152985779659, 37.608798176391915 ], [ -6.650049425861574, 37.608798176391915 ], [ -6.650049425861574, 37.609251985213362 ], [ -6.649309209894064, 37.609251985213362 ], [ -6.649309209894064, 37.60970579126586 ], [ -6.647828777959049, 37.60970579126586 ], [ -6.647828777959049, 37.610159594549387 ], [ -6.645608130056524, 37.610159594549387 ], [ -6.645608130056524, 37.60970579126586 ], [ -6.644127698121507, 37.60970579126586 ], [ -6.644127698121507, 37.612882356101778 ], [ -6.643387482153999, 37.612882356101778 ], [ -6.643387482153999, 37.613789921133709 ], [ -6.642647266186491, 37.613789921133709 ], [ -6.642647266186491, 37.614697475089372 ], [ -6.641907050218983, 37.614697475089372 ], [ -6.641907050218983, 37.615151247913595 ], [ -6.641166834251473, 37.615151247913595 ], [ -6.641166834251473, 37.615605017968704 ], [ -6.63820597038144, 37.615605017968704 ], [ -6.63820597038144, 37.615151247913595 ], [ -6.627842946836323, 37.615151247913595 ], [ -6.627842946836323, 37.614243699496079 ], [ -6.627102730868816, 37.614243699496079 ], [ -6.627102730868816, 37.613336140002268 ], [ -6.626362514901308, 37.613336140002268 ], [ -6.626362514901308, 37.612428569432247 ], [ -6.625622298933799, 37.612428569432247 ], [ -6.625622298933799, 37.611974779993695 ], [ -6.62488208296629, 37.611974779993695 ], [ -6.62488208296629, 37.612428569432247 ], [ -6.624141866998782, 37.612428569432247 ], [ -6.624141866998782, 37.613789921133709 ], [ -6.622661435063764, 37.613789921133709 ], [ -6.622661435063764, 37.614243699496079 ], [ -6.621921219096257, 37.614243699496079 ], [ -6.621921219096257, 37.614697475089372 ], [ -6.62044078716124, 37.614697475089372 ], [ -6.62044078716124, 37.615151247913595 ], [ -6.618960355226224, 37.615151247913595 ], [ -6.618960355226224, 37.614697475089372 ], [ -6.617479923291206, 37.614697475089372 ], [ -6.617479923291206, 37.614243699496079 ], [ -6.615999491356191, 37.614243699496079 ], [ -6.615999491356191, 37.613789921133709 ], [ -6.614519059421173, 37.613789921133709 ], [ -6.614519059421173, 37.613336140002268 ], [ -6.613038627486158, 37.613336140002268 ], [ -6.613038627486158, 37.612428569432247 ], [ -6.612298411518648, 37.612428569432247 ], [ -6.612298411518648, 37.611974779993695 ], [ -6.61155819555114, 37.611974779993695 ], [ -6.61155819555114, 37.611067192809521 ], [ -6.610817979583632, 37.611067192809521 ], [ -6.610817979583632, 37.61061339506395 ], [ -6.610077763616124, 37.61061339506395 ], [ -6.610077763616124, 37.611067192809521 ], [ -6.609337547648615, 37.611067192809521 ], [ -6.609337547648615, 37.611520987786115 ], [ -6.608597331681107, 37.611520987786115 ], [ -6.608597331681107, 37.612428569432247 ], [ -6.6078571157136, 37.612428569432247 ], [ -6.6078571157136, 37.613336140002268 ], [ -6.607116899746091, 37.613336140002268 ], [ -6.607116899746091, 37.614697475089372 ], [ -6.606376683778582, 37.614697475089372 ], [ -6.606376683778582, 37.615151247913595 ], [ -6.605636467811074, 37.615151247913595 ], [ -6.605636467811074, 37.615605017968704 ], [ -6.601195172006023, 37.615605017968704 ], [ -6.601195172006023, 37.615151247913595 ], [ -6.600454956038516, 37.615151247913595 ], [ -6.600454956038516, 37.614243699496079 ], [ -6.599714740071007, 37.614243699496079 ], [ -6.599714740071007, 37.613336140002268 ], [ -6.598974524103498, 37.613336140002268 ], [ -6.598974524103498, 37.612882356101778 ], [ -6.598234308135991, 37.612882356101778 ], [ -6.598234308135991, 37.608798176391915 ], [ -6.597494092168482, 37.608798176391915 ], [ -6.597494092168482, 37.60652909075089 ], [ -6.596753876200973, 37.60652909075089 ], [ -6.596753876200973, 37.607436733314024 ], [ -6.596013660233465, 37.607436733314024 ], [ -6.596013660233465, 37.607890550442235 ], [ -6.595273444265957, 37.607890550442235 ], [ -6.595273444265957, 37.60970579126586 ], [ -6.596013660233465, 37.60970579126586 ], [ -6.596013660233465, 37.611067192809521 ], [ -6.596753876200973, 37.611067192809521 ], [ -6.596753876200973, 37.614243699496079 ], [ -6.596013660233465, 37.614243699496079 ], [ -6.596013660233465, 37.616058785254708 ], [ -6.595273444265957, 37.616058785254708 ], [ -6.595273444265957, 37.616512549771585 ], [ -6.594533228298449, 37.616512549771585 ], [ -6.594533228298449, 37.616966311519334 ], [ -6.593052796363432, 37.616966311519334 ], [ -6.593052796363432, 37.617420070497936 ], [ -6.592312580395924, 37.617420070497936 ], [ -6.592312580395924, 37.617873826707381 ], [ -6.590832148460907, 37.617873826707381 ], [ -6.590832148460907, 37.617420070497936 ], [ -6.590091932493399, 37.617420070497936 ], [ -6.590091932493399, 37.616966311519334 ], [ -6.58935171652589, 37.616966311519334 ], [ -6.58935171652589, 37.616512549771585 ], [ -6.587871284590873, 37.616512549771585 ], [ -6.587871284590873, 37.616058785254708 ], [ -6.587131068623365, 37.616058785254708 ], [ -6.587131068623365, 37.615605017968704 ], [ -6.586390852655857, 37.615605017968704 ], [ -6.586390852655857, 37.616058785254708 ], [ -6.585650636688348, 37.616058785254708 ], [ -6.585650636688348, 37.616512549771585 ], [ -6.58491042072084, 37.616512549771585 ], [ -6.58491042072084, 37.617420070497936 ], [ -6.584170204753333, 37.617420070497936 ], [ -6.584170204753333, 37.618327580147664 ], [ -6.583429988785824, 37.618327580147664 ], [ -6.583429988785824, 37.619235078720671 ], [ -6.582689772818315, 37.619235078720671 ], [ -6.582689772818315, 37.619688823853373 ], [ -6.581209340883299, 37.619688823853373 ], [ -6.581209340883299, 37.620142566216856 ], [ -6.580469124915791, 37.620142566216856 ], [ -6.580469124915791, 37.620596305811134 ], [ -6.579728908948282, 37.620596305811134 ], [ -6.579728908948282, 37.621050042636149 ], [ -6.578988692980774, 37.621050042636149 ], [ -6.578988692980774, 37.621503776691931 ], [ -6.578248477013265, 37.621503776691931 ], [ -6.578248477013265, 37.621957507978451 ], [ -6.576768045078249, 37.621957507978451 ], [ -6.576768045078249, 37.622411236495687 ], [ -6.576027829110741, 37.622411236495687 ], [ -6.576027829110741, 37.622864962243661 ], [ -6.574547397175724, 37.622864962243661 ], [ -6.574547397175724, 37.622411236495687 ], [ -6.573807181208216, 37.622411236495687 ], [ -6.573807181208216, 37.621957507978451 ], [ -6.573066965240707, 37.621957507978451 ], [ -6.573066965240707, 37.621503776691931 ], [ -6.572326749273199, 37.621503776691931 ], [ -6.572326749273199, 37.621050042636149 ], [ -6.57158653330569, 37.621050042636149 ], [ -6.57158653330569, 37.620142566216856 ], [ -6.570846317338182, 37.620142566216856 ], [ -6.570846317338182, 37.619688823853373 ], [ -6.570106101370673, 37.619688823853373 ], [ -6.570106101370673, 37.615605017968704 ], [ -6.569365885403165, 37.615605017968704 ], [ -6.569365885403165, 37.615151247913595 ], [ -6.567885453468148, 37.615151247913595 ], [ -6.567885453468148, 37.614697475089372 ], [ -6.566405021533132, 37.614697475089372 ], [ -6.566405021533132, 37.614243699496079 ], [ -6.564924589598116, 37.614243699496079 ], [ -6.564924589598116, 37.613789921133709 ], [ -6.563444157663099, 37.613789921133709 ], [ -6.563444157663099, 37.613336140002268 ], [ -6.56270394169559, 37.613336140002268 ], [ -6.56270394169559, 37.611067192809521 ], [ -6.561963725728082, 37.611067192809521 ], [ -6.561963725728082, 37.608344364801546 ], [ -6.561223509760573, 37.608344364801546 ], [ -6.561223509760573, 37.60652909075089 ], [ -6.559743077825557, 37.60652909075089 ], [ -6.559743077825557, 37.6069829134169 ], [ -6.558262645890541, 37.6069829134169 ], [ -6.558262645890541, 37.607436733314024 ], [ -6.556041997988016, 37.607436733314024 ], [ -6.556041997988016, 37.607890550442235 ], [ -6.553081134117982, 37.607890550442235 ], [ -6.553081134117982, 37.607436733314024 ], [ -6.551600702182965, 37.607436733314024 ], [ -6.551600702182965, 37.6069829134169 ], [ -6.550120270247948, 37.6069829134169 ], [ -6.550120270247948, 37.607436733314024 ], [ -6.550860486215457, 37.607436733314024 ], [ -6.550860486215457, 37.608344364801546 ], [ -6.551600702182965, 37.608344364801546 ], [ -6.551600702182965, 37.608798176391915 ], [ -6.552340918150473, 37.608798176391915 ], [ -6.552340918150473, 37.609251985213362 ], [ -6.553081134117982, 37.609251985213362 ], [ -6.553081134117982, 37.60970579126586 ], [ -6.55382135008549, 37.60970579126586 ], [ -6.55382135008549, 37.612428569432247 ], [ -6.554561566052999, 37.612428569432247 ], [ -6.554561566052999, 37.612882356101778 ], [ -6.556041997988016, 37.612882356101778 ], [ -6.556041997988016, 37.613336140002268 ], [ -6.558262645890541, 37.613336140002268 ], [ -6.558262645890541, 37.613789921133709 ], [ -6.559743077825557, 37.613789921133709 ], [ -6.559743077825557, 37.614243699496079 ], [ -6.561963725728082, 37.614243699496079 ], [ -6.561963725728082, 37.614697475089372 ], [ -6.563444157663099, 37.614697475089372 ], [ -6.563444157663099, 37.615151247913595 ], [ -6.564924589598116, 37.615151247913595 ], [ -6.564924589598116, 37.615605017968704 ], [ -6.565664805565625, 37.615605017968704 ], [ -6.565664805565625, 37.617873826707381 ], [ -6.566405021533132, 37.617873826707381 ], [ -6.566405021533132, 37.621957507978451 ], [ -6.565664805565625, 37.621957507978451 ], [ -6.565664805565625, 37.622411236495687 ], [ -6.564924589598116, 37.622411236495687 ], [ -6.564924589598116, 37.622864962243661 ], [ -6.564184373630607, 37.622864962243661 ], [ -6.564184373630607, 37.623318685222316 ], [ -6.563444157663099, 37.623318685222316 ], [ -6.563444157663099, 37.62377240543168 ], [ -6.56270394169559, 37.62377240543168 ], [ -6.56270394169559, 37.624226122871733 ], [ -6.561963725728082, 37.624226122871733 ], [ -6.561963725728082, 37.624679837542431 ], [ -6.561223509760573, 37.624679837542431 ], [ -6.561223509760573, 37.625133549443802 ], [ -6.559743077825557, 37.625133549443802 ], [ -6.559743077825557, 37.62558725857582 ], [ -6.559002861858048, 37.62558725857582 ], [ -6.559002861858048, 37.626040964938475 ], [ -6.558262645890541, 37.626040964938475 ], [ -6.558262645890541, 37.626494668531748 ], [ -6.557522429923032, 37.626494668531748 ], [ -6.557522429923032, 37.626948369355638 ], [ -6.556782213955524, 37.626948369355638 ], [ -6.556782213955524, 37.627402067410131 ], [ -6.556041997988016, 37.627402067410131 ], [ -6.556041997988016, 37.627855762695212 ], [ -6.555301782020508, 37.627855762695212 ], [ -6.555301782020508, 37.627402067410131 ], [ -6.55382135008549, 37.627402067410131 ], [ -6.55382135008549, 37.626948369355638 ], [ -6.551600702182965, 37.626948369355638 ], [ -6.551600702182965, 37.626494668531748 ] ], [ [ -6.293265329522557, 37.569306210708774 ], [ -6.293265329522557, 37.567944045074604 ], [ -6.294005545490065, 37.567944045074604 ], [ -6.294005545490065, 37.56658185452941 ], [ -6.294745761457574, 37.56658185452941 ], [ -6.294745761457574, 37.565673713659976 ], [ -6.294005545490065, 37.565673713659976 ], [ -6.294005545490065, 37.565219639073504 ], [ -6.293265329522557, 37.565219639073504 ], [ -6.293265329522557, 37.564311481597102 ], [ -6.292525113555049, 37.564311481597102 ], [ -6.292525113555049, 37.563857398707192 ], [ -6.29178489758754, 37.563857398707192 ], [ -6.29178489758754, 37.564765561719206 ], [ -6.292525113555049, 37.564765561719206 ], [ -6.292525113555049, 37.569306210708774 ], [ -6.293265329522557, 37.569306210708774 ] ], [ [ -6.29178489758754, 37.563403313049498 ], [ -6.291044681620031, 37.563403313049498 ], [ -6.291044681620031, 37.563857398707192 ], [ -6.29178489758754, 37.563857398707192 ], [ -6.29178489758754, 37.563403313049498 ] ], [ [ -6.291044681620031, 37.562949224624035 ], [ -6.290304465652524, 37.562949224624035 ], [ -6.290304465652524, 37.563403313049498 ], [ -6.291044681620031, 37.563403313049498 ], [ -6.291044681620031, 37.562949224624035 ] ], [ [ -6.490162776879773, 37.474803732055783 ], [ -6.490902992847282, 37.474803732055783 ], [ -6.490902992847282, 37.473439840005163 ], [ -6.490162776879773, 37.473439840005163 ], [ -6.490162776879773, 37.474803732055783 ] ], [ [ -6.490902992847282, 37.475258357208354 ], [ -6.49164320881479, 37.475258357208354 ], [ -6.49164320881479, 37.474803732055783 ], [ -6.490902992847282, 37.474803732055783 ], [ -6.490902992847282, 37.475258357208354 ] ], [ [ -6.555301782020508, 37.463437204488201 ], [ -6.554561566052999, 37.463437204488201 ], [ -6.554561566052999, 37.466165328727406 ], [ -6.555301782020508, 37.466165328727406 ], [ -6.555301782020508, 37.463437204488201 ] ], [ [ -6.556782213955524, 37.478895258869954 ], [ -6.557522429923032, 37.478895258869954 ], [ -6.557522429923032, 37.478440655841709 ], [ -6.558262645890541, 37.478440655841709 ], [ -6.558262645890541, 37.477986050047889 ], [ -6.559002861858048, 37.477986050047889 ], [ -6.559002861858048, 37.477531441488495 ], [ -6.559743077825557, 37.477531441488495 ], [ -6.559743077825557, 37.477076830163533 ], [ -6.560483293793064, 37.477076830163533 ], [ -6.560483293793064, 37.476622216073032 ], [ -6.557522429923032, 37.476622216073032 ], [ -6.557522429923032, 37.476167599216993 ], [ -6.556782213955524, 37.476167599216993 ], [ -6.556782213955524, 37.475258357208354 ], [ -6.556041997988016, 37.475258357208354 ], [ -6.556041997988016, 37.474349104137715 ], [ -6.555301782020508, 37.474349104137715 ], [ -6.555301782020508, 37.473439840005163 ], [ -6.554561566052999, 37.473439840005163 ], [ -6.554561566052999, 37.475258357208354 ], [ -6.55382135008549, 37.475258357208354 ], [ -6.55382135008549, 37.476622216073032 ], [ -6.553081134117982, 37.476622216073032 ], [ -6.553081134117982, 37.477531441488495 ], [ -6.55382135008549, 37.477531441488495 ], [ -6.55382135008549, 37.477986050047889 ], [ -6.554561566052999, 37.477986050047889 ], [ -6.554561566052999, 37.478440655841709 ], [ -6.555301782020508, 37.478440655841709 ], [ -6.555301782020508, 37.478895258869954 ], [ -6.556041997988016, 37.478895258869954 ], [ -6.556041997988016, 37.479349859132597 ], [ -6.556782213955524, 37.479349859132597 ], [ -6.556782213955524, 37.478895258869954 ] ], [ [ -6.668554825049283, 37.491168495198906 ], [ -6.670035256984298, 37.491168495198906 ], [ -6.670035256984298, 37.49071396684586 ], [ -6.670775472951807, 37.49071396684586 ], [ -6.670775472951807, 37.490259435726927 ], [ -6.671515688919316, 37.490259435726927 ], [ -6.671515688919316, 37.489804901842099 ], [ -6.672255904886823, 37.489804901842099 ], [ -6.672255904886823, 37.488441283592394 ], [ -6.672996120854332, 37.488441283592394 ], [ -6.672996120854332, 37.487986738644132 ], [ -6.672255904886823, 37.487986738644132 ], [ -6.672255904886823, 37.487532190930025 ], [ -6.670775472951807, 37.487532190930025 ], [ -6.670775472951807, 37.487077640450103 ], [ -6.668554825049283, 37.487077640450103 ], [ -6.668554825049283, 37.486623087204379 ], [ -6.667074393114265, 37.486623087204379 ], [ -6.667074393114265, 37.48616853119286 ], [ -6.666334177146757, 37.48616853119286 ], [ -6.666334177146757, 37.486623087204379 ], [ -6.665593961179249, 37.486623087204379 ], [ -6.665593961179249, 37.487077640450103 ], [ -6.664853745211741, 37.487077640450103 ], [ -6.664853745211741, 37.487532190930025 ], [ -6.664113529244232, 37.487532190930025 ], [ -6.664113529244232, 37.487986738644132 ], [ -6.665593961179249, 37.487986738644132 ], [ -6.665593961179249, 37.488441283592394 ], [ -6.666334177146757, 37.488441283592394 ], [ -6.666334177146757, 37.489350365191392 ], [ -6.667074393114265, 37.489350365191392 ], [ -6.667074393114265, 37.49071396684586 ], [ -6.667814609081774, 37.49071396684586 ], [ -6.667814609081774, 37.491623020786029 ], [ -6.668554825049283, 37.491623020786029 ], [ -6.668554825049283, 37.491168495198906 ] ], [ [ -6.658191801504165, 37.49071396684586 ], [ -6.657451585536657, 37.49071396684586 ], [ -6.657451585536657, 37.491168495198906 ], [ -6.658191801504165, 37.491168495198906 ], [ -6.658191801504165, 37.49071396684586 ] ], [ [ -6.656711369569148, 37.491168495198906 ], [ -6.656711369569148, 37.491623020786029 ], [ -6.65597115360164, 37.491623020786029 ], [ -6.65597115360164, 37.49207754360723 ], [ -6.655230937634133, 37.49207754360723 ], [ -6.655230937634133, 37.492532063662495 ], [ -6.654490721666624, 37.492532063662495 ], [ -6.654490721666624, 37.492986580951801 ], [ -6.653750505699115, 37.492986580951801 ], [ -6.653750505699115, 37.497077112086004 ], [ -6.654490721666624, 37.497077112086004 ], [ -6.654490721666624, 37.497531601715181 ], [ -6.653750505699115, 37.497531601715181 ], [ -6.653750505699115, 37.498895054006219 ], [ -6.653010289731608, 37.498895054006219 ], [ -6.653010289731608, 37.499804008369686 ], [ -6.652270073764099, 37.499804008369686 ], [ -6.652270073764099, 37.500712951668618 ], [ -6.653010289731608, 37.500712951668618 ], [ -6.653010289731608, 37.501167419168851 ], [ -6.653750505699115, 37.501167419168851 ], [ -6.653750505699115, 37.501621883902907 ], [ -6.654490721666624, 37.501621883902907 ], [ -6.654490721666624, 37.502076345870776 ], [ -6.655230937634133, 37.502076345870776 ], [ -6.655230937634133, 37.50253080507246 ], [ -6.65597115360164, 37.50253080507246 ], [ -6.65597115360164, 37.502985261507924 ], [ -6.656711369569148, 37.502985261507924 ], [ -6.656711369569148, 37.504803059587495 ], [ -6.657451585536657, 37.504803059587495 ], [ -6.657451585536657, 37.507984099725057 ], [ -6.658191801504165, 37.507984099725057 ], [ -6.658191801504165, 37.510710597669828 ], [ -6.658932017471674, 37.510710597669828 ], [ -6.658932017471674, 37.512073809295714 ], [ -6.659672233439182, 37.512073809295714 ], [ -6.659672233439182, 37.51161940818686 ], [ -6.660412449406691, 37.51161940818686 ], [ -6.660412449406691, 37.511165004311565 ], [ -6.661152665374199, 37.511165004311565 ], [ -6.661152665374199, 37.510710597669828 ], [ -6.661892881341707, 37.510710597669828 ], [ -6.661892881341707, 37.510256188261678 ], [ -6.662633097309216, 37.510256188261678 ], [ -6.662633097309216, 37.509801776087116 ], [ -6.663373313276724, 37.509801776087116 ], [ -6.663373313276724, 37.509347361146169 ], [ -6.664113529244232, 37.509347361146169 ], [ -6.664113529244232, 37.508438522965122 ], [ -6.663373313276724, 37.508438522965122 ], [ -6.663373313276724, 37.507984099725057 ], [ -6.662633097309216, 37.507984099725057 ], [ -6.662633097309216, 37.507075244945895 ], [ -6.661892881341707, 37.507075244945895 ], [ -6.661892881341707, 37.506620813406819 ], [ -6.661152665374199, 37.506620813406819 ], [ -6.661152665374199, 37.504803059587495 ], [ -6.660412449406691, 37.504803059587495 ], [ -6.660412449406691, 37.501621883902907 ], [ -6.661152665374199, 37.501621883902907 ], [ -6.661152665374199, 37.500712951668618 ], [ -6.661892881341707, 37.500712951668618 ], [ -6.661892881341707, 37.499804008369686 ], [ -6.662633097309216, 37.499804008369686 ], [ -6.662633097309216, 37.497986088578294 ], [ -6.661892881341707, 37.497986088578294 ], [ -6.661892881341707, 37.497531601715181 ], [ -6.661152665374199, 37.497531601715181 ], [ -6.661152665374199, 37.497077112086004 ], [ -6.660412449406691, 37.497077112086004 ], [ -6.660412449406691, 37.496622619690761 ], [ -6.659672233439182, 37.496622619690761 ], [ -6.659672233439182, 37.496168124529454 ], [ -6.658932017471674, 37.496168124529454 ], [ -6.658932017471674, 37.495713626602111 ], [ -6.658191801504165, 37.495713626602111 ], [ -6.658191801504165, 37.494804622449344 ], [ -6.657451585536657, 37.494804622449344 ], [ -6.657451585536657, 37.491168495198906 ], [ -6.656711369569148, 37.491168495198906 ] ], [ [ -6.667814609081774, 37.497531601715181 ], [ -6.667074393114265, 37.497531601715181 ], [ -6.667074393114265, 37.496622619690761 ], [ -6.666334177146757, 37.496622619690761 ], [ -6.666334177146757, 37.497077112086004 ], [ -6.665593961179249, 37.497077112086004 ], [ -6.665593961179249, 37.497531601715181 ], [ -6.664853745211741, 37.497531601715181 ], [ -6.664853745211741, 37.497986088578294 ], [ -6.665593961179249, 37.497986088578294 ], [ -6.665593961179249, 37.498440572675307 ], [ -6.667814609081774, 37.498440572675307 ], [ -6.667814609081774, 37.497531601715181 ] ], [ [ -6.690761304074532, 37.497986088578294 ], [ -6.69150152004204, 37.497986088578294 ], [ -6.69150152004204, 37.497077112086004 ], [ -6.692241736009549, 37.497077112086004 ], [ -6.692241736009549, 37.496622619690761 ], [ -6.687060224236991, 37.496622619690761 ], [ -6.687060224236991, 37.497531601715181 ], [ -6.687800440204499, 37.497531601715181 ], [ -6.687800440204499, 37.497986088578294 ], [ -6.688540656172008, 37.497986088578294 ], [ -6.688540656172008, 37.498440572675307 ], [ -6.689280872139515, 37.498440572675307 ], [ -6.689280872139515, 37.498895054006219 ], [ -6.690021088107024, 37.498895054006219 ], [ -6.690021088107024, 37.499349532571017 ], [ -6.690761304074532, 37.499349532571017 ], [ -6.690761304074532, 37.497986088578294 ] ], [ [ -6.674476552789348, 37.50434861421698 ], [ -6.675956984724365, 37.50434861421698 ], [ -6.675956984724365, 37.503894166080194 ], [ -6.677437416659382, 37.503894166080194 ], [ -6.677437416659382, 37.503439715177187 ], [ -6.678177632626891, 37.503439715177187 ], [ -6.678177632626891, 37.499804008369686 ], [ -6.678917848594399, 37.499804008369686 ], [ -6.678917848594399, 37.498895054006219 ], [ -6.679658064561907, 37.498895054006219 ], [ -6.679658064561907, 37.498440572675307 ], [ -6.680398280529415, 37.498440572675307 ], [ -6.680398280529415, 37.497531601715181 ], [ -6.679658064561907, 37.497531601715181 ], [ -6.679658064561907, 37.497077112086004 ], [ -6.678917848594399, 37.497077112086004 ], [ -6.678917848594399, 37.496168124529454 ], [ -6.678177632626891, 37.496168124529454 ], [ -6.678177632626891, 37.496622619690761 ], [ -6.677437416659382, 37.496622619690761 ], [ -6.677437416659382, 37.497077112086004 ], [ -6.676697200691875, 37.497077112086004 ], [ -6.676697200691875, 37.497531601715181 ], [ -6.675956984724365, 37.497531601715181 ], [ -6.675956984724365, 37.498440572675307 ], [ -6.675216768756857, 37.498440572675307 ], [ -6.675216768756857, 37.498895054006219 ], [ -6.674476552789348, 37.498895054006219 ], [ -6.674476552789348, 37.499349532571017 ], [ -6.673736336821841, 37.499349532571017 ], [ -6.673736336821841, 37.499804008369686 ], [ -6.672996120854332, 37.499804008369686 ], [ -6.672996120854332, 37.500258481402234 ], [ -6.670775472951807, 37.500258481402234 ], [ -6.670775472951807, 37.499804008369686 ], [ -6.670035256984298, 37.499804008369686 ], [ -6.670035256984298, 37.500712951668618 ], [ -6.670775472951807, 37.500712951668618 ], [ -6.670775472951807, 37.503894166080194 ], [ -6.671515688919316, 37.503894166080194 ], [ -6.671515688919316, 37.50434861421698 ], [ -6.672255904886823, 37.50434861421698 ], [ -6.672255904886823, 37.504803059587495 ], [ -6.674476552789348, 37.504803059587495 ], [ -6.674476552789348, 37.50434861421698 ] ], [ [ -6.551600702182965, 37.506620813406819 ], [ -6.551600702182965, 37.505257502191753 ], [ -6.550860486215457, 37.505257502191753 ], [ -6.550860486215457, 37.504803059587495 ], [ -6.550120270247948, 37.504803059587495 ], [ -6.550120270247948, 37.50434861421698 ], [ -6.54938005428044, 37.50434861421698 ], [ -6.54938005428044, 37.50616637910143 ], [ -6.550120270247948, 37.50616637910143 ], [ -6.550120270247948, 37.507984099725057 ], [ -6.550860486215457, 37.507984099725057 ], [ -6.550860486215457, 37.506620813406819 ], [ -6.551600702182965, 37.506620813406819 ] ], [ [ -6.54938005428044, 37.503894166080194 ], [ -6.548639838312933, 37.503894166080194 ], [ -6.548639838312933, 37.50434861421698 ], [ -6.54938005428044, 37.50434861421698 ], [ -6.54938005428044, 37.503894166080194 ] ], [ [ -6.644127698121507, 37.508892943438838 ], [ -6.644867914089016, 37.508892943438838 ], [ -6.644867914089016, 37.507984099725057 ], [ -6.644127698121507, 37.507984099725057 ], [ -6.644127698121507, 37.508438522965122 ], [ -6.642647266186491, 37.508438522965122 ], [ -6.642647266186491, 37.509801776087116 ], [ -6.644127698121507, 37.509801776087116 ], [ -6.644127698121507, 37.508892943438838 ] ], [ [ -6.561223509760573, 37.51434577334296 ], [ -6.560483293793064, 37.51434577334296 ], [ -6.560483293793064, 37.515254539596349 ], [ -6.561223509760573, 37.515254539596349 ], [ -6.561223509760573, 37.51434577334296 ] ], [ [ -6.570846317338182, 37.524341593476848 ], [ -6.570106101370673, 37.524341593476848 ], [ -6.570106101370673, 37.524795917120557 ], [ -6.570846317338182, 37.524795917120557 ], [ -6.570846317338182, 37.524341593476848 ] ], [ [ -6.570106101370673, 37.525250237997497 ], [ -6.569365885403165, 37.525250237997497 ], [ -6.569365885403165, 37.525704556107634 ], [ -6.570106101370673, 37.525704556107634 ], [ -6.570106101370673, 37.525250237997497 ] ], [ [ -6.569365885403165, 37.526158871450953 ], [ -6.568625669435657, 37.526158871450953 ], [ -6.568625669435657, 37.526613184027468 ], [ -6.569365885403165, 37.526613184027468 ], [ -6.569365885403165, 37.526158871450953 ] ], [ [ -6.567885453468148, 37.526613184027468 ], [ -6.567885453468148, 37.527067493837158 ], [ -6.568625669435657, 37.527067493837158 ], [ -6.568625669435657, 37.526613184027468 ], [ -6.567885453468148, 37.526613184027468 ] ], [ [ -6.559743077825557, 37.563403313049498 ], [ -6.560483293793064, 37.563403313049498 ], [ -6.560483293793064, 37.562041039469818 ], [ -6.561223509760573, 37.562041039469818 ], [ -6.561223509760573, 37.561132843244636 ], [ -6.56270394169559, 37.561132843244636 ], [ -6.56270394169559, 37.560678740980471 ], [ -6.563444157663099, 37.560678740980471 ], [ -6.563444157663099, 37.560224635948593 ], [ -6.564924589598116, 37.560224635948593 ], [ -6.564924589598116, 37.559770528149024 ], [ -6.565664805565625, 37.559770528149024 ], [ -6.565664805565625, 37.560224635948593 ], [ -6.566405021533132, 37.560224635948593 ], [ -6.566405021533132, 37.560678740980471 ], [ -6.56714523750064, 37.560678740980471 ], [ -6.56714523750064, 37.561132843244636 ], [ -6.567885453468148, 37.561132843244636 ], [ -6.567885453468148, 37.561586942741094 ], [ -6.568625669435657, 37.561586942741094 ], [ -6.568625669435657, 37.562041039469818 ], [ -6.569365885403165, 37.562041039469818 ], [ -6.569365885403165, 37.562495133430801 ], [ -6.570106101370673, 37.562495133430801 ], [ -6.570106101370673, 37.562041039469818 ], [ -6.570846317338182, 37.562041039469818 ], [ -6.570846317338182, 37.561586942741094 ], [ -6.57158653330569, 37.561586942741094 ], [ -6.57158653330569, 37.560678740980471 ], [ -6.572326749273199, 37.560678740980471 ], [ -6.572326749273199, 37.560224635948593 ], [ -6.573066965240707, 37.560224635948593 ], [ -6.573066965240707, 37.559770528149024 ], [ -6.573807181208216, 37.559770528149024 ], [ -6.573807181208216, 37.558862304246858 ], [ -6.574547397175724, 37.558862304246858 ], [ -6.574547397175724, 37.55840818814427 ], [ -6.575287613143232, 37.55840818814427 ], [ -6.575287613143232, 37.557954069274039 ], [ -6.576027829110741, 37.557954069274039 ], [ -6.576027829110741, 37.552504426959068 ], [ -6.575287613143232, 37.552504426959068 ], [ -6.575287613143232, 37.552050272110492 ], [ -6.574547397175724, 37.552050272110492 ], [ -6.574547397175724, 37.551141954110889 ], [ -6.573807181208216, 37.551141954110889 ], [ -6.573807181208216, 37.550687790959891 ], [ -6.573066965240707, 37.550687790959891 ], [ -6.573066965240707, 37.546146007242164 ], [ -6.572326749273199, 37.546146007242164 ], [ -6.572326749273199, 37.541603946791213 ], [ -6.57158653330569, 37.541603946791213 ], [ -6.57158653330569, 37.540241274694701 ], [ -6.569365885403165, 37.540241274694701 ], [ -6.569365885403165, 37.540695501494071 ], [ -6.567885453468148, 37.540695501494071 ], [ -6.567885453468148, 37.540241274694701 ], [ -6.56714523750064, 37.540241274694701 ], [ -6.56714523750064, 37.539332812794434 ], [ -6.566405021533132, 37.539332812794434 ], [ -6.566405021533132, 37.537970099190403 ], [ -6.565664805565625, 37.537970099190403 ], [ -6.565664805565625, 37.537061609618732 ], [ -6.564924589598116, 37.537061609618732 ], [ -6.564924589598116, 37.535698854508055 ], [ -6.564184373630607, 37.535698854508055 ], [ -6.564184373630607, 37.535244597270349 ], [ -6.564924589598116, 37.535244597270349 ], [ -6.564924589598116, 37.533881808954966 ], [ -6.565664805565625, 37.533881808954966 ], [ -6.565664805565625, 37.532973269576274 ], [ -6.566405021533132, 37.532973269576274 ], [ -6.566405021533132, 37.532064719129615 ], [ -6.56714523750064, 37.532064719129615 ], [ -6.56714523750064, 37.531156157615072 ], [ -6.567885453468148, 37.531156157615072 ], [ -6.567885453468148, 37.527521800879995 ], [ -6.566405021533132, 37.527521800879995 ], [ -6.566405021533132, 37.527067493837158 ], [ -6.564184373630607, 37.527067493837158 ], [ -6.564184373630607, 37.526613184027468 ], [ -6.561223509760573, 37.526613184027468 ], [ -6.561223509760573, 37.527521800879995 ], [ -6.560483293793064, 37.527521800879995 ], [ -6.560483293793064, 37.527976105155993 ], [ -6.559743077825557, 37.527976105155993 ], [ -6.559743077825557, 37.528430406665116 ], [ -6.558262645890541, 37.528430406665116 ], [ -6.558262645890541, 37.528884705407378 ], [ -6.550860486215457, 37.528884705407378 ], [ -6.550860486215457, 37.532518995736432 ], [ -6.550120270247948, 37.532518995736432 ], [ -6.550120270247948, 37.537515855788129 ], [ -6.54938005428044, 37.537515855788129 ], [ -6.54938005428044, 37.538878577693573 ], [ -6.548639838312933, 37.538878577693573 ], [ -6.548639838312933, 37.539332812794434 ], [ -6.547899622345424, 37.539332812794434 ], [ -6.547899622345424, 37.540241274694701 ], [ -6.547159406377915, 37.540241274694701 ], [ -6.547159406377915, 37.540695501494071 ], [ -6.546419190410407, 37.540695501494071 ], [ -6.546419190410407, 37.54342080417883 ], [ -6.545678974442899, 37.54342080417883 ], [ -6.545678974442899, 37.543875011607611 ], [ -6.550120270247948, 37.543875011607611 ], [ -6.550120270247948, 37.544329216269119 ], [ -6.551600702182965, 37.544329216269119 ], [ -6.551600702182965, 37.544783418163334 ], [ -6.552340918150473, 37.544783418163334 ], [ -6.552340918150473, 37.546146007242164 ], [ -6.553081134117982, 37.546146007242164 ], [ -6.553081134117982, 37.547054386124735 ], [ -6.55382135008549, 37.547054386124735 ], [ -6.55382135008549, 37.548416933693403 ], [ -6.554561566052999, 37.548416933693403 ], [ -6.554561566052999, 37.550233625041443 ], [ -6.55382135008549, 37.550233625041443 ], [ -6.55382135008549, 37.551141954110889 ], [ -6.553081134117982, 37.551141954110889 ], [ -6.553081134117982, 37.552504426959068 ], [ -6.552340918150473, 37.552504426959068 ], [ -6.552340918150473, 37.553866874899796 ], [ -6.551600702182965, 37.553866874899796 ], [ -6.551600702182965, 37.557045823230688 ], [ -6.553081134117982, 37.557045823230688 ], [ -6.553081134117982, 37.557499947636188 ], [ -6.555301782020508, 37.557499947636188 ], [ -6.555301782020508, 37.557954069274039 ], [ -6.557522429923032, 37.557954069274039 ], [ -6.557522429923032, 37.55840818814427 ], [ -6.558262645890541, 37.55840818814427 ], [ -6.558262645890541, 37.560678740980471 ], [ -6.559002861858048, 37.560678740980471 ], [ -6.559002861858048, 37.563857398707192 ], [ -6.559743077825557, 37.563857398707192 ], [ -6.559743077825557, 37.563403313049498 ] ], [ [ -6.590832148460907, 37.563403313049498 ], [ -6.590091932493399, 37.563403313049498 ], [ -6.590091932493399, 37.563857398707192 ], [ -6.590832148460907, 37.563857398707192 ], [ -6.590832148460907, 37.563403313049498 ] ], [ [ -6.58935171652589, 37.563857398707192 ], [ -6.58935171652589, 37.564765561719206 ], [ -6.590091932493399, 37.564765561719206 ], [ -6.590091932493399, 37.563857398707192 ], [ -6.58935171652589, 37.563857398707192 ] ], [ [ -6.520511631547615, 37.509801776087116 ], [ -6.521251847515123, 37.509801776087116 ], [ -6.521251847515123, 37.508892943438838 ], [ -6.521992063482632, 37.508892943438838 ], [ -6.521992063482632, 37.508438522965122 ], [ -6.522732279450141, 37.508438522965122 ], [ -6.522732279450141, 37.507529673718651 ], [ -6.523472495417648, 37.507529673718651 ], [ -6.523472495417648, 37.507075244945895 ], [ -6.522732279450141, 37.507075244945895 ], [ -6.522732279450141, 37.503894166080194 ], [ -6.521992063482632, 37.503894166080194 ], [ -6.521992063482632, 37.501167419168851 ], [ -6.522732279450141, 37.501167419168851 ], [ -6.522732279450141, 37.499804008369686 ], [ -6.523472495417648, 37.499804008369686 ], [ -6.523472495417648, 37.498895054006219 ], [ -6.524212711385157, 37.498895054006219 ], [ -6.524212711385157, 37.497986088578294 ], [ -6.524952927352666, 37.497986088578294 ], [ -6.524952927352666, 37.497531601715181 ], [ -6.526433359287681, 37.497531601715181 ], [ -6.526433359287681, 37.497077112086004 ], [ -6.52717357525519, 37.497077112086004 ], [ -6.52717357525519, 37.496622619690761 ], [ -6.529394223157715, 37.496622619690761 ], [ -6.529394223157715, 37.497077112086004 ], [ -6.530134439125224, 37.497077112086004 ], [ -6.530134439125224, 37.497531601715181 ], [ -6.53161487106024, 37.497531601715181 ], [ -6.53161487106024, 37.497986088578294 ], [ -6.532355087027749, 37.497986088578294 ], [ -6.532355087027749, 37.498895054006219 ], [ -6.533095302995257, 37.498895054006219 ], [ -6.533095302995257, 37.500258481402234 ], [ -6.533835518962765, 37.500258481402234 ], [ -6.533835518962765, 37.499804008369686 ], [ -6.534575734930274, 37.499804008369686 ], [ -6.534575734930274, 37.499349532571017 ], [ -6.535315950897782, 37.499349532571017 ], [ -6.535315950897782, 37.498895054006219 ], [ -6.53605616686529, 37.498895054006219 ], [ -6.53605616686529, 37.498440572675307 ], [ -6.536796382832798, 37.498440572675307 ], [ -6.536796382832798, 37.497531601715181 ], [ -6.538276814767816, 37.497531601715181 ], [ -6.538276814767816, 37.497077112086004 ], [ -6.539017030735324, 37.497077112086004 ], [ -6.539017030735324, 37.497531601715181 ], [ -6.543458326540374, 37.497531601715181 ], [ -6.543458326540374, 37.497986088578294 ], [ -6.544198542507881, 37.497986088578294 ], [ -6.544198542507881, 37.498895054006219 ], [ -6.54493875847539, 37.498895054006219 ], [ -6.54493875847539, 37.499349532571017 ], [ -6.545678974442899, 37.499349532571017 ], [ -6.545678974442899, 37.497986088578294 ], [ -6.546419190410407, 37.497986088578294 ], [ -6.546419190410407, 37.496168124529454 ], [ -6.547159406377915, 37.496168124529454 ], [ -6.547159406377915, 37.495259125908731 ], [ -6.547899622345424, 37.495259125908731 ], [ -6.547899622345424, 37.494804622449344 ], [ -6.548639838312933, 37.494804622449344 ], [ -6.548639838312933, 37.494350116223934 ], [ -6.550120270247948, 37.494350116223934 ], [ -6.550120270247948, 37.493895607232531 ], [ -6.550860486215457, 37.493895607232531 ], [ -6.550860486215457, 37.493441095475163 ], [ -6.551600702182965, 37.493441095475163 ], [ -6.551600702182965, 37.49207754360723 ], [ -6.552340918150473, 37.49207754360723 ], [ -6.552340918150473, 37.490259435726927 ], [ -6.551600702182965, 37.490259435726927 ], [ -6.551600702182965, 37.489804901842099 ], [ -6.550860486215457, 37.489804901842099 ], [ -6.550860486215457, 37.488895825774819 ], [ -6.550120270247948, 37.488895825774819 ], [ -6.550120270247948, 37.487986738644132 ], [ -6.54938005428044, 37.487986738644132 ], [ -6.54938005428044, 37.487077640450103 ], [ -6.548639838312933, 37.487077640450103 ], [ -6.548639838312933, 37.486623087204379 ], [ -6.547899622345424, 37.486623087204379 ], [ -6.547899622345424, 37.485713972415553 ], [ -6.547159406377915, 37.485713972415553 ], [ -6.547159406377915, 37.484804846563641 ], [ -6.546419190410407, 37.484804846563641 ], [ -6.546419190410407, 37.480713643326844 ], [ -6.545678974442899, 37.480713643326844 ], [ -6.545678974442899, 37.48116823252699 ], [ -6.54493875847539, 37.48116823252699 ], [ -6.54493875847539, 37.481622818961476 ], [ -6.542718110572865, 37.481622818961476 ], [ -6.542718110572865, 37.48116823252699 ], [ -6.54049746267034, 37.48116823252699 ], [ -6.54049746267034, 37.480713643326844 ], [ -6.539757246702831, 37.480713643326844 ], [ -6.539757246702831, 37.48116823252699 ], [ -6.539017030735324, 37.48116823252699 ], [ -6.539017030735324, 37.481622818961476 ], [ -6.538276814767816, 37.481622818961476 ], [ -6.538276814767816, 37.482077402630317 ], [ -6.537536598800307, 37.482077402630317 ], [ -6.537536598800307, 37.48298656167092 ], [ -6.536796382832798, 37.48298656167092 ], [ -6.536796382832798, 37.485259410872473 ], [ -6.53605616686529, 37.485259410872473 ], [ -6.53605616686529, 37.487077640450103 ], [ -6.535315950897782, 37.487077640450103 ], [ -6.535315950897782, 37.487532190930025 ], [ -6.533835518962765, 37.487532190930025 ], [ -6.533835518962765, 37.487986738644132 ], [ -6.533095302995257, 37.487986738644132 ], [ -6.533095302995257, 37.488441283592394 ], [ -6.532355087027749, 37.488441283592394 ], [ -6.532355087027749, 37.488895825774819 ], [ -6.530874655092732, 37.488895825774819 ], [ -6.530874655092732, 37.489350365191392 ], [ -6.530134439125224, 37.489350365191392 ], [ -6.530134439125224, 37.489804901842099 ], [ -6.529394223157715, 37.489804901842099 ], [ -6.529394223157715, 37.490259435726927 ], [ -6.528654007190207, 37.490259435726927 ], [ -6.528654007190207, 37.491168495198906 ], [ -6.527913791222699, 37.491168495198906 ], [ -6.527913791222699, 37.492532063662495 ], [ -6.52717357525519, 37.492532063662495 ], [ -6.52717357525519, 37.493441095475163 ], [ -6.526433359287681, 37.493441095475163 ], [ -6.526433359287681, 37.493895607232531 ], [ -6.523472495417648, 37.493895607232531 ], [ -6.523472495417648, 37.493441095475163 ], [ -6.519031199612598, 37.493441095475163 ], [ -6.519031199612598, 37.492986580951801 ], [ -6.517550767677582, 37.492986580951801 ], [ -6.517550767677582, 37.493441095475163 ], [ -6.516810551710074, 37.493441095475163 ], [ -6.516810551710074, 37.493895607232531 ], [ -6.515330119775057, 37.493895607232531 ], [ -6.515330119775057, 37.494350116223934 ], [ -6.514589903807549, 37.494350116223934 ], [ -6.514589903807549, 37.494804622449344 ], [ -6.51384968784004, 37.494804622449344 ], [ -6.51384968784004, 37.495259125908731 ], [ -6.512369255905024, 37.495259125908731 ], [ -6.512369255905024, 37.495713626602111 ], [ -6.511629039937516, 37.495713626602111 ], [ -6.511629039937516, 37.496168124529454 ], [ -6.510888823970006, 37.496168124529454 ], [ -6.510888823970006, 37.497077112086004 ], [ -6.510148608002498, 37.497077112086004 ], [ -6.510148608002498, 37.498895054006219 ], [ -6.50940839203499, 37.498895054006219 ], [ -6.50940839203499, 37.500258481402234 ], [ -6.511629039937516, 37.500258481402234 ], [ -6.511629039937516, 37.500712951668618 ], [ -6.512369255905024, 37.500712951668618 ], [ -6.512369255905024, 37.501621883902907 ], [ -6.513109471872531, 37.501621883902907 ], [ -6.513109471872531, 37.502076345870776 ], [ -6.51384968784004, 37.502076345870776 ], [ -6.51384968784004, 37.502985261507924 ], [ -6.514589903807549, 37.502985261507924 ], [ -6.514589903807549, 37.503894166080194 ], [ -6.51384968784004, 37.503894166080194 ], [ -6.51384968784004, 37.506620813406819 ], [ -6.513109471872531, 37.506620813406819 ], [ -6.513109471872531, 37.509801776087116 ], [ -6.519031199612598, 37.509801776087116 ], [ -6.519031199612598, 37.510710597669828 ], [ -6.519771415580108, 37.510710597669828 ], [ -6.519771415580108, 37.51161940818686 ], [ -6.520511631547615, 37.51161940818686 ], [ -6.520511631547615, 37.509801776087116 ] ], [ [ -6.504226880262432, 37.502985261507924 ], [ -6.503486664294925, 37.502985261507924 ], [ -6.503486664294925, 37.503439715177187 ], [ -6.504226880262432, 37.503439715177187 ], [ -6.504226880262432, 37.502985261507924 ] ], [ [ -6.514589903807549, 37.536153108978688 ], [ -6.51384968784004, 37.536153108978688 ], [ -6.51384968784004, 37.535698854508055 ], [ -6.513109471872531, 37.535698854508055 ], [ -6.513109471872531, 37.536607360682268 ], [ -6.514589903807549, 37.536607360682268 ], [ -6.514589903807549, 37.536153108978688 ] ], [ [ -6.476838889464624, 37.541603946791213 ], [ -6.476098673497115, 37.541603946791213 ], [ -6.476098673497115, 37.540695501494071 ], [ -6.475358457529607, 37.540695501494071 ], [ -6.475358457529607, 37.539787045128158 ], [ -6.474618241562099, 37.539787045128158 ], [ -6.474618241562099, 37.541149725526246 ], [ -6.47387802559459, 37.541149725526246 ], [ -6.47387802559459, 37.542512381019499 ], [ -6.476838889464624, 37.542512381019499 ], [ -6.476838889464624, 37.541603946791213 ] ], [ [ -6.445009602861765, 37.553412728353734 ], [ -6.445009602861765, 37.552050272110492 ], [ -6.444269386894257, 37.552050272110492 ], [ -6.444269386894257, 37.547962753937895 ], [ -6.44278895495924, 37.547962753937895 ], [ -6.44278895495924, 37.548416933693403 ], [ -6.442048738991732, 37.548416933693403 ], [ -6.442048738991732, 37.549779456355559 ], [ -6.44278895495924, 37.549779456355559 ], [ -6.44278895495924, 37.552504426959068 ], [ -6.443529170926749, 37.552504426959068 ], [ -6.443529170926749, 37.553412728353734 ], [ -6.445009602861765, 37.553412728353734 ] ], [ [ -6.54049746267034, 37.569306210708774 ], [ -6.54049746267034, 37.568852158265301 ], [ -6.541237678637849, 37.568852158265301 ], [ -6.541237678637849, 37.568398103053909 ], [ -6.542718110572865, 37.568398103053909 ], [ -6.542718110572865, 37.567944045074604 ], [ -6.543458326540374, 37.567944045074604 ], [ -6.543458326540374, 37.567489984327416 ], [ -6.544198542507881, 37.567489984327416 ], [ -6.544198542507881, 37.567035920812344 ], [ -6.54493875847539, 37.567035920812344 ], [ -6.54493875847539, 37.56658185452941 ], [ -6.547899622345424, 37.56658185452941 ], [ -6.547899622345424, 37.567035920812344 ], [ -6.548639838312933, 37.567035920812344 ], [ -6.548639838312933, 37.567489984327416 ], [ -6.54938005428044, 37.567489984327416 ], [ -6.54938005428044, 37.567944045074604 ], [ -6.550120270247948, 37.567944045074604 ], [ -6.550120270247948, 37.568398103053909 ], [ -6.550860486215457, 37.568398103053909 ], [ -6.550860486215457, 37.567944045074604 ], [ -6.552340918150473, 37.567944045074604 ], [ -6.552340918150473, 37.567489984327416 ], [ -6.553081134117982, 37.567489984327416 ], [ -6.553081134117982, 37.567035920812344 ], [ -6.552340918150473, 37.567035920812344 ], [ -6.552340918150473, 37.56658185452941 ], [ -6.551600702182965, 37.56658185452941 ], [ -6.551600702182965, 37.565673713659976 ], [ -6.550860486215457, 37.565673713659976 ], [ -6.550860486215457, 37.565219639073504 ], [ -6.550120270247948, 37.565219639073504 ], [ -6.550120270247948, 37.564765561719206 ], [ -6.54938005428044, 37.564765561719206 ], [ -6.54938005428044, 37.564311481597102 ], [ -6.548639838312933, 37.564311481597102 ], [ -6.548639838312933, 37.561586942741094 ], [ -6.543458326540374, 37.561586942741094 ], [ -6.543458326540374, 37.561132843244636 ], [ -6.542718110572865, 37.561132843244636 ], [ -6.542718110572865, 37.560678740980471 ], [ -6.541977894605356, 37.560678740980471 ], [ -6.541977894605356, 37.560224635948593 ], [ -6.541237678637849, 37.560224635948593 ], [ -6.541237678637849, 37.559770528149024 ], [ -6.54049746267034, 37.559770528149024 ], [ -6.54049746267034, 37.559316417581776 ], [ -6.539757246702831, 37.559316417581776 ], [ -6.539757246702831, 37.558862304246858 ], [ -6.539017030735324, 37.558862304246858 ], [ -6.539017030735324, 37.55840818814427 ], [ -6.538276814767816, 37.55840818814427 ], [ -6.538276814767816, 37.557499947636188 ], [ -6.537536598800307, 37.557499947636188 ], [ -6.537536598800307, 37.556591696057595 ], [ -6.536796382832798, 37.556591696057595 ], [ -6.536796382832798, 37.55522929793274 ], [ -6.53605616686529, 37.55522929793274 ], [ -6.53605616686529, 37.553866874899796 ], [ -6.535315950897782, 37.553866874899796 ], [ -6.535315950897782, 37.552504426959068 ], [ -6.534575734930274, 37.552504426959068 ], [ -6.534575734930274, 37.550233625041443 ], [ -6.535315950897782, 37.550233625041443 ], [ -6.535315950897782, 37.548871110681532 ], [ -6.53605616686529, 37.548871110681532 ], [ -6.53605616686529, 37.547962753937895 ], [ -6.536796382832798, 37.547962753937895 ], [ -6.536796382832798, 37.547508571415001 ], [ -6.53605616686529, 37.547508571415001 ], [ -6.53605616686529, 37.547054386124735 ], [ -6.53161487106024, 37.547054386124735 ], [ -6.53161487106024, 37.546600198067125 ], [ -6.52717357525519, 37.546600198067125 ], [ -6.52717357525519, 37.547508571415001 ], [ -6.527913791222699, 37.547508571415001 ], [ -6.527913791222699, 37.550233625041443 ], [ -6.528654007190207, 37.550233625041443 ], [ -6.528654007190207, 37.55159611449443 ], [ -6.527913791222699, 37.55159611449443 ], [ -6.527913791222699, 37.554775159689306 ], [ -6.528654007190207, 37.554775159689306 ], [ -6.528654007190207, 37.55568343340861 ], [ -6.529394223157715, 37.55568343340861 ], [ -6.529394223157715, 37.557045823230688 ], [ -6.530134439125224, 37.557045823230688 ], [ -6.530134439125224, 37.559316417581776 ], [ -6.529394223157715, 37.559316417581776 ], [ -6.529394223157715, 37.561132843244636 ], [ -6.532355087027749, 37.561132843244636 ], [ -6.532355087027749, 37.561586942741094 ], [ -6.533835518962765, 37.561586942741094 ], [ -6.533835518962765, 37.562495133430801 ], [ -6.534575734930274, 37.562495133430801 ], [ -6.534575734930274, 37.563403313049498 ], [ -6.535315950897782, 37.563403313049498 ], [ -6.535315950897782, 37.564311481597102 ], [ -6.53605616686529, 37.564311481597102 ], [ -6.53605616686529, 37.565219639073504 ], [ -6.536796382832798, 37.565219639073504 ], [ -6.536796382832798, 37.566127785478614 ], [ -6.537536598800307, 37.566127785478614 ], [ -6.537536598800307, 37.567035920812344 ], [ -6.538276814767816, 37.567035920812344 ], [ -6.538276814767816, 37.567944045074604 ], [ -6.539017030735324, 37.567944045074604 ], [ -6.539017030735324, 37.568852158265301 ], [ -6.539757246702831, 37.568852158265301 ], [ -6.539757246702831, 37.569306210708774 ], [ -6.54049746267034, 37.569306210708774 ] ], [ [ -6.283642521944948, 37.563403313049498 ], [ -6.28290230597744, 37.563403313049498 ], [ -6.28290230597744, 37.563857398707192 ], [ -6.283642521944948, 37.563857398707192 ], [ -6.283642521944948, 37.563403313049498 ] ], [ [ -6.40281729271379, 37.567489984327416 ], [ -6.403557508681298, 37.567489984327416 ], [ -6.403557508681298, 37.56658185452941 ], [ -6.40281729271379, 37.56658185452941 ], [ -6.40281729271379, 37.567035920812344 ], [ -6.402077076746282, 37.567035920812344 ], [ -6.402077076746282, 37.568398103053909 ], [ -6.40281729271379, 37.568398103053909 ], [ -6.40281729271379, 37.567489984327416 ] ], [ [ -6.50496709622994, 37.594728729592063 ], [ -6.504226880262432, 37.594728729592063 ], [ -6.504226880262432, 37.593820931980162 ], [ -6.503486664294925, 37.593820931980162 ], [ -6.503486664294925, 37.594728729592063 ], [ -6.502746448327415, 37.594728729592063 ], [ -6.502746448327415, 37.595182624245162 ], [ -6.503486664294925, 37.595182624245162 ], [ -6.503486664294925, 37.595636516129659 ], [ -6.504226880262432, 37.595636516129659 ], [ -6.504226880262432, 37.596090405245562 ], [ -6.50496709622994, 37.596090405245562 ], [ -6.50496709622994, 37.594728729592063 ] ], [ [ -6.395415133038706, 37.594274832170399 ], [ -6.394674917071199, 37.594274832170399 ], [ -6.394674917071199, 37.595636516129659 ], [ -6.395415133038706, 37.595636516129659 ], [ -6.395415133038706, 37.594274832170399 ] ], [ [ -6.490902992847282, 37.59790593402294 ], [ -6.490902992847282, 37.596998175171528 ], [ -6.49164320881479, 37.596998175171528 ], [ -6.49164320881479, 37.596544291592856 ], [ -6.492383424782298, 37.596544291592856 ], [ -6.492383424782298, 37.595636516129659 ], [ -6.490902992847282, 37.595636516129659 ], [ -6.490902992847282, 37.595182624245162 ], [ -6.490162776879773, 37.595182624245162 ], [ -6.490162776879773, 37.59790593402294 ], [ -6.490902992847282, 37.59790593402294 ] ], [ [ -6.361365198533323, 37.598359809295673 ], [ -6.361365198533323, 37.59790593402294 ], [ -6.359884766598306, 37.59790593402294 ], [ -6.359884766598306, 37.598359809295673 ], [ -6.361365198533323, 37.598359809295673 ] ] ], [ [ [ -6.261436042919699, 37.598813681799726 ], [ -6.26069582695219, 37.598813681799726 ], [ -6.26069582695219, 37.598359809295673 ], [ -6.259955610984681, 37.598359809295673 ], [ -6.259955610984681, 37.593367029021358 ], [ -6.26069582695219, 37.593367029021358 ], [ -6.26069582695219, 37.592459214798168 ], [ -6.261436042919699, 37.592459214798168 ], [ -6.261436042919699, 37.591551389500886 ], [ -6.262176258887206, 37.591551389500886 ], [ -6.262176258887206, 37.591097472699495 ], [ -6.262916474854714, 37.591097472699495 ], [ -6.262916474854714, 37.590643553129631 ], [ -6.268097986627273, 37.590643553129631 ], [ -6.268097986627273, 37.591551389500886 ], [ -6.268838202594782, 37.591551389500886 ], [ -6.268838202594782, 37.592005303533789 ], [ -6.26957841856229, 37.592005303533789 ], [ -6.26957841856229, 37.592913123294039 ], [ -6.270318634529798, 37.592913123294039 ], [ -6.270318634529798, 37.598359809295673 ], [ -6.26957841856229, 37.598359809295673 ], [ -6.26957841856229, 37.5992675515351 ], [ -6.268838202594782, 37.5992675515351 ], [ -6.268838202594782, 37.599721418501787 ], [ -6.268097986627273, 37.599721418501787 ], [ -6.268097986627273, 37.600629144129016 ], [ -6.262916474854714, 37.600629144129016 ], [ -6.262916474854714, 37.600175282699752 ], [ -6.262176258887206, 37.600175282699752 ], [ -6.262176258887206, 37.599721418501787 ], [ -6.261436042919699, 37.599721418501787 ], [ -6.261436042919699, 37.598813681799726 ] ] ], [ [ [ -9.007637282375619, 38.929204220361015 ], [ -9.007637282375619, 38.928758585041741 ], [ -9.006897066408111, 38.928758585041741 ], [ -9.006897066408111, 38.928312946922837 ], [ -9.006156850440602, 38.928312946922837 ], [ -9.006156850440602, 38.927421662286093 ], [ -9.005416634473093, 38.927421662286093 ], [ -9.005416634473093, 38.926976015768297 ], [ -9.004676418505586, 38.926976015768297 ], [ -9.004676418505586, 38.926530366450876 ], [ -9.003936202538076, 38.926530366450876 ], [ -9.003936202538076, 38.92608471433384 ], [ -9.003195986570567, 38.92608471433384 ], [ -9.003195986570567, 38.917171084090562 ], [ -9.003936202538076, 38.917171084090562 ], [ -9.003936202538076, 38.916725373183986 ], [ -9.004676418505586, 38.916725373183986 ], [ -9.004676418505586, 38.915833942972647 ], [ -9.005416634473093, 38.915833942972647 ], [ -9.005416634473093, 38.914942501563786 ], [ -9.008377498343128, 38.914942501563786 ], [ -9.008377498343128, 38.914496776660307 ], [ -9.011338362213161, 38.914496776660307 ], [ -9.011338362213161, 38.914051048957482 ], [ -9.015039442050702, 38.914051048957482 ], [ -9.015039442050702, 38.914496776660307 ], [ -9.015779658018211, 38.914496776660307 ], [ -9.015779658018211, 38.914942501563786 ], [ -9.016519873985718, 38.914942501563786 ], [ -9.016519873985718, 38.915388223667904 ], [ -9.017260089953226, 38.915388223667904 ], [ -9.017260089953226, 38.915833942972647 ], [ -9.018000305920735, 38.915833942972647 ], [ -9.018000305920735, 38.916279659478015 ], [ -9.018740521888244, 38.916279659478015 ], [ -9.018740521888244, 38.916725373183986 ], [ -9.019480737855751, 38.916725373183986 ], [ -9.019480737855751, 38.917616792197727 ], [ -9.020220953823259, 38.917616792197727 ], [ -9.020220953823259, 38.923410742840474 ], [ -9.019480737855751, 38.923410742840474 ], [ -9.019480737855751, 38.924302077869861 ], [ -9.018740521888244, 38.924302077869861 ], [ -9.018740521888244, 38.925193401701009 ], [ -9.018000305920735, 38.925193401701009 ], [ -9.018000305920735, 38.926530366450876 ], [ -9.017260089953226, 38.926530366450876 ], [ -9.017260089953226, 38.927421662286093 ], [ -9.016519873985718, 38.927421662286093 ], [ -9.016519873985718, 38.928312946922837 ], [ -9.015779658018211, 38.928312946922837 ], [ -9.015779658018211, 38.929649852880601 ], [ -9.015039442050702, 38.929649852880601 ], [ -9.015039442050702, 38.93054110952076 ], [ -9.009117714310635, 38.93054110952076 ], [ -9.009117714310635, 38.929649852880601 ], [ -9.008377498343128, 38.929649852880601 ], [ -9.008377498343128, 38.929204220361015 ], [ -9.007637282375619, 38.929204220361015 ] ] ], [ [ [ -3.743221321456344, 39.944543091108599 ], [ -3.743221321456344, 39.944103904206173 ], [ -3.741740889521328, 39.944103904206173 ], [ -3.741740889521328, 39.943664714484513 ], [ -3.741000673553819, 39.943664714484513 ], [ -3.741000673553819, 39.943225521943617 ], [ -3.739520241618802, 39.943225521943617 ], [ -3.739520241618802, 39.942786326583487 ], [ -3.738780025651294, 39.942786326583487 ], [ -3.738780025651294, 39.942347128404151 ], [ -3.738039809683786, 39.942347128404151 ], [ -3.738039809683786, 39.940590307494809 ], [ -3.737299593716278, 39.940590307494809 ], [ -3.737299593716278, 39.938394217926707 ], [ -3.736559377748769, 39.938394217926707 ], [ -3.736559377748769, 39.93531957412776 ], [ -3.737299593716278, 39.93531957412776 ], [ -3.737299593716278, 39.933123315412963 ], [ -3.738039809683786, 39.933123315412963 ], [ -3.738039809683786, 39.931366257698258 ], [ -3.738780025651294, 39.931366257698258 ], [ -3.738780025651294, 39.93048771192678 ], [ -3.739520241618802, 39.93048771192678 ], [ -3.739520241618802, 39.930048434812555 ], [ -3.740260457586311, 39.930048434812555 ], [ -3.740260457586311, 39.929609154879309 ], [ -3.741000673553819, 39.929609154879309 ], [ -3.741000673553819, 39.929169872127098 ], [ -3.742481105488836, 39.929169872127098 ], [ -3.742481105488836, 39.928730586555908 ], [ -3.743221321456344, 39.928730586555908 ], [ -3.743221321456344, 39.928291298165753 ], [ -3.743961537423853, 39.928291298165753 ], [ -3.743961537423853, 39.928730586555908 ], [ -3.746182185326378, 39.928730586555908 ], [ -3.746182185326378, 39.929169872127098 ], [ -3.747662617261394, 39.929169872127098 ], [ -3.747662617261394, 39.929609154879309 ], [ -3.749143049196411, 39.929609154879309 ], [ -3.749143049196411, 39.930048434812555 ], [ -3.750623481131427, 39.930048434812555 ], [ -3.750623481131427, 39.93048771192678 ], [ -3.751363697098936, 39.93048771192678 ], [ -3.751363697098936, 39.931366257698258 ], [ -3.752103913066444, 39.931366257698258 ], [ -3.752103913066444, 39.934441079099038 ], [ -3.752844129033953, 39.934441079099038 ], [ -3.752844129033953, 39.936637295527682 ], [ -3.752103913066444, 39.936637295527682 ], [ -3.752103913066444, 39.939272662211422 ], [ -3.751363697098936, 39.939272662211422 ], [ -3.751363697098936, 39.941907927405616 ], [ -3.750623481131427, 39.941907927405616 ], [ -3.750623481131427, 39.943664714484513 ], [ -3.749883265163919, 39.943664714484513 ], [ -3.749883265163919, 39.944103904206173 ], [ -3.748402833228903, 39.944103904206173 ], [ -3.748402833228903, 39.944543091108599 ], [ -3.746922401293885, 39.944543091108599 ], [ -3.746922401293885, 39.944982275191784 ], [ -3.746182185326378, 39.944982275191784 ], [ -3.746182185326378, 39.945421456455712 ], [ -3.745441969358869, 39.945421456455712 ], [ -3.745441969358869, 39.944982275191784 ], [ -3.743961537423853, 39.944982275191784 ], [ -3.743961537423853, 39.944543091108599 ], [ -3.743221321456344, 39.944543091108599 ] ] ], [ [ [ -3.468601197510752, 40.252156201901066 ], [ -3.467860981543244, 40.252156201901066 ], [ -3.467860981543244, 40.250844575619915 ], [ -3.467120765575736, 40.250844575619915 ], [ -3.467120765575736, 40.249970143976832 ], [ -3.466380549608227, 40.249970143976832 ], [ -3.466380549608227, 40.249095701035969 ], [ -3.465640333640719, 40.249095701035969 ], [ -3.465640333640719, 40.247784015441454 ], [ -3.46490011767321, 40.247784015441454 ], [ -3.46490011767321, 40.247346781261115 ], [ -3.463419685738194, 40.247346781261115 ], [ -3.463419685738194, 40.247784015441454 ], [ -3.461939253803177, 40.247784015441454 ], [ -3.461939253803177, 40.248221246797378 ], [ -3.460458821868161, 40.248221246797378 ], [ -3.460458821868161, 40.248658475328888 ], [ -3.458978389933144, 40.248658475328888 ], [ -3.458978389933144, 40.248221246797378 ], [ -3.458238173965635, 40.248221246797378 ], [ -3.458238173965635, 40.246909544256376 ], [ -3.457497957998127, 40.246909544256376 ], [ -3.457497957998127, 40.246035061773718 ], [ -3.456757742030619, 40.246035061773718 ], [ -3.456757742030619, 40.244723316866896 ], [ -3.45601752606311, 40.244723316866896 ], [ -3.45601752606311, 40.242099750795745 ], [ -3.456757742030619, 40.242099750795745 ], [ -3.456757742030619, 40.241225206177418 ], [ -3.457497957998127, 40.241225206177418 ], [ -3.457497957998127, 40.23991336806769 ], [ -3.458238173965635, 40.23991336806769 ], [ -3.458238173965635, 40.239038795206454 ], [ -3.458978389933144, 40.239038795206454 ], [ -3.458978389933144, 40.238601504539439 ], [ -3.464159901705703, 40.238601504539439 ], [ -3.464159901705703, 40.239038795206454 ], [ -3.46490011767321, 40.239038795206454 ], [ -3.46490011767321, 40.23991336806769 ], [ -3.465640333640719, 40.23991336806769 ], [ -3.465640333640719, 40.239038795206454 ], [ -3.466380549608227, 40.239038795206454 ], [ -3.466380549608227, 40.238164211048165 ], [ -3.467120765575736, 40.238164211048165 ], [ -3.467120765575736, 40.237726914732633 ], [ -3.467860981543244, 40.237726914732633 ], [ -3.467860981543244, 40.237289615592864 ], [ -3.469341413478261, 40.237289615592864 ], [ -3.469341413478261, 40.236852313628852 ], [ -3.470081629445768, 40.236852313628852 ], [ -3.470081629445768, 40.236415008840616 ], [ -3.471562061380785, 40.236415008840616 ], [ -3.471562061380785, 40.235977701228158 ], [ -3.474522925250819, 40.235977701228158 ], [ -3.474522925250819, 40.236415008840616 ], [ -3.47822400508836, 40.236415008840616 ], [ -3.47822400508836, 40.236852313628852 ], [ -3.481184868958394, 40.236852313628852 ], [ -3.481184868958394, 40.237289615592864 ], [ -3.481925084925902, 40.237289615592864 ], [ -3.481925084925902, 40.237726914732633 ], [ -3.482665300893411, 40.237726914732633 ], [ -3.482665300893411, 40.238601504539439 ], [ -3.483405516860918, 40.238601504539439 ], [ -3.483405516860918, 40.239476083049205 ], [ -3.484145732828428, 40.239476083049205 ], [ -3.484145732828428, 40.2407879296318 ], [ -3.484885948795936, 40.2407879296318 ], [ -3.484885948795936, 40.243411546540848 ], [ -3.485626164763444, 40.243411546540848 ], [ -3.485626164763444, 40.248221246797378 ], [ -3.484885948795936, 40.248221246797378 ], [ -3.484885948795936, 40.249970143976832 ], [ -3.484145732828428, 40.249970143976832 ], [ -3.484145732828428, 40.251281787204768 ], [ -3.483405516860918, 40.251281787204768 ], [ -3.483405516860918, 40.251718995965156 ], [ -3.482665300893411, 40.251718995965156 ], [ -3.482665300893411, 40.252156201901066 ], [ -3.481184868958394, 40.252156201901066 ], [ -3.481184868958394, 40.252593405012497 ], [ -3.479704437023377, 40.252593405012497 ], [ -3.479704437023377, 40.253030605299436 ], [ -3.478964221055869, 40.253030605299436 ], [ -3.478964221055869, 40.253467802761868 ], [ -3.477483789120852, 40.253467802761868 ], [ -3.477483789120852, 40.253904997399822 ], [ -3.470821845413277, 40.253904997399822 ], [ -3.470821845413277, 40.253467802761868 ], [ -3.469341413478261, 40.253467802761868 ], [ -3.469341413478261, 40.253030605299436 ], [ -3.468601197510752, 40.253030605299436 ], [ -3.468601197510752, 40.252156201901066 ] ] ], [ [ [ -7.542749882676626, 41.457075659694553 ], [ -7.542749882676626, 41.456217005499717 ], [ -7.542009666709117, 41.456217005499717 ], [ -7.542009666709117, 41.454929002893678 ], [ -7.541269450741608, 41.454929002893678 ], [ -7.541269450741608, 41.455358339937519 ], [ -7.540529234774099, 41.455358339937519 ], [ -7.540529234774099, 41.456217005499717 ], [ -7.539789018806592, 41.456217005499717 ], [ -7.539789018806592, 41.457075659694553 ], [ -7.534607507034033, 41.457075659694553 ], [ -7.534607507034033, 41.457504982529208 ], [ -7.530906427196491, 41.457504982529208 ], [ -7.530906427196491, 41.457075659694553 ], [ -7.530166211228982, 41.457075659694553 ], [ -7.530166211228982, 41.456217005499717 ], [ -7.529425995261475, 41.456217005499717 ], [ -7.529425995261475, 41.455787674139529 ], [ -7.528685779293967, 41.455787674139529 ], [ -7.528685779293967, 41.455358339937519 ], [ -7.527945563326458, 41.455358339937519 ], [ -7.527945563326458, 41.454499663008015 ], [ -7.527205347358951, 41.454499663008015 ], [ -7.527205347358951, 41.454070320280536 ], [ -7.526465131391442, 41.454070320280536 ], [ -7.526465131391442, 41.453640974711249 ], [ -7.525724915423933, 41.453640974711249 ], [ -7.525724915423933, 41.452782275047241 ], [ -7.524984699456426, 41.452782275047241 ], [ -7.524984699456426, 41.452352920952549 ], [ -7.524244483488917, 41.452352920952549 ], [ -7.524244483488917, 41.451923564016063 ], [ -7.523504267521408, 41.451923564016063 ], [ -7.523504267521408, 41.451064841617743 ], [ -7.519062971716358, 41.451064841617743 ], [ -7.519062971716358, 41.450635476155917 ], [ -7.518322755748851, 41.450635476155917 ], [ -7.518322755748851, 41.449776736706959 ], [ -7.517582539781341, 41.449776736706959 ], [ -7.517582539781341, 41.449347362719848 ], [ -7.516842323813834, 41.449347362719848 ], [ -7.516842323813834, 41.448488606220351 ], [ -7.516102107846325, 41.448488606220351 ], [ -7.516102107846325, 41.446771059120501 ], [ -7.516842323813834, 41.446771059120501 ], [ -7.516842323813834, 41.442906411905625 ], [ -7.517582539781341, 41.442906411905625 ], [ -7.517582539781341, 41.442047570154884 ], [ -7.518322755748851, 41.442047570154884 ], [ -7.518322755748851, 41.44161814501701 ], [ -7.519803187683867, 41.44161814501701 ], [ -7.519803187683867, 41.441188717037484 ], [ -7.521283619618884, 41.441188717037484 ], [ -7.521283619618884, 41.440759286216306 ], [ -7.522023835586391, 41.440759286216306 ], [ -7.522023835586391, 41.440329852553482 ], [ -7.523504267521408, 41.440329852553482 ], [ -7.523504267521408, 41.439900416049014 ], [ -7.524984699456426, 41.439900416049014 ], [ -7.524984699456426, 41.439470976702907 ], [ -7.525724915423933, 41.439470976702907 ], [ -7.525724915423933, 41.439041534515162 ], [ -7.526465131391442, 41.439041534515162 ], [ -7.526465131391442, 41.438612089485815 ], [ -7.527205347358951, 41.438612089485815 ], [ -7.527205347358951, 41.437753190902228 ], [ -7.527945563326458, 41.437753190902228 ], [ -7.527945563326458, 41.436894280952217 ], [ -7.528685779293967, 41.436894280952217 ], [ -7.528685779293967, 41.436035359635795 ], [ -7.534607507034033, 41.436035359635795 ], [ -7.534607507034033, 41.437323737348024 ], [ -7.535347723001542, 41.437323737348024 ], [ -7.535347723001542, 41.43818264161483 ], [ -7.536087938969049, 41.43818264161483 ], [ -7.536087938969049, 41.439041534515162 ], [ -7.536828154936559, 41.439041534515162 ], [ -7.536828154936559, 41.43818264161483 ], [ -7.537568370904066, 41.43818264161483 ], [ -7.537568370904066, 41.437323737348024 ], [ -7.539048802839084, 41.437323737348024 ], [ -7.539048802839084, 41.436894280952217 ], [ -7.539789018806592, 41.436894280952217 ], [ -7.539789018806592, 41.4364648217148 ], [ -7.541269450741608, 41.4364648217148 ], [ -7.541269450741608, 41.436035359635795 ], [ -7.542749882676626, 41.436035359635795 ], [ -7.542749882676626, 41.436894280952217 ], [ -7.543490098644135, 41.436894280952217 ], [ -7.543490098644135, 41.437323737348024 ], [ -7.544230314611642, 41.437323737348024 ], [ -7.544230314611642, 41.437753190902228 ], [ -7.54497053057915, 41.437753190902228 ], [ -7.54497053057915, 41.43818264161483 ], [ -7.545710746546659, 41.43818264161483 ], [ -7.545710746546659, 41.438612089485815 ], [ -7.546450962514166, 41.438612089485815 ], [ -7.546450962514166, 41.439041534515162 ], [ -7.547191178481675, 41.439041534515162 ], [ -7.547191178481675, 41.443335828518485 ], [ -7.547931394449183, 41.443335828518485 ], [ -7.547931394449183, 41.448488606220351 ], [ -7.54867161041669, 41.448488606220351 ], [ -7.54867161041669, 41.448917985890979 ], [ -7.549411826384199, 41.448917985890979 ], [ -7.549411826384199, 41.449347362719848 ], [ -7.550152042351709, 41.449347362719848 ], [ -7.550152042351709, 41.450206107852324 ], [ -7.550892258319217, 41.450206107852324 ], [ -7.550892258319217, 41.450635476155917 ], [ -7.551632474286726, 41.450635476155917 ], [ -7.551632474286726, 41.455787674139529 ], [ -7.550892258319217, 41.455787674139529 ], [ -7.550892258319217, 41.45664633401806 ], [ -7.550152042351709, 41.45664633401806 ], [ -7.550152042351709, 41.457075659694553 ], [ -7.549411826384199, 41.457075659694553 ], [ -7.549411826384199, 41.457934302521998 ], [ -7.54867161041669, 41.457934302521998 ], [ -7.54867161041669, 41.45836361967293 ], [ -7.544230314611642, 41.45836361967293 ], [ -7.544230314611642, 41.457934302521998 ], [ -7.543490098644135, 41.457934302521998 ], [ -7.543490098644135, 41.457075659694553 ], [ -7.542749882676626, 41.457075659694553 ] ] ], [ [ [ -6.934292357384774, 41.961698390552414 ], [ -6.933552141417266, 41.961698390552414 ], [ -6.933552141417266, 41.961272421756945 ], [ -6.932811925449758, 41.961272421756945 ], [ -6.932811925449758, 41.960846450113849 ], [ -6.932071709482249, 41.960846450113849 ], [ -6.932071709482249, 41.960420475623131 ], [ -6.931331493514741, 41.960420475623131 ], [ -6.931331493514741, 41.9599944982848 ], [ -6.929110845612215, 41.9599944982848 ], [ -6.929110845612215, 41.960420475623131 ], [ -6.926890197709691, 41.960420475623131 ], [ -6.926890197709691, 41.960846450113849 ], [ -6.923929333839657, 41.960846450113849 ], [ -6.923929333839657, 41.960420475623131 ], [ -6.92318911787215, 41.960420475623131 ], [ -6.92318911787215, 41.9599944982848 ], [ -6.921708685937133, 41.9599944982848 ], [ -6.921708685937133, 41.959568518098841 ], [ -6.920968469969624, 41.959568518098841 ], [ -6.920968469969624, 41.95914253506529 ], [ -6.920228254002115, 41.95914253506529 ], [ -6.920228254002115, 41.957012577183555 ], [ -6.919488038034607, 41.957012577183555 ], [ -6.919488038034607, 41.955308559621692 ], [ -6.918747822067099, 41.955308559621692 ], [ -6.918747822067099, 41.95317847359923 ], [ -6.918007606099591, 41.95317847359923 ], [ -6.918007606099591, 41.951474353525526 ], [ -6.918747822067099, 41.951474353525526 ], [ -6.918747822067099, 41.950196233571248 ], [ -6.919488038034607, 41.950196233571248 ], [ -6.919488038034607, 41.949344139364179 ], [ -6.920228254002115, 41.949344139364179 ], [ -6.920228254002115, 41.948065976697343 ], [ -6.920968469969624, 41.948065976697343 ], [ -6.920968469969624, 41.946787788403142 ], [ -6.921708685937133, 41.946787788403142 ], [ -6.921708685937133, 41.945935648636308 ], [ -6.922448901904641, 41.945935648636308 ], [ -6.922448901904641, 41.944657417630097 ], [ -6.92318911787215, 41.944657417630097 ], [ -6.92318911787215, 41.943805249388696 ], [ -6.923929333839657, 41.943805249388696 ], [ -6.923929333839657, 41.943379160996827 ], [ -6.924669549807166, 41.943379160996827 ], [ -6.924669549807166, 41.942953069757536 ], [ -6.926149981742183, 41.942953069757536 ], [ -6.926149981742183, 41.942526975670802 ], [ -6.926890197709691, 41.942526975670802 ], [ -6.926890197709691, 41.942100878736653 ], [ -6.927630413677199, 41.942100878736653 ], [ -6.927630413677199, 41.941674778955068 ], [ -6.928370629644708, 41.941674778955068 ], [ -6.928370629644708, 41.941248676326076 ], [ -6.929110845612215, 41.941248676326076 ], [ -6.929110845612215, 41.940822570849669 ], [ -6.929851061579725, 41.940822570849669 ], [ -6.929851061579725, 41.940396462525847 ], [ -6.930591277547232, 41.940396462525847 ], [ -6.930591277547232, 41.939970351354631 ], [ -6.935032573352283, 41.939970351354631 ], [ -6.935032573352283, 41.939118120469992 ], [ -6.93577278931979, 41.939118120469992 ], [ -6.93577278931979, 41.936561359478858 ], [ -6.936513005287299, 41.936561359478858 ], [ -6.936513005287299, 41.935709083036194 ], [ -6.937253221254807, 41.935709083036194 ], [ -6.937253221254807, 41.935282940543829 ], [ -6.939473869157333, 41.935282940543829 ], [ -6.939473869157333, 41.934856795204119 ], [ -6.941694517059858, 41.934856795204119 ], [ -6.941694517059858, 41.934430647017059 ], [ -6.942434733027366, 41.934430647017059 ], [ -6.942434733027366, 41.934856795204119 ], [ -6.943174948994874, 41.934856795204119 ], [ -6.943174948994874, 41.935282940543829 ], [ -6.943915164962383, 41.935282940543829 ], [ -6.943915164962383, 41.935709083036194 ], [ -6.944655380929891, 41.935709083036194 ], [ -6.944655380929891, 41.936135222681209 ], [ -6.945395596897399, 41.936135222681209 ], [ -6.945395596897399, 41.935709083036194 ], [ -6.946876028832416, 41.935709083036194 ], [ -6.946876028832416, 41.935282940543829 ], [ -6.947616244799924, 41.935282940543829 ], [ -6.947616244799924, 41.934856795204119 ], [ -6.94983689270245, 41.934856795204119 ], [ -6.94983689270245, 41.935282940543829 ], [ -6.951317324637466, 41.935282940543829 ], [ -6.951317324637466, 41.935709083036194 ], [ -6.952797756572482, 41.935709083036194 ], [ -6.952797756572482, 41.936135222681209 ], [ -6.953537972539991, 41.936135222681209 ], [ -6.953537972539991, 41.936561359478858 ], [ -6.955018404475007, 41.936561359478858 ], [ -6.955018404475007, 41.936987493429157 ], [ -6.955758620442515, 41.936987493429157 ], [ -6.955758620442515, 41.937413624532077 ], [ -6.957239052377533, 41.937413624532077 ], [ -6.957239052377533, 41.937839752787625 ], [ -6.958719484312549, 41.937839752787625 ], [ -6.958719484312549, 41.939118120469992 ], [ -6.959459700280057, 41.939118120469992 ], [ -6.959459700280057, 41.940822570849669 ], [ -6.960199916247566, 41.940822570849669 ], [ -6.960199916247566, 41.942953069757536 ], [ -6.959459700280057, 41.942953069757536 ], [ -6.959459700280057, 41.945083497479615 ], [ -6.958719484312549, 41.945083497479615 ], [ -6.958719484312549, 41.94550957448169 ], [ -6.959459700280057, 41.94550957448169 ], [ -6.959459700280057, 41.946787788403142 ], [ -6.960199916247566, 41.946787788403142 ], [ -6.960199916247566, 41.948492033767124 ], [ -6.960940132215074, 41.948492033767124 ], [ -6.960940132215074, 41.949770187891467 ], [ -6.960199916247566, 41.949770187891467 ], [ -6.960199916247566, 41.951474353525526 ], [ -6.959459700280057, 41.951474353525526 ], [ -6.959459700280057, 41.95317847359923 ], [ -6.957239052377533, 41.95317847359923 ], [ -6.957239052377533, 41.953604496498826 ], [ -6.9542781885075, 41.953604496498826 ], [ -6.9542781885075, 41.954030516550866 ], [ -6.953537972539991, 41.954030516550866 ], [ -6.953537972539991, 41.954456533755369 ], [ -6.952797756572482, 41.954456533755369 ], [ -6.952797756572482, 41.954882548112309 ], [ -6.952057540604975, 41.954882548112309 ], [ -6.952057540604975, 41.955734568283518 ], [ -6.951317324637466, 41.955734568283518 ], [ -6.951317324637466, 41.956160574097765 ], [ -6.950577108669957, 41.956160574097765 ], [ -6.950577108669957, 41.957012577183555 ], [ -6.94983689270245, 41.957012577183555 ], [ -6.94983689270245, 41.957438574455082 ], [ -6.947616244799924, 41.957438574455082 ], [ -6.947616244799924, 41.957864568879025 ], [ -6.944655380929891, 41.957864568879025 ], [ -6.944655380929891, 41.958290560455374 ], [ -6.941694517059858, 41.958290560455374 ], [ -6.941694517059858, 41.958716549184132 ], [ -6.940954301092349, 41.958716549184132 ], [ -6.940954301092349, 41.959568518098841 ], [ -6.940214085124841, 41.959568518098841 ], [ -6.940214085124841, 41.960846450113849 ], [ -6.939473869157333, 41.960846450113849 ], [ -6.939473869157333, 41.961272421756945 ], [ -6.938733653189824, 41.961272421756945 ], [ -6.938733653189824, 41.961698390552414 ], [ -6.937253221254807, 41.961698390552414 ], [ -6.937253221254807, 41.962124356500254 ], [ -6.936513005287299, 41.962124356500254 ], [ -6.936513005287299, 41.962550319600467 ], [ -6.935032573352283, 41.962550319600467 ], [ -6.935032573352283, 41.962124356500254 ], [ -6.934292357384774, 41.962124356500254 ], [ -6.934292357384774, 41.961698390552414 ] ] ], [ [ [ -0.67872721597184, 42.551884173027034 ], [ -0.67872721597184, 42.551462172202271 ], [ -0.677987000004331, 42.551462172202271 ], [ -0.677987000004331, 42.551040168524253 ], [ -0.677246784036823, 42.551040168524253 ], [ -0.677246784036823, 42.550618161992951 ], [ -0.676506568069315, 42.550618161992951 ], [ -0.676506568069315, 42.54935212527954 ], [ -0.675766352101806, 42.54935212527954 ], [ -0.675766352101806, 42.547664036382848 ], [ -0.675026136134298, 42.547664036382848 ], [ -0.675026136134298, 42.546397939751351 ], [ -0.675766352101806, 42.546397939751351 ], [ -0.675766352101806, 42.544287721634426 ], [ -0.675026136134298, 42.544287721634426 ], [ -0.675026136134298, 42.543865669451414 ], [ -0.674285920166789, 42.543865669451414 ], [ -0.674285920166789, 42.543443614415196 ], [ -0.672805488231773, 42.543443614415196 ], [ -0.672805488231773, 42.542177432187358 ], [ -0.672065272264264, 42.542177432187358 ], [ -0.672065272264264, 42.540489149272304 ], [ -0.671325056296756, 42.540489149272304 ], [ -0.671325056296756, 42.540067071410597 ], [ -0.667623976459214, 42.540067071410597 ], [ -0.667623976459214, 42.53964499069572 ], [ -0.666883760491706, 42.53964499069572 ], [ -0.666883760491706, 42.538800820706477 ], [ -0.666143544524198, 42.538800820706477 ], [ -0.666143544524198, 42.538378731432111 ], [ -0.66540332855669, 42.538378731432111 ], [ -0.66540332855669, 42.537956639304582 ], [ -0.663922896621673, 42.537956639304582 ], [ -0.663922896621673, 42.538378731432111 ], [ -0.662442464686656, 42.538378731432111 ], [ -0.662442464686656, 42.538800820706477 ], [ -0.66096203275164, 42.538800820706477 ], [ -0.66096203275164, 42.539222907127673 ], [ -0.658001168881606, 42.539222907127673 ], [ -0.658001168881606, 42.538800820706477 ], [ -0.65652073694659, 42.538800820706477 ], [ -0.65652073694659, 42.538378731432111 ], [ -0.655040305011573, 42.538378731432111 ], [ -0.655040305011573, 42.537956639304582 ], [ -0.654300089044064, 42.537956639304582 ], [ -0.654300089044064, 42.537534544323918 ], [ -0.653559873076556, 42.537534544323918 ], [ -0.653559873076556, 42.536268242263034 ], [ -0.652819657109048, 42.536268242263034 ], [ -0.652819657109048, 42.535424026623424 ], [ -0.652079441141539, 42.535424026623424 ], [ -0.652079441141539, 42.534157681765542 ], [ -0.651339225174031, 42.534157681765542 ], [ -0.651339225174031, 42.532891311229577 ], [ -0.650599009206523, 42.532891311229577 ], [ -0.650599009206523, 42.531624915015648 ], [ -0.649858793239015, 42.531624915015648 ], [ -0.649858793239015, 42.530358493123842 ], [ -0.649118577271506, 42.530358493123842 ], [ -0.649118577271506, 42.525292548779845 ], [ -0.649858793239015, 42.525292548779845 ], [ -0.649858793239015, 42.521492820908961 ], [ -0.650599009206523, 42.521492820908961 ], [ -0.650599009206523, 42.518537317240707 ], [ -0.651339225174031, 42.518537317240707 ], [ -0.651339225174031, 42.518115091018984 ], [ -0.652079441141539, 42.518115091018984 ], [ -0.652079441141539, 42.517692861944283 ], [ -0.652819657109048, 42.517692861944283 ], [ -0.652819657109048, 42.517270630016611 ], [ -0.653559873076556, 42.517270630016611 ], [ -0.653559873076556, 42.516848395235968 ], [ -0.654300089044064, 42.516848395235968 ], [ -0.654300089044064, 42.516426157602346 ], [ -0.655040305011573, 42.516426157602346 ], [ -0.655040305011573, 42.516003917115761 ], [ -0.655780520979081, 42.516003917115761 ], [ -0.655780520979081, 42.515581673776211 ], [ -0.65652073694659, 42.515581673776211 ], [ -0.65652073694659, 42.515159427583718 ], [ -0.657260952914098, 42.515159427583718 ], [ -0.657260952914098, 42.514737178538248 ], [ -0.658001168881606, 42.514737178538248 ], [ -0.658001168881606, 42.514314926639834 ], [ -0.658741384849114, 42.514314926639834 ], [ -0.658741384849114, 42.513892671888478 ], [ -0.659481600816623, 42.513892671888478 ], [ -0.659481600816623, 42.513470414284178 ], [ -0.660221816784131, 42.513470414284178 ], [ -0.660221816784131, 42.513048153826936 ], [ -0.662442464686656, 42.513048153826936 ], [ -0.662442464686656, 42.513470414284178 ], [ -0.663182680654164, 42.513470414284178 ], [ -0.663182680654164, 42.513892671888478 ], [ -0.664663112589181, 42.513892671888478 ], [ -0.664663112589181, 42.514314926639834 ], [ -0.66540332855669, 42.514314926639834 ], [ -0.66540332855669, 42.515581673776211 ], [ -0.666143544524198, 42.515581673776211 ], [ -0.666143544524198, 42.517270630016611 ], [ -0.666883760491706, 42.517270630016611 ], [ -0.666883760491706, 42.520648405554454 ], [ -0.666143544524198, 42.520648405554454 ], [ -0.666143544524198, 42.521915024306708 ], [ -0.66540332855669, 42.521915024306708 ], [ -0.66540332855669, 42.522759422543139 ], [ -0.664663112589181, 42.522759422543139 ], [ -0.664663112589181, 42.523603809367494 ], [ -0.663922896621673, 42.523603809367494 ], [ -0.663922896621673, 42.524025998500129 ], [ -0.663182680654164, 42.524025998500129 ], [ -0.663182680654164, 42.526559073382153 ], [ -0.663922896621673, 42.526559073382153 ], [ -0.663922896621673, 42.528247732909158 ], [ -0.664663112589181, 42.528247732909158 ], [ -0.664663112589181, 42.529092045554265 ], [ -0.66540332855669, 42.529092045554265 ], [ -0.66540332855669, 42.529936346787068 ], [ -0.666143544524198, 42.529936346787068 ], [ -0.666143544524198, 42.530780636607538 ], [ -0.667623976459214, 42.530780636607538 ], [ -0.667623976459214, 42.529936346787068 ], [ -0.668364192426723, 42.529936346787068 ], [ -0.668364192426723, 42.527825572307002 ], [ -0.669104408394231, 42.527825572307002 ], [ -0.669104408394231, 42.525714726500325 ], [ -0.66984462436174, 42.525714726500325 ], [ -0.66984462436174, 42.523181617381837 ], [ -0.670584840329248, 42.523181617381837 ], [ -0.670584840329248, 42.521070614658214 ], [ -0.671325056296756, 42.521070614658214 ], [ -0.671325056296756, 42.520226193597694 ], [ -0.672065272264264, 42.520226193597694 ], [ -0.672065272264264, 42.519803978787934 ], [ -0.673545704199281, 42.519803978787934 ], [ -0.673545704199281, 42.519381761125182 ], [ -0.675026136134298, 42.519381761125182 ], [ -0.675026136134298, 42.518537317240707 ], [ -0.674285920166789, 42.518537317240707 ], [ -0.674285920166789, 42.518115091018984 ], [ -0.673545704199281, 42.518115091018984 ], [ -0.673545704199281, 42.517692861944283 ], [ -0.672805488231773, 42.517692861944283 ], [ -0.672805488231773, 42.516848395235968 ], [ -0.672065272264264, 42.516848395235968 ], [ -0.672065272264264, 42.516426157602346 ], [ -0.671325056296756, 42.516426157602346 ], [ -0.671325056296756, 42.515581673776211 ], [ -0.670584840329248, 42.515581673776211 ], [ -0.670584840329248, 42.514314926639834 ], [ -0.66984462436174, 42.514314926639834 ], [ -0.66984462436174, 42.513048153826936 ], [ -0.669104408394231, 42.513048153826936 ], [ -0.669104408394231, 42.511781355337597 ], [ -0.668364192426723, 42.511781355337597 ], [ -0.668364192426723, 42.511359083468619 ], [ -0.667623976459214, 42.511359083468619 ], [ -0.667623976459214, 42.511781355337597 ], [ -0.663182680654164, 42.511781355337597 ], [ -0.663182680654164, 42.512203624353631 ], [ -0.658001168881606, 42.512203624353631 ], [ -0.658001168881606, 42.512625890516752 ], [ -0.653559873076556, 42.512625890516752 ], [ -0.653559873076556, 42.513048153826936 ], [ -0.650599009206523, 42.513048153826936 ], [ -0.650599009206523, 42.513470414284178 ], [ -0.649858793239015, 42.513470414284178 ], [ -0.649858793239015, 42.513892671888478 ], [ -0.649118577271506, 42.513892671888478 ], [ -0.649118577271506, 42.514314926639834 ], [ -0.648378361303998, 42.514314926639834 ], [ -0.648378361303998, 42.514737178538248 ], [ -0.643937065498948, 42.514737178538248 ], [ -0.643937065498948, 42.514314926639834 ], [ -0.640235985661406, 42.514314926639834 ], [ -0.640235985661406, 42.515159427583718 ], [ -0.640976201628914, 42.515159427583718 ], [ -0.640976201628914, 42.515581673776211 ], [ -0.641716417596423, 42.515581673776211 ], [ -0.641716417596423, 42.516003917115761 ], [ -0.642456633563931, 42.516003917115761 ], [ -0.642456633563931, 42.517270630016611 ], [ -0.64319684953144, 42.517270630016611 ], [ -0.64319684953144, 42.51895954060943 ], [ -0.643937065498948, 42.51895954060943 ], [ -0.643937065498948, 42.521492820908961 ], [ -0.64319684953144, 42.521492820908961 ], [ -0.64319684953144, 42.524870368206308 ], [ -0.642456633563931, 42.524870368206308 ], [ -0.642456633563931, 42.527825572307002 ], [ -0.641716417596423, 42.527825572307002 ], [ -0.641716417596423, 42.529514197597209 ], [ -0.640976201628914, 42.529514197597209 ], [ -0.640976201628914, 42.529936346787068 ], [ -0.640235985661406, 42.529936346787068 ], [ -0.640235985661406, 42.530358493123842 ], [ -0.639495769693898, 42.530358493123842 ], [ -0.639495769693898, 42.530780636607538 ], [ -0.63875555372639, 42.530780636607538 ], [ -0.63875555372639, 42.531202777238143 ], [ -0.638015337758881, 42.531202777238143 ], [ -0.638015337758881, 42.531624915015648 ], [ -0.637275121791373, 42.531624915015648 ], [ -0.637275121791373, 42.532047049940061 ], [ -0.635054473888848, 42.532047049940061 ], [ -0.635054473888848, 42.531624915015648 ], [ -0.63431425792134, 42.531624915015648 ], [ -0.63431425792134, 42.531202777238143 ], [ -0.633574041953831, 42.531202777238143 ], [ -0.633574041953831, 42.530780636607538 ], [ -0.632833825986323, 42.530780636607538 ], [ -0.632833825986323, 42.530358493123842 ], [ -0.632093610018814, 42.530358493123842 ], [ -0.632093610018814, 42.529936346787068 ], [ -0.631353394051306, 42.529936346787068 ], [ -0.631353394051306, 42.529514197597209 ], [ -0.630613178083798, 42.529514197597209 ], [ -0.630613178083798, 42.526136901367771 ], [ -0.629872962116289, 42.526136901367771 ], [ -0.629872962116289, 42.523603809367494 ], [ -0.629132746148781, 42.523603809367494 ], [ -0.629132746148781, 42.523181617381837 ], [ -0.628392530181273, 42.523181617381837 ], [ -0.628392530181273, 42.522759422543139 ], [ -0.627652314213765, 42.522759422543139 ], [ -0.627652314213765, 42.522337224851434 ], [ -0.626912098246256, 42.522337224851434 ], [ -0.626912098246256, 42.521915024306708 ], [ -0.626171882278748, 42.521915024306708 ], [ -0.626171882278748, 42.521492820908961 ], [ -0.62543166631124, 42.521492820908961 ], [ -0.62543166631124, 42.520648405554454 ], [ -0.624691450343731, 42.520648405554454 ], [ -0.624691450343731, 42.520226193597694 ], [ -0.623951234376223, 42.520226193597694 ], [ -0.623951234376223, 42.519803978787934 ], [ -0.623211018408715, 42.519803978787934 ], [ -0.623211018408715, 42.519381761125182 ], [ -0.622470802441206, 42.519381761125182 ], [ -0.622470802441206, 42.513048153826936 ], [ -0.623211018408715, 42.513048153826936 ], [ -0.623211018408715, 42.512203624353631 ], [ -0.623951234376223, 42.512203624353631 ], [ -0.623951234376223, 42.511359083468619 ], [ -0.624691450343731, 42.511359083468619 ], [ -0.624691450343731, 42.510514531171914 ], [ -0.62543166631124, 42.510514531171914 ], [ -0.62543166631124, 42.510092250744194 ], [ -0.626171882278748, 42.510092250744194 ], [ -0.626171882278748, 42.50924768133001 ], [ -0.626912098246256, 42.50924768133001 ], [ -0.626912098246256, 42.501223702745136 ], [ -0.627652314213765, 42.501223702745136 ], [ -0.627652314213765, 42.500801359554217 ], [ -0.628392530181273, 42.500801359554217 ], [ -0.628392530181273, 42.500379013510468 ], [ -0.629132746148781, 42.500379013510468 ], [ -0.629132746148781, 42.499956664613883 ], [ -0.629872962116289, 42.499956664613883 ], [ -0.629872962116289, 42.499534312864483 ], [ -0.630613178083798, 42.499534312864483 ], [ -0.630613178083798, 42.499111958262255 ], [ -0.631353394051306, 42.499111958262255 ], [ -0.631353394051306, 42.498689600807225 ], [ -0.632093610018814, 42.498689600807225 ], [ -0.632093610018814, 42.498267240499374 ], [ -0.632833825986323, 42.498267240499374 ], [ -0.632833825986323, 42.498689600807225 ], [ -0.633574041953831, 42.498689600807225 ], [ -0.633574041953831, 42.499111958262255 ], [ -0.63431425792134, 42.499111958262255 ], [ -0.63431425792134, 42.499534312864483 ], [ -0.635054473888848, 42.499534312864483 ], [ -0.635054473888848, 42.499956664613883 ], [ -0.635794689856356, 42.499956664613883 ], [ -0.635794689856356, 42.498689600807225 ], [ -0.636534905823865, 42.498689600807225 ], [ -0.636534905823865, 42.496155396168071 ], [ -0.637275121791373, 42.496155396168071 ], [ -0.637275121791373, 42.494043480517021 ], [ -0.638015337758881, 42.494043480517021 ], [ -0.638015337758881, 42.491931493546694 ], [ -0.63875555372639, 42.491931493546694 ], [ -0.63875555372639, 42.489819435257537 ], [ -0.639495769693898, 42.489819435257537 ], [ -0.639495769693898, 42.488974591972699 ], [ -0.640976201628914, 42.488974591972699 ], [ -0.640976201628914, 42.488552166051193 ], [ -0.641716417596423, 42.488552166051193 ], [ -0.641716417596423, 42.488129737276964 ], [ -0.64319684953144, 42.488129737276964 ], [ -0.64319684953144, 42.487707305650005 ], [ -0.643937065498948, 42.487707305650005 ], [ -0.643937065498948, 42.488129737276964 ], [ -0.645417497433964, 42.488129737276964 ], [ -0.645417497433964, 42.488552166051193 ], [ -0.646157713401473, 42.488552166051193 ], [ -0.646157713401473, 42.488974591972699 ], [ -0.646897929368981, 42.488974591972699 ], [ -0.646897929368981, 42.489397015041483 ], [ -0.64763814533649, 42.489397015041483 ], [ -0.64763814533649, 42.489819435257537 ], [ -0.649118577271506, 42.489819435257537 ], [ -0.649118577271506, 42.489397015041483 ], [ -0.649858793239015, 42.489397015041483 ], [ -0.649858793239015, 42.488129737276964 ], [ -0.650599009206523, 42.488129737276964 ], [ -0.650599009206523, 42.486862433837963 ], [ -0.651339225174031, 42.486862433837963 ], [ -0.651339225174031, 42.485595104724588 ], [ -0.652079441141539, 42.485595104724588 ], [ -0.652079441141539, 42.485172655981394 ], [ -0.652819657109048, 42.485172655981394 ], [ -0.652819657109048, 42.485595104724588 ], [ -0.655040305011573, 42.485595104724588 ], [ -0.655040305011573, 42.486017550615081 ], [ -0.65652073694659, 42.486017550615081 ], [ -0.65652073694659, 42.486439993652873 ], [ -0.657260952914098, 42.486439993652873 ], [ -0.657260952914098, 42.486017550615081 ], [ -0.658001168881606, 42.486017550615081 ], [ -0.658001168881606, 42.484327749936931 ], [ -0.657260952914098, 42.484327749936931 ], [ -0.657260952914098, 42.483060369475105 ], [ -0.65652073694659, 42.483060369475105 ], [ -0.65652073694659, 42.481792963339188 ], [ -0.655780520979081, 42.481792963339188 ], [ -0.655780520979081, 42.480948011651925 ], [ -0.655040305011573, 42.480948011651925 ], [ -0.655040305011573, 42.480525531529302 ], [ -0.655780520979081, 42.480525531529302 ], [ -0.655780520979081, 42.479258074045532 ], [ -0.65652073694659, 42.479258074045532 ], [ -0.65652073694659, 42.47841308812648 ], [ -0.657260952914098, 42.47841308812648 ], [ -0.657260952914098, 42.477145587853137 ], [ -0.658001168881606, 42.477145587853137 ], [ -0.658001168881606, 42.475878061906194 ], [ -0.658741384849114, 42.475878061906194 ], [ -0.658741384849114, 42.475033030345152 ], [ -0.658001168881606, 42.475033030345152 ], [ -0.658001168881606, 42.472075330024687 ], [ -0.657260952914098, 42.472075330024687 ], [ -0.657260952914098, 42.468694929932354 ], [ -0.658001168881606, 42.468694929932354 ], [ -0.658001168881606, 42.467004661424888 ], [ -0.658741384849114, 42.467004661424888 ], [ -0.658741384849114, 42.466159510055938 ], [ -0.659481600816623, 42.466159510055938 ], [ -0.659481600816623, 42.465736930092682 ], [ -0.661702248719148, 42.465736930092682 ], [ -0.661702248719148, 42.46531434727688 ], [ -0.663922896621673, 42.46531434727688 ], [ -0.663922896621673, 42.464891761608577 ], [ -0.66540332855669, 42.464891761608577 ], [ -0.66540332855669, 42.465736930092682 ], [ -0.666143544524198, 42.465736930092682 ], [ -0.666143544524198, 42.466582087166685 ], [ -0.666883760491706, 42.466582087166685 ], [ -0.666883760491706, 42.467849801383707 ], [ -0.667623976459214, 42.467849801383707 ], [ -0.667623976459214, 42.469117489927854 ], [ -0.668364192426723, 42.469117489927854 ], [ -0.668364192426723, 42.469962601361203 ], [ -0.66984462436174, 42.469962601361203 ], [ -0.66984462436174, 42.470385152799032 ], [ -0.671325056296756, 42.470385152799032 ], [ -0.671325056296756, 42.470807701384302 ], [ -0.672065272264264, 42.470807701384302 ], [ -0.672065272264264, 42.470385152799032 ], [ -0.672805488231773, 42.470385152799032 ], [ -0.672805488231773, 42.469540047070808 ], [ -0.673545704199281, 42.469540047070808 ], [ -0.673545704199281, 42.468694929932354 ], [ -0.674285920166789, 42.468694929932354 ], [ -0.674285920166789, 42.466582087166685 ], [ -0.675026136134298, 42.466582087166685 ], [ -0.675026136134298, 42.46404658171442 ], [ -0.675766352101806, 42.46404658171442 ], [ -0.675766352101806, 42.463623987488582 ], [ -0.677246784036823, 42.463623987488582 ], [ -0.677246784036823, 42.463201390410227 ], [ -0.67872721597184, 42.463201390410227 ], [ -0.67872721597184, 42.462778790479376 ], [ -0.680207647906856, 42.462778790479376 ], [ -0.680207647906856, 42.46108836223106 ], [ -0.679467431939348, 42.46108836223106 ], [ -0.679467431939348, 42.459397888343034 ], [ -0.680207647906856, 42.459397888343034 ], [ -0.680207647906856, 42.45770736881552 ], [ -0.680947863874365, 42.45770736881552 ], [ -0.680947863874365, 42.45643944921914 ], [ -0.681688079841873, 42.45643944921914 ], [ -0.681688079841873, 42.456016803648794 ], [ -0.682428295809381, 42.456016803648794 ], [ -0.682428295809381, 42.455594155226009 ], [ -0.68316851177689, 42.455594155226009 ], [ -0.68316851177689, 42.455171503950794 ], [ -0.684648943711906, 42.455171503950794 ], [ -0.684648943711906, 42.454748849823147 ], [ -0.691310887419481, 42.454748849823147 ], [ -0.691310887419481, 42.453058204788348 ], [ -0.690570671451973, 42.453058204788348 ], [ -0.690570671451973, 42.450944834315635 ], [ -0.691310887419481, 42.450944834315635 ], [ -0.691310887419481, 42.449676777803276 ], [ -0.69205110338699, 42.449676777803276 ], [ -0.69205110338699, 42.448408695619484 ], [ -0.692791319354498, 42.448408695619484 ], [ -0.692791319354498, 42.447985995853479 ], [ -0.691310887419481, 42.447985995853479 ], [ -0.691310887419481, 42.447563293235106 ], [ -0.689830455484465, 42.447563293235106 ], [ -0.689830455484465, 42.44714058776438 ], [ -0.688350023549448, 42.44714058776438 ], [ -0.688350023549448, 42.44671787944128 ], [ -0.68760980758194, 42.44671787944128 ], [ -0.68760980758194, 42.445027017625421 ], [ -0.686869591614431, 42.445027017625421 ], [ -0.686869591614431, 42.44418156960343 ], [ -0.686129375646923, 42.44418156960343 ], [ -0.686129375646923, 42.444604295040591 ], [ -0.681688079841873, 42.444604295040591 ], [ -0.681688079841873, 42.445027017625421 ], [ -0.67872721597184, 42.445027017625421 ], [ -0.67872721597184, 42.444604295040591 ], [ -0.677987000004331, 42.444604295040591 ], [ -0.677987000004331, 42.44418156960343 ], [ -0.677246784036823, 42.44418156960343 ], [ -0.677246784036823, 42.443758841313951 ], [ -0.675766352101806, 42.443758841313951 ], [ -0.675766352101806, 42.442913376177984 ], [ -0.675026136134298, 42.442913376177984 ], [ -0.675026136134298, 42.44122241167824 ], [ -0.674285920166789, 42.44122241167824 ], [ -0.674285920166789, 42.439531401541615 ], [ -0.673545704199281, 42.439531401541615 ], [ -0.673545704199281, 42.438263113990082 ], [ -0.672805488231773, 42.438263113990082 ], [ -0.672805488231773, 42.436572023989484 ], [ -0.672065272264264, 42.436572023989484 ], [ -0.672065272264264, 42.435303676540258 ], [ -0.671325056296756, 42.435303676540258 ], [ -0.671325056296756, 42.435726461875589 ], [ -0.66984462436174, 42.435726461875589 ], [ -0.66984462436174, 42.436149244358667 ], [ -0.667623976459214, 42.436149244358667 ], [ -0.667623976459214, 42.435726461875589 ], [ -0.666883760491706, 42.435726461875589 ], [ -0.666883760491706, 42.435303676540258 ], [ -0.66540332855669, 42.435303676540258 ], [ -0.66540332855669, 42.434880888352673 ], [ -0.664663112589181, 42.434880888352673 ], [ -0.664663112589181, 42.432766904631094 ], [ -0.663922896621673, 42.432766904631094 ], [ -0.663922896621673, 42.42980720762732 ], [ -0.663182680654164, 42.42980720762732 ], [ -0.663182680654164, 42.428961554242079 ], [ -0.662442464686656, 42.428961554242079 ], [ -0.662442464686656, 42.428115889448051 ], [ -0.661702248719148, 42.428115889448051 ], [ -0.661702248719148, 42.427693052772746 ], [ -0.66096203275164, 42.427693052772746 ], [ -0.66096203275164, 42.426847370865595 ], [ -0.660221816784131, 42.426847370865595 ], [ -0.660221816784131, 42.423464529150245 ], [ -0.655040305011573, 42.423464529150245 ], [ -0.655040305011573, 42.422618790199856 ], [ -0.654300089044064, 42.422618790199856 ], [ -0.654300089044064, 42.421773039840922 ], [ -0.653559873076556, 42.421773039840922 ], [ -0.653559873076556, 42.420504392911546 ], [ -0.652819657109048, 42.420504392911546 ], [ -0.652819657109048, 42.419235720313083 ], [ -0.652079441141539, 42.419235720313083 ], [ -0.652079441141539, 42.417544116918982 ], [ -0.652819657109048, 42.417544116918982 ], [ -0.652819657109048, 42.416698298109353 ], [ -0.653559873076556, 42.416698298109353 ], [ -0.653559873076556, 42.415429548504278 ], [ -0.654300089044064, 42.415429548504278 ], [ -0.654300089044064, 42.414160773230542 ], [ -0.655040305011573, 42.414160773230542 ], [ -0.655040305011573, 42.413737842435154 ], [ -0.655780520979081, 42.413737842435154 ], [ -0.655780520979081, 42.413314908787711 ], [ -0.657260952914098, 42.413314908787711 ], [ -0.657260952914098, 42.413737842435154 ], [ -0.659481600816623, 42.413737842435154 ], [ -0.659481600816623, 42.412046090733092 ], [ -0.660221816784131, 42.412046090733092 ], [ -0.660221816784131, 42.409931336934555 ], [ -0.66096203275164, 42.409931336934555 ], [ -0.66096203275164, 42.409085415450939 ], [ -0.661702248719148, 42.409085415450939 ], [ -0.661702248719148, 42.408662450431109 ], [ -0.662442464686656, 42.408662450431109 ], [ -0.662442464686656, 42.407816511835406 ], [ -0.663182680654164, 42.407816511835406 ], [ -0.663182680654164, 42.407393538259541 ], [ -0.663922896621673, 42.407393538259541 ], [ -0.663922896621673, 42.406970561831677 ], [ -0.663182680654164, 42.406970561831677 ], [ -0.663182680654164, 42.404432643372679 ], [ -0.662442464686656, 42.404432643372679 ], [ -0.662442464686656, 42.402317632894167 ], [ -0.661702248719148, 42.402317632894167 ], [ -0.661702248719148, 42.400202551116756 ], [ -0.66096203275164, 42.400202551116756 ], [ -0.66096203275164, 42.398510434359949 ], [ -0.661702248719148, 42.398510434359949 ], [ -0.661702248719148, 42.397664358870003 ], [ -0.662442464686656, 42.397664358870003 ], [ -0.662442464686656, 42.396395224245737 ], [ -0.663182680654164, 42.396395224245737 ], [ -0.663182680654164, 42.395126063954358 ], [ -0.663922896621673, 42.395126063954358 ], [ -0.663922896621673, 42.394279942833975 ], [ -0.668364192426723, 42.394279942833975 ], [ -0.668364192426723, 42.393010739764293 ], [ -0.667623976459214, 42.393010739764293 ], [ -0.667623976459214, 42.391741511027767 ], [ -0.666883760491706, 42.391741511027767 ], [ -0.666883760491706, 42.390049166119717 ], [ -0.667623976459214, 42.390049166119717 ], [ -0.667623976459214, 42.387933670818171 ], [ -0.668364192426723, 42.387933670818171 ], [ -0.668364192426723, 42.387087452734754 ], [ -0.66984462436174, 42.387087452734754 ], [ -0.66984462436174, 42.386664339415319 ], [ -0.672065272264264, 42.386664339415319 ], [ -0.672065272264264, 42.386241223244063 ], [ -0.673545704199281, 42.386241223244063 ], [ -0.673545704199281, 42.385818104221002 ], [ -0.674285920166789, 42.385818104221002 ], [ -0.674285920166789, 42.38454873004099 ], [ -0.675026136134298, 42.38454873004099 ], [ -0.675026136134298, 42.383279330194846 ], [ -0.675766352101806, 42.383279330194846 ], [ -0.675766352101806, 42.382009904682647 ], [ -0.676506568069315, 42.382009904682647 ], [ -0.676506568069315, 42.381163606748984 ], [ -0.677246784036823, 42.381163606748984 ], [ -0.677246784036823, 42.380317297408261 ], [ -0.680207647906856, 42.380317297408261 ], [ -0.680207647906856, 42.380740453504501 ], [ -0.682428295809381, 42.380740453504501 ], [ -0.682428295809381, 42.381163606748984 ], [ -0.684648943711906, 42.381163606748984 ], [ -0.684648943711906, 42.38158675714169 ], [ -0.686869591614431, 42.38158675714169 ], [ -0.686869591614431, 42.382009904682647 ], [ -0.688350023549448, 42.382009904682647 ], [ -0.688350023549448, 42.38158675714169 ], [ -0.689830455484465, 42.38158675714169 ], [ -0.689830455484465, 42.381163606748984 ], [ -0.690570671451973, 42.381163606748984 ], [ -0.690570671451973, 42.380740453504501 ], [ -0.691310887419481, 42.380740453504501 ], [ -0.691310887419481, 42.380317297408261 ], [ -0.693531535322006, 42.380317297408261 ], [ -0.693531535322006, 42.380740453504501 ], [ -0.695011967257023, 42.380740453504501 ], [ -0.695011967257023, 42.381163606748984 ], [ -0.69649239919204, 42.381163606748984 ], [ -0.69649239919204, 42.38158675714169 ], [ -0.697972831127056, 42.38158675714169 ], [ -0.697972831127056, 42.382009904682647 ], [ -0.699453263062073, 42.382009904682647 ], [ -0.699453263062073, 42.382433049371812 ], [ -0.70093369499709, 42.382433049371812 ], [ -0.70093369499709, 42.382856191209221 ], [ -0.701673910964598, 42.382856191209221 ], [ -0.701673910964598, 42.383279330194846 ], [ -0.702414126932106, 42.383279330194846 ], [ -0.702414126932106, 42.384125599610734 ], [ -0.703154342899615, 42.384125599610734 ], [ -0.703154342899615, 42.384971857619462 ], [ -0.703894558867123, 42.384971857619462 ], [ -0.703894558867123, 42.386241223244063 ], [ -0.704634774834631, 42.386241223244063 ], [ -0.704634774834631, 42.387087452734754 ], [ -0.70537499080214, 42.387087452734754 ], [ -0.70537499080214, 42.387933670818171 ], [ -0.706115206769648, 42.387933670818171 ], [ -0.706115206769648, 42.3892029765546 ], [ -0.706855422737156, 42.3892029765546 ], [ -0.706855422737156, 42.389626072763079 ], [ -0.711296718542206, 42.389626072763079 ], [ -0.711296718542206, 42.390472256624506 ], [ -0.712036934509715, 42.390472256624506 ], [ -0.712036934509715, 42.390895344277439 ], [ -0.712777150477223, 42.390895344277439 ], [ -0.712777150477223, 42.391741511027767 ], [ -0.71425758241224, 42.391741511027767 ], [ -0.71425758241224, 42.391318429078538 ], [ -0.715738014347256, 42.391318429078538 ], [ -0.715738014347256, 42.390895344277439 ], [ -0.716478230314765, 42.390895344277439 ], [ -0.716478230314765, 42.390472256624506 ], [ -0.717958662249781, 42.390472256624506 ], [ -0.717958662249781, 42.390049166119717 ], [ -0.71869887821729, 42.390049166119717 ], [ -0.71869887821729, 42.389626072763079 ], [ -0.719439094184798, 42.389626072763079 ], [ -0.719439094184798, 42.3892029765546 ], [ -0.72314017402234, 42.3892029765546 ], [ -0.72314017402234, 42.389626072763079 ], [ -0.726101037892373, 42.389626072763079 ], [ -0.726101037892373, 42.390049166119717 ], [ -0.728321685794898, 42.390049166119717 ], [ -0.728321685794898, 42.390472256624506 ], [ -0.729061901762406, 42.390472256624506 ], [ -0.729061901762406, 42.390049166119717 ], [ -0.730542333697423, 42.390049166119717 ], [ -0.730542333697423, 42.389626072763079 ], [ -0.73202276563244, 42.389626072763079 ], [ -0.73202276563244, 42.3892029765546 ], [ -0.732762981599948, 42.3892029765546 ], [ -0.732762981599948, 42.388779877494287 ], [ -0.734243413534964, 42.388779877494287 ], [ -0.734243413534964, 42.388356775582146 ], [ -0.735723845469981, 42.388356775582146 ], [ -0.735723845469981, 42.387933670818171 ], [ -0.73646406143749, 42.387933670818171 ], [ -0.73646406143749, 42.387510563202369 ], [ -0.737944493372506, 42.387510563202369 ], [ -0.737944493372506, 42.387933670818171 ], [ -0.739424925307523, 42.387933670818171 ], [ -0.739424925307523, 42.388356775582146 ], [ -0.740165141275031, 42.388356775582146 ], [ -0.740165141275031, 42.388779877494287 ], [ -0.74090535724254, 42.388779877494287 ], [ -0.74090535724254, 42.3892029765546 ], [ -0.741645573210048, 42.3892029765546 ], [ -0.741645573210048, 42.389626072763079 ], [ -0.742385789177556, 42.389626072763079 ], [ -0.742385789177556, 42.3892029765546 ], [ -0.74534665304759, 42.3892029765546 ], [ -0.74534665304759, 42.388779877494287 ], [ -0.748307516917623, 42.388779877494287 ], [ -0.748307516917623, 42.388356775582146 ], [ -0.750528164820148, 42.388356775582146 ], [ -0.750528164820148, 42.387933670818171 ], [ -0.752008596755165, 42.387933670818171 ], [ -0.752008596755165, 42.388356775582146 ], [ -0.753489028690181, 42.388356775582146 ], [ -0.753489028690181, 42.388779877494287 ], [ -0.755709676592706, 42.388779877494287 ], [ -0.755709676592706, 42.3892029765546 ], [ -0.757190108527723, 42.3892029765546 ], [ -0.757190108527723, 42.390472256624506 ], [ -0.757930324495231, 42.390472256624506 ], [ -0.757930324495231, 42.391741511027767 ], [ -0.75867054046274, 42.391741511027767 ], [ -0.75867054046274, 42.393010739764293 ], [ -0.759410756430248, 42.393010739764293 ], [ -0.759410756430248, 42.394279942833975 ], [ -0.760150972397756, 42.394279942833975 ], [ -0.760150972397756, 42.395126063954358 ], [ -0.760891188365265, 42.395126063954358 ], [ -0.760891188365265, 42.395549120236716 ], [ -0.76311183626779, 42.395549120236716 ], [ -0.76311183626779, 42.395972173667168 ], [ -0.766072700137823, 42.395972173667168 ], [ -0.766072700137823, 42.396395224245737 ], [ -0.76755313207284, 42.396395224245737 ], [ -0.76755313207284, 42.397664358870003 ], [ -0.768293348040348, 42.397664358870003 ], [ -0.768293348040348, 42.398510434359949 ], [ -0.769033564007856, 42.398510434359949 ], [ -0.769033564007856, 42.399356498442209 ], [ -0.769773779975365, 42.399356498442209 ], [ -0.769773779975365, 42.399779526205457 ], [ -0.773474859812906, 42.399779526205457 ], [ -0.773474859812906, 42.400202551116756 ], [ -0.778656371585465, 42.400202551116756 ], [ -0.778656371585465, 42.400625573176129 ], [ -0.779396587552973, 42.400625573176129 ], [ -0.779396587552973, 42.401048592383553 ], [ -0.780136803520481, 42.401048592383553 ], [ -0.780136803520481, 42.401471608739044 ], [ -0.78087701948799, 42.401471608739044 ], [ -0.78087701948799, 42.401894622242587 ], [ -0.781617235455498, 42.401894622242587 ], [ -0.781617235455498, 42.402317632894167 ], [ -0.782357451423006, 42.402317632894167 ], [ -0.782357451423006, 42.4027406406938 ], [ -0.783097667390515, 42.4027406406938 ], [ -0.783097667390515, 42.403163645641456 ], [ -0.783837883358023, 42.403163645641456 ], [ -0.783837883358023, 42.403586647737171 ], [ -0.784578099325531, 42.403586647737171 ], [ -0.784578099325531, 42.404432643372679 ], [ -0.78531831529304, 42.404432643372679 ], [ -0.78531831529304, 42.405701615436115 ], [ -0.786058531260548, 42.405701615436115 ], [ -0.786058531260548, 42.406970561831677 ], [ -0.786798747228056, 42.406970561831677 ], [ -0.786798747228056, 42.407393538259541 ], [ -0.789019395130581, 42.407393538259541 ], [ -0.789019395130581, 42.407816511835406 ], [ -0.791980259000615, 42.407816511835406 ], [ -0.791980259000615, 42.408239482559253 ], [ -0.792720474968123, 42.408239482559253 ], [ -0.792720474968123, 42.409085415450939 ], [ -0.793460690935631, 42.409085415450939 ], [ -0.793460690935631, 42.409931336934555 ], [ -0.79420090690314, 42.409931336934555 ], [ -0.79420090690314, 42.410777247010074 ], [ -0.794941122870648, 42.410777247010074 ], [ -0.794941122870648, 42.416698298109353 ], [ -0.795681338838156, 42.416698298109353 ], [ -0.795681338838156, 42.417121208940209 ], [ -0.796421554805665, 42.417121208940209 ], [ -0.796421554805665, 42.417544116918982 ], [ -0.797161770773173, 42.417544116918982 ], [ -0.797161770773173, 42.417967022045659 ], [ -0.797901986740681, 42.417967022045659 ], [ -0.797901986740681, 42.41838992432023 ], [ -0.79864220270819, 42.41838992432023 ], [ -0.79864220270819, 42.418812823742712 ], [ -0.799382418675698, 42.418812823742712 ], [ -0.799382418675698, 42.419235720313083 ], [ -0.800122634643206, 42.419235720313083 ], [ -0.800122634643206, 42.423041661101124 ], [ -0.799382418675698, 42.423041661101124 ], [ -0.799382418675698, 42.42557882661356 ], [ -0.800122634643206, 42.42557882661356 ], [ -0.800122634643206, 42.426424525633763 ], [ -0.800862850610715, 42.426424525633763 ], [ -0.800862850610715, 42.426847370865595 ], [ -0.801603066578223, 42.426847370865595 ], [ -0.801603066578223, 42.427270213245265 ], [ -0.802343282545731, 42.427270213245265 ], [ -0.802343282545731, 42.427693052772746 ], [ -0.80308349851324, 42.427693052772746 ], [ -0.80308349851324, 42.427270213245265 ], [ -0.805304146415765, 42.427270213245265 ], [ -0.805304146415765, 42.426847370865595 ], [ -0.80752479431829, 42.426847370865595 ], [ -0.80752479431829, 42.427693052772746 ], [ -0.808265010285798, 42.427693052772746 ], [ -0.808265010285798, 42.428961554242079 ], [ -0.809005226253306, 42.428961554242079 ], [ -0.809005226253306, 42.42980720762732 ], [ -0.809745442220815, 42.42980720762732 ], [ -0.809745442220815, 42.43107566631366 ], [ -0.810485658188323, 42.43107566631366 ], [ -0.810485658188323, 42.432766904631094 ], [ -0.809745442220815, 42.432766904631094 ], [ -0.809745442220815, 42.434035303420757 ], [ -0.809005226253306, 42.434035303420757 ], [ -0.809005226253306, 42.434880888352673 ], [ -0.808265010285798, 42.434880888352673 ], [ -0.808265010285798, 42.436149244358667 ], [ -0.80752479431829, 42.436149244358667 ], [ -0.80752479431829, 42.436994800768048 ], [ -0.806044362383273, 42.436994800768048 ], [ -0.806044362383273, 42.436572023989484 ], [ -0.803823714480748, 42.436572023989484 ], [ -0.803823714480748, 42.436149244358667 ], [ -0.801603066578223, 42.436149244358667 ], [ -0.801603066578223, 42.439531401541615 ], [ -0.800862850610715, 42.439531401541615 ], [ -0.800862850610715, 42.44122241167824 ], [ -0.801603066578223, 42.44122241167824 ], [ -0.801603066578223, 42.442913376177984 ], [ -0.802343282545731, 42.442913376177984 ], [ -0.802343282545731, 42.446295168265841 ], [ -0.801603066578223, 42.446295168265841 ], [ -0.801603066578223, 42.449254086594394 ], [ -0.800862850610715, 42.449254086594394 ], [ -0.800862850610715, 42.451790191061924 ], [ -0.800122634643206, 42.451790191061924 ], [ -0.800122634643206, 42.454326192843084 ], [ -0.800862850610715, 42.454326192843084 ], [ -0.800862850610715, 42.455594155226009 ], [ -0.801603066578223, 42.455594155226009 ], [ -0.801603066578223, 42.456862091937047 ], [ -0.802343282545731, 42.456862091937047 ], [ -0.802343282545731, 42.458130002976084 ], [ -0.80308349851324, 42.458130002976084 ], [ -0.80308349851324, 42.459820511093746 ], [ -0.802343282545731, 42.459820511093746 ], [ -0.802343282545731, 42.461510973571876 ], [ -0.801603066578223, 42.461510973571876 ], [ -0.801603066578223, 42.462778790479376 ], [ -0.800862850610715, 42.462778790479376 ], [ -0.800862850610715, 42.463201390410227 ], [ -0.799382418675698, 42.463201390410227 ], [ -0.799382418675698, 42.463623987488582 ], [ -0.797901986740681, 42.463623987488582 ], [ -0.797901986740681, 42.464891761608577 ], [ -0.79864220270819, 42.464891761608577 ], [ -0.79864220270819, 42.466159510055938 ], [ -0.799382418675698, 42.466159510055938 ], [ -0.799382418675698, 42.468272367084303 ], [ -0.79864220270819, 42.468272367084303 ], [ -0.79864220270819, 42.469540047070808 ], [ -0.797901986740681, 42.469540047070808 ], [ -0.797901986740681, 42.470385152799032 ], [ -0.797161770773173, 42.470385152799032 ], [ -0.797161770773173, 42.471652789997137 ], [ -0.796421554805665, 42.471652789997137 ], [ -0.796421554805665, 42.472497867199664 ], [ -0.797161770773173, 42.472497867199664 ], [ -0.797161770773173, 42.473765461609084 ], [ -0.797901986740681, 42.473765461609084 ], [ -0.797901986740681, 42.474610510285736 ], [ -0.79864220270819, 42.474610510285736 ], [ -0.79864220270819, 42.475033030345152 ], [ -0.799382418675698, 42.475033030345152 ], [ -0.799382418675698, 42.475455547551981 ], [ -0.800862850610715, 42.475455547551981 ], [ -0.800862850610715, 42.475878061906194 ], [ -0.801603066578223, 42.475878061906194 ], [ -0.801603066578223, 42.475455547551981 ], [ -0.802343282545731, 42.475455547551981 ], [ -0.802343282545731, 42.474610510285736 ], [ -0.80308349851324, 42.474610510285736 ], [ -0.80308349851324, 42.473765461609084 ], [ -0.803823714480748, 42.473765461609084 ], [ -0.803823714480748, 42.473342932991862 ], [ -0.804563930448256, 42.473342932991862 ], [ -0.804563930448256, 42.47292040152206 ], [ -0.805304146415765, 42.47292040152206 ], [ -0.805304146415765, 42.473342932991862 ], [ -0.806784578350781, 42.473342932991862 ], [ -0.806784578350781, 42.473765461609084 ], [ -0.809005226253306, 42.473765461609084 ], [ -0.809005226253306, 42.474187987373703 ], [ -0.810485658188323, 42.474187987373703 ], [ -0.810485658188323, 42.475033030345152 ], [ -0.811225874155831, 42.475033030345152 ], [ -0.811225874155831, 42.476723082056779 ], [ -0.81196609012334, 42.476723082056779 ], [ -0.81196609012334, 42.480103048554035 ], [ -0.811225874155831, 42.480103048554035 ], [ -0.811225874155831, 42.482637903615796 ], [ -0.810485658188323, 42.482637903615796 ], [ -0.810485658188323, 42.485172655981394 ], [ -0.809745442220815, 42.485172655981394 ], [ -0.809745442220815, 42.486017550615081 ], [ -0.810485658188323, 42.486017550615081 ], [ -0.810485658188323, 42.487284871170338 ], [ -0.811225874155831, 42.487284871170338 ], [ -0.811225874155831, 42.488552166051193 ], [ -0.81196609012334, 42.488552166051193 ], [ -0.81196609012334, 42.491509087594352 ], [ -0.811225874155831, 42.491509087594352 ], [ -0.811225874155831, 42.494888255335773 ], [ -0.81196609012334, 42.494888255335773 ], [ -0.81196609012334, 42.496155396168071 ], [ -0.812706306090848, 42.496155396168071 ], [ -0.812706306090848, 42.496577770739925 ], [ -0.814926953993373, 42.496577770739925 ], [ -0.814926953993373, 42.49700014245898 ], [ -0.817147601895898, 42.49700014245898 ], [ -0.817147601895898, 42.497422511325247 ], [ -0.819368249798423, 42.497422511325247 ], [ -0.819368249798423, 42.497844877338707 ], [ -0.820108465765931, 42.497844877338707 ], [ -0.820108465765931, 42.499111958262255 ], [ -0.82084868173344, 42.499111958262255 ], [ -0.82084868173344, 42.502913046980453 ], [ -0.821588897700948, 42.502913046980453 ], [ -0.821588897700948, 42.503757701981037 ], [ -0.82084868173344, 42.503757701981037 ], [ -0.82084868173344, 42.504602345570191 ], [ -0.820108465765931, 42.504602345570191 ], [ -0.820108465765931, 42.505446977747887 ], [ -0.819368249798423, 42.505446977747887 ], [ -0.819368249798423, 42.50629159851411 ], [ -0.818628033830915, 42.50629159851411 ], [ -0.818628033830915, 42.506713904617897 ], [ -0.814926953993373, 42.506713904617897 ], [ -0.814926953993373, 42.50629159851411 ], [ -0.814186738025865, 42.50629159851411 ], [ -0.814186738025865, 42.506713904617897 ], [ -0.813446522058356, 42.506713904617897 ], [ -0.813446522058356, 42.507980805811975 ], [ -0.812706306090848, 42.507980805811975 ], [ -0.812706306090848, 42.50924768133001 ], [ -0.81196609012334, 42.50924768133001 ], [ -0.81196609012334, 42.510514531171914 ], [ -0.811225874155831, 42.510514531171914 ], [ -0.811225874155831, 42.510936808746735 ], [ -0.806044362383273, 42.510936808746735 ], [ -0.806044362383273, 42.511781355337597 ], [ -0.805304146415765, 42.511781355337597 ], [ -0.805304146415765, 42.512625890516752 ], [ -0.804563930448256, 42.512625890516752 ], [ -0.804563930448256, 42.513470414284178 ], [ -0.803823714480748, 42.513470414284178 ], [ -0.803823714480748, 42.514314926639834 ], [ -0.80308349851324, 42.514314926639834 ], [ -0.80308349851324, 42.515159427583718 ], [ -0.802343282545731, 42.515159427583718 ], [ -0.802343282545731, 42.515581673776211 ], [ -0.800862850610715, 42.515581673776211 ], [ -0.800862850610715, 42.516003917115761 ], [ -0.800122634643206, 42.516003917115761 ], [ -0.800122634643206, 42.516426157602346 ], [ -0.795681338838156, 42.516426157602346 ], [ -0.795681338838156, 42.516003917115761 ], [ -0.793460690935631, 42.516003917115761 ], [ -0.793460690935631, 42.515581673776211 ], [ -0.791240043033106, 42.515581673776211 ], [ -0.791240043033106, 42.515159427583718 ], [ -0.78975961109809, 42.515159427583718 ], [ -0.78975961109809, 42.513892671888478 ], [ -0.789019395130581, 42.513892671888478 ], [ -0.789019395130581, 42.513048153826936 ], [ -0.788279179163073, 42.513048153826936 ], [ -0.788279179163073, 42.512203624353631 ], [ -0.787538963195565, 42.512203624353631 ], [ -0.787538963195565, 42.511359083468619 ], [ -0.786058531260548, 42.511359083468619 ], [ -0.786058531260548, 42.511781355337597 ], [ -0.78531831529304, 42.511781355337597 ], [ -0.78531831529304, 42.512625890516752 ], [ -0.784578099325531, 42.512625890516752 ], [ -0.784578099325531, 42.513048153826936 ], [ -0.779396587552973, 42.513048153826936 ], [ -0.779396587552973, 42.512203624353631 ], [ -0.778656371585465, 42.512203624353631 ], [ -0.778656371585465, 42.511359083468619 ], [ -0.777916155617956, 42.511359083468619 ], [ -0.777916155617956, 42.510514531171914 ], [ -0.777175939650448, 42.510514531171914 ], [ -0.777175939650448, 42.50629159851411 ], [ -0.777916155617956, 42.50629159851411 ], [ -0.777916155617956, 42.505024663085472 ], [ -0.772734643845398, 42.505024663085472 ], [ -0.772734643845398, 42.505446977747887 ], [ -0.773474859812906, 42.505446977747887 ], [ -0.773474859812906, 42.506713904617897 ], [ -0.774215075780415, 42.506713904617897 ], [ -0.774215075780415, 42.508825392343567 ], [ -0.774955291747923, 42.508825392343567 ], [ -0.774955291747923, 42.510092250744194 ], [ -0.774215075780415, 42.510092250744194 ], [ -0.774215075780415, 42.512203624353631 ], [ -0.773474859812906, 42.512203624353631 ], [ -0.773474859812906, 42.513470414284178 ], [ -0.77199442787789, 42.513470414284178 ], [ -0.77199442787789, 42.513892671888478 ], [ -0.771254211910381, 42.513892671888478 ], [ -0.771254211910381, 42.514314926639834 ], [ -0.770513995942873, 42.514314926639834 ], [ -0.770513995942873, 42.514737178538248 ], [ -0.768293348040348, 42.514737178538248 ], [ -0.768293348040348, 42.514314926639834 ], [ -0.76755313207284, 42.514314926639834 ], [ -0.76755313207284, 42.513892671888478 ], [ -0.766812916105331, 42.513892671888478 ], [ -0.766812916105331, 42.513470414284178 ], [ -0.766072700137823, 42.513470414284178 ], [ -0.766072700137823, 42.512625890516752 ], [ -0.765332484170315, 42.512625890516752 ], [ -0.765332484170315, 42.513892671888478 ], [ -0.766072700137823, 42.513892671888478 ], [ -0.766072700137823, 42.516426157602346 ], [ -0.766812916105331, 42.516426157602346 ], [ -0.766812916105331, 42.516003917115761 ], [ -0.773474859812906, 42.516003917115761 ], [ -0.773474859812906, 42.516426157602346 ], [ -0.774955291747923, 42.516426157602346 ], [ -0.774955291747923, 42.516848395235968 ], [ -0.77643572368294, 42.516848395235968 ], [ -0.77643572368294, 42.517270630016611 ], [ -0.777916155617956, 42.517270630016611 ], [ -0.777916155617956, 42.517692861944283 ], [ -0.779396587552973, 42.517692861944283 ], [ -0.779396587552973, 42.518115091018984 ], [ -0.780136803520481, 42.518115091018984 ], [ -0.780136803520481, 42.51895954060943 ], [ -0.78087701948799, 42.51895954060943 ], [ -0.78087701948799, 42.519803978787934 ], [ -0.781617235455498, 42.519803978787934 ], [ -0.781617235455498, 42.521070614658214 ], [ -0.782357451423006, 42.521070614658214 ], [ -0.782357451423006, 42.521915024306708 ], [ -0.78531831529304, 42.521915024306708 ], [ -0.78531831529304, 42.522337224851434 ], [ -0.788279179163073, 42.522337224851434 ], [ -0.788279179163073, 42.522759422543139 ], [ -0.78975961109809, 42.522759422543139 ], [ -0.78975961109809, 42.523181617381837 ], [ -0.790499827065598, 42.523181617381837 ], [ -0.790499827065598, 42.526136901367771 ], [ -0.791240043033106, 42.526136901367771 ], [ -0.791240043033106, 42.529092045554265 ], [ -0.791980259000615, 42.529092045554265 ], [ -0.791980259000615, 42.532047049940061 ], [ -0.792720474968123, 42.532047049940061 ], [ -0.792720474968123, 42.535001914523917 ], [ -0.793460690935631, 42.535001914523917 ], [ -0.793460690935631, 42.536268242263034 ], [ -0.792720474968123, 42.536268242263034 ], [ -0.792720474968123, 42.537534544323918 ], [ -0.791980259000615, 42.537534544323918 ], [ -0.791980259000615, 42.538800820706477 ], [ -0.791240043033106, 42.538800820706477 ], [ -0.791240043033106, 42.53964499069572 ], [ -0.790499827065598, 42.53964499069572 ], [ -0.790499827065598, 42.540911224280833 ], [ -0.788279179163073, 42.540911224280833 ], [ -0.788279179163073, 42.540489149272304 ], [ -0.786058531260548, 42.540489149272304 ], [ -0.786058531260548, 42.540067071410597 ], [ -0.783837883358023, 42.540067071410597 ], [ -0.783837883358023, 42.540489149272304 ], [ -0.782357451423006, 42.540489149272304 ], [ -0.782357451423006, 42.540911224280833 ], [ -0.781617235455498, 42.540911224280833 ], [ -0.781617235455498, 42.541333296436193 ], [ -0.78087701948799, 42.541333296436193 ], [ -0.78087701948799, 42.541755365738368 ], [ -0.780136803520481, 42.541755365738368 ], [ -0.780136803520481, 42.542177432187358 ], [ -0.779396587552973, 42.542177432187358 ], [ -0.779396587552973, 42.542599495783165 ], [ -0.778656371585465, 42.542599495783165 ], [ -0.778656371585465, 42.543021556525773 ], [ -0.777916155617956, 42.543021556525773 ], [ -0.777916155617956, 42.543443614415196 ], [ -0.774955291747923, 42.543443614415196 ], [ -0.774955291747923, 42.543021556525773 ], [ -0.773474859812906, 42.543021556525773 ], [ -0.773474859812906, 42.542599495783165 ], [ -0.77199442787789, 42.542599495783165 ], [ -0.77199442787789, 42.542177432187358 ], [ -0.771254211910381, 42.542177432187358 ], [ -0.771254211910381, 42.541333296436193 ], [ -0.770513995942873, 42.541333296436193 ], [ -0.770513995942873, 42.540489149272304 ], [ -0.769773779975365, 42.540489149272304 ], [ -0.769773779975365, 42.540067071410597 ], [ -0.769033564007856, 42.540067071410597 ], [ -0.769033564007856, 42.540489149272304 ], [ -0.768293348040348, 42.540489149272304 ], [ -0.768293348040348, 42.540911224280833 ], [ -0.76755313207284, 42.540911224280833 ], [ -0.76755313207284, 42.541333296436193 ], [ -0.766812916105331, 42.541333296436193 ], [ -0.766812916105331, 42.541755365738368 ], [ -0.766072700137823, 42.541755365738368 ], [ -0.766072700137823, 42.542599495783165 ], [ -0.765332484170315, 42.542599495783165 ], [ -0.765332484170315, 42.543021556525773 ], [ -0.764592268202806, 42.543021556525773 ], [ -0.764592268202806, 42.543443614415196 ], [ -0.763852052235298, 42.543443614415196 ], [ -0.763852052235298, 42.543865669451414 ], [ -0.760150972397756, 42.543865669451414 ], [ -0.760150972397756, 42.543443614415196 ], [ -0.757930324495231, 42.543443614415196 ], [ -0.757930324495231, 42.543021556525773 ], [ -0.754969460625198, 42.543021556525773 ], [ -0.754969460625198, 42.542599495783165 ], [ -0.752008596755165, 42.542599495783165 ], [ -0.752008596755165, 42.542177432187358 ], [ -0.749047732885131, 42.542177432187358 ], [ -0.749047732885131, 42.541755365738368 ], [ -0.747567300950115, 42.541755365738368 ], [ -0.747567300950115, 42.542599495783165 ], [ -0.746827084982606, 42.542599495783165 ], [ -0.746827084982606, 42.543021556525773 ], [ -0.746086869015098, 42.543021556525773 ], [ -0.746086869015098, 42.543443614415196 ], [ -0.74534665304759, 42.543443614415196 ], [ -0.74534665304759, 42.543865669451414 ], [ -0.744606437080081, 42.543865669451414 ], [ -0.744606437080081, 42.544287721634426 ], [ -0.743866221112573, 42.544287721634426 ], [ -0.743866221112573, 42.544709770964246 ], [ -0.743126005145065, 42.544709770964246 ], [ -0.743126005145065, 42.54513181744084 ], [ -0.742385789177556, 42.54513181744084 ], [ -0.742385789177556, 42.545553861064228 ], [ -0.741645573210048, 42.545553861064228 ], [ -0.741645573210048, 42.54513181744084 ], [ -0.74090535724254, 42.54513181744084 ], [ -0.74090535724254, 42.544709770964246 ], [ -0.739424925307523, 42.544709770964246 ], [ -0.739424925307523, 42.544287721634426 ], [ -0.738684709340015, 42.544287721634426 ], [ -0.738684709340015, 42.543865669451414 ], [ -0.737944493372506, 42.543865669451414 ], [ -0.737944493372506, 42.542177432187358 ], [ -0.737204277404998, 42.542177432187358 ], [ -0.737204277404998, 42.538800820706477 ], [ -0.735723845469981, 42.538800820706477 ], [ -0.735723845469981, 42.539222907127673 ], [ -0.734983629502473, 42.539222907127673 ], [ -0.734983629502473, 42.541333296436193 ], [ -0.735723845469981, 42.541333296436193 ], [ -0.735723845469981, 42.544287721634426 ], [ -0.734983629502473, 42.544287721634426 ], [ -0.734983629502473, 42.544709770964246 ], [ -0.734243413534964, 42.544709770964246 ], [ -0.734243413534964, 42.54513181744084 ], [ -0.733503197567456, 42.54513181744084 ], [ -0.733503197567456, 42.545553861064228 ], [ -0.732762981599948, 42.545553861064228 ], [ -0.732762981599948, 42.545975901834403 ], [ -0.73202276563244, 42.545975901834403 ], [ -0.73202276563244, 42.546397939751351 ], [ -0.731282549664931, 42.546397939751351 ], [ -0.731282549664931, 42.547242007025581 ], [ -0.729802117729914, 42.547242007025581 ], [ -0.729802117729914, 42.546819974815079 ], [ -0.729061901762406, 42.546819974815079 ], [ -0.729061901762406, 42.546397939751351 ], [ -0.728321685794898, 42.546397939751351 ], [ -0.728321685794898, 42.545975901834403 ], [ -0.72758146982739, 42.545975901834403 ], [ -0.72758146982739, 42.545553861064228 ], [ -0.726841253859881, 42.545553861064228 ], [ -0.726841253859881, 42.544709770964246 ], [ -0.726101037892373, 42.544709770964246 ], [ -0.726101037892373, 42.544287721634426 ], [ -0.725360821924865, 42.544287721634426 ], [ -0.725360821924865, 42.540067071410597 ], [ -0.726101037892373, 42.540067071410597 ], [ -0.726101037892373, 42.538378731432111 ], [ -0.725360821924865, 42.538378731432111 ], [ -0.725360821924865, 42.537956639304582 ], [ -0.724620605957356, 42.537956639304582 ], [ -0.724620605957356, 42.537534544323918 ], [ -0.723880389989848, 42.537534544323918 ], [ -0.723880389989848, 42.536690345803137 ], [ -0.72314017402234, 42.536690345803137 ], [ -0.72314017402234, 42.53457979957129 ], [ -0.722399958054831, 42.53457979957129 ], [ -0.722399958054831, 42.53373556110666 ], [ -0.721659742087323, 42.53373556110666 ], [ -0.721659742087323, 42.536690345803137 ], [ -0.722399958054831, 42.536690345803137 ], [ -0.722399958054831, 42.540067071410597 ], [ -0.72314017402234, 42.540067071410597 ], [ -0.72314017402234, 42.543865669451414 ], [ -0.723880389989848, 42.543865669451414 ], [ -0.723880389989848, 42.545975901834403 ], [ -0.72314017402234, 42.545975901834403 ], [ -0.72314017402234, 42.546819974815079 ], [ -0.722399958054831, 42.546819974815079 ], [ -0.722399958054831, 42.547664036382848 ], [ -0.721659742087323, 42.547664036382848 ], [ -0.721659742087323, 42.548086062886881 ], [ -0.720919526119815, 42.548086062886881 ], [ -0.720919526119815, 42.54850808653768 ], [ -0.720179310152306, 42.54850808653768 ], [ -0.720179310152306, 42.548930107335231 ], [ -0.71869887821729, 42.548930107335231 ], [ -0.71869887821729, 42.54935212527954 ], [ -0.717958662249781, 42.54935212527954 ], [ -0.717958662249781, 42.550196152608407 ], [ -0.717218446282273, 42.550196152608407 ], [ -0.717218446282273, 42.551040168524253 ], [ -0.716478230314765, 42.551040168524253 ], [ -0.716478230314765, 42.55230617099852 ], [ -0.715738014347256, 42.55230617099852 ], [ -0.715738014347256, 42.552728166116736 ], [ -0.712777150477223, 42.552728166116736 ], [ -0.712777150477223, 42.55230617099852 ], [ -0.710556502574698, 42.55230617099852 ], [ -0.710556502574698, 42.551884173027034 ], [ -0.709076070639681, 42.551884173027034 ], [ -0.709076070639681, 42.551040168524253 ], [ -0.708335854672173, 42.551040168524253 ], [ -0.708335854672173, 42.54935212527954 ], [ -0.707595638704664, 42.54935212527954 ], [ -0.707595638704664, 42.546397939751351 ], [ -0.708335854672173, 42.546397939751351 ], [ -0.708335854672173, 42.54513181744084 ], [ -0.709076070639681, 42.54513181744084 ], [ -0.709076070639681, 42.543865669451414 ], [ -0.70981628660719, 42.543865669451414 ], [ -0.70981628660719, 42.543443614415196 ], [ -0.709076070639681, 42.543443614415196 ], [ -0.709076070639681, 42.543021556525773 ], [ -0.707595638704664, 42.543021556525773 ], [ -0.707595638704664, 42.543443614415196 ], [ -0.706855422737156, 42.543443614415196 ], [ -0.706855422737156, 42.543865669451414 ], [ -0.706115206769648, 42.543865669451414 ], [ -0.706115206769648, 42.544709770964246 ], [ -0.70537499080214, 42.544709770964246 ], [ -0.70537499080214, 42.54513181744084 ], [ -0.704634774834631, 42.54513181744084 ], [ -0.704634774834631, 42.545553861064228 ], [ -0.703894558867123, 42.545553861064228 ], [ -0.703894558867123, 42.546397939751351 ], [ -0.703154342899615, 42.546397939751351 ], [ -0.703154342899615, 42.546819974815079 ], [ -0.702414126932106, 42.546819974815079 ], [ -0.702414126932106, 42.547242007025581 ], [ -0.697232615159548, 42.547242007025581 ], [ -0.697232615159548, 42.549774140370594 ], [ -0.69649239919204, 42.549774140370594 ], [ -0.69649239919204, 42.551040168524253 ], [ -0.695752183224531, 42.551040168524253 ], [ -0.695752183224531, 42.551884173027034 ], [ -0.695011967257023, 42.551884173027034 ], [ -0.695011967257023, 42.55230617099852 ], [ -0.694271751289515, 42.55230617099852 ], [ -0.694271751289515, 42.553150158381676 ], [ -0.688350023549448, 42.553150158381676 ], [ -0.688350023549448, 42.552728166116736 ], [ -0.682428295809381, 42.552728166116736 ], [ -0.682428295809381, 42.55230617099852 ], [ -0.680207647906856, 42.55230617099852 ], [ -0.680207647906856, 42.551884173027034 ], [ -0.67872721597184, 42.551884173027034 ] ], [ [ -0.78531831529304, 42.474610510285736 ], [ -0.78531831529304, 42.474187987373703 ], [ -0.786058531260548, 42.474187987373703 ], [ -0.786058531260548, 42.473765461609084 ], [ -0.787538963195565, 42.473765461609084 ], [ -0.787538963195565, 42.473342932991862 ], [ -0.788279179163073, 42.473342932991862 ], [ -0.788279179163073, 42.47292040152206 ], [ -0.789019395130581, 42.47292040152206 ], [ -0.789019395130581, 42.472497867199664 ], [ -0.78975961109809, 42.472497867199664 ], [ -0.78975961109809, 42.472075330024687 ], [ -0.790499827065598, 42.472075330024687 ], [ -0.790499827065598, 42.471230247116999 ], [ -0.78975961109809, 42.471230247116999 ], [ -0.78975961109809, 42.470385152799032 ], [ -0.789019395130581, 42.470385152799032 ], [ -0.789019395130581, 42.469540047070808 ], [ -0.788279179163073, 42.469540047070808 ], [ -0.788279179163073, 42.467849801383707 ], [ -0.789019395130581, 42.467849801383707 ], [ -0.789019395130581, 42.464469173087757 ], [ -0.788279179163073, 42.464469173087757 ], [ -0.788279179163073, 42.462778790479376 ], [ -0.787538963195565, 42.462778790479376 ], [ -0.787538963195565, 42.461510973571876 ], [ -0.786798747228056, 42.461510973571876 ], [ -0.786798747228056, 42.460243130991991 ], [ -0.787538963195565, 42.460243130991991 ], [ -0.787538963195565, 42.45770736881552 ], [ -0.788279179163073, 42.45770736881552 ], [ -0.788279179163073, 42.455594155226009 ], [ -0.789019395130581, 42.455594155226009 ], [ -0.789019395130581, 42.455171503950794 ], [ -0.788279179163073, 42.455171503950794 ], [ -0.788279179163073, 42.454748849823147 ], [ -0.787538963195565, 42.454748849823147 ], [ -0.787538963195565, 42.454326192843084 ], [ -0.786058531260548, 42.454326192843084 ], [ -0.786058531260548, 42.453903533010582 ], [ -0.78531831529304, 42.453903533010582 ], [ -0.78531831529304, 42.45348087032567 ], [ -0.783837883358023, 42.45348087032567 ], [ -0.783837883358023, 42.453058204788348 ], [ -0.783097667390515, 42.453058204788348 ], [ -0.783097667390515, 42.451790191061924 ], [ -0.782357451423006, 42.451790191061924 ], [ -0.782357451423006, 42.450522151663897 ], [ -0.781617235455498, 42.450522151663897 ], [ -0.781617235455498, 42.449254086594394 ], [ -0.78087701948799, 42.449254086594394 ], [ -0.78087701948799, 42.448408695619484 ], [ -0.780136803520481, 42.448408695619484 ], [ -0.780136803520481, 42.444604295040591 ], [ -0.779396587552973, 42.444604295040591 ], [ -0.779396587552973, 42.445027017625421 ], [ -0.778656371585465, 42.445027017625421 ], [ -0.778656371585465, 42.445449737357904 ], [ -0.777916155617956, 42.445449737357904 ], [ -0.777916155617956, 42.445872454238042 ], [ -0.77643572368294, 42.445872454238042 ], [ -0.77643572368294, 42.445449737357904 ], [ -0.775695507715431, 42.445449737357904 ], [ -0.775695507715431, 42.445027017625421 ], [ -0.774955291747923, 42.445027017625421 ], [ -0.774955291747923, 42.444604295040591 ], [ -0.774215075780415, 42.444604295040591 ], [ -0.774215075780415, 42.44418156960343 ], [ -0.773474859812906, 42.44418156960343 ], [ -0.773474859812906, 42.443758841313951 ], [ -0.772734643845398, 42.443758841313951 ], [ -0.772734643845398, 42.442913376177984 ], [ -0.77199442787789, 42.442913376177984 ], [ -0.77199442787789, 42.442490639331517 ], [ -0.771254211910381, 42.442490639331517 ], [ -0.771254211910381, 42.438263113990082 ], [ -0.77199442787789, 42.438263113990082 ], [ -0.77199442787789, 42.437417574694329 ], [ -0.772734643845398, 42.437417574694329 ], [ -0.772734643845398, 42.436994800768048 ], [ -0.773474859812906, 42.436994800768048 ], [ -0.773474859812906, 42.436149244358667 ], [ -0.774215075780415, 42.436149244358667 ], [ -0.774215075780415, 42.435303676540258 ], [ -0.774955291747923, 42.435303676540258 ], [ -0.774955291747923, 42.434880888352673 ], [ -0.775695507715431, 42.434880888352673 ], [ -0.775695507715431, 42.434035303420757 ], [ -0.77643572368294, 42.434035303420757 ], [ -0.77643572368294, 42.433189707079883 ], [ -0.775695507715431, 42.433189707079883 ], [ -0.775695507715431, 42.43192129117682 ], [ -0.774955291747923, 42.43192129117682 ], [ -0.774955291747923, 42.43065284960376 ], [ -0.774215075780415, 42.43065284960376 ], [ -0.774215075780415, 42.43107566631366 ], [ -0.773474859812906, 42.43107566631366 ], [ -0.773474859812906, 42.43192129117682 ], [ -0.772734643845398, 42.43192129117682 ], [ -0.772734643845398, 42.432766904631094 ], [ -0.769773779975365, 42.432766904631094 ], [ -0.769773779975365, 42.437417574694329 ], [ -0.769033564007856, 42.437417574694329 ], [ -0.769033564007856, 42.438263113990082 ], [ -0.768293348040348, 42.438263113990082 ], [ -0.768293348040348, 42.438685879359547 ], [ -0.76755313207284, 42.438685879359547 ], [ -0.76755313207284, 42.439531401541615 ], [ -0.766812916105331, 42.439531401541615 ], [ -0.766812916105331, 42.44037691231452 ], [ -0.766072700137823, 42.44037691231452 ], [ -0.766072700137823, 42.44122241167824 ], [ -0.765332484170315, 42.44122241167824 ], [ -0.765332484170315, 42.441645157081645 ], [ -0.764592268202806, 42.441645157081645 ], [ -0.764592268202806, 42.442490639331517 ], [ -0.763852052235298, 42.442490639331517 ], [ -0.763852052235298, 42.443336110172119 ], [ -0.76311183626779, 42.443336110172119 ], [ -0.76311183626779, 42.443758841313951 ], [ -0.761631404332773, 42.443758841313951 ], [ -0.761631404332773, 42.44418156960343 ], [ -0.757190108527723, 42.44418156960343 ], [ -0.757190108527723, 42.444604295040591 ], [ -0.754969460625198, 42.444604295040591 ], [ -0.754969460625198, 42.44418156960343 ], [ -0.75422924465769, 42.44418156960343 ], [ -0.75422924465769, 42.443758841313951 ], [ -0.753489028690181, 42.443758841313951 ], [ -0.753489028690181, 42.443336110172119 ], [ -0.752008596755165, 42.443336110172119 ], [ -0.752008596755165, 42.442913376177984 ], [ -0.751268380787656, 42.442913376177984 ], [ -0.751268380787656, 42.442490639331517 ], [ -0.750528164820148, 42.442490639331517 ], [ -0.750528164820148, 42.442067899632733 ], [ -0.749047732885131, 42.442067899632733 ], [ -0.749047732885131, 42.441645157081645 ], [ -0.748307516917623, 42.441645157081645 ], [ -0.748307516917623, 42.44122241167824 ], [ -0.746827084982606, 42.44122241167824 ], [ -0.746827084982606, 42.440799663422538 ], [ -0.746086869015098, 42.440799663422538 ], [ -0.746086869015098, 42.44037691231452 ], [ -0.74534665304759, 42.44037691231452 ], [ -0.74534665304759, 42.439954158354219 ], [ -0.743866221112573, 42.439954158354219 ], [ -0.743866221112573, 42.439531401541615 ], [ -0.74090535724254, 42.439531401541615 ], [ -0.74090535724254, 42.439954158354219 ], [ -0.737944493372506, 42.439954158354219 ], [ -0.737944493372506, 42.44037691231452 ], [ -0.735723845469981, 42.44037691231452 ], [ -0.735723845469981, 42.44122241167824 ], [ -0.734983629502473, 42.44122241167824 ], [ -0.734983629502473, 42.442067899632733 ], [ -0.734243413534964, 42.442067899632733 ], [ -0.734243413534964, 42.442913376177984 ], [ -0.733503197567456, 42.442913376177984 ], [ -0.733503197567456, 42.443336110172119 ], [ -0.732762981599948, 42.443336110172119 ], [ -0.732762981599948, 42.44418156960343 ], [ -0.73202276563244, 42.44418156960343 ], [ -0.73202276563244, 42.444604295040591 ], [ -0.732762981599948, 42.444604295040591 ], [ -0.732762981599948, 42.445449737357904 ], [ -0.733503197567456, 42.445449737357904 ], [ -0.733503197567456, 42.445872454238042 ], [ -0.734243413534964, 42.445872454238042 ], [ -0.734243413534964, 42.446295168265841 ], [ -0.734983629502473, 42.446295168265841 ], [ -0.734983629502473, 42.44714058776438 ], [ -0.735723845469981, 42.44714058776438 ], [ -0.735723845469981, 42.449254086594394 ], [ -0.73646406143749, 42.449254086594394 ], [ -0.73646406143749, 42.455171503950794 ], [ -0.737204277404998, 42.455171503950794 ], [ -0.737204277404998, 42.456016803648794 ], [ -0.737944493372506, 42.456016803648794 ], [ -0.737944493372506, 42.457284731802517 ], [ -0.738684709340015, 42.457284731802517 ], [ -0.738684709340015, 42.458130002976084 ], [ -0.739424925307523, 42.458130002976084 ], [ -0.739424925307523, 42.458975262739841 ], [ -0.740165141275031, 42.458975262739841 ], [ -0.740165141275031, 42.460243130991991 ], [ -0.74090535724254, 42.460243130991991 ], [ -0.74090535724254, 42.46108836223106 ], [ -0.741645573210048, 42.46108836223106 ], [ -0.741645573210048, 42.462356187696031 ], [ -0.742385789177556, 42.462356187696031 ], [ -0.742385789177556, 42.463201390410227 ], [ -0.743126005145065, 42.463201390410227 ], [ -0.743126005145065, 42.464469173087757 ], [ -0.743866221112573, 42.464469173087757 ], [ -0.743866221112573, 42.464891761608577 ], [ -0.744606437080081, 42.464891761608577 ], [ -0.744606437080081, 42.46531434727688 ], [ -0.746086869015098, 42.46531434727688 ], [ -0.746086869015098, 42.465736930092682 ], [ -0.746827084982606, 42.465736930092682 ], [ -0.746827084982606, 42.466159510055938 ], [ -0.747567300950115, 42.466159510055938 ], [ -0.747567300950115, 42.466582087166685 ], [ -0.748307516917623, 42.466582087166685 ], [ -0.748307516917623, 42.467004661424888 ], [ -0.749047732885131, 42.467004661424888 ], [ -0.749047732885131, 42.467427232830566 ], [ -0.74978794885264, 42.467427232830566 ], [ -0.74978794885264, 42.467849801383707 ], [ -0.750528164820148, 42.467849801383707 ], [ -0.750528164820148, 42.467427232830566 ], [ -0.751268380787656, 42.467427232830566 ], [ -0.751268380787656, 42.466582087166685 ], [ -0.752008596755165, 42.466582087166685 ], [ -0.752008596755165, 42.46193358206019 ], [ -0.751268380787656, 42.46193358206019 ], [ -0.751268380787656, 42.460665748037762 ], [ -0.752008596755165, 42.460665748037762 ], [ -0.752008596755165, 42.460243130991991 ], [ -0.752748812722673, 42.460243130991991 ], [ -0.752748812722673, 42.459397888343034 ], [ -0.753489028690181, 42.459397888343034 ], [ -0.753489028690181, 42.458975262739841 ], [ -0.75422924465769, 42.458975262739841 ], [ -0.75422924465769, 42.458552634284189 ], [ -0.754969460625198, 42.458552634284189 ], [ -0.754969460625198, 42.458130002976084 ], [ -0.755709676592706, 42.458130002976084 ], [ -0.755709676592706, 42.45770736881552 ], [ -0.756449892560215, 42.45770736881552 ], [ -0.756449892560215, 42.457284731802517 ], [ -0.757190108527723, 42.457284731802517 ], [ -0.757190108527723, 42.45770736881552 ], [ -0.75867054046274, 42.45770736881552 ], [ -0.75867054046274, 42.458130002976084 ], [ -0.759410756430248, 42.458130002976084 ], [ -0.759410756430248, 42.458552634284189 ], [ -0.760150972397756, 42.458552634284189 ], [ -0.760150972397756, 42.458975262739841 ], [ -0.760891188365265, 42.458975262739841 ], [ -0.760891188365265, 42.459820511093746 ], [ -0.761631404332773, 42.459820511093746 ], [ -0.761631404332773, 42.461510973571876 ], [ -0.762371620300281, 42.461510973571876 ], [ -0.762371620300281, 42.46193358206019 ], [ -0.772734643845398, 42.46193358206019 ], [ -0.772734643845398, 42.462356187696031 ], [ -0.773474859812906, 42.462356187696031 ], [ -0.773474859812906, 42.462778790479376 ], [ -0.774215075780415, 42.462778790479376 ], [ -0.774215075780415, 42.463201390410227 ], [ -0.774955291747923, 42.463201390410227 ], [ -0.774955291747923, 42.463623987488582 ], [ -0.775695507715431, 42.463623987488582 ], [ -0.775695507715431, 42.46404658171442 ], [ -0.77643572368294, 42.46404658171442 ], [ -0.77643572368294, 42.464469173087757 ], [ -0.777175939650448, 42.464469173087757 ], [ -0.777175939650448, 42.464891761608577 ], [ -0.777916155617956, 42.464891761608577 ], [ -0.777916155617956, 42.46531434727688 ], [ -0.778656371585465, 42.46531434727688 ], [ -0.778656371585465, 42.465736930092682 ], [ -0.779396587552973, 42.465736930092682 ], [ -0.779396587552973, 42.467427232830566 ], [ -0.780136803520481, 42.467427232830566 ], [ -0.780136803520481, 42.469540047070808 ], [ -0.78087701948799, 42.469540047070808 ], [ -0.78087701948799, 42.471230247116999 ], [ -0.781617235455498, 42.471230247116999 ], [ -0.781617235455498, 42.473342932991862 ], [ -0.782357451423006, 42.473342932991862 ], [ -0.782357451423006, 42.475033030345152 ], [ -0.783097667390515, 42.475033030345152 ], [ -0.783097667390515, 42.476723082056779 ], [ -0.783837883358023, 42.476723082056779 ], [ -0.783837883358023, 42.475455547551981 ], [ -0.784578099325531, 42.475455547551981 ], [ -0.784578099325531, 42.474610510285736 ], [ -0.78531831529304, 42.474610510285736 ] ], [ [ -0.74090535724254, 42.502490715200892 ], [ -0.74090535724254, 42.502068380568481 ], [ -0.741645573210048, 42.502068380568481 ], [ -0.741645573210048, 42.501646043083234 ], [ -0.743866221112573, 42.501646043083234 ], [ -0.743866221112573, 42.502068380568481 ], [ -0.74534665304759, 42.502068380568481 ], [ -0.74534665304759, 42.502490715200892 ], [ -0.747567300950115, 42.502490715200892 ], [ -0.747567300950115, 42.502913046980453 ], [ -0.749047732885131, 42.502913046980453 ], [ -0.749047732885131, 42.499111958262255 ], [ -0.74978794885264, 42.499111958262255 ], [ -0.74978794885264, 42.498267240499374 ], [ -0.750528164820148, 42.498267240499374 ], [ -0.750528164820148, 42.49700014245898 ], [ -0.74978794885264, 42.49700014245898 ], [ -0.74978794885264, 42.496577770739925 ], [ -0.748307516917623, 42.496577770739925 ], [ -0.748307516917623, 42.495733018743422 ], [ -0.747567300950115, 42.495733018743422 ], [ -0.747567300950115, 42.494465869352794 ], [ -0.746827084982606, 42.494465869352794 ], [ -0.746827084982606, 42.49319869428718 ], [ -0.746086869015098, 42.49319869428718 ], [ -0.746086869015098, 42.491931493546694 ], [ -0.74534665304759, 42.491931493546694 ], [ -0.74534665304759, 42.492353896646286 ], [ -0.743866221112573, 42.492353896646286 ], [ -0.743866221112573, 42.492776296893105 ], [ -0.743126005145065, 42.492776296893105 ], [ -0.743126005145065, 42.49319869428718 ], [ -0.742385789177556, 42.49319869428718 ], [ -0.742385789177556, 42.493621088828476 ], [ -0.740165141275031, 42.493621088828476 ], [ -0.740165141275031, 42.49319869428718 ], [ -0.739424925307523, 42.49319869428718 ], [ -0.739424925307523, 42.492776296893105 ], [ -0.738684709340015, 42.492776296893105 ], [ -0.738684709340015, 42.492353896646286 ], [ -0.737944493372506, 42.492353896646286 ], [ -0.737944493372506, 42.491931493546694 ], [ -0.737204277404998, 42.491931493546694 ], [ -0.737204277404998, 42.491509087594352 ], [ -0.73646406143749, 42.491509087594352 ], [ -0.73646406143749, 42.491086678789266 ], [ -0.735723845469981, 42.491086678789266 ], [ -0.735723845469981, 42.492353896646286 ], [ -0.734983629502473, 42.492353896646286 ], [ -0.734983629502473, 42.494043480517021 ], [ -0.734243413534964, 42.494043480517021 ], [ -0.734243413534964, 42.495310638465995 ], [ -0.733503197567456, 42.495310638465995 ], [ -0.733503197567456, 42.499534312864483 ], [ -0.734243413534964, 42.499534312864483 ], [ -0.734243413534964, 42.50333537590717 ], [ -0.739424925307523, 42.50333537590717 ], [ -0.739424925307523, 42.502913046980453 ], [ -0.740165141275031, 42.502913046980453 ], [ -0.740165141275031, 42.502490715200892 ], [ -0.74090535724254, 42.502490715200892 ] ], [ [ -0.765332484170315, 42.50629159851411 ], [ -0.765332484170315, 42.505446977747887 ], [ -0.766072700137823, 42.505446977747887 ], [ -0.766072700137823, 42.505024663085472 ], [ -0.765332484170315, 42.505024663085472 ], [ -0.765332484170315, 42.504602345570191 ], [ -0.764592268202806, 42.504602345570191 ], [ -0.764592268202806, 42.504180025202039 ], [ -0.763852052235298, 42.504180025202039 ], [ -0.763852052235298, 42.503757701981037 ], [ -0.76311183626779, 42.503757701981037 ], [ -0.76311183626779, 42.50333537590717 ], [ -0.762371620300281, 42.50333537590717 ], [ -0.762371620300281, 42.502913046980453 ], [ -0.761631404332773, 42.502913046980453 ], [ -0.761631404332773, 42.502490715200892 ], [ -0.760150972397756, 42.502490715200892 ], [ -0.760150972397756, 42.502068380568481 ], [ -0.759410756430248, 42.502068380568481 ], [ -0.759410756430248, 42.502913046980453 ], [ -0.75867054046274, 42.502913046980453 ], [ -0.75867054046274, 42.505024663085472 ], [ -0.760891188365265, 42.505024663085472 ], [ -0.760891188365265, 42.505446977747887 ], [ -0.761631404332773, 42.505446977747887 ], [ -0.761631404332773, 42.50629159851411 ], [ -0.762371620300281, 42.50629159851411 ], [ -0.762371620300281, 42.507136207868811 ], [ -0.76311183626779, 42.507136207868811 ], [ -0.76311183626779, 42.507980805811975 ], [ -0.763852052235298, 42.507980805811975 ], [ -0.763852052235298, 42.507136207868811 ], [ -0.764592268202806, 42.507136207868811 ], [ -0.764592268202806, 42.50629159851411 ], [ -0.765332484170315, 42.50629159851411 ] ], [ [ -0.70981628660719, 42.512625890516752 ], [ -0.70981628660719, 42.512203624353631 ], [ -0.710556502574698, 42.512203624353631 ], [ -0.710556502574698, 42.511781355337597 ], [ -0.712036934509715, 42.511781355337597 ], [ -0.712036934509715, 42.511359083468619 ], [ -0.711296718542206, 42.511359083468619 ], [ -0.711296718542206, 42.510936808746735 ], [ -0.710556502574698, 42.510936808746735 ], [ -0.710556502574698, 42.510514531171914 ], [ -0.70981628660719, 42.510514531171914 ], [ -0.70981628660719, 42.509669967463566 ], [ -0.709076070639681, 42.509669967463566 ], [ -0.709076070639681, 42.510092250744194 ], [ -0.708335854672173, 42.510092250744194 ], [ -0.708335854672173, 42.510936808746735 ], [ -0.707595638704664, 42.510936808746735 ], [ -0.707595638704664, 42.511781355337597 ], [ -0.706855422737156, 42.511781355337597 ], [ -0.706855422737156, 42.512625890516752 ], [ -0.706115206769648, 42.512625890516752 ], [ -0.706115206769648, 42.513892671888478 ], [ -0.706855422737156, 42.513892671888478 ], [ -0.706855422737156, 42.513470414284178 ], [ -0.708335854672173, 42.513470414284178 ], [ -0.708335854672173, 42.513048153826936 ], [ -0.709076070639681, 42.513048153826936 ], [ -0.709076070639681, 42.512625890516752 ], [ -0.70981628660719, 42.512625890516752 ] ], [ [ -0.70537499080214, 42.513892671888478 ], [ -0.70537499080214, 42.514737178538248 ], [ -0.704634774834631, 42.514737178538248 ], [ -0.704634774834631, 42.515581673776211 ], [ -0.703894558867123, 42.515581673776211 ], [ -0.703894558867123, 42.516426157602346 ], [ -0.703154342899615, 42.516426157602346 ], [ -0.703154342899615, 42.517270630016611 ], [ -0.702414126932106, 42.517270630016611 ], [ -0.702414126932106, 42.518537317240707 ], [ -0.701673910964598, 42.518537317240707 ], [ -0.701673910964598, 42.519381761125182 ], [ -0.70093369499709, 42.519381761125182 ], [ -0.70093369499709, 42.520226193597694 ], [ -0.700193479029581, 42.520226193597694 ], [ -0.700193479029581, 42.521070614658214 ], [ -0.699453263062073, 42.521070614658214 ], [ -0.699453263062073, 42.521915024306708 ], [ -0.697232615159548, 42.521915024306708 ], [ -0.697232615159548, 42.522337224851434 ], [ -0.697972831127056, 42.522337224851434 ], [ -0.697972831127056, 42.522759422543139 ], [ -0.700193479029581, 42.522759422543139 ], [ -0.700193479029581, 42.522337224851434 ], [ -0.70093369499709, 42.522337224851434 ], [ -0.70093369499709, 42.521915024306708 ], [ -0.701673910964598, 42.521915024306708 ], [ -0.701673910964598, 42.521492820908961 ], [ -0.702414126932106, 42.521492820908961 ], [ -0.702414126932106, 42.521070614658214 ], [ -0.703154342899615, 42.521070614658214 ], [ -0.703154342899615, 42.520648405554454 ], [ -0.703894558867123, 42.520648405554454 ], [ -0.703894558867123, 42.520226193597694 ], [ -0.704634774834631, 42.520226193597694 ], [ -0.704634774834631, 42.519803978787934 ], [ -0.70537499080214, 42.519803978787934 ], [ -0.70537499080214, 42.516848395235968 ], [ -0.706115206769648, 42.516848395235968 ], [ -0.706115206769648, 42.513892671888478 ], [ -0.70537499080214, 42.513892671888478 ] ], [ [ -0.765332484170315, 42.517270630016611 ], [ -0.766072700137823, 42.517270630016611 ], [ -0.766072700137823, 42.516848395235968 ], [ -0.765332484170315, 42.516848395235968 ], [ -0.765332484170315, 42.517270630016611 ] ], [ [ -0.747567300950115, 42.526559073382153 ], [ -0.747567300950115, 42.525714726500325 ], [ -0.748307516917623, 42.525714726500325 ], [ -0.748307516917623, 42.525292548779845 ], [ -0.749047732885131, 42.525292548779845 ], [ -0.749047732885131, 42.524025998500129 ], [ -0.748307516917623, 42.524025998500129 ], [ -0.748307516917623, 42.523603809367494 ], [ -0.747567300950115, 42.523603809367494 ], [ -0.747567300950115, 42.524025998500129 ], [ -0.746827084982606, 42.524025998500129 ], [ -0.746827084982606, 42.524448184779736 ], [ -0.746086869015098, 42.524448184779736 ], [ -0.746086869015098, 42.524870368206308 ], [ -0.74534665304759, 42.524870368206308 ], [ -0.74534665304759, 42.525292548779845 ], [ -0.744606437080081, 42.525292548779845 ], [ -0.744606437080081, 42.526981242543499 ], [ -0.74534665304759, 42.526981242543499 ], [ -0.74534665304759, 42.527403408851789 ], [ -0.746086869015098, 42.527403408851789 ], [ -0.746086869015098, 42.526981242543499 ], [ -0.746827084982606, 42.526981242543499 ], [ -0.746827084982606, 42.526559073382153 ], [ -0.747567300950115, 42.526559073382153 ] ], [ [ -0.672065272264264, 42.396818271972393 ], [ -0.672805488231773, 42.396818271972393 ], [ -0.672805488231773, 42.396395224245737 ], [ -0.672065272264264, 42.396395224245737 ], [ -0.672065272264264, 42.396818271972393 ] ], [ [ -0.672805488231773, 42.397241316847158 ], [ -0.673545704199281, 42.397241316847158 ], [ -0.673545704199281, 42.398087398040929 ], [ -0.674285920166789, 42.398087398040929 ], [ -0.674285920166789, 42.399779526205457 ], [ -0.675026136134298, 42.399779526205457 ], [ -0.675026136134298, 42.398510434359949 ], [ -0.675766352101806, 42.398510434359949 ], [ -0.675766352101806, 42.397241316847158 ], [ -0.675026136134298, 42.397241316847158 ], [ -0.675026136134298, 42.396818271972393 ], [ -0.672805488231773, 42.396818271972393 ], [ -0.672805488231773, 42.397241316847158 ] ], [ [ -0.688350023549448, 42.522759422543139 ], [ -0.689830455484465, 42.522759422543139 ], [ -0.689830455484465, 42.522337224851434 ], [ -0.691310887419481, 42.522337224851434 ], [ -0.691310887419481, 42.521915024306708 ], [ -0.686869591614431, 42.521915024306708 ], [ -0.686869591614431, 42.522759422543139 ], [ -0.686129375646923, 42.522759422543139 ], [ -0.686129375646923, 42.523603809367494 ], [ -0.686869591614431, 42.523603809367494 ], [ -0.686869591614431, 42.523181617381837 ], [ -0.688350023549448, 42.523181617381837 ], [ -0.688350023549448, 42.522759422543139 ] ], [ [ -0.700193479029581, 42.532891311229577 ], [ -0.699453263062073, 42.532891311229577 ], [ -0.699453263062073, 42.532469182011376 ], [ -0.698713047094565, 42.532469182011376 ], [ -0.698713047094565, 42.535846135869789 ], [ -0.699453263062073, 42.535846135869789 ], [ -0.699453263062073, 42.534157681765542 ], [ -0.700193479029581, 42.534157681765542 ], [ -0.700193479029581, 42.532891311229577 ] ] ], [ [ [ -6.765523116792874, 42.560323590330576 ], [ -6.765523116792874, 42.559479699959915 ], [ -6.764782900825367, 42.559479699959915 ], [ -6.764782900825367, 42.558635798175914 ], [ -6.764042684857857, 42.558635798175914 ], [ -6.764042684857857, 42.558213843003912 ], [ -6.763302468890348, 42.558213843003912 ], [ -6.763302468890348, 42.557369924099952 ], [ -6.76256225292284, 42.557369924099952 ], [ -6.76256225292284, 42.556525993782721 ], [ -6.761822036955333, 42.556525993782721 ], [ -6.761822036955333, 42.555682052052248 ], [ -6.761081820987823, 42.555682052052248 ], [ -6.761081820987823, 42.551462172202271 ], [ -6.760341605020315, 42.551462172202271 ], [ -6.760341605020315, 42.54850808653768 ], [ -6.761081820987823, 42.54850808653768 ], [ -6.761081820987823, 42.547664036382848 ], [ -6.761822036955333, 42.547664036382848 ], [ -6.761822036955333, 42.546819974815079 ], [ -6.76256225292284, 42.546819974815079 ], [ -6.76256225292284, 42.545975901834403 ], [ -6.763302468890348, 42.545975901834403 ], [ -6.763302468890348, 42.545553861064228 ], [ -6.764782900825367, 42.545553861064228 ], [ -6.764782900825367, 42.54513181744084 ], [ -6.766263332760382, 42.54513181744084 ], [ -6.766263332760382, 42.544709770964246 ], [ -6.767003548727891, 42.544709770964246 ], [ -6.767003548727891, 42.544287721634426 ], [ -6.768483980662907, 42.544287721634426 ], [ -6.768483980662907, 42.543865669451414 ], [ -6.769964412597924, 42.543865669451414 ], [ -6.769964412597924, 42.544287721634426 ], [ -6.770704628565432, 42.544287721634426 ], [ -6.770704628565432, 42.544709770964246 ], [ -6.772185060500449, 42.544709770964246 ], [ -6.772185060500449, 42.54513181744084 ], [ -6.772925276467958, 42.54513181744084 ], [ -6.772925276467958, 42.545553861064228 ], [ -6.773665492435466, 42.545553861064228 ], [ -6.773665492435466, 42.545975901834403 ], [ -6.774405708402975, 42.545975901834403 ], [ -6.774405708402975, 42.546397939751351 ], [ -6.775145924370483, 42.546397939751351 ], [ -6.775145924370483, 42.546819974815079 ], [ -6.776626356305498, 42.546819974815079 ], [ -6.776626356305498, 42.548086062886881 ], [ -6.777366572273007, 42.548086062886881 ], [ -6.777366572273007, 42.549774140370594 ], [ -6.778106788240516, 42.549774140370594 ], [ -6.778106788240516, 42.556104024344137 ], [ -6.777366572273007, 42.556104024344137 ], [ -6.777366572273007, 42.557369924099952 ], [ -6.776626356305498, 42.557369924099952 ], [ -6.776626356305498, 42.558635798175914 ], [ -6.775886140337991, 42.558635798175914 ], [ -6.775886140337991, 42.559479699959915 ], [ -6.775145924370483, 42.559479699959915 ], [ -6.775145924370483, 42.560745531235895 ], [ -6.774405708402975, 42.560745531235895 ], [ -6.774405708402975, 42.561167469287867 ], [ -6.772185060500449, 42.561167469287867 ], [ -6.772185060500449, 42.560745531235895 ], [ -6.768483980662907, 42.560745531235895 ], [ -6.768483980662907, 42.560323590330576 ], [ -6.765523116792874, 42.560323590330576 ] ] ], [ [ [ -0.669104408394231, 44.052980966012967 ], [ -0.669104408394231, 44.050922398480665 ], [ -0.66984462436174, 44.050922398480665 ], [ -0.66984462436174, 44.049275492936125 ], [ -0.670584840329248, 44.049275492936125 ], [ -0.670584840329248, 44.047628541597277 ], [ -0.671325056296756, 44.047628541597277 ], [ -0.671325056296756, 44.045981544464226 ], [ -0.672065272264264, 44.045981544464226 ], [ -0.672065272264264, 44.045158028724906 ], [ -0.672805488231773, 44.045158028724906 ], [ -0.672805488231773, 44.044334501537037 ], [ -0.673545704199281, 44.044334501537037 ], [ -0.673545704199281, 44.043510962900683 ], [ -0.674285920166789, 44.043510962900683 ], [ -0.674285920166789, 44.043099189289315 ], [ -0.677987000004331, 44.043099189289315 ], [ -0.677987000004331, 44.043510962900683 ], [ -0.680947863874365, 44.043510962900683 ], [ -0.680947863874365, 44.043922733649921 ], [ -0.685389159679414, 44.043922733649921 ], [ -0.685389159679414, 44.043510962900683 ], [ -0.686869591614431, 44.043510962900683 ], [ -0.686869591614431, 44.043099189289315 ], [ -0.688350023549448, 44.043099189289315 ], [ -0.688350023549448, 44.043510962900683 ], [ -0.689830455484465, 44.043510962900683 ], [ -0.689830455484465, 44.043922733649921 ], [ -0.691310887419481, 44.043922733649921 ], [ -0.691310887419481, 44.044334501537037 ], [ -0.693531535322006, 44.044334501537037 ], [ -0.693531535322006, 44.044746266562036 ], [ -0.695011967257023, 44.044746266562036 ], [ -0.695011967257023, 44.045158028724906 ], [ -0.69649239919204, 44.045158028724906 ], [ -0.69649239919204, 44.045569788025624 ], [ -0.697972831127056, 44.045569788025624 ], [ -0.697972831127056, 44.040628487516557 ], [ -0.698713047094565, 44.040628487516557 ], [ -0.698713047094565, 44.039804897362039 ], [ -0.699453263062073, 44.039804897362039 ], [ -0.699453263062073, 44.038981295759065 ], [ -0.700193479029581, 44.038981295759065 ], [ -0.700193479029581, 44.038157682707663 ], [ -0.70093369499709, 44.038157682707663 ], [ -0.70093369499709, 44.037334058207826 ], [ -0.702414126932106, 44.037334058207826 ], [ -0.702414126932106, 44.037745871888795 ], [ -0.704634774834631, 44.037745871888795 ], [ -0.704634774834631, 44.038157682707663 ], [ -0.706855422737156, 44.038157682707663 ], [ -0.706855422737156, 44.038569490664415 ], [ -0.709076070639681, 44.038569490664415 ], [ -0.709076070639681, 44.038981295759065 ], [ -0.710556502574698, 44.038981295759065 ], [ -0.710556502574698, 44.038157682707663 ], [ -0.711296718542206, 44.038157682707663 ], [ -0.711296718542206, 44.036922241664747 ], [ -0.712036934509715, 44.036922241664747 ], [ -0.712036934509715, 44.036510422259575 ], [ -0.712777150477223, 44.036510422259575 ], [ -0.712777150477223, 44.0360985999923 ], [ -0.713517366444731, 44.0360985999923 ], [ -0.713517366444731, 44.03568677486291 ], [ -0.714997798379748, 44.03568677486291 ], [ -0.714997798379748, 44.035274946871453 ], [ -0.716478230314765, 44.035274946871453 ], [ -0.716478230314765, 44.03568677486291 ], [ -0.717958662249781, 44.03568677486291 ], [ -0.717958662249781, 44.0360985999923 ], [ -0.71869887821729, 44.0360985999923 ], [ -0.71869887821729, 44.036510422259575 ], [ -0.719439094184798, 44.036510422259575 ], [ -0.719439094184798, 44.036922241664747 ], [ -0.720179310152306, 44.036922241664747 ], [ -0.720179310152306, 44.038981295759065 ], [ -0.720919526119815, 44.038981295759065 ], [ -0.720919526119815, 44.041452066222618 ], [ -0.721659742087323, 44.041452066222618 ], [ -0.721659742087323, 44.042275633480209 ], [ -0.722399958054831, 44.042275633480209 ], [ -0.722399958054831, 44.043099189289315 ], [ -0.72314017402234, 44.043099189289315 ], [ -0.72314017402234, 44.043510962900683 ], [ -0.723880389989848, 44.043510962900683 ], [ -0.723880389989848, 44.043922733649921 ], [ -0.724620605957356, 44.043922733649921 ], [ -0.724620605957356, 44.044746266562036 ], [ -0.725360821924865, 44.044746266562036 ], [ -0.725360821924865, 44.045158028724906 ], [ -0.726101037892373, 44.045158028724906 ], [ -0.726101037892373, 44.045981544464226 ], [ -0.726841253859881, 44.045981544464226 ], [ -0.726841253859881, 44.047628541597277 ], [ -0.72758146982739, 44.047628541597277 ], [ -0.72758146982739, 44.048452022990986 ], [ -0.728321685794898, 44.048452022990986 ], [ -0.728321685794898, 44.048863759394628 ], [ -0.729802117729914, 44.048863759394628 ], [ -0.729802117729914, 44.049275492936125 ], [ -0.734243413534964, 44.049275492936125 ], [ -0.734243413534964, 44.048863759394628 ], [ -0.737204277404998, 44.048863759394628 ], [ -0.737204277404998, 44.048452022990986 ], [ -0.74090535724254, 44.048452022990986 ], [ -0.74090535724254, 44.048863759394628 ], [ -0.741645573210048, 44.048863759394628 ], [ -0.741645573210048, 44.049687223615479 ], [ -0.742385789177556, 44.049687223615479 ], [ -0.742385789177556, 44.050510676387745 ], [ -0.743126005145065, 44.050510676387745 ], [ -0.743126005145065, 44.050922398480665 ], [ -0.743866221112573, 44.050922398480665 ], [ -0.743866221112573, 44.051334117711427 ], [ -0.746086869015098, 44.051334117711427 ], [ -0.746086869015098, 44.051745834080045 ], [ -0.748307516917623, 44.051745834080045 ], [ -0.748307516917623, 44.052157547586511 ], [ -0.750528164820148, 44.052157547586511 ], [ -0.750528164820148, 44.052569258230811 ], [ -0.751268380787656, 44.052569258230811 ], [ -0.751268380787656, 44.053392670932965 ], [ -0.752008596755165, 44.053392670932965 ], [ -0.752008596755165, 44.053804372990811 ], [ -0.752748812722673, 44.053804372990811 ], [ -0.752748812722673, 44.054216072186492 ], [ -0.753489028690181, 44.054216072186492 ], [ -0.753489028690181, 44.055039461991363 ], [ -0.75422924465769, 44.055039461991363 ], [ -0.75422924465769, 44.055451152600561 ], [ -0.754969460625198, 44.055451152600561 ], [ -0.754969460625198, 44.055862840347586 ], [ -0.669104408394231, 44.055862840347586 ], [ -0.669104408394231, 44.055451152600561 ], [ -0.668364192426723, 44.055451152600561 ], [ -0.668364192426723, 44.052980966012967 ], [ -0.669104408394231, 44.052980966012967 ] ] ], [ [ [ 1.36130799048113, 35.345123981896393 ], [ 1.36130799048113, 35.344189447784444 ], [ 1.362048206448638, 35.344189447784444 ], [ 1.362048206448638, 35.342787626347125 ], [ 1.362788422416146, 35.342787626347125 ], [ 1.362788422416146, 35.341385780586918 ], [ 1.363528638383654, 35.341385780586918 ], [ 1.363528638383654, 35.339516615071751 ], [ 1.364268854351163, 35.339516615071751 ], [ 1.364268854351163, 35.339049316936816 ], [ 1.363528638383654, 35.339049316936816 ], [ 1.363528638383654, 35.337180097373086 ], [ 1.362788422416146, 35.337180097373086 ], [ 1.362788422416146, 35.335310834571608 ], [ 1.362048206448638, 35.335310834571608 ], [ 1.362048206448638, 35.334843512115462 ], [ 1.36130799048113, 35.334843512115462 ], [ 1.36130799048113, 35.334376186957023 ], [ 1.360567774513621, 35.334376186957023 ], [ 1.360567774513621, 35.33390885909634 ], [ 1.359827558546113, 35.33390885909634 ], [ 1.359827558546113, 35.333441528533392 ], [ 1.359087342578605, 35.333441528533392 ], [ 1.359087342578605, 35.332974195268193 ], [ 1.35686669467608, 35.332974195268193 ], [ 1.35686669467608, 35.3325068593008 ], [ 1.350944966936013, 35.3325068593008 ], [ 1.350944966936013, 35.332974195268193 ], [ 1.350204750968505, 35.332974195268193 ], [ 1.350204750968505, 35.333441528533392 ], [ 1.349464535000996, 35.333441528533392 ], [ 1.349464535000996, 35.334843512115462 ], [ 1.348724319033488, 35.334843512115462 ], [ 1.348724319033488, 35.33577815432546 ], [ 1.347984103065979, 35.33577815432546 ], [ 1.347984103065979, 35.337180097373086 ], [ 1.347243887098471, 35.337180097373086 ], [ 1.347243887098471, 35.338582016099487 ], [ 1.347984103065979, 35.338582016099487 ], [ 1.347984103065979, 35.340451203234267 ], [ 1.348724319033488, 35.340451203234267 ], [ 1.348724319033488, 35.342320347129579 ], [ 1.349464535000996, 35.342320347129579 ], [ 1.349464535000996, 35.344189447784444 ], [ 1.350204750968505, 35.344189447784444 ], [ 1.350204750968505, 35.345123981896393 ], [ 1.350944966936013, 35.345123981896393 ], [ 1.350944966936013, 35.345591244898444 ], [ 1.353165614838538, 35.345591244898444 ], [ 1.353165614838538, 35.346058505197867 ], [ 1.354646046773555, 35.346058505197867 ], [ 1.354646046773555, 35.346525762794634 ], [ 1.358347126611096, 35.346525762794634 ], [ 1.358347126611096, 35.346058505197867 ], [ 1.359827558546113, 35.346058505197867 ], [ 1.359827558546113, 35.345591244898444 ], [ 1.360567774513621, 35.345591244898444 ], [ 1.360567774513621, 35.345123981896393 ], [ 1.36130799048113, 35.345123981896393 ] ] ], [ [ [ 0.132549484417295, 36.021661761371966 ], [ 0.133289700384803, 36.021661761371966 ], [ 0.133289700384803, 36.01980846426639 ], [ 0.134029916352311, 36.01980846426639 ], [ 0.134029916352311, 36.015638386416185 ], [ 0.133289700384803, 36.015638386416185 ], [ 0.133289700384803, 36.013321581157236 ], [ 0.132549484417295, 36.013321581157236 ], [ 0.132549484417295, 36.012858211933477 ], [ 0.131809268449787, 36.012858211933477 ], [ 0.131809268449787, 36.01239483998576 ], [ 0.131069052482278, 36.01239483998576 ], [ 0.131069052482278, 36.011931465314092 ], [ 0.129588620547261, 36.011931465314092 ], [ 0.129588620547261, 36.011468087918502 ], [ 0.128848404579753, 36.011468087918502 ], [ 0.128848404579753, 36.011004707799003 ], [ 0.127367972644737, 36.011004707799003 ], [ 0.127367972644737, 36.010541324955597 ], [ 0.126627756677228, 36.010541324955597 ], [ 0.126627756677228, 36.010077939388303 ], [ 0.123666892807195, 36.010077939388303 ], [ 0.123666892807195, 36.010541324955597 ], [ 0.122186460872178, 36.010541324955597 ], [ 0.122186460872178, 36.011004707799003 ], [ 0.12144624490467, 36.011004707799003 ], [ 0.12144624490467, 36.011468087918502 ], [ 0.120706028937161, 36.011468087918502 ], [ 0.120706028937161, 36.012858211933477 ], [ 0.119965812969653, 36.012858211933477 ], [ 0.119965812969653, 36.014711672484637 ], [ 0.119225597002145, 36.014711672484637 ], [ 0.119225597002145, 36.017955123574062 ], [ 0.119965812969653, 36.017955123574062 ], [ 0.119965812969653, 36.020735118267581 ], [ 0.120706028937161, 36.020735118267581 ], [ 0.120706028937161, 36.023051705596806 ], [ 0.12144624490467, 36.023051705596806 ], [ 0.12144624490467, 36.023978321458699 ], [ 0.122186460872178, 36.023978321458699 ], [ 0.122186460872178, 36.024441625303204 ], [ 0.123666892807195, 36.024441625303204 ], [ 0.123666892807195, 36.024904926423396 ], [ 0.125147324742211, 36.024904926423396 ], [ 0.125147324742211, 36.025368224819253 ], [ 0.12588754070972, 36.025368224819253 ], [ 0.12588754070972, 36.025831520490769 ], [ 0.128848404579753, 36.025831520490769 ], [ 0.128848404579753, 36.025368224819253 ], [ 0.13032883651477, 36.025368224819253 ], [ 0.13032883651477, 36.024904926423396 ], [ 0.131809268449787, 36.024904926423396 ], [ 0.131809268449787, 36.023978321458699 ], [ 0.132549484417295, 36.023978321458699 ], [ 0.132549484417295, 36.021661761371966 ] ] ], [ [ [ 1.246574515517338, 36.136943660476909 ], [ 1.246574515517338, 36.135555728038689 ], [ 1.247314731484846, 36.135555728038689 ], [ 1.247314731484846, 36.13370511326643 ], [ 1.248054947452355, 36.13370511326643 ], [ 1.248054947452355, 36.132317123546741 ], [ 1.248795163419863, 36.132317123546741 ], [ 1.248795163419863, 36.130466432400581 ], [ 1.249535379387371, 36.130466432400581 ], [ 1.249535379387371, 36.129078385401499 ], [ 1.25027559535488, 36.129078385401499 ], [ 1.25027559535488, 36.123988669722088 ], [ 1.249535379387371, 36.123988669722088 ], [ 1.249535379387371, 36.123063231414996 ], [ 1.248795163419863, 36.123063231414996 ], [ 1.248795163419863, 36.122137782198543 ], [ 1.248054947452355, 36.122137782198543 ], [ 1.248054947452355, 36.121212322072857 ], [ 1.247314731484846, 36.121212322072857 ], [ 1.247314731484846, 36.120286851038067 ], [ 1.246574515517338, 36.120286851038067 ], [ 1.246574515517338, 36.119824111429786 ], [ 1.245834299549829, 36.119824111429786 ], [ 1.245834299549829, 36.119361369094264 ], [ 1.244353867614813, 36.119361369094264 ], [ 1.244353867614813, 36.118898624031523 ], [ 1.243613651647304, 36.118898624031523 ], [ 1.243613651647304, 36.11843587624157 ], [ 1.242133219712288, 36.11843587624157 ], [ 1.242133219712288, 36.118898624031523 ], [ 1.24139300374478, 36.118898624031523 ], [ 1.24139300374478, 36.119361369094264 ], [ 1.239912571809763, 36.119361369094264 ], [ 1.239912571809763, 36.119824111429786 ], [ 1.239172355842254, 36.119824111429786 ], [ 1.239172355842254, 36.120286851038067 ], [ 1.237691923907238, 36.120286851038067 ], [ 1.237691923907238, 36.11843587624157 ], [ 1.236951707939729, 36.11843587624157 ], [ 1.236951707939729, 36.117047616508593 ], [ 1.236211491972221, 36.117047616508593 ], [ 1.236211491972221, 36.11658485780994 ], [ 1.235471276004713, 36.11658485780994 ], [ 1.235471276004713, 36.115659332231232 ], [ 1.234731060037205, 36.115659332231232 ], [ 1.234731060037205, 36.115196565351212 ], [ 1.231029980199663, 36.115196565351212 ], [ 1.231029980199663, 36.115659332231232 ], [ 1.228809332297138, 36.115659332231232 ], [ 1.228809332297138, 36.116122096384153 ], [ 1.22806911632963, 36.116122096384153 ], [ 1.22806911632963, 36.11658485780994 ], [ 1.227328900362121, 36.11658485780994 ], [ 1.227328900362121, 36.120286851038067 ], [ 1.226588684394613, 36.120286851038067 ], [ 1.226588684394613, 36.122600508170429 ], [ 1.227328900362121, 36.122600508170429 ], [ 1.227328900362121, 36.123063231414996 ], [ 1.22806911632963, 36.123063231414996 ], [ 1.22806911632963, 36.123988669722088 ], [ 1.228809332297138, 36.123988669722088 ], [ 1.228809332297138, 36.124451384784592 ], [ 1.229549548264646, 36.124451384784592 ], [ 1.229549548264646, 36.124914097119721 ], [ 1.233250628102188, 36.124914097119721 ], [ 1.233250628102188, 36.125376806727459 ], [ 1.232510412134679, 36.125376806727459 ], [ 1.232510412134679, 36.126764919186158 ], [ 1.231770196167171, 36.126764919186158 ], [ 1.231770196167171, 36.128153007097822 ], [ 1.231029980199663, 36.128153007097822 ], [ 1.231029980199663, 36.129541070462068 ], [ 1.231770196167171, 36.129541070462068 ], [ 1.231770196167171, 36.130929109278505 ], [ 1.232510412134679, 36.130929109278505 ], [ 1.232510412134679, 36.132317123546741 ], [ 1.233250628102188, 36.132317123546741 ], [ 1.233250628102188, 36.13370511326643 ], [ 1.233990844069696, 36.13370511326643 ], [ 1.233990844069696, 36.135093078437173 ], [ 1.234731060037205, 36.135093078437173 ], [ 1.234731060037205, 36.136481019058579 ], [ 1.236211491972221, 36.136481019058579 ], [ 1.236211491972221, 36.136943660476909 ], [ 1.236951707939729, 36.136943660476909 ], [ 1.236951707939729, 36.13740629916748 ], [ 1.238432139874746, 36.13740629916748 ], [ 1.238432139874746, 36.137868935130264 ], [ 1.239172355842254, 36.137868935130264 ], [ 1.239172355842254, 36.138331568365288 ], [ 1.242873435679796, 36.138331568365288 ], [ 1.242873435679796, 36.137868935130264 ], [ 1.244353867614813, 36.137868935130264 ], [ 1.244353867614813, 36.13740629916748 ], [ 1.245094083582321, 36.13740629916748 ], [ 1.245094083582321, 36.136943660476909 ], [ 1.246574515517338, 36.136943660476909 ] ] ], [ [ [ 2.935007137403848, 36.145270739546369 ], [ 2.935007137403848, 36.143420353912397 ], [ 2.935747353371357, 36.143420353912397 ], [ 2.935747353371357, 36.141107310491023 ], [ 2.936487569338865, 36.141107310491023 ], [ 2.936487569338865, 36.13740629916748 ], [ 2.935747353371357, 36.13740629916748 ], [ 2.935747353371357, 36.136018374912496 ], [ 2.935007137403848, 36.136018374912496 ], [ 2.935007137403848, 36.134167771051025 ], [ 2.93426692143634, 36.134167771051025 ], [ 2.93426692143634, 36.133242452754182 ], [ 2.932046273533815, 36.133242452754182 ], [ 2.932046273533815, 36.132779789514281 ], [ 2.930565841598798, 36.132779789514281 ], [ 2.930565841598798, 36.132317123546741 ], [ 2.928345193696273, 36.132317123546741 ], [ 2.928345193696273, 36.131854454851599 ], [ 2.927604977728765, 36.131854454851599 ], [ 2.927604977728765, 36.130929109278505 ], [ 2.926864761761257, 36.130929109278505 ], [ 2.926864761761257, 36.130003752795091 ], [ 2.926124545793748, 36.130003752795091 ], [ 2.926124545793748, 36.129078385401499 ], [ 2.92538432982624, 36.129078385401499 ], [ 2.92538432982624, 36.128153007097822 ], [ 2.923903897891223, 36.128153007097822 ], [ 2.923903897891223, 36.128615697613419 ], [ 2.921683249988698, 36.128615697613419 ], [ 2.921683249988698, 36.129078385401499 ], [ 2.919462602086173, 36.129078385401499 ], [ 2.919462602086173, 36.129541070462068 ], [ 2.918722386118665, 36.129541070462068 ], [ 2.918722386118665, 36.130003752795091 ], [ 2.917982170151157, 36.130003752795091 ], [ 2.917982170151157, 36.13370511326643 ], [ 2.917241954183648, 36.13370511326643 ], [ 2.917241954183648, 36.136018374912496 ], [ 2.917982170151157, 36.136018374912496 ], [ 2.917982170151157, 36.13740629916748 ], [ 2.918722386118665, 36.13740629916748 ], [ 2.918722386118665, 36.139256826651881 ], [ 2.919462602086173, 36.139256826651881 ], [ 2.919462602086173, 36.140644693623038 ], [ 2.920202818053682, 36.140644693623038 ], [ 2.920202818053682, 36.142032536043331 ], [ 2.92094303402119, 36.142032536043331 ], [ 2.92094303402119, 36.143882954412867 ], [ 2.921683249988698, 36.143882954412867 ], [ 2.921683249988698, 36.145270739546369 ], [ 2.922423465956207, 36.145270739546369 ], [ 2.922423465956207, 36.14573332913487 ], [ 2.924644113858732, 36.14573332913487 ], [ 2.924644113858732, 36.146195915995342 ], [ 2.926124545793748, 36.146195915995342 ], [ 2.926124545793748, 36.146658500127771 ], [ 2.928345193696273, 36.146658500127771 ], [ 2.928345193696273, 36.147121081532141 ], [ 2.932046273533815, 36.147121081532141 ], [ 2.932046273533815, 36.146658500127771 ], [ 2.932786489501323, 36.146658500127771 ], [ 2.932786489501323, 36.146195915995342 ], [ 2.93426692143634, 36.146195915995342 ], [ 2.93426692143634, 36.145270739546369 ], [ 2.935007137403848, 36.145270739546369 ] ] ], [ [ [ 3.75220556553305, 36.187355219123539 ], [ 3.753685997468065, 36.187355219123539 ], [ 3.753685997468065, 36.186892875113685 ], [ 3.754426213435575, 36.186892875113685 ], [ 3.754426213435575, 36.185043471781654 ], [ 3.755166429403083, 36.185043471781654 ], [ 3.755166429403083, 36.183194024782118 ], [ 3.755906645370591, 36.183194024782118 ], [ 3.755906645370591, 36.18180691087619 ], [ 3.756646861338099, 36.18180691087619 ], [ 3.756646861338099, 36.17903260937846 ], [ 3.755906645370591, 36.17903260937846 ], [ 3.755906645370591, 36.177183020465691 ], [ 3.755166429403083, 36.177183020465691 ], [ 3.755166429403083, 36.175795800126778 ], [ 3.754426213435575, 36.175795800126778 ], [ 3.754426213435575, 36.173946134803117 ], [ 3.753685997468065, 36.173946134803117 ], [ 3.753685997468065, 36.173021285767938 ], [ 3.75220556553305, 36.173021285767938 ], [ 3.75220556553305, 36.172558857157064 ], [ 3.750725133598033, 36.172558857157064 ], [ 3.750725133598033, 36.17209642581733 ], [ 3.749244701663016, 36.17209642581733 ], [ 3.749244701663016, 36.171633991748799 ], [ 3.747024053760491, 36.171633991748799 ], [ 3.747024053760491, 36.171171554951435 ], [ 3.744803405857966, 36.171171554951435 ], [ 3.744803405857966, 36.171633991748799 ], [ 3.744063189890458, 36.171633991748799 ], [ 3.744063189890458, 36.17209642581733 ], [ 3.742582757955441, 36.17209642581733 ], [ 3.742582757955441, 36.172558857157064 ], [ 3.741842541987933, 36.172558857157064 ], [ 3.741842541987933, 36.173483711649958 ], [ 3.741102326020424, 36.173483711649958 ], [ 3.741102326020424, 36.174870972922768 ], [ 3.740362110052916, 36.174870972922768 ], [ 3.740362110052916, 36.176258209635364 ], [ 3.739621894085408, 36.176258209635364 ], [ 3.739621894085408, 36.177645421787389 ], [ 3.738881678117899, 36.177645421787389 ], [ 3.738881678117899, 36.17949499978409 ], [ 3.738141462150391, 36.17949499978409 ], [ 3.738141462150391, 36.180882154626616 ], [ 3.737401246182882, 36.180882154626616 ], [ 3.737401246182882, 36.182269284907314 ], [ 3.736661030215375, 36.182269284907314 ], [ 3.736661030215375, 36.182731656209292 ], [ 3.737401246182882, 36.182731656209292 ], [ 3.737401246182882, 36.184581114125564 ], [ 3.738141462150391, 36.184581114125564 ], [ 3.738141462150391, 36.185968178906165 ], [ 3.738881678117899, 36.185968178906165 ], [ 3.738881678117899, 36.186892875113685 ], [ 3.740362110052916, 36.186892875113685 ], [ 3.740362110052916, 36.187355219123539 ], [ 3.741102326020424, 36.187355219123539 ], [ 3.741102326020424, 36.187817560404099 ], [ 3.742582757955441, 36.187817560404099 ], [ 3.742582757955441, 36.188279898955365 ], [ 3.743322973922949, 36.188279898955365 ], [ 3.743322973922949, 36.188742234777301 ], [ 3.744803405857966, 36.188742234777301 ], [ 3.744803405857966, 36.189204567869922 ], [ 3.747764269728, 36.189204567869922 ], [ 3.747764269728, 36.188742234777301 ], [ 3.749244701663016, 36.188742234777301 ], [ 3.749244701663016, 36.188279898955365 ], [ 3.750725133598033, 36.188279898955365 ], [ 3.750725133598033, 36.187817560404099 ], [ 3.75220556553305, 36.187817560404099 ], [ 3.75220556553305, 36.187355219123539 ] ] ], [ [ [ 3.141527392338674, 36.605575656796958 ], [ 3.141527392338674, 36.605115793904091 ], [ 3.142267608306182, 36.605115793904091 ], [ 3.142267608306182, 36.604196059893432 ], [ 3.14300782427369, 36.604196059893432 ], [ 3.14300782427369, 36.603736188775677 ], [ 3.143748040241198, 36.603736188775677 ], [ 3.143748040241198, 36.603276314916315 ], [ 3.144488256208707, 36.603276314916315 ], [ 3.144488256208707, 36.600057121136963 ], [ 3.145228472176215, 36.600057121136963 ], [ 3.145228472176215, 36.595917960319227 ], [ 3.144488256208707, 36.595917960319227 ], [ 3.144488256208707, 36.594078262012708 ], [ 3.143748040241198, 36.594078262012708 ], [ 3.143748040241198, 36.593158396411461 ], [ 3.14300782427369, 36.593158396411461 ], [ 3.14300782427369, 36.592698459498877 ], [ 3.142267608306182, 36.592698459498877 ], [ 3.142267608306182, 36.592238519845012 ], [ 3.140787176371165, 36.592238519845012 ], [ 3.140787176371165, 36.591778577449873 ], [ 3.139306744436149, 36.591778577449873 ], [ 3.139306744436149, 36.591318632313481 ], [ 3.137826312501132, 36.591318632313481 ], [ 3.137826312501132, 36.590858684435844 ], [ 3.136345880566116, 36.590858684435844 ], [ 3.136345880566116, 36.591318632313481 ], [ 3.134865448631099, 36.591318632313481 ], [ 3.134865448631099, 36.591778577449873 ], [ 3.132644800728573, 36.591778577449873 ], [ 3.132644800728573, 36.592238519845012 ], [ 3.131164368793557, 36.592238519845012 ], [ 3.131164368793557, 36.592698459498877 ], [ 3.12968393685854, 36.592698459498877 ], [ 3.12968393685854, 36.593158396411461 ], [ 3.128943720891032, 36.593158396411461 ], [ 3.128943720891032, 36.594998116648675 ], [ 3.128203504923524, 36.594998116648675 ], [ 3.128203504923524, 36.598677425537396 ], [ 3.127463288956015, 36.598677425537396 ], [ 3.127463288956015, 36.599137326812055 ], [ 3.128203504923524, 36.599137326812055 ], [ 3.128203504923524, 36.600517014187183 ], [ 3.128943720891032, 36.600517014187183 ], [ 3.128943720891032, 36.602356558972815 ], [ 3.12968393685854, 36.602356558972815 ], [ 3.12968393685854, 36.603736188775677 ], [ 3.130424152826048, 36.603736188775677 ], [ 3.130424152826048, 36.605115793904091 ], [ 3.131164368793557, 36.605115793904091 ], [ 3.131164368793557, 36.605575656796958 ], [ 3.132644800728573, 36.605575656796958 ], [ 3.132644800728573, 36.606035516948175 ], [ 3.134865448631099, 36.606035516948175 ], [ 3.134865448631099, 36.606495374357721 ], [ 3.137086096533624, 36.606495374357721 ], [ 3.137086096533624, 36.60695522902558 ], [ 3.139306744436149, 36.60695522902558 ], [ 3.139306744436149, 36.606495374357721 ], [ 3.140046960403657, 36.606495374357721 ], [ 3.140046960403657, 36.606035516948175 ], [ 3.140787176371165, 36.606035516948175 ], [ 3.140787176371165, 36.605575656796958 ], [ 3.141527392338674, 36.605575656796958 ] ] ], [ [ [ 2.890594179353348, 36.61017413493235 ], [ 2.890594179353348, 36.608334776578928 ], [ 2.891334395320857, 36.608334776578928 ], [ 2.891334395320857, 36.606495374357721 ], [ 2.892074611288365, 36.606495374357721 ], [ 2.892074611288365, 36.606035516948175 ], [ 2.891334395320857, 36.606035516948175 ], [ 2.891334395320857, 36.605115793904091 ], [ 2.892814827255873, 36.605115793904091 ], [ 2.892814827255873, 36.605575656796958 ], [ 2.893555043223381, 36.605575656796958 ], [ 2.893555043223381, 36.606035516948175 ], [ 2.895035475158398, 36.606035516948175 ], [ 2.895035475158398, 36.605575656796958 ], [ 2.895775691125907, 36.605575656796958 ], [ 2.895775691125907, 36.605115793904091 ], [ 2.896515907093415, 36.605115793904091 ], [ 2.896515907093415, 36.604655928269572 ], [ 2.897256123060923, 36.604655928269572 ], [ 2.897256123060923, 36.604196059893432 ], [ 2.897996339028431, 36.604196059893432 ], [ 2.897996339028431, 36.603736188775677 ], [ 2.89873655499594, 36.603736188775677 ], [ 2.89873655499594, 36.603276314916315 ], [ 2.899476770963448, 36.603276314916315 ], [ 2.899476770963448, 36.602816438315351 ], [ 2.900216986930956, 36.602816438315351 ], [ 2.900216986930956, 36.602356558972815 ], [ 2.901697418865973, 36.602356558972815 ], [ 2.901697418865973, 36.601896676888721 ], [ 2.902437634833482, 36.601896676888721 ], [ 2.902437634833482, 36.600057121136963 ], [ 2.90317785080099, 36.600057121136963 ], [ 2.90317785080099, 36.598217521521264 ], [ 2.903918066768498, 36.598217521521264 ], [ 2.903918066768498, 36.597757614763687 ], [ 2.90317785080099, 36.597757614763687 ], [ 2.90317785080099, 36.596377878042439 ], [ 2.902437634833482, 36.596377878042439 ], [ 2.902437634833482, 36.595458039854627 ], [ 2.901697418865973, 36.595458039854627 ], [ 2.901697418865973, 36.594078262012708 ], [ 2.900957202898465, 36.594078262012708 ], [ 2.900957202898465, 36.593158396411461 ], [ 2.900216986930956, 36.593158396411461 ], [ 2.900216986930956, 36.592698459498877 ], [ 2.899476770963448, 36.592698459498877 ], [ 2.899476770963448, 36.593158396411461 ], [ 2.896515907093415, 36.593158396411461 ], [ 2.896515907093415, 36.593618330582743 ], [ 2.89429525919089, 36.593618330582743 ], [ 2.89429525919089, 36.594078262012708 ], [ 2.891334395320857, 36.594078262012708 ], [ 2.891334395320857, 36.594538190701364 ], [ 2.889113747418332, 36.594538190701364 ], [ 2.889113747418332, 36.596377878042439 ], [ 2.888373531450823, 36.596377878042439 ], [ 2.888373531450823, 36.598217521521264 ], [ 2.887633315483315, 36.598217521521264 ], [ 2.887633315483315, 36.598677425537396 ], [ 2.888373531450823, 36.598677425537396 ], [ 2.888373531450823, 36.600976904495894 ], [ 2.889113747418332, 36.600976904495894 ], [ 2.889113747418332, 36.601896676888721 ], [ 2.887633315483315, 36.601896676888721 ], [ 2.887633315483315, 36.601436792063076 ], [ 2.886893099515807, 36.601436792063076 ], [ 2.886893099515807, 36.600976904495894 ], [ 2.88541266758079, 36.600976904495894 ], [ 2.88541266758079, 36.599597225345263 ], [ 2.886152883548299, 36.599597225345263 ], [ 2.886152883548299, 36.598677425537396 ], [ 2.886893099515807, 36.598677425537396 ], [ 2.886893099515807, 36.597757614763687 ], [ 2.887633315483315, 36.597757614763687 ], [ 2.887633315483315, 36.596377878042439 ], [ 2.886893099515807, 36.596377878042439 ], [ 2.886893099515807, 36.594998116648675 ], [ 2.886152883548299, 36.594998116648675 ], [ 2.886152883548299, 36.593618330582743 ], [ 2.88541266758079, 36.593618330582743 ], [ 2.88541266758079, 36.592238519845012 ], [ 2.884672451613281, 36.592238519845012 ], [ 2.884672451613281, 36.590858684435844 ], [ 2.883932235645773, 36.590858684435844 ], [ 2.883932235645773, 36.590398733816969 ], [ 2.883192019678265, 36.590398733816969 ], [ 2.883192019678265, 36.58993878045689 ], [ 2.882451803710757, 36.58993878045689 ], [ 2.882451803710757, 36.589478824355602 ], [ 2.88097137177574, 36.589478824355602 ], [ 2.88097137177574, 36.589018865513104 ], [ 2.880231155808231, 36.589018865513104 ], [ 2.880231155808231, 36.588558903929453 ], [ 2.877270291938198, 36.588558903929453 ], [ 2.877270291938198, 36.589018865513104 ], [ 2.87653007597069, 36.589018865513104 ], [ 2.87653007597069, 36.589478824355602 ], [ 2.875789860003182, 36.589478824355602 ], [ 2.875789860003182, 36.58993878045689 ], [ 2.875049644035673, 36.58993878045689 ], [ 2.875049644035673, 36.590398733816969 ], [ 2.874309428068165, 36.590398733816969 ], [ 2.874309428068165, 36.590858684435844 ], [ 2.873569212100656, 36.590858684435844 ], [ 2.873569212100656, 36.591318632313481 ], [ 2.872828996133148, 36.591318632313481 ], [ 2.872828996133148, 36.591778577449873 ], [ 2.87208878016564, 36.591778577449873 ], [ 2.87208878016564, 36.592238519845012 ], [ 2.871348564198132, 36.592238519845012 ], [ 2.871348564198132, 36.592698459498877 ], [ 2.870608348230624, 36.592698459498877 ], [ 2.870608348230624, 36.593158396411461 ], [ 2.869127916295606, 36.593158396411461 ], [ 2.869127916295606, 36.593618330582743 ], [ 2.868387700328098, 36.593618330582743 ], [ 2.868387700328098, 36.596377878042439 ], [ 2.86764748436059, 36.596377878042439 ], [ 2.86764748436059, 36.600976904495894 ], [ 2.868387700328098, 36.600976904495894 ], [ 2.868387700328098, 36.602816438315351 ], [ 2.869127916295606, 36.602816438315351 ], [ 2.869127916295606, 36.604655928269572 ], [ 2.869868132263115, 36.604655928269572 ], [ 2.869868132263115, 36.605115793904091 ], [ 2.870608348230624, 36.605115793904091 ], [ 2.870608348230624, 36.605575656796958 ], [ 2.87208878016564, 36.605575656796958 ], [ 2.87208878016564, 36.606035516948175 ], [ 2.873569212100656, 36.606035516948175 ], [ 2.873569212100656, 36.606495374357721 ], [ 2.87653007597069, 36.606495374357721 ], [ 2.87653007597069, 36.606035516948175 ], [ 2.877270291938198, 36.606035516948175 ], [ 2.877270291938198, 36.605575656796958 ], [ 2.878010507905707, 36.605575656796958 ], [ 2.878010507905707, 36.605115793904091 ], [ 2.879490939840723, 36.605115793904091 ], [ 2.879490939840723, 36.604655928269572 ], [ 2.880231155808231, 36.604655928269572 ], [ 2.880231155808231, 36.604196059893432 ], [ 2.88097137177574, 36.604196059893432 ], [ 2.88097137177574, 36.605575656796958 ], [ 2.880231155808231, 36.605575656796958 ], [ 2.880231155808231, 36.607415080951746 ], [ 2.88097137177574, 36.607415080951746 ], [ 2.88097137177574, 36.608794620279923 ], [ 2.881711587743248, 36.608794620279923 ], [ 2.881711587743248, 36.61017413493235 ], [ 2.882451803710757, 36.61017413493235 ], [ 2.882451803710757, 36.610633967666281 ], [ 2.883192019678265, 36.610633967666281 ], [ 2.883192019678265, 36.611093797658391 ], [ 2.884672451613281, 36.611093797658391 ], [ 2.884672451613281, 36.611553624908673 ], [ 2.88541266758079, 36.611553624908673 ], [ 2.88541266758079, 36.612013449417155 ], [ 2.886893099515807, 36.612013449417155 ], [ 2.886893099515807, 36.611553624908673 ], [ 2.887633315483315, 36.611553624908673 ], [ 2.887633315483315, 36.611093797658391 ], [ 2.889113747418332, 36.611093797658391 ], [ 2.889113747418332, 36.610633967666281 ], [ 2.88985396338584, 36.610633967666281 ], [ 2.88985396338584, 36.61017413493235 ], [ 2.890594179353348, 36.61017413493235 ] ], [ [ 2.88541266758079, 36.601436792063076 ], [ 2.884672451613281, 36.601436792063076 ], [ 2.884672451613281, 36.600976904495894 ], [ 2.88541266758079, 36.600976904495894 ], [ 2.88541266758079, 36.601436792063076 ] ] ], [ [ [ 3.237015252147248, 36.635920545287931 ], [ 3.237755468114757, 36.635920545287931 ], [ 3.237755468114757, 36.635001178715243 ], [ 3.238495684082265, 36.635001178715243 ], [ 3.238495684082265, 36.634081801172542 ], [ 3.239235900049774, 36.634081801172542 ], [ 3.239235900049774, 36.627645851221985 ], [ 3.238495684082265, 36.627645851221985 ], [ 3.238495684082265, 36.626726385922929 ], [ 3.237755468114757, 36.626726385922929 ], [ 3.237755468114757, 36.626266649159994 ], [ 3.237015252147248, 36.626266649159994 ], [ 3.237015252147248, 36.625347167407384 ], [ 3.236275036179741, 36.625347167407384 ], [ 3.236275036179741, 36.624427674685869 ], [ 3.235534820212232, 36.624427674685869 ], [ 3.235534820212232, 36.623508170995557 ], [ 3.23183374037469, 36.623508170995557 ], [ 3.23183374037469, 36.623967924211811 ], [ 3.228872876504657, 36.623967924211811 ], [ 3.228872876504657, 36.624427674685869 ], [ 3.226652228602132, 36.624427674685869 ], [ 3.226652228602132, 36.625347167407384 ], [ 3.225912012634624, 36.625347167407384 ], [ 3.225912012634624, 36.626266649159994 ], [ 3.225171796667116, 36.626266649159994 ], [ 3.225171796667116, 36.626726385922929 ], [ 3.224431580699607, 36.626726385922929 ], [ 3.224431580699607, 36.634541491315147 ], [ 3.225171796667116, 36.634541491315147 ], [ 3.225171796667116, 36.635460863372849 ], [ 3.225912012634624, 36.635460863372849 ], [ 3.225912012634624, 36.635920545287931 ], [ 3.226652228602132, 36.635920545287931 ], [ 3.226652228602132, 36.636839900890493 ], [ 3.22739244456964, 36.636839900890493 ], [ 3.22739244456964, 36.637299574577931 ], [ 3.228132660537149, 36.637299574577931 ], [ 3.228132660537149, 36.638218913725105 ], [ 3.228872876504657, 36.638218913725105 ], [ 3.228872876504657, 36.638678579184806 ], [ 3.229613092472166, 36.638678579184806 ], [ 3.229613092472166, 36.639138241901897 ], [ 3.234794604244723, 36.639138241901897 ], [ 3.234794604244723, 36.638678579184806 ], [ 3.235534820212232, 36.638678579184806 ], [ 3.235534820212232, 36.637759245522808 ], [ 3.236275036179741, 36.637759245522808 ], [ 3.236275036179741, 36.636839900890493 ], [ 3.237015252147248, 36.636839900890493 ], [ 3.237015252147248, 36.635920545287931 ] ] ], [ [ [ 3.124502425085982, 36.688306303054155 ], [ 3.12524264105349, 36.688306303054155 ], [ 3.12524264105349, 36.687846933872635 ], [ 3.126723072988507, 36.687846933872635 ], [ 3.126723072988507, 36.687387561947112 ], [ 3.127463288956015, 36.687387561947112 ], [ 3.127463288956015, 36.68692818727758 ], [ 3.128943720891032, 36.68692818727758 ], [ 3.128943720891032, 36.686468809864046 ], [ 3.130424152826048, 36.686468809864046 ], [ 3.130424152826048, 36.68600942970653 ], [ 3.131164368793557, 36.68600942970653 ], [ 3.131164368793557, 36.683712487759699 ], [ 3.131904584761065, 36.683712487759699 ], [ 3.131904584761065, 36.680496653790591 ], [ 3.132644800728573, 36.680496653790591 ], [ 3.132644800728573, 36.676361812562291 ], [ 3.131904584761065, 36.676361812562291 ], [ 3.131904584761065, 36.67452403401316 ], [ 3.131164368793557, 36.67452403401316 ], [ 3.131164368793557, 36.674064582516735 ], [ 3.130424152826048, 36.674064582516735 ], [ 3.130424152826048, 36.673605128276698 ], [ 3.12968393685854, 36.673605128276698 ], [ 3.12968393685854, 36.673145671293035 ], [ 3.128203504923524, 36.673145671293035 ], [ 3.128203504923524, 36.672686211565782 ], [ 3.114879617508374, 36.672686211565782 ], [ 3.114879617508374, 36.673145671293035 ], [ 3.113399185573357, 36.673145671293035 ], [ 3.113399185573357, 36.673605128276698 ], [ 3.112658969605848, 36.673605128276698 ], [ 3.112658969605848, 36.674064582516735 ], [ 3.11191875363834, 36.674064582516735 ], [ 3.11191875363834, 36.674983482765938 ], [ 3.111178537670832, 36.674983482765938 ], [ 3.111178537670832, 36.676361812562291 ], [ 3.110438321703324, 36.676361812562291 ], [ 3.110438321703324, 36.678658974015555 ], [ 3.109698105735816, 36.678658974015555 ], [ 3.109698105735816, 36.685550046805048 ], [ 3.110438321703324, 36.685550046805048 ], [ 3.110438321703324, 36.687387561947112 ], [ 3.111178537670832, 36.687387561947112 ], [ 3.111178537670832, 36.688306303054155 ], [ 3.11191875363834, 36.688306303054155 ], [ 3.11191875363834, 36.688765669491623 ], [ 3.112658969605848, 36.688765669491623 ], [ 3.112658969605848, 36.689225033185046 ], [ 3.114139401540865, 36.689225033185046 ], [ 3.114139401540865, 36.689684394134424 ], [ 3.114879617508374, 36.689684394134424 ], [ 3.114879617508374, 36.690143752339708 ], [ 3.11636004944339, 36.690143752339708 ], [ 3.11636004944339, 36.689684394134424 ], [ 3.121541561215949, 36.689684394134424 ], [ 3.121541561215949, 36.689225033185046 ], [ 3.123021993150966, 36.689225033185046 ], [ 3.123021993150966, 36.688765669491623 ], [ 3.124502425085982, 36.688765669491623 ], [ 3.124502425085982, 36.688306303054155 ] ] ], [ [ [ 3.086011194775548, 36.754885782112567 ], [ 3.087491626710565, 36.754885782112567 ], [ 3.087491626710565, 36.754426810952772 ], [ 3.088231842678073, 36.754426810952772 ], [ 3.088231842678073, 36.753967837047014 ], [ 3.088972058645582, 36.753967837047014 ], [ 3.088972058645582, 36.75121393594906 ], [ 3.089712274613091, 36.75121393594906 ], [ 3.089712274613091, 36.748459936001332 ], [ 3.090452490580598, 36.748459936001332 ], [ 3.090452490580598, 36.74754191405264 ], [ 3.089712274613091, 36.74754191405264 ], [ 3.089712274613091, 36.745705837206678 ], [ 3.088972058645582, 36.745705837206678 ], [ 3.088972058645582, 36.743869716429998 ], [ 3.087491626710565, 36.743869716429998 ], [ 3.087491626710565, 36.743410679371763 ], [ 3.086751410743056, 36.743410679371763 ], [ 3.086751410743056, 36.742951639567913 ], [ 3.08527097880804, 36.742951639567913 ], [ 3.08527097880804, 36.742492597018455 ], [ 3.084530762840532, 36.742492597018455 ], [ 3.084530762840532, 36.742033551723452 ], [ 3.083790546873024, 36.742033551723452 ], [ 3.083790546873024, 36.741574503682855 ], [ 3.082310114938007, 36.741574503682855 ], [ 3.082310114938007, 36.741115452896715 ], [ 3.079349251067974, 36.741115452896715 ], [ 3.079349251067974, 36.741574503682855 ], [ 3.078609035100465, 36.741574503682855 ], [ 3.078609035100465, 36.742033551723452 ], [ 3.077868819132957, 36.742033551723452 ], [ 3.077868819132957, 36.742492597018455 ], [ 3.077128603165448, 36.742492597018455 ], [ 3.077128603165448, 36.742951639567913 ], [ 3.07638838719794, 36.742951639567913 ], [ 3.07638838719794, 36.743410679371763 ], [ 3.075648171230431, 36.743410679371763 ], [ 3.075648171230431, 36.744328750742632 ], [ 3.074907955262923, 36.744328750742632 ], [ 3.074907955262923, 36.745705837206678 ], [ 3.074167739295415, 36.745705837206678 ], [ 3.074167739295415, 36.74708289895969 ], [ 3.073427523327906, 36.74708289895969 ], [ 3.073427523327906, 36.748459936001332 ], [ 3.072687307360398, 36.748459936001332 ], [ 3.072687307360398, 36.752131913965158 ], [ 3.073427523327906, 36.752131913965158 ], [ 3.073427523327906, 36.753967837047014 ], [ 3.074167739295415, 36.753967837047014 ], [ 3.074167739295415, 36.754426810952772 ], [ 3.074907955262923, 36.754426810952772 ], [ 3.074907955262923, 36.754885782112567 ], [ 3.075648171230431, 36.754885782112567 ], [ 3.075648171230431, 36.755344750526469 ], [ 3.077128603165448, 36.755344750526469 ], [ 3.077128603165448, 36.755803716194414 ], [ 3.077868819132957, 36.755803716194414 ], [ 3.077868819132957, 36.756262679116404 ], [ 3.078609035100465, 36.756262679116404 ], [ 3.078609035100465, 36.756721639292422 ], [ 3.08082968300299, 36.756721639292422 ], [ 3.08082968300299, 36.756262679116404 ], [ 3.082310114938007, 36.756262679116404 ], [ 3.082310114938007, 36.755803716194414 ], [ 3.084530762840532, 36.755803716194414 ], [ 3.084530762840532, 36.755344750526469 ], [ 3.086011194775548, 36.755344750526469 ], [ 3.086011194775548, 36.754885782112567 ] ] ], [ [ [ 1.667017185062072, 41.319116189662658 ], [ 1.66775740102958, 41.319116189662658 ], [ 1.66775740102958, 41.318255711557249 ], [ 1.668497616997088, 41.318255711557249 ], [ 1.668497616997088, 41.317825468244379 ], [ 1.669237832964597, 41.317825468244379 ], [ 1.669237832964597, 41.316964973098372 ], [ 1.669978048932105, 41.316964973098372 ], [ 1.669978048932105, 41.314813685531881 ], [ 1.669237832964597, 41.314813685531881 ], [ 1.669237832964597, 41.309220005573778 ], [ 1.668497616997088, 41.309220005573778 ], [ 1.668497616997088, 41.308359396826262 ], [ 1.66775740102958, 41.308359396826262 ], [ 1.66775740102958, 41.307929088192537 ], [ 1.667017185062072, 41.307929088192537 ], [ 1.667017185062072, 41.307068462405169 ], [ 1.666276969094563, 41.307068462405169 ], [ 1.666276969094563, 41.306207825257957 ], [ 1.665536753127055, 41.306207825257957 ], [ 1.665536753127055, 41.305777502424441 ], [ 1.661835673289513, 41.305777502424441 ], [ 1.661835673289513, 41.306207825257957 ], [ 1.659615025386988, 41.306207825257957 ], [ 1.659615025386988, 41.306638145251547 ], [ 1.65887480941948, 41.306638145251547 ], [ 1.65887480941948, 41.307068462405169 ], [ 1.658134593451972, 41.307068462405169 ], [ 1.658134593451972, 41.307929088192537 ], [ 1.657394377484463, 41.307929088192537 ], [ 1.657394377484463, 41.308359396826262 ], [ 1.656654161516955, 41.308359396826262 ], [ 1.656654161516955, 41.308789702620011 ], [ 1.655913945549446, 41.308789702620011 ], [ 1.655913945549446, 41.309220005573778 ], [ 1.655173729581938, 41.309220005573778 ], [ 1.655173729581938, 41.314813685531881 ], [ 1.655913945549446, 41.314813685531881 ], [ 1.655913945549446, 41.315674209078693 ], [ 1.656654161516955, 41.315674209078693 ], [ 1.656654161516955, 41.316964973098372 ], [ 1.657394377484463, 41.316964973098372 ], [ 1.657394377484463, 41.317825468244379 ], [ 1.658134593451972, 41.317825468244379 ], [ 1.658134593451972, 41.319116189662658 ], [ 1.65887480941948, 41.319116189662658 ], [ 1.65887480941948, 41.319546424455204 ], [ 1.659615025386988, 41.319546424455204 ], [ 1.659615025386988, 41.319976656407619 ], [ 1.661835673289513, 41.319976656407619 ], [ 1.661835673289513, 41.320406885519908 ], [ 1.66331610522453, 41.320406885519908 ], [ 1.66331610522453, 41.320837111792073 ], [ 1.665536753127055, 41.320837111792073 ], [ 1.665536753127055, 41.320406885519908 ], [ 1.666276969094563, 41.320406885519908 ], [ 1.666276969094563, 41.319546424455204 ], [ 1.667017185062072, 41.319546424455204 ], [ 1.667017185062072, 41.319116189662658 ] ] ], [ [ [ 0.18362438617537, 41.931021359016711 ], [ 0.184364602142878, 41.931021359016711 ], [ 0.184364602142878, 41.93059518520375 ], [ 0.185104818110386, 41.93059518520375 ], [ 0.185104818110386, 41.92931664668108 ], [ 0.185845034077895, 41.92931664668108 ], [ 0.185845034077895, 41.928038082532858 ], [ 0.186585250045403, 41.928038082532858 ], [ 0.186585250045403, 41.926759492759189 ], [ 0.187325466012912, 41.926759492759189 ], [ 0.187325466012912, 41.921644877412461 ], [ 0.186585250045403, 41.921644877412461 ], [ 0.186585250045403, 41.920792401660272 ], [ 0.185845034077895, 41.920792401660272 ], [ 0.185845034077895, 41.919939914519318 ], [ 0.185104818110386, 41.919939914519318 ], [ 0.185104818110386, 41.918661162453994 ], [ 0.184364602142878, 41.918661162453994 ], [ 0.184364602142878, 41.917808646841237 ], [ 0.18362438617537, 41.917808646841237 ], [ 0.18362438617537, 41.916956119839853 ], [ 0.178442874402812, 41.916956119839853 ], [ 0.178442874402812, 41.917382384764132 ], [ 0.17474179456527, 41.917382384764132 ], [ 0.17474179456527, 41.918234906071213 ], [ 0.174001578597761, 41.918234906071213 ], [ 0.174001578597761, 41.919087415989608 ], [ 0.173261362630253, 41.919087415989608 ], [ 0.173261362630253, 41.919513666678057 ], [ 0.172521146662745, 41.919513666678057 ], [ 0.172521146662745, 41.920366159513392 ], [ 0.171780930695237, 41.920366159513392 ], [ 0.171780930695237, 41.922497341775838 ], [ 0.172521146662745, 41.922497341775838 ], [ 0.172521146662745, 41.926333290473444 ], [ 0.173261362630253, 41.926333290473444 ], [ 0.173261362630253, 41.927185692197682 ], [ 0.174001578597761, 41.927185692197682 ], [ 0.174001578597761, 41.928038082532858 ], [ 0.17474179456527, 41.928038082532858 ], [ 0.17474179456527, 41.928890461478971 ], [ 0.175482010532778, 41.928890461478971 ], [ 0.175482010532778, 41.929742829035931 ], [ 0.176222226500287, 41.929742829035931 ], [ 0.176222226500287, 41.93059518520375 ], [ 0.176962442467795, 41.93059518520375 ], [ 0.176962442467795, 41.931447529982364 ], [ 0.177702658435303, 41.931447529982364 ], [ 0.177702658435303, 41.932299863371739 ], [ 0.179923306337828, 41.932299863371739 ], [ 0.179923306337828, 41.931873698100702 ], [ 0.181403738272845, 41.931873698100702 ], [ 0.181403738272845, 41.931447529982364 ], [ 0.18362438617537, 41.931447529982364 ], [ 0.18362438617537, 41.931021359016711 ] ] ] ] } }
]
}
