{
"type": "FeatureCollection",
"name": "spain_fires_nrt_ba",
"crs": { "type": "name", "properties": { "name": "urn:ogc:def:crs:OGC:1.3:CRS84" } },
"features": [
{ "type": "Feature", "properties": { }, "geometry": { "type": "MultiPolygon", "coordinates": [ [ [ [ -5.075610062971347, 36.538406660903078 ], [ -5.075610062971347, 36.537946397871224 ], [ -5.074129631036329, 36.537946397871224 ], [ -5.074129631036329, 36.534724479937488 ], [ -5.073389415068821, 36.534724479937488 ], [ -5.073389415068821, 36.532883323703793 ], [ -5.072649199101313, 36.532883323703793 ], [ -5.072649199101313, 36.536105318346976 ], [ -5.071908983133804, 36.536105318346976 ], [ -5.071908983133804, 36.537025863588433 ], [ -5.071168767166296, 36.537025863588433 ], [ -5.071168767166296, 36.537486132099666 ], [ -5.070428551198789, 36.537486132099666 ], [ -5.070428551198789, 36.538406660903078 ], [ -5.067467687328755, 36.538406660903078 ], [ -5.067467687328755, 36.537946397871224 ], [ -5.06524703942623, 36.537946397871224 ], [ -5.06524703942623, 36.537486132099666 ], [ -5.063766607491212, 36.537486132099666 ], [ -5.063766607491212, 36.537025863588433 ], [ -5.063026391523705, 36.537025863588433 ], [ -5.063026391523705, 36.533803907299799 ], [ -5.062286175556197, 36.533803907299799 ], [ -5.062286175556197, 36.531042123637327 ], [ -5.063026391523705, 36.531042123637327 ], [ -5.063026391523705, 36.530121507167067 ], [ -5.063766607491212, 36.530121507167067 ], [ -5.063766607491212, 36.529661194822722 ], [ -5.064506823458721, 36.529661194822722 ], [ -5.064506823458721, 36.52874056191569 ], [ -5.06524703942623, 36.52874056191569 ], [ -5.06524703942623, 36.528280241353031 ], [ -5.067467687328755, 36.528280241353031 ], [ -5.067467687328755, 36.527359592009461 ], [ -5.065987255393737, 36.527359592009461 ], [ -5.065987255393737, 36.526899263228607 ], [ -5.063026391523705, 36.526899263228607 ], [ -5.063026391523705, 36.526438931708348 ], [ -5.06080574362118, 36.526438931708348 ], [ -5.06080574362118, 36.525978597448741 ], [ -5.057844879751146, 36.525978597448741 ], [ -5.057844879751146, 36.526438931708348 ], [ -5.051923152011081, 36.526438931708348 ], [ -5.051923152011081, 36.526899263228607 ], [ -5.046001424271013, 36.526899263228607 ], [ -5.046001424271013, 36.527359592009461 ], [ -5.043040560400979, 36.527359592009461 ], [ -5.043040560400979, 36.526899263228607 ], [ -5.042300344433471, 36.526899263228607 ], [ -5.042300344433471, 36.525978597448741 ], [ -5.041560128465963, 36.525978597448741 ], [ -5.041560128465963, 36.525057920711497 ], [ -5.040819912498454, 36.525057920711497 ], [ -5.040819912498454, 36.524597578233902 ], [ -5.040079696530945, 36.524597578233902 ], [ -5.040079696530945, 36.519994002798093 ], [ -5.039339480563438, 36.519994002798093 ], [ -5.039339480563438, 36.519533630188839 ], [ -5.03859926459593, 36.519533630188839 ], [ -5.03859926459593, 36.519073254840421 ], [ -5.037859048628422, 36.519073254840421 ], [ -5.037859048628422, 36.518612876752861 ], [ -5.037118832660913, 36.518612876752861 ], [ -5.037118832660913, 36.518152495926159 ], [ -5.036378616693405, 36.518152495926159 ], [ -5.036378616693405, 36.517692112360351 ], [ -5.035638400725897, 36.517692112360351 ], [ -5.035638400725897, 36.517231726055421 ], [ -5.034898184758388, 36.517231726055421 ], [ -5.034898184758388, 36.516771337011413 ], [ -5.03415796879088, 36.516771337011413 ], [ -5.03415796879088, 36.516310945228312 ], [ -5.032677536855862, 36.516310945228312 ], [ -5.032677536855862, 36.515850550706155 ], [ -5.031937320888354, 36.515850550706155 ], [ -5.031937320888354, 36.515390153444947 ], [ -5.031197104920846, 36.515390153444947 ], [ -5.031197104920846, 36.51492975344469 ], [ -5.030456888953337, 36.51492975344469 ], [ -5.030456888953337, 36.512167295924122 ], [ -5.029716672985829, 36.512167295924122 ], [ -5.029716672985829, 36.507562980942318 ], [ -5.028976457018321, 36.507562980942318 ], [ -5.028976457018321, 36.507102534380444 ], [ -5.029716672985829, 36.507102534380444 ], [ -5.029716672985829, 36.50526072074517 ], [ -5.030456888953337, 36.50526072074517 ], [ -5.030456888953337, 36.503418863289987 ], [ -5.031197104920846, 36.503418863289987 ], [ -5.031197104920846, 36.502958392079435 ], [ -5.032677536855862, 36.502958392079435 ], [ -5.032677536855862, 36.502497918130203 ], [ -5.033417752823372, 36.502497918130203 ], [ -5.033417752823372, 36.502037441442319 ], [ -5.036378616693405, 36.502037441442319 ], [ -5.036378616693405, 36.502497918130203 ], [ -5.037118832660913, 36.502497918130203 ], [ -5.037118832660913, 36.502958392079435 ], [ -5.037859048628422, 36.502958392079435 ], [ -5.037859048628422, 36.503418863289987 ], [ -5.03859926459593, 36.503418863289987 ], [ -5.03859926459593, 36.503879331761851 ], [ -5.039339480563438, 36.503879331761851 ], [ -5.039339480563438, 36.504339797495014 ], [ -5.040079696530945, 36.504339797495014 ], [ -5.040079696530945, 36.504800260489446 ], [ -5.041560128465963, 36.504800260489446 ], [ -5.041560128465963, 36.50526072074517 ], [ -5.042300344433471, 36.50526072074517 ], [ -5.042300344433471, 36.505721178262135 ], [ -5.043040560400979, 36.505721178262135 ], [ -5.043040560400979, 36.506181633040356 ], [ -5.043780776368489, 36.506181633040356 ], [ -5.043780776368489, 36.506642085079797 ], [ -5.044520992335997, 36.506642085079797 ], [ -5.044520992335997, 36.507102534380444 ], [ -5.045261208303504, 36.507102534380444 ], [ -5.045261208303504, 36.507562980942318 ], [ -5.046001424271013, 36.507562980942318 ], [ -5.046001424271013, 36.508023424765369 ], [ -5.046741640238522, 36.508023424765369 ], [ -5.046741640238522, 36.508483865849584 ], [ -5.047481856206029, 36.508483865849584 ], [ -5.047481856206029, 36.508023424765369 ], [ -5.048962288141047, 36.508023424765369 ], [ -5.048962288141047, 36.507562980942318 ], [ -5.050442720076063, 36.507562980942318 ], [ -5.050442720076063, 36.507102534380444 ], [ -5.051923152011081, 36.507102534380444 ], [ -5.051923152011081, 36.506642085079797 ], [ -5.053403583946096, 36.506642085079797 ], [ -5.053403583946096, 36.506181633040356 ], [ -5.059325311686163, 36.506181633040356 ], [ -5.059325311686163, 36.506642085079797 ], [ -5.062286175556197, 36.506642085079797 ], [ -5.062286175556197, 36.507102534380444 ], [ -5.063026391523705, 36.507102534380444 ], [ -5.063026391523705, 36.507562980942318 ], [ -5.063766607491212, 36.507562980942318 ], [ -5.063766607491212, 36.508023424765369 ], [ -5.064506823458721, 36.508023424765369 ], [ -5.064506823458721, 36.508483865849584 ], [ -5.06524703942623, 36.508483865849584 ], [ -5.06524703942623, 36.508944304194976 ], [ -5.065987255393737, 36.508944304194976 ], [ -5.065987255393737, 36.509404739801511 ], [ -5.066727471361246, 36.509404739801511 ], [ -5.066727471361246, 36.509865172669194 ], [ -5.068207903296263, 36.509865172669194 ], [ -5.068207903296263, 36.510325602797984 ], [ -5.068948119263771, 36.510325602797984 ], [ -5.068948119263771, 36.510786030187894 ], [ -5.06968833523128, 36.510786030187894 ], [ -5.06968833523128, 36.51124645483889 ], [ -5.070428551198789, 36.51124645483889 ], [ -5.070428551198789, 36.511706876750971 ], [ -5.071168767166296, 36.511706876750971 ], [ -5.071168767166296, 36.512167295924122 ], [ -5.071908983133804, 36.512167295924122 ], [ -5.071908983133804, 36.512627712358317 ], [ -5.072649199101313, 36.512627712358317 ], [ -5.072649199101313, 36.513088126053567 ], [ -5.073389415068821, 36.513088126053567 ], [ -5.073389415068821, 36.513548537009846 ], [ -5.074129631036329, 36.513548537009846 ], [ -5.074129631036329, 36.514008945227133 ], [ -5.074869847003838, 36.514008945227133 ], [ -5.074869847003838, 36.514469350705411 ], [ -5.075610062971347, 36.514469350705411 ], [ -5.075610062971347, 36.51492975344469 ], [ -5.076350278938854, 36.51492975344469 ], [ -5.076350278938854, 36.515390153444947 ], [ -5.077090494906363, 36.515390153444947 ], [ -5.077090494906363, 36.515850550706155 ], [ -5.077830710873872, 36.515850550706155 ], [ -5.077830710873872, 36.516310945228312 ], [ -5.07857092684138, 36.516310945228312 ], [ -5.07857092684138, 36.516771337011413 ], [ -5.079311142808888, 36.516771337011413 ], [ -5.079311142808888, 36.517231726055421 ], [ -5.080051358776395, 36.517231726055421 ], [ -5.080051358776395, 36.517692112360351 ], [ -5.080791574743905, 36.517692112360351 ], [ -5.080791574743905, 36.518152495926159 ], [ -5.081531790711413, 36.518152495926159 ], [ -5.081531790711413, 36.518612876752861 ], [ -5.082272006678921, 36.518612876752861 ], [ -5.082272006678921, 36.519073254840421 ], [ -5.083012222646429, 36.519073254840421 ], [ -5.083012222646429, 36.519533630188839 ], [ -5.083752438613938, 36.519533630188839 ], [ -5.083752438613938, 36.519994002798093 ], [ -5.084492654581446, 36.519994002798093 ], [ -5.084492654581446, 36.520454372668169 ], [ -5.085232870548955, 36.520454372668169 ], [ -5.085232870548955, 36.519994002798093 ], [ -5.085973086516463, 36.519994002798093 ], [ -5.085973086516463, 36.519533630188839 ], [ -5.086713302483972, 36.519533630188839 ], [ -5.086713302483972, 36.519073254840421 ], [ -5.087453518451481, 36.519073254840421 ], [ -5.087453518451481, 36.518612876752861 ], [ -5.088193734418988, 36.518612876752861 ], [ -5.088193734418988, 36.518152495926159 ], [ -5.090414382321512, 36.518152495926159 ], [ -5.090414382321512, 36.518612876752861 ], [ -5.091154598289021, 36.518612876752861 ], [ -5.091154598289021, 36.519073254840421 ], [ -5.09189481425653, 36.519073254840421 ], [ -5.09189481425653, 36.519533630188839 ], [ -5.092635030224037, 36.519533630188839 ], [ -5.092635030224037, 36.520454372668169 ], [ -5.093375246191546, 36.520454372668169 ], [ -5.093375246191546, 36.520914739799068 ], [ -5.094115462159055, 36.520914739799068 ], [ -5.094115462159055, 36.525978597448741 ], [ -5.093375246191546, 36.525978597448741 ], [ -5.093375246191546, 36.526438931708348 ], [ -5.092635030224037, 36.526438931708348 ], [ -5.092635030224037, 36.526899263228607 ], [ -5.09189481425653, 36.526899263228607 ], [ -5.09189481425653, 36.527359592009461 ], [ -5.091154598289021, 36.527359592009461 ], [ -5.091154598289021, 36.527819918050945 ], [ -5.090414382321512, 36.527819918050945 ], [ -5.090414382321512, 36.528280241353031 ], [ -5.089674166354004, 36.528280241353031 ], [ -5.089674166354004, 36.530121507167067 ], [ -5.088933950386497, 36.530121507167067 ], [ -5.088933950386497, 36.532883323703793 ], [ -5.088193734418988, 36.532883323703793 ], [ -5.088193734418988, 36.534724479937488 ], [ -5.086713302483972, 36.534724479937488 ], [ -5.086713302483972, 36.535184762146933 ], [ -5.085232870548955, 36.535184762146933 ], [ -5.085232870548955, 36.535645041616768 ], [ -5.083752438613938, 36.535645041616768 ], [ -5.083752438613938, 36.536565592337524 ], [ -5.083012222646429, 36.536565592337524 ], [ -5.083012222646429, 36.537486132099666 ], [ -5.082272006678921, 36.537486132099666 ], [ -5.082272006678921, 36.538406660903078 ], [ -5.081531790711413, 36.538406660903078 ], [ -5.081531790711413, 36.538866921195222 ], [ -5.080791574743905, 36.538866921195222 ], [ -5.080791574743905, 36.539327178747648 ], [ -5.080051358776395, 36.539327178747648 ], [ -5.080051358776395, 36.538866921195222 ], [ -5.077830710873872, 36.538866921195222 ], [ -5.077830710873872, 36.538406660903078 ], [ -5.075610062971347, 36.538406660903078 ] ] ], [ [ [ -6.704825407457191, 37.297289185262684 ], [ -6.704085191489683, 37.297289185262684 ], [ -6.704085191489683, 37.296377771399207 ], [ -6.703344975522174, 37.296377771399207 ], [ -6.703344975522174, 37.295466346492518 ], [ -6.702604759554665, 37.295466346492518 ], [ -6.702604759554665, 37.29409918842665 ], [ -6.701864543587157, 37.29409918842665 ], [ -6.701864543587157, 37.290453312112554 ], [ -6.701124327619648, 37.290453312112554 ], [ -6.701124327619648, 37.286807259117083 ], [ -6.700384111652141, 37.286807259117083 ], [ -6.700384111652141, 37.286351490070047 ], [ -6.701124327619648, 37.286351490070047 ], [ -6.701124327619648, 37.285439943694385 ], [ -6.701864543587157, 37.285439943694385 ], [ -6.701864543587157, 37.284984166365774 ], [ -6.702604759554665, 37.284984166365774 ], [ -6.702604759554665, 37.28407260342707 ], [ -6.703344975522174, 37.28407260342707 ], [ -6.703344975522174, 37.283616817816984 ], [ -6.704085191489683, 37.283616817816984 ], [ -6.704085191489683, 37.28316102944644 ], [ -6.710006919229749, 37.28316102944644 ], [ -6.710006919229749, 37.282705238315458 ], [ -6.712227567132275, 37.282705238315458 ], [ -6.712227567132275, 37.28316102944644 ], [ -6.712967783099782, 37.28316102944644 ], [ -6.712967783099782, 37.28407260342707 ], [ -6.713707999067291, 37.28407260342707 ], [ -6.713707999067291, 37.284528386276662 ], [ -6.7144482150348, 37.284528386276662 ], [ -6.7144482150348, 37.284984166365774 ], [ -6.715188431002307, 37.284984166365774 ], [ -6.715188431002307, 37.285439943694385 ], [ -6.715928646969815, 37.285439943694385 ], [ -6.715928646969815, 37.285895718262488 ], [ -6.716668862937324, 37.285895718262488 ], [ -6.716668862937324, 37.286807259117083 ], [ -6.717409078904833, 37.286807259117083 ], [ -6.717409078904833, 37.287263025403576 ], [ -6.71814929487234, 37.287263025403576 ], [ -6.71814929487234, 37.287718788929489 ], [ -6.718889510839849, 37.287718788929489 ], [ -6.718889510839849, 37.292276272355167 ], [ -6.71814929487234, 37.292276272355167 ], [ -6.71814929487234, 37.295922060326255 ], [ -6.717409078904833, 37.295922060326255 ], [ -6.717409078904833, 37.296833479711353 ], [ -6.716668862937324, 37.296833479711353 ], [ -6.716668862937324, 37.297744888053188 ], [ -6.715928646969815, 37.297744888053188 ], [ -6.715928646969815, 37.298200588082857 ], [ -6.715188431002307, 37.298200588082857 ], [ -6.715188431002307, 37.298656285351655 ], [ -6.712227567132275, 37.298656285351655 ], [ -6.712227567132275, 37.299111979859603 ], [ -6.706305839392207, 37.299111979859603 ], [ -6.706305839392207, 37.298656285351655 ], [ -6.705565623424699, 37.298656285351655 ], [ -6.705565623424699, 37.298200588082857 ], [ -6.704825407457191, 37.298200588082857 ], [ -6.704825407457191, 37.297289185262684 ] ] ], [ [ [ -5.860979204497688, 37.364247862629888 ], [ -5.860979204497688, 37.363792563049742 ], [ -5.860238988530181, 37.363792563049742 ], [ -5.860238988530181, 37.363337260706984 ], [ -5.859498772562672, 37.363337260706984 ], [ -5.859498772562672, 37.359694742513341 ], [ -5.858758556595164, 37.359694742513341 ], [ -5.858758556595164, 37.357418078861372 ], [ -5.859498772562672, 37.357418078861372 ], [ -5.859498772562672, 37.356962737843673 ], [ -5.860238988530181, 37.356962737843673 ], [ -5.860238988530181, 37.356507394063563 ], [ -5.860979204497688, 37.356507394063563 ], [ -5.860979204497688, 37.355596698216182 ], [ -5.861719420465197, 37.355596698216182 ], [ -5.861719420465197, 37.355141346148926 ], [ -5.862459636432706, 37.355141346148926 ], [ -5.862459636432706, 37.354685991319315 ], [ -5.863199852400214, 37.354685991319315 ], [ -5.863199852400214, 37.354230633727354 ], [ -5.863940068367723, 37.354230633727354 ], [ -5.863940068367723, 37.353775273373067 ], [ -5.864680284335232, 37.353775273373067 ], [ -5.864680284335232, 37.353319910256445 ], [ -5.86542050030274, 37.353319910256445 ], [ -5.86542050030274, 37.352864544377532 ], [ -5.866900932237757, 37.352864544377532 ], [ -5.866900932237757, 37.353319910256445 ], [ -5.867641148205265, 37.353319910256445 ], [ -5.867641148205265, 37.353775273373067 ], [ -5.869121580140281, 37.353775273373067 ], [ -5.869121580140281, 37.354230633727354 ], [ -5.869861796107789, 37.354230633727354 ], [ -5.869861796107789, 37.354685991319315 ], [ -5.870602012075297, 37.354685991319315 ], [ -5.870602012075297, 37.355141346148926 ], [ -5.871342228042805, 37.355141346148926 ], [ -5.871342228042805, 37.355596698216182 ], [ -5.872082444010315, 37.355596698216182 ], [ -5.872082444010315, 37.357418078861372 ], [ -5.872822659977823, 37.357418078861372 ], [ -5.872822659977823, 37.36060538863687 ], [ -5.872082444010315, 37.36060538863687 ], [ -5.872082444010315, 37.362426647733791 ], [ -5.871342228042805, 37.362426647733791 ], [ -5.871342228042805, 37.363337260706984 ], [ -5.870602012075297, 37.363337260706984 ], [ -5.870602012075297, 37.363792563049742 ], [ -5.869121580140281, 37.363792563049742 ], [ -5.869121580140281, 37.364247862629888 ], [ -5.868381364172772, 37.364247862629888 ], [ -5.868381364172772, 37.364703159447451 ], [ -5.867641148205265, 37.364703159447451 ], [ -5.867641148205265, 37.365158453502403 ], [ -5.866160716270247, 37.365158453502403 ], [ -5.866160716270247, 37.365613744794729 ], [ -5.863940068367723, 37.365613744794729 ], [ -5.863940068367723, 37.365158453502403 ], [ -5.863199852400214, 37.365158453502403 ], [ -5.863199852400214, 37.364703159447451 ], [ -5.861719420465197, 37.364703159447451 ], [ -5.861719420465197, 37.364247862629888 ], [ -5.860979204497688, 37.364247862629888 ] ] ], [ [ [ -5.792139119519415, 37.562041039469818 ], [ -5.792139119519415, 37.561586942741094 ], [ -5.790658687584397, 37.561586942741094 ], [ -5.790658687584397, 37.561132843244636 ], [ -5.78917825564938, 37.561132843244636 ], [ -5.78917825564938, 37.560678740980471 ], [ -5.787697823714364, 37.560678740980471 ], [ -5.787697823714364, 37.559770528149024 ], [ -5.786957607746857, 37.559770528149024 ], [ -5.786957607746857, 37.557954069274039 ], [ -5.786217391779348, 37.557954069274039 ], [ -5.786217391779348, 37.55522929793274 ], [ -5.786957607746857, 37.55522929793274 ], [ -5.786957607746857, 37.553412728353734 ], [ -5.787697823714364, 37.553412728353734 ], [ -5.787697823714364, 37.552504426959068 ], [ -5.788438039681872, 37.552504426959068 ], [ -5.788438039681872, 37.55159611449443 ], [ -5.78917825564938, 37.55159611449443 ], [ -5.78917825564938, 37.551141954110889 ], [ -5.789918471616889, 37.551141954110889 ], [ -5.789918471616889, 37.550233625041443 ], [ -5.790658687584397, 37.550233625041443 ], [ -5.790658687584397, 37.549779456355559 ], [ -5.791398903551905, 37.549779456355559 ], [ -5.791398903551905, 37.548871110681532 ], [ -5.792139119519415, 37.548871110681532 ], [ -5.792139119519415, 37.548416933693403 ], [ -5.795099983389448, 37.548416933693403 ], [ -5.795099983389448, 37.548871110681532 ], [ -5.798060847259481, 37.548871110681532 ], [ -5.798060847259481, 37.549325284902253 ], [ -5.798801063226989, 37.549325284902253 ], [ -5.798801063226989, 37.549779456355559 ], [ -5.799541279194496, 37.549779456355559 ], [ -5.799541279194496, 37.550233625041443 ], [ -5.800281495162006, 37.550233625041443 ], [ -5.800281495162006, 37.551141954110889 ], [ -5.801021711129514, 37.551141954110889 ], [ -5.801021711129514, 37.55159611449443 ], [ -5.801761927097022, 37.55159611449443 ], [ -5.801761927097022, 37.552050272110492 ], [ -5.802502143064531, 37.552050272110492 ], [ -5.802502143064531, 37.552958579040151 ], [ -5.80324235903204, 37.552958579040151 ], [ -5.80324235903204, 37.553412728353734 ], [ -5.803982574999547, 37.553412728353734 ], [ -5.803982574999547, 37.553866874899796 ], [ -5.804722790967056, 37.553866874899796 ], [ -5.804722790967056, 37.556137566116902 ], [ -5.805463006934565, 37.556137566116902 ], [ -5.805463006934565, 37.557499947636188 ], [ -5.804722790967056, 37.557499947636188 ], [ -5.804722790967056, 37.559316417581776 ], [ -5.803982574999547, 37.559316417581776 ], [ -5.803982574999547, 37.561132843244636 ], [ -5.802502143064531, 37.561132843244636 ], [ -5.802502143064531, 37.561586942741094 ], [ -5.801761927097022, 37.561586942741094 ], [ -5.801761927097022, 37.562041039469818 ], [ -5.801021711129514, 37.562041039469818 ], [ -5.801021711129514, 37.562495133430801 ], [ -5.800281495162006, 37.562495133430801 ], [ -5.800281495162006, 37.562949224624035 ], [ -5.799541279194496, 37.562949224624035 ], [ -5.799541279194496, 37.563403313049498 ], [ -5.796580415324465, 37.563403313049498 ], [ -5.796580415324465, 37.562949224624035 ], [ -5.795099983389448, 37.562949224624035 ], [ -5.795099983389448, 37.562495133430801 ], [ -5.793619551454431, 37.562495133430801 ], [ -5.793619551454431, 37.562041039469818 ], [ -5.792139119519415, 37.562041039469818 ] ] ], [ [ [ -9.074256719451368, 38.634924000238762 ], [ -9.074256719451368, 38.634476522015348 ], [ -9.073516503483861, 38.634476522015348 ], [ -9.073516503483861, 38.633581557188585 ], [ -9.072776287516351, 38.633581557188585 ], [ -9.072776287516351, 38.63313407058525 ], [ -9.072036071548842, 38.63313407058525 ], [ -9.072036071548842, 38.632686581188629 ], [ -9.071295855581335, 38.632686581188629 ], [ -9.071295855581335, 38.632239088998723 ], [ -9.070555639613827, 38.632239088998723 ], [ -9.070555639613827, 38.627764013471655 ], [ -9.071295855581335, 38.627764013471655 ], [ -9.071295855581335, 38.625526370963662 ], [ -9.070555639613827, 38.625526370963662 ], [ -9.070555639613827, 38.625078834082657 ], [ -9.069815423646318, 38.625078834082657 ], [ -9.069815423646318, 38.624631294408552 ], [ -9.068334991711302, 38.624631294408552 ], [ -9.068334991711302, 38.624183751941345 ], [ -9.067594775743792, 38.624183751941345 ], [ -9.067594775743792, 38.622393554141716 ], [ -9.066854559776285, 38.622393554141716 ], [ -9.066854559776285, 38.619260600460301 ], [ -9.067594775743792, 38.619260600460301 ], [ -9.067594775743792, 38.617917864130504 ], [ -9.068334991711302, 38.617917864130504 ], [ -9.068334991711302, 38.617022692612515 ], [ -9.069075207678809, 38.617022692612515 ], [ -9.069075207678809, 38.616127509922805 ], [ -9.069815423646318, 38.616127509922805 ], [ -9.069815423646318, 38.615232316061451 ], [ -9.074996935418877, 38.615232316061451 ], [ -9.074996935418877, 38.615679914388586 ], [ -9.075737151386386, 38.615679914388586 ], [ -9.075737151386386, 38.616575102664122 ], [ -9.076477367353894, 38.616575102664122 ], [ -9.076477367353894, 38.617022692612515 ], [ -9.077217583321403, 38.617022692612515 ], [ -9.077217583321403, 38.617470279767979 ], [ -9.07795779928891, 38.617470279767979 ], [ -9.07795779928891, 38.617917864130504 ], [ -9.078698015256419, 38.617917864130504 ], [ -9.078698015256419, 38.618365445700064 ], [ -9.079438231223927, 38.618365445700064 ], [ -9.079438231223927, 38.618813024476673 ], [ -9.080178447191436, 38.618813024476673 ], [ -9.080178447191436, 38.619260600460301 ], [ -9.080918663158945, 38.619260600460301 ], [ -9.080918663158945, 38.619708173650963 ], [ -9.081658879126453, 38.619708173650963 ], [ -9.081658879126453, 38.620155744048631 ], [ -9.08239909509396, 38.620155744048631 ], [ -9.08239909509396, 38.620603311653277 ], [ -9.083139311061469, 38.620603311653277 ], [ -9.083139311061469, 38.621498438483556 ], [ -9.083879527028976, 38.621498438483556 ], [ -9.083879527028976, 38.623288658627672 ], [ -9.084619742996486, 38.623288658627672 ], [ -9.084619742996486, 38.625526370963662 ], [ -9.085359958963995, 38.625526370963662 ], [ -9.085359958963995, 38.628211533593785 ], [ -9.084619742996486, 38.628211533593785 ], [ -9.084619742996486, 38.632239088998723 ], [ -9.083879527028976, 38.632239088998723 ], [ -9.083879527028976, 38.632686581188629 ], [ -9.083139311061469, 38.632686581188629 ], [ -9.083139311061469, 38.633581557188585 ], [ -9.08239909509396, 38.633581557188585 ], [ -9.08239909509396, 38.634476522015348 ], [ -9.081658879126453, 38.634476522015348 ], [ -9.081658879126453, 38.634924000238762 ], [ -9.080918663158945, 38.634924000238762 ], [ -9.080918663158945, 38.635818948305598 ], [ -9.075737151386386, 38.635818948305598 ], [ -9.075737151386386, 38.635371475668855 ], [ -9.074996935418877, 38.635371475668855 ], [ -9.074996935418877, 38.634924000238762 ], [ -9.074256719451368, 38.634924000238762 ] ] ], [ [ [ -5.765491344689115, 38.941680872603342 ], [ -5.764751128721605, 38.941680872603342 ], [ -5.764751128721605, 38.940789755953048 ], [ -5.759569616949047, 38.940789755953048 ], [ -5.759569616949047, 38.940344193428032 ], [ -5.755868537111506, 38.940344193428032 ], [ -5.755868537111506, 38.939453059978334 ], [ -5.755128321143998, 38.939453059978334 ], [ -5.755128321143998, 38.939007489053672 ], [ -5.754388105176488, 38.939007489053672 ], [ -5.754388105176488, 38.938116338804726 ], [ -5.753647889208981, 38.938116338804726 ], [ -5.753647889208981, 38.937225177356403 ], [ -5.752907673241473, 38.937225177356403 ], [ -5.752907673241473, 38.933214812248416 ], [ -5.753647889208981, 38.933214812248416 ], [ -5.753647889208981, 38.932323589204756 ], [ -5.754388105176488, 38.932323589204756 ], [ -5.754388105176488, 38.931432354962176 ], [ -5.755128321143998, 38.931432354962176 ], [ -5.755128321143998, 38.930986733641319 ], [ -5.755868537111506, 38.930986733641319 ], [ -5.755868537111506, 38.930095482600521 ], [ -5.756608753079013, 38.930095482600521 ], [ -5.756608753079013, 38.929649852880601 ], [ -5.757348969046522, 38.929649852880601 ], [ -5.757348969046522, 38.928758585041741 ], [ -5.758089185014031, 38.928758585041741 ], [ -5.758089185014031, 38.927867306004288 ], [ -5.759569616949047, 38.927867306004288 ], [ -5.759569616949047, 38.927421662286093 ], [ -5.761790264851572, 38.927421662286093 ], [ -5.761790264851572, 38.926976015768297 ], [ -5.764010912754097, 38.926976015768297 ], [ -5.764010912754097, 38.926530366450876 ], [ -5.765491344689115, 38.926530366450876 ], [ -5.765491344689115, 38.92608471433384 ], [ -5.76697177662413, 38.92608471433384 ], [ -5.76697177662413, 38.926530366450876 ], [ -5.767711992591639, 38.926530366450876 ], [ -5.767711992591639, 38.927421662286093 ], [ -5.768452208559149, 38.927421662286093 ], [ -5.768452208559149, 38.928312946922837 ], [ -5.769192424526656, 38.928312946922837 ], [ -5.769192424526656, 38.929649852880601 ], [ -5.769932640494164, 38.929649852880601 ], [ -5.769932640494164, 38.93054110952076 ], [ -5.770672856461672, 38.93054110952076 ], [ -5.770672856461672, 38.931432354962176 ], [ -5.771413072429181, 38.931432354962176 ], [ -5.771413072429181, 38.931877973483317 ], [ -5.772153288396689, 38.931877973483317 ], [ -5.772153288396689, 38.932323589204756 ], [ -5.772893504364196, 38.932323589204756 ], [ -5.772893504364196, 38.932769202126451 ], [ -5.773633720331706, 38.932769202126451 ], [ -5.773633720331706, 38.933214812248416 ], [ -5.774373936299214, 38.933214812248416 ], [ -5.774373936299214, 38.933660419570636 ], [ -5.775114152266722, 38.933660419570636 ], [ -5.775114152266722, 38.93410602409309 ], [ -5.77585436823423, 38.93410602409309 ], [ -5.77585436823423, 38.93767075948049 ], [ -5.775114152266722, 38.93767075948049 ], [ -5.775114152266722, 38.942571978053941 ], [ -5.774373936299214, 38.942571978053941 ], [ -5.774373936299214, 38.943017526579339 ], [ -5.773633720331706, 38.943017526579339 ], [ -5.773633720331706, 38.943908615230264 ], [ -5.772893504364196, 38.943908615230264 ], [ -5.772893504364196, 38.9447996926813 ], [ -5.76697177662413, 38.9447996926813 ], [ -5.76697177662413, 38.943908615230264 ], [ -5.766231560656622, 38.943908615230264 ], [ -5.766231560656622, 38.942571978053941 ], [ -5.765491344689115, 38.942571978053941 ], [ -5.765491344689115, 38.941680872603342 ] ] ], [ [ [ -7.857341668867667, 39.785373281493129 ], [ -7.85660145290016, 39.785373281493129 ], [ -7.85660145290016, 39.784492864761546 ], [ -7.85586123693265, 39.784492864761546 ], [ -7.85586123693265, 39.780971085180077 ], [ -7.85660145290016, 39.780971085180077 ], [ -7.85660145290016, 39.778769881410675 ], [ -7.85586123693265, 39.778769881410675 ], [ -7.85586123693265, 39.777449125353485 ], [ -7.855121020965142, 39.777449125353485 ], [ -7.855121020965142, 39.776568607234019 ], [ -7.854380804997633, 39.776568607234019 ], [ -7.854380804997633, 39.7761283439499 ], [ -7.852900373062616, 39.7761283439499 ], [ -7.852900373062616, 39.776568607234019 ], [ -7.849199293225076, 39.776568607234019 ], [ -7.849199293225076, 39.775688077849544 ], [ -7.848459077257567, 39.775688077849544 ], [ -7.848459077257567, 39.77480753720014 ], [ -7.847718861290059, 39.77480753720014 ], [ -7.847718861290059, 39.774367262651104 ], [ -7.846978645322551, 39.774367262651104 ], [ -7.846978645322551, 39.770404664981292 ], [ -7.847718861290059, 39.770404664981292 ], [ -7.847718861290059, 39.767762806474813 ], [ -7.848459077257567, 39.767762806474813 ], [ -7.848459077257567, 39.767322486867371 ], [ -7.850679725160092, 39.767322486867371 ], [ -7.850679725160092, 39.766882164443849 ], [ -7.852900373062616, 39.766882164443849 ], [ -7.852900373062616, 39.766441839204248 ], [ -7.854380804997633, 39.766441839204248 ], [ -7.854380804997633, 39.758955879279426 ], [ -7.855121020965142, 39.758955879279426 ], [ -7.855121020965142, 39.758515503351859 ], [ -7.85586123693265, 39.758515503351859 ], [ -7.85586123693265, 39.757634743048953 ], [ -7.85660145290016, 39.757634743048953 ], [ -7.85660145290016, 39.756753971482425 ], [ -7.862523180640224, 39.756753971482425 ], [ -7.862523180640224, 39.757194358673637 ], [ -7.863263396607733, 39.757194358673637 ], [ -7.863263396607733, 39.758075124608361 ], [ -7.864003612575242, 39.758075124608361 ], [ -7.864003612575242, 39.758955879279426 ], [ -7.864743828542751, 39.758955879279426 ], [ -7.864743828542751, 39.75939625239107 ], [ -7.866964476445275, 39.75939625239107 ], [ -7.866964476445275, 39.758955879279426 ], [ -7.8691851243478, 39.758955879279426 ], [ -7.8691851243478, 39.758515503351859 ], [ -7.86992534031531, 39.758515503351859 ], [ -7.86992534031531, 39.758955879279426 ], [ -7.870665556282817, 39.758955879279426 ], [ -7.870665556282817, 39.75939625239107 ], [ -7.871405772250324, 39.75939625239107 ], [ -7.871405772250324, 39.759836622686777 ], [ -7.872145988217834, 39.759836622686777 ], [ -7.872145988217834, 39.760717354830334 ], [ -7.872886204185342, 39.760717354830334 ], [ -7.872886204185342, 39.76115771667817 ], [ -7.873626420152851, 39.76115771667817 ], [ -7.873626420152851, 39.762038431925937 ], [ -7.874366636120359, 39.762038431925937 ], [ -7.874366636120359, 39.762478785325833 ], [ -7.875106852087868, 39.762478785325833 ], [ -7.875106852087868, 39.762919135909748 ], [ -7.875847068055377, 39.762919135909748 ], [ -7.875847068055377, 39.763799828629537 ], [ -7.876587284022884, 39.763799828629537 ], [ -7.876587284022884, 39.764240170765419 ], [ -7.877327499990392, 39.764240170765419 ], [ -7.877327499990392, 39.764680510085277 ], [ -7.878067715957901, 39.764680510085277 ], [ -7.878067715957901, 39.765561180276862 ], [ -7.878807931925408, 39.765561180276862 ], [ -7.878807931925408, 39.766001511148588 ], [ -7.879548147892917, 39.766001511148588 ], [ -7.879548147892917, 39.766441839204248 ], [ -7.880288363860426, 39.766441839204248 ], [ -7.880288363860426, 39.767322486867371 ], [ -7.881028579827934, 39.767322486867371 ], [ -7.881028579827934, 39.767762806474813 ], [ -7.881768795795442, 39.767762806474813 ], [ -7.881768795795442, 39.769964362270507 ], [ -7.88250901176295, 39.769964362270507 ], [ -7.88250901176295, 39.771725556216765 ], [ -7.883249227730459, 39.771725556216765 ], [ -7.883249227730459, 39.77216584766294 ], [ -7.883989443697968, 39.77216584766294 ], [ -7.883989443697968, 39.771285261954425 ], [ -7.884729659665477, 39.771285261954425 ], [ -7.884729659665477, 39.770844964875927 ], [ -7.889911171438034, 39.770844964875927 ], [ -7.889911171438034, 39.771285261954425 ], [ -7.890651387405543, 39.771285261954425 ], [ -7.890651387405543, 39.77216584766294 ], [ -7.891391603373051, 39.77216584766294 ], [ -7.891391603373051, 39.773046422106766 ], [ -7.892131819340559, 39.773046422106766 ], [ -7.892131819340559, 39.773486705104411 ], [ -7.892872035308068, 39.773486705104411 ], [ -7.892872035308068, 39.777889380188824 ], [ -7.892131819340559, 39.777889380188824 ], [ -7.892131819340559, 39.778769881410675 ], [ -7.891391603373051, 39.778769881410675 ], [ -7.891391603373051, 39.779650371367353 ], [ -7.890651387405543, 39.779650371367353 ], [ -7.890651387405543, 39.780090612121249 ], [ -7.889911171438034, 39.780090612121249 ], [ -7.889911171438034, 39.780971085180077 ], [ -7.884729659665477, 39.780971085180077 ], [ -7.884729659665477, 39.780090612121249 ], [ -7.883989443697968, 39.780090612121249 ], [ -7.883989443697968, 39.779650371367353 ], [ -7.883249227730459, 39.779650371367353 ], [ -7.883249227730459, 39.778769881410675 ], [ -7.88250901176295, 39.778769881410675 ], [ -7.88250901176295, 39.777889380188824 ], [ -7.881768795795442, 39.777889380188824 ], [ -7.881768795795442, 39.778769881410675 ], [ -7.881028579827934, 39.778769881410675 ], [ -7.881028579827934, 39.781411317484995 ], [ -7.880288363860426, 39.781411317484995 ], [ -7.880288363860426, 39.781851546973577 ], [ -7.879548147892917, 39.781851546973577 ], [ -7.879548147892917, 39.782731997501692 ], [ -7.878807931925408, 39.782731997501692 ], [ -7.878807931925408, 39.783612436764372 ], [ -7.878067715957901, 39.783612436764372 ], [ -7.878067715957901, 39.784052652171148 ], [ -7.872886204185342, 39.784052652171148 ], [ -7.872886204185342, 39.783612436764372 ], [ -7.872145988217834, 39.783612436764372 ], [ -7.872145988217834, 39.783172218541225 ], [ -7.871405772250324, 39.783172218541225 ], [ -7.871405772250324, 39.782291773645817 ], [ -7.870665556282817, 39.782291773645817 ], [ -7.870665556282817, 39.781851546973577 ], [ -7.86992534031531, 39.781851546973577 ], [ -7.86992534031531, 39.782291773645817 ], [ -7.8691851243478, 39.782291773645817 ], [ -7.8691851243478, 39.782731997501692 ], [ -7.868444908380293, 39.782731997501692 ], [ -7.868444908380293, 39.783612436764372 ], [ -7.867704692412784, 39.783612436764372 ], [ -7.867704692412784, 39.784052652171148 ], [ -7.866964476445275, 39.784052652171148 ], [ -7.866964476445275, 39.784492864761546 ], [ -7.866224260477767, 39.784492864761546 ], [ -7.866224260477767, 39.785373281493129 ], [ -7.86548404451026, 39.785373281493129 ], [ -7.86548404451026, 39.785813485634307 ], [ -7.864743828542751, 39.785813485634307 ], [ -7.864743828542751, 39.786253686959078 ], [ -7.864003612575242, 39.786253686959078 ], [ -7.864003612575242, 39.786693885467422 ], [ -7.863263396607733, 39.786693885467422 ], [ -7.863263396607733, 39.787134081159323 ], [ -7.858822100802684, 39.787134081159323 ], [ -7.858822100802684, 39.786693885467422 ], [ -7.858081884835176, 39.786693885467422 ], [ -7.858081884835176, 39.785813485634307 ], [ -7.857341668867667, 39.785813485634307 ], [ -7.857341668867667, 39.785373281493129 ] ] ], [ [ [ -7.766295104864143, 39.847854070674728 ], [ -7.766295104864143, 39.846974453961174 ], [ -7.765554888896633, 39.846974453961174 ], [ -7.765554888896633, 39.844775362870891 ], [ -7.764814672929126, 39.844775362870891 ], [ -7.764814672929126, 39.843455874406914 ], [ -7.763334240994108, 39.843455874406914 ], [ -7.763334240994108, 39.843016039284002 ], [ -7.762594025026602, 39.843016039284002 ], [ -7.762594025026602, 39.842576201343647 ], [ -7.761113593091584, 39.842576201343647 ], [ -7.761113593091584, 39.841256670617959 ], [ -7.760373377124075, 39.841256670617959 ], [ -7.760373377124075, 39.839497256873251 ], [ -7.758892945189059, 39.839497256873251 ], [ -7.758892945189059, 39.839057396393606 ], [ -7.756672297286533, 39.839057396393606 ], [ -7.756672297286533, 39.838617533096581 ], [ -7.754451649384009, 39.838617533096581 ], [ -7.754451649384009, 39.837737798050419 ], [ -7.7537114334165, 39.837737798050419 ], [ -7.7537114334165, 39.837297926301304 ], [ -7.752971217448993, 39.837297926301304 ], [ -7.752971217448993, 39.83641817435106 ], [ -7.749270137611449, 39.83641817435106 ], [ -7.749270137611449, 39.836858051734851 ], [ -7.747789705676435, 39.836858051734851 ], [ -7.747789705676435, 39.83641817435106 ], [ -7.747049489708925, 39.83641817435106 ], [ -7.747049489708925, 39.835978294149946 ], [ -7.746309273741416, 39.835978294149946 ], [ -7.746309273741416, 39.835098525295741 ], [ -7.745569057773909, 39.835098525295741 ], [ -7.745569057773909, 39.834218745172322 ], [ -7.7448288418064, 39.834218745172322 ], [ -7.7448288418064, 39.829379753059015 ], [ -7.745569057773909, 39.829379753059015 ], [ -7.745569057773909, 39.828499899687202 ], [ -7.746309273741416, 39.828499899687202 ], [ -7.746309273741416, 39.828059968775506 ], [ -7.747049489708925, 39.828059968775506 ], [ -7.747049489708925, 39.827620035046628 ], [ -7.747789705676435, 39.827620035046628 ], [ -7.747789705676435, 39.825420324144865 ], [ -7.747049489708925, 39.825420324144865 ], [ -7.747049489708925, 39.824100463798167 ], [ -7.746309273741416, 39.824100463798167 ], [ -7.746309273741416, 39.821460667043056 ], [ -7.747049489708925, 39.821460667043056 ], [ -7.747049489708925, 39.820580712254781 ], [ -7.747789705676435, 39.820580712254781 ], [ -7.747789705676435, 39.819260758944559 ], [ -7.748529921643942, 39.819260758944559 ], [ -7.748529921643942, 39.818380775985958 ], [ -7.749270137611449, 39.818380775985958 ], [ -7.749270137611449, 39.817940780281148 ], [ -7.748529921643942, 39.817940780281148 ], [ -7.748529921643942, 39.814860731471995 ], [ -7.747789705676435, 39.814860731471995 ], [ -7.747789705676435, 39.811780544632704 ], [ -7.748529921643942, 39.811780544632704 ], [ -7.748529921643942, 39.811340506673766 ], [ -7.749270137611449, 39.811340506673766 ], [ -7.749270137611449, 39.810900465897952 ], [ -7.750010353578959, 39.810900465897952 ], [ -7.750010353578959, 39.810460422305255 ], [ -7.750750569546467, 39.810460422305255 ], [ -7.750750569546467, 39.810020375895704 ], [ -7.751490785513975, 39.810020375895704 ], [ -7.751490785513975, 39.809140274626053 ], [ -7.754451649384009, 39.809140274626053 ], [ -7.754451649384009, 39.809580326669305 ], [ -7.755191865351517, 39.809580326669305 ], [ -7.755191865351517, 39.810020375895704 ], [ -7.755932081319026, 39.810020375895704 ], [ -7.755932081319026, 39.810460422305255 ], [ -7.757412513254041, 39.810460422305255 ], [ -7.757412513254041, 39.812660612099904 ], [ -7.75815272922155, 39.812660612099904 ], [ -7.75815272922155, 39.813540668299503 ], [ -7.758892945189059, 39.813540668299503 ], [ -7.758892945189059, 39.812660612099904 ], [ -7.759633161156566, 39.812660612099904 ], [ -7.759633161156566, 39.810020375895704 ], [ -7.760373377124075, 39.810020375895704 ], [ -7.760373377124075, 39.808700219765967 ], [ -7.759633161156566, 39.808700219765967 ], [ -7.759633161156566, 39.807820101595304 ], [ -7.758892945189059, 39.807820101595304 ], [ -7.758892945189059, 39.807380038284741 ], [ -7.75815272922155, 39.807380038284741 ], [ -7.75815272922155, 39.80693997215738 ], [ -7.757412513254041, 39.80693997215738 ], [ -7.757412513254041, 39.806059831452259 ], [ -7.756672297286533, 39.806059831452259 ], [ -7.756672297286533, 39.801658958920939 ], [ -7.757412513254041, 39.801658958920939 ], [ -7.757412513254041, 39.800778750613958 ], [ -7.75815272922155, 39.800778750613958 ], [ -7.75815272922155, 39.799898531040249 ], [ -7.758892945189059, 39.799898531040249 ], [ -7.758892945189059, 39.79901830019984 ], [ -7.759633161156566, 39.79901830019984 ], [ -7.759633161156566, 39.79813805809281 ], [ -7.760373377124075, 39.79813805809281 ], [ -7.760373377124075, 39.797697932814323 ], [ -7.761113593091584, 39.797697932814323 ], [ -7.761113593091584, 39.796817673807467 ], [ -7.761853809059093, 39.796817673807467 ], [ -7.761853809059093, 39.795937403534154 ], [ -7.762594025026602, 39.795937403534154 ], [ -7.762594025026602, 39.795057121994432 ], [ -7.763334240994108, 39.795057121994432 ], [ -7.763334240994108, 39.79417682918838 ], [ -7.764074456961617, 39.79417682918838 ], [ -7.764074456961617, 39.793736678560492 ], [ -7.764814672929126, 39.793736678560492 ], [ -7.764814672929126, 39.792856368855041 ], [ -7.766295104864143, 39.792856368855041 ], [ -7.766295104864143, 39.793296525116034 ], [ -7.769255968734176, 39.793296525116034 ], [ -7.769255968734176, 39.793736678560492 ], [ -7.772216832604208, 39.793736678560492 ], [ -7.772216832604208, 39.79417682918838 ], [ -7.775177696474243, 39.79417682918838 ], [ -7.775177696474243, 39.795497264172589 ], [ -7.77591791244175, 39.795497264172589 ], [ -7.77591791244175, 39.797257804719209 ], [ -7.776658128409258, 39.797257804719209 ], [ -7.776658128409258, 39.797697932814323 ], [ -7.777398344376767, 39.797697932814323 ], [ -7.777398344376767, 39.79813805809281 ], [ -7.778878776311784, 39.79813805809281 ], [ -7.778878776311784, 39.798578180554649 ], [ -7.779618992279292, 39.798578180554649 ], [ -7.779618992279292, 39.79901830019984 ], [ -7.780359208246801, 39.79901830019984 ], [ -7.780359208246801, 39.799458417028376 ], [ -7.78109942421431, 39.799458417028376 ], [ -7.78109942421431, 39.799898531040249 ], [ -7.781839640181818, 39.799898531040249 ], [ -7.781839640181818, 39.800338642235452 ], [ -7.782579856149325, 39.800338642235452 ], [ -7.782579856149325, 39.802099058849365 ], [ -7.783320072116834, 39.802099058849365 ], [ -7.783320072116834, 39.803859430395896 ], [ -7.784060288084341, 39.803859430395896 ], [ -7.784060288084341, 39.805619756874513 ], [ -7.784800504051851, 39.805619756874513 ], [ -7.784800504051851, 39.807380038284741 ], [ -7.785540720019358, 39.807380038284741 ], [ -7.785540720019358, 39.809140274626053 ], [ -7.786280935986866, 39.809140274626053 ], [ -7.786280935986866, 39.810020375895704 ], [ -7.787021151954375, 39.810020375895704 ], [ -7.787021151954375, 39.810460422305255 ], [ -7.787761367921885, 39.810460422305255 ], [ -7.787761367921885, 39.810900465897952 ], [ -7.788501583889392, 39.810900465897952 ], [ -7.788501583889392, 39.811340506673766 ], [ -7.789241799856901, 39.811340506673766 ], [ -7.789241799856901, 39.811780544632704 ], [ -7.789982015824409, 39.811780544632704 ], [ -7.789982015824409, 39.812660612099904 ], [ -7.790722231791916, 39.812660612099904 ], [ -7.790722231791916, 39.813100641608159 ], [ -7.791462447759425, 39.813100641608159 ], [ -7.791462447759425, 39.813540668299503 ], [ -7.792202663726934, 39.813540668299503 ], [ -7.792202663726934, 39.813980692173935 ], [ -7.792942879694442, 39.813980692173935 ], [ -7.792942879694442, 39.814420713231435 ], [ -7.793683095661951, 39.814420713231435 ], [ -7.793683095661951, 39.814860731471995 ], [ -7.794423311629458, 39.814860731471995 ], [ -7.794423311629458, 39.815300746895623 ], [ -7.795163527596968, 39.815300746895623 ], [ -7.795163527596968, 39.815740759502305 ], [ -7.797384175499492, 39.815740759502305 ], [ -7.797384175499492, 39.816180769292018 ], [ -7.799604823402018, 39.816180769292018 ], [ -7.799604823402018, 39.81662077626477 ], [ -7.801085255337033, 39.81662077626477 ], [ -7.801085255337033, 39.819260758944559 ], [ -7.801825471304542, 39.819260758944559 ], [ -7.801825471304542, 39.823660504715029 ], [ -7.802565687272051, 39.823660504715029 ], [ -7.802565687272051, 39.824100463798167 ], [ -7.803305903239559, 39.824100463798167 ], [ -7.803305903239559, 39.824540420064174 ], [ -7.804046119207068, 39.824540420064174 ], [ -7.804046119207068, 39.824980373513085 ], [ -7.804786335174574, 39.824980373513085 ], [ -7.804786335174574, 39.825420324144865 ], [ -7.805526551142083, 39.825420324144865 ], [ -7.805526551142083, 39.826300216957023 ], [ -7.806266767109593, 39.826300216957023 ], [ -7.806266767109593, 39.829819675519126 ], [ -7.805526551142083, 39.829819675519126 ], [ -7.805526551142083, 39.83245915111808 ], [ -7.804786335174574, 39.83245915111808 ], [ -7.804786335174574, 39.832899053857552 ], [ -7.803305903239559, 39.832899053857552 ], [ -7.803305903239559, 39.833338953779744 ], [ -7.802565687272051, 39.833338953779744 ], [ -7.802565687272051, 39.833778850884677 ], [ -7.801085255337033, 39.833778850884677 ], [ -7.801085255337033, 39.834218745172322 ], [ -7.800345039369526, 39.834218745172322 ], [ -7.800345039369526, 39.834658636642686 ], [ -7.799604823402018, 39.834658636642686 ], [ -7.799604823402018, 39.838177666982176 ], [ -7.798864607434509, 39.838177666982176 ], [ -7.798864607434509, 39.838617533096581 ], [ -7.798124391467, 39.838617533096581 ], [ -7.798124391467, 39.839497256873251 ], [ -7.797384175499492, 39.839497256873251 ], [ -7.797384175499492, 39.840376969380401 ], [ -7.796643959531983, 39.840376969380401 ], [ -7.796643959531983, 39.840816821407884 ], [ -7.795163527596968, 39.840816821407884 ], [ -7.795163527596968, 39.840376969380401 ], [ -7.792942879694442, 39.840376969380401 ], [ -7.792942879694442, 39.83993711453553 ], [ -7.791462447759425, 39.83993711453553 ], [ -7.791462447759425, 39.839497256873251 ], [ -7.789982015824409, 39.839497256873251 ], [ -7.789982015824409, 39.838617533096581 ], [ -7.789241799856901, 39.838617533096581 ], [ -7.789241799856901, 39.837297926301304 ], [ -7.788501583889392, 39.837297926301304 ], [ -7.788501583889392, 39.835978294149946 ], [ -7.787761367921885, 39.835978294149946 ], [ -7.787761367921885, 39.839497256873251 ], [ -7.787021151954375, 39.839497256873251 ], [ -7.787021151954375, 39.84213636058584 ], [ -7.786280935986866, 39.84213636058584 ], [ -7.786280935986866, 39.842576201343647 ], [ -7.785540720019358, 39.842576201343647 ], [ -7.785540720019358, 39.843016039284002 ], [ -7.784060288084341, 39.843016039284002 ], [ -7.784060288084341, 39.843455874406914 ], [ -7.779618992279292, 39.843455874406914 ], [ -7.779618992279292, 39.843016039284002 ], [ -7.776658128409258, 39.843016039284002 ], [ -7.776658128409258, 39.842576201343647 ], [ -7.77591791244175, 39.842576201343647 ], [ -7.77591791244175, 39.843016039284002 ], [ -7.775177696474243, 39.843016039284002 ], [ -7.775177696474243, 39.846534641378135 ], [ -7.774437480506734, 39.846534641378135 ], [ -7.774437480506734, 39.847854070674728 ], [ -7.772957048571717, 39.847854070674728 ], [ -7.772957048571717, 39.848293874805201 ], [ -7.772216832604208, 39.848293874805201 ], [ -7.772216832604208, 39.848733676118137 ], [ -7.771476616636701, 39.848733676118137 ], [ -7.771476616636701, 39.849173474613522 ], [ -7.769255968734176, 39.849173474613522 ], [ -7.769255968734176, 39.848733676118137 ], [ -7.768515752766667, 39.848733676118137 ], [ -7.768515752766667, 39.848293874805201 ], [ -7.76703532083165, 39.848293874805201 ], [ -7.76703532083165, 39.847854070674728 ], [ -7.766295104864143, 39.847854070674728 ] ], [ [ -7.784800504051851, 39.832019245561341 ], [ -7.784060288084341, 39.832019245561341 ], [ -7.784060288084341, 39.83245915111808 ], [ -7.784800504051851, 39.83245915111808 ], [ -7.784800504051851, 39.833338953779744 ], [ -7.785540720019358, 39.833338953779744 ], [ -7.785540720019358, 39.833778850884677 ], [ -7.786280935986866, 39.833778850884677 ], [ -7.786280935986866, 39.834218745172322 ], [ -7.787021151954375, 39.834218745172322 ], [ -7.787021151954375, 39.833338953779744 ], [ -7.786280935986866, 39.833338953779744 ], [ -7.786280935986866, 39.832019245561341 ], [ -7.785540720019358, 39.832019245561341 ], [ -7.785540720019358, 39.831139425996149 ], [ -7.784800504051851, 39.831139425996149 ], [ -7.784800504051851, 39.832019245561341 ] ] ], [ [ [ -5.664821973107981, 40.236852313628852 ], [ -5.664081757140473, 40.236852313628852 ], [ -5.664081757140473, 40.236415008840616 ], [ -5.663341541172964, 40.236415008840616 ], [ -5.663341541172964, 40.235977701228158 ], [ -5.662601325205456, 40.235977701228158 ], [ -5.662601325205456, 40.235540390791485 ], [ -5.661861109237947, 40.235540390791485 ], [ -5.661861109237947, 40.230729789591969 ], [ -5.662601325205456, 40.230729789591969 ], [ -5.662601325205456, 40.22985509811447 ], [ -5.663341541172964, 40.22985509811447 ], [ -5.663341541172964, 40.229417748139561 ], [ -5.664081757140473, 40.229417748139561 ], [ -5.664081757140473, 40.228105681270179 ], [ -5.662601325205456, 40.228105681270179 ], [ -5.662601325205456, 40.228543039717401 ], [ -5.661120893270438, 40.228543039717401 ], [ -5.661120893270438, 40.228980395340528 ], [ -5.658900245367914, 40.228980395340528 ], [ -5.658900245367914, 40.229417748139561 ], [ -5.657419813432897, 40.229417748139561 ], [ -5.657419813432897, 40.228543039717401 ], [ -5.65667959746539, 40.228543039717401 ], [ -5.65667959746539, 40.228105681270179 ], [ -5.655939381497881, 40.228105681270179 ], [ -5.655939381497881, 40.227230955903501 ], [ -5.655199165530372, 40.227230955903501 ], [ -5.655199165530372, 40.226356219240543 ], [ -5.654458949562865, 40.226356219240543 ], [ -5.654458949562865, 40.225044093065705 ], [ -5.653718733595356, 40.225044093065705 ], [ -5.653718733595356, 40.225481471281356 ], [ -5.652238301660338, 40.225481471281356 ], [ -5.652238301660338, 40.225918846672968 ], [ -5.651498085692831, 40.225918846672968 ], [ -5.651498085692831, 40.226356219240543 ], [ -5.650757869725322, 40.226356219240543 ], [ -5.650757869725322, 40.226793588984052 ], [ -5.650017653757813, 40.226793588984052 ], [ -5.650017653757813, 40.227230955903501 ], [ -5.649277437790306, 40.227230955903501 ], [ -5.649277437790306, 40.227668319998877 ], [ -5.641135062147714, 40.227668319998877 ], [ -5.641135062147714, 40.226793588984052 ], [ -5.640394846180205, 40.226793588984052 ], [ -5.640394846180205, 40.226356219240543 ], [ -5.639654630212697, 40.226356219240543 ], [ -5.639654630212697, 40.225481471281356 ], [ -5.638914414245189, 40.225481471281356 ], [ -5.638914414245189, 40.224606712026002 ], [ -5.638174198277681, 40.224606712026002 ], [ -5.638174198277681, 40.22416932816229 ], [ -5.638914414245189, 40.22416932816229 ], [ -5.638914414245189, 40.220670155588472 ], [ -5.639654630212697, 40.220670155588472 ], [ -5.639654630212697, 40.218920501526263 ], [ -5.640394846180205, 40.218920501526263 ], [ -5.640394846180205, 40.218483080950868 ], [ -5.641875278115222, 40.218483080950868 ], [ -5.641875278115222, 40.218045657551535 ], [ -5.643355710050239, 40.218045657551535 ], [ -5.643355710050239, 40.217608231328292 ], [ -5.644836141985255, 40.217608231328292 ], [ -5.644836141985255, 40.217170802281139 ], [ -5.647056789887781, 40.217170802281139 ], [ -5.647056789887781, 40.21585849819629 ], [ -5.646316573920273, 40.21585849819629 ], [ -5.646316573920273, 40.212358896386462 ], [ -5.645576357952764, 40.212358896386462 ], [ -5.645576357952764, 40.211483967695621 ], [ -5.646316573920273, 40.211483967695621 ], [ -5.646316573920273, 40.210609027709545 ], [ -5.647056789887781, 40.210609027709545 ], [ -5.647056789887781, 40.210171553480819 ], [ -5.647797005855289, 40.210171553480819 ], [ -5.647797005855289, 40.209296596552015 ], [ -5.648537221822798, 40.209296596552015 ], [ -5.648537221822798, 40.20885911385195 ], [ -5.653718733595356, 40.20885911385195 ], [ -5.653718733595356, 40.209296596552015 ], [ -5.654458949562865, 40.209296596552015 ], [ -5.654458949562865, 40.209734076428298 ], [ -5.655199165530372, 40.209734076428298 ], [ -5.655199165530372, 40.210609027709545 ], [ -5.655939381497881, 40.210609027709545 ], [ -5.655939381497881, 40.211483967695621 ], [ -5.65667959746539, 40.211483967695621 ], [ -5.65667959746539, 40.213671268244013 ], [ -5.655939381497881, 40.213671268244013 ], [ -5.655939381497881, 40.218045657551535 ], [ -5.65667959746539, 40.218045657551535 ], [ -5.65667959746539, 40.219795334205266 ], [ -5.658160029400405, 40.219795334205266 ], [ -5.658160029400405, 40.219357919277726 ], [ -5.658900245367914, 40.219357919277726 ], [ -5.658900245367914, 40.218483080950868 ], [ -5.658160029400405, 40.218483080950868 ], [ -5.658160029400405, 40.217170802281139 ], [ -5.657419813432897, 40.217170802281139 ], [ -5.657419813432897, 40.214108719882191 ], [ -5.658160029400405, 40.214108719882191 ], [ -5.658160029400405, 40.213233813781997 ], [ -5.658900245367914, 40.213233813781997 ], [ -5.658900245367914, 40.211921433452943 ], [ -5.659640461335422, 40.211921433452943 ], [ -5.659640461335422, 40.211046499114488 ], [ -5.66038067730293, 40.211046499114488 ], [ -5.66038067730293, 40.210609027709545 ], [ -5.665562189075489, 40.210609027709545 ], [ -5.665562189075489, 40.210171553480819 ], [ -5.66926326891303, 40.210171553480819 ], [ -5.66926326891303, 40.209734076428298 ], [ -5.670003484880539, 40.209734076428298 ], [ -5.670003484880539, 40.209296596552015 ], [ -5.670743700848047, 40.209296596552015 ], [ -5.670743700848047, 40.20885911385195 ], [ -5.671483916815555, 40.20885911385195 ], [ -5.671483916815555, 40.208421628328111 ], [ -5.674444780685589, 40.208421628328111 ], [ -5.674444780685589, 40.20885911385195 ], [ -5.675925212620605, 40.20885911385195 ], [ -5.675925212620605, 40.209296596552015 ], [ -5.676665428588114, 40.209296596552015 ], [ -5.676665428588114, 40.209734076428298 ], [ -5.67814586052313, 40.209734076428298 ], [ -5.67814586052313, 40.210171553480819 ], [ -5.679626292458147, 40.210171553480819 ], [ -5.679626292458147, 40.210609027709545 ], [ -5.681106724393164, 40.210609027709545 ], [ -5.681106724393164, 40.211046499114488 ], [ -5.681846940360672, 40.211046499114488 ], [ -5.681846940360672, 40.211483967695621 ], [ -5.683327372295689, 40.211483967695621 ], [ -5.683327372295689, 40.211921433452943 ], [ -5.684807804230706, 40.211921433452943 ], [ -5.684807804230706, 40.212358896386462 ], [ -5.686288236165722, 40.212358896386462 ], [ -5.686288236165722, 40.212796356496142 ], [ -5.687028452133231, 40.212796356496142 ], [ -5.687028452133231, 40.213233813781997 ], [ -5.687768668100739, 40.213233813781997 ], [ -5.687768668100739, 40.214108719882191 ], [ -5.688508884068248, 40.214108719882191 ], [ -5.688508884068248, 40.214546168696508 ], [ -5.689249100035756, 40.214546168696508 ], [ -5.689249100035756, 40.215421057853568 ], [ -5.689989316003263, 40.215421057853568 ], [ -5.689989316003263, 40.21585849819629 ], [ -5.690729531970772, 40.21585849819629 ], [ -5.690729531970772, 40.216295935715131 ], [ -5.692950179873297, 40.216295935715131 ], [ -5.692950179873297, 40.216733370410083 ], [ -5.695170827775822, 40.216733370410083 ], [ -5.695170827775822, 40.217170802281139 ], [ -5.697391475678348, 40.217170802281139 ], [ -5.697391475678348, 40.217608231328292 ], [ -5.698871907613364, 40.217608231328292 ], [ -5.698871907613364, 40.218483080950868 ], [ -5.699612123580872, 40.218483080950868 ], [ -5.699612123580872, 40.220232746308845 ], [ -5.70035233954838, 40.220232746308845 ], [ -5.70035233954838, 40.221544965675839 ], [ -5.701092555515889, 40.221544965675839 ], [ -5.701092555515889, 40.223294551962809 ], [ -5.701832771483397, 40.223294551962809 ], [ -5.701832771483397, 40.224606712026002 ], [ -5.703313203418414, 40.224606712026002 ], [ -5.703313203418414, 40.22416932816229 ], [ -5.704053419385922, 40.22416932816229 ], [ -5.704053419385922, 40.223731941474547 ], [ -5.70479363535343, 40.223731941474547 ], [ -5.70479363535343, 40.223294551962809 ], [ -5.705533851320939, 40.223294551962809 ], [ -5.705533851320939, 40.222857159627054 ], [ -5.707754499223465, 40.222857159627054 ], [ -5.707754499223465, 40.223294551962809 ], [ -5.70923493115848, 40.223294551962809 ], [ -5.70923493115848, 40.223731941474547 ], [ -5.709975147125989, 40.223731941474547 ], [ -5.709975147125989, 40.22416932816229 ], [ -5.710715363093497, 40.22416932816229 ], [ -5.710715363093497, 40.225044093065705 ], [ -5.711455579061006, 40.225044093065705 ], [ -5.711455579061006, 40.226793588984052 ], [ -5.712195795028514, 40.226793588984052 ], [ -5.712195795028514, 40.229417748139561 ], [ -5.711455579061006, 40.229417748139561 ], [ -5.711455579061006, 40.23116713109453 ], [ -5.710715363093497, 40.23116713109453 ], [ -5.710715363093497, 40.232041805627233 ], [ -5.709975147125989, 40.232041805627233 ], [ -5.709975147125989, 40.232479138657375 ], [ -5.708494715190973, 40.232479138657375 ], [ -5.708494715190973, 40.232916468863337 ], [ -5.707754499223465, 40.232916468863337 ], [ -5.707754499223465, 40.233353796245147 ], [ -5.705533851320939, 40.233353796245147 ], [ -5.705533851320939, 40.232916468863337 ], [ -5.70479363535343, 40.232916468863337 ], [ -5.70479363535343, 40.232479138657375 ], [ -5.704053419385922, 40.232479138657375 ], [ -5.704053419385922, 40.232041805627233 ], [ -5.703313203418414, 40.232041805627233 ], [ -5.703313203418414, 40.231604469772954 ], [ -5.701832771483397, 40.231604469772954 ], [ -5.701832771483397, 40.232479138657375 ], [ -5.701092555515889, 40.232479138657375 ], [ -5.701092555515889, 40.232916468863337 ], [ -5.70035233954838, 40.232916468863337 ], [ -5.70035233954838, 40.233791120802792 ], [ -5.687028452133231, 40.233791120802792 ], [ -5.687028452133231, 40.233353796245147 ], [ -5.684807804230706, 40.233353796245147 ], [ -5.684807804230706, 40.232916468863337 ], [ -5.682587156328181, 40.232916468863337 ], [ -5.682587156328181, 40.232479138657375 ], [ -5.679626292458147, 40.232479138657375 ], [ -5.679626292458147, 40.232041805627233 ], [ -5.677405644555622, 40.232041805627233 ], [ -5.677405644555622, 40.231604469772954 ], [ -5.675184996653098, 40.231604469772954 ], [ -5.675184996653098, 40.23116713109453 ], [ -5.672224132783064, 40.23116713109453 ], [ -5.672224132783064, 40.234228442536242 ], [ -5.671483916815555, 40.234228442536242 ], [ -5.671483916815555, 40.237289615592864 ], [ -5.670003484880539, 40.237289615592864 ], [ -5.670003484880539, 40.237726914732633 ], [ -5.66926326891303, 40.237726914732633 ], [ -5.66926326891303, 40.238164211048165 ], [ -5.667782836978014, 40.238164211048165 ], [ -5.667782836978014, 40.238601504539439 ], [ -5.666302405042998, 40.238601504539439 ], [ -5.666302405042998, 40.238164211048165 ], [ -5.665562189075489, 40.238164211048165 ], [ -5.665562189075489, 40.237726914732633 ], [ -5.664821973107981, 40.237726914732633 ], [ -5.664821973107981, 40.236852313628852 ] ] ], [ [ [ -7.673027892958092, 41.030652881802979 ], [ -7.672287676990583, 41.030652881802979 ], [ -7.672287676990583, 41.030220745402552 ], [ -7.671547461023076, 41.030220745402552 ], [ -7.671547461023076, 41.029788606165845 ], [ -7.670807245055567, 41.029788606165845 ], [ -7.670807245055567, 41.029356464092892 ], [ -7.670067029088058, 41.029356464092892 ], [ -7.670067029088058, 41.028924319183666 ], [ -7.66932681312055, 41.028924319183666 ], [ -7.66932681312055, 41.028492171438195 ], [ -7.668586597153041, 41.028492171438195 ], [ -7.668586597153041, 41.027627867438518 ], [ -7.667846381185534, 41.027627867438518 ], [ -7.667846381185534, 41.027195711184326 ], [ -7.664885517315501, 41.027195711184326 ], [ -7.664885517315501, 41.027627867438518 ], [ -7.659704005542943, 41.027627867438518 ], [ -7.659704005542943, 41.027195711184326 ], [ -7.658963789575433, 41.027195711184326 ], [ -7.658963789575433, 41.026763552093904 ], [ -7.658223573607924, 41.026763552093904 ], [ -7.658223573607924, 41.025899225404402 ], [ -7.657483357640417, 41.025899225404402 ], [ -7.657483357640417, 41.025034887370055 ], [ -7.656743141672909, 41.025034887370055 ], [ -7.656743141672909, 41.020280825394259 ], [ -7.657483357640417, 41.020280825394259 ], [ -7.657483357640417, 41.019416413619609 ], [ -7.658223573607924, 41.019416413619609 ], [ -7.658223573607924, 41.018551990500484 ], [ -7.658963789575433, 41.018551990500484 ], [ -7.658963789575433, 41.017687556036918 ], [ -7.659704005542943, 41.017687556036918 ], [ -7.659704005542943, 41.01682311022897 ], [ -7.66044422151045, 41.01682311022897 ], [ -7.66044422151045, 41.015958653076673 ], [ -7.661184437477959, 41.015958653076673 ], [ -7.661184437477959, 41.015094184580086 ], [ -7.661924653445467, 41.015094184580086 ], [ -7.661924653445467, 41.014229704739265 ], [ -7.662664869412974, 41.014229704739265 ], [ -7.662664869412974, 41.013365213554245 ], [ -7.663405085380483, 41.013365213554245 ], [ -7.663405085380483, 41.012500711025076 ], [ -7.664145301347991, 41.012500711025076 ], [ -7.664145301347991, 41.011636197151809 ], [ -7.664885517315501, 41.011636197151809 ], [ -7.664885517315501, 41.011203935961149 ], [ -7.66562573328301, 41.011203935961149 ], [ -7.66562573328301, 41.010771671934485 ], [ -7.667106165218026, 41.010771671934485 ], [ -7.667106165218026, 41.010339405071825 ], [ -7.66932681312055, 41.010339405071825 ], [ -7.66932681312055, 41.009907135373169 ], [ -7.671547461023076, 41.009907135373169 ], [ -7.671547461023076, 41.009474862838523 ], [ -7.674508324893108, 41.009474862838523 ], [ -7.674508324893108, 41.009042587467896 ], [ -7.676728972795632, 41.009042587467896 ], [ -7.676728972795632, 41.009474862838523 ], [ -7.677469188763141, 41.009474862838523 ], [ -7.677469188763141, 41.009907135373169 ], [ -7.678209404730651, 41.009907135373169 ], [ -7.678209404730651, 41.010771671934485 ], [ -7.678949620698158, 41.010771671934485 ], [ -7.678949620698158, 41.011203935961149 ], [ -7.679689836665667, 41.011203935961149 ], [ -7.679689836665667, 41.011636197151809 ], [ -7.680430052633175, 41.011636197151809 ], [ -7.680430052633175, 41.012068455506451 ], [ -7.681170268600684, 41.012068455506451 ], [ -7.681170268600684, 41.012500711025076 ], [ -7.681910484568193, 41.012500711025076 ], [ -7.681910484568193, 41.012932963707669 ], [ -7.682650700535701, 41.012932963707669 ], [ -7.682650700535701, 41.013365213554245 ], [ -7.683390916503209, 41.013365213554245 ], [ -7.683390916503209, 41.013797460564774 ], [ -7.684131132470718, 41.013797460564774 ], [ -7.684131132470718, 41.014229704739265 ], [ -7.684871348438225, 41.014229704739265 ], [ -7.684871348438225, 41.01682311022897 ], [ -7.685611564405734, 41.01682311022897 ], [ -7.685611564405734, 41.019848620924996 ], [ -7.686351780373242, 41.019848620924996 ], [ -7.686351780373242, 41.022441805198447 ], [ -7.687091996340749, 41.022441805198447 ], [ -7.687091996340749, 41.025467057805329 ], [ -7.687832212308258, 41.025467057805329 ], [ -7.687832212308258, 41.026763552093904 ], [ -7.687091996340749, 41.026763552093904 ], [ -7.687091996340749, 41.028060020856479 ], [ -7.686351780373242, 41.028060020856479 ], [ -7.686351780373242, 41.028924319183666 ], [ -7.685611564405734, 41.028924319183666 ], [ -7.685611564405734, 41.030220745402552 ], [ -7.684871348438225, 41.030220745402552 ], [ -7.684871348438225, 41.031085015367125 ], [ -7.684131132470718, 41.031085015367125 ], [ -7.684131132470718, 41.031517146094991 ], [ -7.680430052633175, 41.031517146094991 ], [ -7.680430052633175, 41.031949273986577 ], [ -7.674508324893108, 41.031949273986577 ], [ -7.674508324893108, 41.031517146094991 ], [ -7.673768108925601, 41.031517146094991 ], [ -7.673768108925601, 41.031085015367125 ], [ -7.673027892958092, 41.031085015367125 ], [ -7.673027892958092, 41.030652881802979 ] ] ], [ [ [ -8.147506328130934, 41.596884326593539 ], [ -8.147506328130934, 41.596455927636356 ], [ -8.144545464260901, 41.596455927636356 ], [ -8.144545464260901, 41.596884326593539 ], [ -8.141584600390868, 41.596884326593539 ], [ -8.141584600390868, 41.596455927636356 ], [ -8.14084438442336, 41.596455927636356 ], [ -8.14084438442336, 41.595170713703631 ], [ -8.140104168455851, 41.595170713703631 ], [ -8.140104168455851, 41.594313890197554 ], [ -8.139363952488344, 41.594313890197554 ], [ -8.139363952488344, 41.593457055317444 ], [ -8.138623736520834, 41.593457055317444 ], [ -8.138623736520834, 41.592600209063328 ], [ -8.136403088618311, 41.592600209063328 ], [ -8.136403088618311, 41.592171781671034 ], [ -8.134182440715785, 41.592171781671034 ], [ -8.134182440715785, 41.591743351435262 ], [ -8.133442224748276, 41.591743351435262 ], [ -8.133442224748276, 41.591314918356012 ], [ -8.132702008780768, 41.591314918356012 ], [ -8.132702008780768, 41.590029602057442 ], [ -8.131961792813259, 41.590029602057442 ], [ -8.131961792813259, 41.588744260167751 ], [ -8.13122157684575, 41.588744260167751 ], [ -8.13122157684575, 41.587887351357395 ], [ -8.130481360878242, 41.587887351357395 ], [ -8.130481360878242, 41.585316556684148 ], [ -8.129741144910733, 41.585316556684148 ], [ -8.129741144910733, 41.582745659648417 ], [ -8.129000928943226, 41.582745659648417 ], [ -8.129000928943226, 41.582317166857301 ], [ -8.129741144910733, 41.582317166857301 ], [ -8.129741144910733, 41.581460172744983 ], [ -8.130481360878242, 41.581460172744983 ], [ -8.130481360878242, 41.580174660251338 ], [ -8.13122157684575, 41.580174660251338 ], [ -8.13122157684575, 41.579317637705529 ], [ -8.131961792813259, 41.579317637705529 ], [ -8.131961792813259, 41.578032082561855 ], [ -8.132702008780768, 41.578032082561855 ], [ -8.132702008780768, 41.577603558493998 ], [ -8.133442224748276, 41.577603558493998 ], [ -8.133442224748276, 41.577175031582819 ], [ -8.134922656683292, 41.577175031582819 ], [ -8.134922656683292, 41.576746501828346 ], [ -8.136403088618311, 41.576746501828346 ], [ -8.136403088618311, 41.576317969230566 ], [ -8.137883520553325, 41.576317969230566 ], [ -8.137883520553325, 41.575889433789506 ], [ -8.138623736520834, 41.575889433789506 ], [ -8.138623736520834, 41.575460895505138 ], [ -8.140104168455851, 41.575460895505138 ], [ -8.140104168455851, 41.575032354377491 ], [ -8.141584600390868, 41.575032354377491 ], [ -8.141584600390868, 41.574603810406572 ], [ -8.143065032325884, 41.574603810406572 ], [ -8.143065032325884, 41.574175263592373 ], [ -8.145285680228408, 41.574175263592373 ], [ -8.145285680228408, 41.574603810406572 ], [ -8.146025896195917, 41.574603810406572 ], [ -8.146025896195917, 41.575032354377491 ], [ -8.146766112163425, 41.575032354377491 ], [ -8.146766112163425, 41.575460895505138 ], [ -8.148246544098441, 41.575460895505138 ], [ -8.148246544098441, 41.575889433789506 ], [ -8.14898676006595, 41.575889433789506 ], [ -8.14898676006595, 41.575460895505138 ], [ -8.151207407968478, 41.575460895505138 ], [ -8.151207407968478, 41.575032354377491 ], [ -8.152687839903493, 41.575032354377491 ], [ -8.152687839903493, 41.574603810406572 ], [ -8.154168271838509, 41.574603810406572 ], [ -8.154168271838509, 41.574175263592373 ], [ -8.159349783611068, 41.574175263592373 ], [ -8.159349783611068, 41.574603810406572 ], [ -8.163050863448609, 41.574603810406572 ], [ -8.163050863448609, 41.575032354377491 ], [ -8.163791079416116, 41.575032354377491 ], [ -8.163791079416116, 41.575460895505138 ], [ -8.164531295383625, 41.575460895505138 ], [ -8.164531295383625, 41.576317969230566 ], [ -8.165271511351134, 41.576317969230566 ], [ -8.165271511351134, 41.577603558493998 ], [ -8.166011727318642, 41.577603558493998 ], [ -8.166011727318642, 41.578460603786404 ], [ -8.166751943286151, 41.578460603786404 ], [ -8.166751943286151, 41.582745659648417 ], [ -8.166011727318642, 41.582745659648417 ], [ -8.166011727318642, 41.585316556684148 ], [ -8.165271511351134, 41.585316556684148 ], [ -8.165271511351134, 41.587887351357395 ], [ -8.164531295383625, 41.587887351357395 ], [ -8.164531295383625, 41.589172710307757 ], [ -8.165271511351134, 41.589172710307757 ], [ -8.165271511351134, 41.593457055317444 ], [ -8.166011727318642, 41.593457055317444 ], [ -8.166011727318642, 41.593885474179245 ], [ -8.165271511351134, 41.593885474179245 ], [ -8.165271511351134, 41.594742303372357 ], [ -8.164531295383625, 41.594742303372357 ], [ -8.164531295383625, 41.595170713703631 ], [ -8.163791079416116, 41.595170713703631 ], [ -8.163791079416116, 41.596027525835645 ], [ -8.163050863448609, 41.596027525835645 ], [ -8.163050863448609, 41.596884326593539 ], [ -8.157869351676052, 41.596884326593539 ], [ -8.157869351676052, 41.596455927636356 ], [ -8.157129135708542, 41.596455927636356 ], [ -8.157129135708542, 41.595599121191398 ], [ -8.155648703773526, 41.595599121191398 ], [ -8.155648703773526, 41.596884326593539 ], [ -8.154908487806019, 41.596884326593539 ], [ -8.154908487806019, 41.597312722707173 ], [ -8.153428055871002, 41.597312722707173 ], [ -8.153428055871002, 41.597741115977279 ], [ -8.152687839903493, 41.597741115977279 ], [ -8.152687839903493, 41.598169506403828 ], [ -8.150467192000969, 41.598169506403828 ], [ -8.150467192000969, 41.597741115977279 ], [ -8.14972697603346, 41.597741115977279 ], [ -8.14972697603346, 41.597312722707173 ], [ -8.148246544098441, 41.597312722707173 ], [ -8.148246544098441, 41.596884326593539 ], [ -8.147506328130934, 41.596884326593539 ] ] ], [ [ [ -8.057940196062425, 41.646131238982505 ], [ -8.057940196062425, 41.64570316706542 ], [ -8.057199980094916, 41.64570316706542 ], [ -8.057199980094916, 41.64527509230421 ], [ -8.056459764127409, 41.64527509230421 ], [ -8.056459764127409, 41.644418934249479 ], [ -8.055719548159901, 41.644418934249479 ], [ -8.055719548159901, 41.641850391827084 ], [ -8.056459764127409, 41.641850391827084 ], [ -8.056459764127409, 41.638425509329593 ], [ -8.057199980094916, 41.638425509329593 ], [ -8.057199980094916, 41.635000444814295 ], [ -8.057940196062425, 41.635000444814295 ], [ -8.057940196062425, 41.633715998695116 ], [ -8.058680412029934, 41.633715998695116 ], [ -8.058680412029934, 41.632859687062464 ], [ -8.059420627997442, 41.632859687062464 ], [ -8.059420627997442, 41.632003364053958 ], [ -8.060160843964951, 41.632003364053958 ], [ -8.060160843964951, 41.631147029669641 ], [ -8.067563003640034, 41.631147029669641 ], [ -8.067563003640034, 41.630718858211559 ], [ -8.068303219607543, 41.630718858211559 ], [ -8.068303219607543, 41.627721578375045 ], [ -8.06904343557505, 41.627721578375045 ], [ -8.06904343557505, 41.627293384165597 ], [ -8.06978365154256, 41.627293384165597 ], [ -8.06978365154256, 41.62643698721503 ], [ -8.070523867510069, 41.62643698721503 ], [ -8.070523867510069, 41.625580578888915 ], [ -8.071264083477576, 41.625580578888915 ], [ -8.071264083477576, 41.625152370460036 ], [ -8.074965163315117, 41.625152370460036 ], [ -8.074965163315117, 41.624724159187288 ], [ -8.080886891055185, 41.624724159187288 ], [ -8.080886891055185, 41.624295945070664 ], [ -8.081627107022694, 41.624295945070664 ], [ -8.081627107022694, 41.624724159187288 ], [ -8.082367322990201, 41.624724159187288 ], [ -8.082367322990201, 41.625152370460036 ], [ -8.083847754925218, 41.625152370460036 ], [ -8.083847754925218, 41.625580578888915 ], [ -8.084587970892727, 41.625580578888915 ], [ -8.084587970892727, 41.62600878447391 ], [ -8.085328186860234, 41.62600878447391 ], [ -8.085328186860234, 41.628577958262206 ], [ -8.086068402827742, 41.628577958262206 ], [ -8.086068402827742, 41.633715998695116 ], [ -8.086808618795251, 41.633715998695116 ], [ -8.086808618795251, 41.637997386219226 ], [ -8.086068402827742, 41.637997386219226 ], [ -8.086068402827742, 41.638853629595928 ], [ -8.085328186860234, 41.638853629595928 ], [ -8.085328186860234, 41.639281747018231 ], [ -8.084587970892727, 41.639281747018231 ], [ -8.084587970892727, 41.640137973330724 ], [ -8.083847754925218, 41.640137973330724 ], [ -8.083847754925218, 41.640994188267015 ], [ -8.083107538957709, 41.640994188267015 ], [ -8.083107538957709, 41.641850391827084 ], [ -8.082367322990201, 41.641850391827084 ], [ -8.082367322990201, 41.642706584010881 ], [ -8.081627107022694, 41.642706584010881 ], [ -8.081627107022694, 41.643562764818363 ], [ -8.080886891055185, 41.643562764818363 ], [ -8.080886891055185, 41.643990850955952 ], [ -8.080146675087676, 41.643990850955952 ], [ -8.080146675087676, 41.644418934249479 ], [ -8.078666243152659, 41.644418934249479 ], [ -8.078666243152659, 41.644847014698897 ], [ -8.07792602718515, 41.644847014698897 ], [ -8.07792602718515, 41.64527509230421 ], [ -8.077185811217642, 41.64527509230421 ], [ -8.077185811217642, 41.64570316706542 ], [ -8.075705379282624, 41.64570316706542 ], [ -8.075705379282624, 41.646131238982505 ], [ -8.074965163315117, 41.646131238982505 ], [ -8.074965163315117, 41.646559308055487 ], [ -8.074224947347609, 41.646559308055487 ], [ -8.074224947347609, 41.646131238982505 ], [ -8.072004299445084, 41.646131238982505 ], [ -8.072004299445084, 41.64570316706542 ], [ -8.06978365154256, 41.64570316706542 ], [ -8.06978365154256, 41.64527509230421 ], [ -8.066822787672526, 41.64527509230421 ], [ -8.066822787672526, 41.64570316706542 ], [ -8.06534235573751, 41.64570316706542 ], [ -8.06534235573751, 41.646131238982505 ], [ -8.064602139770001, 41.646131238982505 ], [ -8.064602139770001, 41.646559308055487 ], [ -8.063121707834984, 41.646559308055487 ], [ -8.063121707834984, 41.646987374284336 ], [ -8.062381491867477, 41.646987374284336 ], [ -8.062381491867477, 41.647415437669054 ], [ -8.060160843964951, 41.647415437669054 ], [ -8.060160843964951, 41.646987374284336 ], [ -8.059420627997442, 41.646987374284336 ], [ -8.059420627997442, 41.646559308055487 ], [ -8.058680412029934, 41.646559308055487 ], [ -8.058680412029934, 41.646131238982505 ], [ -8.057940196062425, 41.646131238982505 ] ] ], [ [ [ -4.187350901961345, 41.975327888434215 ], [ -4.186610685993837, 41.975327888434215 ], [ -4.186610685993837, 41.974902010765142 ], [ -4.185870470026329, 41.974902010765142 ], [ -4.185870470026329, 41.974476130248298 ], [ -4.18513025405882, 41.974476130248298 ], [ -4.18513025405882, 41.974050246883685 ], [ -4.183649822123804, 41.974050246883685 ], [ -4.183649822123804, 41.973624360671323 ], [ -4.182909606156294, 41.973624360671323 ], [ -4.182909606156294, 41.973198471611191 ], [ -4.182169390188786, 41.973198471611191 ], [ -4.182169390188786, 41.972772579703317 ], [ -4.181429174221278, 41.972772579703317 ], [ -4.181429174221278, 41.972346684947688 ], [ -4.18068895825377, 41.972346684947688 ], [ -4.18068895825377, 41.972772579703317 ], [ -4.179948742286262, 41.972772579703317 ], [ -4.179948742286262, 41.973198471611191 ], [ -4.179208526318753, 41.973198471611191 ], [ -4.179208526318753, 41.973624360671323 ], [ -4.178468310351246, 41.973624360671323 ], [ -4.178468310351246, 41.974050246883685 ], [ -4.177728094383736, 41.974050246883685 ], [ -4.177728094383736, 41.974476130248298 ], [ -4.17624766244872, 41.974476130248298 ], [ -4.17624766244872, 41.974050246883685 ], [ -4.175507446481211, 41.974050246883685 ], [ -4.175507446481211, 41.973624360671323 ], [ -4.174027014546194, 41.973624360671323 ], [ -4.174027014546194, 41.973198471611191 ], [ -4.173286798578687, 41.973198471611191 ], [ -4.173286798578687, 41.972772579703317 ], [ -4.172546582611179, 41.972772579703317 ], [ -4.172546582611179, 41.971068983594385 ], [ -4.171806366643669, 41.971068983594385 ], [ -4.171806366643669, 41.967235725757575 ], [ -4.172546582611179, 41.967235725757575 ], [ -4.172546582611179, 41.965531981567764 ], [ -4.173286798578687, 41.965531981567764 ], [ -4.173286798578687, 41.965106038401132 ], [ -4.174767230513703, 41.965106038401132 ], [ -4.174767230513703, 41.964680092386821 ], [ -4.17624766244872, 41.964680092386821 ], [ -4.17624766244872, 41.964254143524855 ], [ -4.178468310351246, 41.964254143524855 ], [ -4.178468310351246, 41.963402237257959 ], [ -4.179208526318753, 41.963402237257959 ], [ -4.179208526318753, 41.962976279853031 ], [ -4.179948742286262, 41.962976279853031 ], [ -4.179948742286262, 41.962124356500254 ], [ -4.18068895825377, 41.962124356500254 ], [ -4.18068895825377, 41.961272421756945 ], [ -4.183649822123804, 41.961272421756945 ], [ -4.183649822123804, 41.961698390552414 ], [ -4.18513025405882, 41.961698390552414 ], [ -4.18513025405882, 41.962124356500254 ], [ -4.186610685993837, 41.962124356500254 ], [ -4.186610685993837, 41.962550319600467 ], [ -4.188831333896362, 41.962550319600467 ], [ -4.188831333896362, 41.962976279853031 ], [ -4.190311765831378, 41.962976279853031 ], [ -4.190311765831378, 41.963402237257959 ], [ -4.191792197766395, 41.963402237257959 ], [ -4.191792197766395, 41.963828191815232 ], [ -4.193272629701411, 41.963828191815232 ], [ -4.193272629701411, 41.964254143524855 ], [ -4.194753061636429, 41.964254143524855 ], [ -4.194753061636429, 41.965106038401132 ], [ -4.195493277603937, 41.965106038401132 ], [ -4.195493277603937, 41.966809793981639 ], [ -4.196233493571445, 41.966809793981639 ], [ -4.196233493571445, 41.969791256611515 ], [ -4.195493277603937, 41.969791256611515 ], [ -4.195493277603937, 41.972346684947688 ], [ -4.194753061636429, 41.972346684947688 ], [ -4.194753061636429, 41.974476130248298 ], [ -4.19401284566892, 41.974476130248298 ], [ -4.19401284566892, 41.975327888434215 ], [ -4.193272629701411, 41.975327888434215 ], [ -4.193272629701411, 41.975753763255511 ], [ -4.192532413733903, 41.975753763255511 ], [ -4.192532413733903, 41.976179635229038 ], [ -4.191051981798886, 41.976179635229038 ], [ -4.191051981798886, 41.976605504354772 ], [ -4.188831333896362, 41.976605504354772 ], [ -4.188831333896362, 41.976179635229038 ], [ -4.188091117928853, 41.976179635229038 ], [ -4.188091117928853, 41.975753763255511 ], [ -4.187350901961345, 41.975753763255511 ], [ -4.187350901961345, 41.975327888434215 ] ] ], [ [ [ -5.487910356873489, 43.052879438296429 ], [ -5.48717014090598, 43.052879438296429 ], [ -5.48717014090598, 43.052460840945741 ], [ -5.486429924938472, 43.052460840945741 ], [ -5.486429924938472, 43.05204224073794 ], [ -5.485689708970964, 43.05204224073794 ], [ -5.485689708970964, 43.051623637673046 ], [ -5.484949493003455, 43.051623637673046 ], [ -5.484949493003455, 43.051205031751053 ], [ -5.484209277035947, 43.051205031751053 ], [ -5.484209277035947, 43.050786422971953 ], [ -5.483469061068438, 43.050786422971953 ], [ -5.483469061068438, 43.050367811335761 ], [ -5.48272884510093, 43.050367811335761 ], [ -5.48272884510093, 43.049949196842483 ], [ -5.481988629133422, 43.049949196842483 ], [ -5.481988629133422, 43.049530579492107 ], [ -5.481248413165913, 43.049530579492107 ], [ -5.481248413165913, 43.048693336220119 ], [ -5.480508197198406, 43.048693336220119 ], [ -5.480508197198406, 43.046600178041274 ], [ -5.479767981230897, 43.046600178041274 ], [ -5.479767981230897, 43.043669636594203 ], [ -5.480508197198406, 43.043669636594203 ], [ -5.480508197198406, 43.041576306991999 ], [ -5.481248413165913, 43.041576306991999 ], [ -5.481248413165913, 43.039064217187324 ], [ -5.481988629133422, 43.039064217187324 ], [ -5.481988629133422, 43.036970730448857 ], [ -5.48272884510093, 43.036970730448857 ], [ -5.48272884510093, 43.036552024530138 ], [ -5.483469061068438, 43.036552024530138 ], [ -5.483469061068438, 43.036133315754434 ], [ -5.484209277035947, 43.036133315754434 ], [ -5.484209277035947, 43.035714604121743 ], [ -5.485689708970964, 43.035714604121743 ], [ -5.485689708970964, 43.035295889632046 ], [ -5.486429924938472, 43.035295889632046 ], [ -5.486429924938472, 43.03487717228537 ], [ -5.488650572840997, 43.03487717228537 ], [ -5.488650572840997, 43.035295889632046 ], [ -5.489390788808506, 43.035295889632046 ], [ -5.489390788808506, 43.035714604121743 ], [ -5.490871220743522, 43.035714604121743 ], [ -5.490871220743522, 43.036133315754434 ], [ -5.49161143671103, 43.036133315754434 ], [ -5.49161143671103, 43.036552024530138 ], [ -5.492351652678539, 43.036552024530138 ], [ -5.492351652678539, 43.036970730448857 ], [ -5.493832084613555, 43.036970730448857 ], [ -5.493832084613555, 43.037389433510562 ], [ -5.495312516548572, 43.037389433510562 ], [ -5.495312516548572, 43.036552024530138 ], [ -5.49605273251608, 43.036552024530138 ], [ -5.49605273251608, 43.035295889632046 ], [ -5.496792948483589, 43.035295889632046 ], [ -5.496792948483589, 43.034458452081701 ], [ -5.497533164451098, 43.034458452081701 ], [ -5.497533164451098, 43.034039729021053 ], [ -5.498273380418605, 43.034039729021053 ], [ -5.498273380418605, 43.033621003103427 ], [ -5.502714676223656, 43.033621003103427 ], [ -5.502714676223656, 43.034039729021053 ], [ -5.503454892191163, 43.034039729021053 ], [ -5.503454892191163, 43.03487717228537 ], [ -5.504195108158672, 43.03487717228537 ], [ -5.504195108158672, 43.035714604121743 ], [ -5.504935324126181, 43.035714604121743 ], [ -5.504935324126181, 43.036552024530138 ], [ -5.505675540093689, 43.036552024530138 ], [ -5.505675540093689, 43.04115763250045 ], [ -5.504935324126181, 43.04115763250045 ], [ -5.504935324126181, 43.041994978626512 ], [ -5.504195108158672, 43.041994978626512 ], [ -5.504195108158672, 43.043250976387839 ], [ -5.504935324126181, 43.043250976387839 ], [ -5.504935324126181, 43.04408829394351 ], [ -5.505675540093689, 43.04408829394351 ], [ -5.505675540093689, 43.044506948435782 ], [ -5.506415756061197, 43.044506948435782 ], [ -5.506415756061197, 43.044925600070989 ], [ -5.507155972028706, 43.044925600070989 ], [ -5.507155972028706, 43.048693336220119 ], [ -5.506415756061197, 43.048693336220119 ], [ -5.506415756061197, 43.051623637673046 ], [ -5.504935324126181, 43.051623637673046 ], [ -5.504935324126181, 43.05204224073794 ], [ -5.502714676223656, 43.05204224073794 ], [ -5.502714676223656, 43.052460840945741 ], [ -5.50049402832113, 43.052460840945741 ], [ -5.50049402832113, 43.052879438296429 ], [ -5.499753812353622, 43.052879438296429 ], [ -5.499753812353622, 43.052460840945741 ], [ -5.499013596386114, 43.052460840945741 ], [ -5.499013596386114, 43.051205031751053 ], [ -5.498273380418605, 43.051205031751053 ], [ -5.498273380418605, 43.050367811335761 ], [ -5.497533164451098, 43.050367811335761 ], [ -5.497533164451098, 43.049111959284659 ], [ -5.496792948483589, 43.049111959284659 ], [ -5.496792948483589, 43.048274710298493 ], [ -5.495312516548572, 43.048274710298493 ], [ -5.495312516548572, 43.051205031751053 ], [ -5.494572300581064, 43.051205031751053 ], [ -5.494572300581064, 43.052879438296429 ], [ -5.493832084613555, 43.052879438296429 ], [ -5.493832084613555, 43.053298032790011 ], [ -5.493091868646046, 43.053298032790011 ], [ -5.493091868646046, 43.053716624426478 ], [ -5.492351652678539, 43.053716624426478 ], [ -5.492351652678539, 43.054135213205832 ], [ -5.490871220743522, 43.054135213205832 ], [ -5.490871220743522, 43.054553799128065 ], [ -5.489390788808506, 43.054553799128065 ], [ -5.489390788808506, 43.054135213205832 ], [ -5.488650572840997, 43.054135213205832 ], [ -5.488650572840997, 43.053716624426478 ], [ -5.487910356873489, 43.053716624426478 ], [ -5.487910356873489, 43.052879438296429 ] ] ], [ [ [ -5.724039250508648, 43.536943031704851 ], [ -5.724039250508648, 43.536527753207956 ], [ -5.72255881857363, 43.536527753207956 ], [ -5.72255881857363, 43.535697187634213 ], [ -5.721818602606122, 43.535697187634213 ], [ -5.721818602606122, 43.534451317823752 ], [ -5.721078386638613, 43.534451317823752 ], [ -5.721078386638613, 43.533205422273518 ], [ -5.720338170671106, 43.533205422273518 ], [ -5.720338170671106, 43.53237481094019 ], [ -5.719597954703597, 43.53237481094019 ], [ -5.719597954703597, 43.531128872490477 ], [ -5.718857738736089, 43.531128872490477 ], [ -5.718857738736089, 43.529882908301154 ], [ -5.718117522768581, 43.529882908301154 ], [ -5.718117522768581, 43.529052251208505 ], [ -5.717377306801072, 43.529052251208505 ], [ -5.717377306801072, 43.527806244119944 ], [ -5.716637090833564, 43.527806244119944 ], [ -5.716637090833564, 43.526560211291923 ], [ -5.715896874866057, 43.526560211291923 ], [ -5.715896874866057, 43.525729508440229 ], [ -5.715156658898548, 43.525729508440229 ], [ -5.715156658898548, 43.523652701262279 ], [ -5.715896874866057, 43.523652701262279 ], [ -5.715896874866057, 43.522406582636464 ], [ -5.716637090833564, 43.522406582636464 ], [ -5.716637090833564, 43.521160438271444 ], [ -5.717377306801072, 43.521160438271444 ], [ -5.717377306801072, 43.520329661061893 ], [ -5.718117522768581, 43.520329661061893 ], [ -5.718117522768581, 43.519498872412733 ], [ -5.718857738736089, 43.519498872412733 ], [ -5.718857738736089, 43.519083473798304 ], [ -5.720338170671106, 43.519083473798304 ], [ -5.720338170671106, 43.518668072323983 ], [ -5.721078386638613, 43.518668072323983 ], [ -5.721078386638613, 43.518252667989771 ], [ -5.72255881857363, 43.518252667989771 ], [ -5.72255881857363, 43.517837260795666 ], [ -5.723299034541139, 43.517837260795666 ], [ -5.723299034541139, 43.51742185074167 ], [ -5.724039250508648, 43.51742185074167 ], [ -5.724039250508648, 43.517006437827789 ], [ -5.725519682443664, 43.517006437827789 ], [ -5.725519682443664, 43.516591022054023 ], [ -5.726259898411173, 43.516591022054023 ], [ -5.726259898411173, 43.516175603420372 ], [ -5.727740330346189, 43.516175603420372 ], [ -5.727740330346189, 43.515760181926844 ], [ -5.728480546313697, 43.515760181926844 ], [ -5.728480546313697, 43.51534475757343 ], [ -5.729220762281205, 43.51534475757343 ], [ -5.729220762281205, 43.514929330360154 ], [ -5.730701194216222, 43.514929330360154 ], [ -5.730701194216222, 43.514513900287 ], [ -5.73144141018373, 43.514513900287 ], [ -5.73144141018373, 43.514929330360154 ], [ -5.732921842118747, 43.514929330360154 ], [ -5.732921842118747, 43.51534475757343 ], [ -5.733662058086256, 43.51534475757343 ], [ -5.733662058086256, 43.515760181926844 ], [ -5.735142490021273, 43.515760181926844 ], [ -5.735142490021273, 43.516175603420372 ], [ -5.73662292195629, 43.516175603420372 ], [ -5.73662292195629, 43.516591022054023 ], [ -5.737363137923798, 43.516591022054023 ], [ -5.737363137923798, 43.517006437827789 ], [ -5.738843569858814, 43.517006437827789 ], [ -5.738843569858814, 43.51742185074167 ], [ -5.74032400179383, 43.51742185074167 ], [ -5.74032400179383, 43.517837260795666 ], [ -5.741804433728848, 43.517837260795666 ], [ -5.741804433728848, 43.518668072323983 ], [ -5.742544649696356, 43.518668072323983 ], [ -5.742544649696356, 43.519498872412733 ], [ -5.743284865663864, 43.519498872412733 ], [ -5.743284865663864, 43.520745051096618 ], [ -5.744025081631372, 43.520745051096618 ], [ -5.744025081631372, 43.521991204041377 ], [ -5.744765297598882, 43.521991204041377 ], [ -5.744765297598882, 43.526144861296039 ], [ -5.744025081631372, 43.526144861296039 ], [ -5.744025081631372, 43.529052251208505 ], [ -5.743284865663864, 43.529052251208505 ], [ -5.743284865663864, 43.530713553953994 ], [ -5.742544649696356, 43.530713553953994 ], [ -5.742544649696356, 43.531128872490477 ], [ -5.741804433728848, 43.531128872490477 ], [ -5.741804433728848, 43.531544188167018 ], [ -5.741064217761339, 43.531544188167018 ], [ -5.741064217761339, 43.53237481094019 ], [ -5.74032400179383, 43.53237481094019 ], [ -5.74032400179383, 43.532790118036843 ], [ -5.739583785826321, 43.532790118036843 ], [ -5.739583785826321, 43.533205422273518 ], [ -5.738843569858814, 43.533205422273518 ], [ -5.738843569858814, 43.533620723650237 ], [ -5.738103353891305, 43.533620723650237 ], [ -5.738103353891305, 43.53403602216698 ], [ -5.737363137923798, 43.53403602216698 ], [ -5.737363137923798, 43.534451317823752 ], [ -5.73662292195629, 43.534451317823752 ], [ -5.73662292195629, 43.534866610620547 ], [ -5.73588270598878, 43.534866610620547 ], [ -5.73588270598878, 43.535281900557365 ], [ -5.735142490021273, 43.535281900557365 ], [ -5.735142490021273, 43.535697187634213 ], [ -5.734402274053765, 43.535697187634213 ], [ -5.734402274053765, 43.536112471851069 ], [ -5.733662058086256, 43.536112471851069 ], [ -5.733662058086256, 43.536527753207956 ], [ -5.732921842118747, 43.536527753207956 ], [ -5.732921842118747, 43.536943031704851 ], [ -5.732181626151239, 43.536943031704851 ], [ -5.732181626151239, 43.537358307341755 ], [ -5.73144141018373, 43.537358307341755 ], [ -5.73144141018373, 43.537773580118674 ], [ -5.730701194216222, 43.537773580118674 ], [ -5.730701194216222, 43.538188850035603 ], [ -5.729220762281205, 43.538188850035603 ], [ -5.729220762281205, 43.537773580118674 ], [ -5.727000114378681, 43.537773580118674 ], [ -5.727000114378681, 43.537358307341755 ], [ -5.725519682443664, 43.537358307341755 ], [ -5.725519682443664, 43.536943031704851 ], [ -5.724039250508648, 43.536943031704851 ] ] ], [ [ [ -5.83877272547244, 43.550230433520795 ], [ -5.83877272547244, 43.549815246544526 ], [ -5.836552077569914, 43.549815246544526 ], [ -5.836552077569914, 43.549400056708208 ], [ -5.835071645634897, 43.549400056708208 ], [ -5.835071645634897, 43.548984864011857 ], [ -5.832850997732372, 43.548984864011857 ], [ -5.832850997732372, 43.548569668455436 ], [ -5.831370565797356, 43.548569668455436 ], [ -5.831370565797356, 43.54815447003898 ], [ -5.829149917894831, 43.54815447003898 ], [ -5.829149917894831, 43.54773926876247 ], [ -5.827669485959815, 43.54773926876247 ], [ -5.827669485959815, 43.547324064625933 ], [ -5.82544883805729, 43.547324064625933 ], [ -5.82544883805729, 43.546908857629347 ], [ -5.823228190154764, 43.546908857629347 ], [ -5.823228190154764, 43.546493647772721 ], [ -5.822487974187256, 43.546493647772721 ], [ -5.822487974187256, 43.54607843505606 ], [ -5.821747758219748, 43.54607843505606 ], [ -5.821747758219748, 43.545248001042651 ], [ -5.821007542252239, 43.545248001042651 ], [ -5.821007542252239, 43.544417555589114 ], [ -5.82026732628473, 43.544417555589114 ], [ -5.82026732628473, 43.543171865958641 ], [ -5.819527110317222, 43.543171865958641 ], [ -5.819527110317222, 43.542341391904877 ], [ -5.818786894349714, 43.542341391904877 ], [ -5.818786894349714, 43.541510906411077 ], [ -5.818046678382206, 43.541510906411077 ], [ -5.818046678382206, 43.540265156720295 ], [ -5.817306462414698, 43.540265156720295 ], [ -5.817306462414698, 43.539434642626411 ], [ -5.816566246447189, 43.539434642626411 ], [ -5.816566246447189, 43.53860411709254 ], [ -5.815826030479681, 43.53860411709254 ], [ -5.815826030479681, 43.537358307341755 ], [ -5.815085814512173, 43.537358307341755 ], [ -5.815085814512173, 43.536527753207956 ], [ -5.815826030479681, 43.536527753207956 ], [ -5.815826030479681, 43.535281900557365 ], [ -5.816566246447189, 43.535281900557365 ], [ -5.816566246447189, 43.53403602216698 ], [ -5.817306462414698, 43.53403602216698 ], [ -5.817306462414698, 43.533205422273518 ], [ -5.818046678382206, 43.533205422273518 ], [ -5.818046678382206, 43.531959500983589 ], [ -5.821007542252239, 43.531959500983589 ], [ -5.821007542252239, 43.53237481094019 ], [ -5.823968406122273, 43.53237481094019 ], [ -5.823968406122273, 43.531959500983589 ], [ -5.824708622089781, 43.531959500983589 ], [ -5.824708622089781, 43.531544188167018 ], [ -5.82544883805729, 43.531544188167018 ], [ -5.82544883805729, 43.531128872490477 ], [ -5.826189054024797, 43.531128872490477 ], [ -5.826189054024797, 43.530713553953994 ], [ -5.827669485959815, 43.530713553953994 ], [ -5.827669485959815, 43.530298232557548 ], [ -5.828409701927322, 43.530298232557548 ], [ -5.828409701927322, 43.529882908301154 ], [ -5.829149917894831, 43.529882908301154 ], [ -5.829149917894831, 43.529467581184797 ], [ -5.829890133862339, 43.529467581184797 ], [ -5.829890133862339, 43.529052251208505 ], [ -5.830630349829847, 43.529052251208505 ], [ -5.830630349829847, 43.528636918372264 ], [ -5.832110781764865, 43.528636918372264 ], [ -5.832110781764865, 43.529052251208505 ], [ -5.832850997732372, 43.529052251208505 ], [ -5.832850997732372, 43.529467581184797 ], [ -5.833591213699881, 43.529467581184797 ], [ -5.833591213699881, 43.529882908301154 ], [ -5.834331429667389, 43.529882908301154 ], [ -5.834331429667389, 43.530298232557548 ], [ -5.835071645634897, 43.530298232557548 ], [ -5.835071645634897, 43.531128872490477 ], [ -5.835811861602406, 43.531128872490477 ], [ -5.835811861602406, 43.531544188167018 ], [ -5.836552077569914, 43.531544188167018 ], [ -5.836552077569914, 43.531959500983589 ], [ -5.837292293537423, 43.531959500983589 ], [ -5.837292293537423, 43.532790118036843 ], [ -5.838032509504931, 43.532790118036843 ], [ -5.838032509504931, 43.533205422273518 ], [ -5.841733589342473, 43.533205422273518 ], [ -5.841733589342473, 43.532790118036843 ], [ -5.842473805309981, 43.532790118036843 ], [ -5.842473805309981, 43.53237481094019 ], [ -5.843954237244998, 43.53237481094019 ], [ -5.843954237244998, 43.531959500983589 ], [ -5.846174885147523, 43.531959500983589 ], [ -5.846174885147523, 43.53237481094019 ], [ -5.846915101115031, 43.53237481094019 ], [ -5.846915101115031, 43.533205422273518 ], [ -5.847655317082539, 43.533205422273518 ], [ -5.847655317082539, 43.533620723650237 ], [ -5.848395533050048, 43.533620723650237 ], [ -5.848395533050048, 43.53403602216698 ], [ -5.849135749017555, 43.53403602216698 ], [ -5.849135749017555, 43.534451317823752 ], [ -5.849875964985064, 43.534451317823752 ], [ -5.849875964985064, 43.535281900557365 ], [ -5.850616180952573, 43.535281900557365 ], [ -5.850616180952573, 43.539019381289471 ], [ -5.85135639692008, 43.539019381289471 ], [ -5.85135639692008, 43.542756630361758 ], [ -5.852096612887589, 43.542756630361758 ], [ -5.852096612887589, 43.546493647772721 ], [ -5.85135639692008, 43.546493647772721 ], [ -5.85135639692008, 43.54815447003898 ], [ -5.850616180952573, 43.54815447003898 ], [ -5.850616180952573, 43.549815246544526 ], [ -5.849875964985064, 43.549815246544526 ], [ -5.849875964985064, 43.550230433520795 ], [ -5.849135749017555, 43.550230433520795 ], [ -5.849135749017555, 43.550645617637002 ], [ -5.847655317082539, 43.550645617637002 ], [ -5.847655317082539, 43.551060798893154 ], [ -5.846915101115031, 43.551060798893154 ], [ -5.846915101115031, 43.551475977289243 ], [ -5.844694453212505, 43.551475977289243 ], [ -5.844694453212505, 43.551060798893154 ], [ -5.842473805309981, 43.551060798893154 ], [ -5.842473805309981, 43.550645617637002 ], [ -5.840253157407456, 43.550645617637002 ], [ -5.840253157407456, 43.550230433520795 ], [ -5.83877272547244, 43.550230433520795 ] ] ], [ [ [ -0.271608433842256, 35.53507655783536 ], [ -0.270868217874747, 35.53507655783536 ], [ -0.270868217874747, 35.534144226185013 ], [ -0.270128001907239, 35.534144226185013 ], [ -0.270128001907239, 35.533678056296615 ], [ -0.269387785939731, 35.533678056296615 ], [ -0.269387785939731, 35.53321188369943 ], [ -0.268647569972222, 35.53321188369943 ], [ -0.268647569972222, 35.532279530378716 ], [ -0.267907354004714, 35.532279530378716 ], [ -0.267907354004714, 35.528083806354168 ], [ -0.268647569972222, 35.528083806354168 ], [ -0.268647569972222, 35.527617601252622 ], [ -0.269387785939731, 35.527617601252622 ], [ -0.269387785939731, 35.526685182923728 ], [ -0.270128001907239, 35.526685182923728 ], [ -0.270128001907239, 35.52621896969643 ], [ -0.270868217874747, 35.52621896969643 ], [ -0.270868217874747, 35.525752753760564 ], [ -0.271608433842256, 35.525752753760564 ], [ -0.271608433842256, 35.525286535116166 ], [ -0.272348649809764, 35.525286535116166 ], [ -0.272348649809764, 35.524820313763243 ], [ -0.273088865777272, 35.524820313763243 ], [ -0.273088865777272, 35.524354089701824 ], [ -0.273829081744781, 35.524354089701824 ], [ -0.273829081744781, 35.523887862931907 ], [ -0.274569297712289, 35.523887862931907 ], [ -0.274569297712289, 35.522955401266628 ], [ -0.275309513679797, 35.522955401266628 ], [ -0.275309513679797, 35.522489166371336 ], [ -0.276049729647306, 35.522489166371336 ], [ -0.276049729647306, 35.522022928767583 ], [ -0.276789945614814, 35.522022928767583 ], [ -0.276789945614814, 35.521556688455441 ], [ -0.277530161582322, 35.521556688455441 ], [ -0.277530161582322, 35.521090445434879 ], [ -0.279750809484847, 35.521090445434879 ], [ -0.279750809484847, 35.521556688455441 ], [ -0.281231241419864, 35.521556688455441 ], [ -0.281231241419864, 35.522022928767583 ], [ -0.281971457387372, 35.522022928767583 ], [ -0.281971457387372, 35.522489166371336 ], [ -0.282711673354881, 35.522489166371336 ], [ -0.282711673354881, 35.524354089701824 ], [ -0.283451889322389, 35.524354089701824 ], [ -0.283451889322389, 35.5299485996741 ], [ -0.282711673354881, 35.5299485996741 ], [ -0.282711673354881, 35.531347166223014 ], [ -0.281971457387372, 35.531347166223014 ], [ -0.281971457387372, 35.532745708393463 ], [ -0.281231241419864, 35.532745708393463 ], [ -0.281231241419864, 35.534144226185013 ], [ -0.280491025452356, 35.534144226185013 ], [ -0.280491025452356, 35.535542719597274 ], [ -0.279750809484847, 35.535542719597274 ], [ -0.279750809484847, 35.536008878650335 ], [ -0.278270377549831, 35.536008878650335 ], [ -0.278270377549831, 35.536475034994524 ], [ -0.276049729647306, 35.536475034994524 ], [ -0.276049729647306, 35.536941188629832 ], [ -0.273088865777272, 35.536941188629832 ], [ -0.273088865777272, 35.536475034994524 ], [ -0.272348649809764, 35.536475034994524 ], [ -0.272348649809764, 35.535542719597274 ], [ -0.271608433842256, 35.535542719597274 ], [ -0.271608433842256, 35.53507655783536 ] ] ], [ [ [ 0.54336934638442, 35.790126796138338 ], [ 0.54336934638442, 35.789662118356006 ], [ 0.544109562351929, 35.789662118356006 ], [ 0.544109562351929, 35.789197437856686 ], [ 0.544849778319437, 35.789197437856686 ], [ 0.544849778319437, 35.788732754640378 ], [ 0.546330210254454, 35.788732754640378 ], [ 0.546330210254454, 35.787803380056921 ], [ 0.547070426221962, 35.787803380056921 ], [ 0.547070426221962, 35.786409297804781 ], [ 0.54781064218947, 35.786409297804781 ], [ 0.54781064218947, 35.782691625590473 ], [ 0.547070426221962, 35.782691625590473 ], [ 0.547070426221962, 35.78083272428038 ], [ 0.546330210254454, 35.78083272428038 ], [ 0.546330210254454, 35.77897377950292 ], [ 0.545589994286945, 35.77897377950292 ], [ 0.545589994286945, 35.777579542394932 ], [ 0.544109562351929, 35.777579542394932 ], [ 0.544109562351929, 35.777114791259052 ], [ 0.54336934638442, 35.777114791259052 ], [ 0.54336934638442, 35.776650037406554 ], [ 0.541888914449404, 35.776650037406554 ], [ 0.541888914449404, 35.776185280837481 ], [ 0.540408482514387, 35.776185280837481 ], [ 0.540408482514387, 35.775720521551847 ], [ 0.53892805057937, 35.775720521551847 ], [ 0.53892805057937, 35.776185280837481 ], [ 0.538187834611862, 35.776185280837481 ], [ 0.538187834611862, 35.776650037406554 ], [ 0.536707402676845, 35.776650037406554 ], [ 0.536707402676845, 35.777114791259052 ], [ 0.535226970741829, 35.777114791259052 ], [ 0.535226970741829, 35.777579542394932 ], [ 0.53448675477432, 35.777579542394932 ], [ 0.53448675477432, 35.778044290814222 ], [ 0.533746538806812, 35.778044290814222 ], [ 0.533746538806812, 35.779903257325017 ], [ 0.533006322839304, 35.779903257325017 ], [ 0.533006322839304, 35.784550483432255 ], [ 0.533746538806812, 35.784550483432255 ], [ 0.533746538806812, 35.788268068707133 ], [ 0.53448675477432, 35.788268068707133 ], [ 0.53448675477432, 35.788732754640378 ], [ 0.535226970741829, 35.788732754640378 ], [ 0.535226970741829, 35.789197437856686 ], [ 0.535967186709337, 35.789197437856686 ], [ 0.535967186709337, 35.789662118356006 ], [ 0.536707402676845, 35.789662118356006 ], [ 0.536707402676845, 35.790126796138338 ], [ 0.537447618644354, 35.790126796138338 ], [ 0.537447618644354, 35.790591471203676 ], [ 0.538187834611862, 35.790591471203676 ], [ 0.538187834611862, 35.791056143551991 ], [ 0.53892805057937, 35.791056143551991 ], [ 0.53892805057937, 35.791520813183269 ], [ 0.539668266546879, 35.791520813183269 ], [ 0.539668266546879, 35.791056143551991 ], [ 0.541148698481895, 35.791056143551991 ], [ 0.541148698481895, 35.790591471203676 ], [ 0.541888914449404, 35.790591471203676 ], [ 0.541888914449404, 35.790126796138338 ], [ 0.54336934638442, 35.790126796138338 ] ] ], [ [ [ -0.272348649809764, 35.824505411354338 ], [ -0.272348649809764, 35.824040934669902 ], [ -0.270868217874747, 35.824040934669902 ], [ -0.270868217874747, 35.8235764552674 ], [ -0.268647569972222, 35.8235764552674 ], [ -0.268647569972222, 35.82311197314683 ], [ -0.267167138037206, 35.82311197314683 ], [ -0.267167138037206, 35.822647488308213 ], [ -0.265686706102189, 35.822647488308213 ], [ -0.265686706102189, 35.822183000751579 ], [ -0.263466058199664, 35.822183000751579 ], [ -0.263466058199664, 35.821718510476927 ], [ -0.261985626264647, 35.821718510476927 ], [ -0.261985626264647, 35.821254017484272 ], [ -0.260505194329631, 35.821254017484272 ], [ -0.260505194329631, 35.820789521773627 ], [ -0.259764978362122, 35.820789521773627 ], [ -0.259764978362122, 35.819860522198454 ], [ -0.259024762394614, 35.819860522198454 ], [ -0.259024762394614, 35.81939601833394 ], [ -0.258284546427106, 35.81939601833394 ], [ -0.258284546427106, 35.818467002451158 ], [ -0.257544330459597, 35.818467002451158 ], [ -0.257544330459597, 35.818002490432896 ], [ -0.256804114492089, 35.818002490432896 ], [ -0.256804114492089, 35.81753797569678 ], [ -0.253103034654547, 35.81753797569678 ], [ -0.253103034654547, 35.817073458242774 ], [ -0.248661738849497, 35.817073458242774 ], [ -0.248661738849497, 35.816608938070921 ], [ -0.246441090946972, 35.816608938070921 ], [ -0.246441090946972, 35.817073458242774 ], [ -0.245700874979464, 35.817073458242774 ], [ -0.245700874979464, 35.818002490432896 ], [ -0.244960659011956, 35.818002490432896 ], [ -0.244960659011956, 35.818931511751508 ], [ -0.244220443044447, 35.818931511751508 ], [ -0.244220443044447, 35.81939601833394 ], [ -0.239038931271889, 35.81939601833394 ], [ -0.239038931271889, 35.818931511751508 ], [ -0.238298715304381, 35.818931511751508 ], [ -0.238298715304381, 35.818467002451158 ], [ -0.237558499336872, 35.818467002451158 ], [ -0.237558499336872, 35.818002490432896 ], [ -0.236818283369364, 35.818002490432896 ], [ -0.236818283369364, 35.81753797569678 ], [ -0.236078067401856, 35.81753797569678 ], [ -0.236078067401856, 35.817073458242774 ], [ -0.234597635466839, 35.817073458242774 ], [ -0.234597635466839, 35.816608938070921 ], [ -0.233857419499331, 35.816608938070921 ], [ -0.233857419499331, 35.816144415181228 ], [ -0.233117203531822, 35.816144415181228 ], [ -0.233117203531822, 35.815679889573708 ], [ -0.232376987564314, 35.815679889573708 ], [ -0.232376987564314, 35.815215361248384 ], [ -0.230896555629297, 35.815215361248384 ], [ -0.230896555629297, 35.814750830205249 ], [ -0.230156339661789, 35.814750830205249 ], [ -0.230156339661789, 35.814286296444358 ], [ -0.229416123694281, 35.814286296444358 ], [ -0.229416123694281, 35.813357220769255 ], [ -0.228675907726772, 35.813357220769255 ], [ -0.228675907726772, 35.811499036806339 ], [ -0.227935691759264, 35.811499036806339 ], [ -0.227935691759264, 35.809176245705025 ], [ -0.227195475791756, 35.809176245705025 ], [ -0.227195475791756, 35.80731796390701 ], [ -0.227935691759264, 35.80731796390701 ], [ -0.227935691759264, 35.805924224024189 ], [ -0.228675907726772, 35.805924224024189 ], [ -0.228675907726772, 35.804530459683846 ], [ -0.229416123694281, 35.804530459683846 ], [ -0.229416123694281, 35.803601269869652 ], [ -0.230156339661789, 35.803601269869652 ], [ -0.230156339661789, 35.803136670886389 ], [ -0.230896555629297, 35.803136670886389 ], [ -0.230896555629297, 35.802672069185711 ], [ -0.231636771596806, 35.802672069185711 ], [ -0.231636771596806, 35.80220746476764 ], [ -0.232376987564314, 35.80220746476764 ], [ -0.232376987564314, 35.801742857632192 ], [ -0.237558499336872, 35.801742857632192 ], [ -0.237558499336872, 35.80220746476764 ], [ -0.238298715304381, 35.80220746476764 ], [ -0.238298715304381, 35.802672069185711 ], [ -0.239038931271889, 35.802672069185711 ], [ -0.239038931271889, 35.801742857632192 ], [ -0.239779147239397, 35.801742857632192 ], [ -0.239779147239397, 35.800813635209181 ], [ -0.240519363206906, 35.800813635209181 ], [ -0.240519363206906, 35.799884401916799 ], [ -0.241259579174414, 35.799884401916799 ], [ -0.241259579174414, 35.798955157755167 ], [ -0.241999795141922, 35.798955157755167 ], [ -0.241999795141922, 35.798490531598425 ], [ -0.242740011109431, 35.798490531598425 ], [ -0.242740011109431, 35.798955157755167 ], [ -0.245700874979464, 35.798955157755167 ], [ -0.245700874979464, 35.799419781194644 ], [ -0.248661738849497, 35.799419781194644 ], [ -0.248661738849497, 35.799884401916799 ], [ -0.250882386752022, 35.799884401916799 ], [ -0.250882386752022, 35.799419781194644 ], [ -0.253103034654547, 35.799419781194644 ], [ -0.253103034654547, 35.798955157755167 ], [ -0.254583466589564, 35.798955157755167 ], [ -0.254583466589564, 35.798490531598425 ], [ -0.256804114492089, 35.798490531598425 ], [ -0.256804114492089, 35.798025902724412 ], [ -0.258284546427106, 35.798025902724412 ], [ -0.258284546427106, 35.797561271133148 ], [ -0.261985626264647, 35.797561271133148 ], [ -0.261985626264647, 35.798025902724412 ], [ -0.264206274167172, 35.798025902724412 ], [ -0.264206274167172, 35.798490531598425 ], [ -0.266426922069697, 35.798490531598425 ], [ -0.266426922069697, 35.799419781194644 ], [ -0.267167138037206, 35.799419781194644 ], [ -0.267167138037206, 35.800349019921647 ], [ -0.267907354004714, 35.800349019921647 ], [ -0.267907354004714, 35.801278247779365 ], [ -0.268647569972222, 35.801278247779365 ], [ -0.268647569972222, 35.80220746476764 ], [ -0.269387785939731, 35.80220746476764 ], [ -0.269387785939731, 35.802672069185711 ], [ -0.270128001907239, 35.802672069185711 ], [ -0.270128001907239, 35.803136670886389 ], [ -0.270868217874747, 35.803136670886389 ], [ -0.270868217874747, 35.803601269869652 ], [ -0.272348649809764, 35.803601269869652 ], [ -0.272348649809764, 35.804065866135467 ], [ -0.273088865777272, 35.804065866135467 ], [ -0.273088865777272, 35.804530459683846 ], [ -0.274569297712289, 35.804530459683846 ], [ -0.274569297712289, 35.804065866135467 ], [ -0.275309513679797, 35.804065866135467 ], [ -0.275309513679797, 35.803136670886389 ], [ -0.276049729647306, 35.803136670886389 ], [ -0.276049729647306, 35.80220746476764 ], [ -0.276789945614814, 35.80220746476764 ], [ -0.276789945614814, 35.801278247779365 ], [ -0.277530161582322, 35.801278247779365 ], [ -0.277530161582322, 35.800813635209181 ], [ -0.282711673354881, 35.800813635209181 ], [ -0.282711673354881, 35.801742857632192 ], [ -0.283451889322389, 35.801742857632192 ], [ -0.283451889322389, 35.802672069185711 ], [ -0.284192105289897, 35.802672069185711 ], [ -0.284192105289897, 35.803136670886389 ], [ -0.284932321257406, 35.803136670886389 ], [ -0.284932321257406, 35.804995050514783 ], [ -0.285672537224914, 35.804995050514783 ], [ -0.285672537224914, 35.811499036806339 ], [ -0.286412753192422, 35.811499036806339 ], [ -0.286412753192422, 35.81753797569678 ], [ -0.287152969159931, 35.81753797569678 ], [ -0.287152969159931, 35.821254017484272 ], [ -0.286412753192422, 35.821254017484272 ], [ -0.286412753192422, 35.822183000751579 ], [ -0.285672537224914, 35.822183000751579 ], [ -0.285672537224914, 35.822647488308213 ], [ -0.284932321257406, 35.822647488308213 ], [ -0.284932321257406, 35.82311197314683 ], [ -0.284192105289897, 35.82311197314683 ], [ -0.284192105289897, 35.8235764552674 ], [ -0.283451889322389, 35.8235764552674 ], [ -0.283451889322389, 35.824040934669902 ], [ -0.282711673354881, 35.824040934669902 ], [ -0.282711673354881, 35.824505411354338 ], [ -0.281971457387372, 35.824505411354338 ], [ -0.281971457387372, 35.824969885320684 ], [ -0.281231241419864, 35.824969885320684 ], [ -0.281231241419864, 35.82543435656892 ], [ -0.280491025452356, 35.82543435656892 ], [ -0.280491025452356, 35.825898825099053 ], [ -0.277530161582322, 35.825898825099053 ], [ -0.277530161582322, 35.82543435656892 ], [ -0.276049729647306, 35.82543435656892 ], [ -0.276049729647306, 35.824969885320684 ], [ -0.274569297712289, 35.824969885320684 ], [ -0.274569297712289, 35.824505411354338 ], [ -0.272348649809764, 35.824505411354338 ] ] ], [ [ [ 4.450229222893409, 35.886720696110231 ], [ 4.450229222893409, 35.886256583779549 ], [ 4.450969438860917, 35.886256583779549 ], [ 4.450969438860917, 35.884864230467407 ], [ 4.451709654828425, 35.884864230467407 ], [ 4.451709654828425, 35.883007721304899 ], [ 4.452449870795934, 35.883007721304899 ], [ 4.452449870795934, 35.881615310873755 ], [ 4.453190086763442, 35.881615310873755 ], [ 4.453190086763442, 35.879294572424449 ], [ 4.452449870795934, 35.879294572424449 ], [ 4.452449870795934, 35.877902096717058 ], [ 4.451709654828425, 35.877902096717058 ], [ 4.451709654828425, 35.876509596531797 ], [ 4.450969438860917, 35.876509596531797 ], [ 4.450969438860917, 35.876045424363902 ], [ 4.450229222893409, 35.876045424363902 ], [ 4.450229222893409, 35.875581249476319 ], [ 4.449489006925901, 35.875581249476319 ], [ 4.449489006925901, 35.875117071869035 ], [ 4.448748790958392, 35.875117071869035 ], [ 4.448748790958392, 35.874652891542084 ], [ 4.448008574990883, 35.874652891542084 ], [ 4.448008574990883, 35.874188708495474 ], [ 4.447268359023375, 35.874188708495474 ], [ 4.447268359023375, 35.873724522729191 ], [ 4.445787927088358, 35.873724522729191 ], [ 4.445787927088358, 35.873260334243312 ], [ 4.44504771112085, 35.873260334243312 ], [ 4.44504771112085, 35.872796143037782 ], [ 4.439866199348292, 35.872796143037782 ], [ 4.439866199348292, 35.873724522729191 ], [ 4.439125983380783, 35.873724522729191 ], [ 4.439125983380783, 35.875117071869035 ], [ 4.438385767413275, 35.875117071869035 ], [ 4.438385767413275, 35.876045424363902 ], [ 4.437645551445767, 35.876045424363902 ], [ 4.437645551445767, 35.876973765979955 ], [ 4.436905335478258, 35.876973765979955 ], [ 4.436905335478258, 35.878366258005968 ], [ 4.437645551445767, 35.878366258005968 ], [ 4.437645551445767, 35.879758725553984 ], [ 4.438385767413275, 35.879758725553984 ], [ 4.438385767413275, 35.881151168623603 ], [ 4.439125983380783, 35.881151168623603 ], [ 4.439125983380783, 35.882543587214421 ], [ 4.439866199348292, 35.882543587214421 ], [ 4.439866199348292, 35.883471852675449 ], [ 4.4406064153158, 35.883471852675449 ], [ 4.4406064153158, 35.884864230467407 ], [ 4.441346631283309, 35.884864230467407 ], [ 4.441346631283309, 35.886256583779549 ], [ 4.442086847250817, 35.886256583779549 ], [ 4.442086847250817, 35.886720696110231 ], [ 4.442827063218325, 35.886720696110231 ], [ 4.442827063218325, 35.887184805720871 ], [ 4.443567279185833, 35.887184805720871 ], [ 4.443567279185833, 35.887648912611461 ], [ 4.44504771112085, 35.887648912611461 ], [ 4.44504771112085, 35.888113016781979 ], [ 4.447268359023375, 35.888113016781979 ], [ 4.447268359023375, 35.887648912611461 ], [ 4.448748790958392, 35.887648912611461 ], [ 4.448748790958392, 35.887184805720871 ], [ 4.449489006925901, 35.887184805720871 ], [ 4.449489006925901, 35.886720696110231 ], [ 4.450229222893409, 35.886720696110231 ] ] ], [ [ [ 2.888373531450823, 36.61017413493235 ], [ 2.889113747418332, 36.61017413493235 ], [ 2.889113747418332, 36.609714299456655 ], [ 2.88985396338584, 36.609714299456655 ], [ 2.88985396338584, 36.609254461239168 ], [ 2.890594179353348, 36.609254461239168 ], [ 2.890594179353348, 36.608794620279923 ], [ 2.891334395320857, 36.608794620279923 ], [ 2.891334395320857, 36.606035516948175 ], [ 2.890594179353348, 36.606035516948175 ], [ 2.890594179353348, 36.604655928269572 ], [ 2.891334395320857, 36.604655928269572 ], [ 2.891334395320857, 36.605115793904091 ], [ 2.892814827255873, 36.605115793904091 ], [ 2.892814827255873, 36.605575656796958 ], [ 2.893555043223381, 36.605575656796958 ], [ 2.893555043223381, 36.606035516948175 ], [ 2.895035475158398, 36.606035516948175 ], [ 2.895035475158398, 36.605575656796958 ], [ 2.895775691125907, 36.605575656796958 ], [ 2.895775691125907, 36.605115793904091 ], [ 2.896515907093415, 36.605115793904091 ], [ 2.896515907093415, 36.604655928269572 ], [ 2.897256123060923, 36.604655928269572 ], [ 2.897256123060923, 36.604196059893432 ], [ 2.897996339028431, 36.604196059893432 ], [ 2.897996339028431, 36.603736188775677 ], [ 2.89873655499594, 36.603736188775677 ], [ 2.89873655499594, 36.603276314916315 ], [ 2.899476770963448, 36.603276314916315 ], [ 2.899476770963448, 36.602816438315351 ], [ 2.900216986930956, 36.602816438315351 ], [ 2.900216986930956, 36.602356558972815 ], [ 2.901697418865973, 36.602356558972815 ], [ 2.901697418865973, 36.601896676888721 ], [ 2.902437634833482, 36.601896676888721 ], [ 2.902437634833482, 36.600057121136963 ], [ 2.90317785080099, 36.600057121136963 ], [ 2.90317785080099, 36.598217521521264 ], [ 2.903918066768498, 36.598217521521264 ], [ 2.903918066768498, 36.597757614763687 ], [ 2.90317785080099, 36.597757614763687 ], [ 2.90317785080099, 36.596377878042439 ], [ 2.902437634833482, 36.596377878042439 ], [ 2.902437634833482, 36.595458039854627 ], [ 2.901697418865973, 36.595458039854627 ], [ 2.901697418865973, 36.594078262012708 ], [ 2.900957202898465, 36.594078262012708 ], [ 2.900957202898465, 36.593158396411461 ], [ 2.900216986930956, 36.593158396411461 ], [ 2.900216986930956, 36.592698459498877 ], [ 2.899476770963448, 36.592698459498877 ], [ 2.899476770963448, 36.593158396411461 ], [ 2.896515907093415, 36.593158396411461 ], [ 2.896515907093415, 36.593618330582743 ], [ 2.89429525919089, 36.593618330582743 ], [ 2.89429525919089, 36.594078262012708 ], [ 2.891334395320857, 36.594078262012708 ], [ 2.891334395320857, 36.594538190701364 ], [ 2.889113747418332, 36.594538190701364 ], [ 2.889113747418332, 36.596377878042439 ], [ 2.888373531450823, 36.596377878042439 ], [ 2.888373531450823, 36.598217521521264 ], [ 2.887633315483315, 36.598217521521264 ], [ 2.887633315483315, 36.596837793024264 ], [ 2.886893099515807, 36.596837793024264 ], [ 2.886893099515807, 36.593158396411461 ], [ 2.886152883548299, 36.593158396411461 ], [ 2.886152883548299, 36.592238519845012 ], [ 2.88541266758079, 36.592238519845012 ], [ 2.88541266758079, 36.591778577449873 ], [ 2.884672451613281, 36.591778577449873 ], [ 2.884672451613281, 36.591318632313481 ], [ 2.883932235645773, 36.591318632313481 ], [ 2.883932235645773, 36.590398733816969 ], [ 2.883192019678265, 36.590398733816969 ], [ 2.883192019678265, 36.58993878045689 ], [ 2.882451803710757, 36.58993878045689 ], [ 2.882451803710757, 36.589478824355602 ], [ 2.881711587743248, 36.589478824355602 ], [ 2.881711587743248, 36.589018865513104 ], [ 2.88097137177574, 36.589018865513104 ], [ 2.88097137177574, 36.588558903929453 ], [ 2.879490939840723, 36.588558903929453 ], [ 2.879490939840723, 36.589018865513104 ], [ 2.87653007597069, 36.589018865513104 ], [ 2.87653007597069, 36.589478824355602 ], [ 2.874309428068165, 36.589478824355602 ], [ 2.874309428068165, 36.58993878045689 ], [ 2.87208878016564, 36.58993878045689 ], [ 2.87208878016564, 36.590858684435844 ], [ 2.871348564198132, 36.590858684435844 ], [ 2.871348564198132, 36.592238519845012 ], [ 2.870608348230624, 36.592238519845012 ], [ 2.870608348230624, 36.593158396411461 ], [ 2.869868132263115, 36.593158396411461 ], [ 2.869868132263115, 36.594078262012708 ], [ 2.869127916295606, 36.594078262012708 ], [ 2.869127916295606, 36.594998116648675 ], [ 2.868387700328098, 36.594998116648675 ], [ 2.868387700328098, 36.597297705264687 ], [ 2.86764748436059, 36.597297705264687 ], [ 2.86764748436059, 36.601896676888721 ], [ 2.868387700328098, 36.601896676888721 ], [ 2.868387700328098, 36.602816438315351 ], [ 2.869127916295606, 36.602816438315351 ], [ 2.869127916295606, 36.603736188775677 ], [ 2.869868132263115, 36.603736188775677 ], [ 2.869868132263115, 36.604655928269572 ], [ 2.870608348230624, 36.604655928269572 ], [ 2.870608348230624, 36.605575656796958 ], [ 2.871348564198132, 36.605575656796958 ], [ 2.871348564198132, 36.606035516948175 ], [ 2.87208878016564, 36.606035516948175 ], [ 2.87208878016564, 36.606495374357721 ], [ 2.87653007597069, 36.606495374357721 ], [ 2.87653007597069, 36.606035516948175 ], [ 2.878010507905707, 36.606035516948175 ], [ 2.878010507905707, 36.605575656796958 ], [ 2.878750723873215, 36.605575656796958 ], [ 2.878750723873215, 36.605115793904091 ], [ 2.880231155808231, 36.605115793904091 ], [ 2.880231155808231, 36.604655928269572 ], [ 2.88097137177574, 36.604655928269572 ], [ 2.88097137177574, 36.608794620279923 ], [ 2.881711587743248, 36.608794620279923 ], [ 2.881711587743248, 36.609254461239168 ], [ 2.882451803710757, 36.609254461239168 ], [ 2.882451803710757, 36.61017413493235 ], [ 2.883192019678265, 36.61017413493235 ], [ 2.883192019678265, 36.610633967666281 ], [ 2.883932235645773, 36.610633967666281 ], [ 2.883932235645773, 36.611093797658391 ], [ 2.884672451613281, 36.611093797658391 ], [ 2.884672451613281, 36.611553624908673 ], [ 2.88541266758079, 36.611553624908673 ], [ 2.88541266758079, 36.612013449417155 ], [ 2.886152883548299, 36.612013449417155 ], [ 2.886152883548299, 36.611553624908673 ], [ 2.886893099515807, 36.611553624908673 ], [ 2.886893099515807, 36.611093797658391 ], [ 2.887633315483315, 36.611093797658391 ], [ 2.887633315483315, 36.610633967666281 ], [ 2.888373531450823, 36.610633967666281 ], [ 2.888373531450823, 36.61017413493235 ] ], [ [ 2.889113747418332, 36.600976904495894 ], [ 2.889113747418332, 36.601896676888721 ], [ 2.887633315483315, 36.601896676888721 ], [ 2.887633315483315, 36.601436792063076 ], [ 2.886152883548299, 36.601436792063076 ], [ 2.886152883548299, 36.600517014187183 ], [ 2.886893099515807, 36.600517014187183 ], [ 2.886893099515807, 36.598677425537396 ], [ 2.888373531450823, 36.598677425537396 ], [ 2.888373531450823, 36.600976904495894 ], [ 2.889113747418332, 36.600976904495894 ] ] ], [ [ [ 3.234794604244723, 36.637299574577931 ], [ 3.234794604244723, 36.636839900890493 ], [ 3.235534820212232, 36.636839900890493 ], [ 3.235534820212232, 36.636380224460474 ], [ 3.236275036179741, 36.636380224460474 ], [ 3.236275036179741, 36.635920545287931 ], [ 3.237015252147248, 36.635920545287931 ], [ 3.237015252147248, 36.635460863372849 ], [ 3.237755468114757, 36.635460863372849 ], [ 3.237755468114757, 36.635001178715243 ], [ 3.238495684082265, 36.635001178715243 ], [ 3.238495684082265, 36.634081801172542 ], [ 3.239235900049774, 36.634081801172542 ], [ 3.239235900049774, 36.632243013177515 ], [ 3.239976116017282, 36.632243013177515 ], [ 3.239976116017282, 36.629484748912446 ], [ 3.239235900049774, 36.629484748912446 ], [ 3.239235900049774, 36.627186119943595 ], [ 3.238495684082265, 36.627186119943595 ], [ 3.238495684082265, 36.624887422417736 ], [ 3.237755468114757, 36.624887422417736 ], [ 3.237755468114757, 36.624427674685869 ], [ 3.237015252147248, 36.624427674685869 ], [ 3.237015252147248, 36.623967924211811 ], [ 3.236275036179741, 36.623967924211811 ], [ 3.236275036179741, 36.623508170995557 ], [ 3.234794604244723, 36.623508170995557 ], [ 3.234794604244723, 36.623048415037132 ], [ 3.233314172309707, 36.623048415037132 ], [ 3.233314172309707, 36.622588656336532 ], [ 3.232573956342199, 36.622588656336532 ], [ 3.232573956342199, 36.622128894893805 ], [ 3.230353308439674, 36.622128894893805 ], [ 3.230353308439674, 36.622588656336532 ], [ 3.228872876504657, 36.622588656336532 ], [ 3.228872876504657, 36.623048415037132 ], [ 3.22739244456964, 36.623048415037132 ], [ 3.22739244456964, 36.623508170995557 ], [ 3.226652228602132, 36.623508170995557 ], [ 3.226652228602132, 36.623967924211811 ], [ 3.225912012634624, 36.623967924211811 ], [ 3.225912012634624, 36.624887422417736 ], [ 3.225171796667116, 36.624887422417736 ], [ 3.225171796667116, 36.626726385922929 ], [ 3.224431580699607, 36.626726385922929 ], [ 3.224431580699607, 36.629025028603316 ], [ 3.223691364732099, 36.629025028603316 ], [ 3.223691364732099, 36.633162412659935 ], [ 3.224431580699607, 36.633162412659935 ], [ 3.224431580699607, 36.635920545287931 ], [ 3.225171796667116, 36.635920545287931 ], [ 3.225171796667116, 36.637299574577931 ], [ 3.226652228602132, 36.637299574577931 ], [ 3.226652228602132, 36.637759245522808 ], [ 3.228132660537149, 36.637759245522808 ], [ 3.228132660537149, 36.638218913725105 ], [ 3.229613092472166, 36.638218913725105 ], [ 3.229613092472166, 36.638678579184806 ], [ 3.232573956342199, 36.638678579184806 ], [ 3.232573956342199, 36.638218913725105 ], [ 3.233314172309707, 36.638218913725105 ], [ 3.233314172309707, 36.637759245522808 ], [ 3.234054388277215, 36.637759245522808 ], [ 3.234054388277215, 36.637299574577931 ], [ 3.234794604244723, 36.637299574577931 ] ] ], [ [ [ 3.128203504923524, 36.687387561947112 ], [ 3.128203504923524, 36.68692818727758 ], [ 3.128943720891032, 36.68692818727758 ], [ 3.128943720891032, 36.68600942970653 ], [ 3.12968393685854, 36.68600942970653 ], [ 3.12968393685854, 36.685090661159613 ], [ 3.130424152826048, 36.685090661159613 ], [ 3.130424152826048, 36.684171881636921 ], [ 3.131164368793557, 36.684171881636921 ], [ 3.131164368793557, 36.683253091138575 ], [ 3.131904584761065, 36.683253091138575 ], [ 3.131904584761065, 36.682334289664659 ], [ 3.132644800728573, 36.682334289664659 ], [ 3.132644800728573, 36.681415477215303 ], [ 3.133385016696082, 36.681415477215303 ], [ 3.133385016696082, 36.680956066874856 ], [ 3.13412523266359, 36.680956066874856 ], [ 3.13412523266359, 36.678199547212365 ], [ 3.133385016696082, 36.678199547212365 ], [ 3.133385016696082, 36.67452403401316 ], [ 3.132644800728573, 36.67452403401316 ], [ 3.132644800728573, 36.674064582516735 ], [ 3.131164368793557, 36.674064582516735 ], [ 3.131164368793557, 36.673605128276698 ], [ 3.130424152826048, 36.673605128276698 ], [ 3.130424152826048, 36.673145671293035 ], [ 3.128943720891032, 36.673145671293035 ], [ 3.128943720891032, 36.672686211565782 ], [ 3.128203504923524, 36.672686211565782 ], [ 3.128203504923524, 36.672226749094932 ], [ 3.126723072988507, 36.672226749094932 ], [ 3.126723072988507, 36.671767283880513 ], [ 3.120061129280932, 36.671767283880513 ], [ 3.120061129280932, 36.672226749094932 ], [ 3.119320913313424, 36.672226749094932 ], [ 3.119320913313424, 36.672686211565782 ], [ 3.118580697345915, 36.672686211565782 ], [ 3.118580697345915, 36.673145671293035 ], [ 3.117840481378407, 36.673145671293035 ], [ 3.117840481378407, 36.673605128276698 ], [ 3.117100265410898, 36.673605128276698 ], [ 3.117100265410898, 36.674064582516735 ], [ 3.11636004944339, 36.674064582516735 ], [ 3.11636004944339, 36.674983482765938 ], [ 3.115619833475882, 36.674983482765938 ], [ 3.115619833475882, 36.675442928775055 ], [ 3.114879617508374, 36.675442928775055 ], [ 3.114879617508374, 36.675902372040525 ], [ 3.114139401540865, 36.675902372040525 ], [ 3.114139401540865, 36.676361812562291 ], [ 3.113399185573357, 36.676361812562291 ], [ 3.113399185573357, 36.676821250340389 ], [ 3.112658969605848, 36.676821250340389 ], [ 3.112658969605848, 36.677280685374775 ], [ 3.11191875363834, 36.677280685374775 ], [ 3.11191875363834, 36.677740117665422 ], [ 3.111178537670832, 36.677740117665422 ], [ 3.111178537670832, 36.679577819390644 ], [ 3.110438321703324, 36.679577819390644 ], [ 3.110438321703324, 36.681415477215303 ], [ 3.109698105735816, 36.681415477215303 ], [ 3.109698105735816, 36.682334289664659 ], [ 3.110438321703324, 36.682334289664659 ], [ 3.110438321703324, 36.684171881636921 ], [ 3.111178537670832, 36.684171881636921 ], [ 3.111178537670832, 36.685550046805048 ], [ 3.11191875363834, 36.685550046805048 ], [ 3.11191875363834, 36.68600942970653 ], [ 3.112658969605848, 36.68600942970653 ], [ 3.112658969605848, 36.686468809864046 ], [ 3.113399185573357, 36.686468809864046 ], [ 3.113399185573357, 36.68692818727758 ], [ 3.114139401540865, 36.68692818727758 ], [ 3.114139401540865, 36.687387561947112 ], [ 3.114879617508374, 36.687387561947112 ], [ 3.114879617508374, 36.687846933872635 ], [ 3.115619833475882, 36.687846933872635 ], [ 3.115619833475882, 36.688306303054155 ], [ 3.11636004944339, 36.688306303054155 ], [ 3.11636004944339, 36.688765669491623 ], [ 3.117840481378407, 36.688765669491623 ], [ 3.117840481378407, 36.689225033185046 ], [ 3.118580697345915, 36.689225033185046 ], [ 3.118580697345915, 36.689684394134424 ], [ 3.119320913313424, 36.689684394134424 ], [ 3.119320913313424, 36.689225033185046 ], [ 3.126723072988507, 36.689225033185046 ], [ 3.126723072988507, 36.688306303054155 ], [ 3.127463288956015, 36.688306303054155 ], [ 3.127463288956015, 36.687387561947112 ], [ 3.128203504923524, 36.687387561947112 ] ] ], [ [ [ -1.899343346393083, 36.972128759221675 ], [ -1.899343346393083, 36.970755746537762 ], [ -1.898603130425575, 36.970755746537762 ], [ -1.898603130425575, 36.96984039098858 ], [ -1.897862914458066, 36.96984039098858 ], [ -1.897862914458066, 36.96709425829458 ], [ -1.898603130425575, 36.96709425829458 ], [ -1.898603130425575, 36.964348026533024 ], [ -1.899343346393083, 36.964348026533024 ], [ -1.899343346393083, 36.961601695706641 ], [ -1.900083562360591, 36.961601695706641 ], [ -1.900083562360591, 36.96068623008393 ], [ -1.900823778328099, 36.96068623008393 ], [ -1.900823778328099, 36.960228493144996 ], [ -1.901563994295608, 36.960228493144996 ], [ -1.901563994295608, 36.959313011012128 ], [ -1.902304210263116, 36.959313011012128 ], [ -1.902304210263116, 36.958855265818187 ], [ -1.903784642198133, 36.958855265818187 ], [ -1.903784642198133, 36.959313011012128 ], [ -1.906745506068166, 36.959313011012128 ], [ -1.906745506068166, 36.959770753454407 ], [ -1.908966153970691, 36.959770753454407 ], [ -1.908966153970691, 36.960228493144996 ], [ -1.9097063699382, 36.960228493144996 ], [ -1.9097063699382, 36.961143964271145 ], [ -1.910446585905708, 36.961143964271145 ], [ -1.910446585905708, 36.961601695706641 ], [ -1.911186801873216, 36.961601695706641 ], [ -1.911186801873216, 36.962059424390425 ], [ -1.911927017840724, 36.962059424390425 ], [ -1.911927017840724, 36.962974873502759 ], [ -1.912667233808233, 36.962974873502759 ], [ -1.912667233808233, 36.968925024431591 ], [ -1.911927017840724, 36.968925024431591 ], [ -1.911927017840724, 36.96984039098858 ], [ -1.911186801873216, 36.96984039098858 ], [ -1.911186801873216, 36.970298070139158 ], [ -1.910446585905708, 36.970298070139158 ], [ -1.910446585905708, 36.970755746537762 ], [ -1.9097063699382, 36.970755746537762 ], [ -1.9097063699382, 36.971213420184398 ], [ -1.908966153970691, 36.971213420184398 ], [ -1.908966153970691, 36.972128759221675 ], [ -1.908225938003183, 36.972128759221675 ], [ -1.908225938003183, 36.972586424612288 ], [ -1.907485722035675, 36.972586424612288 ], [ -1.907485722035675, 36.973044087250884 ], [ -1.906745506068166, 36.973044087250884 ], [ -1.906745506068166, 36.973501747137441 ], [ -1.906005290100658, 36.973501747137441 ], [ -1.906005290100658, 36.97395940427193 ], [ -1.900823778328099, 36.97395940427193 ], [ -1.900823778328099, 36.973044087250884 ], [ -1.900083562360591, 36.973044087250884 ], [ -1.900083562360591, 36.972128759221675 ], [ -1.899343346393083, 36.972128759221675 ] ] ], [ [ [ 1.231029980199663, 41.18474428543005 ], [ 1.231770196167171, 41.18474428543005 ], [ 1.231770196167171, 41.184313161954123 ], [ 1.232510412134679, 41.184313161954123 ], [ 1.232510412134679, 41.18388203563984 ], [ 1.233250628102188, 41.18388203563984 ], [ 1.233250628102188, 41.183450906487195 ], [ 1.233990844069696, 41.183450906487195 ], [ 1.233990844069696, 41.183019774496231 ], [ 1.234731060037205, 41.183019774496231 ], [ 1.234731060037205, 41.182588639666911 ], [ 1.235471276004713, 41.182588639666911 ], [ 1.235471276004713, 41.182157501999257 ], [ 1.236211491972221, 41.182157501999257 ], [ 1.236211491972221, 41.181726361493268 ], [ 1.236951707939729, 41.181726361493268 ], [ 1.236951707939729, 41.178277135266292 ], [ 1.237691923907238, 41.178277135266292 ], [ 1.237691923907238, 41.175258913308078 ], [ 1.236951707939729, 41.175258913308078 ], [ 1.236951707939729, 41.174827727389626 ], [ 1.236211491972221, 41.174827727389626 ], [ 1.236211491972221, 41.173965347038035 ], [ 1.235471276004713, 41.173965347038035 ], [ 1.235471276004713, 41.173102955333569 ], [ 1.233990844069696, 41.173102955333569 ], [ 1.233990844069696, 41.17267175522403 ], [ 1.228809332297138, 41.17267175522403 ], [ 1.228809332297138, 41.172240552276278 ], [ 1.226588684394613, 41.172240552276278 ], [ 1.226588684394613, 41.17267175522403 ], [ 1.225848468427105, 41.17267175522403 ], [ 1.225848468427105, 41.173102955333569 ], [ 1.225108252459596, 41.173102955333569 ], [ 1.225108252459596, 41.173534152604915 ], [ 1.224368036492088, 41.173534152604915 ], [ 1.224368036492088, 41.174396538632941 ], [ 1.223627820524579, 41.174396538632941 ], [ 1.223627820524579, 41.174827727389626 ], [ 1.222887604557071, 41.174827727389626 ], [ 1.222887604557071, 41.175258913308078 ], [ 1.222147388589563, 41.175258913308078 ], [ 1.222147388589563, 41.174827727389626 ], [ 1.220666956654546, 41.174827727389626 ], [ 1.220666956654546, 41.174396538632941 ], [ 1.21918652471953, 41.174396538632941 ], [ 1.21918652471953, 41.174827727389626 ], [ 1.218446308752021, 41.174827727389626 ], [ 1.218446308752021, 41.175258913308078 ], [ 1.217706092784513, 41.175258913308078 ], [ 1.217706092784513, 41.175690096388287 ], [ 1.216225660849496, 41.175690096388287 ], [ 1.216225660849496, 41.176121276630262 ], [ 1.215485444881988, 41.176121276630262 ], [ 1.215485444881988, 41.177845969215618 ], [ 1.214745228914479, 41.177845969215618 ], [ 1.214745228914479, 41.179570616388638 ], [ 1.214005012946971, 41.179570616388638 ], [ 1.214005012946971, 41.180001771086182 ], [ 1.214745228914479, 41.180001771086182 ], [ 1.214745228914479, 41.182157501999257 ], [ 1.215485444881988, 41.182157501999257 ], [ 1.215485444881988, 41.18388203563984 ], [ 1.217706092784513, 41.18388203563984 ], [ 1.217706092784513, 41.184313161954123 ], [ 1.219926740687038, 41.184313161954123 ], [ 1.219926740687038, 41.18474428543005 ], [ 1.222147388589563, 41.18474428543005 ], [ 1.222147388589563, 41.185175406067621 ], [ 1.225108252459596, 41.185175406067621 ], [ 1.225108252459596, 41.185606523866817 ], [ 1.227328900362121, 41.185606523866817 ], [ 1.227328900362121, 41.186037638827635 ], [ 1.229549548264646, 41.186037638827635 ], [ 1.229549548264646, 41.185606523866817 ], [ 1.230289764232154, 41.185606523866817 ], [ 1.230289764232154, 41.185175406067621 ], [ 1.231029980199663, 41.185175406067621 ], [ 1.231029980199663, 41.18474428543005 ] ] ], [ [ [ 2.002335018343347, 41.412840187750334 ], [ 2.002335018343347, 41.412410569391874 ], [ 2.003815450278363, 41.412410569391874 ], [ 2.003815450278363, 41.411551324151091 ], [ 2.004555666245873, 41.411551324151091 ], [ 2.004555666245873, 41.410692067545178 ], [ 2.005295882213381, 41.410692067545178 ], [ 2.005295882213381, 41.410262434980304 ], [ 2.006036098180889, 41.410262434980304 ], [ 2.006036098180889, 41.405106622584476 ], [ 2.005295882213381, 41.405106622584476 ], [ 2.005295882213381, 41.402958246667872 ], [ 2.004555666245873, 41.402958246667872 ], [ 2.004555666245873, 41.402528562961002 ], [ 2.003815450278363, 41.402528562961002 ], [ 2.003815450278363, 41.402098876412957 ], [ 2.003075234310855, 41.402098876412957 ], [ 2.003075234310855, 41.401239494793387 ], [ 2.002335018343347, 41.401239494793387 ], [ 2.002335018343347, 41.400809799721856 ], [ 2.001594802375839, 41.400809799721856 ], [ 2.001594802375839, 41.399950401055364 ], [ 2.000854586408331, 41.399950401055364 ], [ 2.000854586408331, 41.399520697460403 ], [ 2.000114370440822, 41.399520697460403 ], [ 2.000114370440822, 41.399090991024323 ], [ 1.994932858668264, 41.399090991024323 ], [ 1.994932858668264, 41.399950401055364 ], [ 1.994192642700756, 41.399950401055364 ], [ 1.994192642700756, 41.400809799721856 ], [ 1.993452426733247, 41.400809799721856 ], [ 1.993452426733247, 41.401669187023749 ], [ 1.992712210765739, 41.401669187023749 ], [ 1.992712210765739, 41.402958246667872 ], [ 1.99197199479823, 41.402958246667872 ], [ 1.99197199479823, 41.403817605558082 ], [ 1.991231778830722, 41.403817605558082 ], [ 1.991231778830722, 41.405965953062726 ], [ 1.990491562863214, 41.405965953062726 ], [ 1.990491562863214, 41.408114229537027 ], [ 1.989751346895706, 41.408114229537027 ], [ 1.989751346895706, 41.408973520238099 ], [ 1.990491562863214, 41.408973520238099 ], [ 1.990491562863214, 41.409832799574154 ], [ 1.991231778830722, 41.409832799574154 ], [ 1.991231778830722, 41.411121697268769 ], [ 1.99197199479823, 41.411121697268769 ], [ 1.99197199479823, 41.411980948192124 ], [ 1.992712210765739, 41.411980948192124 ], [ 1.992712210765739, 41.413269803267482 ], [ 1.993452426733247, 41.413269803267482 ], [ 1.993452426733247, 41.413699415943334 ], [ 1.994932858668264, 41.413699415943334 ], [ 1.994932858668264, 41.413269803267482 ], [ 1.998633938505805, 41.413269803267482 ], [ 1.998633938505805, 41.412840187750334 ], [ 2.002335018343347, 41.412840187750334 ] ] ], [ [ [ -1.484082188620908, 41.478967500787547 ], [ -1.483341972653399, 41.478967500787547 ], [ -1.483341972653399, 41.478538320052081 ], [ -1.48260175668589, 41.478538320052081 ], [ -1.48260175668589, 41.477679950054807 ], [ -1.481861540718382, 41.477679950054807 ], [ -1.481861540718382, 41.477250760793012 ], [ -1.481121324750874, 41.477250760793012 ], [ -1.481121324750874, 41.476392373743145 ], [ -1.480381108783366, 41.476392373743145 ], [ -1.480381108783366, 41.472100267969438 ], [ -1.481121324750874, 41.472100267969438 ], [ -1.481121324750874, 41.471241812710133 ], [ -1.481861540718382, 41.471241812710133 ], [ -1.481861540718382, 41.47038334608272 ], [ -1.48260175668589, 41.47038334608272 ], [ -1.48260175668589, 41.469954108505995 ], [ -1.483341972653399, 41.469954108505995 ], [ -1.483341972653399, 41.469095624826537 ], [ -1.486302836523432, 41.469095624826537 ], [ -1.486302836523432, 41.468666378723803 ], [ -1.490003916360974, 41.468666378723803 ], [ -1.490003916360974, 41.469095624826537 ], [ -1.491484348295991, 41.469095624826537 ], [ -1.491484348295991, 41.469524868087262 ], [ -1.492224564263499, 41.469524868087262 ], [ -1.492224564263499, 41.469954108505995 ], [ -1.493704996198516, 41.469954108505995 ], [ -1.493704996198516, 41.472529491336047 ], [ -1.494445212166024, 41.472529491336047 ], [ -1.494445212166024, 41.476821568689118 ], [ -1.493704996198516, 41.476821568689118 ], [ -1.493704996198516, 41.477679950054807 ], [ -1.492964780231007, 41.477679950054807 ], [ -1.492964780231007, 41.478538320052081 ], [ -1.492224564263499, 41.478538320052081 ], [ -1.492224564263499, 41.47982585373213 ], [ -1.491484348295991, 41.47982585373213 ], [ -1.491484348295991, 41.4806841953082 ], [ -1.490744132328482, 41.4806841953082 ], [ -1.490744132328482, 41.481113361833017 ], [ -1.485562620555924, 41.481113361833017 ], [ -1.485562620555924, 41.4806841953082 ], [ -1.484822404588416, 41.4806841953082 ], [ -1.484822404588416, 41.47982585373213 ], [ -1.484082188620908, 41.47982585373213 ], [ -1.484082188620908, 41.478967500787547 ] ] ], [ [ [ 0.185104818110386, 41.932726025795461 ], [ 0.185845034077895, 41.932726025795461 ], [ 0.185845034077895, 41.932299863371739 ], [ 0.186585250045403, 41.932299863371739 ], [ 0.186585250045403, 41.931021359016711 ], [ 0.187325466012912, 41.931021359016711 ], [ 0.187325466012912, 41.929742829035931 ], [ 0.18806568198042, 41.929742829035931 ], [ 0.18806568198042, 41.928464273429555 ], [ 0.188805897947928, 41.928464273429555 ], [ 0.188805897947928, 41.92761188878891 ], [ 0.189546113915437, 41.92761188878891 ], [ 0.189546113915437, 41.926333290473444 ], [ 0.190286329882945, 41.926333290473444 ], [ 0.190286329882945, 41.925480877360194 ], [ 0.189546113915437, 41.925480877360194 ], [ 0.189546113915437, 41.924202236335979 ], [ 0.188805897947928, 41.924202236335979 ], [ 0.188805897947928, 41.922923569686702 ], [ 0.18806568198042, 41.922923569686702 ], [ 0.18806568198042, 41.921644877412461 ], [ 0.187325466012912, 41.921644877412461 ], [ 0.187325466012912, 41.920366159513392 ], [ 0.186585250045403, 41.920366159513392 ], [ 0.186585250045403, 41.919087415989608 ], [ 0.185845034077895, 41.919087415989608 ], [ 0.185845034077895, 41.918661162453994 ], [ 0.185104818110386, 41.918661162453994 ], [ 0.185104818110386, 41.918234906071213 ], [ 0.184364602142878, 41.918234906071213 ], [ 0.184364602142878, 41.917808646841237 ], [ 0.182884170207862, 41.917808646841237 ], [ 0.182884170207862, 41.917382384764132 ], [ 0.182143954240353, 41.917382384764132 ], [ 0.182143954240353, 41.916956119839853 ], [ 0.181403738272845, 41.916956119839853 ], [ 0.181403738272845, 41.916529852068429 ], [ 0.179923306337828, 41.916529852068429 ], [ 0.179923306337828, 41.916956119839853 ], [ 0.17918309037032, 41.916956119839853 ], [ 0.17918309037032, 41.917382384764132 ], [ 0.177702658435303, 41.917382384764132 ], [ 0.177702658435303, 41.917808646841237 ], [ 0.176962442467795, 41.917808646841237 ], [ 0.176962442467795, 41.918234906071213 ], [ 0.175482010532778, 41.918234906071213 ], [ 0.175482010532778, 41.918661162453994 ], [ 0.17474179456527, 41.918661162453994 ], [ 0.17474179456527, 41.919087415989608 ], [ 0.174001578597761, 41.919087415989608 ], [ 0.174001578597761, 41.920366159513392 ], [ 0.173261362630253, 41.920366159513392 ], [ 0.173261362630253, 41.921644877412461 ], [ 0.172521146662745, 41.921644877412461 ], [ 0.172521146662745, 41.922497341775838 ], [ 0.171780930695237, 41.922497341775838 ], [ 0.171780930695237, 41.925907085340441 ], [ 0.172521146662745, 41.925907085340441 ], [ 0.172521146662745, 41.928464273429555 ], [ 0.173261362630253, 41.928464273429555 ], [ 0.173261362630253, 41.931021359016711 ], [ 0.174001578597761, 41.931021359016711 ], [ 0.174001578597761, 41.931873698100702 ], [ 0.17474179456527, 41.931873698100702 ], [ 0.17474179456527, 41.932299863371739 ], [ 0.176222226500287, 41.932299863371739 ], [ 0.176222226500287, 41.932726025795461 ], [ 0.177702658435303, 41.932726025795461 ], [ 0.177702658435303, 41.933152185371853 ], [ 0.17918309037032, 41.933152185371853 ], [ 0.17918309037032, 41.933578342100922 ], [ 0.180663522305336, 41.933578342100922 ], [ 0.180663522305336, 41.934004495982656 ], [ 0.182884170207862, 41.934004495982656 ], [ 0.182884170207862, 41.933578342100922 ], [ 0.18362438617537, 41.933578342100922 ], [ 0.18362438617537, 41.933152185371853 ], [ 0.185104818110386, 41.933152185371853 ], [ 0.185104818110386, 41.932726025795461 ] ] ], [ [ [ 1.930534069495039, 42.649711238753653 ], [ 1.930534069495039, 42.648868558357975 ], [ 1.931274285462547, 42.648868558357975 ], [ 1.931274285462547, 42.64844721387901 ], [ 1.932014501430055, 42.64844721387901 ], [ 1.932014501430055, 42.647604516358861 ], [ 1.932754717397564, 42.647604516358861 ], [ 1.932754717397564, 42.646761807422415 ], [ 1.933494933365072, 42.646761807422415 ], [ 1.933494933365072, 42.645919087069707 ], [ 1.93423514933258, 42.645919087069707 ], [ 1.93423514933258, 42.643812236242013 ], [ 1.934975365300089, 42.643812236242013 ], [ 1.934975365300089, 42.640441126507781 ], [ 1.93423514933258, 42.640441126507781 ], [ 1.93423514933258, 42.640019724947905 ], [ 1.933494933365072, 42.640019724947905 ], [ 1.933494933365072, 42.639598320534027 ], [ 1.932754717397564, 42.639598320534027 ], [ 1.932754717397564, 42.638755503144239 ], [ 1.932014501430055, 42.638755503144239 ], [ 1.932014501430055, 42.63833409016835 ], [ 1.931274285462547, 42.63833409016835 ], [ 1.931274285462547, 42.637912674338466 ], [ 1.930534069495039, 42.637912674338466 ], [ 1.930534069495039, 42.637491255654588 ], [ 1.92979385352753, 42.637491255654588 ], [ 1.92979385352753, 42.636226982479045 ], [ 1.929053637560022, 42.636226982479045 ], [ 1.929053637560022, 42.63538411942546 ], [ 1.928313421592514, 42.63538411942546 ], [ 1.928313421592514, 42.634119803440299 ], [ 1.927573205625005, 42.634119803440299 ], [ 1.927573205625005, 42.632855461769488 ], [ 1.926832989657497, 42.632855461769488 ], [ 1.926832989657497, 42.632434008837983 ], [ 1.921651477884939, 42.632434008837983 ], [ 1.921651477884939, 42.632855461769488 ], [ 1.92091126191743, 42.632855461769488 ], [ 1.92091126191743, 42.63369835907065 ], [ 1.920171045949922, 42.63369835907065 ], [ 1.920171045949922, 42.634541244955976 ], [ 1.919430829982414, 42.634541244955976 ], [ 1.919430829982414, 42.63538411942546 ], [ 1.918690614014905, 42.63538411942546 ], [ 1.918690614014905, 42.636226982479045 ], [ 1.919430829982414, 42.636226982479045 ], [ 1.919430829982414, 42.639598320534027 ], [ 1.918690614014905, 42.639598320534027 ], [ 1.918690614014905, 42.641283921065487 ], [ 1.917950398047397, 42.641283921065487 ], [ 1.917950398047397, 42.643390857514341 ], [ 1.917210182079889, 42.643390857514341 ], [ 1.917210182079889, 42.645076355300773 ], [ 1.91646996611238, 42.645076355300773 ], [ 1.91646996611238, 42.646761807422415 ], [ 1.917210182079889, 42.646761807422415 ], [ 1.917210182079889, 42.647604516358861 ], [ 1.917950398047397, 42.647604516358861 ], [ 1.917950398047397, 42.648868558357975 ], [ 1.918690614014905, 42.648868558357975 ], [ 1.918690614014905, 42.650132574670351 ], [ 1.919430829982414, 42.650132574670351 ], [ 1.919430829982414, 42.650975237941488 ], [ 1.929053637560022, 42.650975237941488 ], [ 1.929053637560022, 42.65055390773297 ], [ 1.92979385352753, 42.65055390773297 ], [ 1.92979385352753, 42.649711238753653 ], [ 1.930534069495039, 42.649711238753653 ] ] ], [ [ [ 1.769166988578222, 42.704881939990912 ], [ 1.769166988578222, 42.7044609751349 ], [ 1.771387636480747, 42.7044609751349 ], [ 1.771387636480747, 42.704040007424354 ], [ 1.773608284383272, 42.704040007424354 ], [ 1.773608284383272, 42.70361903685928 ], [ 1.775828932285797, 42.70361903685928 ], [ 1.775828932285797, 42.703198063439686 ], [ 1.777309364220814, 42.703198063439686 ], [ 1.777309364220814, 42.702777087165551 ], [ 1.778049580188322, 42.702777087165551 ], [ 1.778049580188322, 42.701935126053762 ], [ 1.77878979615583, 42.701935126053762 ], [ 1.77878979615583, 42.701514141216094 ], [ 1.779530012123338, 42.701514141216094 ], [ 1.779530012123338, 42.700672162977241 ], [ 1.780270228090847, 42.700672162977241 ], [ 1.780270228090847, 42.693514886947682 ], [ 1.779530012123338, 42.693514886947682 ], [ 1.779530012123338, 42.692672800238846 ], [ 1.77878979615583, 42.692672800238846 ], [ 1.77878979615583, 42.692251752602779 ], [ 1.778049580188322, 42.692251752602779 ], [ 1.778049580188322, 42.691409648767333 ], [ 1.777309364220814, 42.691409648767333 ], [ 1.777309364220814, 42.690988592567969 ], [ 1.775088716318289, 42.690988592567969 ], [ 1.775088716318289, 42.690567533514184 ], [ 1.764725692773172, 42.690567533514184 ], [ 1.764725692773172, 42.690146471605971 ], [ 1.760284396968121, 42.690146471605971 ], [ 1.760284396968121, 42.690567533514184 ], [ 1.759544181000614, 42.690567533514184 ], [ 1.759544181000614, 42.691409648767333 ], [ 1.758803965033105, 42.691409648767333 ], [ 1.758803965033105, 42.692251752602779 ], [ 1.758063749065597, 42.692251752602779 ], [ 1.758063749065597, 42.692672800238846 ], [ 1.757323533098088, 42.692672800238846 ], [ 1.757323533098088, 42.697725149224624 ], [ 1.758063749065597, 42.697725149224624 ], [ 1.758063749065597, 42.698567167426383 ], [ 1.758803965033105, 42.698567167426383 ], [ 1.758803965033105, 42.69940917421021 ], [ 1.759544181000614, 42.69940917421021 ], [ 1.759544181000614, 42.700251169576056 ], [ 1.760284396968121, 42.700251169576056 ], [ 1.760284396968121, 42.701514141216094 ], [ 1.76102461293563, 42.701514141216094 ], [ 1.76102461293563, 42.702356108036916 ], [ 1.761764828903139, 42.702356108036916 ], [ 1.761764828903139, 42.703198063439686 ], [ 1.762505044870647, 42.703198063439686 ], [ 1.762505044870647, 42.704040007424354 ], [ 1.763245260838155, 42.704040007424354 ], [ 1.763245260838155, 42.704881939990912 ], [ 1.763985476805663, 42.704881939990912 ], [ 1.763985476805663, 42.705723861139319 ], [ 1.76546590874068, 42.705723861139319 ], [ 1.76546590874068, 42.70530290199239 ], [ 1.767686556643205, 42.70530290199239 ], [ 1.767686556643205, 42.704881939990912 ], [ 1.769166988578222, 42.704881939990912 ] ] ], [ [ [ -2.216895996454158, 43.045344248849148 ], [ -2.21615578048665, 43.045344248849148 ], [ -2.21615578048665, 43.044925600070989 ], [ -2.215415564519142, 43.044925600070989 ], [ -2.215415564519142, 43.044506948435782 ], [ -2.214675348551634, 43.044506948435782 ], [ -2.214675348551634, 43.043669636594203 ], [ -2.213935132584125, 43.043669636594203 ], [ -2.213935132584125, 43.04241364740399 ], [ -2.213194916616617, 43.04241364740399 ], [ -2.213194916616617, 43.038226831062964 ], [ -2.212454700649109, 43.038226831062964 ], [ -2.212454700649109, 43.033202274328815 ], [ -2.213194916616617, 43.033202274328815 ], [ -2.213194916616617, 43.031527330660673 ], [ -2.213935132584125, 43.031527330660673 ], [ -2.213935132584125, 43.031108587601217 ], [ -2.214675348551634, 43.031108587601217 ], [ -2.214675348551634, 43.030689841684811 ], [ -2.215415564519142, 43.030689841684811 ], [ -2.215415564519142, 43.030271092911441 ], [ -2.21615578048665, 43.030271092911441 ], [ -2.21615578048665, 43.029852341281128 ], [ -2.217636212421667, 43.029852341281128 ], [ -2.217636212421667, 43.029433586793843 ], [ -2.218376428389175, 43.029433586793843 ], [ -2.218376428389175, 43.029014829449622 ], [ -2.219856860324191, 43.029014829449622 ], [ -2.219856860324191, 43.028596069248458 ], [ -2.221337292259209, 43.028596069248458 ], [ -2.221337292259209, 43.029014829449622 ], [ -2.222077508226717, 43.029014829449622 ], [ -2.222077508226717, 43.029433586793843 ], [ -2.222817724194225, 43.029433586793843 ], [ -2.222817724194225, 43.029852341281128 ], [ -2.224298156129242, 43.029852341281128 ], [ -2.224298156129242, 43.030271092911441 ], [ -2.22503837209675, 43.030271092911441 ], [ -2.22503837209675, 43.031108587601217 ], [ -2.225778588064259, 43.031108587601217 ], [ -2.225778588064259, 43.032364808208683 ], [ -2.226518804031767, 43.032364808208683 ], [ -2.226518804031767, 43.034039729021053 ], [ -2.227259019999275, 43.034039729021053 ], [ -2.227259019999275, 43.035714604121743 ], [ -2.227999235966783, 43.035714604121743 ], [ -2.227999235966783, 43.036970730448857 ], [ -2.227259019999275, 43.036970730448857 ], [ -2.227259019999275, 43.038645525553655 ], [ -2.226518804031767, 43.038645525553655 ], [ -2.226518804031767, 43.040738955151873 ], [ -2.225778588064259, 43.040738955151873 ], [ -2.225778588064259, 43.042832313324439 ], [ -2.22503837209675, 43.042832313324439 ], [ -2.22503837209675, 43.043669636594203 ], [ -2.224298156129242, 43.043669636594203 ], [ -2.224298156129242, 43.04408829394351 ], [ -2.223557940161733, 43.04408829394351 ], [ -2.223557940161733, 43.044506948435782 ], [ -2.222817724194225, 43.044506948435782 ], [ -2.222817724194225, 43.044925600070989 ], [ -2.222077508226717, 43.044925600070989 ], [ -2.222077508226717, 43.045344248849148 ], [ -2.221337292259209, 43.045344248849148 ], [ -2.221337292259209, 43.045762894770256 ], [ -2.2205970762917, 43.045762894770256 ], [ -2.2205970762917, 43.0461815378343 ], [ -2.219856860324191, 43.0461815378343 ], [ -2.219856860324191, 43.046600178041274 ], [ -2.218376428389175, 43.046600178041274 ], [ -2.218376428389175, 43.0461815378343 ], [ -2.217636212421667, 43.0461815378343 ], [ -2.217636212421667, 43.045762894770256 ], [ -2.216895996454158, 43.045762894770256 ], [ -2.216895996454158, 43.045344248849148 ] ] ], [ [ [ -3.839449397232428, 43.416808533587954 ], [ -3.838709181264919, 43.416808533587954 ], [ -3.838709181264919, 43.41639242864612 ], [ -3.837228749329902, 43.41639242864612 ], [ -3.837228749329902, 43.415976320844933 ], [ -3.836488533362394, 43.415976320844933 ], [ -3.836488533362394, 43.415560210184402 ], [ -3.835748317394887, 43.415560210184402 ], [ -3.835748317394887, 43.415144096664527 ], [ -3.835008101427377, 43.415144096664527 ], [ -3.835008101427377, 43.414727980285306 ], [ -3.83426788545987, 43.414727980285306 ], [ -3.83426788545987, 43.412647355499239 ], [ -3.833527669492361, 43.412647355499239 ], [ -3.833527669492361, 43.40806972934962 ], [ -3.83426788545987, 43.40806972934962 ], [ -3.83426788545987, 43.407653564361979 ], [ -3.835008101427377, 43.407653564361979 ], [ -3.835008101427377, 43.40723739651505 ], [ -3.835748317394887, 43.40723739651505 ], [ -3.835748317394887, 43.40682122580882 ], [ -3.836488533362394, 43.40682122580882 ], [ -3.836488533362394, 43.406405052243301 ], [ -3.837228749329902, 43.406405052243301 ], [ -3.837228749329902, 43.405988875818487 ], [ -3.837968965297411, 43.405988875818487 ], [ -3.837968965297411, 43.405572696534385 ], [ -3.838709181264919, 43.405572696534385 ], [ -3.838709181264919, 43.405156514391003 ], [ -3.839449397232428, 43.405156514391003 ], [ -3.839449397232428, 43.404740329388332 ], [ -3.840189613199936, 43.404740329388332 ], [ -3.840189613199936, 43.404324141526388 ], [ -3.845371124972494, 43.404324141526388 ], [ -3.845371124972494, 43.404740329388332 ], [ -3.846111340940003, 43.404740329388332 ], [ -3.846111340940003, 43.405156514391003 ], [ -3.846851556907511, 43.405156514391003 ], [ -3.846851556907511, 43.405988875818487 ], [ -3.84759177287502, 43.405988875818487 ], [ -3.84759177287502, 43.406405052243301 ], [ -3.848331988842528, 43.406405052243301 ], [ -3.848331988842528, 43.40682122580882 ], [ -3.849072204810036, 43.40682122580882 ], [ -3.849072204810036, 43.407653564361979 ], [ -3.849812420777544, 43.407653564361979 ], [ -3.849812420777544, 43.40806972934962 ], [ -3.850552636745053, 43.40806972934962 ], [ -3.850552636745053, 43.410150511398221 ], [ -3.85129285271256, 43.410150511398221 ], [ -3.85129285271256, 43.413895738948874 ], [ -3.850552636745053, 43.413895738948874 ], [ -3.850552636745053, 43.415560210184402 ], [ -3.849812420777544, 43.415560210184402 ], [ -3.849812420777544, 43.415976320844933 ], [ -3.848331988842528, 43.415976320844933 ], [ -3.848331988842528, 43.41639242864612 ], [ -3.84759177287502, 43.41639242864612 ], [ -3.84759177287502, 43.416808533587954 ], [ -3.846111340940003, 43.416808533587954 ], [ -3.846111340940003, 43.417224635670451 ], [ -3.844630909004986, 43.417224635670451 ], [ -3.844630909004986, 43.417640734893581 ], [ -3.843150477069969, 43.417640734893581 ], [ -3.843150477069969, 43.418056831257374 ], [ -3.840929829167444, 43.418056831257374 ], [ -3.840929829167444, 43.417640734893581 ], [ -3.840189613199936, 43.417640734893581 ], [ -3.840189613199936, 43.417224635670451 ], [ -3.839449397232428, 43.417224635670451 ], [ -3.839449397232428, 43.416808533587954 ] ] ] ] } }
]
}
