{
"type": "FeatureCollection",
"name": "spain_fires_nrt_ba",
"crs": { "type": "name", "properties": { "name": "urn:ogc:def:crs:OGC:1.3:CRS84" } },
"features": [
{ "type": "Feature", "properties": { }, "geometry": { "type": "MultiPolygon", "coordinates": [ [ [ [ -1.341960722859307, 35.318018104095017 ], [ -1.34048029092429, 35.318018104095017 ], [ -1.34048029092429, 35.31755068166477 ], [ -1.339740074956782, 35.31755068166477 ], [ -1.339740074956782, 35.317083256532818 ], [ -1.338259643021765, 35.317083256532818 ], [ -1.338259643021765, 35.316148398163833 ], [ -1.337519427054257, 35.316148398163833 ], [ -1.337519427054257, 35.314746090347946 ], [ -1.336779211086749, 35.314746090347946 ], [ -1.336779211086749, 35.313343758217513 ], [ -1.33603899511924, 35.313343758217513 ], [ -1.33603899511924, 35.311941401772962 ], [ -1.335298779151732, 35.311941401772962 ], [ -1.335298779151732, 35.311006483968946 ], [ -1.33603899511924, 35.311006483968946 ], [ -1.33603899511924, 35.30960408700178 ], [ -1.336779211086749, 35.30960408700178 ], [ -1.336779211086749, 35.308201665721619 ], [ -1.337519427054257, 35.308201665721619 ], [ -1.337519427054257, 35.306799220128873 ], [ -1.338259643021765, 35.306799220128873 ], [ -1.338259643021765, 35.306331732861899 ], [ -1.338999858989274, 35.306331732861899 ], [ -1.338999858989274, 35.305864242893584 ], [ -1.339740074956782, 35.305864242893584 ], [ -1.339740074956782, 35.305396750223949 ], [ -1.34048029092429, 35.305396750223949 ], [ -1.34048029092429, 35.304929254853015 ], [ -1.341220506891799, 35.304929254853015 ], [ -1.341220506891799, 35.304461756780782 ], [ -1.342700938826815, 35.304461756780782 ], [ -1.342700938826815, 35.303994256007286 ], [ -1.344181370761832, 35.303994256007286 ], [ -1.344181370761832, 35.304461756780782 ], [ -1.345661802696849, 35.304461756780782 ], [ -1.345661802696849, 35.304929254853015 ], [ -1.347882450599374, 35.304929254853015 ], [ -1.347882450599374, 35.305396750223949 ], [ -1.34936288253439, 35.305396750223949 ], [ -1.34936288253439, 35.306331732861899 ], [ -1.350103098501899, 35.306331732861899 ], [ -1.350103098501899, 35.306799220128873 ], [ -1.350843314469407, 35.306799220128873 ], [ -1.350843314469407, 35.307734186558754 ], [ -1.351583530436915, 35.307734186558754 ], [ -1.351583530436915, 35.308669142183099 ], [ -1.352323746404424, 35.308669142183099 ], [ -1.352323746404424, 35.30960408700178 ], [ -1.353063962371932, 35.30960408700178 ], [ -1.353063962371932, 35.310071555358974 ], [ -1.353804178339441, 35.310071555358974 ], [ -1.353804178339441, 35.312876308770875 ], [ -1.353063962371932, 35.312876308770875 ], [ -1.353063962371932, 35.31661582869917 ], [ -1.351583530436915, 35.31661582869917 ], [ -1.351583530436915, 35.317083256532818 ], [ -1.350103098501899, 35.317083256532818 ], [ -1.350103098501899, 35.31755068166477 ], [ -1.347882450599374, 35.31755068166477 ], [ -1.347882450599374, 35.318018104095017 ], [ -1.345661802696849, 35.318018104095017 ], [ -1.345661802696849, 35.31848552382354 ], [ -1.344181370761832, 35.31848552382354 ], [ -1.344181370761832, 35.31895294085033 ], [ -1.343441154794324, 35.31895294085033 ], [ -1.343441154794324, 35.31848552382354 ], [ -1.341960722859307, 35.31848552382354 ], [ -1.341960722859307, 35.318018104095017 ] ] ], [ [ [ -0.271608433842256, 35.538339633282277 ], [ -0.271608433842256, 35.537873487773723 ], [ -0.270868217874747, 35.537873487773723 ], [ -0.270868217874747, 35.537407339556246 ], [ -0.270128001907239, 35.537407339556246 ], [ -0.270128001907239, 35.536941188629832 ], [ -0.268647569972222, 35.536941188629832 ], [ -0.268647569972222, 35.534610393364595 ], [ -0.267907354004714, 35.534610393364595 ], [ -0.267907354004714, 35.529482405407087 ], [ -0.268647569972222, 35.529482405407087 ], [ -0.268647569972222, 35.528550008747118 ], [ -0.269387785939731, 35.528550008747118 ], [ -0.269387785939731, 35.527617601252622 ], [ -0.270128001907239, 35.527617601252622 ], [ -0.270128001907239, 35.526685182923728 ], [ -0.270868217874747, 35.526685182923728 ], [ -0.270868217874747, 35.525752753760564 ], [ -0.271608433842256, 35.525752753760564 ], [ -0.271608433842256, 35.524820313763243 ], [ -0.272348649809764, 35.524820313763243 ], [ -0.272348649809764, 35.523887862931907 ], [ -0.273088865777272, 35.523887862931907 ], [ -0.273088865777272, 35.523421633453495 ], [ -0.273829081744781, 35.523421633453495 ], [ -0.273829081744781, 35.522955401266628 ], [ -0.275309513679797, 35.522955401266628 ], [ -0.275309513679797, 35.522489166371336 ], [ -0.276049729647306, 35.522489166371336 ], [ -0.276049729647306, 35.522022928767583 ], [ -0.278270377549831, 35.522022928767583 ], [ -0.278270377549831, 35.522489166371336 ], [ -0.279010593517339, 35.522489166371336 ], [ -0.279010593517339, 35.522955401266628 ], [ -0.279750809484847, 35.522955401266628 ], [ -0.279750809484847, 35.523421633453495 ], [ -0.280491025452356, 35.523421633453495 ], [ -0.280491025452356, 35.523887862931907 ], [ -0.281971457387372, 35.523887862931907 ], [ -0.281971457387372, 35.524354089701824 ], [ -0.282711673354881, 35.524354089701824 ], [ -0.282711673354881, 35.525286535116166 ], [ -0.283451889322389, 35.525286535116166 ], [ -0.283451889322389, 35.528083806354168 ], [ -0.284192105289897, 35.528083806354168 ], [ -0.284192105289897, 35.530880980082081 ], [ -0.284932321257406, 35.530880980082081 ], [ -0.284932321257406, 35.532745708393463 ], [ -0.284192105289897, 35.532745708393463 ], [ -0.284192105289897, 35.533678056296615 ], [ -0.283451889322389, 35.533678056296615 ], [ -0.283451889322389, 35.534610393364595 ], [ -0.282711673354881, 35.534610393364595 ], [ -0.282711673354881, 35.535542719597274 ], [ -0.281971457387372, 35.535542719597274 ], [ -0.281971457387372, 35.536475034994524 ], [ -0.281231241419864, 35.536475034994524 ], [ -0.281231241419864, 35.536941188629832 ], [ -0.280491025452356, 35.536941188629832 ], [ -0.280491025452356, 35.537873487773723 ], [ -0.279750809484847, 35.537873487773723 ], [ -0.279750809484847, 35.538339633282277 ], [ -0.279010593517339, 35.538339633282277 ], [ -0.279010593517339, 35.538805776081894 ], [ -0.277530161582322, 35.538805776081894 ], [ -0.277530161582322, 35.539271916172538 ], [ -0.276789945614814, 35.539271916172538 ], [ -0.276789945614814, 35.539738053554217 ], [ -0.275309513679797, 35.539738053554217 ], [ -0.275309513679797, 35.539271916172538 ], [ -0.273829081744781, 35.539271916172538 ], [ -0.273829081744781, 35.538805776081894 ], [ -0.273088865777272, 35.538805776081894 ], [ -0.273088865777272, 35.538339633282277 ], [ -0.271608433842256, 35.538339633282277 ] ] ], [ [ [ -0.935582156697232, 35.573292824865341 ], [ -0.934101724762215, 35.573292824865341 ], [ -0.934101724762215, 35.57282688256965 ], [ -0.933361508794706, 35.57282688256965 ], [ -0.933361508794706, 35.572360937563893 ], [ -0.932621292827198, 35.572360937563893 ], [ -0.932621292827198, 35.571894989848083 ], [ -0.93188107685969, 35.571894989848083 ], [ -0.93188107685969, 35.571429039422256 ], [ -0.931140860892182, 35.571429039422256 ], [ -0.931140860892182, 35.56956521061889 ], [ -0.930400644924673, 35.56956521061889 ], [ -0.930400644924673, 35.56770133845621 ], [ -0.929660428957165, 35.56770133845621 ], [ -0.929660428957165, 35.565837422935175 ], [ -0.928920212989657, 35.565837422935175 ], [ -0.928920212989657, 35.563507467562687 ], [ -0.929660428957165, 35.563507467562687 ], [ -0.929660428957165, 35.56164345448888 ], [ -0.930400644924673, 35.56164345448888 ], [ -0.930400644924673, 35.560711431693733 ], [ -0.931140860892182, 35.560711431693733 ], [ -0.931140860892182, 35.560245416231631 ], [ -0.93188107685969, 35.560245416231631 ], [ -0.93188107685969, 35.559779398059881 ], [ -0.933361508794706, 35.559779398059881 ], [ -0.933361508794706, 35.559313377178498 ], [ -0.934101724762215, 35.559313377178498 ], [ -0.934101724762215, 35.558847353587474 ], [ -0.934841940729723, 35.558847353587474 ], [ -0.934841940729723, 35.558381327286853 ], [ -0.935582156697232, 35.558381327286853 ], [ -0.935582156697232, 35.557915298276626 ], [ -0.937062588632248, 35.557915298276626 ], [ -0.937062588632248, 35.557449266556823 ], [ -0.938543020567265, 35.557449266556823 ], [ -0.938543020567265, 35.557915298276626 ], [ -0.94076366846979, 35.557915298276626 ], [ -0.94076366846979, 35.558381327286853 ], [ -0.942244100404807, 35.558381327286853 ], [ -0.942244100404807, 35.558847353587474 ], [ -0.943724532339823, 35.558847353587474 ], [ -0.943724532339823, 35.559313377178498 ], [ -0.94520496427484, 35.559313377178498 ], [ -0.94520496427484, 35.559779398059881 ], [ -0.946685396209857, 35.559779398059881 ], [ -0.946685396209857, 35.56164345448888 ], [ -0.947425612177365, 35.56164345448888 ], [ -0.947425612177365, 35.56304146835884 ], [ -0.948165828144873, 35.56304146835884 ], [ -0.948165828144873, 35.564439457841075 ], [ -0.947425612177365, 35.564439457841075 ], [ -0.947425612177365, 35.567235363640762 ], [ -0.946685396209857, 35.567235363640762 ], [ -0.946685396209857, 35.56956521061889 ], [ -0.945945180242348, 35.56956521061889 ], [ -0.945945180242348, 35.572360937563893 ], [ -0.94520496427484, 35.572360937563893 ], [ -0.94520496427484, 35.57282688256965 ], [ -0.944464748307332, 35.57282688256965 ], [ -0.944464748307332, 35.573292824865341 ], [ -0.943724532339823, 35.573292824865341 ], [ -0.943724532339823, 35.573758764450957 ], [ -0.942984316372315, 35.573758764450957 ], [ -0.942984316372315, 35.574224701326465 ], [ -0.941503884437298, 35.574224701326465 ], [ -0.941503884437298, 35.574690635491883 ], [ -0.94076366846979, 35.574690635491883 ], [ -0.94076366846979, 35.575156566947186 ], [ -0.937802804599756, 35.575156566947186 ], [ -0.937802804599756, 35.574690635491883 ], [ -0.937062588632248, 35.574690635491883 ], [ -0.937062588632248, 35.574224701326465 ], [ -0.93632237266474, 35.574224701326465 ], [ -0.93632237266474, 35.573758764450957 ], [ -0.935582156697232, 35.573758764450957 ], [ -0.935582156697232, 35.573292824865341 ] ] ], [ [ [ -0.276049729647306, 35.824505411354338 ], [ -0.276049729647306, 35.824040934669902 ], [ -0.274569297712289, 35.824040934669902 ], [ -0.274569297712289, 35.8235764552674 ], [ -0.272348649809764, 35.8235764552674 ], [ -0.272348649809764, 35.82311197314683 ], [ -0.270128001907239, 35.82311197314683 ], [ -0.270128001907239, 35.822647488308213 ], [ -0.267167138037206, 35.822647488308213 ], [ -0.267167138037206, 35.822183000751579 ], [ -0.264946490134681, 35.822183000751579 ], [ -0.264946490134681, 35.821718510476927 ], [ -0.262725842232156, 35.821718510476927 ], [ -0.262725842232156, 35.821254017484272 ], [ -0.260505194329631, 35.821254017484272 ], [ -0.260505194329631, 35.820789521773627 ], [ -0.259764978362122, 35.820789521773627 ], [ -0.259764978362122, 35.819860522198454 ], [ -0.259024762394614, 35.819860522198454 ], [ -0.259024762394614, 35.818931511751508 ], [ -0.258284546427106, 35.818931511751508 ], [ -0.258284546427106, 35.818467002451158 ], [ -0.257544330459597, 35.818467002451158 ], [ -0.257544330459597, 35.81753797569678 ], [ -0.256804114492089, 35.81753797569678 ], [ -0.256804114492089, 35.817073458242774 ], [ -0.254583466589564, 35.817073458242774 ], [ -0.254583466589564, 35.816608938070921 ], [ -0.252362818687039, 35.816608938070921 ], [ -0.252362818687039, 35.816144415181228 ], [ -0.250882386752022, 35.816144415181228 ], [ -0.250882386752022, 35.815679889573708 ], [ -0.250142170784514, 35.815679889573708 ], [ -0.250142170784514, 35.814750830205249 ], [ -0.249401954817006, 35.814750830205249 ], [ -0.249401954817006, 35.813821759965677 ], [ -0.248661738849497, 35.813821759965677 ], [ -0.248661738849497, 35.813357220769255 ], [ -0.247921522881989, 35.813357220769255 ], [ -0.247921522881989, 35.812428134223211 ], [ -0.247181306914481, 35.812428134223211 ], [ -0.247181306914481, 35.811963586873631 ], [ -0.246441090946972, 35.811963586873631 ], [ -0.246441090946972, 35.811034484021377 ], [ -0.243480227076939, 35.811034484021377 ], [ -0.243480227076939, 35.811499036806339 ], [ -0.242740011109431, 35.811499036806339 ], [ -0.242740011109431, 35.812428134223211 ], [ -0.241999795141922, 35.812428134223211 ], [ -0.241999795141922, 35.812892678855093 ], [ -0.241259579174414, 35.812892678855093 ], [ -0.241259579174414, 35.813821759965677 ], [ -0.240519363206906, 35.813821759965677 ], [ -0.240519363206906, 35.814286296444358 ], [ -0.239779147239397, 35.814286296444358 ], [ -0.239779147239397, 35.815215361248384 ], [ -0.239038931271889, 35.815215361248384 ], [ -0.239038931271889, 35.815679889573708 ], [ -0.235337851434347, 35.815679889573708 ], [ -0.235337851434347, 35.815215361248384 ], [ -0.231636771596806, 35.815215361248384 ], [ -0.231636771596806, 35.814750830205249 ], [ -0.230896555629297, 35.814750830205249 ], [ -0.230896555629297, 35.813357220769255 ], [ -0.230156339661789, 35.813357220769255 ], [ -0.230156339661789, 35.812428134223211 ], [ -0.229416123694281, 35.812428134223211 ], [ -0.229416123694281, 35.811034484021377 ], [ -0.228675907726772, 35.811034484021377 ], [ -0.228675907726772, 35.810105370298473 ], [ -0.227935691759264, 35.810105370298473 ], [ -0.227935691759264, 35.809176245705025 ], [ -0.227195475791756, 35.809176245705025 ], [ -0.227195475791756, 35.80731796390701 ], [ -0.227935691759264, 35.80731796390701 ], [ -0.227935691759264, 35.805924224024189 ], [ -0.228675907726772, 35.805924224024189 ], [ -0.228675907726772, 35.804530459683846 ], [ -0.229416123694281, 35.804530459683846 ], [ -0.229416123694281, 35.803601269869652 ], [ -0.230156339661789, 35.803601269869652 ], [ -0.230156339661789, 35.803136670886389 ], [ -0.230896555629297, 35.803136670886389 ], [ -0.230896555629297, 35.802672069185711 ], [ -0.231636771596806, 35.802672069185711 ], [ -0.231636771596806, 35.80220746476764 ], [ -0.232376987564314, 35.80220746476764 ], [ -0.232376987564314, 35.801742857632192 ], [ -0.237558499336872, 35.801742857632192 ], [ -0.237558499336872, 35.80220746476764 ], [ -0.238298715304381, 35.80220746476764 ], [ -0.238298715304381, 35.802672069185711 ], [ -0.239038931271889, 35.802672069185711 ], [ -0.239038931271889, 35.800813635209181 ], [ -0.239779147239397, 35.800813635209181 ], [ -0.239779147239397, 35.799884401916799 ], [ -0.240519363206906, 35.799884401916799 ], [ -0.240519363206906, 35.799419781194644 ], [ -0.241259579174414, 35.799419781194644 ], [ -0.241259579174414, 35.798955157755167 ], [ -0.242740011109431, 35.798955157755167 ], [ -0.242740011109431, 35.798490531598425 ], [ -0.245700874979464, 35.798490531598425 ], [ -0.245700874979464, 35.798955157755167 ], [ -0.247181306914481, 35.798955157755167 ], [ -0.247181306914481, 35.799419781194644 ], [ -0.249401954817006, 35.799419781194644 ], [ -0.249401954817006, 35.799884401916799 ], [ -0.250882386752022, 35.799884401916799 ], [ -0.250882386752022, 35.799419781194644 ], [ -0.252362818687039, 35.799419781194644 ], [ -0.252362818687039, 35.798955157755167 ], [ -0.253843250622056, 35.798955157755167 ], [ -0.253843250622056, 35.798490531598425 ], [ -0.255323682557072, 35.798490531598425 ], [ -0.255323682557072, 35.798025902724412 ], [ -0.261245410297139, 35.798025902724412 ], [ -0.261245410297139, 35.798490531598425 ], [ -0.266426922069697, 35.798490531598425 ], [ -0.266426922069697, 35.799419781194644 ], [ -0.267167138037206, 35.799419781194644 ], [ -0.267167138037206, 35.799884401916799 ], [ -0.267907354004714, 35.799884401916799 ], [ -0.267907354004714, 35.800349019921647 ], [ -0.268647569972222, 35.800349019921647 ], [ -0.268647569972222, 35.801278247779365 ], [ -0.269387785939731, 35.801278247779365 ], [ -0.269387785939731, 35.801742857632192 ], [ -0.270128001907239, 35.801742857632192 ], [ -0.270128001907239, 35.80220746476764 ], [ -0.270868217874747, 35.80220746476764 ], [ -0.270868217874747, 35.803136670886389 ], [ -0.271608433842256, 35.803136670886389 ], [ -0.271608433842256, 35.803601269869652 ], [ -0.272348649809764, 35.803601269869652 ], [ -0.272348649809764, 35.804530459683846 ], [ -0.273088865777272, 35.804530459683846 ], [ -0.273088865777272, 35.804995050514783 ], [ -0.273829081744781, 35.804995050514783 ], [ -0.273829081744781, 35.804065866135467 ], [ -0.274569297712289, 35.804065866135467 ], [ -0.274569297712289, 35.803136670886389 ], [ -0.275309513679797, 35.803136670886389 ], [ -0.275309513679797, 35.80220746476764 ], [ -0.276049729647306, 35.80220746476764 ], [ -0.276049729647306, 35.801742857632192 ], [ -0.276789945614814, 35.801742857632192 ], [ -0.276789945614814, 35.801278247779365 ], [ -0.278270377549831, 35.801278247779365 ], [ -0.278270377549831, 35.800813635209181 ], [ -0.279010593517339, 35.800813635209181 ], [ -0.279010593517339, 35.800349019921647 ], [ -0.280491025452356, 35.800349019921647 ], [ -0.280491025452356, 35.800813635209181 ], [ -0.281231241419864, 35.800813635209181 ], [ -0.281231241419864, 35.801278247779365 ], [ -0.282711673354881, 35.801278247779365 ], [ -0.282711673354881, 35.801742857632192 ], [ -0.283451889322389, 35.801742857632192 ], [ -0.283451889322389, 35.80220746476764 ], [ -0.284192105289897, 35.80220746476764 ], [ -0.284192105289897, 35.805459638628236 ], [ -0.284932321257406, 35.805459638628236 ], [ -0.284932321257406, 35.809640809360559 ], [ -0.285672537224914, 35.809640809360559 ], [ -0.285672537224914, 35.813821759965677 ], [ -0.286412753192422, 35.813821759965677 ], [ -0.286412753192422, 35.818467002451158 ], [ -0.287152969159931, 35.818467002451158 ], [ -0.287152969159931, 35.821254017484272 ], [ -0.286412753192422, 35.821254017484272 ], [ -0.286412753192422, 35.822183000751579 ], [ -0.285672537224914, 35.822183000751579 ], [ -0.285672537224914, 35.822647488308213 ], [ -0.284932321257406, 35.822647488308213 ], [ -0.284932321257406, 35.82311197314683 ], [ -0.284192105289897, 35.82311197314683 ], [ -0.284192105289897, 35.8235764552674 ], [ -0.283451889322389, 35.8235764552674 ], [ -0.283451889322389, 35.824040934669902 ], [ -0.282711673354881, 35.824040934669902 ], [ -0.282711673354881, 35.824505411354338 ], [ -0.281971457387372, 35.824505411354338 ], [ -0.281971457387372, 35.824969885320684 ], [ -0.281231241419864, 35.824969885320684 ], [ -0.281231241419864, 35.82543435656892 ], [ -0.280491025452356, 35.82543435656892 ], [ -0.280491025452356, 35.825898825099053 ], [ -0.278270377549831, 35.825898825099053 ], [ -0.278270377549831, 35.82543435656892 ], [ -0.277530161582322, 35.82543435656892 ], [ -0.277530161582322, 35.824969885320684 ], [ -0.276789945614814, 35.824969885320684 ], [ -0.276789945614814, 35.824505411354338 ], [ -0.276049729647306, 35.824505411354338 ] ] ], [ [ [ -5.396123576902455, 36.228030802506112 ], [ -5.396123576902455, 36.227106592217787 ], [ -5.395383360934948, 36.227106592217787 ], [ -5.395383360934948, 36.226182371007518 ], [ -5.394643144967438, 36.226182371007518 ], [ -5.394643144967438, 36.222485376949052 ], [ -5.39390292899993, 36.222485376949052 ], [ -5.39390292899993, 36.215553042109548 ], [ -5.394643144967438, 36.215553042109548 ], [ -5.394643144967438, 36.214628684384181 ], [ -5.395383360934948, 36.214628684384181 ], [ -5.395383360934948, 36.213704315738354 ], [ -5.396123576902455, 36.213704315738354 ], [ -5.396123576902455, 36.213242127320306 ], [ -5.396863792869963, 36.213242127320306 ], [ -5.396863792869963, 36.212779936172197 ], [ -5.400564872707505, 36.212779936172197 ], [ -5.400564872707505, 36.212317742294019 ], [ -5.405006168512555, 36.212317742294019 ], [ -5.405006168512555, 36.212779936172197 ], [ -5.405746384480064, 36.212779936172197 ], [ -5.405746384480064, 36.213242127320306 ], [ -5.406486600447572, 36.213242127320306 ], [ -5.406486600447572, 36.213704315738354 ], [ -5.40722681641508, 36.213704315738354 ], [ -5.40722681641508, 36.21416650142632 ], [ -5.407967032382589, 36.21416650142632 ], [ -5.407967032382589, 36.214628684384181 ], [ -5.408707248350097, 36.214628684384181 ], [ -5.408707248350097, 36.21509086461193 ], [ -5.409447464317606, 36.21509086461193 ], [ -5.409447464317606, 36.216477388914349 ], [ -5.410187680285113, 36.216477388914349 ], [ -5.410187680285113, 36.226182371007518 ], [ -5.409447464317606, 36.226182371007518 ], [ -5.409447464317606, 36.227106592217787 ], [ -5.408707248350097, 36.227106592217787 ], [ -5.408707248350097, 36.227568698727197 ], [ -5.407967032382589, 36.227568698727197 ], [ -5.407967032382589, 36.228492903554496 ], [ -5.400564872707505, 36.228492903554496 ], [ -5.400564872707505, 36.22895500187235 ], [ -5.397604008837472, 36.22895500187235 ], [ -5.397604008837472, 36.228492903554496 ], [ -5.396863792869963, 36.228492903554496 ], [ -5.396863792869963, 36.228030802506112 ], [ -5.396123576902455, 36.228030802506112 ] ] ], [ [ [ -6.490162776879773, 37.427052703370329 ], [ -6.490162776879773, 37.426597785141752 ], [ -6.488682344944757, 37.426597785141752 ], [ -6.488682344944757, 37.42614286414895 ], [ -6.487942128977249, 37.42614286414895 ], [ -6.487942128977249, 37.42568794039191 ], [ -6.48720191300974, 37.42568794039191 ], [ -6.48720191300974, 37.423868217721825 ], [ -6.486461697042232, 37.423868217721825 ], [ -6.486461697042232, 37.420228639702607 ], [ -6.485721481074724, 37.420228639702607 ], [ -6.485721481074724, 37.419318717556898 ], [ -6.486461697042232, 37.419318717556898 ], [ -6.486461697042232, 37.418408784354995 ], [ -6.48720191300974, 37.418408784354995 ], [ -6.48720191300974, 37.417043863822059 ], [ -6.487942128977249, 37.417043863822059 ], [ -6.487942128977249, 37.415678918413249 ], [ -6.488682344944757, 37.415678918413249 ], [ -6.488682344944757, 37.414768940987621 ], [ -6.489422560912264, 37.414768940987621 ], [ -6.489422560912264, 37.413403954119765 ], [ -6.490162776879773, 37.413403954119765 ], [ -6.490162776879773, 37.412038942376917 ], [ -6.49164320881479, 37.412038942376917 ], [ -6.49164320881479, 37.411583932934917 ], [ -6.494604072684823, 37.411583932934917 ], [ -6.494604072684823, 37.412038942376917 ], [ -6.496084504619841, 37.412038942376917 ], [ -6.496084504619841, 37.412493949055076 ], [ -6.496824720587348, 37.412493949055076 ], [ -6.496824720587348, 37.412948952969359 ], [ -6.497564936554856, 37.412948952969359 ], [ -6.497564936554856, 37.413403954119765 ], [ -6.499045368489874, 37.413403954119765 ], [ -6.499045368489874, 37.413858952506295 ], [ -6.499785584457381, 37.413858952506295 ], [ -6.499785584457381, 37.414313948128914 ], [ -6.50052580042489, 37.414313948128914 ], [ -6.50052580042489, 37.414768940987621 ], [ -6.501266016392399, 37.414768940987621 ], [ -6.501266016392399, 37.415223931082402 ], [ -6.502006232359907, 37.415223931082402 ], [ -6.502006232359907, 37.416588884783089 ], [ -6.502746448327415, 37.416588884783089 ], [ -6.502746448327415, 37.418408784354995 ], [ -6.503486664294925, 37.418408784354995 ], [ -6.503486664294925, 37.420228639702607 ], [ -6.504226880262432, 37.420228639702607 ], [ -6.504226880262432, 37.422048450825137 ], [ -6.50496709622994, 37.422048450825137 ], [ -6.50496709622994, 37.423413280143862 ], [ -6.504226880262432, 37.423413280143862 ], [ -6.504226880262432, 37.425233013870681 ], [ -6.503486664294925, 37.425233013870681 ], [ -6.503486664294925, 37.426597785141752 ], [ -6.502006232359907, 37.426597785141752 ], [ -6.502006232359907, 37.427052703370329 ], [ -6.498305152522366, 37.427052703370329 ], [ -6.498305152522366, 37.427507618834646 ], [ -6.495344288652332, 37.427507618834646 ], [ -6.495344288652332, 37.427962531534725 ], [ -6.49164320881479, 37.427962531534725 ], [ -6.49164320881479, 37.427507618834646 ], [ -6.490902992847282, 37.427507618834646 ], [ -6.490902992847282, 37.427052703370329 ], [ -6.490162776879773, 37.427052703370329 ] ] ], [ [ [ -0.540306830047781, 38.381654042714295 ], [ -0.540306830047781, 38.381204987859753 ], [ -0.539566614080273, 38.381204987859753 ], [ -0.539566614080273, 38.380306869787802 ], [ -0.538826398112764, 38.380306869787802 ], [ -0.538826398112764, 38.379857806570406 ], [ -0.538086182145256, 38.379857806570406 ], [ -0.538086182145256, 38.374917927199881 ], [ -0.538826398112764, 38.374917927199881 ], [ -0.538826398112764, 38.374468830531988 ], [ -0.539566614080273, 38.374468830531988 ], [ -0.539566614080273, 38.373570628833811 ], [ -0.540306830047781, 38.373570628833811 ], [ -0.540306830047781, 38.372672415985804 ], [ -0.541047046015289, 38.372672415985804 ], [ -0.541047046015289, 38.372223305380658 ], [ -0.541787261982798, 38.372223305380658 ], [ -0.541787261982798, 38.371774191988081 ], [ -0.542527477950306, 38.371774191988081 ], [ -0.542527477950306, 38.371325075808087 ], [ -0.544007909885323, 38.371325075808087 ], [ -0.544007909885323, 38.370875956840699 ], [ -0.546968773755356, 38.370875956840699 ], [ -0.546968773755356, 38.371325075808087 ], [ -0.547708989722864, 38.371325075808087 ], [ -0.547708989722864, 38.371774191988081 ], [ -0.548449205690373, 38.371774191988081 ], [ -0.548449205690373, 38.372223305380658 ], [ -0.549189421657881, 38.372223305380658 ], [ -0.549189421657881, 38.372672415985804 ], [ -0.549929637625389, 38.372672415985804 ], [ -0.549929637625389, 38.373121523803533 ], [ -0.550669853592898, 38.373121523803533 ], [ -0.550669853592898, 38.373570628833811 ], [ -0.551410069560406, 38.373570628833811 ], [ -0.551410069560406, 38.379857806570406 ], [ -0.550669853592898, 38.379857806570406 ], [ -0.550669853592898, 38.380755930217589 ], [ -0.549929637625389, 38.380755930217589 ], [ -0.549929637625389, 38.381204987859753 ], [ -0.549189421657881, 38.381204987859753 ], [ -0.549189421657881, 38.382103094781193 ], [ -0.548449205690373, 38.382103094781193 ], [ -0.548449205690373, 38.382552144060448 ], [ -0.541787261982798, 38.382552144060448 ], [ -0.541787261982798, 38.382103094781193 ], [ -0.541047046015289, 38.382103094781193 ], [ -0.541047046015289, 38.381654042714295 ], [ -0.540306830047781, 38.381654042714295 ] ] ], [ [ [ -9.010598146245652, 38.930095482600521 ], [ -9.009117714310635, 38.930095482600521 ], [ -9.009117714310635, 38.929649852880601 ], [ -9.008377498343128, 38.929649852880601 ], [ -9.008377498343128, 38.929204220361015 ], [ -9.006897066408111, 38.929204220361015 ], [ -9.006897066408111, 38.928312946922837 ], [ -9.006156850440602, 38.928312946922837 ], [ -9.006156850440602, 38.926976015768297 ], [ -9.005416634473093, 38.926976015768297 ], [ -9.005416634473093, 38.925639059417215 ], [ -9.004676418505586, 38.925639059417215 ], [ -9.004676418505586, 38.92385641175494 ], [ -9.003936202538076, 38.92385641175494 ], [ -9.003936202538076, 38.922519396612934 ], [ -9.003195986570567, 38.922519396612934 ], [ -9.003195986570567, 38.91984529074211 ], [ -9.003936202538076, 38.91984529074211 ], [ -9.003936202538076, 38.918953899722688 ], [ -9.004676418505586, 38.918953899722688 ], [ -9.004676418505586, 38.917616792197727 ], [ -9.005416634473093, 38.917616792197727 ], [ -9.005416634473093, 38.916725373183986 ], [ -9.006156850440602, 38.916725373183986 ], [ -9.006156850440602, 38.915388223667904 ], [ -9.008377498343128, 38.915388223667904 ], [ -9.008377498343128, 38.914942501563786 ], [ -9.010598146245652, 38.914942501563786 ], [ -9.010598146245652, 38.914496776660307 ], [ -9.012818794148178, 38.914496776660307 ], [ -9.012818794148178, 38.914051048957482 ], [ -9.015779658018211, 38.914051048957482 ], [ -9.015779658018211, 38.914496776660307 ], [ -9.016519873985718, 38.914496776660307 ], [ -9.016519873985718, 38.914942501563786 ], [ -9.018000305920735, 38.914942501563786 ], [ -9.018000305920735, 38.915388223667904 ], [ -9.018740521888244, 38.915388223667904 ], [ -9.018740521888244, 38.916725373183986 ], [ -9.019480737855751, 38.916725373183986 ], [ -9.019480737855751, 38.918062497505481 ], [ -9.020220953823259, 38.918062497505481 ], [ -9.020220953823259, 38.91984529074211 ], [ -9.020961169790768, 38.91984529074211 ], [ -9.020961169790768, 38.921182356275246 ], [ -9.020220953823259, 38.921182356275246 ], [ -9.020220953823259, 38.922519396612934 ], [ -9.019480737855751, 38.922519396612934 ], [ -9.019480737855751, 38.92385641175494 ], [ -9.018740521888244, 38.92385641175494 ], [ -9.018740521888244, 38.925639059417215 ], [ -9.018000305920735, 38.925639059417215 ], [ -9.018000305920735, 38.926976015768297 ], [ -9.017260089953226, 38.926976015768297 ], [ -9.017260089953226, 38.928312946922837 ], [ -9.016519873985718, 38.928312946922837 ], [ -9.016519873985718, 38.929649852880601 ], [ -9.015039442050702, 38.929649852880601 ], [ -9.015039442050702, 38.930095482600521 ], [ -9.014299226083194, 38.930095482600521 ], [ -9.014299226083194, 38.93054110952076 ], [ -9.012818794148178, 38.93054110952076 ], [ -9.012818794148178, 38.930986733641319 ], [ -9.011338362213161, 38.930986733641319 ], [ -9.011338362213161, 38.93054110952076 ], [ -9.010598146245652, 38.93054110952076 ], [ -9.010598146245652, 38.930095482600521 ] ] ], [ [ [ -3.741000673553819, 39.943664714484513 ], [ -3.740260457586311, 39.943664714484513 ], [ -3.740260457586311, 39.942786326583487 ], [ -3.739520241618802, 39.942786326583487 ], [ -3.739520241618802, 39.942347128404151 ], [ -3.738780025651294, 39.942347128404151 ], [ -3.738780025651294, 39.941907927405616 ], [ -3.738039809683786, 39.941907927405616 ], [ -3.738039809683786, 39.941029516950934 ], [ -3.737299593716278, 39.941029516950934 ], [ -3.737299593716278, 39.932684055212832 ], [ -3.738039809683786, 39.932684055212832 ], [ -3.738039809683786, 39.931805526355475 ], [ -3.738780025651294, 39.931805526355475 ], [ -3.738780025651294, 39.930926986222019 ], [ -3.739520241618802, 39.930926986222019 ], [ -3.739520241618802, 39.930048434812555 ], [ -3.740260457586311, 39.930048434812555 ], [ -3.740260457586311, 39.929169872127098 ], [ -3.749883265163919, 39.929169872127098 ], [ -3.749883265163919, 39.930048434812555 ], [ -3.750623481131427, 39.930048434812555 ], [ -3.750623481131427, 39.930926986222019 ], [ -3.751363697098936, 39.930926986222019 ], [ -3.751363697098936, 39.932244792193679 ], [ -3.752103913066444, 39.932244792193679 ], [ -3.752103913066444, 39.933562572794045 ], [ -3.752844129033953, 39.933562572794045 ], [ -3.752844129033953, 39.936637295527682 ], [ -3.752103913066444, 39.936637295527682 ], [ -3.752103913066444, 39.939272662211422 ], [ -3.751363697098936, 39.939272662211422 ], [ -3.751363697098936, 39.941468723587867 ], [ -3.750623481131427, 39.941468723587867 ], [ -3.750623481131427, 39.942347128404151 ], [ -3.749883265163919, 39.942347128404151 ], [ -3.749883265163919, 39.943225521943617 ], [ -3.749143049196411, 39.943225521943617 ], [ -3.749143049196411, 39.944103904206173 ], [ -3.748402833228903, 39.944103904206173 ], [ -3.748402833228903, 39.944982275191784 ], [ -3.743961537423853, 39.944982275191784 ], [ -3.743961537423853, 39.944543091108599 ], [ -3.741740889521328, 39.944543091108599 ], [ -3.741740889521328, 39.944103904206173 ], [ -3.741000673553819, 39.944103904206173 ], [ -3.741000673553819, 39.943664714484513 ] ] ], [ [ [ -6.048253844277299, 40.05512829814532 ], [ -6.048253844277299, 40.054689821934865 ], [ -6.04751362830979, 40.054689821934865 ], [ -6.04751362830979, 40.051620409469628 ], [ -6.048253844277299, 40.051620409469628 ], [ -6.048253844277299, 40.046796767735778 ], [ -6.048994060244806, 40.046796767735778 ], [ -6.048994060244806, 40.043288450258295 ], [ -6.049734276212314, 40.043288450258295 ], [ -6.049734276212314, 40.042849897879201 ], [ -6.051954924114839, 40.042849897879201 ], [ -6.051954924114839, 40.042411342679152 ], [ -6.054175572017364, 40.042411342679152 ], [ -6.054175572017364, 40.041972784658149 ], [ -6.058616867822415, 40.041972784658149 ], [ -6.058616867822415, 40.042411342679152 ], [ -6.059357083789923, 40.042411342679152 ], [ -6.059357083789923, 40.042849897879201 ], [ -6.06009729975743, 40.042849897879201 ], [ -6.06009729975743, 40.043288450258295 ], [ -6.060837515724939, 40.043288450258295 ], [ -6.060837515724939, 40.0441655465536 ], [ -6.061577731692448, 40.0441655465536 ], [ -6.061577731692448, 40.044604090469782 ], [ -6.062317947659955, 40.044604090469782 ], [ -6.062317947659955, 40.045042631564982 ], [ -6.063058163627464, 40.045042631564982 ], [ -6.063058163627464, 40.049427887361134 ], [ -6.062317947659955, 40.049427887361134 ], [ -6.062317947659955, 40.05030490466779 ], [ -6.061577731692448, 40.05030490466779 ], [ -6.061577731692448, 40.050743409089499 ], [ -6.060837515724939, 40.050743409089499 ], [ -6.060837515724939, 40.051620409469628 ], [ -6.06009729975743, 40.051620409469628 ], [ -6.06009729975743, 40.052497398565343 ], [ -6.059357083789923, 40.052497398565343 ], [ -6.059357083789923, 40.053374376376567 ], [ -6.058616867822415, 40.053374376376567 ], [ -6.058616867822415, 40.053812861050474 ], [ -6.057876651854907, 40.053812861050474 ], [ -6.057876651854907, 40.054689821934865 ], [ -6.057136435887399, 40.054689821934865 ], [ -6.057136435887399, 40.055566771534615 ], [ -6.05639621991989, 40.055566771534615 ], [ -6.05639621991989, 40.056443709849681 ], [ -6.055656003952381, 40.056443709849681 ], [ -6.055656003952381, 40.056882174775424 ], [ -6.049734276212314, 40.056882174775424 ], [ -6.049734276212314, 40.056005242102728 ], [ -6.048994060244806, 40.056005242102728 ], [ -6.048994060244806, 40.05512829814532 ], [ -6.048253844277299, 40.05512829814532 ] ] ], [ [ [ -3.469341413478261, 40.252156201901066 ], [ -3.468601197510752, 40.252156201901066 ], [ -3.468601197510752, 40.251718995965156 ], [ -3.467860981543244, 40.251718995965156 ], [ -3.467860981543244, 40.251281787204768 ], [ -3.467120765575736, 40.251281787204768 ], [ -3.467120765575736, 40.250844575619915 ], [ -3.466380549608227, 40.250844575619915 ], [ -3.466380549608227, 40.246035061773718 ], [ -3.465640333640719, 40.246035061773718 ], [ -3.465640333640719, 40.247346781261115 ], [ -3.46490011767321, 40.247346781261115 ], [ -3.46490011767321, 40.247784015441454 ], [ -3.464159901705703, 40.247784015441454 ], [ -3.464159901705703, 40.248221246797378 ], [ -3.462679469770686, 40.248221246797378 ], [ -3.462679469770686, 40.248658475328888 ], [ -3.461939253803177, 40.248658475328888 ], [ -3.461939253803177, 40.249095701035969 ], [ -3.461199037835669, 40.249095701035969 ], [ -3.461199037835669, 40.248658475328888 ], [ -3.459718605900652, 40.248658475328888 ], [ -3.459718605900652, 40.248221246797378 ], [ -3.458978389933144, 40.248221246797378 ], [ -3.458978389933144, 40.247784015441454 ], [ -3.457497957998127, 40.247784015441454 ], [ -3.457497957998127, 40.247346781261115 ], [ -3.456757742030619, 40.247346781261115 ], [ -3.456757742030619, 40.245160567993537 ], [ -3.45601752606311, 40.245160567993537 ], [ -3.45601752606311, 40.241662479898736 ], [ -3.456757742030619, 40.241662479898736 ], [ -3.456757742030619, 40.23991336806769 ], [ -3.457497957998127, 40.23991336806769 ], [ -3.457497957998127, 40.239476083049205 ], [ -3.458238173965635, 40.239476083049205 ], [ -3.458238173965635, 40.239038795206454 ], [ -3.458978389933144, 40.239038795206454 ], [ -3.458978389933144, 40.238601504539439 ], [ -3.460458821868161, 40.238601504539439 ], [ -3.460458821868161, 40.238164211048165 ], [ -3.462679469770686, 40.238164211048165 ], [ -3.462679469770686, 40.238601504539439 ], [ -3.463419685738194, 40.238601504539439 ], [ -3.463419685738194, 40.239038795206454 ], [ -3.464159901705703, 40.239038795206454 ], [ -3.464159901705703, 40.239476083049205 ], [ -3.465640333640719, 40.239476083049205 ], [ -3.465640333640719, 40.2407879296318 ], [ -3.466380549608227, 40.2407879296318 ], [ -3.466380549608227, 40.23991336806769 ], [ -3.467120765575736, 40.23991336806769 ], [ -3.467120765575736, 40.238601504539439 ], [ -3.467860981543244, 40.238601504539439 ], [ -3.467860981543244, 40.237726914732633 ], [ -3.468601197510752, 40.237726914732633 ], [ -3.468601197510752, 40.237289615592864 ], [ -3.469341413478261, 40.237289615592864 ], [ -3.469341413478261, 40.236415008840616 ], [ -3.476003357185836, 40.236415008840616 ], [ -3.476003357185836, 40.236852313628852 ], [ -3.481184868958394, 40.236852313628852 ], [ -3.481184868958394, 40.237289615592864 ], [ -3.481925084925902, 40.237289615592864 ], [ -3.481925084925902, 40.237726914732633 ], [ -3.482665300893411, 40.237726914732633 ], [ -3.482665300893411, 40.238601504539439 ], [ -3.483405516860918, 40.238601504539439 ], [ -3.483405516860918, 40.239476083049205 ], [ -3.484145732828428, 40.239476083049205 ], [ -3.484145732828428, 40.241225206177418 ], [ -3.484885948795936, 40.241225206177418 ], [ -3.484885948795936, 40.246035061773718 ], [ -3.485626164763444, 40.246035061773718 ], [ -3.485626164763444, 40.248658475328888 ], [ -3.484885948795936, 40.248658475328888 ], [ -3.484885948795936, 40.249970143976832 ], [ -3.484145732828428, 40.249970143976832 ], [ -3.484145732828428, 40.250844575619915 ], [ -3.483405516860918, 40.250844575619915 ], [ -3.483405516860918, 40.251718995965156 ], [ -3.482665300893411, 40.251718995965156 ], [ -3.482665300893411, 40.252593405012497 ], [ -3.480444652990886, 40.252593405012497 ], [ -3.480444652990886, 40.253030605299436 ], [ -3.477483789120852, 40.253030605299436 ], [ -3.477483789120852, 40.253467802761868 ], [ -3.474522925250819, 40.253467802761868 ], [ -3.474522925250819, 40.253904997399822 ], [ -3.470821845413277, 40.253904997399822 ], [ -3.470821845413277, 40.253467802761868 ], [ -3.470081629445768, 40.253467802761868 ], [ -3.470081629445768, 40.253030605299436 ], [ -3.469341413478261, 40.253030605299436 ], [ -3.469341413478261, 40.252156201901066 ] ] ], [ [ [ -0.857859480108856, 41.564317902133894 ], [ -0.857859480108856, 41.56346066918826 ], [ -0.857119264141348, 41.56346066918826 ], [ -0.857119264141348, 41.562603424870055 ], [ -0.85637904817384, 41.562603424870055 ], [ -0.85637904817384, 41.561746169179337 ], [ -0.855638832206331, 41.561746169179337 ], [ -0.855638832206331, 41.5613175370693 ], [ -0.85193775236879, 41.5613175370693 ], [ -0.85193775236879, 41.561746169179337 ], [ -0.851197536401281, 41.561746169179337 ], [ -0.851197536401281, 41.5613175370693 ], [ -0.850457320433773, 41.5613175370693 ], [ -0.850457320433773, 41.560888902116133 ], [ -0.849717104466265, 41.560888902116133 ], [ -0.849717104466265, 41.56003162368048 ], [ -0.848976888498756, 41.56003162368048 ], [ -0.848976888498756, 41.559174333872434 ], [ -0.848236672531248, 41.559174333872434 ], [ -0.848236672531248, 41.554030356206049 ], [ -0.848976888498756, 41.554030356206049 ], [ -0.848976888498756, 41.55317298679234 ], [ -0.849717104466265, 41.55317298679234 ], [ -0.849717104466265, 41.55231560600658 ], [ -0.850457320433773, 41.55231560600658 ], [ -0.850457320433773, 41.551886911349186 ], [ -0.851197536401281, 41.551886911349186 ], [ -0.851197536401281, 41.551458213848782 ], [ -0.855638832206331, 41.551458213848782 ], [ -0.855638832206331, 41.551886911349186 ], [ -0.85637904817384, 41.551886911349186 ], [ -0.85637904817384, 41.55231560600658 ], [ -0.857119264141348, 41.55231560600658 ], [ -0.857119264141348, 41.55317298679234 ], [ -0.857859480108856, 41.55317298679234 ], [ -0.857859480108856, 41.55231560600658 ], [ -0.858599696076365, 41.55231560600658 ], [ -0.858599696076365, 41.551886911349186 ], [ -0.859339912043873, 41.551886911349186 ], [ -0.859339912043873, 41.551458213848782 ], [ -0.860080128011381, 41.551458213848782 ], [ -0.860080128011381, 41.551029513505377 ], [ -0.86082034397889, 41.551029513505377 ], [ -0.86082034397889, 41.550600810318983 ], [ -0.862300775913907, 41.550600810318983 ], [ -0.862300775913907, 41.550172104289608 ], [ -0.863781207848923, 41.550172104289608 ], [ -0.863781207848923, 41.550600810318983 ], [ -0.86526163978394, 41.550600810318983 ], [ -0.86526163978394, 41.551029513505377 ], [ -0.867482287686465, 41.551029513505377 ], [ -0.867482287686465, 41.551458213848782 ], [ -0.868962719621482, 41.551458213848782 ], [ -0.868962719621482, 41.551886911349186 ], [ -0.870443151556498, 41.551886911349186 ], [ -0.870443151556498, 41.552744297820972 ], [ -0.871183367524006, 41.552744297820972 ], [ -0.871183367524006, 41.553601672920706 ], [ -0.871923583491515, 41.553601672920706 ], [ -0.871923583491515, 41.554459036648353 ], [ -0.872663799459023, 41.554459036648353 ], [ -0.872663799459023, 41.552744297820972 ], [ -0.873404015426531, 41.552744297820972 ], [ -0.873404015426531, 41.551029513505377 ], [ -0.87414423139404, 41.551029513505377 ], [ -0.87414423139404, 41.550600810318983 ], [ -0.874884447361548, 41.550600810318983 ], [ -0.874884447361548, 41.550172104289608 ], [ -0.876364879296565, 41.550172104289608 ], [ -0.876364879296565, 41.549743395417252 ], [ -0.877105095264073, 41.549743395417252 ], [ -0.877105095264073, 41.549314683701915 ], [ -0.87858552719909, 41.549314683701915 ], [ -0.87858552719909, 41.549743395417252 ], [ -0.879325743166598, 41.549743395417252 ], [ -0.879325743166598, 41.550172104289608 ], [ -0.880806175101615, 41.550172104289608 ], [ -0.880806175101615, 41.550600810318983 ], [ -0.881546391069123, 41.550600810318983 ], [ -0.881546391069123, 41.551029513505377 ], [ -0.882286607036631, 41.551029513505377 ], [ -0.882286607036631, 41.552744297820972 ], [ -0.88302682300414, 41.552744297820972 ], [ -0.88302682300414, 41.554459036648353 ], [ -0.883767038971648, 41.554459036648353 ], [ -0.883767038971648, 41.554887714247634 ], [ -0.88302682300414, 41.554887714247634 ], [ -0.88302682300414, 41.556173729987208 ], [ -0.882286607036631, 41.556173729987208 ], [ -0.882286607036631, 41.557031059598337 ], [ -0.881546391069123, 41.557031059598337 ], [ -0.881546391069123, 41.558317032692031 ], [ -0.880806175101615, 41.558317032692031 ], [ -0.880806175101615, 41.559174333872434 ], [ -0.880065959134107, 41.559174333872434 ], [ -0.880065959134107, 41.56003162368048 ], [ -0.879325743166598, 41.56003162368048 ], [ -0.879325743166598, 41.5613175370693 ], [ -0.87858552719909, 41.5613175370693 ], [ -0.87858552719909, 41.562174798446264 ], [ -0.877845311231581, 41.562174798446264 ], [ -0.877845311231581, 41.56346066918826 ], [ -0.877105095264073, 41.56346066918826 ], [ -0.877105095264073, 41.564317902133894 ], [ -0.876364879296565, 41.564317902133894 ], [ -0.876364879296565, 41.565175123706922 ], [ -0.875624663329057, 41.565175123706922 ], [ -0.875624663329057, 41.565603730228695 ], [ -0.87414423139404, 41.565603730228695 ], [ -0.87414423139404, 41.566032333907302 ], [ -0.867482287686465, 41.566032333907302 ], [ -0.867482287686465, 41.566460934742743 ], [ -0.860080128011381, 41.566460934742743 ], [ -0.860080128011381, 41.566032333907302 ], [ -0.859339912043873, 41.566032333907302 ], [ -0.859339912043873, 41.565175123706922 ], [ -0.858599696076365, 41.565175123706922 ], [ -0.858599696076365, 41.564317902133894 ], [ -0.857859480108856, 41.564317902133894 ] ] ], [ [ [ -6.767743764695399, 42.560323590330576 ], [ -6.765523116792874, 42.560323590330576 ], [ -6.765523116792874, 42.559479699959915 ], [ -6.764782900825367, 42.559479699959915 ], [ -6.764782900825367, 42.558635798175914 ], [ -6.764042684857857, 42.558635798175914 ], [ -6.764042684857857, 42.557369924099952 ], [ -6.763302468890348, 42.557369924099952 ], [ -6.763302468890348, 42.556525993782721 ], [ -6.76256225292284, 42.556525993782721 ], [ -6.76256225292284, 42.555260076907061 ], [ -6.761822036955333, 42.555260076907061 ], [ -6.761822036955333, 42.554416118056778 ], [ -6.761081820987823, 42.554416118056778 ], [ -6.761081820987823, 42.548930107335231 ], [ -6.761822036955333, 42.548930107335231 ], [ -6.761822036955333, 42.548086062886881 ], [ -6.76256225292284, 42.548086062886881 ], [ -6.76256225292284, 42.547242007025581 ], [ -6.763302468890348, 42.547242007025581 ], [ -6.763302468890348, 42.546397939751351 ], [ -6.764042684857857, 42.546397939751351 ], [ -6.764042684857857, 42.545975901834403 ], [ -6.764782900825367, 42.545975901834403 ], [ -6.764782900825367, 42.545553861064228 ], [ -6.773665492435466, 42.545553861064228 ], [ -6.773665492435466, 42.546397939751351 ], [ -6.774405708402975, 42.546397939751351 ], [ -6.774405708402975, 42.546819974815079 ], [ -6.775145924370483, 42.546819974815079 ], [ -6.775145924370483, 42.547242007025581 ], [ -6.775886140337991, 42.547242007025581 ], [ -6.775886140337991, 42.547664036382848 ], [ -6.776626356305498, 42.547664036382848 ], [ -6.776626356305498, 42.548086062886881 ], [ -6.777366572273007, 42.548086062886881 ], [ -6.777366572273007, 42.548930107335231 ], [ -6.778106788240516, 42.548930107335231 ], [ -6.778106788240516, 42.550618161992951 ], [ -6.777366572273007, 42.550618161992951 ], [ -6.777366572273007, 42.558635798175914 ], [ -6.776626356305498, 42.558635798175914 ], [ -6.776626356305498, 42.559057750494581 ], [ -6.775886140337991, 42.559057750494581 ], [ -6.775886140337991, 42.559479699959915 ], [ -6.775145924370483, 42.559479699959915 ], [ -6.775145924370483, 42.559901646571909 ], [ -6.774405708402975, 42.559901646571909 ], [ -6.774405708402975, 42.560323590330576 ], [ -6.773665492435466, 42.560323590330576 ], [ -6.773665492435466, 42.560745531235895 ], [ -6.772925276467958, 42.560745531235895 ], [ -6.772925276467958, 42.561589404486483 ], [ -6.770704628565432, 42.561589404486483 ], [ -6.770704628565432, 42.561167469287867 ], [ -6.769224196630416, 42.561167469287867 ], [ -6.769224196630416, 42.560745531235895 ], [ -6.767743764695399, 42.560745531235895 ], [ -6.767743764695399, 42.560323590330576 ] ] ], [ [ [ -5.721818602606122, 43.535697187634213 ], [ -5.721818602606122, 43.535281900557365 ], [ -5.721078386638613, 43.535281900557365 ], [ -5.721078386638613, 43.534866610620547 ], [ -5.720338170671106, 43.534866610620547 ], [ -5.720338170671106, 43.534451317823752 ], [ -5.719597954703597, 43.534451317823752 ], [ -5.719597954703597, 43.533620723650237 ], [ -5.718857738736089, 43.533620723650237 ], [ -5.718857738736089, 43.533205422273518 ], [ -5.718117522768581, 43.533205422273518 ], [ -5.718117522768581, 43.532790118036843 ], [ -5.717377306801072, 43.532790118036843 ], [ -5.717377306801072, 43.531959500983589 ], [ -5.716637090833564, 43.531959500983589 ], [ -5.716637090833564, 43.528221582676068 ], [ -5.715896874866057, 43.528221582676068 ], [ -5.715896874866057, 43.526144861296039 ], [ -5.716637090833564, 43.526144861296039 ], [ -5.716637090833564, 43.524898794148825 ], [ -5.717377306801072, 43.524898794148825 ], [ -5.717377306801072, 43.523652701262279 ], [ -5.718117522768581, 43.523652701262279 ], [ -5.718117522768581, 43.521991204041377 ], [ -5.718857738736089, 43.521991204041377 ], [ -5.718857738736089, 43.520745051096618 ], [ -5.719597954703597, 43.520745051096618 ], [ -5.719597954703597, 43.519914268167263 ], [ -5.720338170671106, 43.519914268167263 ], [ -5.720338170671106, 43.519498872412733 ], [ -5.721818602606122, 43.519498872412733 ], [ -5.721818602606122, 43.519083473798304 ], [ -5.72255881857363, 43.519083473798304 ], [ -5.72255881857363, 43.518668072323983 ], [ -5.724039250508648, 43.518668072323983 ], [ -5.724039250508648, 43.517837260795666 ], [ -5.724779466476156, 43.517837260795666 ], [ -5.724779466476156, 43.517006437827789 ], [ -5.725519682443664, 43.517006437827789 ], [ -5.725519682443664, 43.516175603420372 ], [ -5.726259898411173, 43.516175603420372 ], [ -5.726259898411173, 43.514929330360154 ], [ -5.727000114378681, 43.514929330360154 ], [ -5.727000114378681, 43.514513900287 ], [ -5.73144141018373, 43.514513900287 ], [ -5.73144141018373, 43.514098467353968 ], [ -5.73662292195629, 43.514098467353968 ], [ -5.73662292195629, 43.514513900287 ], [ -5.737363137923798, 43.514513900287 ], [ -5.737363137923798, 43.514929330360154 ], [ -5.738103353891305, 43.514929330360154 ], [ -5.738103353891305, 43.51534475757343 ], [ -5.739583785826321, 43.51534475757343 ], [ -5.739583785826321, 43.516591022054023 ], [ -5.74032400179383, 43.516591022054023 ], [ -5.74032400179383, 43.517837260795666 ], [ -5.741064217761339, 43.517837260795666 ], [ -5.741064217761339, 43.519083473798304 ], [ -5.741804433728848, 43.519083473798304 ], [ -5.741804433728848, 43.520329661061893 ], [ -5.744025081631372, 43.520329661061893 ], [ -5.744025081631372, 43.519914268167263 ], [ -5.744765297598882, 43.519914268167263 ], [ -5.744765297598882, 43.519498872412733 ], [ -5.746245729533897, 43.519498872412733 ], [ -5.746245729533897, 43.519914268167263 ], [ -5.747726161468914, 43.519914268167263 ], [ -5.747726161468914, 43.520329661061893 ], [ -5.748466377436422, 43.520329661061893 ], [ -5.748466377436422, 43.520745051096618 ], [ -5.74920659340393, 43.520745051096618 ], [ -5.74920659340393, 43.521160438271444 ], [ -5.749946809371439, 43.521160438271444 ], [ -5.749946809371439, 43.522406582636464 ], [ -5.750687025338948, 43.522406582636464 ], [ -5.750687025338948, 43.524068068417712 ], [ -5.751427241306456, 43.524068068417712 ], [ -5.751427241306456, 43.525729508440229 ], [ -5.750687025338948, 43.525729508440229 ], [ -5.750687025338948, 43.527390902703871 ], [ -5.749946809371439, 43.527390902703871 ], [ -5.749946809371439, 43.528636918372264 ], [ -5.74920659340393, 43.528636918372264 ], [ -5.74920659340393, 43.529052251208505 ], [ -5.748466377436422, 43.529052251208505 ], [ -5.748466377436422, 43.529467581184797 ], [ -5.746985945501407, 43.529467581184797 ], [ -5.746985945501407, 43.529882908301154 ], [ -5.746245729533897, 43.529882908301154 ], [ -5.746245729533897, 43.530298232557548 ], [ -5.744765297598882, 43.530298232557548 ], [ -5.744765297598882, 43.529882908301154 ], [ -5.744025081631372, 43.529882908301154 ], [ -5.744025081631372, 43.529467581184797 ], [ -5.743284865663864, 43.529467581184797 ], [ -5.743284865663864, 43.529052251208505 ], [ -5.742544649696356, 43.529052251208505 ], [ -5.742544649696356, 43.528636918372264 ], [ -5.741804433728848, 43.528636918372264 ], [ -5.741804433728848, 43.529467581184797 ], [ -5.741064217761339, 43.529467581184797 ], [ -5.741064217761339, 43.530298232557548 ], [ -5.74032400179383, 43.530298232557548 ], [ -5.74032400179383, 43.531128872490477 ], [ -5.739583785826321, 43.531128872490477 ], [ -5.739583785826321, 43.53237481094019 ], [ -5.738843569858814, 43.53237481094019 ], [ -5.738843569858814, 43.533205422273518 ], [ -5.738103353891305, 43.533205422273518 ], [ -5.738103353891305, 43.53403602216698 ], [ -5.737363137923798, 43.53403602216698 ], [ -5.737363137923798, 43.534866610620547 ], [ -5.73662292195629, 43.534866610620547 ], [ -5.73662292195629, 43.535697187634213 ], [ -5.735142490021273, 43.535697187634213 ], [ -5.735142490021273, 43.536112471851069 ], [ -5.732921842118747, 43.536112471851069 ], [ -5.732921842118747, 43.536527753207956 ], [ -5.730701194216222, 43.536527753207956 ], [ -5.730701194216222, 43.536943031704851 ], [ -5.728480546313697, 43.536943031704851 ], [ -5.728480546313697, 43.537358307341755 ], [ -5.727000114378681, 43.537358307341755 ], [ -5.727000114378681, 43.536943031704851 ], [ -5.724039250508648, 43.536943031704851 ], [ -5.724039250508648, 43.536527753207956 ], [ -5.72255881857363, 43.536527753207956 ], [ -5.72255881857363, 43.535697187634213 ], [ -5.721818602606122, 43.535697187634213 ] ] ], [ [ [ -5.82544883805729, 43.546908857629347 ], [ -5.824708622089781, 43.546908857629347 ], [ -5.824708622089781, 43.54607843505606 ], [ -5.823968406122273, 43.54607843505606 ], [ -5.823968406122273, 43.545248001042651 ], [ -5.823228190154764, 43.545248001042651 ], [ -5.823228190154764, 43.544417555589114 ], [ -5.822487974187256, 43.544417555589114 ], [ -5.822487974187256, 43.543587098695482 ], [ -5.821747758219748, 43.543587098695482 ], [ -5.821747758219748, 43.542756630361758 ], [ -5.821007542252239, 43.542756630361758 ], [ -5.821007542252239, 43.54192615058799 ], [ -5.82026732628473, 43.54192615058799 ], [ -5.82026732628473, 43.541510906411077 ], [ -5.819527110317222, 43.541510906411077 ], [ -5.819527110317222, 43.537358307341755 ], [ -5.82026732628473, 43.537358307341755 ], [ -5.82026732628473, 43.534866610620547 ], [ -5.821007542252239, 43.534866610620547 ], [ -5.821007542252239, 43.534451317823752 ], [ -5.822487974187256, 43.534451317823752 ], [ -5.822487974187256, 43.53403602216698 ], [ -5.823228190154764, 43.53403602216698 ], [ -5.823228190154764, 43.533620723650237 ], [ -5.824708622089781, 43.533620723650237 ], [ -5.824708622089781, 43.533205422273518 ], [ -5.82544883805729, 43.533205422273518 ], [ -5.82544883805729, 43.532790118036843 ], [ -5.826189054024797, 43.532790118036843 ], [ -5.826189054024797, 43.531959500983589 ], [ -5.826929269992306, 43.531959500983589 ], [ -5.826929269992306, 43.531128872490477 ], [ -5.827669485959815, 43.531128872490477 ], [ -5.827669485959815, 43.530713553953994 ], [ -5.828409701927322, 43.530713553953994 ], [ -5.828409701927322, 43.529882908301154 ], [ -5.829149917894831, 43.529882908301154 ], [ -5.829149917894831, 43.529052251208505 ], [ -5.834331429667389, 43.529052251208505 ], [ -5.834331429667389, 43.529467581184797 ], [ -5.835071645634897, 43.529467581184797 ], [ -5.835071645634897, 43.529882908301154 ], [ -5.835811861602406, 43.529882908301154 ], [ -5.835811861602406, 43.530713553953994 ], [ -5.836552077569914, 43.530713553953994 ], [ -5.836552077569914, 43.531128872490477 ], [ -5.837292293537423, 43.531128872490477 ], [ -5.837292293537423, 43.531959500983589 ], [ -5.838032509504931, 43.531959500983589 ], [ -5.838032509504931, 43.53237481094019 ], [ -5.83877272547244, 43.53237481094019 ], [ -5.83877272547244, 43.533205422273518 ], [ -5.839512941439948, 43.533205422273518 ], [ -5.839512941439948, 43.533620723650237 ], [ -5.840253157407456, 43.533620723650237 ], [ -5.840253157407456, 43.534451317823752 ], [ -5.840993373374964, 43.534451317823752 ], [ -5.840993373374964, 43.534866610620547 ], [ -5.841733589342473, 43.534866610620547 ], [ -5.841733589342473, 43.535697187634213 ], [ -5.842473805309981, 43.535697187634213 ], [ -5.842473805309981, 43.537358307341755 ], [ -5.843214021277489, 43.537358307341755 ], [ -5.843214021277489, 43.539849901103352 ], [ -5.843954237244998, 43.539849901103352 ], [ -5.843954237244998, 43.544832779745889 ], [ -5.843214021277489, 43.544832779745889 ], [ -5.843214021277489, 43.54607843505606 ], [ -5.842473805309981, 43.54607843505606 ], [ -5.842473805309981, 43.546908857629347 ], [ -5.841733589342473, 43.546908857629347 ], [ -5.841733589342473, 43.54773926876247 ], [ -5.840993373374964, 43.54773926876247 ], [ -5.840993373374964, 43.548569668455436 ], [ -5.836552077569914, 43.548569668455436 ], [ -5.836552077569914, 43.548984864011857 ], [ -5.826929269992306, 43.548984864011857 ], [ -5.826929269992306, 43.54815447003898 ], [ -5.826189054024797, 43.54815447003898 ], [ -5.826189054024797, 43.54773926876247 ], [ -5.82544883805729, 43.54773926876247 ], [ -5.82544883805729, 43.546908857629347 ] ] ], [ [ [ 0.547070426221962, 35.786873994605742 ], [ 0.54781064218947, 35.786873994605742 ], [ 0.54781064218947, 35.77897377950292 ], [ 0.547070426221962, 35.77897377950292 ], [ 0.547070426221962, 35.778509036516901 ], [ 0.546330210254454, 35.778509036516901 ], [ 0.546330210254454, 35.778044290814222 ], [ 0.545589994286945, 35.778044290814222 ], [ 0.545589994286945, 35.777114791259052 ], [ 0.544849778319437, 35.777114791259052 ], [ 0.544849778319437, 35.776650037406554 ], [ 0.544109562351929, 35.776650037406554 ], [ 0.544109562351929, 35.776185280837481 ], [ 0.54336934638442, 35.776185280837481 ], [ 0.54336934638442, 35.775720521551847 ], [ 0.540408482514387, 35.775720521551847 ], [ 0.540408482514387, 35.776185280837481 ], [ 0.537447618644354, 35.776185280837481 ], [ 0.537447618644354, 35.776650037406554 ], [ 0.535967186709337, 35.776650037406554 ], [ 0.535967186709337, 35.777114791259052 ], [ 0.535226970741829, 35.777114791259052 ], [ 0.535226970741829, 35.778044290814222 ], [ 0.53448675477432, 35.778044290814222 ], [ 0.53448675477432, 35.77897377950292 ], [ 0.533746538806812, 35.77897377950292 ], [ 0.533746538806812, 35.780367992161054 ], [ 0.533006322839304, 35.780367992161054 ], [ 0.533006322839304, 35.78129745368301 ], [ 0.532266106871795, 35.78129745368301 ], [ 0.532266106871795, 35.787803380056921 ], [ 0.533006322839304, 35.787803380056921 ], [ 0.533006322839304, 35.788732754640378 ], [ 0.533746538806812, 35.788732754640378 ], [ 0.533746538806812, 35.789197437856686 ], [ 0.53448675477432, 35.789197437856686 ], [ 0.53448675477432, 35.790126796138338 ], [ 0.544849778319437, 35.790126796138338 ], [ 0.544849778319437, 35.789197437856686 ], [ 0.545589994286945, 35.789197437856686 ], [ 0.545589994286945, 35.788732754640378 ], [ 0.546330210254454, 35.788732754640378 ], [ 0.546330210254454, 35.787803380056921 ], [ 0.547070426221962, 35.787803380056921 ], [ 0.547070426221962, 35.786873994605742 ] ] ], [ [ [ 0.132549484417295, 36.021661761371966 ], [ 0.133289700384803, 36.021661761371966 ], [ 0.133289700384803, 36.01980846426639 ], [ 0.134029916352311, 36.01980846426639 ], [ 0.134029916352311, 36.015638386416185 ], [ 0.133289700384803, 36.015638386416185 ], [ 0.133289700384803, 36.014248311432823 ], [ 0.132549484417295, 36.014248311432823 ], [ 0.132549484417295, 36.01378494765703 ], [ 0.131809268449787, 36.01378494765703 ], [ 0.131809268449787, 36.013321581157236 ], [ 0.131069052482278, 36.013321581157236 ], [ 0.131069052482278, 36.012858211933477 ], [ 0.13032883651477, 36.012858211933477 ], [ 0.13032883651477, 36.01239483998576 ], [ 0.128848404579753, 36.01239483998576 ], [ 0.128848404579753, 36.011931465314092 ], [ 0.128108188612245, 36.011931465314092 ], [ 0.128108188612245, 36.011468087918502 ], [ 0.127367972644737, 36.011468087918502 ], [ 0.127367972644737, 36.011004707799003 ], [ 0.125147324742211, 36.011004707799003 ], [ 0.125147324742211, 36.011468087918502 ], [ 0.123666892807195, 36.011468087918502 ], [ 0.123666892807195, 36.011931465314092 ], [ 0.12144624490467, 36.011931465314092 ], [ 0.12144624490467, 36.01239483998576 ], [ 0.120706028937161, 36.01239483998576 ], [ 0.120706028937161, 36.013321581157236 ], [ 0.119965812969653, 36.013321581157236 ], [ 0.119965812969653, 36.015175030812422 ], [ 0.119225597002145, 36.015175030812422 ], [ 0.119225597002145, 36.017955123574062 ], [ 0.119965812969653, 36.017955123574062 ], [ 0.119965812969653, 36.020271792629075 ], [ 0.120706028937161, 36.020271792629075 ], [ 0.120706028937161, 36.022588393579454 ], [ 0.12144624490467, 36.022588393579454 ], [ 0.12144624490467, 36.024441625303204 ], [ 0.122926676839686, 36.024441625303204 ], [ 0.122926676839686, 36.024904926423396 ], [ 0.124407108774703, 36.024904926423396 ], [ 0.124407108774703, 36.025368224819253 ], [ 0.12588754070972, 36.025368224819253 ], [ 0.12588754070972, 36.025831520490769 ], [ 0.128848404579753, 36.025831520490769 ], [ 0.128848404579753, 36.025368224819253 ], [ 0.13032883651477, 36.025368224819253 ], [ 0.13032883651477, 36.024904926423396 ], [ 0.131809268449787, 36.024904926423396 ], [ 0.131809268449787, 36.023978321458699 ], [ 0.132549484417295, 36.023978321458699 ], [ 0.132549484417295, 36.021661761371966 ] ] ], [ [ [ 1.246574515517338, 36.135555728038689 ], [ 1.247314731484846, 36.135555728038689 ], [ 1.247314731484846, 36.13370511326643 ], [ 1.248054947452355, 36.13370511326643 ], [ 1.248054947452355, 36.132317123546741 ], [ 1.248795163419863, 36.132317123546741 ], [ 1.248795163419863, 36.130466432400581 ], [ 1.249535379387371, 36.130466432400581 ], [ 1.249535379387371, 36.129078385401499 ], [ 1.25027559535488, 36.129078385401499 ], [ 1.25027559535488, 36.126764919186158 ], [ 1.249535379387371, 36.126764919186158 ], [ 1.249535379387371, 36.124914097119721 ], [ 1.248795163419863, 36.124914097119721 ], [ 1.248795163419863, 36.123525951932208 ], [ 1.248054947452355, 36.123525951932208 ], [ 1.248054947452355, 36.121675053499345 ], [ 1.247314731484846, 36.121675053499345 ], [ 1.247314731484846, 36.120286851038067 ], [ 1.246574515517338, 36.120286851038067 ], [ 1.246574515517338, 36.119824111429786 ], [ 1.245834299549829, 36.119824111429786 ], [ 1.245834299549829, 36.119361369094264 ], [ 1.244353867614813, 36.119361369094264 ], [ 1.244353867614813, 36.118898624031523 ], [ 1.243613651647304, 36.118898624031523 ], [ 1.243613651647304, 36.11843587624157 ], [ 1.242133219712288, 36.11843587624157 ], [ 1.242133219712288, 36.118898624031523 ], [ 1.24139300374478, 36.118898624031523 ], [ 1.24139300374478, 36.119361369094264 ], [ 1.240652787777271, 36.119361369094264 ], [ 1.240652787777271, 36.119824111429786 ], [ 1.239172355842254, 36.119824111429786 ], [ 1.239172355842254, 36.120286851038067 ], [ 1.238432139874746, 36.120286851038067 ], [ 1.238432139874746, 36.120749587919107 ], [ 1.237691923907238, 36.120749587919107 ], [ 1.237691923907238, 36.121212322072857 ], [ 1.236951707939729, 36.121212322072857 ], [ 1.236951707939729, 36.118898624031523 ], [ 1.236211491972221, 36.118898624031523 ], [ 1.236211491972221, 36.116122096384153 ], [ 1.234731060037205, 36.116122096384153 ], [ 1.234731060037205, 36.115659332231232 ], [ 1.232510412134679, 36.115659332231232 ], [ 1.232510412134679, 36.115196565351212 ], [ 1.228809332297138, 36.115196565351212 ], [ 1.228809332297138, 36.116122096384153 ], [ 1.22806911632963, 36.116122096384153 ], [ 1.22806911632963, 36.117047616508593 ], [ 1.227328900362121, 36.117047616508593 ], [ 1.227328900362121, 36.117510372480098 ], [ 1.226588684394613, 36.117510372480098 ], [ 1.226588684394613, 36.122600508170429 ], [ 1.227328900362121, 36.122600508170429 ], [ 1.227328900362121, 36.123063231414996 ], [ 1.22806911632963, 36.123063231414996 ], [ 1.22806911632963, 36.123988669722088 ], [ 1.228809332297138, 36.123988669722088 ], [ 1.228809332297138, 36.124451384784592 ], [ 1.229549548264646, 36.124451384784592 ], [ 1.229549548264646, 36.124914097119721 ], [ 1.232510412134679, 36.124914097119721 ], [ 1.232510412134679, 36.124451384784592 ], [ 1.233990844069696, 36.124451384784592 ], [ 1.233990844069696, 36.124914097119721 ], [ 1.233250628102188, 36.124914097119721 ], [ 1.233250628102188, 36.125839513607794 ], [ 1.232510412134679, 36.125839513607794 ], [ 1.232510412134679, 36.127227617884188 ], [ 1.231770196167171, 36.127227617884188 ], [ 1.231770196167171, 36.128153007097822 ], [ 1.231029980199663, 36.128153007097822 ], [ 1.231029980199663, 36.129541070462068 ], [ 1.231770196167171, 36.129541070462068 ], [ 1.231770196167171, 36.131391783428839 ], [ 1.232510412134679, 36.131391783428839 ], [ 1.232510412134679, 36.132779789514281 ], [ 1.233250628102188, 36.132779789514281 ], [ 1.233250628102188, 36.134167771051025 ], [ 1.233990844069696, 36.134167771051025 ], [ 1.233990844069696, 36.135093078437173 ], [ 1.234731060037205, 36.135093078437173 ], [ 1.234731060037205, 36.135555728038689 ], [ 1.235471276004713, 36.135555728038689 ], [ 1.235471276004713, 36.136018374912496 ], [ 1.236211491972221, 36.136018374912496 ], [ 1.236211491972221, 36.136481019058579 ], [ 1.236951707939729, 36.136481019058579 ], [ 1.236951707939729, 36.136943660476909 ], [ 1.237691923907238, 36.136943660476909 ], [ 1.237691923907238, 36.13740629916748 ], [ 1.239172355842254, 36.13740629916748 ], [ 1.239172355842254, 36.137868935130264 ], [ 1.239912571809763, 36.137868935130264 ], [ 1.239912571809763, 36.138331568365288 ], [ 1.242873435679796, 36.138331568365288 ], [ 1.242873435679796, 36.137868935130264 ], [ 1.244353867614813, 36.137868935130264 ], [ 1.244353867614813, 36.13740629916748 ], [ 1.245094083582321, 36.13740629916748 ], [ 1.245094083582321, 36.136943660476909 ], [ 1.246574515517338, 36.136943660476909 ], [ 1.246574515517338, 36.135555728038689 ] ] ], [ [ [ 2.93426692143634, 36.14573332913487 ], [ 2.93426692143634, 36.145270739546369 ], [ 2.935007137403848, 36.145270739546369 ], [ 2.935007137403848, 36.143420353912397 ], [ 2.935747353371357, 36.143420353912397 ], [ 2.935747353371357, 36.141107310491023 ], [ 2.936487569338865, 36.141107310491023 ], [ 2.936487569338865, 36.13740629916748 ], [ 2.935747353371357, 36.13740629916748 ], [ 2.935747353371357, 36.135555728038689 ], [ 2.935007137403848, 36.135555728038689 ], [ 2.935007137403848, 36.134167771051025 ], [ 2.93426692143634, 36.134167771051025 ], [ 2.93426692143634, 36.13370511326643 ], [ 2.932046273533815, 36.13370511326643 ], [ 2.932046273533815, 36.133242452754182 ], [ 2.930565841598798, 36.133242452754182 ], [ 2.930565841598798, 36.132779789514281 ], [ 2.929085409663781, 36.132779789514281 ], [ 2.929085409663781, 36.132317123546741 ], [ 2.927604977728765, 36.132317123546741 ], [ 2.927604977728765, 36.130929109278505 ], [ 2.926864761761257, 36.130929109278505 ], [ 2.926864761761257, 36.130003752795091 ], [ 2.926124545793748, 36.130003752795091 ], [ 2.926124545793748, 36.129078385401499 ], [ 2.92538432982624, 36.129078385401499 ], [ 2.92538432982624, 36.128153007097822 ], [ 2.920202818053682, 36.128153007097822 ], [ 2.920202818053682, 36.129078385401499 ], [ 2.919462602086173, 36.129078385401499 ], [ 2.919462602086173, 36.130003752795091 ], [ 2.918722386118665, 36.130003752795091 ], [ 2.918722386118665, 36.130929109278505 ], [ 2.917982170151157, 36.130929109278505 ], [ 2.917982170151157, 36.132317123546741 ], [ 2.917241954183648, 36.132317123546741 ], [ 2.917241954183648, 36.13463042610794 ], [ 2.917982170151157, 36.13463042610794 ], [ 2.917982170151157, 36.135555728038689 ], [ 2.918722386118665, 36.135555728038689 ], [ 2.918722386118665, 36.136481019058579 ], [ 2.919462602086173, 36.136481019058579 ], [ 2.919462602086173, 36.137868935130264 ], [ 2.920202818053682, 36.137868935130264 ], [ 2.920202818053682, 36.139719451703449 ], [ 2.92094303402119, 36.139719451703449 ], [ 2.92094303402119, 36.142495144727611 ], [ 2.921683249988698, 36.142495144727611 ], [ 2.921683249988698, 36.145270739546369 ], [ 2.922423465956207, 36.145270739546369 ], [ 2.922423465956207, 36.14573332913487 ], [ 2.923903897891223, 36.14573332913487 ], [ 2.923903897891223, 36.146195915995342 ], [ 2.92538432982624, 36.146195915995342 ], [ 2.92538432982624, 36.146658500127771 ], [ 2.926864761761257, 36.146658500127771 ], [ 2.926864761761257, 36.147121081532141 ], [ 2.929085409663781, 36.147121081532141 ], [ 2.929085409663781, 36.146658500127771 ], [ 2.931306057566307, 36.146658500127771 ], [ 2.931306057566307, 36.146195915995342 ], [ 2.932786489501323, 36.146195915995342 ], [ 2.932786489501323, 36.14573332913487 ], [ 2.93426692143634, 36.14573332913487 ] ] ], [ [ [ 3.750725133598033, 36.186430528374551 ], [ 3.751465349565541, 36.186430528374551 ], [ 3.751465349565541, 36.185968178906165 ], [ 3.75220556553305, 36.185968178906165 ], [ 3.75220556553305, 36.185505826708528 ], [ 3.752945781500558, 36.185505826708528 ], [ 3.752945781500558, 36.185043471781654 ], [ 3.753685997468065, 36.185043471781654 ], [ 3.753685997468065, 36.184118753740272 ], [ 3.754426213435575, 36.184118753740272 ], [ 3.754426213435575, 36.183656390625785 ], [ 3.755166429403083, 36.183656390625785 ], [ 3.755166429403083, 36.183194024782118 ], [ 3.755906645370591, 36.183194024782118 ], [ 3.755906645370591, 36.182269284907314 ], [ 3.756646861338099, 36.182269284907314 ], [ 3.756646861338099, 36.179957387460668 ], [ 3.755906645370591, 36.179957387460668 ], [ 3.755906645370591, 36.176258209635364 ], [ 3.755166429403083, 36.176258209635364 ], [ 3.755166429403083, 36.175333387889239 ], [ 3.754426213435575, 36.175333387889239 ], [ 3.754426213435575, 36.174408555227394 ], [ 3.753685997468065, 36.174408555227394 ], [ 3.753685997468065, 36.173483711649958 ], [ 3.752945781500558, 36.173483711649958 ], [ 3.752945781500558, 36.172558857157064 ], [ 3.75220556553305, 36.172558857157064 ], [ 3.75220556553305, 36.17209642581733 ], [ 3.751465349565541, 36.17209642581733 ], [ 3.751465349565541, 36.171633991748799 ], [ 3.747764269728, 36.171633991748799 ], [ 3.747764269728, 36.171171554951435 ], [ 3.744803405857966, 36.171171554951435 ], [ 3.744803405857966, 36.17209642581733 ], [ 3.744063189890458, 36.17209642581733 ], [ 3.744063189890458, 36.173021285767938 ], [ 3.743322973922949, 36.173021285767938 ], [ 3.743322973922949, 36.173946134803117 ], [ 3.742582757955441, 36.173946134803117 ], [ 3.742582757955441, 36.174870972922768 ], [ 3.741842541987933, 36.174870972922768 ], [ 3.741842541987933, 36.175795800126778 ], [ 3.741102326020424, 36.175795800126778 ], [ 3.741102326020424, 36.176720616415025 ], [ 3.740362110052916, 36.176720616415025 ], [ 3.740362110052916, 36.177645421787389 ], [ 3.739621894085408, 36.177645421787389 ], [ 3.739621894085408, 36.178570216243784 ], [ 3.738881678117899, 36.178570216243784 ], [ 3.738881678117899, 36.17949499978409 ], [ 3.738141462150391, 36.17949499978409 ], [ 3.738141462150391, 36.180419772408193 ], [ 3.737401246182882, 36.180419772408193 ], [ 3.737401246182882, 36.185043471781654 ], [ 3.738141462150391, 36.185043471781654 ], [ 3.738141462150391, 36.185968178906165 ], [ 3.738881678117899, 36.185968178906165 ], [ 3.738881678117899, 36.186430528374551 ], [ 3.739621894085408, 36.186430528374551 ], [ 3.739621894085408, 36.187355219123539 ], [ 3.740362110052916, 36.187355219123539 ], [ 3.740362110052916, 36.187817560404099 ], [ 3.741842541987933, 36.187817560404099 ], [ 3.741842541987933, 36.188279898955365 ], [ 3.744803405857966, 36.188279898955365 ], [ 3.744803405857966, 36.188742234777301 ], [ 3.748504485695508, 36.188742234777301 ], [ 3.748504485695508, 36.188279898955365 ], [ 3.749244701663016, 36.188279898955365 ], [ 3.749244701663016, 36.187817560404099 ], [ 3.749984917630524, 36.187817560404099 ], [ 3.749984917630524, 36.187355219123539 ], [ 3.750725133598033, 36.187355219123539 ], [ 3.750725133598033, 36.186430528374551 ] ] ], [ [ [ 3.866939040496842, 36.208620092988198 ], [ 3.869159688399366, 36.208620092988198 ], [ 3.869159688399366, 36.20815787454012 ], [ 3.870640120334383, 36.20815787454012 ], [ 3.870640120334383, 36.207695653362137 ], [ 3.871380336301891, 36.207695653362137 ], [ 3.871380336301891, 36.206308973448799 ], [ 3.872120552269399, 36.206308973448799 ], [ 3.872120552269399, 36.204922268966712 ], [ 3.872860768236908, 36.204922268966712 ], [ 3.872860768236908, 36.203073291439821 ], [ 3.872120552269399, 36.203073291439821 ], [ 3.872120552269399, 36.201686529632077 ], [ 3.871380336301891, 36.201686529632077 ], [ 3.871380336301891, 36.200299743256828 ], [ 3.870640120334383, 36.200299743256828 ], [ 3.870640120334383, 36.198450656541034 ], [ 3.869899904366874, 36.198450656541034 ], [ 3.869899904366874, 36.197063812843062 ], [ 3.869159688399366, 36.197063812843062 ], [ 3.869159688399366, 36.19613923672982 ], [ 3.868419472431857, 36.19613923672982 ], [ 3.868419472431857, 36.195676944578857 ], [ 3.866939040496842, 36.195676944578857 ], [ 3.866939040496842, 36.195214649698372 ], [ 3.866198824529333, 36.195214649698372 ], [ 3.866198824529333, 36.194752352088322 ], [ 3.864718392594316, 36.194752352088322 ], [ 3.864718392594316, 36.19429005174878 ], [ 3.863237960659299, 36.19429005174878 ], [ 3.863237960659299, 36.193827748679738 ], [ 3.862497744691792, 36.193827748679738 ], [ 3.862497744691792, 36.193365442881202 ], [ 3.859536880821758, 36.193365442881202 ], [ 3.859536880821758, 36.193827748679738 ], [ 3.85879666485425, 36.193827748679738 ], [ 3.85879666485425, 36.19429005174878 ], [ 3.857316232919233, 36.19429005174878 ], [ 3.857316232919233, 36.194752352088322 ], [ 3.856576016951724, 36.194752352088322 ], [ 3.856576016951724, 36.195214649698372 ], [ 3.855095585016708, 36.195214649698372 ], [ 3.855095585016708, 36.195676944578857 ], [ 3.8543553690492, 36.195676944578857 ], [ 3.8543553690492, 36.19613923672982 ], [ 3.853615153081691, 36.19613923672982 ], [ 3.853615153081691, 36.196601526151227 ], [ 3.852874937114183, 36.196601526151227 ], [ 3.852874937114183, 36.198450656541034 ], [ 3.852134721146674, 36.198450656541034 ], [ 3.852134721146674, 36.203073291439821 ], [ 3.852874937114183, 36.203073291439821 ], [ 3.852874937114183, 36.204922268966712 ], [ 3.853615153081691, 36.204922268966712 ], [ 3.853615153081691, 36.20584674135128 ], [ 3.8543553690492, 36.20584674135128 ], [ 3.8543553690492, 36.206771202816455 ], [ 3.855095585016708, 36.206771202816455 ], [ 3.855095585016708, 36.207695653362137 ], [ 3.855835800984216, 36.207695653362137 ], [ 3.855835800984216, 36.208620092988198 ], [ 3.856576016951724, 36.208620092988198 ], [ 3.856576016951724, 36.209082308706328 ], [ 3.857316232919233, 36.209082308706328 ], [ 3.857316232919233, 36.209544521694525 ], [ 3.858056448886741, 36.209544521694525 ], [ 3.858056448886741, 36.210006731952745 ], [ 3.859536880821758, 36.210006731952745 ], [ 3.859536880821758, 36.210468939481004 ], [ 3.861757528724283, 36.210468939481004 ], [ 3.861757528724283, 36.210006731952745 ], [ 3.863237960659299, 36.210006731952745 ], [ 3.863237960659299, 36.209544521694525 ], [ 3.865458608561824, 36.209544521694525 ], [ 3.865458608561824, 36.209082308706328 ], [ 3.866939040496842, 36.209082308706328 ], [ 3.866939040496842, 36.208620092988198 ] ] ], [ [ [ 3.143748040241198, 36.603276314916315 ], [ 3.144488256208707, 36.603276314916315 ], [ 3.144488256208707, 36.600517014187183 ], [ 3.145228472176215, 36.600517014187183 ], [ 3.145228472176215, 36.598217521521264 ], [ 3.144488256208707, 36.598217521521264 ], [ 3.144488256208707, 36.595917960319227 ], [ 3.143748040241198, 36.595917960319227 ], [ 3.143748040241198, 36.594078262012708 ], [ 3.14300782427369, 36.594078262012708 ], [ 3.14300782427369, 36.593618330582743 ], [ 3.142267608306182, 36.593618330582743 ], [ 3.142267608306182, 36.593158396411461 ], [ 3.141527392338674, 36.593158396411461 ], [ 3.141527392338674, 36.592698459498877 ], [ 3.140787176371165, 36.592698459498877 ], [ 3.140787176371165, 36.592238519845012 ], [ 3.140046960403657, 36.592238519845012 ], [ 3.140046960403657, 36.591778577449873 ], [ 3.139306744436149, 36.591778577449873 ], [ 3.139306744436149, 36.591318632313481 ], [ 3.13856652846864, 36.591318632313481 ], [ 3.13856652846864, 36.590858684435844 ], [ 3.137826312501132, 36.590858684435844 ], [ 3.137826312501132, 36.591318632313481 ], [ 3.135605664598607, 36.591318632313481 ], [ 3.135605664598607, 36.591778577449873 ], [ 3.13412523266359, 36.591778577449873 ], [ 3.13412523266359, 36.592238519845012 ], [ 3.132644800728573, 36.592238519845012 ], [ 3.132644800728573, 36.593158396411461 ], [ 3.131904584761065, 36.593158396411461 ], [ 3.131904584761065, 36.593618330582743 ], [ 3.131164368793557, 36.593618330582743 ], [ 3.131164368793557, 36.594078262012708 ], [ 3.130424152826048, 36.594078262012708 ], [ 3.130424152826048, 36.594998116648675 ], [ 3.12968393685854, 36.594998116648675 ], [ 3.12968393685854, 36.595458039854627 ], [ 3.128943720891032, 36.595458039854627 ], [ 3.128943720891032, 36.600976904495894 ], [ 3.12968393685854, 36.600976904495894 ], [ 3.12968393685854, 36.604196059893432 ], [ 3.130424152826048, 36.604196059893432 ], [ 3.130424152826048, 36.604655928269572 ], [ 3.131164368793557, 36.604655928269572 ], [ 3.131164368793557, 36.605575656796958 ], [ 3.131904584761065, 36.605575656796958 ], [ 3.131904584761065, 36.606035516948175 ], [ 3.132644800728573, 36.606035516948175 ], [ 3.132644800728573, 36.606495374357721 ], [ 3.141527392338674, 36.606495374357721 ], [ 3.141527392338674, 36.605575656796958 ], [ 3.142267608306182, 36.605575656796958 ], [ 3.142267608306182, 36.605115793904091 ], [ 3.14300782427369, 36.605115793904091 ], [ 3.14300782427369, 36.604196059893432 ], [ 3.143748040241198, 36.604196059893432 ], [ 3.143748040241198, 36.603276314916315 ] ] ], [ [ [ 2.890594179353348, 36.61017413493235 ], [ 2.890594179353348, 36.608334776578928 ], [ 2.891334395320857, 36.608334776578928 ], [ 2.891334395320857, 36.606495374357721 ], [ 2.892074611288365, 36.606495374357721 ], [ 2.892074611288365, 36.606035516948175 ], [ 2.891334395320857, 36.606035516948175 ], [ 2.891334395320857, 36.605115793904091 ], [ 2.892814827255873, 36.605115793904091 ], [ 2.892814827255873, 36.605575656796958 ], [ 2.893555043223381, 36.605575656796958 ], [ 2.893555043223381, 36.606035516948175 ], [ 2.895035475158398, 36.606035516948175 ], [ 2.895035475158398, 36.605575656796958 ], [ 2.895775691125907, 36.605575656796958 ], [ 2.895775691125907, 36.605115793904091 ], [ 2.896515907093415, 36.605115793904091 ], [ 2.896515907093415, 36.604655928269572 ], [ 2.897256123060923, 36.604655928269572 ], [ 2.897256123060923, 36.604196059893432 ], [ 2.897996339028431, 36.604196059893432 ], [ 2.897996339028431, 36.603736188775677 ], [ 2.89873655499594, 36.603736188775677 ], [ 2.89873655499594, 36.603276314916315 ], [ 2.899476770963448, 36.603276314916315 ], [ 2.899476770963448, 36.602816438315351 ], [ 2.900216986930956, 36.602816438315351 ], [ 2.900216986930956, 36.602356558972815 ], [ 2.901697418865973, 36.602356558972815 ], [ 2.901697418865973, 36.601896676888721 ], [ 2.902437634833482, 36.601896676888721 ], [ 2.902437634833482, 36.600057121136963 ], [ 2.90317785080099, 36.600057121136963 ], [ 2.90317785080099, 36.598217521521264 ], [ 2.903918066768498, 36.598217521521264 ], [ 2.903918066768498, 36.597757614763687 ], [ 2.90317785080099, 36.597757614763687 ], [ 2.90317785080099, 36.596377878042439 ], [ 2.902437634833482, 36.596377878042439 ], [ 2.902437634833482, 36.595458039854627 ], [ 2.901697418865973, 36.595458039854627 ], [ 2.901697418865973, 36.594078262012708 ], [ 2.900957202898465, 36.594078262012708 ], [ 2.900957202898465, 36.593158396411461 ], [ 2.900216986930956, 36.593158396411461 ], [ 2.900216986930956, 36.592698459498877 ], [ 2.899476770963448, 36.592698459498877 ], [ 2.899476770963448, 36.593158396411461 ], [ 2.896515907093415, 36.593158396411461 ], [ 2.896515907093415, 36.593618330582743 ], [ 2.89429525919089, 36.593618330582743 ], [ 2.89429525919089, 36.594078262012708 ], [ 2.891334395320857, 36.594078262012708 ], [ 2.891334395320857, 36.594538190701364 ], [ 2.889113747418332, 36.594538190701364 ], [ 2.889113747418332, 36.596377878042439 ], [ 2.888373531450823, 36.596377878042439 ], [ 2.888373531450823, 36.598217521521264 ], [ 2.887633315483315, 36.598217521521264 ], [ 2.887633315483315, 36.598677425537396 ], [ 2.888373531450823, 36.598677425537396 ], [ 2.888373531450823, 36.600976904495894 ], [ 2.889113747418332, 36.600976904495894 ], [ 2.889113747418332, 36.601896676888721 ], [ 2.887633315483315, 36.601896676888721 ], [ 2.887633315483315, 36.601436792063076 ], [ 2.886893099515807, 36.601436792063076 ], [ 2.886893099515807, 36.600976904495894 ], [ 2.88541266758079, 36.600976904495894 ], [ 2.88541266758079, 36.599597225345263 ], [ 2.886152883548299, 36.599597225345263 ], [ 2.886152883548299, 36.598677425537396 ], [ 2.886893099515807, 36.598677425537396 ], [ 2.886893099515807, 36.597757614763687 ], [ 2.887633315483315, 36.597757614763687 ], [ 2.887633315483315, 36.596377878042439 ], [ 2.886893099515807, 36.596377878042439 ], [ 2.886893099515807, 36.594998116648675 ], [ 2.886152883548299, 36.594998116648675 ], [ 2.886152883548299, 36.593618330582743 ], [ 2.88541266758079, 36.593618330582743 ], [ 2.88541266758079, 36.592238519845012 ], [ 2.884672451613281, 36.592238519845012 ], [ 2.884672451613281, 36.591318632313481 ], [ 2.883932235645773, 36.591318632313481 ], [ 2.883932235645773, 36.590858684435844 ], [ 2.883192019678265, 36.590858684435844 ], [ 2.883192019678265, 36.590398733816969 ], [ 2.882451803710757, 36.590398733816969 ], [ 2.882451803710757, 36.58993878045689 ], [ 2.881711587743248, 36.58993878045689 ], [ 2.881711587743248, 36.589478824355602 ], [ 2.88097137177574, 36.589478824355602 ], [ 2.88097137177574, 36.589018865513104 ], [ 2.880231155808231, 36.589018865513104 ], [ 2.880231155808231, 36.588558903929453 ], [ 2.879490939840723, 36.588558903929453 ], [ 2.879490939840723, 36.588098939604613 ], [ 2.878750723873215, 36.588098939604613 ], [ 2.878750723873215, 36.588558903929453 ], [ 2.877270291938198, 36.588558903929453 ], [ 2.877270291938198, 36.589018865513104 ], [ 2.87653007597069, 36.589018865513104 ], [ 2.87653007597069, 36.589478824355602 ], [ 2.875789860003182, 36.589478824355602 ], [ 2.875789860003182, 36.58993878045689 ], [ 2.874309428068165, 36.58993878045689 ], [ 2.874309428068165, 36.590398733816969 ], [ 2.873569212100656, 36.590398733816969 ], [ 2.873569212100656, 36.590858684435844 ], [ 2.872828996133148, 36.590858684435844 ], [ 2.872828996133148, 36.591318632313481 ], [ 2.871348564198132, 36.591318632313481 ], [ 2.871348564198132, 36.592238519845012 ], [ 2.870608348230624, 36.592238519845012 ], [ 2.870608348230624, 36.593618330582743 ], [ 2.869868132263115, 36.593618330582743 ], [ 2.869868132263115, 36.594998116648675 ], [ 2.869127916295606, 36.594998116648675 ], [ 2.869127916295606, 36.596377878042439 ], [ 2.868387700328098, 36.596377878042439 ], [ 2.868387700328098, 36.597757614763687 ], [ 2.86764748436059, 36.597757614763687 ], [ 2.86764748436059, 36.600976904495894 ], [ 2.868387700328098, 36.600976904495894 ], [ 2.868387700328098, 36.602816438315351 ], [ 2.869127916295606, 36.602816438315351 ], [ 2.869127916295606, 36.604655928269572 ], [ 2.869868132263115, 36.604655928269572 ], [ 2.869868132263115, 36.605115793904091 ], [ 2.870608348230624, 36.605115793904091 ], [ 2.870608348230624, 36.605575656796958 ], [ 2.87208878016564, 36.605575656796958 ], [ 2.87208878016564, 36.606035516948175 ], [ 2.873569212100656, 36.606035516948175 ], [ 2.873569212100656, 36.606495374357721 ], [ 2.87653007597069, 36.606495374357721 ], [ 2.87653007597069, 36.606035516948175 ], [ 2.877270291938198, 36.606035516948175 ], [ 2.877270291938198, 36.605575656796958 ], [ 2.878010507905707, 36.605575656796958 ], [ 2.878010507905707, 36.605115793904091 ], [ 2.879490939840723, 36.605115793904091 ], [ 2.879490939840723, 36.604655928269572 ], [ 2.880231155808231, 36.604655928269572 ], [ 2.880231155808231, 36.604196059893432 ], [ 2.88097137177574, 36.604196059893432 ], [ 2.88097137177574, 36.605575656796958 ], [ 2.880231155808231, 36.605575656796958 ], [ 2.880231155808231, 36.607415080951746 ], [ 2.88097137177574, 36.607415080951746 ], [ 2.88097137177574, 36.608794620279923 ], [ 2.881711587743248, 36.608794620279923 ], [ 2.881711587743248, 36.61017413493235 ], [ 2.882451803710757, 36.61017413493235 ], [ 2.882451803710757, 36.610633967666281 ], [ 2.883192019678265, 36.610633967666281 ], [ 2.883192019678265, 36.611093797658391 ], [ 2.884672451613281, 36.611093797658391 ], [ 2.884672451613281, 36.611553624908673 ], [ 2.88541266758079, 36.611553624908673 ], [ 2.88541266758079, 36.612013449417155 ], [ 2.886893099515807, 36.612013449417155 ], [ 2.886893099515807, 36.611553624908673 ], [ 2.887633315483315, 36.611553624908673 ], [ 2.887633315483315, 36.611093797658391 ], [ 2.889113747418332, 36.611093797658391 ], [ 2.889113747418332, 36.610633967666281 ], [ 2.88985396338584, 36.610633967666281 ], [ 2.88985396338584, 36.61017413493235 ], [ 2.890594179353348, 36.61017413493235 ] ], [ [ 2.88541266758079, 36.601436792063076 ], [ 2.884672451613281, 36.601436792063076 ], [ 2.884672451613281, 36.600976904495894 ], [ 2.88541266758079, 36.600976904495894 ], [ 2.88541266758079, 36.601436792063076 ] ] ], [ [ [ 3.126723072988507, 36.687387561947112 ], [ 3.128203504923524, 36.687387561947112 ], [ 3.128203504923524, 36.68692818727758 ], [ 3.128943720891032, 36.68692818727758 ], [ 3.128943720891032, 36.686468809864046 ], [ 3.12968393685854, 36.686468809864046 ], [ 3.12968393685854, 36.685550046805048 ], [ 3.130424152826048, 36.685550046805048 ], [ 3.130424152826048, 36.684631272770233 ], [ 3.131164368793557, 36.684631272770233 ], [ 3.131164368793557, 36.683712487759699 ], [ 3.131904584761065, 36.683712487759699 ], [ 3.131904584761065, 36.677740117665422 ], [ 3.132644800728573, 36.677740117665422 ], [ 3.132644800728573, 36.675442928775055 ], [ 3.131904584761065, 36.675442928775055 ], [ 3.131904584761065, 36.674983482765938 ], [ 3.131164368793557, 36.674983482765938 ], [ 3.131164368793557, 36.674064582516735 ], [ 3.130424152826048, 36.674064582516735 ], [ 3.130424152826048, 36.673605128276698 ], [ 3.12968393685854, 36.673605128276698 ], [ 3.12968393685854, 36.672686211565782 ], [ 3.121541561215949, 36.672686211565782 ], [ 3.121541561215949, 36.672226749094932 ], [ 3.120801345248441, 36.672226749094932 ], [ 3.120801345248441, 36.672686211565782 ], [ 3.119320913313424, 36.672686211565782 ], [ 3.119320913313424, 36.673145671293035 ], [ 3.117840481378407, 36.673145671293035 ], [ 3.117840481378407, 36.673605128276698 ], [ 3.117100265410898, 36.673605128276698 ], [ 3.117100265410898, 36.674064582516735 ], [ 3.115619833475882, 36.674064582516735 ], [ 3.115619833475882, 36.67452403401316 ], [ 3.114879617508374, 36.67452403401316 ], [ 3.114879617508374, 36.674983482765938 ], [ 3.113399185573357, 36.674983482765938 ], [ 3.113399185573357, 36.675442928775055 ], [ 3.112658969605848, 36.675442928775055 ], [ 3.112658969605848, 36.675902372040525 ], [ 3.111178537670832, 36.675902372040525 ], [ 3.111178537670832, 36.677280685374775 ], [ 3.110438321703324, 36.677280685374775 ], [ 3.110438321703324, 36.679118398074984 ], [ 3.109698105735816, 36.679118398074984 ], [ 3.109698105735816, 36.684631272770233 ], [ 3.110438321703324, 36.684631272770233 ], [ 3.110438321703324, 36.68692818727758 ], [ 3.111178537670832, 36.68692818727758 ], [ 3.111178537670832, 36.687387561947112 ], [ 3.11191875363834, 36.687387561947112 ], [ 3.11191875363834, 36.688306303054155 ], [ 3.112658969605848, 36.688306303054155 ], [ 3.112658969605848, 36.688765669491623 ], [ 3.113399185573357, 36.688765669491623 ], [ 3.113399185573357, 36.689225033185046 ], [ 3.124502425085982, 36.689225033185046 ], [ 3.124502425085982, 36.688765669491623 ], [ 3.12524264105349, 36.688765669491623 ], [ 3.12524264105349, 36.688306303054155 ], [ 3.125982857020999, 36.688306303054155 ], [ 3.125982857020999, 36.687846933872635 ], [ 3.126723072988507, 36.687846933872635 ], [ 3.126723072988507, 36.687387561947112 ] ] ], [ [ [ 3.088972058645582, 36.753049880997843 ], [ 3.089712274613091, 36.753049880997843 ], [ 3.089712274613091, 36.748000926399854 ], [ 3.088972058645582, 36.748000926399854 ], [ 3.088972058645582, 36.746623881121046 ], [ 3.088231842678073, 36.746623881121046 ], [ 3.088231842678073, 36.745705837206678 ], [ 3.087491626710565, 36.745705837206678 ], [ 3.087491626710565, 36.744328750742632 ], [ 3.086751410743056, 36.744328750742632 ], [ 3.086751410743056, 36.743410679371763 ], [ 3.086011194775548, 36.743410679371763 ], [ 3.086011194775548, 36.742951639567913 ], [ 3.08527097880804, 36.742951639567913 ], [ 3.08527097880804, 36.742492597018455 ], [ 3.084530762840532, 36.742492597018455 ], [ 3.084530762840532, 36.742033551723452 ], [ 3.083050330905515, 36.742033551723452 ], [ 3.083050330905515, 36.741574503682855 ], [ 3.082310114938007, 36.741574503682855 ], [ 3.082310114938007, 36.741115452896715 ], [ 3.079349251067974, 36.741115452896715 ], [ 3.079349251067974, 36.741574503682855 ], [ 3.078609035100465, 36.741574503682855 ], [ 3.078609035100465, 36.742033551723452 ], [ 3.077868819132957, 36.742033551723452 ], [ 3.077868819132957, 36.742492597018455 ], [ 3.077128603165448, 36.742492597018455 ], [ 3.077128603165448, 36.742951639567913 ], [ 3.07638838719794, 36.742951639567913 ], [ 3.07638838719794, 36.743410679371763 ], [ 3.075648171230431, 36.743410679371763 ], [ 3.075648171230431, 36.743869716429998 ], [ 3.074907955262923, 36.743869716429998 ], [ 3.074907955262923, 36.74524681113099 ], [ 3.074167739295415, 36.74524681113099 ], [ 3.074167739295415, 36.748459936001332 ], [ 3.073427523327906, 36.748459936001332 ], [ 3.073427523327906, 36.75121393594906 ], [ 3.074167739295415, 36.75121393594906 ], [ 3.074167739295415, 36.752131913965158 ], [ 3.074907955262923, 36.752131913965158 ], [ 3.074907955262923, 36.752590898854436 ], [ 3.075648171230431, 36.752590898854436 ], [ 3.075648171230431, 36.753508860395392 ], [ 3.07638838719794, 36.753508860395392 ], [ 3.07638838719794, 36.753967837047014 ], [ 3.077128603165448, 36.753967837047014 ], [ 3.077128603165448, 36.754426810952772 ], [ 3.077868819132957, 36.754426810952772 ], [ 3.077868819132957, 36.754885782112567 ], [ 3.082310114938007, 36.754885782112567 ], [ 3.082310114938007, 36.755344750526469 ], [ 3.086751410743056, 36.755344750526469 ], [ 3.086751410743056, 36.754885782112567 ], [ 3.087491626710565, 36.754885782112567 ], [ 3.087491626710565, 36.754426810952772 ], [ 3.088231842678073, 36.754426810952772 ], [ 3.088231842678073, 36.753508860395392 ], [ 3.088972058645582, 36.753508860395392 ], [ 3.088972058645582, 36.753049880997843 ] ] ], [ [ [ 1.667017185062072, 41.319976656407619 ], [ 1.66775740102958, 41.319976656407619 ], [ 1.66775740102958, 41.319116189662658 ], [ 1.668497616997088, 41.319116189662658 ], [ 1.668497616997088, 41.317395222091427 ], [ 1.669237832964597, 41.317395222091427 ], [ 1.669237832964597, 41.315674209078693 ], [ 1.669978048932105, 41.315674209078693 ], [ 1.669978048932105, 41.31395315062484 ], [ 1.670718264899614, 41.31395315062484 ], [ 1.670718264899614, 41.312232046730209 ], [ 1.669978048932105, 41.312232046730209 ], [ 1.669978048932105, 41.31051089739514 ], [ 1.669237832964597, 41.31051089739514 ], [ 1.669237832964597, 41.308789702620011 ], [ 1.668497616997088, 41.308789702620011 ], [ 1.668497616997088, 41.30749877671883 ], [ 1.66775740102958, 41.30749877671883 ], [ 1.66775740102958, 41.307068462405169 ], [ 1.667017185062072, 41.307068462405169 ], [ 1.667017185062072, 41.306638145251547 ], [ 1.666276969094563, 41.306638145251547 ], [ 1.666276969094563, 41.306207825257957 ], [ 1.665536753127055, 41.306207825257957 ], [ 1.665536753127055, 41.305777502424441 ], [ 1.661835673289513, 41.305777502424441 ], [ 1.661835673289513, 41.306207825257957 ], [ 1.661095457322005, 41.306207825257957 ], [ 1.661095457322005, 41.306638145251547 ], [ 1.659615025386988, 41.306638145251547 ], [ 1.659615025386988, 41.307068462405169 ], [ 1.658134593451972, 41.307068462405169 ], [ 1.658134593451972, 41.30749877671883 ], [ 1.657394377484463, 41.30749877671883 ], [ 1.657394377484463, 41.307929088192537 ], [ 1.656654161516955, 41.307929088192537 ], [ 1.656654161516955, 41.308359396826262 ], [ 1.655913945549446, 41.308359396826262 ], [ 1.655913945549446, 41.309650305687569 ], [ 1.655173729581938, 41.309650305687569 ], [ 1.655173729581938, 41.311371477742703 ], [ 1.65443351361443, 41.311371477742703 ], [ 1.65443351361443, 41.312232046730209 ], [ 1.655173729581938, 41.312232046730209 ], [ 1.655173729581938, 41.314383419498391 ], [ 1.655913945549446, 41.314383419498391 ], [ 1.655913945549446, 41.316964973098372 ], [ 1.656654161516955, 41.316964973098372 ], [ 1.656654161516955, 41.318685952030009 ], [ 1.657394377484463, 41.318685952030009 ], [ 1.657394377484463, 41.319116189662658 ], [ 1.65887480941948, 41.319116189662658 ], [ 1.65887480941948, 41.319546424455204 ], [ 1.659615025386988, 41.319546424455204 ], [ 1.659615025386988, 41.319976656407619 ], [ 1.660355241354497, 41.319976656407619 ], [ 1.660355241354497, 41.320406885519908 ], [ 1.661835673289513, 41.320406885519908 ], [ 1.661835673289513, 41.320837111792073 ], [ 1.662575889257022, 41.320837111792073 ], [ 1.662575889257022, 41.321267335224093 ], [ 1.664796537159547, 41.321267335224093 ], [ 1.664796537159547, 41.320837111792073 ], [ 1.665536753127055, 41.320837111792073 ], [ 1.665536753127055, 41.320406885519908 ], [ 1.667017185062072, 41.320406885519908 ], [ 1.667017185062072, 41.319976656407619 ] ] ], [ [ [ 0.772096080344496, 41.821827939753035 ], [ 0.772096080344496, 41.821401037181964 ], [ 0.772836296312004, 41.821401037181964 ], [ 0.772836296312004, 41.820974131764785 ], [ 0.773576512279512, 41.820974131764785 ], [ 0.773576512279512, 41.820120312392113 ], [ 0.77431672824702, 41.820120312392113 ], [ 0.77431672824702, 41.81969339843662 ], [ 0.775056944214529, 41.81969339843662 ], [ 0.775056944214529, 41.818839561987375 ], [ 0.775797160182037, 41.818839561987375 ], [ 0.775797160182037, 41.817985714153799 ], [ 0.775056944214529, 41.817985714153799 ], [ 0.775056944214529, 41.812862388083481 ], [ 0.77431672824702, 41.812862388083481 ], [ 0.77431672824702, 41.811581492530195 ], [ 0.772836296312004, 41.811581492530195 ], [ 0.772836296312004, 41.811154521653762 ], [ 0.772096080344496, 41.811154521653762 ], [ 0.772096080344496, 41.810727547931322 ], [ 0.771355864376987, 41.810727547931322 ], [ 0.771355864376987, 41.810300571362902 ], [ 0.769135216474462, 41.810300571362902 ], [ 0.769135216474462, 41.810727547931322 ], [ 0.767654784539446, 41.810727547931322 ], [ 0.767654784539446, 41.811154521653762 ], [ 0.765434136636921, 41.811154521653762 ], [ 0.765434136636921, 41.811581492530195 ], [ 0.763953704701904, 41.811581492530195 ], [ 0.763953704701904, 41.812008460560634 ], [ 0.761733056799379, 41.812008460560634 ], [ 0.761733056799379, 41.812862388083481 ], [ 0.760992840831871, 41.812862388083481 ], [ 0.760992840831871, 41.813289347575882 ], [ 0.760252624864362, 41.813289347575882 ], [ 0.760252624864362, 41.814143258022611 ], [ 0.759512408896854, 41.814143258022611 ], [ 0.759512408896854, 41.814997157085209 ], [ 0.758772192929346, 41.814997157085209 ], [ 0.758772192929346, 41.820974131764785 ], [ 0.759512408896854, 41.820974131764785 ], [ 0.759512408896854, 41.821401037181964 ], [ 0.760252624864362, 41.821401037181964 ], [ 0.760252624864362, 41.822254839477992 ], [ 0.760992840831871, 41.822254839477992 ], [ 0.760992840831871, 41.823108630389527 ], [ 0.761733056799379, 41.823108630389527 ], [ 0.761733056799379, 41.823535521576098 ], [ 0.766914568571937, 41.823535521576098 ], [ 0.766914568571937, 41.823962409916547 ], [ 0.769875432441971, 41.823962409916547 ], [ 0.769875432441971, 41.823108630389527 ], [ 0.770615648409479, 41.823108630389527 ], [ 0.770615648409479, 41.82268173635682 ], [ 0.771355864376987, 41.82268173635682 ], [ 0.771355864376987, 41.821827939753035 ], [ 0.772096080344496, 41.821827939753035 ] ] ], [ [ [ 0.366457730149928, 42.46193358206019 ], [ 0.368678378052454, 42.46193358206019 ], [ 0.368678378052454, 42.461510973571876 ], [ 0.369418594019962, 42.461510973571876 ], [ 0.369418594019962, 42.460243130991991 ], [ 0.37015880998747, 42.460243130991991 ], [ 0.37015880998747, 42.458552634284189 ], [ 0.370899025954978, 42.458552634284189 ], [ 0.370899025954978, 42.452212865156469 ], [ 0.37015880998747, 42.452212865156469 ], [ 0.37015880998747, 42.450099466159784 ], [ 0.369418594019962, 42.450099466159784 ], [ 0.369418594019962, 42.449676777803276 ], [ 0.368678378052454, 42.449676777803276 ], [ 0.368678378052454, 42.449254086594394 ], [ 0.367938162084945, 42.449254086594394 ], [ 0.367938162084945, 42.448831392533123 ], [ 0.367197946117437, 42.448831392533123 ], [ 0.367197946117437, 42.448408695619484 ], [ 0.366457730149928, 42.448408695619484 ], [ 0.366457730149928, 42.447985995853479 ], [ 0.36571751418242, 42.447985995853479 ], [ 0.36571751418242, 42.447563293235106 ], [ 0.364977298214912, 42.447563293235106 ], [ 0.364977298214912, 42.44714058776438 ], [ 0.364237082247403, 42.44714058776438 ], [ 0.364237082247403, 42.44671787944128 ], [ 0.362756650312387, 42.44671787944128 ], [ 0.362756650312387, 42.44714058776438 ], [ 0.362016434344878, 42.44714058776438 ], [ 0.362016434344878, 42.447563293235106 ], [ 0.36127621837737, 42.447563293235106 ], [ 0.36127621837737, 42.447985995853479 ], [ 0.359795786442353, 42.447985995853479 ], [ 0.359795786442353, 42.448408695619484 ], [ 0.359055570474845, 42.448408695619484 ], [ 0.359055570474845, 42.448831392533123 ], [ 0.358315354507337, 42.448831392533123 ], [ 0.358315354507337, 42.449254086594394 ], [ 0.35683492257232, 42.449254086594394 ], [ 0.35683492257232, 42.449676777803276 ], [ 0.356094706604812, 42.449676777803276 ], [ 0.356094706604812, 42.450099466159784 ], [ 0.355354490637303, 42.450099466159784 ], [ 0.355354490637303, 42.450522151663897 ], [ 0.353874058702287, 42.450522151663897 ], [ 0.353874058702287, 42.450944834315635 ], [ 0.353133842734778, 42.450944834315635 ], [ 0.353133842734778, 42.45136751411497 ], [ 0.35239362676727, 42.45136751411497 ], [ 0.35239362676727, 42.451790191061924 ], [ 0.351653410799762, 42.451790191061924 ], [ 0.351653410799762, 42.453058204788348 ], [ 0.350913194832253, 42.453058204788348 ], [ 0.350913194832253, 42.454748849823147 ], [ 0.350172978864745, 42.454748849823147 ], [ 0.350172978864745, 42.45643944921914 ], [ 0.350913194832253, 42.45643944921914 ], [ 0.350913194832253, 42.458552634284189 ], [ 0.351653410799762, 42.458552634284189 ], [ 0.351653410799762, 42.459397888343034 ], [ 0.35239362676727, 42.459397888343034 ], [ 0.35239362676727, 42.459820511093746 ], [ 0.353133842734778, 42.459820511093746 ], [ 0.353133842734778, 42.460243130991991 ], [ 0.353874058702287, 42.460243130991991 ], [ 0.353874058702287, 42.460665748037762 ], [ 0.354614274669795, 42.460665748037762 ], [ 0.354614274669795, 42.46108836223106 ], [ 0.355354490637303, 42.46108836223106 ], [ 0.355354490637303, 42.461510973571876 ], [ 0.356094706604812, 42.461510973571876 ], [ 0.356094706604812, 42.46193358206019 ], [ 0.35683492257232, 42.46193358206019 ], [ 0.35683492257232, 42.462356187696031 ], [ 0.357575138539828, 42.462356187696031 ], [ 0.357575138539828, 42.462778790479376 ], [ 0.358315354507337, 42.462778790479376 ], [ 0.358315354507337, 42.463201390410227 ], [ 0.362016434344878, 42.463201390410227 ], [ 0.362016434344878, 42.462778790479376 ], [ 0.364237082247403, 42.462778790479376 ], [ 0.364237082247403, 42.462356187696031 ], [ 0.366457730149928, 42.462356187696031 ], [ 0.366457730149928, 42.46193358206019 ] ] ], [ [ [ 0.286514405659028, 42.47841308812648 ], [ 0.287254621626537, 42.47841308812648 ], [ 0.287254621626537, 42.477990590887998 ], [ 0.287994837594045, 42.477990590887998 ], [ 0.287994837594045, 42.476723082056779 ], [ 0.288735053561553, 42.476723082056779 ], [ 0.288735053561553, 42.475033030345152 ], [ 0.289475269529062, 42.475033030345152 ], [ 0.289475269529062, 42.473765461609084 ], [ 0.288735053561553, 42.473765461609084 ], [ 0.288735053561553, 42.472075330024687 ], [ 0.287994837594045, 42.472075330024687 ], [ 0.287994837594045, 42.470385152799032 ], [ 0.288735053561553, 42.470385152799032 ], [ 0.288735053561553, 42.469962601361203 ], [ 0.289475269529062, 42.469962601361203 ], [ 0.289475269529062, 42.469540047070808 ], [ 0.29021548549657, 42.469540047070808 ], [ 0.29021548549657, 42.467849801383707 ], [ 0.290955701464078, 42.467849801383707 ], [ 0.290955701464078, 42.466159510055938 ], [ 0.291695917431587, 42.466159510055938 ], [ 0.291695917431587, 42.46531434727688 ], [ 0.290955701464078, 42.46531434727688 ], [ 0.290955701464078, 42.463623987488582 ], [ 0.29021548549657, 42.463623987488582 ], [ 0.29021548549657, 42.46193358206019 ], [ 0.289475269529062, 42.46193358206019 ], [ 0.289475269529062, 42.461510973571876 ], [ 0.288735053561553, 42.461510973571876 ], [ 0.288735053561553, 42.46108836223106 ], [ 0.287994837594045, 42.46108836223106 ], [ 0.287994837594045, 42.460665748037762 ], [ 0.286514405659028, 42.460665748037762 ], [ 0.286514405659028, 42.460243130991991 ], [ 0.285033973724012, 42.460243130991991 ], [ 0.285033973724012, 42.460665748037762 ], [ 0.283553541788995, 42.460665748037762 ], [ 0.283553541788995, 42.46108836223106 ], [ 0.282813325821487, 42.46108836223106 ], [ 0.282813325821487, 42.460665748037762 ], [ 0.282073109853978, 42.460665748037762 ], [ 0.282073109853978, 42.460243130991991 ], [ 0.28133289388647, 42.460243130991991 ], [ 0.28133289388647, 42.459397888343034 ], [ 0.280592677918962, 42.459397888343034 ], [ 0.280592677918962, 42.458975262739841 ], [ 0.279852461951453, 42.458975262739841 ], [ 0.279852461951453, 42.458552634284189 ], [ 0.279112245983945, 42.458552634284189 ], [ 0.279112245983945, 42.45770736881552 ], [ 0.278372030016437, 42.45770736881552 ], [ 0.278372030016437, 42.457284731802517 ], [ 0.277631814048928, 42.457284731802517 ], [ 0.277631814048928, 42.456862091937047 ], [ 0.276151382113912, 42.456862091937047 ], [ 0.276151382113912, 42.457284731802517 ], [ 0.273930734211387, 42.457284731802517 ], [ 0.273930734211387, 42.45770736881552 ], [ 0.271710086308862, 42.45770736881552 ], [ 0.271710086308862, 42.458130002976084 ], [ 0.269489438406337, 42.458130002976084 ], [ 0.269489438406337, 42.458552634284189 ], [ 0.267268790503812, 42.458552634284189 ], [ 0.267268790503812, 42.458975262739841 ], [ 0.266528574536303, 42.458975262739841 ], [ 0.266528574536303, 42.459820511093746 ], [ 0.265788358568795, 42.459820511093746 ], [ 0.265788358568795, 42.46108836223106 ], [ 0.265048142601287, 42.46108836223106 ], [ 0.265048142601287, 42.46193358206019 ], [ 0.264307926633778, 42.46193358206019 ], [ 0.264307926633778, 42.462778790479376 ], [ 0.26356771066627, 42.462778790479376 ], [ 0.26356771066627, 42.463623987488582 ], [ 0.262827494698762, 42.463623987488582 ], [ 0.262827494698762, 42.464469173087757 ], [ 0.262087278731253, 42.464469173087757 ], [ 0.262087278731253, 42.46531434727688 ], [ 0.261347062763745, 42.46531434727688 ], [ 0.261347062763745, 42.466159510055938 ], [ 0.260606846796237, 42.466159510055938 ], [ 0.260606846796237, 42.467004661424888 ], [ 0.259866630828728, 42.467004661424888 ], [ 0.259866630828728, 42.468272367084303 ], [ 0.25912641486122, 42.468272367084303 ], [ 0.25912641486122, 42.469117489927854 ], [ 0.258386198893712, 42.469117489927854 ], [ 0.258386198893712, 42.469962601361203 ], [ 0.257645982926203, 42.469962601361203 ], [ 0.257645982926203, 42.474610510285736 ], [ 0.258386198893712, 42.474610510285736 ], [ 0.258386198893712, 42.476723082056779 ], [ 0.25912641486122, 42.476723082056779 ], [ 0.25912641486122, 42.477145587853137 ], [ 0.260606846796237, 42.477145587853137 ], [ 0.260606846796237, 42.477568090796886 ], [ 0.261347062763745, 42.477568090796886 ], [ 0.261347062763745, 42.477990590887998 ], [ 0.264307926633778, 42.477990590887998 ], [ 0.264307926633778, 42.477568090796886 ], [ 0.265048142601287, 42.477568090796886 ], [ 0.265048142601287, 42.477145587853137 ], [ 0.265788358568795, 42.477145587853137 ], [ 0.265788358568795, 42.476723082056779 ], [ 0.267268790503812, 42.476723082056779 ], [ 0.267268790503812, 42.477145587853137 ], [ 0.269489438406337, 42.477145587853137 ], [ 0.269489438406337, 42.477568090796886 ], [ 0.27245030227637, 42.477568090796886 ], [ 0.27245030227637, 42.477990590887998 ], [ 0.276151382113912, 42.477990590887998 ], [ 0.276151382113912, 42.477568090796886 ], [ 0.277631814048928, 42.477568090796886 ], [ 0.277631814048928, 42.477145587853137 ], [ 0.278372030016437, 42.477145587853137 ], [ 0.278372030016437, 42.477568090796886 ], [ 0.279112245983945, 42.477568090796886 ], [ 0.279112245983945, 42.477990590887998 ], [ 0.279852461951453, 42.477990590887998 ], [ 0.279852461951453, 42.47841308812648 ], [ 0.280592677918962, 42.47841308812648 ], [ 0.280592677918962, 42.478835582512332 ], [ 0.282073109853978, 42.478835582512332 ], [ 0.282073109853978, 42.479258074045532 ], [ 0.282813325821487, 42.479258074045532 ], [ 0.282813325821487, 42.479680562726109 ], [ 0.284293757756503, 42.479680562726109 ], [ 0.284293757756503, 42.479258074045532 ], [ 0.28577418969152, 42.479258074045532 ], [ 0.28577418969152, 42.478835582512332 ], [ 0.286514405659028, 42.478835582512332 ], [ 0.286514405659028, 42.47841308812648 ] ] ] ] } }
]
}
