{
"type": "FeatureCollection",
"name": "spain_fires_nrt_ba",
"crs": { "type": "name", "properties": { "name": "urn:ogc:def:crs:OGC:1.3:CRS84" } },
"features": [
{ "type": "Feature", "properties": { }, "geometry": { "type": "MultiPolygon", "coordinates": [ [ [ [ -6.303628353067674, 36.843415793832506 ], [ -6.302147921132656, 36.843415793832506 ], [ -6.302147921132656, 36.842957352877669 ], [ -6.299927273230131, 36.842957352877669 ], [ -6.299927273230131, 36.841582013522675 ], [ -6.299187057262623, 36.841582013522675 ], [ -6.299187057262623, 36.840665106877431 ], [ -6.298446841295115, 36.840665106877431 ], [ -6.298446841295115, 36.839289726296961 ], [ -6.297706625327606, 36.839289726296961 ], [ -6.297706625327606, 36.838372792168386 ], [ -6.296966409360098, 36.838372792168386 ], [ -6.296966409360098, 36.836997370363399 ], [ -6.297706625327606, 36.836997370363399 ], [ -6.297706625327606, 36.835163436147987 ], [ -6.298446841295115, 36.835163436147987 ], [ -6.298446841295115, 36.83378795663031 ], [ -6.299187057262623, 36.83378795663031 ], [ -6.299187057262623, 36.833329457961419 ], [ -6.299927273230131, 36.833329457961419 ], [ -6.299927273230131, 36.832870956544376 ], [ -6.30066748919764, 36.832870956544376 ], [ -6.30066748919764, 36.832412452379202 ], [ -6.301407705165149, 36.832412452379202 ], [ -6.301407705165149, 36.831953945465905 ], [ -6.302147921132656, 36.831953945465905 ], [ -6.302147921132656, 36.831495435804499 ], [ -6.302888137100165, 36.831495435804499 ], [ -6.302888137100165, 36.831036923395004 ], [ -6.303628353067674, 36.831036923395004 ], [ -6.303628353067674, 36.830578408237436 ], [ -6.304368569035181, 36.830578408237436 ], [ -6.304368569035181, 36.829661369678071 ], [ -6.310290296775248, 36.829661369678071 ], [ -6.310290296775248, 36.830578408237436 ], [ -6.311030512742757, 36.830578408237436 ], [ -6.311030512742757, 36.831495435804499 ], [ -6.311770728710265, 36.831495435804499 ], [ -6.311770728710265, 36.832870956544376 ], [ -6.312510944677773, 36.832870956544376 ], [ -6.312510944677773, 36.83378795663031 ], [ -6.313251160645282, 36.83378795663031 ], [ -6.313251160645282, 36.836997370363399 ], [ -6.312510944677773, 36.836997370363399 ], [ -6.312510944677773, 36.841123561574236 ], [ -6.311770728710265, 36.841123561574236 ], [ -6.311770728710265, 36.841582013522675 ], [ -6.311030512742757, 36.841582013522675 ], [ -6.311030512742757, 36.842040462722721 ], [ -6.310290296775248, 36.842040462722721 ], [ -6.310290296775248, 36.842498909174395 ], [ -6.30955008080774, 36.842498909174395 ], [ -6.30955008080774, 36.842957352877669 ], [ -6.308809864840232, 36.842957352877669 ], [ -6.308809864840232, 36.843874232038935 ], [ -6.308069648872723, 36.843874232038935 ], [ -6.308069648872723, 36.844332667496914 ], [ -6.305849000970198, 36.844332667496914 ], [ -6.305849000970198, 36.843874232038935 ], [ -6.303628353067674, 36.843874232038935 ], [ -6.303628353067674, 36.843415793832506 ] ] ], [ [ [ -6.361365198533323, 37.292732005514111 ], [ -6.361365198533323, 37.292276272355167 ], [ -6.359884766598306, 37.292276272355167 ], [ -6.359884766598306, 37.29182053643553 ], [ -6.359144550630798, 37.29182053643553 ], [ -6.359144550630798, 37.2913647977552 ], [ -6.35840433466329, 37.2913647977552 ], [ -6.35840433466329, 37.289086062943767 ], [ -6.357664118695782, 37.289086062943767 ], [ -6.357664118695782, 37.284984166365774 ], [ -6.35840433466329, 37.284984166365774 ], [ -6.35840433466329, 37.28407260342707 ], [ -6.359144550630798, 37.28407260342707 ], [ -6.359144550630798, 37.28316102944644 ], [ -6.359884766598306, 37.28316102944644 ], [ -6.359884766598306, 37.282249444424018 ], [ -6.360624982565815, 37.282249444424018 ], [ -6.360624982565815, 37.281337848359875 ], [ -6.361365198533323, 37.281337848359875 ], [ -6.361365198533323, 37.280426241254119 ], [ -6.362105414500832, 37.280426241254119 ], [ -6.362105414500832, 37.279970433560663 ], [ -6.362845630468341, 37.279970433560663 ], [ -6.362845630468341, 37.279514623106849 ], [ -6.363585846435849, 37.279514623106849 ], [ -6.363585846435849, 37.279058809892668 ], [ -6.365066278370866, 37.279058809892668 ], [ -6.365066278370866, 37.278602993918142 ], [ -6.365806494338374, 37.278602993918142 ], [ -6.365806494338374, 37.278147175183292 ], [ -6.368027142240899, 37.278147175183292 ], [ -6.368027142240899, 37.278602993918142 ], [ -6.369507574175914, 37.278602993918142 ], [ -6.369507574175914, 37.279058809892668 ], [ -6.370988006110932, 37.279058809892668 ], [ -6.370988006110932, 37.279514623106849 ], [ -6.372468438045948, 37.279514623106849 ], [ -6.372468438045948, 37.279970433560663 ], [ -6.373948869980965, 37.279970433560663 ], [ -6.373948869980965, 37.280426241254119 ], [ -6.375429301915982, 37.280426241254119 ], [ -6.375429301915982, 37.280882046187195 ], [ -6.37616951788349, 37.280882046187195 ], [ -6.37616951788349, 37.281337848359875 ], [ -6.376909733850998, 37.281337848359875 ], [ -6.376909733850998, 37.28316102944644 ], [ -6.377649949818506, 37.28316102944644 ], [ -6.377649949818506, 37.286351490070047 ], [ -6.376909733850998, 37.286351490070047 ], [ -6.376909733850998, 37.288174549694837 ], [ -6.37616951788349, 37.288174549694837 ], [ -6.37616951788349, 37.290453312112554 ], [ -6.375429301915982, 37.290453312112554 ], [ -6.375429301915982, 37.292276272355167 ], [ -6.373208654013458, 37.292276272355167 ], [ -6.373208654013458, 37.292732005514111 ], [ -6.370247790143424, 37.292732005514111 ], [ -6.370247790143424, 37.293187735912348 ], [ -6.36728692627339, 37.293187735912348 ], [ -6.36728692627339, 37.29364346354987 ], [ -6.363585846435849, 37.29364346354987 ], [ -6.363585846435849, 37.293187735912348 ], [ -6.362105414500832, 37.293187735912348 ], [ -6.362105414500832, 37.292732005514111 ], [ -6.361365198533323, 37.292732005514111 ] ] ], [ [ [ -8.289627793892535, 37.557954069274039 ], [ -8.289627793892535, 37.557045823230688 ], [ -8.288887577925026, 37.557045823230688 ], [ -8.288887577925026, 37.554775159689306 ], [ -8.288147361957517, 37.554775159689306 ], [ -8.288147361957517, 37.546600198067125 ], [ -8.288887577925026, 37.546600198067125 ], [ -8.288887577925026, 37.545691813649867 ], [ -8.289627793892535, 37.545691813649867 ], [ -8.289627793892535, 37.544783418163334 ], [ -8.290368009860044, 37.544783418163334 ], [ -8.290368009860044, 37.544329216269119 ], [ -8.291108225827552, 37.544329216269119 ], [ -8.291108225827552, 37.543875011607611 ], [ -8.292588657762568, 37.543875011607611 ], [ -8.292588657762568, 37.54342080417883 ], [ -8.299250601470142, 37.54342080417883 ], [ -8.299250601470142, 37.543875011607611 ], [ -8.299990817437651, 37.543875011607611 ], [ -8.299990817437651, 37.544329216269119 ], [ -8.30073103340516, 37.544329216269119 ], [ -8.30073103340516, 37.544783418163334 ], [ -8.301471249372668, 37.544783418163334 ], [ -8.301471249372668, 37.545691813649867 ], [ -8.302211465340175, 37.545691813649867 ], [ -8.302211465340175, 37.546146007242164 ], [ -8.302951681307682, 37.546146007242164 ], [ -8.302951681307682, 37.546600198067125 ], [ -8.303691897275192, 37.546600198067125 ], [ -8.303691897275192, 37.556591696057595 ], [ -8.302951681307682, 37.556591696057595 ], [ -8.302951681307682, 37.557499947636188 ], [ -8.302211465340175, 37.557499947636188 ], [ -8.302211465340175, 37.557954069274039 ], [ -8.301471249372668, 37.557954069274039 ], [ -8.301471249372668, 37.558862304246858 ], [ -8.30073103340516, 37.558862304246858 ], [ -8.30073103340516, 37.559316417581776 ], [ -8.291108225827552, 37.559316417581776 ], [ -8.291108225827552, 37.558862304246858 ], [ -8.290368009860044, 37.558862304246858 ], [ -8.290368009860044, 37.557954069274039 ], [ -8.289627793892535, 37.557954069274039 ] ] ], [ [ [ -9.005416634473093, 38.92608471433384 ], [ -9.004676418505586, 38.92608471433384 ], [ -9.004676418505586, 38.925193401701009 ], [ -9.003936202538076, 38.925193401701009 ], [ -9.003936202538076, 38.918508200013804 ], [ -9.004676418505586, 38.918508200013804 ], [ -9.004676418505586, 38.917616792197727 ], [ -9.005416634473093, 38.917616792197727 ], [ -9.005416634473093, 38.916725373183986 ], [ -9.006156850440602, 38.916725373183986 ], [ -9.006156850440602, 38.916279659478015 ], [ -9.006897066408111, 38.916279659478015 ], [ -9.006897066408111, 38.915388223667904 ], [ -9.007637282375619, 38.915388223667904 ], [ -9.007637282375619, 38.914496776660307 ], [ -9.010598146245652, 38.914496776660307 ], [ -9.010598146245652, 38.914051048957482 ], [ -9.014299226083194, 38.914051048957482 ], [ -9.014299226083194, 38.914496776660307 ], [ -9.015779658018211, 38.914496776660307 ], [ -9.015779658018211, 38.914942501563786 ], [ -9.016519873985718, 38.914942501563786 ], [ -9.016519873985718, 38.915388223667904 ], [ -9.018000305920735, 38.915388223667904 ], [ -9.018000305920735, 38.915833942972647 ], [ -9.019480737855751, 38.915833942972647 ], [ -9.019480737855751, 38.916279659478015 ], [ -9.020220953823259, 38.916279659478015 ], [ -9.020220953823259, 38.916725373183986 ], [ -9.021701385758277, 38.916725373183986 ], [ -9.021701385758277, 38.918062497505481 ], [ -9.022441601725784, 38.918062497505481 ], [ -9.022441601725784, 38.922073719299874 ], [ -9.023181817693294, 38.922073719299874 ], [ -9.023181817693294, 38.92296507112647 ], [ -9.022441601725784, 38.92296507112647 ], [ -9.022441601725784, 38.923410742840474 ], [ -9.021701385758277, 38.923410742840474 ], [ -9.021701385758277, 38.924302077869861 ], [ -9.020961169790768, 38.924302077869861 ], [ -9.020961169790768, 38.924747741185215 ], [ -9.020220953823259, 38.924747741185215 ], [ -9.020220953823259, 38.925193401701009 ], [ -9.019480737855751, 38.925193401701009 ], [ -9.019480737855751, 38.925639059417215 ], [ -9.018740521888244, 38.925639059417215 ], [ -9.018740521888244, 38.926530366450876 ], [ -9.018000305920735, 38.926530366450876 ], [ -9.018000305920735, 38.926976015768297 ], [ -9.017260089953226, 38.926976015768297 ], [ -9.017260089953226, 38.927421662286093 ], [ -9.016519873985718, 38.927421662286093 ], [ -9.016519873985718, 38.927867306004288 ], [ -9.015779658018211, 38.927867306004288 ], [ -9.015779658018211, 38.928312946922837 ], [ -9.006897066408111, 38.928312946922837 ], [ -9.006897066408111, 38.927421662286093 ], [ -9.006156850440602, 38.927421662286093 ], [ -9.006156850440602, 38.926530366450876 ], [ -9.005416634473093, 38.926530366450876 ], [ -9.005416634473093, 38.92608471433384 ] ] ], [ [ [ -5.749946809371439, 38.955937215798798 ], [ -5.74920659340393, 38.955937215798798 ], [ -5.74920659340393, 38.95504627835259 ], [ -5.748466377436422, 38.95504627835259 ], [ -5.748466377436422, 38.954600805429166 ], [ -5.747726161468914, 38.954600805429166 ], [ -5.747726161468914, 38.953709851181756 ], [ -5.746985945501407, 38.953709851181756 ], [ -5.746985945501407, 38.949700418460793 ], [ -5.747726161468914, 38.949700418460793 ], [ -5.747726161468914, 38.948809402610443 ], [ -5.748466377436422, 38.948809402610443 ], [ -5.748466377436422, 38.947918375559787 ], [ -5.74920659340393, 38.947918375559787 ], [ -5.74920659340393, 38.947472857834384 ], [ -5.749946809371439, 38.947472857834384 ], [ -5.749946809371439, 38.946581813983435 ], [ -5.752907673241473, 38.946581813983435 ], [ -5.752907673241473, 38.946136287857918 ], [ -5.753647889208981, 38.946136287857918 ], [ -5.753647889208981, 38.943908615230264 ], [ -5.754388105176488, 38.943908615230264 ], [ -5.754388105176488, 38.942126426728613 ], [ -5.756608753079013, 38.942126426728613 ], [ -5.756608753079013, 38.941680872603342 ], [ -5.758829400981539, 38.941680872603342 ], [ -5.758829400981539, 38.941235315678156 ], [ -5.761790264851572, 38.941235315678156 ], [ -5.761790264851572, 38.942126426728613 ], [ -5.76253048081908, 38.942126426728613 ], [ -5.76253048081908, 38.943017526579339 ], [ -5.76327069678659, 38.943017526579339 ], [ -5.76327069678659, 38.94346307230478 ], [ -5.764010912754097, 38.94346307230478 ], [ -5.764010912754097, 38.950591423110779 ], [ -5.764751128721605, 38.950591423110779 ], [ -5.764751128721605, 38.953709851181756 ], [ -5.764010912754097, 38.953709851181756 ], [ -5.764010912754097, 38.954600805429166 ], [ -5.76327069678659, 38.954600805429166 ], [ -5.76327069678659, 38.955491748475801 ], [ -5.76253048081908, 38.955491748475801 ], [ -5.76253048081908, 38.956382680321582 ], [ -5.761790264851572, 38.956382680321582 ], [ -5.761790264851572, 38.957273600966431 ], [ -5.761050048884065, 38.957273600966431 ], [ -5.761050048884065, 38.957719057088489 ], [ -5.759569616949047, 38.957719057088489 ], [ -5.759569616949047, 38.957273600966431 ], [ -5.755128321143998, 38.957273600966431 ], [ -5.755128321143998, 38.956828142044124 ], [ -5.749946809371439, 38.956828142044124 ], [ -5.749946809371439, 38.955937215798798 ] ] ], [ [ [ -8.415464508368952, 40.294551751827093 ], [ -8.414724292401443, 40.294551751827093 ], [ -8.414724292401443, 40.29367788514655 ], [ -8.413984076433936, 40.29367788514655 ], [ -8.413984076433936, 40.293240947568535 ], [ -8.413243860466427, 40.293240947568535 ], [ -8.413243860466427, 40.292367063937036 ], [ -8.412503644498917, 40.292367063937036 ], [ -8.412503644498917, 40.287123524838051 ], [ -8.413243860466427, 40.287123524838051 ], [ -8.413243860466427, 40.286249562103755 ], [ -8.413984076433936, 40.286249562103755 ], [ -8.413984076433936, 40.2853755880693 ], [ -8.414724292401443, 40.2853755880693 ], [ -8.414724292401443, 40.284501602734736 ], [ -8.415464508368952, 40.284501602734736 ], [ -8.415464508368952, 40.284064605829919 ], [ -8.41620472433646, 40.284064605829919 ], [ -8.41620472433646, 40.2831906035453 ], [ -8.416944940303967, 40.2831906035453 ], [ -8.416944940303967, 40.282753598165492 ], [ -8.417685156271476, 40.282753598165492 ], [ -8.417685156271476, 40.282316589960701 ], [ -8.422126452076526, 40.282316589960701 ], [ -8.422126452076526, 40.282753598165492 ], [ -8.422866668044033, 40.282753598165492 ], [ -8.422866668044033, 40.2831906035453 ], [ -8.423606884011543, 40.2831906035453 ], [ -8.423606884011543, 40.283627606100119 ], [ -8.42434709997905, 40.283627606100119 ], [ -8.42434709997905, 40.284501602734736 ], [ -8.425087315946559, 40.284501602734736 ], [ -8.425087315946559, 40.284938596814541 ], [ -8.425827531914068, 40.284938596814541 ], [ -8.425827531914068, 40.285812576499055 ], [ -8.426567747881576, 40.285812576499055 ], [ -8.426567747881576, 40.293240947568535 ], [ -8.425827531914068, 40.293240947568535 ], [ -8.425827531914068, 40.29367788514655 ], [ -8.425087315946559, 40.29367788514655 ], [ -8.425087315946559, 40.294114819899406 ], [ -8.42434709997905, 40.294114819899406 ], [ -8.42434709997905, 40.294551751827093 ], [ -8.423606884011543, 40.294551751827093 ], [ -8.423606884011543, 40.295425607206923 ], [ -8.422866668044033, 40.295425607206923 ], [ -8.422866668044033, 40.295862530659043 ], [ -8.419165588206493, 40.295862530659043 ], [ -8.419165588206493, 40.295425607206923 ], [ -8.416944940303967, 40.295425607206923 ], [ -8.416944940303967, 40.294988680929592 ], [ -8.415464508368952, 40.294988680929592 ], [ -8.415464508368952, 40.294551751827093 ] ] ], [ [ [ -7.039403024770958, 40.753071938905549 ], [ -7.037922592835941, 40.753071938905549 ], [ -7.037922592835941, 40.752637985709995 ], [ -7.037182376868433, 40.752637985709995 ], [ -7.037182376868433, 40.752204029682126 ], [ -7.035701944933416, 40.752204029682126 ], [ -7.035701944933416, 40.751770070821983 ], [ -7.034221512998399, 40.751770070821983 ], [ -7.034221512998399, 40.749166258183124 ], [ -7.033481297030891, 40.749166258183124 ], [ -7.033481297030891, 40.744826343872155 ], [ -7.034221512998399, 40.744826343872155 ], [ -7.034221512998399, 40.743524314350893 ], [ -7.034961728965908, 40.743524314350893 ], [ -7.034961728965908, 40.742656280509188 ], [ -7.035701944933416, 40.742656280509188 ], [ -7.035701944933416, 40.741354208505491 ], [ -7.036442160900925, 40.741354208505491 ], [ -7.036442160900925, 40.740486146342327 ], [ -7.037182376868433, 40.740486146342327 ], [ -7.037182376868433, 40.739184031856645 ], [ -7.037922592835941, 40.739184031856645 ], [ -7.037922592835941, 40.738749988030534 ], [ -7.040143240738465, 40.738749988030534 ], [ -7.040143240738465, 40.739184031856645 ], [ -7.04236388864099, 40.739184031856645 ], [ -7.04236388864099, 40.739618072850654 ], [ -7.044584536543516, 40.739618072850654 ], [ -7.044584536543516, 40.740052111012545 ], [ -7.046064968478533, 40.740052111012545 ], [ -7.046064968478533, 40.740486146342327 ], [ -7.048285616381058, 40.740486146342327 ], [ -7.048285616381058, 40.740920178839971 ], [ -7.049766048316074, 40.740920178839971 ], [ -7.049766048316074, 40.741788235338866 ], [ -7.050506264283582, 40.741788235338866 ], [ -7.050506264283582, 40.74309029884612 ], [ -7.051246480251091, 40.74309029884612 ], [ -7.051246480251091, 40.74439233686391 ], [ -7.0519866962186, 40.74439233686391 ], [ -7.0519866962186, 40.747864313628199 ], [ -7.051246480251091, 40.747864313628199 ], [ -7.051246480251091, 40.749600234036933 ], [ -7.050506264283582, 40.749600234036933 ], [ -7.050506264283582, 40.750902144604794 ], [ -7.049766048316074, 40.750902144604794 ], [ -7.049766048316074, 40.752637985709995 ], [ -7.048285616381058, 40.752637985709995 ], [ -7.048285616381058, 40.753071938905549 ], [ -7.047545400413549, 40.753071938905549 ], [ -7.047545400413549, 40.753505889268794 ], [ -7.046064968478533, 40.753505889268794 ], [ -7.046064968478533, 40.753939836799731 ], [ -7.045324752511024, 40.753939836799731 ], [ -7.045324752511024, 40.75437378149833 ], [ -7.04236388864099, 40.75437378149833 ], [ -7.04236388864099, 40.753939836799731 ], [ -7.040883456705974, 40.753939836799731 ], [ -7.040883456705974, 40.753505889268794 ], [ -7.039403024770958, 40.753505889268794 ], [ -7.039403024770958, 40.753071938905549 ] ] ], [ [ [ -8.130481360878242, 41.098894802703406 ], [ -8.130481360878242, 41.098031423475675 ], [ -8.129741144910733, 41.098031423475675 ], [ -8.129741144910733, 41.097168032899141 ], [ -8.129000928943226, 41.097168032899141 ], [ -8.129000928943226, 41.096304630973869 ], [ -8.128260712975717, 41.096304630973869 ], [ -8.128260712975717, 41.095009506807152 ], [ -8.127520497008208, 41.095009506807152 ], [ -8.127520497008208, 41.094146076510221 ], [ -8.1267802810407, 41.094146076510221 ], [ -8.1267802810407, 41.088533502960537 ], [ -8.127520497008208, 41.088533502960537 ], [ -8.127520497008208, 41.08766998755037 ], [ -8.128260712975717, 41.08766998755037 ], [ -8.128260712975717, 41.086806460791983 ], [ -8.129000928943226, 41.086806460791983 ], [ -8.129000928943226, 41.085942922685405 ], [ -8.129741144910733, 41.085942922685405 ], [ -8.129741144910733, 41.085079373230698 ], [ -8.130481360878242, 41.085079373230698 ], [ -8.130481360878242, 41.084215812427892 ], [ -8.13122157684575, 41.084215812427892 ], [ -8.13122157684575, 41.083352240277058 ], [ -8.131961792813259, 41.083352240277058 ], [ -8.131961792813259, 41.08292044994613 ], [ -8.134182440715785, 41.08292044994613 ], [ -8.134182440715785, 41.08248865677821 ], [ -8.136403088618311, 41.08248865677821 ], [ -8.136403088618311, 41.082056860773321 ], [ -8.138623736520834, 41.082056860773321 ], [ -8.138623736520834, 41.081625061931426 ], [ -8.141584600390868, 41.081625061931426 ], [ -8.141584600390868, 41.082056860773321 ], [ -8.142324816358375, 41.082056860773321 ], [ -8.142324816358375, 41.08248865677821 ], [ -8.143065032325884, 41.08248865677821 ], [ -8.143065032325884, 41.08292044994613 ], [ -8.143805248293392, 41.08292044994613 ], [ -8.143805248293392, 41.083352240277058 ], [ -8.144545464260901, 41.083352240277058 ], [ -8.144545464260901, 41.083784027770974 ], [ -8.145285680228408, 41.083784027770974 ], [ -8.145285680228408, 41.084215812427892 ], [ -8.146025896195917, 41.084215812427892 ], [ -8.146025896195917, 41.089397007022427 ], [ -8.146766112163425, 41.089397007022427 ], [ -8.146766112163425, 41.089828754797736 ], [ -8.147506328130934, 41.089828754797736 ], [ -8.147506328130934, 41.090692241837125 ], [ -8.148246544098441, 41.090692241837125 ], [ -8.148246544098441, 41.09112398110117 ], [ -8.14898676006595, 41.09112398110117 ], [ -8.14898676006595, 41.091555717528109 ], [ -8.14972697603346, 41.091555717528109 ], [ -8.14972697603346, 41.09198745111793 ], [ -8.150467192000969, 41.09198745111793 ], [ -8.150467192000969, 41.096304630973869 ], [ -8.14972697603346, 41.096304630973869 ], [ -8.14972697603346, 41.097168032899141 ], [ -8.14898676006595, 41.097168032899141 ], [ -8.14898676006595, 41.097599729605996 ], [ -8.148246544098441, 41.097599729605996 ], [ -8.148246544098441, 41.098031423475675 ], [ -8.147506328130934, 41.098031423475675 ], [ -8.147506328130934, 41.098463114508135 ], [ -8.146766112163425, 41.098463114508135 ], [ -8.146766112163425, 41.098894802703406 ], [ -8.146025896195917, 41.098894802703406 ], [ -8.146025896195917, 41.09932648806145 ], [ -8.145285680228408, 41.09932648806145 ], [ -8.145285680228408, 41.10018985026592 ], [ -8.144545464260901, 41.10018985026592 ], [ -8.144545464260901, 41.100621527112303 ], [ -8.143805248293392, 41.100621527112303 ], [ -8.143805248293392, 41.101053201121459 ], [ -8.142324816358375, 41.101053201121459 ], [ -8.142324816358375, 41.101484872293369 ], [ -8.135662872650801, 41.101484872293369 ], [ -8.135662872650801, 41.101916540628046 ], [ -8.132702008780768, 41.101916540628046 ], [ -8.132702008780768, 41.101053201121459 ], [ -8.131961792813259, 41.101053201121459 ], [ -8.131961792813259, 41.099758170582298 ], [ -8.13122157684575, 41.099758170582298 ], [ -8.13122157684575, 41.098894802703406 ], [ -8.130481360878242, 41.098894802703406 ] ] ], [ [ [ -8.507251288339985, 41.29630968159087 ], [ -8.507251288339985, 41.295879293440038 ], [ -8.506511072372477, 41.295879293440038 ], [ -8.506511072372477, 41.295448902449394 ], [ -8.505770856404968, 41.295448902449394 ], [ -8.505770856404968, 41.295018508618931 ], [ -8.505030640437459, 41.295018508618931 ], [ -8.505030640437459, 41.29458811194867 ], [ -8.504290424469952, 41.29458811194867 ], [ -8.504290424469952, 41.294157712438604 ], [ -8.502809992534935, 41.294157712438604 ], [ -8.502809992534935, 41.29458811194867 ], [ -8.499108912697393, 41.29458811194867 ], [ -8.499108912697393, 41.294157712438604 ], [ -8.498368696729885, 41.294157712438604 ], [ -8.498368696729885, 41.293727310088748 ], [ -8.497628480762376, 41.293727310088748 ], [ -8.497628480762376, 41.293296904899108 ], [ -8.496888264794867, 41.293296904899108 ], [ -8.496888264794867, 41.292866496869678 ], [ -8.49614804882736, 41.292866496869678 ], [ -8.49614804882736, 41.291144836354256 ], [ -8.495407832859851, 41.291144836354256 ], [ -8.495407832859851, 41.288131821121894 ], [ -8.49614804882736, 41.288131821121894 ], [ -8.49614804882736, 41.287270934069397 ], [ -8.496888264794867, 41.287270934069397 ], [ -8.496888264794867, 41.285979582192901 ], [ -8.497628480762376, 41.285979582192901 ], [ -8.497628480762376, 41.285118666743436 ], [ -8.496888264794867, 41.285118666743436 ], [ -8.496888264794867, 41.284688204759199 ], [ -8.49614804882736, 41.284688204759199 ], [ -8.49614804882736, 41.284257739935278 ], [ -8.494667616892343, 41.284257739935278 ], [ -8.494667616892343, 41.28339680176844 ], [ -8.493927400924834, 41.28339680176844 ], [ -8.493927400924834, 41.281674891358975 ], [ -8.493187184957325, 41.281674891358975 ], [ -8.493187184957325, 41.280383428735696 ], [ -8.492446968989817, 41.280383428735696 ], [ -8.492446968989817, 41.278661438816741 ], [ -8.49170675302231, 41.278661438816741 ], [ -8.49170675302231, 41.277369916561767 ], [ -8.490966537054801, 41.277369916561767 ], [ -8.490966537054801, 41.274356265248564 ], [ -8.49170675302231, 41.274356265248564 ], [ -8.49170675302231, 41.26962024635715 ], [ -8.492446968989817, 41.26962024635715 ], [ -8.492446968989817, 41.267036818511691 ], [ -8.493187184957325, 41.267036818511691 ], [ -8.493187184957325, 41.266606237266025 ], [ -8.494667616892343, 41.266606237266025 ], [ -8.494667616892343, 41.266175653180937 ], [ -8.496888264794867, 41.266175653180937 ], [ -8.496888264794867, 41.2657450662564 ], [ -8.499108912697393, 41.2657450662564 ], [ -8.499108912697393, 41.266175653180937 ], [ -8.499849128664902, 41.266175653180937 ], [ -8.499849128664902, 41.267467396917901 ], [ -8.500589344632409, 41.267467396917901 ], [ -8.500589344632409, 41.268328545211979 ], [ -8.501329560599919, 41.268328545211979 ], [ -8.501329560599919, 41.26962024635715 ], [ -8.502069776567428, 41.26962024635715 ], [ -8.502069776567428, 41.27048136625654 ], [ -8.502809992534935, 41.27048136625654 ], [ -8.502809992534935, 41.270911921947018 ], [ -8.504290424469952, 41.270911921947018 ], [ -8.504290424469952, 41.271342474797997 ], [ -8.506511072372477, 41.271342474797997 ], [ -8.506511072372477, 41.271773024809477 ], [ -8.507991504307492, 41.271773024809477 ], [ -8.507991504307492, 41.271342474797997 ], [ -8.508731720275001, 41.271342474797997 ], [ -8.508731720275001, 41.270911921947018 ], [ -8.509471936242511, 41.270911921947018 ], [ -8.509471936242511, 41.27048136625654 ], [ -8.510212152210018, 41.27048136625654 ], [ -8.510212152210018, 41.270050807726591 ], [ -8.512432800112542, 41.270050807726591 ], [ -8.512432800112542, 41.27048136625654 ], [ -8.513173016080051, 41.27048136625654 ], [ -8.513173016080051, 41.270911921947018 ], [ -8.514653448015068, 41.270911921947018 ], [ -8.514653448015068, 41.271342474797997 ], [ -8.515393663982575, 41.271342474797997 ], [ -8.515393663982575, 41.272203571981457 ], [ -8.516133879950084, 41.272203571981457 ], [ -8.516133879950084, 41.273064657806863 ], [ -8.516874095917593, 41.273064657806863 ], [ -8.516874095917593, 41.274356265248564 ], [ -8.517614311885103, 41.274356265248564 ], [ -8.517614311885103, 41.275217322678678 ], [ -8.51835452785261, 41.275217322678678 ], [ -8.51835452785261, 41.276508887527228 ], [ -8.519094743820117, 41.276508887527228 ], [ -8.519094743820117, 41.277800426819674 ], [ -8.519834959787627, 41.277800426819674 ], [ -8.519834959787627, 41.275647847134415 ], [ -8.520575175755136, 41.275647847134415 ], [ -8.520575175755136, 41.273925732274193 ], [ -8.521315391722643, 41.273925732274193 ], [ -8.521315391722643, 41.273064657806863 ], [ -8.522055607690151, 41.273064657806863 ], [ -8.522055607690151, 41.272634116313917 ], [ -8.523536039625169, 41.272634116313917 ], [ -8.523536039625169, 41.272203571981457 ], [ -8.524276255592676, 41.272203571981457 ], [ -8.524276255592676, 41.271773024809477 ], [ -8.5264969034952, 41.271773024809477 ], [ -8.5264969034952, 41.272203571981457 ], [ -8.527237119462709, 41.272203571981457 ], [ -8.527237119462709, 41.272634116313917 ], [ -8.528717551397726, 41.272634116313917 ], [ -8.528717551397726, 41.273064657806863 ], [ -8.529457767365233, 41.273064657806863 ], [ -8.529457767365233, 41.273925732274193 ], [ -8.530197983332743, 41.273925732274193 ], [ -8.530197983332743, 41.275647847134415 ], [ -8.53093819930025, 41.275647847134415 ], [ -8.53093819930025, 41.278661438816741 ], [ -8.530197983332743, 41.278661438816741 ], [ -8.530197983332743, 41.280383428735696 ], [ -8.529457767365233, 41.280383428735696 ], [ -8.529457767365233, 41.2812444066575 ], [ -8.527977335430219, 41.2812444066575 ], [ -8.527977335430219, 41.281674891358975 ], [ -8.527237119462709, 41.281674891358975 ], [ -8.527237119462709, 41.282105373220801 ], [ -8.5264969034952, 41.282105373220801 ], [ -8.5264969034952, 41.282535852242994 ], [ -8.524276255592676, 41.282535852242994 ], [ -8.524276255592676, 41.282105373220801 ], [ -8.523536039625169, 41.282105373220801 ], [ -8.523536039625169, 41.281674891358975 ], [ -8.52279582365766, 41.281674891358975 ], [ -8.52279582365766, 41.2812444066575 ], [ -8.522055607690151, 41.2812444066575 ], [ -8.522055607690151, 41.282105373220801 ], [ -8.521315391722643, 41.282105373220801 ], [ -8.521315391722643, 41.28339680176844 ], [ -8.520575175755136, 41.28339680176844 ], [ -8.520575175755136, 41.284688204759199 ], [ -8.519834959787627, 41.284688204759199 ], [ -8.519834959787627, 41.287701379015502 ], [ -8.520575175755136, 41.287701379015502 ], [ -8.520575175755136, 41.288992696815519 ], [ -8.521315391722643, 41.288992696815519 ], [ -8.521315391722643, 41.290714414125993 ], [ -8.520575175755136, 41.290714414125993 ], [ -8.520575175755136, 41.293296904899108 ], [ -8.519834959787627, 41.293296904899108 ], [ -8.519834959787627, 41.295879293440038 ], [ -8.519094743820117, 41.295879293440038 ], [ -8.519094743820117, 41.29630968159087 ], [ -8.51835452785261, 41.29630968159087 ], [ -8.51835452785261, 41.296740066901869 ], [ -8.516133879950084, 41.296740066901869 ], [ -8.516133879950084, 41.297170449373056 ], [ -8.513913232047559, 41.297170449373056 ], [ -8.513913232047559, 41.297600829004409 ], [ -8.511692584145033, 41.297600829004409 ], [ -8.511692584145033, 41.298031205795915 ], [ -8.510952368177525, 41.298031205795915 ], [ -8.510952368177525, 41.297600829004409 ], [ -8.510212152210018, 41.297600829004409 ], [ -8.510212152210018, 41.297170449373056 ], [ -8.508731720275001, 41.297170449373056 ], [ -8.508731720275001, 41.296740066901869 ], [ -8.507991504307492, 41.296740066901869 ], [ -8.507991504307492, 41.29630968159087 ], [ -8.507251288339985, 41.29630968159087 ] ], [ [ -8.520575175755136, 41.278661438816741 ], [ -8.520575175755136, 41.278230934237996 ], [ -8.519834959787627, 41.278230934237996 ], [ -8.519834959787627, 41.278661438816741 ], [ -8.520575175755136, 41.278661438816741 ] ], [ [ -8.505770856404968, 41.281674891358975 ], [ -8.505770856404968, 41.2812444066575 ], [ -8.505030640437459, 41.2812444066575 ], [ -8.505030640437459, 41.282105373220801 ], [ -8.504290424469952, 41.282105373220801 ], [ -8.504290424469952, 41.282535852242994 ], [ -8.503550208502443, 41.282535852242994 ], [ -8.503550208502443, 41.28339680176844 ], [ -8.502809992534935, 41.28339680176844 ], [ -8.502809992534935, 41.284688204759199 ], [ -8.504290424469952, 41.284688204759199 ], [ -8.504290424469952, 41.284257739935278 ], [ -8.505030640437459, 41.284257739935278 ], [ -8.505030640437459, 41.283827272271687 ], [ -8.505770856404968, 41.283827272271687 ], [ -8.505770856404968, 41.28339680176844 ], [ -8.506511072372477, 41.28339680176844 ], [ -8.506511072372477, 41.281674891358975 ], [ -8.505770856404968, 41.281674891358975 ] ] ], [ [ [ -8.009826158174384, 41.433888006617039 ], [ -8.009085942206875, 41.433888006617039 ], [ -8.009085942206875, 41.432599560707011 ], [ -8.008345726239368, 41.432599560707011 ], [ -8.008345726239368, 41.431740582559243 ], [ -8.007605510271858, 41.431740582559243 ], [ -8.007605510271858, 41.430452094026094 ], [ -8.006865294304349, 41.430452094026094 ], [ -8.006865294304349, 41.425727417275326 ], [ -8.007605510271858, 41.425727417275326 ], [ -8.007605510271858, 41.423150175950873 ], [ -8.008345726239368, 41.423150175950873 ], [ -8.008345726239368, 41.422291072777895 ], [ -8.009085942206875, 41.422291072777895 ], [ -8.009085942206875, 41.42100239670782 ], [ -8.009826158174384, 41.42100239670782 ], [ -8.009826158174384, 41.420143265120757 ], [ -8.010566374141893, 41.420143265120757 ], [ -8.010566374141893, 41.418854546429735 ], [ -8.011306590109402, 41.418854546429735 ], [ -8.011306590109402, 41.417995386428835 ], [ -8.01204680607691, 41.417995386428835 ], [ -8.01204680607691, 41.41713621506247 ], [ -8.012787022044417, 41.41713621506247 ], [ -8.012787022044417, 41.416706625117264 ], [ -8.019448965751993, 41.416706625117264 ], [ -8.019448965751993, 41.41713621506247 ], [ -8.0201891817195, 41.41713621506247 ], [ -8.0201891817195, 41.41756580216633 ], [ -8.020929397687009, 41.41756580216633 ], [ -8.020929397687009, 41.417995386428835 ], [ -8.021669613654517, 41.417995386428835 ], [ -8.021669613654517, 41.418424967849965 ], [ -8.022409829622026, 41.418424967849965 ], [ -8.022409829622026, 41.418854546429735 ], [ -8.023150045589533, 41.418854546429735 ], [ -8.023150045589533, 41.419284122168115 ], [ -8.023890261557041, 41.419284122168115 ], [ -8.023890261557041, 41.419713695065127 ], [ -8.02463047752455, 41.419713695065127 ], [ -8.02463047752455, 41.420572832334983 ], [ -8.025370693492059, 41.420572832334983 ], [ -8.025370693492059, 41.42100239670782 ], [ -8.026110909459566, 41.42100239670782 ], [ -8.026110909459566, 41.424009267758123 ], [ -8.025370693492059, 41.424009267758123 ], [ -8.025370693492059, 41.432599560707011 ], [ -8.02463047752455, 41.432599560707011 ], [ -8.02463047752455, 41.433029045518573 ], [ -8.023890261557041, 41.433029045518573 ], [ -8.023890261557041, 41.433458527488582 ], [ -8.023150045589533, 41.433458527488582 ], [ -8.023150045589533, 41.433888006617039 ], [ -8.022409829622026, 41.433888006617039 ], [ -8.022409829622026, 41.434317482903936 ], [ -8.021669613654517, 41.434317482903936 ], [ -8.021669613654517, 41.435176426953021 ], [ -8.0201891817195, 41.435176426953021 ], [ -8.0201891817195, 41.435605894715202 ], [ -8.019448965751993, 41.435605894715202 ], [ -8.019448965751993, 41.435176426953021 ], [ -8.01574788591445, 41.435176426953021 ], [ -8.01574788591445, 41.434746956349265 ], [ -8.011306590109402, 41.434746956349265 ], [ -8.011306590109402, 41.434317482903936 ], [ -8.009826158174384, 41.434317482903936 ], [ -8.009826158174384, 41.433888006617039 ] ] ], [ [ [ -8.074965163315117, 41.617872392060733 ], [ -8.074965163315117, 41.617015869981323 ], [ -8.074224947347609, 41.617015869981323 ], [ -8.074224947347609, 41.6157310655339 ], [ -8.0734847313801, 41.6157310655339 ], [ -8.0734847313801, 41.614874515016808 ], [ -8.072744515412591, 41.614874515016808 ], [ -8.072744515412591, 41.613589667913033 ], [ -8.072004299445084, 41.613589667913033 ], [ -8.072004299445084, 41.606308384227134 ], [ -8.072744515412591, 41.606308384227134 ], [ -8.072744515412591, 41.605451708587189 ], [ -8.0734847313801, 41.605451708587189 ], [ -8.0734847313801, 41.604595021572678 ], [ -8.074224947347609, 41.604595021572678 ], [ -8.074224947347609, 41.604166673799973 ], [ -8.074965163315117, 41.604166673799973 ], [ -8.074965163315117, 41.603738323183656 ], [ -8.080146675087676, 41.603738323183656 ], [ -8.080146675087676, 41.604166673799973 ], [ -8.084587970892727, 41.604166673799973 ], [ -8.084587970892727, 41.604595021572678 ], [ -8.089029266697777, 41.604595021572678 ], [ -8.089029266697777, 41.604166673799973 ], [ -8.089769482665284, 41.604166673799973 ], [ -8.089769482665284, 41.603738323183656 ], [ -8.090509698632792, 41.603738323183656 ], [ -8.090509698632792, 41.603309969723703 ], [ -8.091249914600301, 41.603309969723703 ], [ -8.091249914600301, 41.602881613420152 ], [ -8.09199013056781, 41.602881613420152 ], [ -8.09199013056781, 41.60245325427298 ], [ -8.093470562502825, 41.60245325427298 ], [ -8.093470562502825, 41.602881613420152 ], [ -8.094210778470332, 41.602881613420152 ], [ -8.094210778470332, 41.603309969723703 ], [ -8.09569121040535, 41.603309969723703 ], [ -8.09569121040535, 41.603738323183656 ], [ -8.09643142637286, 41.603738323183656 ], [ -8.09643142637286, 41.604166673799973 ], [ -8.097171642340369, 41.604166673799973 ], [ -8.097171642340369, 41.605451708587189 ], [ -8.097911858307876, 41.605451708587189 ], [ -8.097911858307876, 41.607165048492476 ], [ -8.098652074275385, 41.607165048492476 ], [ -8.098652074275385, 41.608450023563023 ], [ -8.097911858307876, 41.608450023563023 ], [ -8.097911858307876, 41.609306659391692 ], [ -8.097171642340369, 41.609306659391692 ], [ -8.097171642340369, 41.610591591807022 ], [ -8.09643142637286, 41.610591591807022 ], [ -8.09643142637286, 41.611876498629051 ], [ -8.09569121040535, 41.611876498629051 ], [ -8.09569121040535, 41.612733088958493 ], [ -8.091249914600301, 41.612733088958493 ], [ -8.091249914600301, 41.612304795215636 ], [ -8.089769482665284, 41.612304795215636 ], [ -8.089769482665284, 41.612733088958493 ], [ -8.089029266697777, 41.612733088958493 ], [ -8.089029266697777, 41.613161379857637 ], [ -8.088289050730268, 41.613161379857637 ], [ -8.088289050730268, 41.614017953124694 ], [ -8.087548834762758, 41.614017953124694 ], [ -8.087548834762758, 41.614446235492629 ], [ -8.086808618795251, 41.614446235492629 ], [ -8.086808618795251, 41.614874515016808 ], [ -8.086068402827742, 41.614874515016808 ], [ -8.086068402827742, 41.615302791697232 ], [ -8.085328186860234, 41.615302791697232 ], [ -8.085328186860234, 41.6157310655339 ], [ -8.084587970892727, 41.6157310655339 ], [ -8.084587970892727, 41.616159336526813 ], [ -8.083847754925218, 41.616159336526813 ], [ -8.083847754925218, 41.616587604675956 ], [ -8.083107538957709, 41.616587604675956 ], [ -8.083107538957709, 41.617015869981323 ], [ -8.082367322990201, 41.617015869981323 ], [ -8.082367322990201, 41.61744413244292 ], [ -8.081627107022694, 41.61744413244292 ], [ -8.081627107022694, 41.618300648834762 ], [ -8.080886891055185, 41.618300648834762 ], [ -8.080886891055185, 41.618728902764992 ], [ -8.080146675087676, 41.618728902764992 ], [ -8.080146675087676, 41.619157153851425 ], [ -8.07792602718515, 41.619157153851425 ], [ -8.07792602718515, 41.618728902764992 ], [ -8.077185811217642, 41.618728902764992 ], [ -8.077185811217642, 41.618300648834762 ], [ -8.076445595250133, 41.618300648834762 ], [ -8.076445595250133, 41.617872392060733 ], [ -8.074965163315117, 41.617872392060733 ] ] ], [ [ [ -8.679721608769427, 41.669242898859089 ], [ -8.678981392801919, 41.669242898859089 ], [ -8.678981392801919, 41.667531208482515 ], [ -8.67824117683441, 41.667531208482515 ], [ -8.67824117683441, 41.666675346228011 ], [ -8.678981392801919, 41.666675346228011 ], [ -8.678981392801919, 41.66581947259607 ], [ -8.679721608769427, 41.66581947259607 ], [ -8.679721608769427, 41.664535640815579 ], [ -8.680461824736934, 41.664535640815579 ], [ -8.680461824736934, 41.663679738740228 ], [ -8.681202040704443, 41.663679738740228 ], [ -8.681202040704443, 41.66239586429483 ], [ -8.681942256671952, 41.66239586429483 ], [ -8.681942256671952, 41.65982803860782 ], [ -8.681202040704443, 41.65982803860782 ], [ -8.681202040704443, 41.657688105650976 ], [ -8.680461824736934, 41.657688105650976 ], [ -8.680461824736934, 41.65426406501912 ], [ -8.681202040704443, 41.65426406501912 ], [ -8.681202040704443, 41.652551976441927 ], [ -8.681942256671952, 41.652551976441927 ], [ -8.681942256671952, 41.651695915088148 ], [ -8.68268247263946, 41.651695915088148 ], [ -8.68268247263946, 41.651267880144985 ], [ -8.684162904574476, 41.651267880144985 ], [ -8.684162904574476, 41.650839842357641 ], [ -8.684903120541986, 41.650839842357641 ], [ -8.684903120541986, 41.650411801726115 ], [ -8.686383552477002, 41.650411801726115 ], [ -8.686383552477002, 41.649983758250436 ], [ -8.68712376844451, 41.649983758250436 ], [ -8.68712376844451, 41.649555711930574 ], [ -8.688604200379526, 41.649555711930574 ], [ -8.688604200379526, 41.649127662766567 ], [ -8.691565064249561, 41.649127662766567 ], [ -8.691565064249561, 41.649555711930574 ], [ -8.692305280217068, 41.649555711930574 ], [ -8.692305280217068, 41.649983758250436 ], [ -8.693785712152085, 41.649983758250436 ], [ -8.693785712152085, 41.650411801726115 ], [ -8.694525928119594, 41.650411801726115 ], [ -8.694525928119594, 41.650839842357641 ], [ -8.70044765585966, 41.650839842357641 ], [ -8.70044765585966, 41.651267880144985 ], [ -8.701187871827168, 41.651267880144985 ], [ -8.701187871827168, 41.652123947187128 ], [ -8.701928087794675, 41.652123947187128 ], [ -8.701928087794675, 41.652551976441927 ], [ -8.702668303762184, 41.652551976441927 ], [ -8.702668303762184, 41.65340802641893 ], [ -8.703408519729694, 41.65340802641893 ], [ -8.703408519729694, 41.656832112558433 ], [ -8.704148735697201, 41.656832112558433 ], [ -8.704148735697201, 41.657260110526828 ], [ -8.70488895166471, 41.657260110526828 ], [ -8.70488895166471, 41.657688105650976 ], [ -8.705629167632218, 41.657688105650976 ], [ -8.705629167632218, 41.658116097930872 ], [ -8.706369383599725, 41.658116097930872 ], [ -8.706369383599725, 41.658972073957891 ], [ -8.707109599567234, 41.658972073957891 ], [ -8.707109599567234, 41.66239586429483 ], [ -8.706369383599725, 41.66239586429483 ], [ -8.706369383599725, 41.665391531513578 ], [ -8.70488895166471, 41.665391531513578 ], [ -8.70488895166471, 41.66581947259607 ], [ -8.702668303762184, 41.66581947259607 ], [ -8.702668303762184, 41.66624741083421 ], [ -8.701187871827168, 41.66624741083421 ], [ -8.701187871827168, 41.666675346228011 ], [ -8.699707439892151, 41.666675346228011 ], [ -8.699707439892151, 41.667959135343217 ], [ -8.698967223924642, 41.667959135343217 ], [ -8.698967223924642, 41.668814980531515 ], [ -8.698227007957135, 41.668814980531515 ], [ -8.698227007957135, 41.669670814342268 ], [ -8.697486791989627, 41.669670814342268 ], [ -8.697486791989627, 41.670526636775463 ], [ -8.69674657602212, 41.670526636775463 ], [ -8.69674657602212, 41.670954543725458 ], [ -8.696006360054611, 41.670954543725458 ], [ -8.696006360054611, 41.670526636775463 ], [ -8.693045496184578, 41.670526636775463 ], [ -8.693045496184578, 41.670098726981067 ], [ -8.690824848282052, 41.670098726981067 ], [ -8.690824848282052, 41.669670814342268 ], [ -8.688604200379526, 41.669670814342268 ], [ -8.688604200379526, 41.670098726981067 ], [ -8.687863984412017, 41.670098726981067 ], [ -8.687863984412017, 41.670526636775463 ], [ -8.68712376844451, 41.670526636775463 ], [ -8.68712376844451, 41.670954543725458 ], [ -8.686383552477002, 41.670954543725458 ], [ -8.686383552477002, 41.671382447831043 ], [ -8.685643336509493, 41.671382447831043 ], [ -8.685643336509493, 41.671810349092219 ], [ -8.684903120541986, 41.671810349092219 ], [ -8.684903120541986, 41.672238247508979 ], [ -8.68268247263946, 41.672238247508979 ], [ -8.68268247263946, 41.671810349092219 ], [ -8.681942256671952, 41.671810349092219 ], [ -8.681942256671952, 41.671382447831043 ], [ -8.681202040704443, 41.671382447831043 ], [ -8.681202040704443, 41.670954543725458 ], [ -8.679721608769427, 41.670954543725458 ], [ -8.679721608769427, 41.669242898859089 ] ] ], [ [ [ -7.830693894037368, 41.939118120469992 ], [ -7.829953678069859, 41.939118120469992 ], [ -7.829953678069859, 41.938692000756582 ], [ -7.82921346210235, 41.938692000756582 ], [ -7.82921346210235, 41.9382658781958 ], [ -7.828473246134843, 41.9382658781958 ], [ -7.828473246134843, 41.937839752787625 ], [ -7.826992814199825, 41.937839752787625 ], [ -7.826992814199825, 41.937413624532077 ], [ -7.824772166297301, 41.937413624532077 ], [ -7.824772166297301, 41.937839752787625 ], [ -7.822551518394777, 41.937839752787625 ], [ -7.822551518394777, 41.937413624532077 ], [ -7.821811302427268, 41.937413624532077 ], [ -7.821811302427268, 41.936561359478858 ], [ -7.821071086459759, 41.936561359478858 ], [ -7.821071086459759, 41.935282940543829 ], [ -7.82033087049225, 41.935282940543829 ], [ -7.82033087049225, 41.934430647017059 ], [ -7.819590654524741, 41.934430647017059 ], [ -7.819590654524741, 41.933578342100922 ], [ -7.818850438557233, 41.933578342100922 ], [ -7.818850438557233, 41.933152185371853 ], [ -7.8158895746872, 41.933152185371853 ], [ -7.8158895746872, 41.933578342100922 ], [ -7.813668926784676, 41.933578342100922 ], [ -7.813668926784676, 41.932726025795461 ], [ -7.812928710817167, 41.932726025795461 ], [ -7.812928710817167, 41.932299863371739 ], [ -7.812188494849659, 41.932299863371739 ], [ -7.812188494849659, 41.931447529982364 ], [ -7.81144827888215, 41.931447529982364 ], [ -7.81144827888215, 41.93059518520375 ], [ -7.810708062914642, 41.93059518520375 ], [ -7.810708062914642, 41.929742829035931 ], [ -7.81144827888215, 41.929742829035931 ], [ -7.81144827888215, 41.925907085340441 ], [ -7.812188494849659, 41.925907085340441 ], [ -7.812188494849659, 41.924628452857952 ], [ -7.812928710817167, 41.924628452857952 ], [ -7.812928710817167, 41.924202236335979 ], [ -7.813668926784676, 41.924202236335979 ], [ -7.813668926784676, 41.923776016966784 ], [ -7.815149358719691, 41.923776016966784 ], [ -7.815149358719691, 41.923349794750358 ], [ -7.8158895746872, 41.923349794750358 ], [ -7.8158895746872, 41.922923569686702 ], [ -7.81662979065471, 41.922923569686702 ], [ -7.81662979065471, 41.923349794750358 ], [ -7.818110222589726, 41.923349794750358 ], [ -7.818110222589726, 41.923776016966784 ], [ -7.818850438557233, 41.923776016966784 ], [ -7.818850438557233, 41.923349794750358 ], [ -7.819590654524741, 41.923349794750358 ], [ -7.819590654524741, 41.922497341775838 ], [ -7.82033087049225, 41.922497341775838 ], [ -7.82033087049225, 41.921644877412461 ], [ -7.821071086459759, 41.921644877412461 ], [ -7.821071086459759, 41.921218640959964 ], [ -7.824031950329791, 41.921218640959964 ], [ -7.824031950329791, 41.919513666678057 ], [ -7.824772166297301, 41.919513666678057 ], [ -7.824772166297301, 41.918234906071213 ], [ -7.825512382264808, 41.918234906071213 ], [ -7.825512382264808, 41.917808646841237 ], [ -7.826252598232317, 41.917808646841237 ], [ -7.826252598232317, 41.917382384764132 ], [ -7.826992814199825, 41.917382384764132 ], [ -7.826992814199825, 41.916956119839853 ], [ -7.827733030167334, 41.916956119839853 ], [ -7.827733030167334, 41.916529852068429 ], [ -7.828473246134843, 41.916529852068429 ], [ -7.828473246134843, 41.916103581449839 ], [ -7.82921346210235, 41.916103581449839 ], [ -7.82921346210235, 41.915677307984119 ], [ -7.829953678069859, 41.915677307984119 ], [ -7.829953678069859, 41.915251031671261 ], [ -7.830693894037368, 41.915251031671261 ], [ -7.830693894037368, 41.914824752511258 ], [ -7.831434110004875, 41.914824752511258 ], [ -7.831434110004875, 41.914398470504132 ], [ -7.832174325972384, 41.914398470504132 ], [ -7.832174325972384, 41.913972185649875 ], [ -7.832914541939894, 41.913972185649875 ], [ -7.832914541939894, 41.911840718671883 ], [ -7.832174325972384, 41.911840718671883 ], [ -7.832174325972384, 41.908856545324682 ], [ -7.832914541939894, 41.908856545324682 ], [ -7.832914541939894, 41.908430223458211 ], [ -7.833654757907399, 41.908430223458211 ], [ -7.833654757907399, 41.907577571184092 ], [ -7.834394973874908, 41.907577571184092 ], [ -7.834394973874908, 41.906724907521763 ], [ -7.835135189842418, 41.906724907521763 ], [ -7.835135189842418, 41.906298571420017 ], [ -7.837355837744941, 41.906298571420017 ], [ -7.837355837744941, 41.906724907521763 ], [ -7.840316701614976, 41.906724907521763 ], [ -7.840316701614976, 41.90715124077645 ], [ -7.84327756548501, 41.90715124077645 ], [ -7.84327756548501, 41.907577571184092 ], [ -7.846238429355042, 41.907577571184092 ], [ -7.846238429355042, 41.908003898744688 ], [ -7.849199293225076, 41.908003898744688 ], [ -7.849199293225076, 41.908430223458211 ], [ -7.852160157095109, 41.908430223458211 ], [ -7.852160157095109, 41.908856545324682 ], [ -7.855121020965142, 41.908856545324682 ], [ -7.855121020965142, 41.909282864344092 ], [ -7.85586123693265, 41.909282864344092 ], [ -7.85586123693265, 41.910988111950957 ], [ -7.85660145290016, 41.910988111950957 ], [ -7.85660145290016, 41.913119607400013 ], [ -7.857341668867667, 41.913119607400013 ], [ -7.857341668867667, 41.912693314004407 ], [ -7.858081884835176, 41.912693314004407 ], [ -7.858081884835176, 41.912267017761693 ], [ -7.858822100802684, 41.912267017761693 ], [ -7.858822100802684, 41.911840718671883 ], [ -7.864003612575242, 41.911840718671883 ], [ -7.864003612575242, 41.913119607400013 ], [ -7.864743828542751, 41.913119607400013 ], [ -7.864743828542751, 41.913972185649875 ], [ -7.86548404451026, 41.913972185649875 ], [ -7.86548404451026, 41.915251031671261 ], [ -7.866224260477767, 41.915251031671261 ], [ -7.866224260477767, 41.916103581449839 ], [ -7.866964476445275, 41.916103581449839 ], [ -7.866964476445275, 41.917808646841237 ], [ -7.866224260477767, 41.917808646841237 ], [ -7.866224260477767, 41.919513666678057 ], [ -7.86548404451026, 41.919513666678057 ], [ -7.86548404451026, 41.921218640959964 ], [ -7.864743828542751, 41.921218640959964 ], [ -7.864743828542751, 41.922923569686702 ], [ -7.864003612575242, 41.922923569686702 ], [ -7.864003612575242, 41.923349794750358 ], [ -7.862523180640224, 41.923349794750358 ], [ -7.862523180640224, 41.923776016966784 ], [ -7.861042748705209, 41.923776016966784 ], [ -7.861042748705209, 41.924202236335979 ], [ -7.8603025327377, 41.924202236335979 ], [ -7.8603025327377, 41.92761188878891 ], [ -7.859562316770193, 41.92761188878891 ], [ -7.859562316770193, 41.928038082532858 ], [ -7.858822100802684, 41.928038082532858 ], [ -7.858822100802684, 41.928890461478971 ], [ -7.858081884835176, 41.928890461478971 ], [ -7.858081884835176, 41.92931664668108 ], [ -7.857341668867667, 41.92931664668108 ], [ -7.857341668867667, 41.929742829035931 ], [ -7.85660145290016, 41.929742829035931 ], [ -7.85660145290016, 41.930169008543487 ], [ -7.85586123693265, 41.930169008543487 ], [ -7.85586123693265, 41.933578342100922 ], [ -7.855121020965142, 41.933578342100922 ], [ -7.855121020965142, 41.934856795204119 ], [ -7.854380804997633, 41.934856795204119 ], [ -7.854380804997633, 41.935282940543829 ], [ -7.853640589030126, 41.935282940543829 ], [ -7.853640589030126, 41.936135222681209 ], [ -7.852900373062616, 41.936135222681209 ], [ -7.852900373062616, 41.936987493429157 ], [ -7.846978645322551, 41.936987493429157 ], [ -7.846978645322551, 41.937413624532077 ], [ -7.84327756548501, 41.937413624532077 ], [ -7.84327756548501, 41.937839752787625 ], [ -7.842537349517501, 41.937839752787625 ], [ -7.842537349517501, 41.9382658781958 ], [ -7.841797133549992, 41.9382658781958 ], [ -7.841797133549992, 41.938692000756582 ], [ -7.841056917582485, 41.938692000756582 ], [ -7.841056917582485, 41.939118120469992 ], [ -7.840316701614976, 41.939118120469992 ], [ -7.840316701614976, 41.939970351354631 ], [ -7.839576485647468, 41.939970351354631 ], [ -7.839576485647468, 41.940396462525847 ], [ -7.838836269679959, 41.940396462525847 ], [ -7.838836269679959, 41.940822570849669 ], [ -7.83809605371245, 41.940822570849669 ], [ -7.83809605371245, 41.940396462525847 ], [ -7.834394973874908, 41.940396462525847 ], [ -7.834394973874908, 41.939970351354631 ], [ -7.832174325972384, 41.939970351354631 ], [ -7.832174325972384, 41.939544237336001 ], [ -7.830693894037368, 41.939544237336001 ], [ -7.830693894037368, 41.939118120469992 ] ] ], [ [ [ -6.764042684857857, 42.558213843003912 ], [ -6.764042684857857, 42.557369924099952 ], [ -6.763302468890348, 42.557369924099952 ], [ -6.763302468890348, 42.556947960367992 ], [ -6.76256225292284, 42.556947960367992 ], [ -6.76256225292284, 42.556525993782721 ], [ -6.761822036955333, 42.556525993782721 ], [ -6.761822036955333, 42.555682052052248 ], [ -6.761081820987823, 42.555682052052248 ], [ -6.761081820987823, 42.555260076907061 ], [ -6.760341605020315, 42.555260076907061 ], [ -6.760341605020315, 42.553150158381676 ], [ -6.761081820987823, 42.553150158381676 ], [ -6.761081820987823, 42.54935212527954 ], [ -6.761822036955333, 42.54935212527954 ], [ -6.761822036955333, 42.54850808653768 ], [ -6.76256225292284, 42.54850808653768 ], [ -6.76256225292284, 42.548086062886881 ], [ -6.763302468890348, 42.548086062886881 ], [ -6.763302468890348, 42.547664036382848 ], [ -6.764042684857857, 42.547664036382848 ], [ -6.764042684857857, 42.547242007025581 ], [ -6.764782900825367, 42.547242007025581 ], [ -6.764782900825367, 42.546397939751351 ], [ -6.765523116792874, 42.546397939751351 ], [ -6.765523116792874, 42.545975901834403 ], [ -6.766263332760382, 42.545975901834403 ], [ -6.766263332760382, 42.545553861064228 ], [ -6.767003548727891, 42.545553861064228 ], [ -6.767003548727891, 42.54513181744084 ], [ -6.775886140337991, 42.54513181744084 ], [ -6.775886140337991, 42.545553861064228 ], [ -6.776626356305498, 42.545553861064228 ], [ -6.776626356305498, 42.545975901834403 ], [ -6.777366572273007, 42.545975901834403 ], [ -6.777366572273007, 42.546397939751351 ], [ -6.778106788240516, 42.546397939751351 ], [ -6.778106788240516, 42.547242007025581 ], [ -6.778847004208023, 42.547242007025581 ], [ -6.778847004208023, 42.548086062886881 ], [ -6.779587220175531, 42.548086062886881 ], [ -6.779587220175531, 42.54850808653768 ], [ -6.780327436143041, 42.54850808653768 ], [ -6.780327436143041, 42.54935212527954 ], [ -6.781067652110549, 42.54935212527954 ], [ -6.781067652110549, 42.550196152608407 ], [ -6.780327436143041, 42.550196152608407 ], [ -6.780327436143041, 42.554416118056778 ], [ -6.779587220175531, 42.554416118056778 ], [ -6.779587220175531, 42.556947960367992 ], [ -6.778847004208023, 42.556947960367992 ], [ -6.778847004208023, 42.557791884978592 ], [ -6.778106788240516, 42.557791884978592 ], [ -6.778106788240516, 42.558635798175914 ], [ -6.777366572273007, 42.558635798175914 ], [ -6.777366572273007, 42.559057750494581 ], [ -6.776626356305498, 42.559057750494581 ], [ -6.776626356305498, 42.559479699959915 ], [ -6.767003548727891, 42.559479699959915 ], [ -6.767003548727891, 42.559057750494581 ], [ -6.765523116792874, 42.559057750494581 ], [ -6.765523116792874, 42.558635798175914 ], [ -6.764782900825367, 42.558635798175914 ], [ -6.764782900825367, 42.558213843003912 ], [ -6.764042684857857, 42.558213843003912 ] ] ], [ [ [ -5.72255881857363, 43.536527753207956 ], [ -5.72255881857363, 43.535697187634213 ], [ -5.721818602606122, 43.535697187634213 ], [ -5.721818602606122, 43.534866610620547 ], [ -5.721078386638613, 43.534866610620547 ], [ -5.721078386638613, 43.533620723650237 ], [ -5.720338170671106, 43.533620723650237 ], [ -5.720338170671106, 43.532790118036843 ], [ -5.719597954703597, 43.532790118036843 ], [ -5.719597954703597, 43.531959500983589 ], [ -5.718857738736089, 43.531959500983589 ], [ -5.718857738736089, 43.530713553953994 ], [ -5.718117522768581, 43.530713553953994 ], [ -5.718117522768581, 43.529882908301154 ], [ -5.717377306801072, 43.529882908301154 ], [ -5.717377306801072, 43.529052251208505 ], [ -5.716637090833564, 43.529052251208505 ], [ -5.716637090833564, 43.527806244119944 ], [ -5.715896874866057, 43.527806244119944 ], [ -5.715896874866057, 43.526975558427864 ], [ -5.715156658898548, 43.526975558427864 ], [ -5.715156658898548, 43.525314152724491 ], [ -5.715896874866057, 43.525314152724491 ], [ -5.715896874866057, 43.521575822586357 ], [ -5.716637090833564, 43.521575822586357 ], [ -5.716637090833564, 43.520329661061893 ], [ -5.717377306801072, 43.520329661061893 ], [ -5.717377306801072, 43.519914268167263 ], [ -5.718117522768581, 43.519914268167263 ], [ -5.718117522768581, 43.519498872412733 ], [ -5.718857738736089, 43.519498872412733 ], [ -5.718857738736089, 43.519083473798304 ], [ -5.719597954703597, 43.519083473798304 ], [ -5.719597954703597, 43.518252667989771 ], [ -5.720338170671106, 43.518252667989771 ], [ -5.720338170671106, 43.517837260795666 ], [ -5.721078386638613, 43.517837260795666 ], [ -5.721078386638613, 43.51742185074167 ], [ -5.721818602606122, 43.51742185074167 ], [ -5.721818602606122, 43.517006437827789 ], [ -5.723299034541139, 43.517006437827789 ], [ -5.723299034541139, 43.516591022054023 ], [ -5.724779466476156, 43.516591022054023 ], [ -5.724779466476156, 43.516175603420372 ], [ -5.726259898411173, 43.516175603420372 ], [ -5.726259898411173, 43.515760181926844 ], [ -5.727740330346189, 43.515760181926844 ], [ -5.727740330346189, 43.51534475757343 ], [ -5.729220762281205, 43.51534475757343 ], [ -5.729220762281205, 43.514929330360154 ], [ -5.729960978248714, 43.514929330360154 ], [ -5.729960978248714, 43.514513900287 ], [ -5.73144141018373, 43.514513900287 ], [ -5.73144141018373, 43.514098467353968 ], [ -5.732921842118747, 43.514098467353968 ], [ -5.732921842118747, 43.513683031561072 ], [ -5.734402274053765, 43.513683031561072 ], [ -5.734402274053765, 43.514098467353968 ], [ -5.73662292195629, 43.514098467353968 ], [ -5.73662292195629, 43.514513900287 ], [ -5.738843569858814, 43.514513900287 ], [ -5.738843569858814, 43.514929330360154 ], [ -5.74032400179383, 43.514929330360154 ], [ -5.74032400179383, 43.51534475757343 ], [ -5.741064217761339, 43.51534475757343 ], [ -5.741064217761339, 43.515760181926844 ], [ -5.741804433728848, 43.515760181926844 ], [ -5.741804433728848, 43.516591022054023 ], [ -5.742544649696356, 43.516591022054023 ], [ -5.742544649696356, 43.51742185074167 ], [ -5.743284865663864, 43.51742185074167 ], [ -5.743284865663864, 43.518252667989771 ], [ -5.744025081631372, 43.518252667989771 ], [ -5.744025081631372, 43.519083473798304 ], [ -5.744765297598882, 43.519083473798304 ], [ -5.744765297598882, 43.519498872412733 ], [ -5.745505513566389, 43.519498872412733 ], [ -5.745505513566389, 43.520329661061893 ], [ -5.746245729533897, 43.520329661061893 ], [ -5.746245729533897, 43.523652701262279 ], [ -5.745505513566389, 43.523652701262279 ], [ -5.745505513566389, 43.529052251208505 ], [ -5.744765297598882, 43.529052251208505 ], [ -5.744765297598882, 43.531128872490477 ], [ -5.744025081631372, 43.531128872490477 ], [ -5.744025081631372, 43.531544188167018 ], [ -5.743284865663864, 43.531544188167018 ], [ -5.743284865663864, 43.531959500983589 ], [ -5.742544649696356, 43.531959500983589 ], [ -5.742544649696356, 43.53237481094019 ], [ -5.741804433728848, 43.53237481094019 ], [ -5.741804433728848, 43.532790118036843 ], [ -5.741064217761339, 43.532790118036843 ], [ -5.741064217761339, 43.533205422273518 ], [ -5.74032400179383, 43.533205422273518 ], [ -5.74032400179383, 43.533620723650237 ], [ -5.739583785826321, 43.533620723650237 ], [ -5.739583785826321, 43.53403602216698 ], [ -5.738843569858814, 43.53403602216698 ], [ -5.738843569858814, 43.534451317823752 ], [ -5.738103353891305, 43.534451317823752 ], [ -5.738103353891305, 43.534866610620547 ], [ -5.737363137923798, 43.534866610620547 ], [ -5.737363137923798, 43.535281900557365 ], [ -5.73662292195629, 43.535281900557365 ], [ -5.73662292195629, 43.535697187634213 ], [ -5.73588270598878, 43.535697187634213 ], [ -5.73588270598878, 43.536112471851069 ], [ -5.735142490021273, 43.536112471851069 ], [ -5.735142490021273, 43.536527753207956 ], [ -5.734402274053765, 43.536527753207956 ], [ -5.734402274053765, 43.536943031704851 ], [ -5.733662058086256, 43.536943031704851 ], [ -5.733662058086256, 43.537358307341755 ], [ -5.732921842118747, 43.537358307341755 ], [ -5.732921842118747, 43.537773580118674 ], [ -5.729960978248714, 43.537773580118674 ], [ -5.729960978248714, 43.537358307341755 ], [ -5.727000114378681, 43.537358307341755 ], [ -5.727000114378681, 43.536943031704851 ], [ -5.724039250508648, 43.536943031704851 ], [ -5.724039250508648, 43.536527753207956 ], [ -5.72255881857363, 43.536527753207956 ] ] ], [ [ [ -5.85653790869264, 43.558533572431813 ], [ -5.855797692725131, 43.558533572431813 ], [ -5.855797692725131, 43.55811844265704 ], [ -5.854317260790114, 43.55811844265704 ], [ -5.854317260790114, 43.55770331002217 ], [ -5.853577044822605, 43.55770331002217 ], [ -5.853577044822605, 43.556873036172156 ], [ -5.852836828855097, 43.556873036172156 ], [ -5.852836828855097, 43.555627603946476 ], [ -5.852096612887589, 43.555627603946476 ], [ -5.852096612887589, 43.554382145980071 ], [ -5.85135639692008, 43.554382145980071 ], [ -5.85135639692008, 43.553136662272983 ], [ -5.850616180952573, 43.553136662272983 ], [ -5.850616180952573, 43.551891152825284 ], [ -5.849875964985064, 43.551891152825284 ], [ -5.849875964985064, 43.550645617637002 ], [ -5.847655317082539, 43.550645617637002 ], [ -5.847655317082539, 43.551060798893154 ], [ -5.846915101115031, 43.551060798893154 ], [ -5.846915101115031, 43.551475977289243 ], [ -5.844694453212505, 43.551475977289243 ], [ -5.844694453212505, 43.551060798893154 ], [ -5.842473805309981, 43.551060798893154 ], [ -5.842473805309981, 43.550645617637002 ], [ -5.840253157407456, 43.550645617637002 ], [ -5.840253157407456, 43.550230433520795 ], [ -5.83877272547244, 43.550230433520795 ], [ -5.83877272547244, 43.549815246544526 ], [ -5.836552077569914, 43.549815246544526 ], [ -5.836552077569914, 43.549400056708208 ], [ -5.835071645634897, 43.549400056708208 ], [ -5.835071645634897, 43.548984864011857 ], [ -5.832850997732372, 43.548984864011857 ], [ -5.832850997732372, 43.548569668455436 ], [ -5.832110781764865, 43.548569668455436 ], [ -5.832110781764865, 43.548984864011857 ], [ -5.831370565797356, 43.548984864011857 ], [ -5.831370565797356, 43.549815246544526 ], [ -5.830630349829847, 43.549815246544526 ], [ -5.830630349829847, 43.550230433520795 ], [ -5.829890133862339, 43.550230433520795 ], [ -5.829890133862339, 43.550645617637002 ], [ -5.829149917894831, 43.550645617637002 ], [ -5.829149917894831, 43.551475977289243 ], [ -5.828409701927322, 43.551475977289243 ], [ -5.828409701927322, 43.551891152825284 ], [ -5.822487974187256, 43.551891152825284 ], [ -5.822487974187256, 43.551060798893154 ], [ -5.821747758219748, 43.551060798893154 ], [ -5.821747758219748, 43.550230433520795 ], [ -5.821007542252239, 43.550230433520795 ], [ -5.821007542252239, 43.549400056708208 ], [ -5.82026732628473, 43.549400056708208 ], [ -5.82026732628473, 43.546908857629347 ], [ -5.819527110317222, 43.546908857629347 ], [ -5.819527110317222, 43.54192615058799 ], [ -5.818786894349714, 43.54192615058799 ], [ -5.818786894349714, 43.541510906411077 ], [ -5.818046678382206, 43.541510906411077 ], [ -5.818046678382206, 43.541095659374164 ], [ -5.817306462414698, 43.541095659374164 ], [ -5.817306462414698, 43.540680409477226 ], [ -5.816566246447189, 43.540680409477226 ], [ -5.816566246447189, 43.539434642626411 ], [ -5.815826030479681, 43.539434642626411 ], [ -5.815826030479681, 43.537773580118674 ], [ -5.815085814512173, 43.537773580118674 ], [ -5.815085814512173, 43.536527753207956 ], [ -5.815826030479681, 43.536527753207956 ], [ -5.815826030479681, 43.535281900557365 ], [ -5.816566246447189, 43.535281900557365 ], [ -5.816566246447189, 43.53403602216698 ], [ -5.817306462414698, 43.53403602216698 ], [ -5.817306462414698, 43.533205422273518 ], [ -5.818046678382206, 43.533205422273518 ], [ -5.818046678382206, 43.531959500983589 ], [ -5.821007542252239, 43.531959500983589 ], [ -5.821007542252239, 43.53237481094019 ], [ -5.823968406122273, 43.53237481094019 ], [ -5.823968406122273, 43.531959500983589 ], [ -5.824708622089781, 43.531959500983589 ], [ -5.824708622089781, 43.531544188167018 ], [ -5.82544883805729, 43.531544188167018 ], [ -5.82544883805729, 43.531128872490477 ], [ -5.826189054024797, 43.531128872490477 ], [ -5.826189054024797, 43.530713553953994 ], [ -5.827669485959815, 43.530713553953994 ], [ -5.827669485959815, 43.530298232557548 ], [ -5.828409701927322, 43.530298232557548 ], [ -5.828409701927322, 43.529882908301154 ], [ -5.829149917894831, 43.529882908301154 ], [ -5.829149917894831, 43.529467581184797 ], [ -5.829890133862339, 43.529467581184797 ], [ -5.829890133862339, 43.529052251208505 ], [ -5.830630349829847, 43.529052251208505 ], [ -5.830630349829847, 43.528636918372264 ], [ -5.832110781764865, 43.528636918372264 ], [ -5.832110781764865, 43.529052251208505 ], [ -5.832850997732372, 43.529052251208505 ], [ -5.832850997732372, 43.529467581184797 ], [ -5.833591213699881, 43.529467581184797 ], [ -5.833591213699881, 43.529882908301154 ], [ -5.834331429667389, 43.529882908301154 ], [ -5.834331429667389, 43.530298232557548 ], [ -5.835071645634897, 43.530298232557548 ], [ -5.835071645634897, 43.530713553953994 ], [ -5.835811861602406, 43.530713553953994 ], [ -5.835811861602406, 43.531544188167018 ], [ -5.836552077569914, 43.531544188167018 ], [ -5.836552077569914, 43.531959500983589 ], [ -5.837292293537423, 43.531959500983589 ], [ -5.837292293537423, 43.53237481094019 ], [ -5.838032509504931, 43.53237481094019 ], [ -5.838032509504931, 43.532790118036843 ], [ -5.83877272547244, 43.532790118036843 ], [ -5.83877272547244, 43.533205422273518 ], [ -5.841733589342473, 43.533205422273518 ], [ -5.841733589342473, 43.532790118036843 ], [ -5.842473805309981, 43.532790118036843 ], [ -5.842473805309981, 43.53237481094019 ], [ -5.843954237244998, 43.53237481094019 ], [ -5.843954237244998, 43.531959500983589 ], [ -5.846174885147523, 43.531959500983589 ], [ -5.846174885147523, 43.53237481094019 ], [ -5.846915101115031, 43.53237481094019 ], [ -5.846915101115031, 43.532790118036843 ], [ -5.847655317082539, 43.532790118036843 ], [ -5.847655317082539, 43.533620723650237 ], [ -5.848395533050048, 43.533620723650237 ], [ -5.848395533050048, 43.53403602216698 ], [ -5.849135749017555, 43.53403602216698 ], [ -5.849135749017555, 43.534451317823752 ], [ -5.849875964985064, 43.534451317823752 ], [ -5.849875964985064, 43.534866610620547 ], [ -5.850616180952573, 43.534866610620547 ], [ -5.850616180952573, 43.535281900557365 ], [ -5.85135639692008, 43.535281900557365 ], [ -5.85135639692008, 43.536943031704851 ], [ -5.852096612887589, 43.536943031704851 ], [ -5.852096612887589, 43.542756630361758 ], [ -5.852836828855097, 43.542756630361758 ], [ -5.852836828855097, 43.544002328572311 ], [ -5.852096612887589, 43.544002328572311 ], [ -5.852096612887589, 43.545248001042651 ], [ -5.854317260790114, 43.545248001042651 ], [ -5.854317260790114, 43.545663219479366 ], [ -5.85653790869264, 43.545663219479366 ], [ -5.85653790869264, 43.54607843505606 ], [ -5.858758556595164, 43.54607843505606 ], [ -5.858758556595164, 43.546493647772721 ], [ -5.860238988530181, 43.546493647772721 ], [ -5.860238988530181, 43.546908857629347 ], [ -5.862459636432706, 43.546908857629347 ], [ -5.862459636432706, 43.547324064625933 ], [ -5.864680284335232, 43.547324064625933 ], [ -5.864680284335232, 43.54773926876247 ], [ -5.86542050030274, 43.54773926876247 ], [ -5.86542050030274, 43.550230433520795 ], [ -5.866160716270247, 43.550230433520795 ], [ -5.866160716270247, 43.552306325501249 ], [ -5.866900932237757, 43.552306325501249 ], [ -5.866900932237757, 43.553136662272983 ], [ -5.866160716270247, 43.553136662272983 ], [ -5.866160716270247, 43.555212454151096 ], [ -5.86542050030274, 43.555212454151096 ], [ -5.86542050030274, 43.55770331002217 ], [ -5.864680284335232, 43.55770331002217 ], [ -5.864680284335232, 43.558533572431813 ], [ -5.863940068367723, 43.558533572431813 ], [ -5.863940068367723, 43.558948699346487 ], [ -5.863199852400214, 43.558948699346487 ], [ -5.863199852400214, 43.559363823401071 ], [ -5.862459636432706, 43.559363823401071 ], [ -5.862459636432706, 43.55977894459555 ], [ -5.860979204497688, 43.55977894459555 ], [ -5.860979204497688, 43.560194062929931 ], [ -5.860238988530181, 43.560194062929931 ], [ -5.860238988530181, 43.55977894459555 ], [ -5.858758556595164, 43.55977894459555 ], [ -5.858758556595164, 43.559363823401071 ], [ -5.858018340627656, 43.559363823401071 ], [ -5.858018340627656, 43.558948699346487 ], [ -5.85653790869264, 43.558948699346487 ], [ -5.85653790869264, 43.558533572431813 ] ], [ [ -5.852096612887589, 43.546493647772721 ], [ -5.852096612887589, 43.54607843505606 ], [ -5.85135639692008, 43.54607843505606 ], [ -5.85135639692008, 43.546493647772721 ], [ -5.852096612887589, 43.546493647772721 ] ] ], [ [ [ 2.883192019678265, 36.601436792063076 ], [ 2.883192019678265, 36.600517014187183 ], [ 2.883932235645773, 36.600517014187183 ], [ 2.883932235645773, 36.599597225345263 ], [ 2.884672451613281, 36.599597225345263 ], [ 2.884672451613281, 36.598677425537396 ], [ 2.88541266758079, 36.598677425537396 ], [ 2.88541266758079, 36.597757614763687 ], [ 2.886152883548299, 36.597757614763687 ], [ 2.886152883548299, 36.593158396411461 ], [ 2.88541266758079, 36.593158396411461 ], [ 2.88541266758079, 36.592238519845012 ], [ 2.884672451613281, 36.592238519845012 ], [ 2.884672451613281, 36.591778577449873 ], [ 2.883932235645773, 36.591778577449873 ], [ 2.883932235645773, 36.590858684435844 ], [ 2.883192019678265, 36.590858684435844 ], [ 2.883192019678265, 36.58993878045689 ], [ 2.882451803710757, 36.58993878045689 ], [ 2.882451803710757, 36.589018865513104 ], [ 2.877270291938198, 36.589018865513104 ], [ 2.877270291938198, 36.589478824355602 ], [ 2.87653007597069, 36.589478824355602 ], [ 2.87653007597069, 36.58993878045689 ], [ 2.875789860003182, 36.58993878045689 ], [ 2.875789860003182, 36.590858684435844 ], [ 2.875049644035673, 36.590858684435844 ], [ 2.875049644035673, 36.591318632313481 ], [ 2.874309428068165, 36.591318632313481 ], [ 2.874309428068165, 36.591778577449873 ], [ 2.873569212100656, 36.591778577449873 ], [ 2.873569212100656, 36.592698459498877 ], [ 2.872828996133148, 36.592698459498877 ], [ 2.872828996133148, 36.593158396411461 ], [ 2.87208878016564, 36.593158396411461 ], [ 2.87208878016564, 36.593618330582743 ], [ 2.871348564198132, 36.593618330582743 ], [ 2.871348564198132, 36.594538190701364 ], [ 2.870608348230624, 36.594538190701364 ], [ 2.870608348230624, 36.599137326812055 ], [ 2.871348564198132, 36.599137326812055 ], [ 2.871348564198132, 36.600057121136963 ], [ 2.87208878016564, 36.600057121136963 ], [ 2.87208878016564, 36.600976904495894 ], [ 2.872828996133148, 36.600976904495894 ], [ 2.872828996133148, 36.601896676888721 ], [ 2.873569212100656, 36.601896676888721 ], [ 2.873569212100656, 36.602816438315351 ], [ 2.874309428068165, 36.602816438315351 ], [ 2.874309428068165, 36.603276314916315 ], [ 2.875049644035673, 36.603276314916315 ], [ 2.875049644035673, 36.603736188775677 ], [ 2.88097137177574, 36.603736188775677 ], [ 2.88097137177574, 36.603276314916315 ], [ 2.881711587743248, 36.603276314916315 ], [ 2.881711587743248, 36.602356558972815 ], [ 2.882451803710757, 36.602356558972815 ], [ 2.882451803710757, 36.601436792063076 ], [ 2.883192019678265, 36.601436792063076 ] ] ], [ [ [ 3.127463288956015, 36.688306303054155 ], [ 3.127463288956015, 36.687846933872635 ], [ 3.128943720891032, 36.687846933872635 ], [ 3.128943720891032, 36.686468809864046 ], [ 3.12968393685854, 36.686468809864046 ], [ 3.12968393685854, 36.685550046805048 ], [ 3.130424152826048, 36.685550046805048 ], [ 3.130424152826048, 36.684171881636921 ], [ 3.131164368793557, 36.684171881636921 ], [ 3.131164368793557, 36.683253091138575 ], [ 3.131904584761065, 36.683253091138575 ], [ 3.131904584761065, 36.681874884811897 ], [ 3.132644800728573, 36.681874884811897 ], [ 3.132644800728573, 36.680956066874856 ], [ 3.133385016696082, 36.680956066874856 ], [ 3.133385016696082, 36.679577819390644 ], [ 3.13412523266359, 36.679577819390644 ], [ 3.13412523266359, 36.676361812562291 ], [ 3.133385016696082, 36.676361812562291 ], [ 3.133385016696082, 36.67452403401316 ], [ 3.132644800728573, 36.67452403401316 ], [ 3.132644800728573, 36.674064582516735 ], [ 3.131164368793557, 36.674064582516735 ], [ 3.131164368793557, 36.673605128276698 ], [ 3.12968393685854, 36.673605128276698 ], [ 3.12968393685854, 36.673145671293035 ], [ 3.128943720891032, 36.673145671293035 ], [ 3.128943720891032, 36.672686211565782 ], [ 3.127463288956015, 36.672686211565782 ], [ 3.127463288956015, 36.672226749094932 ], [ 3.125982857020999, 36.672226749094932 ], [ 3.125982857020999, 36.671767283880513 ], [ 3.120061129280932, 36.671767283880513 ], [ 3.120061129280932, 36.672226749094932 ], [ 3.119320913313424, 36.672226749094932 ], [ 3.119320913313424, 36.672686211565782 ], [ 3.118580697345915, 36.672686211565782 ], [ 3.118580697345915, 36.673145671293035 ], [ 3.117840481378407, 36.673145671293035 ], [ 3.117840481378407, 36.674064582516735 ], [ 3.117100265410898, 36.674064582516735 ], [ 3.117100265410898, 36.67452403401316 ], [ 3.11636004944339, 36.67452403401316 ], [ 3.11636004944339, 36.674983482765938 ], [ 3.115619833475882, 36.674983482765938 ], [ 3.115619833475882, 36.675902372040525 ], [ 3.114879617508374, 36.675902372040525 ], [ 3.114879617508374, 36.676361812562291 ], [ 3.114139401540865, 36.676361812562291 ], [ 3.114139401540865, 36.676821250340389 ], [ 3.113399185573357, 36.676821250340389 ], [ 3.113399185573357, 36.677280685374775 ], [ 3.112658969605848, 36.677280685374775 ], [ 3.112658969605848, 36.678199547212365 ], [ 3.11191875363834, 36.678199547212365 ], [ 3.11191875363834, 36.678658974015555 ], [ 3.111178537670832, 36.678658974015555 ], [ 3.111178537670832, 36.679118398074984 ], [ 3.110438321703324, 36.679118398074984 ], [ 3.110438321703324, 36.684171881636921 ], [ 3.111178537670832, 36.684171881636921 ], [ 3.111178537670832, 36.684631272770233 ], [ 3.11191875363834, 36.684631272770233 ], [ 3.11191875363834, 36.685090661159613 ], [ 3.112658969605848, 36.685090661159613 ], [ 3.112658969605848, 36.685550046805048 ], [ 3.113399185573357, 36.685550046805048 ], [ 3.113399185573357, 36.68600942970653 ], [ 3.114139401540865, 36.68600942970653 ], [ 3.114139401540865, 36.686468809864046 ], [ 3.114879617508374, 36.686468809864046 ], [ 3.114879617508374, 36.68692818727758 ], [ 3.115619833475882, 36.68692818727758 ], [ 3.115619833475882, 36.687387561947112 ], [ 3.11636004944339, 36.687387561947112 ], [ 3.11636004944339, 36.687846933872635 ], [ 3.117100265410898, 36.687846933872635 ], [ 3.117100265410898, 36.688306303054155 ], [ 3.117840481378407, 36.688306303054155 ], [ 3.117840481378407, 36.688765669491623 ], [ 3.118580697345915, 36.688765669491623 ], [ 3.118580697345915, 36.689225033185046 ], [ 3.119320913313424, 36.689225033185046 ], [ 3.119320913313424, 36.689684394134424 ], [ 3.122281777183456, 36.689684394134424 ], [ 3.122281777183456, 36.689225033185046 ], [ 3.123762209118474, 36.689225033185046 ], [ 3.123762209118474, 36.688765669491623 ], [ 3.12524264105349, 36.688765669491623 ], [ 3.12524264105349, 36.688306303054155 ], [ 3.127463288956015, 36.688306303054155 ] ] ], [ [ [ 3.980192083525616, 36.737442947769267 ], [ 3.980192083525616, 36.73698387227374 ], [ 3.980932299493125, 36.73698387227374 ], [ 3.980932299493125, 36.736524794032796 ], [ 3.981672515460633, 36.736524794032796 ], [ 3.981672515460633, 36.736065713046429 ], [ 3.982412731428141, 36.736065713046429 ], [ 3.982412731428141, 36.735606629314681 ], [ 3.98315294739565, 36.735606629314681 ], [ 3.98315294739565, 36.734688453615036 ], [ 3.983893163363158, 36.734688453615036 ], [ 3.983893163363158, 36.734229361647174 ], [ 3.984633379330667, 36.734229361647174 ], [ 3.984633379330667, 36.733770266933959 ], [ 3.985373595298175, 36.733770266933959 ], [ 3.985373595298175, 36.732392966322408 ], [ 3.984633379330667, 36.732392966322408 ], [ 3.984633379330667, 36.728720043899735 ], [ 3.983893163363158, 36.728720043899735 ], [ 3.983893163363158, 36.727342652695285 ], [ 3.982412731428141, 36.727342652695285 ], [ 3.982412731428141, 36.726883516803483 ], [ 3.981672515460633, 36.726883516803483 ], [ 3.981672515460633, 36.726424378166556 ], [ 3.980932299493125, 36.726424378166556 ], [ 3.980932299493125, 36.725965236784504 ], [ 3.979451867558108, 36.725965236784504 ], [ 3.979451867558108, 36.725506092657341 ], [ 3.975010571753058, 36.725506092657341 ], [ 3.975010571753058, 36.725965236784504 ], [ 3.971309491915517, 36.725965236784504 ], [ 3.971309491915517, 36.726424378166556 ], [ 3.970569275948008, 36.726424378166556 ], [ 3.970569275948008, 36.726883516803483 ], [ 3.9698290599805, 36.726883516803483 ], [ 3.9698290599805, 36.727801785841926 ], [ 3.969088844012992, 36.727801785841926 ], [ 3.969088844012992, 36.728260916243428 ], [ 3.968348628045482, 36.728260916243428 ], [ 3.968348628045482, 36.729179168810866 ], [ 3.967608412077974, 36.729179168810866 ], [ 3.967608412077974, 36.730097410397498 ], [ 3.968348628045482, 36.730097410397498 ], [ 3.968348628045482, 36.736065713046429 ], [ 3.969088844012992, 36.736065713046429 ], [ 3.969088844012992, 36.73698387227374 ], [ 3.9698290599805, 36.73698387227374 ], [ 3.9698290599805, 36.737442947769267 ], [ 3.970569275948008, 36.737442947769267 ], [ 3.970569275948008, 36.738361090524002 ], [ 3.972049707883024, 36.738361090524002 ], [ 3.972049707883024, 36.738820157783188 ], [ 3.976491003688075, 36.738820157783188 ], [ 3.976491003688075, 36.739279222296886 ], [ 3.977971435623091, 36.739279222296886 ], [ 3.977971435623091, 36.738820157783188 ], [ 3.978711651590599, 36.738820157783188 ], [ 3.978711651590599, 36.738361090524002 ], [ 3.979451867558108, 36.738361090524002 ], [ 3.979451867558108, 36.737442947769267 ], [ 3.980192083525616, 36.737442947769267 ] ] ], [ [ [ 3.08527097880804, 36.754426810952772 ], [ 3.086751410743056, 36.754426810952772 ], [ 3.086751410743056, 36.753967837047014 ], [ 3.087491626710565, 36.753967837047014 ], [ 3.087491626710565, 36.753508860395392 ], [ 3.088231842678073, 36.753508860395392 ], [ 3.088231842678073, 36.752131913965158 ], [ 3.088972058645582, 36.752131913965158 ], [ 3.088972058645582, 36.750295946949642 ], [ 3.089712274613091, 36.750295946949642 ], [ 3.089712274613091, 36.749377946967037 ], [ 3.088972058645582, 36.749377946967037 ], [ 3.088972058645582, 36.74754191405264 ], [ 3.088231842678073, 36.74754191405264 ], [ 3.088231842678073, 36.746164860536709 ], [ 3.087491626710565, 36.746164860536709 ], [ 3.087491626710565, 36.744787782309629 ], [ 3.086751410743056, 36.744787782309629 ], [ 3.086751410743056, 36.743869716429998 ], [ 3.086011194775548, 36.743869716429998 ], [ 3.086011194775548, 36.743410679371763 ], [ 3.084530762840532, 36.743410679371763 ], [ 3.084530762840532, 36.742951639567913 ], [ 3.083050330905515, 36.742951639567913 ], [ 3.083050330905515, 36.742492597018455 ], [ 3.081569898970499, 36.742492597018455 ], [ 3.081569898970499, 36.742033551723452 ], [ 3.080089467035482, 36.742033551723452 ], [ 3.080089467035482, 36.741574503682855 ], [ 3.078609035100465, 36.741574503682855 ], [ 3.078609035100465, 36.742033551723452 ], [ 3.077128603165448, 36.742033551723452 ], [ 3.077128603165448, 36.742492597018455 ], [ 3.07638838719794, 36.742492597018455 ], [ 3.07638838719794, 36.742951639567913 ], [ 3.074907955262923, 36.742951639567913 ], [ 3.074907955262923, 36.744787782309629 ], [ 3.074167739295415, 36.744787782309629 ], [ 3.074167739295415, 36.74708289895969 ], [ 3.073427523327906, 36.74708289895969 ], [ 3.073427523327906, 36.749377946967037 ], [ 3.072687307360398, 36.749377946967037 ], [ 3.072687307360398, 36.750754942822262 ], [ 3.073427523327906, 36.750754942822262 ], [ 3.073427523327906, 36.752590898854436 ], [ 3.074167739295415, 36.752590898854436 ], [ 3.074167739295415, 36.753967837047014 ], [ 3.074907955262923, 36.753967837047014 ], [ 3.074907955262923, 36.754426810952772 ], [ 3.07638838719794, 36.754426810952772 ], [ 3.07638838719794, 36.754885782112567 ], [ 3.077868819132957, 36.754885782112567 ], [ 3.077868819132957, 36.755344750526469 ], [ 3.078609035100465, 36.755344750526469 ], [ 3.078609035100465, 36.755803716194414 ], [ 3.080089467035482, 36.755803716194414 ], [ 3.080089467035482, 36.756262679116404 ], [ 3.083050330905515, 36.756262679116404 ], [ 3.083050330905515, 36.755803716194414 ], [ 3.083790546873024, 36.755803716194414 ], [ 3.083790546873024, 36.755344750526469 ], [ 3.084530762840532, 36.755344750526469 ], [ 3.084530762840532, 36.754885782112567 ], [ 3.08527097880804, 36.754885782112567 ], [ 3.08527097880804, 36.754426810952772 ] ] ], [ [ [ 3.769970748753249, 36.803521150300242 ], [ 3.770710964720758, 36.803521150300242 ], [ 3.770710964720758, 36.802145102001809 ], [ 3.771451180688266, 36.802145102001809 ], [ 3.771451180688266, 36.800310332475533 ], [ 3.772191396655774, 36.800310332475533 ], [ 3.772191396655774, 36.799392931229058 ], [ 3.771451180688266, 36.799392931229058 ], [ 3.771451180688266, 36.797558095769915 ], [ 3.770710964720758, 36.797558095769915 ], [ 3.770710964720758, 36.795723216356578 ], [ 3.769970748753249, 36.795723216356578 ], [ 3.769970748753249, 36.795264489635478 ], [ 3.769230532785741, 36.795264489635478 ], [ 3.769230532785741, 36.794347027952107 ], [ 3.768490316818232, 36.794347027952107 ], [ 3.768490316818232, 36.793429555280518 ], [ 3.767750100850724, 36.793429555280518 ], [ 3.767750100850724, 36.792970814824194 ], [ 3.767009884883216, 36.792970814824194 ], [ 3.767009884883216, 36.79205332567053 ], [ 3.766269668915708, 36.79205332567053 ], [ 3.766269668915708, 36.791594576973218 ], [ 3.765529452948199, 36.791594576973218 ], [ 3.765529452948199, 36.79067707133769 ], [ 3.764049021013182, 36.79067707133769 ], [ 3.764049021013182, 36.790218314399517 ], [ 3.761088157143149, 36.790218314399517 ], [ 3.761088157143149, 36.789759554714394 ], [ 3.758867509240624, 36.789759554714394 ], [ 3.758867509240624, 36.789300792282361 ], [ 3.758127293273116, 36.789300792282361 ], [ 3.758127293273116, 36.789759554714394 ], [ 3.757387077305608, 36.789759554714394 ], [ 3.757387077305608, 36.790218314399517 ], [ 3.756646861338099, 36.790218314399517 ], [ 3.756646861338099, 36.79067707133769 ], [ 3.755906645370591, 36.79067707133769 ], [ 3.755906645370591, 36.791135825528933 ], [ 3.755166429403083, 36.791135825528933 ], [ 3.755166429403083, 36.791594576973218 ], [ 3.754426213435575, 36.791594576973218 ], [ 3.754426213435575, 36.79205332567053 ], [ 3.753685997468065, 36.79205332567053 ], [ 3.753685997468065, 36.792512071620862 ], [ 3.752945781500558, 36.792512071620862 ], [ 3.752945781500558, 36.794347027952107 ], [ 3.75220556553305, 36.794347027952107 ], [ 3.75220556553305, 36.797558095769915 ], [ 3.751465349565541, 36.797558095769915 ], [ 3.751465349565541, 36.798934226485024 ], [ 3.75220556553305, 36.798934226485024 ], [ 3.75220556553305, 36.800769028977967 ], [ 3.752945781500558, 36.800769028977967 ], [ 3.752945781500558, 36.802145102001809 ], [ 3.754426213435575, 36.802145102001809 ], [ 3.754426213435575, 36.802603787515238 ], [ 3.755906645370591, 36.802603787515238 ], [ 3.755906645370591, 36.803062470281382 ], [ 3.758127293273116, 36.803062470281382 ], [ 3.758127293273116, 36.803521150300242 ], [ 3.760347941175641, 36.803521150300242 ], [ 3.760347941175641, 36.80397982757178 ], [ 3.761828373110657, 36.80397982757178 ], [ 3.761828373110657, 36.804438502096019 ], [ 3.764049021013182, 36.804438502096019 ], [ 3.764049021013182, 36.804897173872909 ], [ 3.765529452948199, 36.804897173872909 ], [ 3.765529452948199, 36.805355842902458 ], [ 3.767009884883216, 36.805355842902458 ], [ 3.767009884883216, 36.804897173872909 ], [ 3.767750100850724, 36.804897173872909 ], [ 3.767750100850724, 36.804438502096019 ], [ 3.769230532785741, 36.804438502096019 ], [ 3.769230532785741, 36.80397982757178 ], [ 3.769970748753249, 36.80397982757178 ], [ 3.769970748753249, 36.803521150300242 ] ] ], [ [ [ -1.900823778328099, 36.973044087250884 ], [ -1.899343346393083, 36.973044087250884 ], [ -1.899343346393083, 36.972586424612288 ], [ -1.898603130425575, 36.972586424612288 ], [ -1.898603130425575, 36.970755746537762 ], [ -1.897862914458066, 36.970755746537762 ], [ -1.897862914458066, 36.968925024431591 ], [ -1.897122698490558, 36.968925024431591 ], [ -1.897122698490558, 36.968467337025196 ], [ -1.897862914458066, 36.968467337025196 ], [ -1.897862914458066, 36.96572115479708 ], [ -1.898603130425575, 36.96572115479708 ], [ -1.898603130425575, 36.963432593931294 ], [ -1.899343346393083, 36.963432593931294 ], [ -1.899343346393083, 36.961143964271145 ], [ -1.900083562360591, 36.961143964271145 ], [ -1.900083562360591, 36.96068623008393 ], [ -1.900823778328099, 36.96068623008393 ], [ -1.900823778328099, 36.960228493144996 ], [ -1.901563994295608, 36.960228493144996 ], [ -1.901563994295608, 36.959770753454407 ], [ -1.902304210263116, 36.959770753454407 ], [ -1.902304210263116, 36.959313011012128 ], [ -1.903784642198133, 36.959313011012128 ], [ -1.903784642198133, 36.958855265818187 ], [ -1.904524858165641, 36.958855265818187 ], [ -1.904524858165641, 36.958397517872605 ], [ -1.906745506068166, 36.958397517872605 ], [ -1.906745506068166, 36.958855265818187 ], [ -1.907485722035675, 36.958855265818187 ], [ -1.907485722035675, 36.959313011012128 ], [ -1.908966153970691, 36.959313011012128 ], [ -1.908966153970691, 36.959770753454407 ], [ -1.9097063699382, 36.959770753454407 ], [ -1.9097063699382, 36.960228493144996 ], [ -1.910446585905708, 36.960228493144996 ], [ -1.910446585905708, 36.96068623008393 ], [ -1.911186801873216, 36.96068623008393 ], [ -1.911186801873216, 36.962517150322469 ], [ -1.911927017840724, 36.962517150322469 ], [ -1.911927017840724, 36.964348026533024 ], [ -1.912667233808233, 36.964348026533024 ], [ -1.912667233808233, 36.96617885871477 ], [ -1.913407449775741, 36.96617885871477 ], [ -1.913407449775741, 36.96709425829458 ], [ -1.912667233808233, 36.96709425829458 ], [ -1.912667233808233, 36.969382709086055 ], [ -1.911927017840724, 36.969382709086055 ], [ -1.911927017840724, 36.971671091079031 ], [ -1.911186801873216, 36.971671091079031 ], [ -1.911186801873216, 36.972586424612288 ], [ -1.908966153970691, 36.972586424612288 ], [ -1.908966153970691, 36.973044087250884 ], [ -1.907485722035675, 36.973044087250884 ], [ -1.907485722035675, 36.973501747137441 ], [ -1.906005290100658, 36.973501747137441 ], [ -1.906005290100658, 36.97395940427193 ], [ -1.904524858165641, 36.97395940427193 ], [ -1.904524858165641, 36.974417058654367 ], [ -1.902304210263116, 36.974417058654367 ], [ -1.902304210263116, 36.97395940427193 ], [ -1.901563994295608, 36.97395940427193 ], [ -1.901563994295608, 36.973501747137441 ], [ -1.900823778328099, 36.973501747137441 ], [ -1.900823778328099, 36.973044087250884 ] ] ], [ [ [ -1.571427672786891, 37.615605017968704 ], [ -1.570687456819382, 37.615605017968704 ], [ -1.570687456819382, 37.614697475089372 ], [ -1.569947240851874, 37.614697475089372 ], [ -1.569947240851874, 37.61061339506395 ], [ -1.570687456819382, 37.61061339506395 ], [ -1.570687456819382, 37.60970579126586 ], [ -1.571427672786891, 37.60970579126586 ], [ -1.571427672786891, 37.608344364801546 ], [ -1.572167888754399, 37.608344364801546 ], [ -1.572167888754399, 37.607436733314024 ], [ -1.572908104721908, 37.607436733314024 ], [ -1.572908104721908, 37.60652909075089 ], [ -1.573648320689416, 37.60652909075089 ], [ -1.573648320689416, 37.605621437112248 ], [ -1.574388536656924, 37.605621437112248 ], [ -1.574388536656924, 37.604259935887903 ], [ -1.575128752624432, 37.604259935887903 ], [ -1.575128752624432, 37.603806096608785 ], [ -1.580310264396991, 37.603806096608785 ], [ -1.580310264396991, 37.604713772398178 ], [ -1.581050480364499, 37.604713772398178 ], [ -1.581050480364499, 37.605167606139638 ], [ -1.581790696332007, 37.605167606139638 ], [ -1.581790696332007, 37.606075265316001 ], [ -1.582530912299516, 37.606075265316001 ], [ -1.582530912299516, 37.6069829134169 ], [ -1.583271128267024, 37.6069829134169 ], [ -1.583271128267024, 37.607890550442235 ], [ -1.584011344234532, 37.607890550442235 ], [ -1.584011344234532, 37.608344364801546 ], [ -1.584751560202041, 37.608344364801546 ], [ -1.584751560202041, 37.609251985213362 ], [ -1.585491776169549, 37.609251985213362 ], [ -1.585491776169549, 37.610159594549387 ], [ -1.586231992137058, 37.610159594549387 ], [ -1.586231992137058, 37.614697475089372 ], [ -1.585491776169549, 37.614697475089372 ], [ -1.585491776169549, 37.615605017968704 ], [ -1.584751560202041, 37.615605017968704 ], [ -1.584751560202041, 37.616512549771585 ], [ -1.584011344234532, 37.616512549771585 ], [ -1.584011344234532, 37.616966311519334 ], [ -1.583271128267024, 37.616966311519334 ], [ -1.583271128267024, 37.617420070497936 ], [ -1.578089616494466, 37.617420070497936 ], [ -1.578089616494466, 37.617873826707381 ], [ -1.572908104721908, 37.617873826707381 ], [ -1.572908104721908, 37.616966311519334 ], [ -1.572167888754399, 37.616966311519334 ], [ -1.572167888754399, 37.616512549771585 ], [ -1.571427672786891, 37.616512549771585 ], [ -1.571427672786891, 37.615605017968704 ] ] ], [ [ [ -4.444205842686737, 40.063897229899631 ], [ -4.443465626719228, 40.063897229899631 ], [ -4.443465626719228, 40.063020387506903 ], [ -4.44272541075172, 40.063020387506903 ], [ -4.44272541075172, 40.06126666886589 ], [ -4.443465626719228, 40.06126666886589 ], [ -4.443465626719228, 40.057759096163331 ], [ -4.444205842686737, 40.057759096163331 ], [ -4.444205842686737, 40.053812861050474 ], [ -4.444946058654245, 40.053812861050474 ], [ -4.444946058654245, 40.052497398565343 ], [ -4.445686274621754, 40.052497398565343 ], [ -4.445686274621754, 40.051181910690111 ], [ -4.446426490589261, 40.051181910690111 ], [ -4.446426490589261, 40.05030490466779 ], [ -4.44716670655677, 40.05030490466779 ], [ -4.44716670655677, 40.048989374476207 ], [ -4.447906922524279, 40.048989374476207 ], [ -4.447906922524279, 40.048112340243165 ], [ -4.448647138491787, 40.048112340243165 ], [ -4.448647138491787, 40.04767381889507 ], [ -4.450127570426804, 40.04767381889507 ], [ -4.450127570426804, 40.047235294725937 ], [ -4.450867786394312, 40.047235294725937 ], [ -4.450867786394312, 40.046796767735778 ], [ -4.453828650264345, 40.046796767735778 ], [ -4.453828650264345, 40.047235294725937 ], [ -4.454568866231853, 40.047235294725937 ], [ -4.454568866231853, 40.04767381889507 ], [ -4.45604929816687, 40.04767381889507 ], [ -4.45604929816687, 40.048112340243165 ], [ -4.456789514134379, 40.048112340243165 ], [ -4.456789514134379, 40.048989374476207 ], [ -4.457529730101887, 40.048989374476207 ], [ -4.457529730101887, 40.049866397424999 ], [ -4.458269946069396, 40.049866397424999 ], [ -4.458269946069396, 40.050743409089499 ], [ -4.459010162036904, 40.050743409089499 ], [ -4.459010162036904, 40.051620409469628 ], [ -4.459750378004412, 40.051620409469628 ], [ -4.459750378004412, 40.052497398565343 ], [ -4.460490593971921, 40.052497398565343 ], [ -4.460490593971921, 40.057759096163331 ], [ -4.459750378004412, 40.057759096163331 ], [ -4.459750378004412, 40.05863600626639 ], [ -4.459010162036904, 40.05863600626639 ], [ -4.459010162036904, 40.062581962078582 ], [ -4.459750378004412, 40.062581962078582 ], [ -4.459750378004412, 40.064335646864023 ], [ -4.459010162036904, 40.064335646864023 ], [ -4.459010162036904, 40.065212472328824 ], [ -4.458269946069396, 40.065212472328824 ], [ -4.458269946069396, 40.06608928650828 ], [ -4.457529730101887, 40.06608928650828 ], [ -4.457529730101887, 40.066527689365962 ], [ -4.456789514134379, 40.066527689365962 ], [ -4.456789514134379, 40.0669660894023 ], [ -4.45604929816687, 40.0669660894023 ], [ -4.45604929816687, 40.067404486617278 ], [ -4.445686274621754, 40.067404486617278 ], [ -4.445686274621754, 40.06608928650828 ], [ -4.444946058654245, 40.06608928650828 ], [ -4.444946058654245, 40.065212472328824 ], [ -4.444205842686737, 40.065212472328824 ], [ -4.444205842686737, 40.063897229899631 ] ] ], [ [ [ -3.475263141218327, 40.253467802761868 ], [ -3.475263141218327, 40.253030605299436 ], [ -3.473042493315802, 40.253030605299436 ], [ -3.473042493315802, 40.252593405012497 ], [ -3.471562061380785, 40.252593405012497 ], [ -3.471562061380785, 40.252156201901066 ], [ -3.469341413478261, 40.252156201901066 ], [ -3.469341413478261, 40.251281787204768 ], [ -3.468601197510752, 40.251281787204768 ], [ -3.468601197510752, 40.249970143976832 ], [ -3.467860981543244, 40.249970143976832 ], [ -3.467860981543244, 40.249095701035969 ], [ -3.467120765575736, 40.249095701035969 ], [ -3.467120765575736, 40.248221246797378 ], [ -3.466380549608227, 40.248221246797378 ], [ -3.466380549608227, 40.246909544256376 ], [ -3.465640333640719, 40.246909544256376 ], [ -3.465640333640719, 40.246035061773718 ], [ -3.46490011767321, 40.246035061773718 ], [ -3.46490011767321, 40.243411546540848 ], [ -3.465640333640719, 40.243411546540848 ], [ -3.465640333640719, 40.241662479898736 ], [ -3.466380549608227, 40.241662479898736 ], [ -3.466380549608227, 40.23991336806769 ], [ -3.467120765575736, 40.23991336806769 ], [ -3.467120765575736, 40.239038795206454 ], [ -3.467860981543244, 40.239038795206454 ], [ -3.467860981543244, 40.238601504539439 ], [ -3.468601197510752, 40.238601504539439 ], [ -3.468601197510752, 40.238164211048165 ], [ -3.470081629445768, 40.238164211048165 ], [ -3.470081629445768, 40.237726914732633 ], [ -3.470821845413277, 40.237726914732633 ], [ -3.470821845413277, 40.237289615592864 ], [ -3.472302277348294, 40.237289615592864 ], [ -3.472302277348294, 40.236852313628852 ], [ -3.476003357185836, 40.236852313628852 ], [ -3.476003357185836, 40.237289615592864 ], [ -3.479704437023377, 40.237289615592864 ], [ -3.479704437023377, 40.237726914732633 ], [ -3.482665300893411, 40.237726914732633 ], [ -3.482665300893411, 40.238164211048165 ], [ -3.483405516860918, 40.238164211048165 ], [ -3.483405516860918, 40.239476083049205 ], [ -3.484145732828428, 40.239476083049205 ], [ -3.484145732828428, 40.240350650261888 ], [ -3.484885948795936, 40.240350650261888 ], [ -3.484885948795936, 40.241662479898736 ], [ -3.485626164763444, 40.241662479898736 ], [ -3.485626164763444, 40.242537018868425 ], [ -3.486366380730952, 40.242537018868425 ], [ -3.486366380730952, 40.243411546540848 ], [ -3.485626164763444, 40.243411546540848 ], [ -3.485626164763444, 40.247346781261115 ], [ -3.484885948795936, 40.247346781261115 ], [ -3.484885948795936, 40.250844575619915 ], [ -3.484145732828428, 40.250844575619915 ], [ -3.484145732828428, 40.251718995965156 ], [ -3.483405516860918, 40.251718995965156 ], [ -3.483405516860918, 40.252156201901066 ], [ -3.482665300893411, 40.252156201901066 ], [ -3.482665300893411, 40.252593405012497 ], [ -3.481925084925902, 40.252593405012497 ], [ -3.481925084925902, 40.253030605299436 ], [ -3.481184868958394, 40.253030605299436 ], [ -3.481184868958394, 40.253467802761868 ], [ -3.480444652990886, 40.253467802761868 ], [ -3.480444652990886, 40.253904997399822 ], [ -3.479704437023377, 40.253904997399822 ], [ -3.479704437023377, 40.25434218921324 ], [ -3.47822400508836, 40.25434218921324 ], [ -3.47822400508836, 40.253904997399822 ], [ -3.476743573153344, 40.253904997399822 ], [ -3.476743573153344, 40.253467802761868 ], [ -3.475263141218327, 40.253467802761868 ] ] ], [ [ [ 1.979388323350589, 41.464373761387826 ], [ 1.979388323350589, 41.463944484023486 ], [ 1.980128539318097, 41.463944484023486 ], [ 1.980128539318097, 41.463085920768989 ], [ 1.980868755285605, 41.463085920768989 ], [ 1.980868755285605, 41.462656634878854 ], [ 1.981608971253114, 41.462656634878854 ], [ 1.981608971253114, 41.462227346146804 ], [ 1.982349187220622, 41.462227346146804 ], [ 1.982349187220622, 41.461798054572846 ], [ 1.98308940318813, 41.461798054572846 ], [ 1.98308940318813, 41.460939462899212 ], [ 1.983829619155639, 41.460939462899212 ], [ 1.983829619155639, 41.460510162799537 ], [ 1.984569835123147, 41.460510162799537 ], [ 1.984569835123147, 41.460080859857975 ], [ 1.985310051090655, 41.460080859857975 ], [ 1.985310051090655, 41.459222245449205 ], [ 1.986050267058164, 41.459222245449205 ], [ 1.986050267058164, 41.457504982529208 ], [ 1.986790483025672, 41.457504982529208 ], [ 1.986790483025672, 41.455787674139529 ], [ 1.98753069899318, 41.455787674139529 ], [ 1.98753069899318, 41.454929002893678 ], [ 1.986790483025672, 41.454929002893678 ], [ 1.986790483025672, 41.453640974711249 ], [ 1.986050267058164, 41.453640974711249 ], [ 1.986050267058164, 41.452782275047241 ], [ 1.985310051090655, 41.452782275047241 ], [ 1.985310051090655, 41.451923564016063 ], [ 1.984569835123147, 41.451923564016063 ], [ 1.984569835123147, 41.451064841617743 ], [ 1.983829619155639, 41.451064841617743 ], [ 1.983829619155639, 41.449776736706959 ], [ 1.98308940318813, 41.449776736706959 ], [ 1.98308940318813, 41.449347362719848 ], [ 1.981608971253114, 41.449347362719848 ], [ 1.981608971253114, 41.448917985890979 ], [ 1.980128539318097, 41.448917985890979 ], [ 1.980128539318097, 41.448488606220351 ], [ 1.977907891415572, 41.448488606220351 ], [ 1.977907891415572, 41.448059223707993 ], [ 1.975687243513047, 41.448059223707993 ], [ 1.975687243513047, 41.448488606220351 ], [ 1.974947027545539, 41.448488606220351 ], [ 1.974947027545539, 41.449347362719848 ], [ 1.97420681157803, 41.449347362719848 ], [ 1.97420681157803, 41.450206107852324 ], [ 1.973466595610522, 41.450206107852324 ], [ 1.973466595610522, 41.450635476155917 ], [ 1.972726379643014, 41.450635476155917 ], [ 1.972726379643014, 41.451494204237804 ], [ 1.971986163675505, 41.451494204237804 ], [ 1.971986163675505, 41.461368760156972 ], [ 1.972726379643014, 41.461368760156972 ], [ 1.972726379643014, 41.463085920768989 ], [ 1.973466595610522, 41.463085920768989 ], [ 1.973466595610522, 41.463944484023486 ], [ 1.97420681157803, 41.463944484023486 ], [ 1.97420681157803, 41.464373761387826 ], [ 1.975687243513047, 41.464373761387826 ], [ 1.975687243513047, 41.464803035910236 ], [ 1.976427459480555, 41.464803035910236 ], [ 1.976427459480555, 41.465232307590696 ], [ 1.977907891415572, 41.465232307590696 ], [ 1.977907891415572, 41.464803035910236 ], [ 1.978648107383081, 41.464803035910236 ], [ 1.978648107383081, 41.464373761387826 ], [ 1.979388323350589, 41.464373761387826 ] ] ], [ [ [ -5.254742327108364, 41.909709180516423 ], [ -5.254002111140855, 41.909709180516423 ], [ -5.254002111140855, 41.909282864344092 ], [ -5.253261895173347, 41.909282864344092 ], [ -5.253261895173347, 41.908856545324682 ], [ -5.252521679205839, 41.908856545324682 ], [ -5.252521679205839, 41.908003898744688 ], [ -5.25178146323833, 41.908003898744688 ], [ -5.25178146323833, 41.907577571184092 ], [ -5.251041247270821, 41.907577571184092 ], [ -5.251041247270821, 41.90715124077645 ], [ -5.250301031303313, 41.90715124077645 ], [ -5.250301031303313, 41.898197644554962 ], [ -5.251041247270821, 41.898197644554962 ], [ -5.251041247270821, 41.897344855624759 ], [ -5.25178146323833, 41.897344855624759 ], [ -5.25178146323833, 41.89649205530678 ], [ -5.252521679205839, 41.89649205530678 ], [ -5.252521679205839, 41.896065650877382 ], [ -5.253261895173347, 41.896065650877382 ], [ -5.253261895173347, 41.89563924360106 ], [ -5.254002111140855, 41.89563924360106 ], [ -5.254002111140855, 41.895212833477814 ], [ -5.254742327108364, 41.895212833477814 ], [ -5.254742327108364, 41.89563924360106 ], [ -5.258443406945904, 41.89563924360106 ], [ -5.258443406945904, 41.895212833477814 ], [ -5.259183622913413, 41.895212833477814 ], [ -5.259183622913413, 41.89478642050765 ], [ -5.259923838880921, 41.89478642050765 ], [ -5.259923838880921, 41.894360004690576 ], [ -5.26066405484843, 41.894360004690576 ], [ -5.26066405484843, 41.893933586026584 ], [ -5.261404270815938, 41.893933586026584 ], [ -5.261404270815938, 41.893507164515697 ], [ -5.262144486783447, 41.893507164515697 ], [ -5.262144486783447, 41.893080740157906 ], [ -5.263624918718463, 41.893080740157906 ], [ -5.263624918718463, 41.893507164515697 ], [ -5.264365134685971, 41.893507164515697 ], [ -5.264365134685971, 41.893933586026584 ], [ -5.265105350653481, 41.893933586026584 ], [ -5.265105350653481, 41.894360004690576 ], [ -5.265845566620988, 41.894360004690576 ], [ -5.265845566620988, 41.89478642050765 ], [ -5.266585782588496, 41.89478642050765 ], [ -5.266585782588496, 41.895212833477814 ], [ -5.267325998556005, 41.895212833477814 ], [ -5.267325998556005, 41.896065650877382 ], [ -5.268066214523513, 41.896065650877382 ], [ -5.268066214523513, 41.897344855624759 ], [ -5.268806430491021, 41.897344855624759 ], [ -5.268806430491021, 41.902035053816313 ], [ -5.26954664645853, 41.902035053816313 ], [ -5.26954664645853, 41.905019546032612 ], [ -5.268806430491021, 41.905019546032612 ], [ -5.268806430491021, 41.905872232471246 ], [ -5.268066214523513, 41.905872232471246 ], [ -5.268066214523513, 41.90715124077645 ], [ -5.267325998556005, 41.90715124077645 ], [ -5.267325998556005, 41.908430223458211 ], [ -5.266585782588496, 41.908430223458211 ], [ -5.266585782588496, 41.908856545324682 ], [ -5.265845566620988, 41.908856545324682 ], [ -5.265845566620988, 41.909282864344092 ], [ -5.265105350653481, 41.909282864344092 ], [ -5.265105350653481, 41.909709180516423 ], [ -5.264365134685971, 41.909709180516423 ], [ -5.264365134685971, 41.910135493841686 ], [ -5.263624918718463, 41.910135493841686 ], [ -5.263624918718463, 41.910988111950957 ], [ -5.262884702750956, 41.910988111950957 ], [ -5.262884702750956, 41.911414416734971 ], [ -5.256222759043379, 41.911414416734971 ], [ -5.256222759043379, 41.910561804319869 ], [ -5.255482543075872, 41.910561804319869 ], [ -5.255482543075872, 41.910135493841686 ], [ -5.254742327108364, 41.910135493841686 ], [ -5.254742327108364, 41.909709180516423 ] ] ], [ [ [ -2.216895996454158, 43.045344248849148 ], [ -2.215415564519142, 43.045344248849148 ], [ -2.215415564519142, 43.044925600070989 ], [ -2.213194916616617, 43.044925600070989 ], [ -2.213194916616617, 43.044506948435782 ], [ -2.212454700649109, 43.044506948435782 ], [ -2.212454700649109, 43.043250976387839 ], [ -2.2117144846816, 43.043250976387839 ], [ -2.2117144846816, 43.040320274946268 ], [ -2.210974268714092, 43.040320274946268 ], [ -2.210974268714092, 43.035295889632046 ], [ -2.2117144846816, 43.035295889632046 ], [ -2.2117144846816, 43.031946070863157 ], [ -2.212454700649109, 43.031946070863157 ], [ -2.212454700649109, 43.029433586793843 ], [ -2.213194916616617, 43.029433586793843 ], [ -2.213194916616617, 43.029014829449622 ], [ -2.213935132584125, 43.029014829449622 ], [ -2.213935132584125, 43.028596069248458 ], [ -2.215415564519142, 43.028596069248458 ], [ -2.215415564519142, 43.028177306190337 ], [ -2.21615578048665, 43.028177306190337 ], [ -2.21615578048665, 43.027758540275293 ], [ -2.218376428389175, 43.027758540275293 ], [ -2.218376428389175, 43.028177306190337 ], [ -2.2205970762917, 43.028177306190337 ], [ -2.2205970762917, 43.028596069248458 ], [ -2.222817724194225, 43.028596069248458 ], [ -2.222817724194225, 43.029014829449622 ], [ -2.22503837209675, 43.029014829449622 ], [ -2.22503837209675, 43.029433586793843 ], [ -2.225778588064259, 43.029433586793843 ], [ -2.225778588064259, 43.030689841684811 ], [ -2.226518804031767, 43.030689841684811 ], [ -2.226518804031767, 43.031527330660673 ], [ -2.227259019999275, 43.031527330660673 ], [ -2.227259019999275, 43.032783542697238 ], [ -2.227999235966783, 43.032783542697238 ], [ -2.227999235966783, 43.033621003103427 ], [ -2.228739451934292, 43.033621003103427 ], [ -2.228739451934292, 43.03487717228537 ], [ -2.2294796679018, 43.03487717228537 ], [ -2.2294796679018, 43.036133315754434 ], [ -2.230219883869309, 43.036133315754434 ], [ -2.230219883869309, 43.036970730448857 ], [ -2.230960099836817, 43.036970730448857 ], [ -2.230960099836817, 43.038226831062964 ], [ -2.230219883869309, 43.038226831062964 ], [ -2.230219883869309, 43.041994978626512 ], [ -2.2294796679018, 43.041994978626512 ], [ -2.2294796679018, 43.043250976387839 ], [ -2.228739451934292, 43.043250976387839 ], [ -2.228739451934292, 43.043669636594203 ], [ -2.227999235966783, 43.043669636594203 ], [ -2.227999235966783, 43.04408829394351 ], [ -2.227259019999275, 43.04408829394351 ], [ -2.227259019999275, 43.044506948435782 ], [ -2.225778588064259, 43.044506948435782 ], [ -2.225778588064259, 43.044925600070989 ], [ -2.22503837209675, 43.044925600070989 ], [ -2.22503837209675, 43.045344248849148 ], [ -2.224298156129242, 43.045344248849148 ], [ -2.224298156129242, 43.045762894770256 ], [ -2.223557940161733, 43.045762894770256 ], [ -2.223557940161733, 43.0461815378343 ], [ -2.222817724194225, 43.0461815378343 ], [ -2.222817724194225, 43.046600178041274 ], [ -2.2205970762917, 43.046600178041274 ], [ -2.2205970762917, 43.0461815378343 ], [ -2.218376428389175, 43.0461815378343 ], [ -2.218376428389175, 43.045762894770256 ], [ -2.216895996454158, 43.045762894770256 ], [ -2.216895996454158, 43.045344248849148 ] ] ], [ [ [ -5.323582412086639, 43.230524637068527 ], [ -5.323582412086639, 43.229689868547368 ], [ -5.32284219611913, 43.229689868547368 ], [ -5.32284219611913, 43.229272479999416 ], [ -5.322101980151621, 43.229272479999416 ], [ -5.322101980151621, 43.22843769432874 ], [ -5.321361764184113, 43.22843769432874 ], [ -5.321361764184113, 43.227602897225083 ], [ -5.320621548216605, 43.227602897225083 ], [ -5.320621548216605, 43.227185494385886 ], [ -5.319881332249095, 43.227185494385886 ], [ -5.319881332249095, 43.226350680132789 ], [ -5.319141116281588, 43.226350680132789 ], [ -5.319141116281588, 43.225515854446755 ], [ -5.31840090031408, 43.225515854446755 ], [ -5.31840090031408, 43.218836837375243 ], [ -5.319141116281588, 43.218836837375243 ], [ -5.319141116281588, 43.21800190879371 ], [ -5.319881332249095, 43.21800190879371 ], [ -5.319881332249095, 43.217166968779452 ], [ -5.320621548216605, 43.217166968779452 ], [ -5.320621548216605, 43.216332017332483 ], [ -5.321361764184113, 43.216332017332483 ], [ -5.321361764184113, 43.215497054452825 ], [ -5.322101980151621, 43.215497054452825 ], [ -5.322101980151621, 43.214662080140506 ], [ -5.32284219611913, 43.214662080140506 ], [ -5.32284219611913, 43.214244588697113 ], [ -5.323582412086639, 43.214244588697113 ], [ -5.323582412086639, 43.213827094395548 ], [ -5.325803059989163, 43.213827094395548 ], [ -5.325803059989163, 43.213409597235824 ], [ -5.327283491924181, 43.213409597235824 ], [ -5.327283491924181, 43.212992097217956 ], [ -5.329504139826704, 43.212992097217956 ], [ -5.329504139826704, 43.212574594341923 ], [ -5.33172478772923, 43.212574594341923 ], [ -5.33172478772923, 43.212157088607761 ], [ -5.333945435631755, 43.212157088607761 ], [ -5.333945435631755, 43.21173958001544 ], [ -5.33616608353428, 43.21173958001544 ], [ -5.33616608353428, 43.211322068564975 ], [ -5.338386731436805, 43.211322068564975 ], [ -5.338386731436805, 43.212157088607761 ], [ -5.339126947404313, 43.212157088607761 ], [ -5.339126947404313, 43.212574594341923 ], [ -5.341347595306839, 43.212574594341923 ], [ -5.341347595306839, 43.212157088607761 ], [ -5.342087811274347, 43.212157088607761 ], [ -5.342087811274347, 43.212574594341923 ], [ -5.343568243209364, 43.212574594341923 ], [ -5.343568243209364, 43.212992097217956 ], [ -5.344308459176871, 43.212992097217956 ], [ -5.344308459176871, 43.213409597235824 ], [ -5.345788891111889, 43.213409597235824 ], [ -5.345788891111889, 43.214662080140506 ], [ -5.346529107079396, 43.214662080140506 ], [ -5.346529107079396, 43.218419374513573 ], [ -5.347269323046905, 43.218419374513573 ], [ -5.347269323046905, 43.220089208811132 ], [ -5.346529107079396, 43.220089208811132 ], [ -5.346529107079396, 43.220924108810742 ], [ -5.345788891111889, 43.220924108810742 ], [ -5.345788891111889, 43.221758997377563 ], [ -5.34504867514438, 43.221758997377563 ], [ -5.34504867514438, 43.222176437373662 ], [ -5.344308459176871, 43.222176437373662 ], [ -5.344308459176871, 43.223011308791236 ], [ -5.343568243209364, 43.223011308791236 ], [ -5.343568243209364, 43.223846168775957 ], [ -5.342828027241855, 43.223846168775957 ], [ -5.342828027241855, 43.224681017327796 ], [ -5.342087811274347, 43.224681017327796 ], [ -5.342087811274347, 43.225515854446755 ], [ -5.341347595306839, 43.225515854446755 ], [ -5.341347595306839, 43.226350680132789 ], [ -5.34060737933933, 43.226350680132789 ], [ -5.34060737933933, 43.227185494385886 ], [ -5.339867163371822, 43.227185494385886 ], [ -5.339867163371822, 43.228020297206037 ], [ -5.339126947404313, 43.228020297206037 ], [ -5.339126947404313, 43.2288550885932 ], [ -5.335425867566772, 43.2288550885932 ], [ -5.335425867566772, 43.229272479999416 ], [ -5.334685651599263, 43.229272479999416 ], [ -5.334685651599263, 43.229689868547368 ], [ -5.333945435631755, 43.229689868547368 ], [ -5.333945435631755, 43.230107254237076 ], [ -5.333205219664247, 43.230107254237076 ], [ -5.333205219664247, 43.230524637068527 ], [ -5.332465003696738, 43.230524637068527 ], [ -5.332465003696738, 43.231359394156634 ], [ -5.33172478772923, 43.231359394156634 ], [ -5.33172478772923, 43.23177676841329 ], [ -5.330984571761722, 43.23177676841329 ], [ -5.330984571761722, 43.232194139811689 ], [ -5.325803059989163, 43.232194139811689 ], [ -5.325803059989163, 43.23177676841329 ], [ -5.325062844021655, 43.23177676841329 ], [ -5.325062844021655, 43.231359394156634 ], [ -5.324322628054147, 43.231359394156634 ], [ -5.324322628054147, 43.230524637068527 ], [ -5.323582412086639, 43.230524637068527 ] ] ], [ [ [ -3.833527669492361, 43.417224635670451 ], [ -3.832787453524852, 43.417224635670451 ], [ -3.832787453524852, 43.41639242864612 ], [ -3.832047237557345, 43.41639242864612 ], [ -3.832047237557345, 43.412231221964042 ], [ -3.832787453524852, 43.412231221964042 ], [ -3.832787453524852, 43.410982804202497 ], [ -3.833527669492361, 43.410982804202497 ], [ -3.833527669492361, 43.40973436070712 ], [ -3.83426788545987, 43.40973436070712 ], [ -3.83426788545987, 43.408485891477945 ], [ -3.835008101427377, 43.408485891477945 ], [ -3.835008101427377, 43.407653564361979 ], [ -3.835748317394887, 43.407653564361979 ], [ -3.835748317394887, 43.40723739651505 ], [ -3.836488533362394, 43.40723739651505 ], [ -3.836488533362394, 43.40682122580882 ], [ -3.837228749329902, 43.40682122580882 ], [ -3.837228749329902, 43.406405052243301 ], [ -3.837968965297411, 43.406405052243301 ], [ -3.837968965297411, 43.405572696534385 ], [ -3.838709181264919, 43.405572696534385 ], [ -3.838709181264919, 43.405156514391003 ], [ -3.841670045134952, 43.405156514391003 ], [ -3.841670045134952, 43.405572696534385 ], [ -3.843890693037478, 43.405572696534385 ], [ -3.843890693037478, 43.405988875818487 ], [ -3.846111340940003, 43.405988875818487 ], [ -3.846111340940003, 43.406405052243301 ], [ -3.846851556907511, 43.406405052243301 ], [ -3.846851556907511, 43.40682122580882 ], [ -3.84759177287502, 43.40682122580882 ], [ -3.84759177287502, 43.407653564361979 ], [ -3.848331988842528, 43.407653564361979 ], [ -3.848331988842528, 43.408902050746981 ], [ -3.849072204810036, 43.408902050746981 ], [ -3.849072204810036, 43.40973436070712 ], [ -3.849812420777544, 43.40973436070712 ], [ -3.849812420777544, 43.414727980285306 ], [ -3.849072204810036, 43.414727980285306 ], [ -3.849072204810036, 43.415560210184402 ], [ -3.848331988842528, 43.415560210184402 ], [ -3.848331988842528, 43.41639242864612 ], [ -3.84759177287502, 43.41639242864612 ], [ -3.84759177287502, 43.417224635670451 ], [ -3.846851556907511, 43.417224635670451 ], [ -3.846851556907511, 43.417640734893581 ], [ -3.843890693037478, 43.417640734893581 ], [ -3.843890693037478, 43.418056831257374 ], [ -3.841670045134952, 43.418056831257374 ], [ -3.841670045134952, 43.418472924761808 ], [ -3.839449397232428, 43.418472924761808 ], [ -3.839449397232428, 43.418889015406876 ], [ -3.837228749329902, 43.418889015406876 ], [ -3.837228749329902, 43.419305103192592 ], [ -3.835008101427377, 43.419305103192592 ], [ -3.835008101427377, 43.418889015406876 ], [ -3.83426788545987, 43.418889015406876 ], [ -3.83426788545987, 43.418056831257374 ], [ -3.833527669492361, 43.418056831257374 ], [ -3.833527669492361, 43.417224635670451 ] ] ], [ [ [ -0.554370933430439, 44.012208011482564 ], [ -0.554370933430439, 44.011384026362983 ], [ -0.553630717462931, 44.011384026362983 ], [ -0.553630717462931, 44.010972029510164 ], [ -0.552890501495423, 44.010972029510164 ], [ -0.552890501495423, 44.006851903571466 ], [ -0.552150285527914, 44.006851903571466 ], [ -0.552150285527914, 44.002319434477947 ], [ -0.552890501495423, 44.002319434477947 ], [ -0.552890501495423, 44.001907374661151 ], [ -0.553630717462931, 44.001907374661151 ], [ -0.553630717462931, 44.001083246441603 ], [ -0.554370933430439, 44.001083246441603 ], [ -0.554370933430439, 44.000259106774124 ], [ -0.555851365365456, 44.000259106774124 ], [ -0.555851365365456, 43.999847032647438 ], [ -0.558072013267981, 43.999847032647438 ], [ -0.558072013267981, 43.999434955658757 ], [ -0.560292661170506, 43.999434955658757 ], [ -0.560292661170506, 43.999022875808109 ], [ -0.563993741008048, 43.999022875808109 ], [ -0.563993741008048, 43.999847032647438 ], [ -0.564733956975556, 43.999847032647438 ], [ -0.564733956975556, 44.000259106774124 ], [ -0.565474172943064, 44.000259106774124 ], [ -0.565474172943064, 44.000671178038857 ], [ -0.566214388910573, 44.000671178038857 ], [ -0.566214388910573, 44.001083246441603 ], [ -0.566954604878081, 44.001083246441603 ], [ -0.566954604878081, 44.001495311982367 ], [ -0.567694820845589, 44.001495311982367 ], [ -0.567694820845589, 44.003143545525596 ], [ -0.568435036813098, 44.003143545525596 ], [ -0.568435036813098, 44.007675951655251 ], [ -0.569175252780606, 44.007675951655251 ], [ -0.569175252780606, 44.010148027218492 ], [ -0.568435036813098, 44.010148027218492 ], [ -0.568435036813098, 44.010560029795336 ], [ -0.567694820845589, 44.010560029795336 ], [ -0.567694820845589, 44.011384026362983 ], [ -0.566954604878081, 44.011384026362983 ], [ -0.566954604878081, 44.012208011482564 ], [ -0.566214388910573, 44.012208011482564 ], [ -0.566214388910573, 44.012619999749326 ], [ -0.563993741008048, 44.012619999749326 ], [ -0.563993741008048, 44.013031985154072 ], [ -0.560292661170506, 44.013031985154072 ], [ -0.560292661170506, 44.013443967696794 ], [ -0.555851365365456, 44.013443967696794 ], [ -0.555851365365456, 44.013031985154072 ], [ -0.555111149397948, 44.013031985154072 ], [ -0.555111149397948, 44.012208011482564 ], [ -0.554370933430439, 44.012208011482564 ] ] ] ] } }
]
}
