{
"type": "FeatureCollection",
"name": "spain_fires_nrt_ba",
"crs": { "type": "name", "properties": { "name": "urn:ogc:def:crs:OGC:1.3:CRS84" } },
"features": [
{ "type": "Feature", "properties": { }, "geometry": { "type": "MultiPolygon", "coordinates": [ [ [ [ -1.339740074956782, 35.31755068166477 ], [ -1.339740074956782, 35.31661582869917 ], [ -1.338999858989274, 35.31661582869917 ], [ -1.338999858989274, 35.316148398163833 ], [ -1.338259643021765, 35.316148398163833 ], [ -1.338259643021765, 35.315213528988217 ], [ -1.337519427054257, 35.315213528988217 ], [ -1.337519427054257, 35.314746090347946 ], [ -1.336779211086749, 35.314746090347946 ], [ -1.336779211086749, 35.31427864900607 ], [ -1.33603899511924, 35.31427864900607 ], [ -1.33603899511924, 35.309136615943153 ], [ -1.336779211086749, 35.309136615943153 ], [ -1.336779211086749, 35.308201665721619 ], [ -1.337519427054257, 35.308201665721619 ], [ -1.337519427054257, 35.307266704694499 ], [ -1.338259643021765, 35.307266704694499 ], [ -1.338259643021765, 35.306799220128873 ], [ -1.338999858989274, 35.306799220128873 ], [ -1.338999858989274, 35.305864242893584 ], [ -1.339740074956782, 35.305864242893584 ], [ -1.339740074956782, 35.305396750223949 ], [ -1.342700938826815, 35.305396750223949 ], [ -1.342700938826815, 35.304929254853015 ], [ -1.345661802696849, 35.304929254853015 ], [ -1.345661802696849, 35.304461756780782 ], [ -1.347142234631865, 35.304461756780782 ], [ -1.347142234631865, 35.304929254853015 ], [ -1.347882450599374, 35.304929254853015 ], [ -1.347882450599374, 35.305396750223949 ], [ -1.348622666566882, 35.305396750223949 ], [ -1.348622666566882, 35.306799220128873 ], [ -1.34936288253439, 35.306799220128873 ], [ -1.34936288253439, 35.307734186558754 ], [ -1.350103098501899, 35.307734186558754 ], [ -1.350103098501899, 35.308669142183099 ], [ -1.350843314469407, 35.308669142183099 ], [ -1.350843314469407, 35.311006483968946 ], [ -1.350103098501899, 35.311006483968946 ], [ -1.350103098501899, 35.313343758217513 ], [ -1.34936288253439, 35.313343758217513 ], [ -1.34936288253439, 35.315213528988217 ], [ -1.348622666566882, 35.315213528988217 ], [ -1.348622666566882, 35.316148398163833 ], [ -1.347882450599374, 35.316148398163833 ], [ -1.347882450599374, 35.317083256532818 ], [ -1.347142234631865, 35.317083256532818 ], [ -1.347142234631865, 35.31755068166477 ], [ -1.346402018664357, 35.31755068166477 ], [ -1.346402018664357, 35.31848552382354 ], [ -1.341220506891799, 35.31848552382354 ], [ -1.341220506891799, 35.318018104095017 ], [ -1.34048029092429, 35.318018104095017 ], [ -1.34048029092429, 35.31755068166477 ], [ -1.339740074956782, 35.31755068166477 ] ] ], [ [ [ -0.267907354004714, 35.53507655783536 ], [ -0.267907354004714, 35.5299485996741 ], [ -0.268647569972222, 35.5299485996741 ], [ -0.268647569972222, 35.529482405407087 ], [ -0.269387785939731, 35.529482405407087 ], [ -0.269387785939731, 35.529016208431422 ], [ -0.270128001907239, 35.529016208431422 ], [ -0.270128001907239, 35.528550008747118 ], [ -0.270868217874747, 35.528550008747118 ], [ -0.270868217874747, 35.528083806354168 ], [ -0.271608433842256, 35.528083806354168 ], [ -0.271608433842256, 35.527617601252622 ], [ -0.272348649809764, 35.527617601252622 ], [ -0.272348649809764, 35.527151393442459 ], [ -0.273088865777272, 35.527151393442459 ], [ -0.273088865777272, 35.526685182923728 ], [ -0.273829081744781, 35.526685182923728 ], [ -0.273829081744781, 35.52621896969643 ], [ -0.274569297712289, 35.52621896969643 ], [ -0.274569297712289, 35.525752753760564 ], [ -0.275309513679797, 35.525752753760564 ], [ -0.275309513679797, 35.525286535116166 ], [ -0.276049729647306, 35.525286535116166 ], [ -0.276049729647306, 35.524820313763243 ], [ -0.277530161582322, 35.524820313763243 ], [ -0.277530161582322, 35.524354089701824 ], [ -0.278270377549831, 35.524354089701824 ], [ -0.278270377549831, 35.523887862931907 ], [ -0.279750809484847, 35.523887862931907 ], [ -0.279750809484847, 35.524354089701824 ], [ -0.281231241419864, 35.524354089701824 ], [ -0.281231241419864, 35.524820313763243 ], [ -0.281971457387372, 35.524820313763243 ], [ -0.281971457387372, 35.525286535116166 ], [ -0.282711673354881, 35.525286535116166 ], [ -0.282711673354881, 35.525752753760564 ], [ -0.283451889322389, 35.525752753760564 ], [ -0.283451889322389, 35.528550008747118 ], [ -0.284192105289897, 35.528550008747118 ], [ -0.284192105289897, 35.532279530378716 ], [ -0.283451889322389, 35.532279530378716 ], [ -0.283451889322389, 35.53321188369943 ], [ -0.282711673354881, 35.53321188369943 ], [ -0.282711673354881, 35.533678056296615 ], [ -0.281971457387372, 35.533678056296615 ], [ -0.281971457387372, 35.534610393364595 ], [ -0.281231241419864, 35.534610393364595 ], [ -0.281231241419864, 35.53507655783536 ], [ -0.280491025452356, 35.53507655783536 ], [ -0.280491025452356, 35.536008878650335 ], [ -0.279750809484847, 35.536008878650335 ], [ -0.279750809484847, 35.536475034994524 ], [ -0.276789945614814, 35.536475034994524 ], [ -0.276789945614814, 35.536941188629832 ], [ -0.273088865777272, 35.536941188629832 ], [ -0.273088865777272, 35.537407339556246 ], [ -0.270128001907239, 35.537407339556246 ], [ -0.270128001907239, 35.536941188629832 ], [ -0.269387785939731, 35.536941188629832 ], [ -0.269387785939731, 35.536008878650335 ], [ -0.268647569972222, 35.536008878650335 ], [ -0.268647569972222, 35.53507655783536 ], [ -0.267907354004714, 35.53507655783536 ] ] ], [ [ [ -5.772893504364196, 35.56956521061889 ], [ -5.772893504364196, 35.56909924664312 ], [ -5.771413072429181, 35.56909924664312 ], [ -5.771413072429181, 35.56956521061889 ], [ -5.769932640494164, 35.56956521061889 ], [ -5.769932640494164, 35.5700311718847 ], [ -5.768452208559149, 35.5700311718847 ], [ -5.768452208559149, 35.56956521061889 ], [ -5.767711992591639, 35.56956521061889 ], [ -5.767711992591639, 35.56909924664312 ], [ -5.76697177662413, 35.56909924664312 ], [ -5.76697177662413, 35.568633279957403 ], [ -5.765491344689115, 35.568633279957403 ], [ -5.765491344689115, 35.568167310561769 ], [ -5.764751128721605, 35.568167310561769 ], [ -5.764751128721605, 35.56770133845621 ], [ -5.764010912754097, 35.56770133845621 ], [ -5.764010912754097, 35.567235363640762 ], [ -5.76327069678659, 35.567235363640762 ], [ -5.76327069678659, 35.566769386115425 ], [ -5.761790264851572, 35.566769386115425 ], [ -5.761790264851572, 35.566303405880227 ], [ -5.761050048884065, 35.566303405880227 ], [ -5.761050048884065, 35.565837422935175 ], [ -5.760309832916556, 35.565837422935175 ], [ -5.760309832916556, 35.565371437280291 ], [ -5.759569616949047, 35.565371437280291 ], [ -5.759569616949047, 35.563507467562687 ], [ -5.758829400981539, 35.563507467562687 ], [ -5.758829400981539, 35.562109461821933 ], [ -5.758089185014031, 35.562109461821933 ], [ -5.758089185014031, 35.56164345448888 ], [ -5.758829400981539, 35.56164345448888 ], [ -5.758829400981539, 35.559779398059881 ], [ -5.759569616949047, 35.559779398059881 ], [ -5.759569616949047, 35.556051155140075 ], [ -5.758829400981539, 35.556051155140075 ], [ -5.758829400981539, 35.55372091525529 ], [ -5.759569616949047, 35.55372091525529 ], [ -5.759569616949047, 35.549992390549335 ], [ -5.760309832916556, 35.549992390549335 ], [ -5.760309832916556, 35.547195883227815 ], [ -5.761050048884065, 35.547195883227815 ], [ -5.761050048884065, 35.546263692446608 ], [ -5.761790264851572, 35.546263692446608 ], [ -5.761790264851572, 35.545797592992201 ], [ -5.76253048081908, 35.545797592992201 ], [ -5.76253048081908, 35.544865385955823 ], [ -5.76327069678659, 35.544865385955823 ], [ -5.76327069678659, 35.543933168082816 ], [ -5.764010912754097, 35.543933168082816 ], [ -5.764010912754097, 35.543000939373307 ], [ -5.764751128721605, 35.543000939373307 ], [ -5.764751128721605, 35.542534820954891 ], [ -5.765491344689115, 35.542534820954891 ], [ -5.765491344689115, 35.540670320190564 ], [ -5.766231560656622, 35.540670320190564 ], [ -5.766231560656622, 35.537873487773723 ], [ -5.76697177662413, 35.537873487773723 ], [ -5.76697177662413, 35.536941188629832 ], [ -5.767711992591639, 35.536941188629832 ], [ -5.767711992591639, 35.536475034994524 ], [ -5.769932640494164, 35.536475034994524 ], [ -5.769932640494164, 35.536008878650335 ], [ -5.771413072429181, 35.536008878650335 ], [ -5.771413072429181, 35.535542719597274 ], [ -5.773633720331706, 35.535542719597274 ], [ -5.773633720331706, 35.53507655783536 ], [ -5.775114152266722, 35.53507655783536 ], [ -5.775114152266722, 35.534610393364595 ], [ -5.77659458420174, 35.534610393364595 ], [ -5.77659458420174, 35.534144226185013 ], [ -5.778815232104265, 35.534144226185013 ], [ -5.778815232104265, 35.533678056296615 ], [ -5.78029566403928, 35.533678056296615 ], [ -5.78029566403928, 35.53321188369943 ], [ -5.782516311941805, 35.53321188369943 ], [ -5.782516311941805, 35.532745708393463 ], [ -5.783996743876822, 35.532745708393463 ], [ -5.783996743876822, 35.532279530378716 ], [ -5.785477175811839, 35.532279530378716 ], [ -5.785477175811839, 35.531813349655238 ], [ -5.787697823714364, 35.531813349655238 ], [ -5.787697823714364, 35.532279530378716 ], [ -5.791398903551905, 35.532279530378716 ], [ -5.791398903551905, 35.532745708393463 ], [ -5.795840199356956, 35.532745708393463 ], [ -5.795840199356956, 35.53321188369943 ], [ -5.797320631291973, 35.53321188369943 ], [ -5.797320631291973, 35.533678056296615 ], [ -5.798060847259481, 35.533678056296615 ], [ -5.798060847259481, 35.534610393364595 ], [ -5.798801063226989, 35.534610393364595 ], [ -5.798801063226989, 35.535542719597274 ], [ -5.799541279194496, 35.535542719597274 ], [ -5.799541279194496, 35.544399278373895 ], [ -5.798801063226989, 35.544399278373895 ], [ -5.798801063226989, 35.544865385955823 ], [ -5.798060847259481, 35.544865385955823 ], [ -5.798060847259481, 35.545331490828602 ], [ -5.797320631291973, 35.545331490828602 ], [ -5.797320631291973, 35.545797592992201 ], [ -5.796580415324465, 35.545797592992201 ], [ -5.796580415324465, 35.546729789191822 ], [ -5.795840199356956, 35.546729789191822 ], [ -5.795840199356956, 35.547195883227815 ], [ -5.795099983389448, 35.547195883227815 ], [ -5.795099983389448, 35.547661974554565 ], [ -5.79435976742194, 35.547661974554565 ], [ -5.79435976742194, 35.548128063172072 ], [ -5.795099983389448, 35.548128063172072 ], [ -5.795099983389448, 35.550458465620366 ], [ -5.795840199356956, 35.550458465620366 ], [ -5.795840199356956, 35.555585112582101 ], [ -5.795099983389448, 35.555585112582101 ], [ -5.795099983389448, 35.557915298276626 ], [ -5.79435976742194, 35.557915298276626 ], [ -5.79435976742194, 35.558381327286853 ], [ -5.793619551454431, 35.558381327286853 ], [ -5.793619551454431, 35.558847353587474 ], [ -5.792879335486922, 35.558847353587474 ], [ -5.792879335486922, 35.559313377178498 ], [ -5.792139119519415, 35.559313377178498 ], [ -5.792139119519415, 35.559779398059881 ], [ -5.791398903551905, 35.559779398059881 ], [ -5.791398903551905, 35.560245416231631 ], [ -5.790658687584397, 35.560245416231631 ], [ -5.790658687584397, 35.560711431693733 ], [ -5.789918471616889, 35.560711431693733 ], [ -5.789918471616889, 35.561177444446159 ], [ -5.78917825564938, 35.561177444446159 ], [ -5.78917825564938, 35.56257546644526 ], [ -5.788438039681872, 35.56257546644526 ], [ -5.788438039681872, 35.563973464056765 ], [ -5.787697823714364, 35.563973464056765 ], [ -5.787697823714364, 35.565371437280291 ], [ -5.786957607746857, 35.565371437280291 ], [ -5.786957607746857, 35.566769386115425 ], [ -5.786217391779348, 35.566769386115425 ], [ -5.786217391779348, 35.568167310561769 ], [ -5.785477175811839, 35.568167310561769 ], [ -5.785477175811839, 35.568633279957403 ], [ -5.783996743876822, 35.568633279957403 ], [ -5.783996743876822, 35.56909924664312 ], [ -5.782516311941805, 35.56909924664312 ], [ -5.782516311941805, 35.56956521061889 ], [ -5.78029566403928, 35.56956521061889 ], [ -5.78029566403928, 35.5700311718847 ], [ -5.778075016136755, 35.5700311718847 ], [ -5.778075016136755, 35.570497130440543 ], [ -5.77585436823423, 35.570497130440543 ], [ -5.77585436823423, 35.5700311718847 ], [ -5.774373936299214, 35.5700311718847 ], [ -5.774373936299214, 35.56956521061889 ], [ -5.772893504364196, 35.56956521061889 ] ] ], [ [ [ -0.934841940729723, 35.573758764450957 ], [ -0.934841940729723, 35.57282688256965 ], [ -0.934101724762215, 35.57282688256965 ], [ -0.934101724762215, 35.572360937563893 ], [ -0.933361508794706, 35.572360937563893 ], [ -0.933361508794706, 35.571894989848083 ], [ -0.932621292827198, 35.571894989848083 ], [ -0.932621292827198, 35.570963086286405 ], [ -0.93188107685969, 35.570963086286405 ], [ -0.93188107685969, 35.570497130440543 ], [ -0.931140860892182, 35.570497130440543 ], [ -0.931140860892182, 35.5700311718847 ], [ -0.930400644924673, 35.5700311718847 ], [ -0.930400644924673, 35.56909924664312 ], [ -0.929660428957165, 35.56909924664312 ], [ -0.929660428957165, 35.563507467562687 ], [ -0.928920212989657, 35.563507467562687 ], [ -0.928920212989657, 35.56257546644526 ], [ -0.929660428957165, 35.56257546644526 ], [ -0.929660428957165, 35.56164345448888 ], [ -0.930400644924673, 35.56164345448888 ], [ -0.930400644924673, 35.561177444446159 ], [ -0.931140860892182, 35.561177444446159 ], [ -0.931140860892182, 35.560245416231631 ], [ -0.93188107685969, 35.560245416231631 ], [ -0.93188107685969, 35.559779398059881 ], [ -0.932621292827198, 35.559779398059881 ], [ -0.932621292827198, 35.559313377178498 ], [ -0.933361508794706, 35.559313377178498 ], [ -0.933361508794706, 35.558847353587474 ], [ -0.934841940729723, 35.558847353587474 ], [ -0.934841940729723, 35.558381327286853 ], [ -0.935582156697232, 35.558381327286853 ], [ -0.935582156697232, 35.557915298276626 ], [ -0.937062588632248, 35.557915298276626 ], [ -0.937062588632248, 35.557449266556823 ], [ -0.938543020567265, 35.557449266556823 ], [ -0.938543020567265, 35.557915298276626 ], [ -0.94076366846979, 35.557915298276626 ], [ -0.94076366846979, 35.558381327286853 ], [ -0.942244100404807, 35.558381327286853 ], [ -0.942244100404807, 35.558847353587474 ], [ -0.943724532339823, 35.558847353587474 ], [ -0.943724532339823, 35.559313377178498 ], [ -0.94520496427484, 35.559313377178498 ], [ -0.94520496427484, 35.559779398059881 ], [ -0.946685396209857, 35.559779398059881 ], [ -0.946685396209857, 35.56164345448888 ], [ -0.947425612177365, 35.56164345448888 ], [ -0.947425612177365, 35.56304146835884 ], [ -0.948165828144873, 35.56304146835884 ], [ -0.948165828144873, 35.564439457841075 ], [ -0.947425612177365, 35.564439457841075 ], [ -0.947425612177365, 35.568633279957403 ], [ -0.946685396209857, 35.568633279957403 ], [ -0.946685396209857, 35.5700311718847 ], [ -0.945945180242348, 35.5700311718847 ], [ -0.945945180242348, 35.571429039422256 ], [ -0.94520496427484, 35.571429039422256 ], [ -0.94520496427484, 35.572360937563893 ], [ -0.944464748307332, 35.572360937563893 ], [ -0.944464748307332, 35.573292824865341 ], [ -0.943724532339823, 35.573292824865341 ], [ -0.943724532339823, 35.574224701326465 ], [ -0.94076366846979, 35.574224701326465 ], [ -0.94076366846979, 35.574690635491883 ], [ -0.937802804599756, 35.574690635491883 ], [ -0.937802804599756, 35.575156566947186 ], [ -0.937062588632248, 35.575156566947186 ], [ -0.937062588632248, 35.574690635491883 ], [ -0.93632237266474, 35.574690635491883 ], [ -0.93632237266474, 35.574224701326465 ], [ -0.935582156697232, 35.574224701326465 ], [ -0.935582156697232, 35.573758764450957 ], [ -0.934841940729723, 35.573758764450957 ] ] ], [ [ [ -0.911895245736965, 37.578386678298244 ], [ -0.911895245736965, 37.577932681215501 ], [ -0.910414813801948, 37.577932681215501 ], [ -0.910414813801948, 37.577478681364632 ], [ -0.908934381866931, 37.577478681364632 ], [ -0.908934381866931, 37.577024678745616 ], [ -0.907453949931915, 37.577024678745616 ], [ -0.907453949931915, 37.576570673358482 ], [ -0.906713733964406, 37.576570673358482 ], [ -0.906713733964406, 37.57566265427986 ], [ -0.905973517996898, 37.57566265427986 ], [ -0.905973517996898, 37.5747546241289 ], [ -0.90523330202939, 37.5747546241289 ], [ -0.90523330202939, 37.57430060490131 ], [ -0.904493086061882, 37.57430060490131 ], [ -0.904493086061882, 37.569760260384321 ], [ -0.90523330202939, 37.569760260384321 ], [ -0.90523330202939, 37.568852158265301 ], [ -0.905973517996898, 37.568852158265301 ], [ -0.905973517996898, 37.567489984327416 ], [ -0.906713733964406, 37.567489984327416 ], [ -0.906713733964406, 37.56658185452941 ], [ -0.907453949931915, 37.56658185452941 ], [ -0.907453949931915, 37.565673713659976 ], [ -0.908194165899423, 37.565673713659976 ], [ -0.908194165899423, 37.564765561719206 ], [ -0.908934381866931, 37.564765561719206 ], [ -0.908934381866931, 37.564311481597102 ], [ -0.90967459783444, 37.564311481597102 ], [ -0.90967459783444, 37.563857398707192 ], [ -0.910414813801948, 37.563857398707192 ], [ -0.910414813801948, 37.563403313049498 ], [ -0.911155029769457, 37.563403313049498 ], [ -0.911155029769457, 37.562949224624035 ], [ -0.911895245736965, 37.562949224624035 ], [ -0.911895245736965, 37.562495133430801 ], [ -0.916336541542015, 37.562495133430801 ], [ -0.916336541542015, 37.562041039469818 ], [ -0.919297405412048, 37.562041039469818 ], [ -0.919297405412048, 37.562495133430801 ], [ -0.920777837347065, 37.562495133430801 ], [ -0.920777837347065, 37.562949224624035 ], [ -0.921518053314573, 37.562949224624035 ], [ -0.921518053314573, 37.563403313049498 ], [ -0.922258269282082, 37.563403313049498 ], [ -0.922258269282082, 37.563857398707192 ], [ -0.92299848524959, 37.563857398707192 ], [ -0.92299848524959, 37.564311481597102 ], [ -0.923738701217098, 37.564311481597102 ], [ -0.923738701217098, 37.564765561719206 ], [ -0.924478917184607, 37.564765561719206 ], [ -0.924478917184607, 37.565219639073504 ], [ -0.925219133152115, 37.565219639073504 ], [ -0.925219133152115, 37.565673713659976 ], [ -0.925959349119623, 37.565673713659976 ], [ -0.925959349119623, 37.56658185452941 ], [ -0.926699565087131, 37.56658185452941 ], [ -0.926699565087131, 37.567489984327416 ], [ -0.92743978105464, 37.567489984327416 ], [ -0.92743978105464, 37.568852158265301 ], [ -0.928179997022148, 37.568852158265301 ], [ -0.928179997022148, 37.570214307291934 ], [ -0.928920212989657, 37.570214307291934 ], [ -0.928920212989657, 37.571122392803304 ], [ -0.929660428957165, 37.571122392803304 ], [ -0.929660428957165, 37.576570673358482 ], [ -0.928920212989657, 37.576570673358482 ], [ -0.928920212989657, 37.577478681364632 ], [ -0.928179997022148, 37.577478681364632 ], [ -0.928179997022148, 37.577932681215501 ], [ -0.92743978105464, 37.577932681215501 ], [ -0.92743978105464, 37.57884067261282 ], [ -0.926699565087131, 37.57884067261282 ], [ -0.926699565087131, 37.579294664159207 ], [ -0.925219133152115, 37.579294664159207 ], [ -0.925219133152115, 37.57884067261282 ], [ -0.913375677671982, 37.57884067261282 ], [ -0.913375677671982, 37.578386678298244 ], [ -0.911895245736965, 37.578386678298244 ] ] ], [ [ [ -9.007637282375619, 38.929204220361015 ], [ -9.007637282375619, 38.928312946922837 ], [ -9.006897066408111, 38.928312946922837 ], [ -9.006897066408111, 38.927421662286093 ], [ -9.006156850440602, 38.927421662286093 ], [ -9.006156850440602, 38.926530366450876 ], [ -9.005416634473093, 38.926530366450876 ], [ -9.005416634473093, 38.925639059417215 ], [ -9.004676418505586, 38.925639059417215 ], [ -9.004676418505586, 38.924302077869861 ], [ -9.003936202538076, 38.924302077869861 ], [ -9.003936202538076, 38.923410742840474 ], [ -9.003195986570567, 38.923410742840474 ], [ -9.003195986570567, 38.91984529074211 ], [ -9.003936202538076, 38.91984529074211 ], [ -9.003936202538076, 38.918062497505481 ], [ -9.004676418505586, 38.918062497505481 ], [ -9.004676418505586, 38.917171084090562 ], [ -9.005416634473093, 38.917171084090562 ], [ -9.005416634473093, 38.916725373183986 ], [ -9.006156850440602, 38.916725373183986 ], [ -9.006156850440602, 38.916279659478015 ], [ -9.006897066408111, 38.916279659478015 ], [ -9.006897066408111, 38.915388223667904 ], [ -9.007637282375619, 38.915388223667904 ], [ -9.007637282375619, 38.914942501563786 ], [ -9.014299226083194, 38.914942501563786 ], [ -9.014299226083194, 38.915388223667904 ], [ -9.018000305920735, 38.915388223667904 ], [ -9.018000305920735, 38.916725373183986 ], [ -9.018740521888244, 38.916725373183986 ], [ -9.018740521888244, 38.917616792197727 ], [ -9.019480737855751, 38.917616792197727 ], [ -9.019480737855751, 38.918953899722688 ], [ -9.020220953823259, 38.918953899722688 ], [ -9.020220953823259, 38.91984529074211 ], [ -9.020961169790768, 38.91984529074211 ], [ -9.020961169790768, 38.921182356275246 ], [ -9.020220953823259, 38.921182356275246 ], [ -9.020220953823259, 38.922519396612934 ], [ -9.019480737855751, 38.922519396612934 ], [ -9.019480737855751, 38.924302077869861 ], [ -9.018740521888244, 38.924302077869861 ], [ -9.018740521888244, 38.925639059417215 ], [ -9.018000305920735, 38.925639059417215 ], [ -9.018000305920735, 38.927421662286093 ], [ -9.017260089953226, 38.927421662286093 ], [ -9.017260089953226, 38.928312946922837 ], [ -9.016519873985718, 38.928312946922837 ], [ -9.016519873985718, 38.929204220361015 ], [ -9.015779658018211, 38.929204220361015 ], [ -9.015779658018211, 38.929649852880601 ], [ -9.015039442050702, 38.929649852880601 ], [ -9.015039442050702, 38.93054110952076 ], [ -9.011338362213161, 38.93054110952076 ], [ -9.011338362213161, 38.930095482600521 ], [ -9.008377498343128, 38.930095482600521 ], [ -9.008377498343128, 38.929204220361015 ], [ -9.007637282375619, 38.929204220361015 ] ] ], [ [ [ -6.319913104352857, 39.841256670617959 ], [ -6.319172888385348, 39.841256670617959 ], [ -6.319172888385348, 39.840816821407884 ], [ -6.31843267241784, 39.840816821407884 ], [ -6.31843267241784, 39.840376969380401 ], [ -6.317692456450331, 39.840376969380401 ], [ -6.317692456450331, 39.83993711453553 ], [ -6.316952240482823, 39.83993711453553 ], [ -6.316952240482823, 39.839057396393606 ], [ -6.316212024515315, 39.839057396393606 ], [ -6.316212024515315, 39.835098525295741 ], [ -6.316952240482823, 39.835098525295741 ], [ -6.316952240482823, 39.834218745172322 ], [ -6.317692456450331, 39.834218745172322 ], [ -6.317692456450331, 39.833338953779744 ], [ -6.31843267241784, 39.833338953779744 ], [ -6.31843267241784, 39.832899053857552 ], [ -6.317692456450331, 39.832899053857552 ], [ -6.317692456450331, 39.83245915111808 ], [ -6.316952240482823, 39.83245915111808 ], [ -6.316952240482823, 39.832019245561341 ], [ -6.315471808547807, 39.832019245561341 ], [ -6.315471808547807, 39.831579337187378 ], [ -6.314731592580298, 39.831579337187378 ], [ -6.314731592580298, 39.831139425996149 ], [ -6.313251160645282, 39.831139425996149 ], [ -6.313251160645282, 39.830699511987703 ], [ -6.312510944677773, 39.830699511987703 ], [ -6.312510944677773, 39.830259595162019 ], [ -6.311770728710265, 39.830259595162019 ], [ -6.311770728710265, 39.829819675519126 ], [ -6.311030512742757, 39.829819675519126 ], [ -6.311030512742757, 39.828939827781696 ], [ -6.310290296775248, 39.828939827781696 ], [ -6.310290296775248, 39.828499899687202 ], [ -6.30955008080774, 39.828499899687202 ], [ -6.30955008080774, 39.827620035046628 ], [ -6.308809864840232, 39.827620035046628 ], [ -6.308809864840232, 39.821460667043056 ], [ -6.30955008080774, 39.821460667043056 ], [ -6.30955008080774, 39.820580712254781 ], [ -6.310290296775248, 39.820580712254781 ], [ -6.310290296775248, 39.819700746198329 ], [ -6.311030512742757, 39.819700746198329 ], [ -6.311030512742757, 39.818820768873771 ], [ -6.311770728710265, 39.818820768873771 ], [ -6.311770728710265, 39.817940780281148 ], [ -6.312510944677773, 39.817940780281148 ], [ -6.312510944677773, 39.817060780420547 ], [ -6.313251160645282, 39.817060780420547 ], [ -6.313251160645282, 39.81662077626477 ], [ -6.314731592580298, 39.81662077626477 ], [ -6.314731592580298, 39.816180769292018 ], [ -6.316212024515315, 39.816180769292018 ], [ -6.316212024515315, 39.815740759502305 ], [ -6.31843267241784, 39.815740759502305 ], [ -6.31843267241784, 39.815300746895623 ], [ -6.319913104352857, 39.815300746895623 ], [ -6.319913104352857, 39.814860731471995 ], [ -6.321393536287873, 39.814860731471995 ], [ -6.321393536287873, 39.814420713231435 ], [ -6.323614184190399, 39.814420713231435 ], [ -6.323614184190399, 39.814860731471995 ], [ -6.325094616125415, 39.814860731471995 ], [ -6.325094616125415, 39.815300746895623 ], [ -6.325834832092924, 39.815300746895623 ], [ -6.325834832092924, 39.815740759502305 ], [ -6.326575048060431, 39.815740759502305 ], [ -6.326575048060431, 39.816180769292018 ], [ -6.32731526402794, 39.816180769292018 ], [ -6.32731526402794, 39.817060780420547 ], [ -6.328055479995448, 39.817060780420547 ], [ -6.328055479995448, 39.818380775985958 ], [ -6.328795695962957, 39.818380775985958 ], [ -6.328795695962957, 39.819260758944559 ], [ -6.331016343865481, 39.819260758944559 ], [ -6.331016343865481, 39.818820768873771 ], [ -6.333236991768006, 39.818820768873771 ], [ -6.333236991768006, 39.818380775985958 ], [ -6.333977207735515, 39.818380775985958 ], [ -6.333977207735515, 39.813980692173935 ], [ -6.334717423703023, 39.813980692173935 ], [ -6.334717423703023, 39.813100641608159 ], [ -6.335457639670532, 39.813100641608159 ], [ -6.335457639670532, 39.812220579774753 ], [ -6.336197855638041, 39.812220579774753 ], [ -6.336197855638041, 39.811780544632704 ], [ -6.336938071605549, 39.811780544632704 ], [ -6.336938071605549, 39.811340506673766 ], [ -6.339158719508074, 39.811340506673766 ], [ -6.339158719508074, 39.807820101595304 ], [ -6.339898935475582, 39.807820101595304 ], [ -6.339898935475582, 39.80693997215738 ], [ -6.34063915144309, 39.80693997215738 ], [ -6.34063915144309, 39.806059831452259 ], [ -6.341379367410598, 39.806059831452259 ], [ -6.341379367410598, 39.805619756874513 ], [ -6.342119583378107, 39.805619756874513 ], [ -6.342119583378107, 39.804739599268721 ], [ -6.347301095150666, 39.804739599268721 ], [ -6.347301095150666, 39.805179679479998 ], [ -6.348041311118173, 39.805179679479998 ], [ -6.348041311118173, 39.806059831452259 ], [ -6.348781527085682, 39.806059831452259 ], [ -6.348781527085682, 39.806499903213208 ], [ -6.349521743053189, 39.806499903213208 ], [ -6.349521743053189, 39.807380038284741 ], [ -6.350261959020698, 39.807380038284741 ], [ -6.350261959020698, 39.807820101595304 ], [ -6.351002174988206, 39.807820101595304 ], [ -6.351002174988206, 39.808700219765967 ], [ -6.351742390955714, 39.808700219765967 ], [ -6.351742390955714, 39.809140274626053 ], [ -6.352482606923223, 39.809140274626053 ], [ -6.352482606923223, 39.810020375895704 ], [ -6.353222822890732, 39.810020375895704 ], [ -6.353222822890732, 39.810460422305255 ], [ -6.35396303885824, 39.810460422305255 ], [ -6.35396303885824, 39.811340506673766 ], [ -6.356183686760765, 39.811340506673766 ], [ -6.356183686760765, 39.809580326669305 ], [ -6.356923902728273, 39.809580326669305 ], [ -6.356923902728273, 39.807820101595304 ], [ -6.357664118695782, 39.807820101595304 ], [ -6.357664118695782, 39.807380038284741 ], [ -6.359144550630798, 39.807380038284741 ], [ -6.359144550630798, 39.80693997215738 ], [ -6.359884766598306, 39.80693997215738 ], [ -6.359884766598306, 39.806499903213208 ], [ -6.362845630468341, 39.806499903213208 ], [ -6.362845630468341, 39.80693997215738 ], [ -6.363585846435849, 39.80693997215738 ], [ -6.363585846435849, 39.807820101595304 ], [ -6.364326062403356, 39.807820101595304 ], [ -6.364326062403356, 39.808260162089042 ], [ -6.365066278370866, 39.808260162089042 ], [ -6.365066278370866, 39.808700219765967 ], [ -6.365806494338374, 39.808700219765967 ], [ -6.365806494338374, 39.809140274626053 ], [ -6.366546710305881, 39.809140274626053 ], [ -6.366546710305881, 39.810020375895704 ], [ -6.36728692627339, 39.810020375895704 ], [ -6.36728692627339, 39.811780544632704 ], [ -6.369507574175914, 39.811780544632704 ], [ -6.369507574175914, 39.811340506673766 ], [ -6.370988006110932, 39.811340506673766 ], [ -6.370988006110932, 39.811780544632704 ], [ -6.37172822207844, 39.811780544632704 ], [ -6.37172822207844, 39.812220579774753 ], [ -6.373208654013458, 39.812220579774753 ], [ -6.373208654013458, 39.812660612099904 ], [ -6.373948869980965, 39.812660612099904 ], [ -6.373948869980965, 39.813100641608159 ], [ -6.374689085948473, 39.813100641608159 ], [ -6.374689085948473, 39.814860731471995 ], [ -6.375429301915982, 39.814860731471995 ], [ -6.375429301915982, 39.81662077626477 ], [ -6.37616951788349, 39.81662077626477 ], [ -6.37616951788349, 39.817060780420547 ], [ -6.375429301915982, 39.817060780420547 ], [ -6.375429301915982, 39.818820768873771 ], [ -6.374689085948473, 39.818820768873771 ], [ -6.374689085948473, 39.820580712254781 ], [ -6.373948869980965, 39.820580712254781 ], [ -6.373948869980965, 39.821020691057448 ], [ -6.373208654013458, 39.821020691057448 ], [ -6.373208654013458, 39.821460667043056 ], [ -6.37172822207844, 39.821460667043056 ], [ -6.37172822207844, 39.821900640211602 ], [ -6.370247790143424, 39.821900640211602 ], [ -6.370247790143424, 39.824100463798167 ], [ -6.369507574175914, 39.824100463798167 ], [ -6.369507574175914, 39.82674015913738 ], [ -6.368767358208406, 39.82674015913738 ], [ -6.368767358208406, 39.828939827781696 ], [ -6.368027142240899, 39.828939827781696 ], [ -6.368027142240899, 39.830699511987703 ], [ -6.36728692627339, 39.830699511987703 ], [ -6.36728692627339, 39.831139425996149 ], [ -6.366546710305881, 39.831139425996149 ], [ -6.366546710305881, 39.832019245561341 ], [ -6.365806494338374, 39.832019245561341 ], [ -6.365806494338374, 39.832899053857552 ], [ -6.365066278370866, 39.832899053857552 ], [ -6.365066278370866, 39.833778850884677 ], [ -6.364326062403356, 39.833778850884677 ], [ -6.364326062403356, 39.834658636642686 ], [ -6.363585846435849, 39.834658636642686 ], [ -6.363585846435849, 39.835538411131502 ], [ -6.362845630468341, 39.835538411131502 ], [ -6.362845630468341, 39.835978294149946 ], [ -6.362105414500832, 39.835978294149946 ], [ -6.362105414500832, 39.83641817435106 ], [ -6.359884766598306, 39.83641817435106 ], [ -6.359884766598306, 39.835978294149946 ], [ -6.347301095150666, 39.835978294149946 ], [ -6.347301095150666, 39.835538411131502 ], [ -6.345820663215648, 39.835538411131502 ], [ -6.345820663215648, 39.835098525295741 ], [ -6.34508044724814, 39.835098525295741 ], [ -6.34508044724814, 39.834658636642686 ], [ -6.344340231280632, 39.834658636642686 ], [ -6.344340231280632, 39.834218745172322 ], [ -6.337678287573057, 39.834218745172322 ], [ -6.337678287573057, 39.834658636642686 ], [ -6.335457639670532, 39.834658636642686 ], [ -6.335457639670532, 39.835978294149946 ], [ -6.334717423703023, 39.835978294149946 ], [ -6.334717423703023, 39.836858051734851 ], [ -6.333977207735515, 39.836858051734851 ], [ -6.333977207735515, 39.838177666982176 ], [ -6.333236991768006, 39.838177666982176 ], [ -6.333236991768006, 39.839057396393606 ], [ -6.332496775800498, 39.839057396393606 ], [ -6.332496775800498, 39.839497256873251 ], [ -6.33175655983299, 39.839497256873251 ], [ -6.33175655983299, 39.839057396393606 ], [ -6.329535911930465, 39.839057396393606 ], [ -6.329535911930465, 39.838617533096581 ], [ -6.326575048060431, 39.838617533096581 ], [ -6.326575048060431, 39.840376969380401 ], [ -6.325834832092924, 39.840376969380401 ], [ -6.325834832092924, 39.841256670617959 ], [ -6.324354400157906, 39.841256670617959 ], [ -6.324354400157906, 39.841696517010604 ], [ -6.323614184190399, 39.841696517010604 ], [ -6.323614184190399, 39.84213636058584 ], [ -6.322133752255382, 39.84213636058584 ], [ -6.322133752255382, 39.842576201343647 ], [ -6.321393536287873, 39.842576201343647 ], [ -6.321393536287873, 39.84213636058584 ], [ -6.320653320320365, 39.84213636058584 ], [ -6.320653320320365, 39.841696517010604 ], [ -6.319913104352857, 39.841696517010604 ], [ -6.319913104352857, 39.841256670617959 ] ] ], [ [ [ -6.276980578237374, 39.847854070674728 ], [ -6.276980578237374, 39.846974453961174 ], [ -6.276240362269866, 39.846974453961174 ], [ -6.276240362269866, 39.846094825977566 ], [ -6.275500146302357, 39.846094825977566 ], [ -6.275500146302357, 39.845215186723941 ], [ -6.274759930334849, 39.845215186723941 ], [ -6.274759930334849, 39.844335536200369 ], [ -6.27401971436734, 39.844335536200369 ], [ -6.27401971436734, 39.843895706712374 ], [ -6.273279498399831, 39.843895706712374 ], [ -6.273279498399831, 39.843455874406914 ], [ -6.272539282432323, 39.843455874406914 ], [ -6.272539282432323, 39.843016039284002 ], [ -6.271799066464815, 39.843016039284002 ], [ -6.271799066464815, 39.843455874406914 ], [ -6.271058850497305, 39.843455874406914 ], [ -6.271058850497305, 39.843895706712374 ], [ -6.270318634529798, 39.843895706712374 ], [ -6.270318634529798, 39.844335536200369 ], [ -6.26957841856229, 39.844335536200369 ], [ -6.26957841856229, 39.844775362870891 ], [ -6.268097986627273, 39.844775362870891 ], [ -6.268097986627273, 39.845215186723941 ], [ -6.267357770659765, 39.845215186723941 ], [ -6.267357770659765, 39.845655007759504 ], [ -6.266617554692258, 39.845655007759504 ], [ -6.266617554692258, 39.846094825977566 ], [ -6.264396906789731, 39.846094825977566 ], [ -6.264396906789731, 39.845655007759504 ], [ -6.263656690822224, 39.845655007759504 ], [ -6.263656690822224, 39.845215186723941 ], [ -6.262176258887206, 39.845215186723941 ], [ -6.262176258887206, 39.844775362870891 ], [ -6.26069582695219, 39.844775362870891 ], [ -6.26069582695219, 39.845215186723941 ], [ -6.259955610984681, 39.845215186723941 ], [ -6.259955610984681, 39.845655007759504 ], [ -6.259215395017174, 39.845655007759504 ], [ -6.259215395017174, 39.846094825977566 ], [ -6.258475179049666, 39.846094825977566 ], [ -6.258475179049666, 39.846534641378135 ], [ -6.257734963082156, 39.846534641378135 ], [ -6.257734963082156, 39.846974453961174 ], [ -6.254033883244615, 39.846974453961174 ], [ -6.254033883244615, 39.846534641378135 ], [ -6.25181323534209, 39.846534641378135 ], [ -6.25181323534209, 39.846094825977566 ], [ -6.249592587439565, 39.846094825977566 ], [ -6.249592587439565, 39.845655007759504 ], [ -6.248112155504549, 39.845655007759504 ], [ -6.248112155504549, 39.845215186723941 ], [ -6.24737193953704, 39.845215186723941 ], [ -6.24737193953704, 39.844775362870891 ], [ -6.246631723569531, 39.844775362870891 ], [ -6.246631723569531, 39.844335536200369 ], [ -6.245891507602023, 39.844335536200369 ], [ -6.245891507602023, 39.843455874406914 ], [ -6.245151291634516, 39.843455874406914 ], [ -6.245151291634516, 39.84213636058584 ], [ -6.244411075667006, 39.84213636058584 ], [ -6.244411075667006, 39.840816821407884 ], [ -6.243670859699498, 39.840816821407884 ], [ -6.243670859699498, 39.83993711453553 ], [ -6.242930643731991, 39.83993711453553 ], [ -6.242930643731991, 39.838617533096581 ], [ -6.242190427764482, 39.838617533096581 ], [ -6.242190427764482, 39.837737798050419 ], [ -6.242930643731991, 39.837737798050419 ], [ -6.242930643731991, 39.833778850884677 ], [ -6.243670859699498, 39.833778850884677 ], [ -6.243670859699498, 39.83245915111808 ], [ -6.244411075667006, 39.83245915111808 ], [ -6.244411075667006, 39.832019245561341 ], [ -6.245151291634516, 39.832019245561341 ], [ -6.245151291634516, 39.831579337187378 ], [ -6.246631723569531, 39.831579337187378 ], [ -6.246631723569531, 39.831139425996149 ], [ -6.24737193953704, 39.831139425996149 ], [ -6.24737193953704, 39.830699511987703 ], [ -6.248112155504549, 39.830699511987703 ], [ -6.248112155504549, 39.830259595162019 ], [ -6.249592587439565, 39.830259595162019 ], [ -6.249592587439565, 39.829819675519126 ], [ -6.253293667277107, 39.829819675519126 ], [ -6.253293667277107, 39.830259595162019 ], [ -6.256994747114648, 39.830259595162019 ], [ -6.256994747114648, 39.829379753059015 ], [ -6.257734963082156, 39.829379753059015 ], [ -6.257734963082156, 39.828499899687202 ], [ -6.258475179049666, 39.828499899687202 ], [ -6.258475179049666, 39.828059968775506 ], [ -6.259215395017174, 39.828059968775506 ], [ -6.259215395017174, 39.827180098500591 ], [ -6.259955610984681, 39.827180098500591 ], [ -6.259955610984681, 39.82674015913738 ], [ -6.26069582695219, 39.82674015913738 ], [ -6.26069582695219, 39.825860271959513 ], [ -6.261436042919699, 39.825860271959513 ], [ -6.261436042919699, 39.824980373513085 ], [ -6.262176258887206, 39.824980373513085 ], [ -6.262176258887206, 39.824540420064174 ], [ -6.262916474854714, 39.824540420064174 ], [ -6.262916474854714, 39.823660504715029 ], [ -6.263656690822224, 39.823660504715029 ], [ -6.263656690822224, 39.823220542814809 ], [ -6.264396906789731, 39.823220542814809 ], [ -6.264396906789731, 39.822340610563081 ], [ -6.265137122757239, 39.822340610563081 ], [ -6.265137122757239, 39.821900640211602 ], [ -6.265877338724748, 39.821900640211602 ], [ -6.265877338724748, 39.821460667043056 ], [ -6.267357770659765, 39.821460667043056 ], [ -6.267357770659765, 39.821900640211602 ], [ -6.274759930334849, 39.821900640211602 ], [ -6.274759930334849, 39.822340610563081 ], [ -6.279201226139898, 39.822340610563081 ], [ -6.279201226139898, 39.822780578097486 ], [ -6.279941442107407, 39.822780578097486 ], [ -6.279941442107407, 39.823220542814809 ], [ -6.281421874042422, 39.823220542814809 ], [ -6.281421874042422, 39.823660504715029 ], [ -6.282162090009932, 39.823660504715029 ], [ -6.282162090009932, 39.824100463798167 ], [ -6.28290230597744, 39.824100463798167 ], [ -6.28290230597744, 39.824540420064174 ], [ -6.283642521944948, 39.824540420064174 ], [ -6.283642521944948, 39.824980373513085 ], [ -6.284382737912457, 39.824980373513085 ], [ -6.284382737912457, 39.826300216957023 ], [ -6.285122953879966, 39.826300216957023 ], [ -6.285122953879966, 39.828059968775506 ], [ -6.285863169847473, 39.828059968775506 ], [ -6.285863169847473, 39.829819675519126 ], [ -6.288824033717506, 39.829819675519126 ], [ -6.288824033717506, 39.830259595162019 ], [ -6.29178489758754, 39.830259595162019 ], [ -6.29178489758754, 39.830699511987703 ], [ -6.292525113555049, 39.830699511987703 ], [ -6.292525113555049, 39.831139425996149 ], [ -6.293265329522557, 39.831139425996149 ], [ -6.293265329522557, 39.832019245561341 ], [ -6.294005545490065, 39.832019245561341 ], [ -6.294005545490065, 39.832899053857552 ], [ -6.294745761457574, 39.832899053857552 ], [ -6.294745761457574, 39.837737798050419 ], [ -6.294005545490065, 39.837737798050419 ], [ -6.294005545490065, 39.838617533096581 ], [ -6.293265329522557, 39.838617533096581 ], [ -6.293265329522557, 39.839057396393606 ], [ -6.292525113555049, 39.839057396393606 ], [ -6.292525113555049, 39.83993711453553 ], [ -6.29178489758754, 39.83993711453553 ], [ -6.29178489758754, 39.84213636058584 ], [ -6.292525113555049, 39.84213636058584 ], [ -6.292525113555049, 39.847854070674728 ], [ -6.29178489758754, 39.847854070674728 ], [ -6.29178489758754, 39.848733676118137 ], [ -6.291044681620031, 39.848733676118137 ], [ -6.291044681620031, 39.84961327029135 ], [ -6.290304465652524, 39.84961327029135 ], [ -6.290304465652524, 39.850053063151613 ], [ -6.289564249685015, 39.850053063151613 ], [ -6.289564249685015, 39.850492853194304 ], [ -6.284382737912457, 39.850492853194304 ], [ -6.284382737912457, 39.850932640419416 ], [ -6.279201226139898, 39.850932640419416 ], [ -6.279201226139898, 39.850053063151613 ], [ -6.278461010172389, 39.850053063151613 ], [ -6.278461010172389, 39.848733676118137 ], [ -6.277720794204882, 39.848733676118137 ], [ -6.277720794204882, 39.847854070674728 ], [ -6.276980578237374, 39.847854070674728 ] ] ], [ [ [ -3.740260457586311, 39.943664714484513 ], [ -3.740260457586311, 39.942786326583487 ], [ -3.739520241618802, 39.942786326583487 ], [ -3.739520241618802, 39.942347128404151 ], [ -3.738780025651294, 39.942347128404151 ], [ -3.738780025651294, 39.941907927405616 ], [ -3.738039809683786, 39.941907927405616 ], [ -3.738039809683786, 39.941029516950934 ], [ -3.737299593716278, 39.941029516950934 ], [ -3.737299593716278, 39.932684055212832 ], [ -3.738039809683786, 39.932684055212832 ], [ -3.738039809683786, 39.931805526355475 ], [ -3.738780025651294, 39.931805526355475 ], [ -3.738780025651294, 39.930926986222019 ], [ -3.739520241618802, 39.930926986222019 ], [ -3.739520241618802, 39.930048434812555 ], [ -3.740260457586311, 39.930048434812555 ], [ -3.740260457586311, 39.929169872127098 ], [ -3.749883265163919, 39.929169872127098 ], [ -3.749883265163919, 39.930048434812555 ], [ -3.750623481131427, 39.930048434812555 ], [ -3.750623481131427, 39.930926986222019 ], [ -3.751363697098936, 39.930926986222019 ], [ -3.751363697098936, 39.932244792193679 ], [ -3.752103913066444, 39.932244792193679 ], [ -3.752103913066444, 39.933562572794045 ], [ -3.752844129033953, 39.933562572794045 ], [ -3.752844129033953, 39.936637295527682 ], [ -3.752103913066444, 39.936637295527682 ], [ -3.752103913066444, 39.939272662211422 ], [ -3.751363697098936, 39.939272662211422 ], [ -3.751363697098936, 39.941468723587867 ], [ -3.750623481131427, 39.941468723587867 ], [ -3.750623481131427, 39.942347128404151 ], [ -3.749883265163919, 39.942347128404151 ], [ -3.749883265163919, 39.943225521943617 ], [ -3.749143049196411, 39.943225521943617 ], [ -3.749143049196411, 39.944103904206173 ], [ -3.748402833228903, 39.944103904206173 ], [ -3.748402833228903, 39.944982275191784 ], [ -3.743961537423853, 39.944982275191784 ], [ -3.743961537423853, 39.944543091108599 ], [ -3.741740889521328, 39.944543091108599 ], [ -3.741740889521328, 39.944103904206173 ], [ -3.741000673553819, 39.944103904206173 ], [ -3.741000673553819, 39.943664714484513 ], [ -3.740260457586311, 39.943664714484513 ] ] ], [ [ [ -3.470821845413277, 40.252156201901066 ], [ -3.470821845413277, 40.251718995965156 ], [ -3.470081629445768, 40.251718995965156 ], [ -3.470081629445768, 40.251281787204768 ], [ -3.469341413478261, 40.251281787204768 ], [ -3.469341413478261, 40.250407361210598 ], [ -3.468601197510752, 40.250407361210598 ], [ -3.468601197510752, 40.249970143976832 ], [ -3.467860981543244, 40.249970143976832 ], [ -3.467860981543244, 40.249532923918622 ], [ -3.467120765575736, 40.249532923918622 ], [ -3.467120765575736, 40.249095701035969 ], [ -3.466380549608227, 40.249095701035969 ], [ -3.466380549608227, 40.248658475328888 ], [ -3.465640333640719, 40.248658475328888 ], [ -3.465640333640719, 40.246909544256376 ], [ -3.46490011767321, 40.246909544256376 ], [ -3.46490011767321, 40.247784015441454 ], [ -3.464159901705703, 40.247784015441454 ], [ -3.464159901705703, 40.248658475328888 ], [ -3.458978389933144, 40.248658475328888 ], [ -3.458978389933144, 40.248221246797378 ], [ -3.458238173965635, 40.248221246797378 ], [ -3.458238173965635, 40.247346781261115 ], [ -3.457497957998127, 40.247346781261115 ], [ -3.457497957998127, 40.246909544256376 ], [ -3.456757742030619, 40.246909544256376 ], [ -3.456757742030619, 40.246035061773718 ], [ -3.45601752606311, 40.246035061773718 ], [ -3.45601752606311, 40.241225206177418 ], [ -3.456757742030619, 40.241225206177418 ], [ -3.456757742030619, 40.240350650261888 ], [ -3.457497957998127, 40.240350650261888 ], [ -3.457497957998127, 40.239476083049205 ], [ -3.458238173965635, 40.239476083049205 ], [ -3.458238173965635, 40.239038795206454 ], [ -3.458978389933144, 40.239038795206454 ], [ -3.458978389933144, 40.238601504539439 ], [ -3.464159901705703, 40.238601504539439 ], [ -3.464159901705703, 40.239476083049205 ], [ -3.46490011767321, 40.239476083049205 ], [ -3.46490011767321, 40.23991336806769 ], [ -3.465640333640719, 40.23991336806769 ], [ -3.465640333640719, 40.2407879296318 ], [ -3.466380549608227, 40.2407879296318 ], [ -3.466380549608227, 40.240350650261888 ], [ -3.467120765575736, 40.240350650261888 ], [ -3.467120765575736, 40.238601504539439 ], [ -3.467860981543244, 40.238601504539439 ], [ -3.467860981543244, 40.237726914732633 ], [ -3.468601197510752, 40.237726914732633 ], [ -3.468601197510752, 40.237289615592864 ], [ -3.469341413478261, 40.237289615592864 ], [ -3.469341413478261, 40.236415008840616 ], [ -3.476003357185836, 40.236415008840616 ], [ -3.476003357185836, 40.236852313628852 ], [ -3.481184868958394, 40.236852313628852 ], [ -3.481184868958394, 40.237289615592864 ], [ -3.481925084925902, 40.237289615592864 ], [ -3.481925084925902, 40.237726914732633 ], [ -3.482665300893411, 40.237726914732633 ], [ -3.482665300893411, 40.238601504539439 ], [ -3.483405516860918, 40.238601504539439 ], [ -3.483405516860918, 40.239476083049205 ], [ -3.484145732828428, 40.239476083049205 ], [ -3.484145732828428, 40.241225206177418 ], [ -3.484885948795936, 40.241225206177418 ], [ -3.484885948795936, 40.246035061773718 ], [ -3.485626164763444, 40.246035061773718 ], [ -3.485626164763444, 40.248658475328888 ], [ -3.484885948795936, 40.248658475328888 ], [ -3.484885948795936, 40.249970143976832 ], [ -3.484145732828428, 40.249970143976832 ], [ -3.484145732828428, 40.250844575619915 ], [ -3.483405516860918, 40.250844575619915 ], [ -3.483405516860918, 40.251718995965156 ], [ -3.482665300893411, 40.251718995965156 ], [ -3.482665300893411, 40.252593405012497 ], [ -3.480444652990886, 40.252593405012497 ], [ -3.480444652990886, 40.253030605299436 ], [ -3.477483789120852, 40.253030605299436 ], [ -3.477483789120852, 40.253467802761868 ], [ -3.473042493315802, 40.253467802761868 ], [ -3.473042493315802, 40.253030605299436 ], [ -3.472302277348294, 40.253030605299436 ], [ -3.472302277348294, 40.252593405012497 ], [ -3.471562061380785, 40.252593405012497 ], [ -3.471562061380785, 40.252156201901066 ], [ -3.470821845413277, 40.252156201901066 ] ], [ [ -3.466380549608227, 40.246909544256376 ], [ -3.466380549608227, 40.246472304427243 ], [ -3.465640333640719, 40.246472304427243 ], [ -3.465640333640719, 40.246909544256376 ], [ -3.466380549608227, 40.246909544256376 ] ] ], [ [ [ -7.831434110004875, 41.530019714114516 ], [ -7.82921346210235, 41.530019714114516 ], [ -7.82921346210235, 41.530448553758461 ], [ -7.828473246134843, 41.530448553758461 ], [ -7.828473246134843, 41.530877390559667 ], [ -7.826252598232317, 41.530877390559667 ], [ -7.826252598232317, 41.530448553758461 ], [ -7.824772166297301, 41.530448553758461 ], [ -7.824772166297301, 41.530019714114516 ], [ -7.824031950329791, 41.530019714114516 ], [ -7.824031950329791, 41.529590871627825 ], [ -7.823291734362284, 41.529590871627825 ], [ -7.823291734362284, 41.529162026298401 ], [ -7.822551518394777, 41.529162026298401 ], [ -7.822551518394777, 41.526588894624751 ], [ -7.821811302427268, 41.526588894624751 ], [ -7.821811302427268, 41.523586778329495 ], [ -7.821071086459759, 41.523586778329495 ], [ -7.821071086459759, 41.521013424926842 ], [ -7.82033087049225, 41.521013424926842 ], [ -7.82033087049225, 41.520584522743839 ], [ -7.821071086459759, 41.520584522743839 ], [ -7.821071086459759, 41.518439969189508 ], [ -7.821811302427268, 41.518439969189508 ], [ -7.821811302427268, 41.516724275179222 ], [ -7.822551518394777, 41.516724275179222 ], [ -7.822551518394777, 41.516295344570203 ], [ -7.824031950329791, 41.516295344570203 ], [ -7.824031950329791, 41.515866411118594 ], [ -7.824772166297301, 41.515866411118594 ], [ -7.824772166297301, 41.515437474824431 ], [ -7.827733030167334, 41.515437474824431 ], [ -7.827733030167334, 41.515866411118594 ], [ -7.828473246134843, 41.515866411118594 ], [ -7.828473246134843, 41.516295344570203 ], [ -7.82921346210235, 41.516295344570203 ], [ -7.82921346210235, 41.516724275179222 ], [ -7.831434110004875, 41.516724275179222 ], [ -7.831434110004875, 41.516295344570203 ], [ -7.832174325972384, 41.516295344570203 ], [ -7.832174325972384, 41.515866411118594 ], [ -7.835135189842418, 41.515866411118594 ], [ -7.835135189842418, 41.516295344570203 ], [ -7.835875405809925, 41.516295344570203 ], [ -7.835875405809925, 41.516724275179222 ], [ -7.836615621777434, 41.516724275179222 ], [ -7.836615621777434, 41.517153202945671 ], [ -7.83809605371245, 41.517153202945671 ], [ -7.83809605371245, 41.519726709849941 ], [ -7.838836269679959, 41.519726709849941 ], [ -7.838836269679959, 41.522300114420077 ], [ -7.839576485647468, 41.522300114420077 ], [ -7.839576485647468, 41.527017757010462 ], [ -7.838836269679959, 41.527017757010462 ], [ -7.838836269679959, 41.529590871627825 ], [ -7.83809605371245, 41.529590871627825 ], [ -7.83809605371245, 41.530019714114516 ], [ -7.837355837744941, 41.530019714114516 ], [ -7.837355837744941, 41.530448553758461 ], [ -7.836615621777434, 41.530448553758461 ], [ -7.836615621777434, 41.530877390559667 ], [ -7.835135189842418, 41.530877390559667 ], [ -7.835135189842418, 41.531306224518111 ], [ -7.832914541939894, 41.531306224518111 ], [ -7.832914541939894, 41.530877390559667 ], [ -7.832174325972384, 41.530877390559667 ], [ -7.832174325972384, 41.530448553758461 ], [ -7.831434110004875, 41.530448553758461 ], [ -7.831434110004875, 41.530019714114516 ] ] ], [ [ [ -7.308101420976484, 41.65982803860782 ], [ -7.307361205008974, 41.65982803860782 ], [ -7.307361205008974, 41.658544087366508 ], [ -7.306620989041465, 41.658544087366508 ], [ -7.306620989041465, 41.657688105650976 ], [ -7.307361205008974, 41.657688105650976 ], [ -7.307361205008974, 41.656832112558433 ], [ -7.308101420976484, 41.656832112558433 ], [ -7.308101420976484, 41.655548101587804 ], [ -7.308841636943991, 41.655548101587804 ], [ -7.308841636943991, 41.65426406501912 ], [ -7.3095818529115, 41.65426406501912 ], [ -7.3095818529115, 41.653836047141134 ], [ -7.308101420976484, 41.653836047141134 ], [ -7.308101420976484, 41.65340802641893 ], [ -7.306620989041465, 41.65340802641893 ], [ -7.306620989041465, 41.652980002852523 ], [ -7.305880773073959, 41.652980002852523 ], [ -7.305880773073959, 41.652123947187128 ], [ -7.30514055710645, 41.652123947187128 ], [ -7.30514055710645, 41.650411801726115 ], [ -7.304400341138942, 41.650411801726115 ], [ -7.304400341138942, 41.647843498209653 ], [ -7.30514055710645, 41.647843498209653 ], [ -7.30514055710645, 41.646559308055487 ], [ -7.305880773073959, 41.646559308055487 ], [ -7.305880773073959, 41.64570316706542 ], [ -7.306620989041465, 41.64570316706542 ], [ -7.306620989041465, 41.644418934249479 ], [ -7.30514055710645, 41.644418934249479 ], [ -7.30514055710645, 41.643990850955952 ], [ -7.303660125171433, 41.643990850955952 ], [ -7.303660125171433, 41.643562764818363 ], [ -7.302919909203924, 41.643562764818363 ], [ -7.302919909203924, 41.642278489341024 ], [ -7.302179693236416, 41.642278489341024 ], [ -7.302179693236416, 41.640994188267015 ], [ -7.301439477268909, 41.640994188267015 ], [ -7.301439477268909, 41.641422291469091 ], [ -7.299959045333891, 41.641422291469091 ], [ -7.299959045333891, 41.641850391827084 ], [ -7.299218829366383, 41.641850391827084 ], [ -7.299218829366383, 41.643134675836656 ], [ -7.298478613398874, 41.643134675836656 ], [ -7.298478613398874, 41.644418934249479 ], [ -7.297738397431368, 41.644418934249479 ], [ -7.297738397431368, 41.64570316706542 ], [ -7.296998181463858, 41.64570316706542 ], [ -7.296998181463858, 41.646131238982505 ], [ -7.297738397431368, 41.646131238982505 ], [ -7.297738397431368, 41.646559308055487 ], [ -7.298478613398874, 41.646559308055487 ], [ -7.298478613398874, 41.646987374284336 ], [ -7.299218829366383, 41.646987374284336 ], [ -7.299218829366383, 41.647415437669054 ], [ -7.299959045333891, 41.647415437669054 ], [ -7.299959045333891, 41.647843498209653 ], [ -7.3006992613014, 41.647843498209653 ], [ -7.3006992613014, 41.648271555906099 ], [ -7.301439477268909, 41.648271555906099 ], [ -7.301439477268909, 41.648699610758413 ], [ -7.302179693236416, 41.648699610758413 ], [ -7.302179693236416, 41.650411801726115 ], [ -7.301439477268909, 41.650411801726115 ], [ -7.301439477268909, 41.65340802641893 ], [ -7.3006992613014, 41.65340802641893 ], [ -7.3006992613014, 41.655548101587804 ], [ -7.301439477268909, 41.655548101587804 ], [ -7.301439477268909, 41.655976108088915 ], [ -7.302179693236416, 41.655976108088915 ], [ -7.302179693236416, 41.656404111745786 ], [ -7.303660125171433, 41.656404111745786 ], [ -7.303660125171433, 41.659400057705 ], [ -7.304400341138942, 41.659400057705 ], [ -7.304400341138942, 41.66282382528761 ], [ -7.30514055710645, 41.66282382528761 ], [ -7.30514055710645, 41.665391531513578 ], [ -7.305880773073959, 41.665391531513578 ], [ -7.305880773073959, 41.66581947259607 ], [ -7.306620989041465, 41.66581947259607 ], [ -7.306620989041465, 41.66624741083421 ], [ -7.307361205008974, 41.66624741083421 ], [ -7.307361205008974, 41.666675346228011 ], [ -7.308101420976484, 41.666675346228011 ], [ -7.308101420976484, 41.667531208482515 ], [ -7.308841636943991, 41.667531208482515 ], [ -7.308841636943991, 41.667959135343217 ], [ -7.3095818529115, 41.667959135343217 ], [ -7.3095818529115, 41.674377696926349 ], [ -7.310322068879008, 41.674377696926349 ], [ -7.310322068879008, 41.679084235332382 ], [ -7.3095818529115, 41.679084235332382 ], [ -7.3095818529115, 41.679512085393299 ], [ -7.308841636943991, 41.679512085393299 ], [ -7.308841636943991, 41.679939932609699 ], [ -7.308101420976484, 41.679939932609699 ], [ -7.308101420976484, 41.680367776981598 ], [ -7.307361205008974, 41.680367776981598 ], [ -7.307361205008974, 41.681223457191848 ], [ -7.306620989041465, 41.681223457191848 ], [ -7.306620989041465, 41.681651293030178 ], [ -7.305880773073959, 41.681651293030178 ], [ -7.305880773073959, 41.682079126023979 ], [ -7.303660125171433, 41.682079126023979 ], [ -7.303660125171433, 41.681651293030178 ], [ -7.299218829366383, 41.681651293030178 ], [ -7.299218829366383, 41.681223457191848 ], [ -7.297738397431368, 41.681223457191848 ], [ -7.297738397431368, 41.684646064251368 ], [ -7.299218829366383, 41.684646064251368 ], [ -7.299218829366383, 41.685073877333323 ], [ -7.3006992613014, 41.685073877333323 ], [ -7.3006992613014, 41.685501687570714 ], [ -7.301439477268909, 41.685501687570714 ], [ -7.301439477268909, 41.685929494963503 ], [ -7.302179693236416, 41.685929494963503 ], [ -7.302179693236416, 41.689351851700636 ], [ -7.302919909203924, 41.689351851700636 ], [ -7.302919909203924, 41.691918499779597 ], [ -7.302179693236416, 41.691918499779597 ], [ -7.302179693236416, 41.692774026382118 ], [ -7.301439477268909, 41.692774026382118 ], [ -7.301439477268909, 41.693629541605993 ], [ -7.3006992613014, 41.693629541605993 ], [ -7.3006992613014, 41.694057294950923 ], [ -7.299959045333891, 41.694057294950923 ], [ -7.299959045333891, 41.694485045451188 ], [ -7.296998181463858, 41.694485045451188 ], [ -7.29551774952884, 41.694485045451188 ], [ -7.29551774952884, 41.695768279883893 ], [ -7.294777533561333, 41.695768279883893 ], [ -7.294777533561333, 41.697051488714337 ], [ -7.294037317593825, 41.697051488714337 ], [ -7.294037317593825, 41.698762393995679 ], [ -7.293297101626316, 41.698762393995679 ], [ -7.293297101626316, 41.699617829567998 ], [ -7.292556885658807, 41.699617829567998 ], [ -7.292556885658807, 41.700045543087057 ], [ -7.2918166696913, 41.700045543087057 ], [ -7.2918166696913, 41.700473253761366 ], [ -7.290336237756283, 41.700473253761366 ], [ -7.290336237756283, 41.700900961590932 ], [ -7.289596021788776, 41.700900961590932 ], [ -7.289596021788776, 41.701328666575741 ], [ -7.288115589853758, 41.701328666575741 ], [ -7.288115589853758, 41.701756368715799 ], [ -7.286635157918742, 41.701756368715799 ], [ -7.286635157918742, 41.7021840680111 ], [ -7.285894941951232, 41.7021840680111 ], [ -7.285894941951232, 41.702611764461622 ], [ -7.284414510016216, 41.702611764461622 ], [ -7.284414510016216, 41.70303945806738 ], [ -7.282934078081201, 41.70303945806738 ], [ -7.282934078081201, 41.703467148828352 ], [ -7.282193862113692, 41.703467148828352 ], [ -7.282193862113692, 41.703894836744546 ], [ -7.279973214211166, 41.703894836744546 ], [ -7.279973214211166, 41.703467148828352 ], [ -7.274791702438608, 41.703467148828352 ], [ -7.274791702438608, 41.704322521815946 ], [ -7.275531918406117, 41.704322521815946 ], [ -7.275531918406117, 41.70731623766136 ], [ -7.276272134373625, 41.70731623766136 ], [ -7.276272134373625, 41.709454520777683 ], [ -7.277012350341132, 41.709454520777683 ], [ -7.277012350341132, 41.710309814110289 ], [ -7.277752566308641, 41.710309814110289 ], [ -7.277752566308641, 41.7107374565093 ], [ -7.278492782276149, 41.7107374565093 ], [ -7.278492782276149, 41.711592732772736 ], [ -7.279232998243658, 41.711592732772736 ], [ -7.279232998243658, 41.716296548811982 ], [ -7.278492782276149, 41.716296548811982 ], [ -7.278492782276149, 41.718006942024175 ], [ -7.279232998243658, 41.718006942024175 ], [ -7.279232998243658, 41.721855160321667 ], [ -7.279973214211166, 41.721855160321667 ], [ -7.279973214211166, 41.724848059678102 ], [ -7.279232998243658, 41.724848059678102 ], [ -7.279232998243658, 41.726985759581986 ], [ -7.278492782276149, 41.726985759581986 ], [ -7.278492782276149, 41.727840819628213 ], [ -7.277752566308641, 41.727840819628213 ], [ -7.277752566308641, 41.728268345383739 ], [ -7.277012350341132, 41.728268345383739 ], [ -7.277012350341132, 41.728695868294203 ], [ -7.276272134373625, 41.728695868294203 ], [ -7.276272134373625, 41.729123388359596 ], [ -7.275531918406117, 41.729123388359596 ], [ -7.275531918406117, 41.729550905579913 ], [ -7.274791702438608, 41.729550905579913 ], [ -7.274791702438608, 41.729978419955152 ], [ -7.274051486471099, 41.729978419955152 ], [ -7.274051486471099, 41.730833440170365 ], [ -7.273311270503592, 41.730833440170365 ], [ -7.273311270503592, 41.731688449005198 ], [ -7.272571054536084, 41.731688449005198 ], [ -7.272571054536084, 41.732970940919152 ], [ -7.271830838568575, 41.732970940919152 ], [ -7.271830838568575, 41.733825921302866 ], [ -7.271090622601067, 41.733825921302866 ], [ -7.271090622601067, 41.734680890306066 ], [ -7.270350406633558, 41.734680890306066 ], [ -7.270350406633558, 41.735108370539962 ], [ -7.268869974698541, 41.735108370539962 ], [ -7.268869974698541, 41.734680890306066 ], [ -7.267389542763524, 41.734680890306066 ], [ -7.267389542763524, 41.734253407227037 ], [ -7.265168894861, 41.734253407227037 ], [ -7.265168894861, 41.733825921302866 ], [ -7.264428678893493, 41.733825921302866 ], [ -7.264428678893493, 41.734253407227037 ], [ -7.262948246958475, 41.734253407227037 ], [ -7.262948246958475, 41.734680890306066 ], [ -7.262208030990966, 41.734680890306066 ], [ -7.262208030990966, 41.735108370539962 ], [ -7.26072759905595, 41.735108370539962 ], [ -7.26072759905595, 41.735535847928716 ], [ -7.259987383088441, 41.735535847928716 ], [ -7.259987383088441, 41.735963322472315 ], [ -7.258506951153424, 41.735963322472315 ], [ -7.258506951153424, 41.736390794170767 ], [ -7.257766735185917, 41.736390794170767 ], [ -7.257766735185917, 41.735963322472315 ], [ -7.2562863032509, 41.735963322472315 ], [ -7.2562863032509, 41.735535847928716 ], [ -7.254805871315884, 41.735535847928716 ], [ -7.254805871315884, 41.735963322472315 ], [ -7.254065655348375, 41.735963322472315 ], [ -7.254065655348375, 41.736390794170767 ], [ -7.253325439380866, 41.736390794170767 ], [ -7.253325439380866, 41.736818263024055 ], [ -7.252585223413358, 41.736818263024055 ], [ -7.252585223413358, 41.737245729032189 ], [ -7.25184500744585, 41.737245729032189 ], [ -7.25184500744585, 41.737673192195146 ], [ -7.250364575510833, 41.737673192195146 ], [ -7.250364575510833, 41.737245729032189 ], [ -7.249624359543326, 41.737245729032189 ], [ -7.249624359543326, 41.736818263024055 ], [ -7.248143927608307, 41.736818263024055 ], [ -7.248143927608307, 41.736390794170767 ], [ -7.2474037116408, 41.736390794170767 ], [ -7.2474037116408, 41.735963322472315 ], [ -7.246663495673292, 41.735963322472315 ], [ -7.246663495673292, 41.736818263024055 ], [ -7.245923279705783, 41.736818263024055 ], [ -7.245923279705783, 41.738528109985552 ], [ -7.245183063738274, 41.738528109985552 ], [ -7.245183063738274, 41.740237911424124 ], [ -7.244442847770767, 41.740237911424124 ], [ -7.244442847770767, 41.74152023262846 ], [ -7.243702631803258, 41.74152023262846 ], [ -7.243702631803258, 41.741947667339467 ], [ -7.242962415835749, 41.741947667339467 ], [ -7.242962415835749, 41.742802528225845 ], [ -7.242222199868242, 41.742802528225845 ], [ -7.242222199868242, 41.74322995440118 ], [ -7.241481983900733, 41.74322995440118 ], [ -7.241481983900733, 41.744084798216143 ], [ -7.240741767933224, 41.744084798216143 ], [ -7.240741767933224, 41.74493963065013 ], [ -7.234820040193158, 41.74493963065013 ], [ -7.234820040193158, 41.744084798216143 ], [ -7.234079824225649, 41.744084798216143 ], [ -7.234079824225649, 41.74322995440118 ], [ -7.233339608258142, 41.74322995440118 ], [ -7.233339608258142, 41.742802528225845 ], [ -7.232599392290632, 41.742802528225845 ], [ -7.232599392290632, 41.744084798216143 ], [ -7.231859176323125, 41.744084798216143 ], [ -7.231859176323125, 41.745367042599248 ], [ -7.231118960355618, 41.745367042599248 ], [ -7.231118960355618, 41.745794451703105 ], [ -7.228898312453092, 41.745794451703105 ], [ -7.228898312453092, 41.746221857961686 ], [ -7.226677664550566, 41.746221857961686 ], [ -7.226677664550566, 41.746649261374998 ], [ -7.225197232615549, 41.746649261374998 ], [ -7.225197232615549, 41.746221857961686 ], [ -7.224457016648041, 41.746221857961686 ], [ -7.224457016648041, 41.745367042599248 ], [ -7.223716800680534, 41.745367042599248 ], [ -7.223716800680534, 41.74493963065013 ], [ -7.222976584713025, 41.74493963065013 ], [ -7.222976584713025, 41.744084798216143 ], [ -7.222236368745516, 41.744084798216143 ], [ -7.222236368745516, 41.74152023262846 ], [ -7.221496152778008, 41.74152023262846 ], [ -7.221496152778008, 41.736818263024055 ], [ -7.220755936810501, 41.736818263024055 ], [ -7.220755936810501, 41.735963322472315 ], [ -7.221496152778008, 41.735963322472315 ], [ -7.221496152778008, 41.734680890306066 ], [ -7.222236368745516, 41.734680890306066 ], [ -7.222236368745516, 41.733398432533576 ], [ -7.222976584713025, 41.733398432533576 ], [ -7.222976584713025, 41.732115949154959 ], [ -7.222236368745516, 41.732115949154959 ], [ -7.222236368745516, 41.731688449005198 ], [ -7.221496152778008, 41.731688449005198 ], [ -7.221496152778008, 41.73126094601033 ], [ -7.220755936810501, 41.73126094601033 ], [ -7.220755936810501, 41.730405931485301 ], [ -7.220015720842992, 41.730405931485301 ], [ -7.220015720842992, 41.729978419955152 ], [ -7.219275504875482, 41.729978419955152 ], [ -7.219275504875482, 41.724420511162222 ], [ -7.218535288907975, 41.724420511162222 ], [ -7.218535288907975, 41.723565405595402 ], [ -7.217795072940467, 41.723565405595402 ], [ -7.217795072940467, 41.722282725907597 ], [ -7.217054856972958, 41.722282725907597 ], [ -7.217054856972958, 41.721427591890738 ], [ -7.21631464100545, 41.721427591890738 ], [ -7.21631464100545, 41.720144869528049 ], [ -7.215574425037941, 41.720144869528049 ], [ -7.215574425037941, 41.719289707061392 ], [ -7.214834209070432, 41.719289707061392 ], [ -7.214834209070432, 41.718006942024175 ], [ -7.214093993102924, 41.718006942024175 ], [ -7.214093993102924, 41.717151751107956 ], [ -7.213353777135417, 41.717151751107956 ], [ -7.213353777135417, 41.715868943396593 ], [ -7.212613561167908, 41.715868943396593 ], [ -7.212613561167908, 41.715013724031053 ], [ -7.210392913265384, 41.715013724031053 ], [ -7.210392913265384, 41.714586110080923 ], [ -7.206691833427841, 41.714586110080923 ], [ -7.206691833427841, 41.715013724031053 ], [ -7.205951617460333, 41.715013724031053 ], [ -7.205951617460333, 41.71544133513629 ], [ -7.205211401492824, 41.71544133513629 ], [ -7.205211401492824, 41.715868943396593 ], [ -7.204471185525317, 41.715868943396593 ], [ -7.204471185525317, 41.716296548811982 ], [ -7.203730969557808, 41.716296548811982 ], [ -7.203730969557808, 41.717151751107956 ], [ -7.201510321655284, 41.717151751107956 ], [ -7.201510321655284, 41.716724151382444 ], [ -7.200770105687774, 41.716724151382444 ], [ -7.200770105687774, 41.716296548811982 ], [ -7.199289673752759, 41.716296548811982 ], [ -7.199289673752759, 41.715868943396593 ], [ -7.19854945778525, 41.715868943396593 ], [ -7.19854945778525, 41.714586110080923 ], [ -7.19780924181774, 41.714586110080923 ], [ -7.19780924181774, 41.711165096063461 ], [ -7.197069025850233, 41.711165096063461 ], [ -7.197069025850233, 41.710309814110289 ], [ -7.195588593915216, 41.710309814110289 ], [ -7.195588593915216, 41.709882168866415 ], [ -7.1941081619802, 41.709882168866415 ], [ -7.1941081619802, 41.709454520777683 ], [ -7.192627730045183, 41.709454520777683 ], [ -7.192627730045183, 41.709882168866415 ], [ -7.189666866175149, 41.709882168866415 ], [ -7.189666866175149, 41.710309814110289 ], [ -7.186706002305116, 41.710309814110289 ], [ -7.186706002305116, 41.7107374565093 ], [ -7.183745138435084, 41.7107374565093 ], [ -7.183745138435084, 41.711165096063461 ], [ -7.182264706500066, 41.711165096063461 ], [ -7.182264706500066, 41.7107374565093 ], [ -7.181524490532558, 41.7107374565093 ], [ -7.181524490532558, 41.710309814110289 ], [ -7.180784274565049, 41.710309814110289 ], [ -7.180784274565049, 41.709882168866415 ], [ -7.178563626662525, 41.709882168866415 ], [ -7.178563626662525, 41.710309814110289 ], [ -7.177823410695016, 41.710309814110289 ], [ -7.177823410695016, 41.7107374565093 ], [ -7.177083194727508, 41.7107374565093 ], [ -7.177083194727508, 41.711165096063461 ], [ -7.175602762792492, 41.711165096063461 ], [ -7.175602762792492, 41.7107374565093 ], [ -7.174122330857474, 41.7107374565093 ], [ -7.174122330857474, 41.710309814110289 ], [ -7.173382114889967, 41.710309814110289 ], [ -7.173382114889967, 41.709882168866415 ], [ -7.171901682954949, 41.709882168866415 ], [ -7.171901682954949, 41.710309814110289 ], [ -7.170421251019932, 41.710309814110289 ], [ -7.170421251019932, 41.7107374565093 ], [ -7.169681035052425, 41.7107374565093 ], [ -7.169681035052425, 41.711165096063461 ], [ -7.167460387149899, 41.711165096063461 ], [ -7.167460387149899, 41.7107374565093 ], [ -7.166720171182392, 41.7107374565093 ], [ -7.166720171182392, 41.710309814110289 ], [ -7.165979955214883, 41.710309814110289 ], [ -7.165979955214883, 41.709882168866415 ], [ -7.164499523279865, 41.709882168866415 ], [ -7.164499523279865, 41.714158493285865 ], [ -7.165239739247374, 41.714158493285865 ], [ -7.165239739247374, 41.714586110080923 ], [ -7.164499523279865, 41.714586110080923 ], [ -7.164499523279865, 41.716296548811982 ], [ -7.163759307312358, 41.716296548811982 ], [ -7.163759307312358, 41.71757934798854 ], [ -7.165239739247374, 41.71757934798854 ], [ -7.165239739247374, 41.718006942024175 ], [ -7.166720171182392, 41.718006942024175 ], [ -7.166720171182392, 41.718434533214875 ], [ -7.168200603117408, 41.718434533214875 ], [ -7.168200603117408, 41.718862121560612 ], [ -7.170421251019932, 41.718862121560612 ], [ -7.170421251019932, 41.720572446493932 ], [ -7.171161466987441, 41.720572446493932 ], [ -7.171161466987441, 41.722710288648543 ], [ -7.171901682954949, 41.722710288648543 ], [ -7.171901682954949, 41.723137848544468 ], [ -7.177083194727508, 41.723137848544468 ], [ -7.177083194727508, 41.723565405595402 ], [ -7.182264706500066, 41.723565405595402 ], [ -7.182264706500066, 41.723992959801322 ], [ -7.187446218272625, 41.723992959801322 ], [ -7.187446218272625, 41.724420511162222 ], [ -7.189666866175149, 41.724420511162222 ], [ -7.189666866175149, 41.725275605348941 ], [ -7.190407082142658, 41.725275605348941 ], [ -7.190407082142658, 41.726130688155543 ], [ -7.191147298110166, 41.726130688155543 ], [ -7.191147298110166, 41.726985759581986 ], [ -7.191887514077675, 41.726985759581986 ], [ -7.191887514077675, 41.727840819628213 ], [ -7.192627730045183, 41.727840819628213 ], [ -7.192627730045183, 41.728695868294203 ], [ -7.193367946012691, 41.728695868294203 ], [ -7.193367946012691, 41.729978419955152 ], [ -7.1941081619802, 41.729978419955152 ], [ -7.1941081619802, 41.730833440170365 ], [ -7.194848377947709, 41.730833440170365 ], [ -7.194848377947709, 41.731688449005198 ], [ -7.195588593915216, 41.731688449005198 ], [ -7.195588593915216, 41.732543446459609 ], [ -7.19780924181774, 41.732543446459609 ], [ -7.19780924181774, 41.732115949154959 ], [ -7.200029889720266, 41.732115949154959 ], [ -7.200029889720266, 41.732543446459609 ], [ -7.200770105687774, 41.732543446459609 ], [ -7.200770105687774, 41.732970940919152 ], [ -7.202250537622793, 41.732970940919152 ], [ -7.202250537622793, 41.733398432533576 ], [ -7.2029907535903, 41.733398432533576 ], [ -7.2029907535903, 41.734253407227037 ], [ -7.203730969557808, 41.734253407227037 ], [ -7.203730969557808, 41.735963322472315 ], [ -7.204471185525317, 41.735963322472315 ], [ -7.204471185525317, 41.737245729032189 ], [ -7.205211401492824, 41.737245729032189 ], [ -7.205211401492824, 41.738955564612979 ], [ -7.205951617460333, 41.738955564612979 ], [ -7.205951617460333, 41.740665354670782 ], [ -7.206691833427841, 41.740665354670782 ], [ -7.206691833427841, 41.74152023262846 ], [ -7.205951617460333, 41.74152023262846 ], [ -7.205951617460333, 41.743657377731282 ], [ -7.205211401492824, 41.743657377731282 ], [ -7.205211401492824, 41.74493963065013 ], [ -7.204471185525317, 41.74493963065013 ], [ -7.204471185525317, 41.745367042599248 ], [ -7.203730969557808, 41.745367042599248 ], [ -7.203730969557808, 41.745794451703105 ], [ -7.2029907535903, 41.745794451703105 ], [ -7.2029907535903, 41.746221857961686 ], [ -7.202250537622793, 41.746221857961686 ], [ -7.202250537622793, 41.746649261374998 ], [ -7.201510321655284, 41.746649261374998 ], [ -7.201510321655284, 41.747076661943048 ], [ -7.200770105687774, 41.747076661943048 ], [ -7.200770105687774, 41.747504059665815 ], [ -7.200029889720266, 41.747504059665815 ], [ -7.200029889720266, 41.747931454543298 ], [ -7.199289673752759, 41.747931454543298 ], [ -7.199289673752759, 41.748358846575485 ], [ -7.19854945778525, 41.748358846575485 ], [ -7.19854945778525, 41.748786235762388 ], [ -7.19780924181774, 41.748786235762388 ], [ -7.19780924181774, 41.74921362210398 ], [ -7.197069025850233, 41.74921362210398 ], [ -7.197069025850233, 41.749641005600289 ], [ -7.196328809882724, 41.749641005600289 ], [ -7.196328809882724, 41.750068386251272 ], [ -7.195588593915216, 41.750068386251272 ], [ -7.195588593915216, 41.75049576405695 ], [ -7.1941081619802, 41.75049576405695 ], [ -7.1941081619802, 41.750068386251272 ], [ -7.192627730045183, 41.750068386251272 ], [ -7.192627730045183, 41.749641005600289 ], [ -7.191887514077675, 41.749641005600289 ], [ -7.191887514077675, 41.74921362210398 ], [ -7.191147298110166, 41.74921362210398 ], [ -7.191147298110166, 41.75092313901731 ], [ -7.190407082142658, 41.75092313901731 ], [ -7.190407082142658, 41.752632610405456 ], [ -7.189666866175149, 41.752632610405456 ], [ -7.189666866175149, 41.753914684070509 ], [ -7.188186434240133, 41.753914684070509 ], [ -7.188186434240133, 41.754342036268142 ], [ -7.187446218272625, 41.754342036268142 ], [ -7.187446218272625, 41.754769385620428 ], [ -7.185965786337607, 41.754769385620428 ], [ -7.185965786337607, 41.755196732127331 ], [ -7.1852255703701, 41.755196732127331 ], [ -7.1852255703701, 41.755624075788866 ], [ -7.177823410695016, 41.755624075788866 ], [ -7.177823410695016, 41.75605141660504 ], [ -7.175602762792492, 41.75605141660504 ], [ -7.175602762792492, 41.757760751415844 ], [ -7.174862546824983, 41.757760751415844 ], [ -7.174862546824983, 41.759470040700251 ], [ -7.174122330857474, 41.759470040700251 ], [ -7.174122330857474, 41.759897355907803 ], [ -7.172641898922458, 41.759897355907803 ], [ -7.172641898922458, 41.760324668269959 ], [ -7.171901682954949, 41.760324668269959 ], [ -7.171901682954949, 41.760751977786661 ], [ -7.171161466987441, 41.760751977786661 ], [ -7.171161466987441, 41.761179284457953 ], [ -7.169681035052425, 41.761179284457953 ], [ -7.169681035052425, 41.760751977786661 ], [ -7.168940819084917, 41.760751977786661 ], [ -7.168940819084917, 41.760324668269959 ], [ -7.168200603117408, 41.760324668269959 ], [ -7.168200603117408, 41.759470040700251 ], [ -7.167460387149899, 41.759470040700251 ], [ -7.167460387149899, 41.759042722647266 ], [ -7.166720171182392, 41.759042722647266 ], [ -7.166720171182392, 41.758615401748862 ], [ -7.165979955214883, 41.758615401748862 ], [ -7.165979955214883, 41.758188078005055 ], [ -7.165239739247374, 41.758188078005055 ], [ -7.165239739247374, 41.753059971139159 ], [ -7.165979955214883, 41.753059971139159 ], [ -7.165979955214883, 41.752205246826428 ], [ -7.166720171182392, 41.752205246826428 ], [ -7.166720171182392, 41.751350511132337 ], [ -7.167460387149899, 41.751350511132337 ], [ -7.167460387149899, 41.75092313901731 ], [ -7.166720171182392, 41.75092313901731 ], [ -7.166720171182392, 41.749641005600289 ], [ -7.165979955214883, 41.749641005600289 ], [ -7.165979955214883, 41.748786235762388 ], [ -7.165239739247374, 41.748786235762388 ], [ -7.165239739247374, 41.747504059665815 ], [ -7.164499523279865, 41.747504059665815 ], [ -7.164499523279865, 41.746221857961686 ], [ -7.163759307312358, 41.746221857961686 ], [ -7.163759307312358, 41.745367042599248 ], [ -7.16301909134485, 41.745367042599248 ], [ -7.16301909134485, 41.744512215855764 ], [ -7.163759307312358, 41.744512215855764 ], [ -7.163759307312358, 41.742802528225845 ], [ -7.164499523279865, 41.742802528225845 ], [ -7.164499523279865, 41.74109279507222 ], [ -7.165239739247374, 41.74109279507222 ], [ -7.165239739247374, 41.740665354670782 ], [ -7.166720171182392, 41.740665354670782 ], [ -7.166720171182392, 41.740237911424124 ], [ -7.167460387149899, 41.740237911424124 ], [ -7.167460387149899, 41.739810465332269 ], [ -7.168940819084917, 41.739810465332269 ], [ -7.168940819084917, 41.739383016395223 ], [ -7.169681035052425, 41.739383016395223 ], [ -7.169681035052425, 41.738955564612979 ], [ -7.170421251019932, 41.738955564612979 ], [ -7.170421251019932, 41.738528109985552 ], [ -7.169681035052425, 41.738528109985552 ], [ -7.169681035052425, 41.737673192195146 ], [ -7.168940819084917, 41.737673192195146 ], [ -7.168940819084917, 41.737245729032189 ], [ -7.168200603117408, 41.737245729032189 ], [ -7.168200603117408, 41.736390794170767 ], [ -7.167460387149899, 41.736390794170767 ], [ -7.167460387149899, 41.735963322472315 ], [ -7.166720171182392, 41.735963322472315 ], [ -7.166720171182392, 41.735108370539962 ], [ -7.165979955214883, 41.735108370539962 ], [ -7.165979955214883, 41.734253407227037 ], [ -7.165239739247374, 41.734253407227037 ], [ -7.165239739247374, 41.729550905579913 ], [ -7.165979955214883, 41.729550905579913 ], [ -7.165979955214883, 41.728695868294203 ], [ -7.166720171182392, 41.728695868294203 ], [ -7.166720171182392, 41.727840819628213 ], [ -7.162278875377341, 41.727840819628213 ], [ -7.162278875377341, 41.727413291027624 ], [ -7.157837579572292, 41.727413291027624 ], [ -7.157837579572292, 41.726985759581986 ], [ -7.157097363604783, 41.726985759581986 ], [ -7.157097363604783, 41.726130688155543 ], [ -7.156357147637274, 41.726130688155543 ], [ -7.156357147637274, 41.725703148174766 ], [ -7.155616931669766, 41.725703148174766 ], [ -7.155616931669766, 41.725275605348941 ], [ -7.154876715702257, 41.725275605348941 ], [ -7.154876715702257, 41.724848059678102 ], [ -7.154136499734749, 41.724848059678102 ], [ -7.154136499734749, 41.724420511162222 ], [ -7.153396283767242, 41.724420511162222 ], [ -7.153396283767242, 41.723992959801322 ], [ -7.152656067799733, 41.723992959801322 ], [ -7.152656067799733, 41.723565405595402 ], [ -7.151915851832224, 41.723565405595402 ], [ -7.151915851832224, 41.723137848544468 ], [ -7.151175635864717, 41.723137848544468 ], [ -7.151175635864717, 41.722710288648543 ], [ -7.150435419897208, 41.722710288648543 ], [ -7.150435419897208, 41.721855160321667 ], [ -7.149695203929699, 41.721855160321667 ], [ -7.149695203929699, 41.721427591890738 ], [ -7.148954987962191, 41.721427591890738 ], [ -7.148954987962191, 41.721000020614817 ], [ -7.148214771994683, 41.721000020614817 ], [ -7.148214771994683, 41.720572446493932 ], [ -7.147474556027174, 41.720572446493932 ], [ -7.147474556027174, 41.720144869528049 ], [ -7.146734340059665, 41.720144869528049 ], [ -7.146734340059665, 41.719717289717202 ], [ -7.145994124092158, 41.719717289717202 ], [ -7.145994124092158, 41.71757934798854 ], [ -7.146734340059665, 41.71757934798854 ], [ -7.146734340059665, 41.713730873645915 ], [ -7.147474556027174, 41.713730873645915 ], [ -7.147474556027174, 41.712875625831309 ], [ -7.148214771994683, 41.712875625831309 ], [ -7.148214771994683, 41.712447997656668 ], [ -7.148954987962191, 41.712447997656668 ], [ -7.148954987962191, 41.712020366637141 ], [ -7.149695203929699, 41.712020366637141 ], [ -7.149695203929699, 41.711592732772736 ], [ -7.150435419897208, 41.711592732772736 ], [ -7.150435419897208, 41.7107374565093 ], [ -7.151175635864717, 41.7107374565093 ], [ -7.151175635864717, 41.710309814110289 ], [ -7.151915851832224, 41.710309814110289 ], [ -7.151915851832224, 41.709454520777683 ], [ -7.147474556027174, 41.709454520777683 ], [ -7.147474556027174, 41.709026869844102 ], [ -7.143773476189633, 41.709026869844102 ], [ -7.143773476189633, 41.708599216065664 ], [ -7.140072396352092, 41.708599216065664 ], [ -7.140072396352092, 41.708171559442398 ], [ -7.135631100547041, 41.708171559442398 ], [ -7.135631100547041, 41.707743899974297 ], [ -7.1319300207095, 41.707743899974297 ], [ -7.1319300207095, 41.70731623766136 ], [ -7.131189804741991, 41.70731623766136 ], [ -7.131189804741991, 41.7107374565093 ], [ -7.130449588774483, 41.7107374565093 ], [ -7.130449588774483, 41.715868943396593 ], [ -7.129709372806975, 41.715868943396593 ], [ -7.129709372806975, 41.71757934798854 ], [ -7.128969156839466, 41.71757934798854 ], [ -7.128969156839466, 41.718006942024175 ], [ -7.128228940871957, 41.718006942024175 ], [ -7.128228940871957, 41.718434533214875 ], [ -7.12748872490445, 41.718434533214875 ], [ -7.12748872490445, 41.718862121560612 ], [ -7.126748508936942, 41.718862121560612 ], [ -7.126748508936942, 41.719289707061392 ], [ -7.126008292969432, 41.719289707061392 ], [ -7.126008292969432, 41.719717289717202 ], [ -7.125268077001924, 41.719717289717202 ], [ -7.125268077001924, 41.720144869528049 ], [ -7.124527861034417, 41.720144869528049 ], [ -7.124527861034417, 41.720572446493932 ], [ -7.123787645066908, 41.720572446493932 ], [ -7.123787645066908, 41.721000020614817 ], [ -7.123047429099399, 41.721000020614817 ], [ -7.123047429099399, 41.720572446493932 ], [ -7.117125701359333, 41.720572446493932 ], [ -7.117125701359333, 41.720144869528049 ], [ -7.1141648374893, 41.720144869528049 ], [ -7.1141648374893, 41.719717289717202 ], [ -7.113424621521792, 41.719717289717202 ], [ -7.113424621521792, 41.719289707061392 ], [ -7.112684405554282, 41.719289707061392 ], [ -7.112684405554282, 41.718434533214875 ], [ -7.111944189586774, 41.718434533214875 ], [ -7.111944189586774, 41.718006942024175 ], [ -7.111203973619267, 41.718006942024175 ], [ -7.111203973619267, 41.71757934798854 ], [ -7.110463757651758, 41.71757934798854 ], [ -7.110463757651758, 41.716724151382444 ], [ -7.109723541684249, 41.716724151382444 ], [ -7.109723541684249, 41.716296548811982 ], [ -7.108983325716741, 41.716296548811982 ], [ -7.108983325716741, 41.7107374565093 ], [ -7.109723541684249, 41.7107374565093 ], [ -7.109723541684249, 41.708599216065664 ], [ -7.108983325716741, 41.708599216065664 ], [ -7.108983325716741, 41.70731623766136 ], [ -7.108243109749234, 41.70731623766136 ], [ -7.108243109749234, 41.705605559961398 ], [ -7.107502893781724, 41.705605559961398 ], [ -7.107502893781724, 41.705177883424398 ], [ -7.106762677814216, 41.705177883424398 ], [ -7.106762677814216, 41.704750204042568 ], [ -7.106022461846709, 41.704750204042568 ], [ -7.106022461846709, 41.703894836744546 ], [ -7.1052822458792, 41.703894836744546 ], [ -7.1052822458792, 41.703467148828352 ], [ -7.104542029911691, 41.703467148828352 ], [ -7.104542029911691, 41.70303945806738 ], [ -7.103801813944183, 41.70303945806738 ], [ -7.103801813944183, 41.699617829567998 ], [ -7.103061597976675, 41.699617829567998 ], [ -7.103061597976675, 41.695340537917666 ], [ -7.102321382009166, 41.695340537917666 ], [ -7.102321382009166, 41.692774026382118 ], [ -7.103061597976675, 41.692774026382118 ], [ -7.103061597976675, 41.692346264503186 ], [ -7.103801813944183, 41.692346264503186 ], [ -7.103801813944183, 41.691918499779597 ], [ -7.104542029911691, 41.691918499779597 ], [ -7.104542029911691, 41.691490732211371 ], [ -7.1052822458792, 41.691490732211371 ], [ -7.1052822458792, 41.691062961798494 ], [ -7.106022461846709, 41.691062961798494 ], [ -7.106022461846709, 41.69063518854098 ], [ -7.106762677814216, 41.69063518854098 ], [ -7.106762677814216, 41.690207412438824 ], [ -7.107502893781724, 41.690207412438824 ], [ -7.107502893781724, 41.689351851700636 ], [ -7.108243109749234, 41.689351851700636 ], [ -7.108243109749234, 41.685501687570714 ], [ -7.108983325716741, 41.685501687570714 ], [ -7.108983325716741, 41.684646064251368 ], [ -7.109723541684249, 41.684646064251368 ], [ -7.109723541684249, 41.683790429553788 ], [ -7.110463757651758, 41.683790429553788 ], [ -7.110463757651758, 41.682934783477975 ], [ -7.111203973619267, 41.682934783477975 ], [ -7.111203973619267, 41.682506956173249 ], [ -7.116385485391825, 41.682506956173249 ], [ -7.116385485391825, 41.682079126023979 ], [ -7.119346349261858, 41.682079126023979 ], [ -7.119346349261858, 41.680795618508981 ], [ -7.11860613329435, 41.680795618508981 ], [ -7.11860613329435, 41.679939932609699 ], [ -7.117865917326841, 41.679939932609699 ], [ -7.117865917326841, 41.678656382426972 ], [ -7.117125701359333, 41.678656382426972 ], [ -7.117125701359333, 41.677372806643767 ], [ -7.116385485391825, 41.677372806643767 ], [ -7.116385485391825, 41.67608920526024 ], [ -7.115645269424316, 41.67608920526024 ], [ -7.115645269424316, 41.674805578276505 ], [ -7.116385485391825, 41.674805578276505 ], [ -7.116385485391825, 41.673521925692711 ], [ -7.117125701359333, 41.673521925692711 ], [ -7.117125701359333, 41.672666143081322 ], [ -7.117865917326841, 41.672666143081322 ], [ -7.117865917326841, 41.671382447831043 ], [ -7.11860613329435, 41.671382447831043 ], [ -7.11860613329435, 41.667959135343217 ], [ -7.119346349261858, 41.667959135343217 ], [ -7.119346349261858, 41.665391531513578 ], [ -7.120086565229366, 41.665391531513578 ], [ -7.120086565229366, 41.66496358758674 ], [ -7.120826781196874, 41.66496358758674 ], [ -7.120826781196874, 41.664535640815579 ], [ -7.121566997164383, 41.664535640815579 ], [ -7.121566997164383, 41.664107691200066 ], [ -7.122307213131891, 41.664107691200066 ], [ -7.122307213131891, 41.663679738740228 ], [ -7.123787645066908, 41.663679738740228 ], [ -7.123787645066908, 41.663251783436081 ], [ -7.124527861034417, 41.663251783436081 ], [ -7.124527861034417, 41.66282382528761 ], [ -7.125268077001924, 41.66282382528761 ], [ -7.125268077001924, 41.66239586429483 ], [ -7.126008292969432, 41.66239586429483 ], [ -7.126008292969432, 41.661967900457732 ], [ -7.12748872490445, 41.661967900457732 ], [ -7.12748872490445, 41.661539933776339 ], [ -7.128228940871957, 41.661539933776339 ], [ -7.128228940871957, 41.661111964250644 ], [ -7.128969156839466, 41.661111964250644 ], [ -7.128969156839466, 41.660683991880653 ], [ -7.129709372806975, 41.660683991880653 ], [ -7.129709372806975, 41.660256016666388 ], [ -7.131189804741991, 41.660256016666388 ], [ -7.131189804741991, 41.65982803860782 ], [ -7.133410452644516, 41.65982803860782 ], [ -7.133410452644516, 41.660256016666388 ], [ -7.137851748449566, 41.660256016666388 ], [ -7.137851748449566, 41.660683991880653 ], [ -7.141552828287108, 41.660683991880653 ], [ -7.141552828287108, 41.661111964250644 ], [ -7.142293044254616, 41.661111964250644 ], [ -7.142293044254616, 41.660683991880653 ], [ -7.143773476189633, 41.660683991880653 ], [ -7.143773476189633, 41.660256016666388 ], [ -7.144513692157142, 41.660256016666388 ], [ -7.144513692157142, 41.65982803860782 ], [ -7.14525390812465, 41.65982803860782 ], [ -7.14525390812465, 41.659400057705 ], [ -7.146734340059665, 41.659400057705 ], [ -7.146734340059665, 41.658972073957891 ], [ -7.148954987962191, 41.658972073957891 ], [ -7.148954987962191, 41.659400057705 ], [ -7.149695203929699, 41.659400057705 ], [ -7.149695203929699, 41.65982803860782 ], [ -7.151175635864717, 41.65982803860782 ], [ -7.151175635864717, 41.660256016666388 ], [ -7.151915851832224, 41.660256016666388 ], [ -7.151915851832224, 41.660683991880653 ], [ -7.152656067799733, 41.660683991880653 ], [ -7.152656067799733, 41.661111964250644 ], [ -7.153396283767242, 41.661111964250644 ], [ -7.153396283767242, 41.661539933776339 ], [ -7.154136499734749, 41.661539933776339 ], [ -7.154136499734749, 41.661967900457732 ], [ -7.154876715702257, 41.661967900457732 ], [ -7.154876715702257, 41.66239586429483 ], [ -7.155616931669766, 41.66239586429483 ], [ -7.155616931669766, 41.66282382528761 ], [ -7.156357147637274, 41.66282382528761 ], [ -7.156357147637274, 41.66239586429483 ], [ -7.157097363604783, 41.66239586429483 ], [ -7.157097363604783, 41.661967900457732 ], [ -7.157837579572292, 41.661967900457732 ], [ -7.157837579572292, 41.661111964250644 ], [ -7.1585777955398, 41.661111964250644 ], [ -7.1585777955398, 41.660683991880653 ], [ -7.160058227474816, 41.660683991880653 ], [ -7.160058227474816, 41.660256016666388 ], [ -7.164499523279865, 41.660256016666388 ], [ -7.164499523279865, 41.658116097930872 ], [ -7.165239739247374, 41.658116097930872 ], [ -7.165239739247374, 41.655976108088915 ], [ -7.165979955214883, 41.655976108088915 ], [ -7.165979955214883, 41.65340802641893 ], [ -7.166720171182392, 41.65340802641893 ], [ -7.166720171182392, 41.650839842357641 ], [ -7.167460387149899, 41.650839842357641 ], [ -7.167460387149899, 41.648271555906099 ], [ -7.168200603117408, 41.648271555906099 ], [ -7.168200603117408, 41.646559308055487 ], [ -7.168940819084917, 41.646559308055487 ], [ -7.168940819084917, 41.646131238982505 ], [ -7.170421251019932, 41.646131238982505 ], [ -7.170421251019932, 41.64570316706542 ], [ -7.171161466987441, 41.64570316706542 ], [ -7.171161466987441, 41.64527509230421 ], [ -7.173382114889967, 41.64527509230421 ], [ -7.173382114889967, 41.64570316706542 ], [ -7.174862546824983, 41.64570316706542 ], [ -7.174862546824983, 41.646131238982505 ], [ -7.176342978760001, 41.646131238982505 ], [ -7.176342978760001, 41.64570316706542 ], [ -7.177083194727508, 41.64570316706542 ], [ -7.177083194727508, 41.64527509230421 ], [ -7.178563626662525, 41.64527509230421 ], [ -7.178563626662525, 41.644847014698897 ], [ -7.179303842630032, 41.644847014698897 ], [ -7.179303842630032, 41.644418934249479 ], [ -7.180044058597542, 41.644418934249479 ], [ -7.180044058597542, 41.643990850955952 ], [ -7.180784274565049, 41.643990850955952 ], [ -7.180784274565049, 41.643562764818363 ], [ -7.181524490532558, 41.643562764818363 ], [ -7.181524490532558, 41.643134675836656 ], [ -7.183004922467575, 41.643134675836656 ], [ -7.183004922467575, 41.642706584010881 ], [ -7.183745138435084, 41.642706584010881 ], [ -7.183745138435084, 41.642278489341024 ], [ -7.184485354402592, 41.642278489341024 ], [ -7.184485354402592, 41.641850391827084 ], [ -7.185965786337607, 41.641850391827084 ], [ -7.185965786337607, 41.642278489341024 ], [ -7.187446218272625, 41.642278489341024 ], [ -7.187446218272625, 41.642706584010881 ], [ -7.188186434240133, 41.642706584010881 ], [ -7.188186434240133, 41.643134675836656 ], [ -7.189666866175149, 41.643134675836656 ], [ -7.189666866175149, 41.639709861596501 ], [ -7.190407082142658, 41.639709861596501 ], [ -7.190407082142658, 41.638853629595928 ], [ -7.191147298110166, 41.638853629595928 ], [ -7.191147298110166, 41.638425509329593 ], [ -7.191887514077675, 41.638425509329593 ], [ -7.191887514077675, 41.63756926026484 ], [ -7.192627730045183, 41.63756926026484 ], [ -7.192627730045183, 41.637141131466429 ], [ -7.1941081619802, 41.637141131466429 ], [ -7.1941081619802, 41.636712999824013 ], [ -7.195588593915216, 41.636712999824013 ], [ -7.195588593915216, 41.636284865337586 ], [ -7.19854945778525, 41.636284865337586 ], [ -7.19854945778525, 41.636712999824013 ], [ -7.200029889720266, 41.636712999824013 ], [ -7.200029889720266, 41.637141131466429 ], [ -7.201510321655284, 41.637141131466429 ], [ -7.201510321655284, 41.63756926026484 ], [ -7.2029907535903, 41.63756926026484 ], [ -7.2029907535903, 41.637997386219226 ], [ -7.204471185525317, 41.637997386219226 ], [ -7.204471185525317, 41.638425509329593 ], [ -7.205951617460333, 41.638425509329593 ], [ -7.205951617460333, 41.639709861596501 ], [ -7.206691833427841, 41.639709861596501 ], [ -7.206691833427841, 41.641422291469091 ], [ -7.20743204939535, 41.641422291469091 ], [ -7.20743204939535, 41.643134675836656 ], [ -7.206691833427841, 41.643134675836656 ], [ -7.206691833427841, 41.643990850955952 ], [ -7.205951617460333, 41.643990850955952 ], [ -7.205951617460333, 41.64527509230421 ], [ -7.205211401492824, 41.64527509230421 ], [ -7.205211401492824, 41.646559308055487 ], [ -7.205951617460333, 41.646559308055487 ], [ -7.205951617460333, 41.646987374284336 ], [ -7.20743204939535, 41.646987374284336 ], [ -7.20743204939535, 41.647415437669054 ], [ -7.208172265362857, 41.647415437669054 ], [ -7.208172265362857, 41.647843498209653 ], [ -7.209652697297875, 41.647843498209653 ], [ -7.209652697297875, 41.648271555906099 ], [ -7.211133129232891, 41.648271555906099 ], [ -7.211133129232891, 41.648699610758413 ], [ -7.212613561167908, 41.648699610758413 ], [ -7.212613561167908, 41.650411801726115 ], [ -7.213353777135417, 41.650411801726115 ], [ -7.213353777135417, 41.65340802641893 ], [ -7.214093993102924, 41.65340802641893 ], [ -7.214093993102924, 41.656404111745786 ], [ -7.214834209070432, 41.656404111745786 ], [ -7.214834209070432, 41.658116097930872 ], [ -7.214093993102924, 41.658116097930872 ], [ -7.214093993102924, 41.658544087366508 ], [ -7.213353777135417, 41.658544087366508 ], [ -7.213353777135417, 41.658972073957891 ], [ -7.212613561167908, 41.658972073957891 ], [ -7.212613561167908, 41.659400057705 ], [ -7.211873345200399, 41.659400057705 ], [ -7.211873345200399, 41.65982803860782 ], [ -7.211133129232891, 41.65982803860782 ], [ -7.211133129232891, 41.660256016666388 ], [ -7.210392913265384, 41.660256016666388 ], [ -7.210392913265384, 41.661111964250644 ], [ -7.208912481330366, 41.661111964250644 ], [ -7.208912481330366, 41.660683991880653 ], [ -7.20743204939535, 41.660683991880653 ], [ -7.20743204939535, 41.660256016666388 ], [ -7.205211401492824, 41.660256016666388 ], [ -7.205211401492824, 41.65982803860782 ], [ -7.203730969557808, 41.65982803860782 ], [ -7.203730969557808, 41.659400057705 ], [ -7.202250537622793, 41.659400057705 ], [ -7.202250537622793, 41.658972073957891 ], [ -7.201510321655284, 41.658972073957891 ], [ -7.201510321655284, 41.658116097930872 ], [ -7.200770105687774, 41.658116097930872 ], [ -7.200770105687774, 41.657260110526828 ], [ -7.200029889720266, 41.657260110526828 ], [ -7.200029889720266, 41.656404111745786 ], [ -7.199289673752759, 41.656404111745786 ], [ -7.199289673752759, 41.655548101587804 ], [ -7.19854945778525, 41.655548101587804 ], [ -7.19854945778525, 41.654692080052904 ], [ -7.19780924181774, 41.654692080052904 ], [ -7.19780924181774, 41.653836047141134 ], [ -7.197069025850233, 41.653836047141134 ], [ -7.197069025850233, 41.652980002852523 ], [ -7.196328809882724, 41.652980002852523 ], [ -7.196328809882724, 41.65426406501912 ], [ -7.195588593915216, 41.65426406501912 ], [ -7.195588593915216, 41.655548101587804 ], [ -7.194848377947709, 41.655548101587804 ], [ -7.194848377947709, 41.657260110526828 ], [ -7.1941081619802, 41.657260110526828 ], [ -7.1941081619802, 41.658544087366508 ], [ -7.193367946012691, 41.658544087366508 ], [ -7.193367946012691, 41.660256016666388 ], [ -7.192627730045183, 41.660256016666388 ], [ -7.192627730045183, 41.661539933776339 ], [ -7.191887514077675, 41.661539933776339 ], [ -7.191887514077675, 41.66239586429483 ], [ -7.191147298110166, 41.66239586429483 ], [ -7.191147298110166, 41.66282382528761 ], [ -7.189666866175149, 41.66282382528761 ], [ -7.189666866175149, 41.663251783436081 ], [ -7.188926650207642, 41.663251783436081 ], [ -7.188926650207642, 41.663679738740228 ], [ -7.185965786337607, 41.663679738740228 ], [ -7.185965786337607, 41.663251783436081 ], [ -7.183745138435084, 41.663251783436081 ], [ -7.183745138435084, 41.66282382528761 ], [ -7.180784274565049, 41.66282382528761 ], [ -7.180784274565049, 41.66239586429483 ], [ -7.177823410695016, 41.66239586429483 ], [ -7.177823410695016, 41.661967900457732 ], [ -7.177083194727508, 41.661967900457732 ], [ -7.177083194727508, 41.663251783436081 ], [ -7.176342978760001, 41.663251783436081 ], [ -7.176342978760001, 41.664107691200066 ], [ -7.175602762792492, 41.664107691200066 ], [ -7.175602762792492, 41.667103278777439 ], [ -7.176342978760001, 41.667103278777439 ], [ -7.176342978760001, 41.668814980531515 ], [ -7.177083194727508, 41.668814980531515 ], [ -7.177083194727508, 41.671382447831043 ], [ -7.176342978760001, 41.671382447831043 ], [ -7.176342978760001, 41.673094035809228 ], [ -7.177083194727508, 41.673094035809228 ], [ -7.177083194727508, 41.673521925692711 ], [ -7.177823410695016, 41.673521925692711 ], [ -7.177823410695016, 41.673949812731749 ], [ -7.178563626662525, 41.673949812731749 ], [ -7.178563626662525, 41.674377696926349 ], [ -7.180044058597542, 41.674377696926349 ], [ -7.180044058597542, 41.673949812731749 ], [ -7.181524490532558, 41.673949812731749 ], [ -7.181524490532558, 41.670954543725458 ], [ -7.182264706500066, 41.670954543725458 ], [ -7.182264706500066, 41.670526636775463 ], [ -7.183004922467575, 41.670526636775463 ], [ -7.183004922467575, 41.669670814342268 ], [ -7.183745138435084, 41.669670814342268 ], [ -7.183745138435084, 41.668814980531515 ], [ -7.184485354402592, 41.668814980531515 ], [ -7.184485354402592, 41.66838705935956 ], [ -7.189666866175149, 41.66838705935956 ], [ -7.189666866175149, 41.669242898859089 ], [ -7.190407082142658, 41.669242898859089 ], [ -7.190407082142658, 41.670098726981067 ], [ -7.191147298110166, 41.670098726981067 ], [ -7.191147298110166, 41.670954543725458 ], [ -7.191887514077675, 41.670954543725458 ], [ -7.191887514077675, 41.672238247508979 ], [ -7.193367946012691, 41.672238247508979 ], [ -7.193367946012691, 41.671810349092219 ], [ -7.195588593915216, 41.671810349092219 ], [ -7.195588593915216, 41.672238247508979 ], [ -7.197069025850233, 41.672238247508979 ], [ -7.197069025850233, 41.672666143081322 ], [ -7.19780924181774, 41.672666143081322 ], [ -7.19780924181774, 41.673094035809228 ], [ -7.19854945778525, 41.673094035809228 ], [ -7.19854945778525, 41.673521925692711 ], [ -7.199289673752759, 41.673521925692711 ], [ -7.199289673752759, 41.67608920526024 ], [ -7.200029889720266, 41.67608920526024 ], [ -7.200029889720266, 41.67822852667706 ], [ -7.201510321655284, 41.67822852667706 ], [ -7.201510321655284, 41.678656382426972 ], [ -7.202250537622793, 41.678656382426972 ], [ -7.202250537622793, 41.679084235332382 ], [ -7.203730969557808, 41.679084235332382 ], [ -7.203730969557808, 41.678656382426972 ], [ -7.204471185525317, 41.678656382426972 ], [ -7.204471185525317, 41.677800668082654 ], [ -7.205211401492824, 41.677800668082654 ], [ -7.205211401492824, 41.677372806643767 ], [ -7.205951617460333, 41.677372806643767 ], [ -7.205951617460333, 41.6769449423604 ], [ -7.208912481330366, 41.6769449423604 ], [ -7.208912481330366, 41.677372806643767 ], [ -7.211133129232891, 41.677372806643767 ], [ -7.211133129232891, 41.6769449423604 ], [ -7.211873345200399, 41.6769449423604 ], [ -7.211873345200399, 41.67608920526024 ], [ -7.212613561167908, 41.67608920526024 ], [ -7.212613561167908, 41.675661332443447 ], [ -7.213353777135417, 41.675661332443447 ], [ -7.213353777135417, 41.675233456782202 ], [ -7.214093993102924, 41.675233456782202 ], [ -7.214093993102924, 41.674377696926349 ], [ -7.214834209070432, 41.674377696926349 ], [ -7.214834209070432, 41.673949812731749 ], [ -7.217054856972958, 41.673949812731749 ], [ -7.217054856972958, 41.674377696926349 ], [ -7.217795072940467, 41.674377696926349 ], [ -7.217795072940467, 41.674805578276505 ], [ -7.218535288907975, 41.674805578276505 ], [ -7.218535288907975, 41.675233456782202 ], [ -7.219275504875482, 41.675233456782202 ], [ -7.219275504875482, 41.675661332443447 ], [ -7.221496152778008, 41.675661332443447 ], [ -7.221496152778008, 41.675233456782202 ], [ -7.222976584713025, 41.675233456782202 ], [ -7.222976584713025, 41.674805578276505 ], [ -7.225197232615549, 41.674805578276505 ], [ -7.225197232615549, 41.674377696926349 ], [ -7.227417880518075, 41.674377696926349 ], [ -7.227417880518075, 41.673949812731749 ], [ -7.228158096485584, 41.673949812731749 ], [ -7.228158096485584, 41.674377696926349 ], [ -7.229638528420599, 41.674377696926349 ], [ -7.229638528420599, 41.674805578276505 ], [ -7.230378744388108, 41.674805578276505 ], [ -7.230378744388108, 41.675233456782202 ], [ -7.231118960355618, 41.675233456782202 ], [ -7.231118960355618, 41.674805578276505 ], [ -7.231859176323125, 41.674805578276505 ], [ -7.231859176323125, 41.674377696926349 ], [ -7.232599392290632, 41.674377696926349 ], [ -7.232599392290632, 41.672666143081322 ], [ -7.231859176323125, 41.672666143081322 ], [ -7.231859176323125, 41.670954543725458 ], [ -7.232599392290632, 41.670954543725458 ], [ -7.232599392290632, 41.669242898859089 ], [ -7.233339608258142, 41.669242898859089 ], [ -7.233339608258142, 41.667959135343217 ], [ -7.234079824225649, 41.667959135343217 ], [ -7.234079824225649, 41.667531208482515 ], [ -7.234820040193158, 41.667531208482515 ], [ -7.234820040193158, 41.667103278777439 ], [ -7.236300472128176, 41.667103278777439 ], [ -7.236300472128176, 41.666675346228011 ], [ -7.237040688095683, 41.666675346228011 ], [ -7.237040688095683, 41.66624741083421 ], [ -7.2385211200307, 41.66624741083421 ], [ -7.2385211200307, 41.666675346228011 ], [ -7.239261335998209, 41.666675346228011 ], [ -7.239261335998209, 41.667103278777439 ], [ -7.240741767933224, 41.667103278777439 ], [ -7.240741767933224, 41.667531208482515 ], [ -7.241481983900733, 41.667531208482515 ], [ -7.241481983900733, 41.667959135343217 ], [ -7.242222199868242, 41.667959135343217 ], [ -7.242222199868242, 41.669670814342268 ], [ -7.242962415835749, 41.669670814342268 ], [ -7.242962415835749, 41.671382447831043 ], [ -7.248143927608307, 41.671382447831043 ], [ -7.248143927608307, 41.671810349092219 ], [ -7.252585223413358, 41.671810349092219 ], [ -7.252585223413358, 41.670526636775463 ], [ -7.253325439380866, 41.670526636775463 ], [ -7.253325439380866, 41.667531208482515 ], [ -7.254065655348375, 41.667531208482515 ], [ -7.254065655348375, 41.666675346228011 ], [ -7.255546087283391, 41.666675346228011 ], [ -7.255546087283391, 41.66624741083421 ], [ -7.2562863032509, 41.66624741083421 ], [ -7.2562863032509, 41.66581947259607 ], [ -7.257766735185917, 41.66581947259607 ], [ -7.257766735185917, 41.665391531513578 ], [ -7.258506951153424, 41.665391531513578 ], [ -7.258506951153424, 41.66496358758674 ], [ -7.259987383088441, 41.66496358758674 ], [ -7.259987383088441, 41.664535640815579 ], [ -7.26072759905595, 41.664535640815579 ], [ -7.26072759905595, 41.664107691200066 ], [ -7.262208030990966, 41.664107691200066 ], [ -7.262208030990966, 41.658116097930872 ], [ -7.261467815023457, 41.658116097930872 ], [ -7.261467815023457, 41.658544087366508 ], [ -7.26072759905595, 41.658544087366508 ], [ -7.26072759905595, 41.659400057705 ], [ -7.259987383088441, 41.659400057705 ], [ -7.259987383088441, 41.65982803860782 ], [ -7.255546087283391, 41.65982803860782 ], [ -7.255546087283391, 41.660256016666388 ], [ -7.254805871315884, 41.660256016666388 ], [ -7.254805871315884, 41.660683991880653 ], [ -7.254065655348375, 41.660683991880653 ], [ -7.254065655348375, 41.661111964250644 ], [ -7.252585223413358, 41.661111964250644 ], [ -7.252585223413358, 41.661539933776339 ], [ -7.250364575510833, 41.661539933776339 ], [ -7.250364575510833, 41.661111964250644 ], [ -7.249624359543326, 41.661111964250644 ], [ -7.249624359543326, 41.660683991880653 ], [ -7.248884143575816, 41.660683991880653 ], [ -7.248884143575816, 41.65982803860782 ], [ -7.248143927608307, 41.65982803860782 ], [ -7.248143927608307, 41.659400057705 ], [ -7.2474037116408, 41.659400057705 ], [ -7.2474037116408, 41.658972073957891 ], [ -7.246663495673292, 41.658972073957891 ], [ -7.246663495673292, 41.65340802641893 ], [ -7.2474037116408, 41.65340802641893 ], [ -7.2474037116408, 41.652980002852523 ], [ -7.248143927608307, 41.652980002852523 ], [ -7.248143927608307, 41.651695915088148 ], [ -7.2474037116408, 41.651695915088148 ], [ -7.2474037116408, 41.651267880144985 ], [ -7.246663495673292, 41.651267880144985 ], [ -7.246663495673292, 41.650839842357641 ], [ -7.245923279705783, 41.650839842357641 ], [ -7.245923279705783, 41.650411801726115 ], [ -7.244442847770767, 41.650411801726115 ], [ -7.244442847770767, 41.650839842357641 ], [ -7.242222199868242, 41.650839842357641 ], [ -7.242222199868242, 41.651267880144985 ], [ -7.239261335998209, 41.651267880144985 ], [ -7.239261335998209, 41.651695915088148 ], [ -7.235560256160666, 41.651695915088148 ], [ -7.235560256160666, 41.651267880144985 ], [ -7.234820040193158, 41.651267880144985 ], [ -7.234820040193158, 41.650411801726115 ], [ -7.234079824225649, 41.650411801726115 ], [ -7.234079824225649, 41.649555711930574 ], [ -7.233339608258142, 41.649555711930574 ], [ -7.233339608258142, 41.648699610758413 ], [ -7.232599392290632, 41.648699610758413 ], [ -7.232599392290632, 41.648271555906099 ], [ -7.228898312453092, 41.648271555906099 ], [ -7.228898312453092, 41.647843498209653 ], [ -7.227417880518075, 41.647843498209653 ], [ -7.227417880518075, 41.646987374284336 ], [ -7.226677664550566, 41.646987374284336 ], [ -7.226677664550566, 41.646559308055487 ], [ -7.225937448583058, 41.646559308055487 ], [ -7.225937448583058, 41.646131238982505 ], [ -7.222236368745516, 41.646131238982505 ], [ -7.222236368745516, 41.646559308055487 ], [ -7.220755936810501, 41.646559308055487 ], [ -7.220755936810501, 41.646131238982505 ], [ -7.220015720842992, 41.646131238982505 ], [ -7.220015720842992, 41.64570316706542 ], [ -7.219275504875482, 41.64570316706542 ], [ -7.219275504875482, 41.64527509230421 ], [ -7.218535288907975, 41.64527509230421 ], [ -7.218535288907975, 41.644847014698897 ], [ -7.217795072940467, 41.644847014698897 ], [ -7.217795072940467, 41.644418934249479 ], [ -7.217054856972958, 41.644418934249479 ], [ -7.217054856972958, 41.643990850955952 ], [ -7.21631464100545, 41.643990850955952 ], [ -7.21631464100545, 41.643562764818363 ], [ -7.215574425037941, 41.643562764818363 ], [ -7.215574425037941, 41.643134675836656 ], [ -7.214834209070432, 41.643134675836656 ], [ -7.214834209070432, 41.642706584010881 ], [ -7.214093993102924, 41.642706584010881 ], [ -7.214093993102924, 41.641850391827084 ], [ -7.213353777135417, 41.641850391827084 ], [ -7.213353777135417, 41.63756926026484 ], [ -7.214093993102924, 41.63756926026484 ], [ -7.214093993102924, 41.637141131466429 ], [ -7.214834209070432, 41.637141131466429 ], [ -7.214834209070432, 41.636284865337586 ], [ -7.215574425037941, 41.636284865337586 ], [ -7.215574425037941, 41.63542858783272 ], [ -7.21631464100545, 41.63542858783272 ], [ -7.21631464100545, 41.635000444814295 ], [ -7.219275504875482, 41.635000444814295 ], [ -7.219275504875482, 41.63542858783272 ], [ -7.220755936810501, 41.63542858783272 ], [ -7.220755936810501, 41.635856728007148 ], [ -7.222976584713025, 41.635856728007148 ], [ -7.222976584713025, 41.636284865337586 ], [ -7.224457016648041, 41.636284865337586 ], [ -7.224457016648041, 41.636712999824013 ], [ -7.225197232615549, 41.636712999824013 ], [ -7.225197232615549, 41.633715998695116 ], [ -7.225937448583058, 41.633715998695116 ], [ -7.225937448583058, 41.633287844300781 ], [ -7.226677664550566, 41.633287844300781 ], [ -7.226677664550566, 41.632431526980191 ], [ -7.227417880518075, 41.632431526980191 ], [ -7.227417880518075, 41.631575198283777 ], [ -7.232599392290632, 41.631575198283777 ], [ -7.232599392290632, 41.631147029669641 ], [ -7.2385211200307, 41.631147029669641 ], [ -7.2385211200307, 41.62643698721503 ], [ -7.239261335998209, 41.62643698721503 ], [ -7.239261335998209, 41.625152370460036 ], [ -7.240001551965716, 41.625152370460036 ], [ -7.240001551965716, 41.624724159187288 ], [ -7.240741767933224, 41.624724159187288 ], [ -7.240741767933224, 41.624295945070664 ], [ -7.241481983900733, 41.624295945070664 ], [ -7.241481983900733, 41.623867728110199 ], [ -7.242222199868242, 41.623867728110199 ], [ -7.242222199868242, 41.623011285657654 ], [ -7.242962415835749, 41.623011285657654 ], [ -7.242962415835749, 41.622583060165631 ], [ -7.243702631803258, 41.622583060165631 ], [ -7.243702631803258, 41.620441890047907 ], [ -7.244442847770767, 41.620441890047907 ], [ -7.244442847770767, 41.61958540209406 ], [ -7.242962415835749, 41.61958540209406 ], [ -7.242962415835749, 41.619157153851425 ], [ -7.239261335998209, 41.619157153851425 ], [ -7.239261335998209, 41.618728902764992 ], [ -7.235560256160666, 41.618728902764992 ], [ -7.235560256160666, 41.618300648834762 ], [ -7.234079824225649, 41.618300648834762 ], [ -7.234079824225649, 41.61744413244292 ], [ -7.233339608258142, 41.61744413244292 ], [ -7.233339608258142, 41.616159336526813 ], [ -7.232599392290632, 41.616159336526813 ], [ -7.232599392290632, 41.615302791697232 ], [ -7.231859176323125, 41.615302791697232 ], [ -7.231859176323125, 41.614017953124694 ], [ -7.231118960355618, 41.614017953124694 ], [ -7.231118960355618, 41.611876498629051 ], [ -7.231859176323125, 41.611876498629051 ], [ -7.231859176323125, 41.608450023563023 ], [ -7.232599392290632, 41.608450023563023 ], [ -7.232599392290632, 41.607165048492476 ], [ -7.233339608258142, 41.607165048492476 ], [ -7.233339608258142, 41.606308384227134 ], [ -7.234079824225649, 41.606308384227134 ], [ -7.234079824225649, 41.605451708587189 ], [ -7.234820040193158, 41.605451708587189 ], [ -7.234820040193158, 41.604595021572678 ], [ -7.235560256160666, 41.604595021572678 ], [ -7.235560256160666, 41.603738323183656 ], [ -7.236300472128176, 41.603738323183656 ], [ -7.236300472128176, 41.60245325427298 ], [ -7.237040688095683, 41.60245325427298 ], [ -7.237040688095683, 41.601596527447825 ], [ -7.237780904063192, 41.601596527447825 ], [ -7.237780904063192, 41.600739789248294 ], [ -7.2385211200307, 41.600739789248294 ], [ -7.2385211200307, 41.599883039674424 ], [ -7.239261335998209, 41.599883039674424 ], [ -7.239261335998209, 41.596027525835645 ], [ -7.240001551965716, 41.596027525835645 ], [ -7.240001551965716, 41.593885474179245 ], [ -7.239261335998209, 41.593885474179245 ], [ -7.239261335998209, 41.592600209063328 ], [ -7.2385211200307, 41.592600209063328 ], [ -7.2385211200307, 41.591314918356012 ], [ -7.237780904063192, 41.591314918356012 ], [ -7.237780904063192, 41.590029602057442 ], [ -7.237040688095683, 41.590029602057442 ], [ -7.237040688095683, 41.587887351357395 ], [ -7.237780904063192, 41.587887351357395 ], [ -7.237780904063192, 41.58660196681614 ], [ -7.2385211200307, 41.58660196681614 ], [ -7.2385211200307, 41.585745029571548 ], [ -7.239261335998209, 41.585745029571548 ], [ -7.239261335998209, 41.584459602379113 ], [ -7.240001551965716, 41.584459602379113 ], [ -7.240001551965716, 41.584031120961519 ], [ -7.248884143575816, 41.584031120961519 ], [ -7.248884143575816, 41.582745659648417 ], [ -7.249624359543326, 41.582745659648417 ], [ -7.249624359543326, 41.581031671423787 ], [ -7.250364575510833, 41.581031671423787 ], [ -7.250364575510833, 41.580603167259234 ], [ -7.25110479147834, 41.580603167259234 ], [ -7.25110479147834, 41.580174660251338 ], [ -7.25184500744585, 41.580174660251338 ], [ -7.25184500744585, 41.579746150400098 ], [ -7.253325439380866, 41.579746150400098 ], [ -7.253325439380866, 41.579317637705529 ], [ -7.255546087283391, 41.579317637705529 ], [ -7.255546087283391, 41.579746150400098 ], [ -7.2562863032509, 41.579746150400098 ], [ -7.2562863032509, 41.580174660251338 ], [ -7.257026519218409, 41.580174660251338 ], [ -7.257026519218409, 41.580603167259234 ], [ -7.258506951153424, 41.580603167259234 ], [ -7.258506951153424, 41.581460172744983 ], [ -7.259247167120933, 41.581460172744983 ], [ -7.259247167120933, 41.582745659648417 ], [ -7.259987383088441, 41.582745659648417 ], [ -7.259987383088441, 41.583602636700533 ], [ -7.26072759905595, 41.583602636700533 ], [ -7.26072759905595, 41.584888080953327 ], [ -7.261467815023457, 41.584888080953327 ], [ -7.261467815023457, 41.585745029571548 ], [ -7.262208030990966, 41.585745029571548 ], [ -7.262208030990966, 41.587887351357395 ], [ -7.262948246958475, 41.587887351357395 ], [ -7.262948246958475, 41.590029602057442 ], [ -7.263688462925984, 41.590029602057442 ], [ -7.263688462925984, 41.592171781671034 ], [ -7.264428678893493, 41.592171781671034 ], [ -7.264428678893493, 41.593028633612121 ], [ -7.263688462925984, 41.593028633612121 ], [ -7.263688462925984, 41.595170713703631 ], [ -7.262948246958475, 41.595170713703631 ], [ -7.262948246958475, 41.599454660622115 ], [ -7.263688462925984, 41.599454660622115 ], [ -7.263688462925984, 41.606308384227134 ], [ -7.262948246958475, 41.606308384227134 ], [ -7.262948246958475, 41.60802170138318 ], [ -7.262208030990966, 41.60802170138318 ], [ -7.262208030990966, 41.608878342899196 ], [ -7.26072759905595, 41.608878342899196 ], [ -7.26072759905595, 41.609306659391692 ], [ -7.259987383088441, 41.609306659391692 ], [ -7.259987383088441, 41.609734973040496 ], [ -7.259247167120933, 41.609734973040496 ], [ -7.259247167120933, 41.610163283845608 ], [ -7.258506951153424, 41.610163283845608 ], [ -7.258506951153424, 41.611448199198755 ], [ -7.262208030990966, 41.611448199198755 ], [ -7.262208030990966, 41.611876498629051 ], [ -7.271090622601067, 41.611876498629051 ], [ -7.271090622601067, 41.612304795215636 ], [ -7.271830838568575, 41.612304795215636 ], [ -7.271830838568575, 41.612733088958493 ], [ -7.272571054536084, 41.612733088958493 ], [ -7.272571054536084, 41.613161379857637 ], [ -7.273311270503592, 41.613161379857637 ], [ -7.273311270503592, 41.613589667913033 ], [ -7.274051486471099, 41.613589667913033 ], [ -7.274051486471099, 41.614017953124694 ], [ -7.274791702438608, 41.614017953124694 ], [ -7.274791702438608, 41.614446235492629 ], [ -7.277012350341132, 41.614446235492629 ], [ -7.277012350341132, 41.614017953124694 ], [ -7.279232998243658, 41.614017953124694 ], [ -7.279232998243658, 41.613589667913033 ], [ -7.280713430178675, 41.613589667913033 ], [ -7.280713430178675, 41.613161379857637 ], [ -7.283674294048708, 41.613161379857637 ], [ -7.283674294048708, 41.613589667913033 ], [ -7.284414510016216, 41.613589667913033 ], [ -7.284414510016216, 41.614446235492629 ], [ -7.285154725983725, 41.614446235492629 ], [ -7.285154725983725, 41.615302791697232 ], [ -7.285894941951232, 41.615302791697232 ], [ -7.285894941951232, 41.616159336526813 ], [ -7.286635157918742, 41.616159336526813 ], [ -7.286635157918742, 41.616587604675956 ], [ -7.287375373886249, 41.616587604675956 ], [ -7.287375373886249, 41.61744413244292 ], [ -7.288115589853758, 41.61744413244292 ], [ -7.288115589853758, 41.618300648834762 ], [ -7.288855805821266, 41.618300648834762 ], [ -7.288855805821266, 41.618728902764992 ], [ -7.290336237756283, 41.618728902764992 ], [ -7.290336237756283, 41.619157153851425 ], [ -7.2918166696913, 41.619157153851425 ], [ -7.2918166696913, 41.61958540209406 ], [ -7.294037317593825, 41.61958540209406 ], [ -7.294037317593825, 41.620870129759105 ], [ -7.294777533561333, 41.620870129759105 ], [ -7.294777533561333, 41.623011285657654 ], [ -7.29551774952884, 41.623011285657654 ], [ -7.29551774952884, 41.625152370460036 ], [ -7.294777533561333, 41.625152370460036 ], [ -7.294777533561333, 41.629006143939918 ], [ -7.29551774952884, 41.629006143939918 ], [ -7.29551774952884, 41.629434326773719 ], [ -7.296257965496349, 41.629434326773719 ], [ -7.296257965496349, 41.629006143939918 ], [ -7.296998181463858, 41.629006143939918 ], [ -7.296998181463858, 41.628577958262206 ], [ -7.297738397431368, 41.628577958262206 ], [ -7.297738397431368, 41.628149769740574 ], [ -7.298478613398874, 41.628149769740574 ], [ -7.298478613398874, 41.627721578375045 ], [ -7.299959045333891, 41.627721578375045 ], [ -7.299959045333891, 41.627293384165597 ], [ -7.3006992613014, 41.627293384165597 ], [ -7.3006992613014, 41.626865187112266 ], [ -7.301439477268909, 41.626865187112266 ], [ -7.301439477268909, 41.62643698721503 ], [ -7.302179693236416, 41.62643698721503 ], [ -7.302179693236416, 41.62600878447391 ], [ -7.302919909203924, 41.62600878447391 ], [ -7.302919909203924, 41.625580578888915 ], [ -7.303660125171433, 41.625580578888915 ], [ -7.303660125171433, 41.625152370460036 ], [ -7.30514055710645, 41.625152370460036 ], [ -7.30514055710645, 41.624724159187288 ], [ -7.305880773073959, 41.624724159187288 ], [ -7.305880773073959, 41.624295945070664 ], [ -7.307361205008974, 41.624295945070664 ], [ -7.307361205008974, 41.624724159187288 ], [ -7.310322068879008, 41.624724159187288 ], [ -7.310322068879008, 41.625152370460036 ], [ -7.311062284846517, 41.625152370460036 ], [ -7.311062284846517, 41.625580578888915 ], [ -7.311802500814026, 41.625580578888915 ], [ -7.311802500814026, 41.62643698721503 ], [ -7.312542716781533, 41.62643698721503 ], [ -7.312542716781533, 41.626865187112266 ], [ -7.313282932749041, 41.626865187112266 ], [ -7.313282932749041, 41.627293384165597 ], [ -7.31402314871655, 41.627293384165597 ], [ -7.31402314871655, 41.627721578375045 ], [ -7.314763364684058, 41.627721578375045 ], [ -7.314763364684058, 41.628577958262206 ], [ -7.315503580651567, 41.628577958262206 ], [ -7.315503580651567, 41.629006143939918 ], [ -7.316243796619077, 41.629006143939918 ], [ -7.316243796619077, 41.629434326773719 ], [ -7.317724228554091, 41.629434326773719 ], [ -7.317724228554091, 41.629006143939918 ], [ -7.319944876456617, 41.629006143939918 ], [ -7.319944876456617, 41.628577958262206 ], [ -7.322165524359141, 41.628577958262206 ], [ -7.322165524359141, 41.628149769740574 ], [ -7.325126388229175, 41.628149769740574 ], [ -7.325126388229175, 41.627721578375045 ], [ -7.326606820164192, 41.627721578375045 ], [ -7.326606820164192, 41.628149769740574 ], [ -7.328087252099208, 41.628149769740574 ], [ -7.328087252099208, 41.628577958262206 ], [ -7.328827468066716, 41.628577958262206 ], [ -7.328827468066716, 41.629006143939918 ], [ -7.33178833193675, 41.629006143939918 ], [ -7.33178833193675, 41.628577958262206 ], [ -7.334008979839275, 41.628577958262206 ], [ -7.334008979839275, 41.628149769740574 ], [ -7.335489411774292, 41.628149769740574 ], [ -7.335489411774292, 41.628577958262206 ], [ -7.336229627741799, 41.628577958262206 ], [ -7.336229627741799, 41.629006143939918 ], [ -7.336969843709308, 41.629006143939918 ], [ -7.336969843709308, 41.629434326773719 ], [ -7.337710059676816, 41.629434326773719 ], [ -7.337710059676816, 41.629862506763594 ], [ -7.338450275644325, 41.629862506763594 ], [ -7.338450275644325, 41.630290683909543 ], [ -7.339930707579341, 41.630290683909543 ], [ -7.339930707579341, 41.629862506763594 ], [ -7.34067092354685, 41.629862506763594 ], [ -7.34067092354685, 41.629434326773719 ], [ -7.341411139514359, 41.629434326773719 ], [ -7.341411139514359, 41.629006143939918 ], [ -7.342151355481866, 41.629006143939918 ], [ -7.342151355481866, 41.628577958262206 ], [ -7.343631787416883, 41.628577958262206 ], [ -7.343631787416883, 41.629006143939918 ], [ -7.344372003384392, 41.629006143939918 ], [ -7.344372003384392, 41.629434326773719 ], [ -7.345852435319407, 41.629434326773719 ], [ -7.345852435319407, 41.629862506763594 ], [ -7.346592651286916, 41.629862506763594 ], [ -7.346592651286916, 41.630290683909543 ], [ -7.347332867254425, 41.630290683909543 ], [ -7.347332867254425, 41.631575198283777 ], [ -7.348073083221933, 41.631575198283777 ], [ -7.348073083221933, 41.632859687062464 ], [ -7.348813299189442, 41.632859687062464 ], [ -7.348813299189442, 41.633715998695116 ], [ -7.34955351515695, 41.633715998695116 ], [ -7.34955351515695, 41.634144150245497 ], [ -7.350293731124458, 41.634144150245497 ], [ -7.350293731124458, 41.634572298951888 ], [ -7.351033947091967, 41.634572298951888 ], [ -7.351033947091967, 41.635000444814295 ], [ -7.351774163059476, 41.635000444814295 ], [ -7.351774163059476, 41.63542858783272 ], [ -7.352514379026983, 41.63542858783272 ], [ -7.352514379026983, 41.635856728007148 ], [ -7.353254594994493, 41.635856728007148 ], [ -7.353254594994493, 41.636284865337586 ], [ -7.353994810962, 41.636284865337586 ], [ -7.353994810962, 41.636712999824013 ], [ -7.354735026929507, 41.636712999824013 ], [ -7.354735026929507, 41.63756926026484 ], [ -7.355475242897016, 41.63756926026484 ], [ -7.355475242897016, 41.644847014698897 ], [ -7.354735026929507, 41.644847014698897 ], [ -7.354735026929507, 41.64527509230421 ], [ -7.353994810962, 41.64527509230421 ], [ -7.353994810962, 41.64570316706542 ], [ -7.353254594994493, 41.64570316706542 ], [ -7.353254594994493, 41.646559308055487 ], [ -7.352514379026983, 41.646559308055487 ], [ -7.352514379026983, 41.646987374284336 ], [ -7.351774163059476, 41.646987374284336 ], [ -7.351774163059476, 41.648271555906099 ], [ -7.352514379026983, 41.648271555906099 ], [ -7.352514379026983, 41.652123947187128 ], [ -7.353254594994493, 41.652123947187128 ], [ -7.353254594994493, 41.655548101587804 ], [ -7.352514379026983, 41.655548101587804 ], [ -7.352514379026983, 41.655976108088915 ], [ -7.351774163059476, 41.655976108088915 ], [ -7.351774163059476, 41.656404111745786 ], [ -7.351033947091967, 41.656404111745786 ], [ -7.351033947091967, 41.656832112558433 ], [ -7.350293731124458, 41.656832112558433 ], [ -7.350293731124458, 41.657260110526828 ], [ -7.34955351515695, 41.657260110526828 ], [ -7.34955351515695, 41.657688105650976 ], [ -7.348813299189442, 41.657688105650976 ], [ -7.348813299189442, 41.658116097930872 ], [ -7.348073083221933, 41.658116097930872 ], [ -7.348073083221933, 41.658544087366508 ], [ -7.347332867254425, 41.658544087366508 ], [ -7.347332867254425, 41.658972073957891 ], [ -7.345852435319407, 41.658972073957891 ], [ -7.345852435319407, 41.658544087366508 ], [ -7.344372003384392, 41.658544087366508 ], [ -7.344372003384392, 41.658116097930872 ], [ -7.343631787416883, 41.658116097930872 ], [ -7.343631787416883, 41.657688105650976 ], [ -7.342151355481866, 41.657688105650976 ], [ -7.342151355481866, 41.656404111745786 ], [ -7.341411139514359, 41.656404111745786 ], [ -7.341411139514359, 41.654692080052904 ], [ -7.339930707579341, 41.654692080052904 ], [ -7.339930707579341, 41.65512009224247 ], [ -7.337710059676816, 41.65512009224247 ], [ -7.337710059676816, 41.655548101587804 ], [ -7.335489411774292, 41.655548101587804 ], [ -7.335489411774292, 41.655976108088915 ], [ -7.334749195806785, 41.655976108088915 ], [ -7.334749195806785, 41.656832112558433 ], [ -7.334008979839275, 41.656832112558433 ], [ -7.334008979839275, 41.657688105650976 ], [ -7.333268763871766, 41.657688105650976 ], [ -7.333268763871766, 41.658544087366508 ], [ -7.332528547904259, 41.658544087366508 ], [ -7.332528547904259, 41.659400057705 ], [ -7.33178833193675, 41.659400057705 ], [ -7.33178833193675, 41.660256016666388 ], [ -7.331048115969241, 41.660256016666388 ], [ -7.331048115969241, 41.661111964250644 ], [ -7.330307900001734, 41.661111964250644 ], [ -7.330307900001734, 41.661967900457732 ], [ -7.329567684034225, 41.661967900457732 ], [ -7.329567684034225, 41.66239586429483 ], [ -7.327347036131699, 41.66239586429483 ], [ -7.327347036131699, 41.661967900457732 ], [ -7.323645956294158, 41.661967900457732 ], [ -7.323645956294158, 41.661539933776339 ], [ -7.319204660489108, 41.661539933776339 ], [ -7.319204660489108, 41.661111964250644 ], [ -7.316984012586582, 41.661111964250644 ], [ -7.316984012586582, 41.661539933776339 ], [ -7.316243796619077, 41.661539933776339 ], [ -7.316243796619077, 41.66239586429483 ], [ -7.315503580651567, 41.66239586429483 ], [ -7.315503580651567, 41.663251783436081 ], [ -7.310322068879008, 41.663251783436081 ], [ -7.310322068879008, 41.66282382528761 ], [ -7.3095818529115, 41.66282382528761 ], [ -7.3095818529115, 41.661967900457732 ], [ -7.308841636943991, 41.661967900457732 ], [ -7.308841636943991, 41.660683991880653 ], [ -7.308101420976484, 41.660683991880653 ], [ -7.308101420976484, 41.65982803860782 ] ], [ [ -7.313282932749041, 41.643134675836656 ], [ -7.313282932749041, 41.643562764818363 ], [ -7.311802500814026, 41.643562764818363 ], [ -7.311802500814026, 41.643990850955952 ], [ -7.312542716781533, 41.643990850955952 ], [ -7.312542716781533, 41.644418934249479 ], [ -7.314763364684058, 41.644418934249479 ], [ -7.314763364684058, 41.644847014698897 ], [ -7.317724228554091, 41.644847014698897 ], [ -7.317724228554091, 41.644418934249479 ], [ -7.316984012586582, 41.644418934249479 ], [ -7.316984012586582, 41.643134675836656 ], [ -7.315503580651567, 41.643134675836656 ], [ -7.315503580651567, 41.642706584010881 ], [ -7.314763364684058, 41.642706584010881 ], [ -7.314763364684058, 41.643134675836656 ], [ -7.313282932749041, 41.643134675836656 ] ], [ [ -7.288115589853758, 41.640994188267015 ], [ -7.286635157918742, 41.640994188267015 ], [ -7.286635157918742, 41.641422291469091 ], [ -7.288115589853758, 41.641422291469091 ], [ -7.288115589853758, 41.641850391827084 ], [ -7.288855805821266, 41.641850391827084 ], [ -7.288855805821266, 41.6405660822209 ], [ -7.288115589853758, 41.6405660822209 ], [ -7.288115589853758, 41.640994188267015 ] ], [ [ -7.26072759905595, 41.650411801726115 ], [ -7.26072759905595, 41.649983758250436 ], [ -7.259987383088441, 41.649983758250436 ], [ -7.259987383088441, 41.650411801726115 ], [ -7.26072759905595, 41.650411801726115 ] ], [ [ -7.259987383088441, 41.649555711930574 ], [ -7.259247167120933, 41.649555711930574 ], [ -7.259247167120933, 41.649983758250436 ], [ -7.259987383088441, 41.649983758250436 ], [ -7.259987383088441, 41.649555711930574 ] ], [ [ -7.26072759905595, 41.650839842357641 ], [ -7.26072759905595, 41.651267880144985 ], [ -7.261467815023457, 41.651267880144985 ], [ -7.261467815023457, 41.650839842357641 ], [ -7.26072759905595, 41.650839842357641 ] ], [ [ -7.261467815023457, 41.651695915088148 ], [ -7.262208030990966, 41.651695915088148 ], [ -7.262208030990966, 41.652123947187128 ], [ -7.262948246958475, 41.652123947187128 ], [ -7.262948246958475, 41.656404111745786 ], [ -7.263688462925984, 41.656404111745786 ], [ -7.263688462925984, 41.65512009224247 ], [ -7.264428678893493, 41.65512009224247 ], [ -7.264428678893493, 41.65426406501912 ], [ -7.265168894861, 41.65426406501912 ], [ -7.265168894861, 41.65340802641893 ], [ -7.265909110828508, 41.65340802641893 ], [ -7.265909110828508, 41.652551976441927 ], [ -7.266649326796015, 41.652551976441927 ], [ -7.266649326796015, 41.651695915088148 ], [ -7.265168894861, 41.651695915088148 ], [ -7.265168894861, 41.651267880144985 ], [ -7.261467815023457, 41.651267880144985 ], [ -7.261467815023457, 41.651695915088148 ] ], [ [ -7.264428678893493, 41.67822852667706 ], [ -7.264428678893493, 41.675233456782202 ], [ -7.263688462925984, 41.675233456782202 ], [ -7.263688462925984, 41.674805578276505 ], [ -7.262208030990966, 41.674805578276505 ], [ -7.262208030990966, 41.675233456782202 ], [ -7.259987383088441, 41.675233456782202 ], [ -7.259987383088441, 41.675661332443447 ], [ -7.257766735185917, 41.675661332443447 ], [ -7.257766735185917, 41.677372806643767 ], [ -7.259247167120933, 41.677372806643767 ], [ -7.259247167120933, 41.677800668082654 ], [ -7.259987383088441, 41.677800668082654 ], [ -7.259987383088441, 41.67822852667706 ], [ -7.261467815023457, 41.67822852667706 ], [ -7.261467815023457, 41.678656382426972 ], [ -7.262208030990966, 41.678656382426972 ], [ -7.262208030990966, 41.679084235332382 ], [ -7.263688462925984, 41.679084235332382 ], [ -7.263688462925984, 41.679512085393299 ], [ -7.265168894861, 41.679512085393299 ], [ -7.265168894861, 41.67822852667706 ], [ -7.264428678893493, 41.67822852667706 ] ], [ [ -7.286635157918742, 41.682934783477975 ], [ -7.286635157918742, 41.683790429553788 ], [ -7.285894941951232, 41.683790429553788 ], [ -7.285894941951232, 41.684218248324861 ], [ -7.287375373886249, 41.684218248324861 ], [ -7.287375373886249, 41.682934783477975 ], [ -7.286635157918742, 41.682934783477975 ] ], [ [ -7.194848377947709, 41.648271555906099 ], [ -7.194848377947709, 41.648699610758413 ], [ -7.195588593915216, 41.648699610758413 ], [ -7.195588593915216, 41.648271555906099 ], [ -7.194848377947709, 41.648271555906099 ] ], [ [ -7.195588593915216, 41.649983758250436 ], [ -7.196328809882724, 41.649983758250436 ], [ -7.196328809882724, 41.651267880144985 ], [ -7.197069025850233, 41.651267880144985 ], [ -7.197069025850233, 41.649127662766567 ], [ -7.196328809882724, 41.649127662766567 ], [ -7.196328809882724, 41.648699610758413 ], [ -7.195588593915216, 41.648699610758413 ], [ -7.195588593915216, 41.649983758250436 ] ], [ [ -7.2385211200307, 41.713730873645915 ], [ -7.239261335998209, 41.713730873645915 ], [ -7.239261335998209, 41.713303251161058 ], [ -7.240001551965716, 41.713303251161058 ], [ -7.240001551965716, 41.712875625831309 ], [ -7.242962415835749, 41.712875625831309 ], [ -7.242962415835749, 41.713303251161058 ], [ -7.243702631803258, 41.713303251161058 ], [ -7.243702631803258, 41.713730873645915 ], [ -7.244442847770767, 41.713730873645915 ], [ -7.244442847770767, 41.712875625831309 ], [ -7.245183063738274, 41.712875625831309 ], [ -7.245183063738274, 41.7107374565093 ], [ -7.245923279705783, 41.7107374565093 ], [ -7.245923279705783, 41.708599216065664 ], [ -7.246663495673292, 41.708599216065664 ], [ -7.246663495673292, 41.706460904501007 ], [ -7.2474037116408, 41.706460904501007 ], [ -7.2474037116408, 41.703894836744546 ], [ -7.245923279705783, 41.703894836744546 ], [ -7.245923279705783, 41.704322521815946 ], [ -7.243702631803258, 41.704322521815946 ], [ -7.243702631803258, 41.704750204042568 ], [ -7.241481983900733, 41.704750204042568 ], [ -7.241481983900733, 41.704322521815946 ], [ -7.240741767933224, 41.704322521815946 ], [ -7.240741767933224, 41.703894836744546 ], [ -7.240001551965716, 41.703894836744546 ], [ -7.240001551965716, 41.70303945806738 ], [ -7.239261335998209, 41.70303945806738 ], [ -7.239261335998209, 41.702611764461622 ], [ -7.2385211200307, 41.702611764461622 ], [ -7.2385211200307, 41.701756368715799 ], [ -7.237780904063192, 41.701756368715799 ], [ -7.237780904063192, 41.701328666575741 ], [ -7.237040688095683, 41.701328666575741 ], [ -7.237040688095683, 41.700900961590932 ], [ -7.236300472128176, 41.700900961590932 ], [ -7.236300472128176, 41.700045543087057 ], [ -7.235560256160666, 41.700045543087057 ], [ -7.235560256160666, 41.699617829567998 ], [ -7.234820040193158, 41.699617829567998 ], [ -7.234820040193158, 41.698762393995679 ], [ -7.234079824225649, 41.698762393995679 ], [ -7.234079824225649, 41.698334671942419 ], [ -7.233339608258142, 41.698334671942419 ], [ -7.233339608258142, 41.697051488714337 ], [ -7.232599392290632, 41.697051488714337 ], [ -7.232599392290632, 41.695340537917666 ], [ -7.231859176323125, 41.695340537917666 ], [ -7.231859176323125, 41.693201785416385 ], [ -7.231118960355618, 41.693201785416385 ], [ -7.231118960355618, 41.692774026382118 ], [ -7.231859176323125, 41.692774026382118 ], [ -7.231859176323125, 41.691062961798494 ], [ -7.231118960355618, 41.691062961798494 ], [ -7.231118960355618, 41.691490732211371 ], [ -7.230378744388108, 41.691490732211371 ], [ -7.230378744388108, 41.691918499779597 ], [ -7.229638528420599, 41.691918499779597 ], [ -7.229638528420599, 41.692774026382118 ], [ -7.228898312453092, 41.692774026382118 ], [ -7.228898312453092, 41.693201785416385 ], [ -7.228158096485584, 41.693201785416385 ], [ -7.228158096485584, 41.693629541605993 ], [ -7.227417880518075, 41.693629541605993 ], [ -7.227417880518075, 41.694485045451188 ], [ -7.226677664550566, 41.694485045451188 ], [ -7.226677664550566, 41.694912793106781 ], [ -7.225937448583058, 41.694912793106781 ], [ -7.225937448583058, 41.695340537917666 ], [ -7.225197232615549, 41.695340537917666 ], [ -7.225197232615549, 41.695768279883893 ], [ -7.224457016648041, 41.695768279883893 ], [ -7.224457016648041, 41.696196019005406 ], [ -7.223716800680534, 41.696196019005406 ], [ -7.223716800680534, 41.696623755282225 ], [ -7.221496152778008, 41.696623755282225 ], [ -7.221496152778008, 41.697051488714337 ], [ -7.220015720842992, 41.697051488714337 ], [ -7.220015720842992, 41.697479219301755 ], [ -7.218535288907975, 41.697479219301755 ], [ -7.218535288907975, 41.697906947044451 ], [ -7.215574425037941, 41.697906947044451 ], [ -7.215574425037941, 41.697479219301755 ], [ -7.214834209070432, 41.697479219301755 ], [ -7.214834209070432, 41.697051488714337 ], [ -7.214093993102924, 41.697051488714337 ], [ -7.214093993102924, 41.696623755282225 ], [ -7.213353777135417, 41.696623755282225 ], [ -7.213353777135417, 41.698762393995679 ], [ -7.214093993102924, 41.698762393995679 ], [ -7.214093993102924, 41.699617829567998 ], [ -7.21631464100545, 41.699617829567998 ], [ -7.21631464100545, 41.700045543087057 ], [ -7.220755936810501, 41.700045543087057 ], [ -7.220755936810501, 41.700473253761366 ], [ -7.221496152778008, 41.700473253761366 ], [ -7.221496152778008, 41.700900961590932 ], [ -7.222236368745516, 41.700900961590932 ], [ -7.222236368745516, 41.701328666575741 ], [ -7.222976584713025, 41.701328666575741 ], [ -7.222976584713025, 41.7021840680111 ], [ -7.223716800680534, 41.7021840680111 ], [ -7.223716800680534, 41.70303945806738 ], [ -7.224457016648041, 41.70303945806738 ], [ -7.224457016648041, 41.704322521815946 ], [ -7.225197232615549, 41.704322521815946 ], [ -7.225197232615549, 41.705605559961398 ], [ -7.225937448583058, 41.705605559961398 ], [ -7.225937448583058, 41.70731623766136 ], [ -7.226677664550566, 41.70731623766136 ], [ -7.226677664550566, 41.708599216065664 ], [ -7.227417880518075, 41.708599216065664 ], [ -7.227417880518075, 41.709882168866415 ], [ -7.228158096485584, 41.709882168866415 ], [ -7.228158096485584, 41.711165096063461 ], [ -7.228898312453092, 41.711165096063461 ], [ -7.228898312453092, 41.712447997656668 ], [ -7.229638528420599, 41.712447997656668 ], [ -7.229638528420599, 41.714158493285865 ], [ -7.230378744388108, 41.714158493285865 ], [ -7.230378744388108, 41.713730873645915 ], [ -7.231118960355618, 41.713730873645915 ], [ -7.231118960355618, 41.713303251161058 ], [ -7.232599392290632, 41.713303251161058 ], [ -7.232599392290632, 41.712875625831309 ], [ -7.234079824225649, 41.712875625831309 ], [ -7.234079824225649, 41.713303251161058 ], [ -7.234820040193158, 41.713303251161058 ], [ -7.234820040193158, 41.713730873645915 ], [ -7.235560256160666, 41.713730873645915 ], [ -7.235560256160666, 41.714158493285865 ], [ -7.236300472128176, 41.714158493285865 ], [ -7.236300472128176, 41.714586110080923 ], [ -7.237780904063192, 41.714586110080923 ], [ -7.237780904063192, 41.714158493285865 ], [ -7.2385211200307, 41.714158493285865 ], [ -7.2385211200307, 41.713730873645915 ] ], [ [ -7.228898312453092, 41.721855160321667 ], [ -7.228898312453092, 41.722282725907597 ], [ -7.228158096485584, 41.722282725907597 ], [ -7.228158096485584, 41.724420511162222 ], [ -7.228898312453092, 41.724420511162222 ], [ -7.228898312453092, 41.726130688155543 ], [ -7.229638528420599, 41.726130688155543 ], [ -7.229638528420599, 41.721855160321667 ], [ -7.228898312453092, 41.721855160321667 ] ], [ [ -7.230378744388108, 41.73126094601033 ], [ -7.230378744388108, 41.729550905579913 ], [ -7.231118960355618, 41.729550905579913 ], [ -7.231118960355618, 41.727840819628213 ], [ -7.230378744388108, 41.727840819628213 ], [ -7.230378744388108, 41.726985759581986 ], [ -7.229638528420599, 41.726985759581986 ], [ -7.229638528420599, 41.728695868294203 ], [ -7.228898312453092, 41.728695868294203 ], [ -7.228898312453092, 41.730405931485301 ], [ -7.228158096485584, 41.730405931485301 ], [ -7.228158096485584, 41.731688449005198 ], [ -7.229638528420599, 41.731688449005198 ], [ -7.229638528420599, 41.73126094601033 ], [ -7.230378744388108, 41.73126094601033 ] ] ], [ [ [ -2.971176067345151, 42.340951315953333 ], [ -2.971176067345151, 42.336293493540119 ], [ -2.971916283312659, 42.336293493540119 ], [ -2.971916283312659, 42.335446579670005 ], [ -2.972656499280168, 42.335446579670005 ], [ -2.972656499280168, 42.335023118457926 ], [ -2.973396715247676, 42.335023118457926 ], [ -2.973396715247676, 42.33417618747977 ], [ -2.974136931215185, 42.33417618747977 ], [ -2.974136931215185, 42.333329245096294 ], [ -2.974877147182693, 42.333329245096294 ], [ -2.974877147182693, 42.332905769627565 ], [ -2.975617363150201, 42.332905769627565 ], [ -2.975617363150201, 42.332482291307521 ], [ -2.985240170727809, 42.332482291307521 ], [ -2.985240170727809, 42.333752717713701 ], [ -2.985980386695318, 42.333752717713701 ], [ -2.985980386695318, 42.335023118457926 ], [ -2.986720602662827, 42.335023118457926 ], [ -2.986720602662827, 42.335870038030734 ], [ -2.987460818630335, 42.335870038030734 ], [ -2.987460818630335, 42.337140396004827 ], [ -2.988201034597843, 42.337140396004827 ], [ -2.988201034597843, 42.338834166717923 ], [ -2.987460818630335, 42.338834166717923 ], [ -2.987460818630335, 42.344338606457306 ], [ -2.986720602662827, 42.344338606457306 ], [ -2.986720602662827, 42.3456087933479 ], [ -2.985980386695318, 42.3456087933479 ], [ -2.985980386695318, 42.346455570351104 ], [ -2.985240170727809, 42.346455570351104 ], [ -2.985240170727809, 42.346878954575544 ], [ -2.984499954760301, 42.346878954575544 ], [ -2.984499954760301, 42.34772571447008 ], [ -2.983759738792793, 42.34772571447008 ], [ -2.983759738792793, 42.348572462958785 ], [ -2.983019522825284, 42.348572462958785 ], [ -2.983019522825284, 42.348995832925951 ], [ -2.979318442987743, 42.348995832925951 ], [ -2.979318442987743, 42.348572462958785 ], [ -2.97635757911771, 42.348572462958785 ], [ -2.97635757911771, 42.348149090140176 ], [ -2.974877147182693, 42.348149090140176 ], [ -2.974877147182693, 42.34772571447008 ], [ -2.974136931215185, 42.34772571447008 ], [ -2.974136931215185, 42.346878954575544 ], [ -2.973396715247676, 42.346878954575544 ], [ -2.973396715247676, 42.34603218327522 ], [ -2.972656499280168, 42.34603218327522 ], [ -2.972656499280168, 42.3456087933479 ], [ -2.972656499280168, 42.345185400569129 ], [ -2.971916283312659, 42.345185400569129 ], [ -2.971916283312659, 42.340951315953333 ], [ -2.971176067345151, 42.340951315953333 ] ] ], [ [ [ -6.768483980662907, 42.560323590330576 ], [ -6.768483980662907, 42.559901646571909 ], [ -6.767743764695399, 42.559901646571909 ], [ -6.767743764695399, 42.559479699959915 ], [ -6.767003548727891, 42.559479699959915 ], [ -6.767003548727891, 42.559057750494581 ], [ -6.765523116792874, 42.559057750494581 ], [ -6.765523116792874, 42.558635798175914 ], [ -6.764782900825367, 42.558635798175914 ], [ -6.764782900825367, 42.558213843003912 ], [ -6.764042684857857, 42.558213843003912 ], [ -6.764042684857857, 42.557791884978592 ], [ -6.763302468890348, 42.557791884978592 ], [ -6.763302468890348, 42.556525993782721 ], [ -6.76256225292284, 42.556525993782721 ], [ -6.76256225292284, 42.554838098908569 ], [ -6.761822036955333, 42.554838098908569 ], [ -6.761822036955333, 42.551884173027034 ], [ -6.76256225292284, 42.551884173027034 ], [ -6.76256225292284, 42.54935212527954 ], [ -6.763302468890348, 42.54935212527954 ], [ -6.763302468890348, 42.547664036382848 ], [ -6.764042684857857, 42.547664036382848 ], [ -6.764042684857857, 42.547242007025581 ], [ -6.764782900825367, 42.547242007025581 ], [ -6.764782900825367, 42.546819974815079 ], [ -6.765523116792874, 42.546819974815079 ], [ -6.765523116792874, 42.546397939751351 ], [ -6.766263332760382, 42.546397939751351 ], [ -6.766263332760382, 42.545975901834403 ], [ -6.767003548727891, 42.545975901834403 ], [ -6.767003548727891, 42.545553861064228 ], [ -6.768483980662907, 42.545553861064228 ], [ -6.768483980662907, 42.54513181744084 ], [ -6.769224196630416, 42.54513181744084 ], [ -6.769224196630416, 42.545553861064228 ], [ -6.770704628565432, 42.545553861064228 ], [ -6.770704628565432, 42.545975901834403 ], [ -6.772925276467958, 42.545975901834403 ], [ -6.772925276467958, 42.546397939751351 ], [ -6.774405708402975, 42.546397939751351 ], [ -6.774405708402975, 42.546819974815079 ], [ -6.775145924370483, 42.546819974815079 ], [ -6.775145924370483, 42.548930107335231 ], [ -6.775886140337991, 42.548930107335231 ], [ -6.775886140337991, 42.551462172202271 ], [ -6.776626356305498, 42.551462172202271 ], [ -6.776626356305498, 42.553572147793325 ], [ -6.777366572273007, 42.553572147793325 ], [ -6.777366572273007, 42.557791884978592 ], [ -6.776626356305498, 42.557791884978592 ], [ -6.776626356305498, 42.559901646571909 ], [ -6.775886140337991, 42.559901646571909 ], [ -6.775886140337991, 42.560323590330576 ], [ -6.774405708402975, 42.560323590330576 ], [ -6.774405708402975, 42.560745531235895 ], [ -6.773665492435466, 42.560745531235895 ], [ -6.773665492435466, 42.561167469287867 ], [ -6.772925276467958, 42.561167469287867 ], [ -6.772925276467958, 42.561589404486483 ], [ -6.77144484453294, 42.561589404486483 ], [ -6.77144484453294, 42.561167469287867 ], [ -6.770704628565432, 42.561167469287867 ], [ -6.770704628565432, 42.560745531235895 ], [ -6.769224196630416, 42.560745531235895 ], [ -6.769224196630416, 42.560323590330576 ], [ -6.768483980662907, 42.560323590330576 ] ] ], [ [ [ -5.72255881857363, 43.535697187634213 ], [ -5.721818602606122, 43.535697187634213 ], [ -5.721818602606122, 43.535281900557365 ], [ -5.721078386638613, 43.535281900557365 ], [ -5.721078386638613, 43.534451317823752 ], [ -5.720338170671106, 43.534451317823752 ], [ -5.720338170671106, 43.53403602216698 ], [ -5.719597954703597, 43.53403602216698 ], [ -5.719597954703597, 43.533205422273518 ], [ -5.718857738736089, 43.533205422273518 ], [ -5.718857738736089, 43.532790118036843 ], [ -5.718117522768581, 43.532790118036843 ], [ -5.718117522768581, 43.531959500983589 ], [ -5.717377306801072, 43.531959500983589 ], [ -5.717377306801072, 43.531544188167018 ], [ -5.716637090833564, 43.531544188167018 ], [ -5.716637090833564, 43.531128872490477 ], [ -5.715896874866057, 43.531128872490477 ], [ -5.715896874866057, 43.526144861296039 ], [ -5.716637090833564, 43.526144861296039 ], [ -5.716637090833564, 43.524898794148825 ], [ -5.717377306801072, 43.524898794148825 ], [ -5.717377306801072, 43.523652701262279 ], [ -5.718117522768581, 43.523652701262279 ], [ -5.718117522768581, 43.521991204041377 ], [ -5.718857738736089, 43.521991204041377 ], [ -5.718857738736089, 43.520745051096618 ], [ -5.719597954703597, 43.520745051096618 ], [ -5.719597954703597, 43.519914268167263 ], [ -5.720338170671106, 43.519914268167263 ], [ -5.720338170671106, 43.519498872412733 ], [ -5.721818602606122, 43.519498872412733 ], [ -5.721818602606122, 43.519083473798304 ], [ -5.72255881857363, 43.519083473798304 ], [ -5.72255881857363, 43.518668072323983 ], [ -5.724039250508648, 43.518668072323983 ], [ -5.724039250508648, 43.517837260795666 ], [ -5.724779466476156, 43.517837260795666 ], [ -5.724779466476156, 43.517006437827789 ], [ -5.725519682443664, 43.517006437827789 ], [ -5.725519682443664, 43.516175603420372 ], [ -5.726259898411173, 43.516175603420372 ], [ -5.726259898411173, 43.514929330360154 ], [ -5.727000114378681, 43.514929330360154 ], [ -5.727000114378681, 43.514513900287 ], [ -5.728480546313697, 43.514513900287 ], [ -5.728480546313697, 43.514929330360154 ], [ -5.730701194216222, 43.514929330360154 ], [ -5.730701194216222, 43.51534475757343 ], [ -5.732921842118747, 43.51534475757343 ], [ -5.732921842118747, 43.515760181926844 ], [ -5.735142490021273, 43.515760181926844 ], [ -5.735142490021273, 43.516175603420372 ], [ -5.738103353891305, 43.516175603420372 ], [ -5.738103353891305, 43.516591022054023 ], [ -5.739583785826321, 43.516591022054023 ], [ -5.739583785826321, 43.517006437827789 ], [ -5.74032400179383, 43.517006437827789 ], [ -5.74032400179383, 43.517837260795666 ], [ -5.741064217761339, 43.517837260795666 ], [ -5.741064217761339, 43.519083473798304 ], [ -5.741804433728848, 43.519083473798304 ], [ -5.741804433728848, 43.520329661061893 ], [ -5.744025081631372, 43.520329661061893 ], [ -5.744025081631372, 43.519914268167263 ], [ -5.744765297598882, 43.519914268167263 ], [ -5.744765297598882, 43.519498872412733 ], [ -5.746245729533897, 43.519498872412733 ], [ -5.746245729533897, 43.519914268167263 ], [ -5.747726161468914, 43.519914268167263 ], [ -5.747726161468914, 43.520329661061893 ], [ -5.748466377436422, 43.520329661061893 ], [ -5.748466377436422, 43.520745051096618 ], [ -5.74920659340393, 43.520745051096618 ], [ -5.74920659340393, 43.521160438271444 ], [ -5.749946809371439, 43.521160438271444 ], [ -5.749946809371439, 43.522406582636464 ], [ -5.750687025338948, 43.522406582636464 ], [ -5.750687025338948, 43.524068068417712 ], [ -5.751427241306456, 43.524068068417712 ], [ -5.751427241306456, 43.525729508440229 ], [ -5.750687025338948, 43.525729508440229 ], [ -5.750687025338948, 43.527390902703871 ], [ -5.749946809371439, 43.527390902703871 ], [ -5.749946809371439, 43.528636918372264 ], [ -5.74920659340393, 43.528636918372264 ], [ -5.74920659340393, 43.529052251208505 ], [ -5.748466377436422, 43.529052251208505 ], [ -5.748466377436422, 43.529467581184797 ], [ -5.746985945501407, 43.529467581184797 ], [ -5.746985945501407, 43.529882908301154 ], [ -5.746245729533897, 43.529882908301154 ], [ -5.746245729533897, 43.530298232557548 ], [ -5.744765297598882, 43.530298232557548 ], [ -5.744765297598882, 43.529882908301154 ], [ -5.744025081631372, 43.529882908301154 ], [ -5.744025081631372, 43.529467581184797 ], [ -5.743284865663864, 43.529467581184797 ], [ -5.743284865663864, 43.529052251208505 ], [ -5.742544649696356, 43.529052251208505 ], [ -5.742544649696356, 43.528636918372264 ], [ -5.741804433728848, 43.528636918372264 ], [ -5.741804433728848, 43.529467581184797 ], [ -5.741064217761339, 43.529467581184797 ], [ -5.741064217761339, 43.530298232557548 ], [ -5.74032400179383, 43.530298232557548 ], [ -5.74032400179383, 43.531128872490477 ], [ -5.739583785826321, 43.531128872490477 ], [ -5.739583785826321, 43.53237481094019 ], [ -5.738843569858814, 43.53237481094019 ], [ -5.738843569858814, 43.533205422273518 ], [ -5.738103353891305, 43.533205422273518 ], [ -5.738103353891305, 43.53403602216698 ], [ -5.737363137923798, 43.53403602216698 ], [ -5.737363137923798, 43.534866610620547 ], [ -5.73662292195629, 43.534866610620547 ], [ -5.73662292195629, 43.535697187634213 ], [ -5.735142490021273, 43.535697187634213 ], [ -5.735142490021273, 43.536112471851069 ], [ -5.732921842118747, 43.536112471851069 ], [ -5.732921842118747, 43.536527753207956 ], [ -5.730701194216222, 43.536527753207956 ], [ -5.730701194216222, 43.536943031704851 ], [ -5.728480546313697, 43.536943031704851 ], [ -5.728480546313697, 43.537358307341755 ], [ -5.727000114378681, 43.537358307341755 ], [ -5.727000114378681, 43.536943031704851 ], [ -5.724039250508648, 43.536943031704851 ], [ -5.724039250508648, 43.536527753207956 ], [ -5.723299034541139, 43.536527753207956 ], [ -5.723299034541139, 43.536112471851069 ], [ -5.72255881857363, 43.536112471851069 ], [ -5.72255881857363, 43.535697187634213 ] ] ], [ [ [ -5.824708622089781, 43.546908857629347 ], [ -5.824708622089781, 43.54607843505606 ], [ -5.823968406122273, 43.54607843505606 ], [ -5.823968406122273, 43.545663219479366 ], [ -5.823228190154764, 43.545663219479366 ], [ -5.823228190154764, 43.544832779745889 ], [ -5.822487974187256, 43.544832779745889 ], [ -5.822487974187256, 43.544002328572311 ], [ -5.821747758219748, 43.544002328572311 ], [ -5.821747758219748, 43.543171865958641 ], [ -5.821007542252239, 43.543171865958641 ], [ -5.821007542252239, 43.542756630361758 ], [ -5.82026732628473, 43.542756630361758 ], [ -5.82026732628473, 43.541095659374164 ], [ -5.819527110317222, 43.541095659374164 ], [ -5.819527110317222, 43.539434642626411 ], [ -5.818786894349714, 43.539434642626411 ], [ -5.818786894349714, 43.538188850035603 ], [ -5.819527110317222, 43.538188850035603 ], [ -5.819527110317222, 43.536112471851069 ], [ -5.82026732628473, 43.536112471851069 ], [ -5.82026732628473, 43.534866610620547 ], [ -5.821007542252239, 43.534866610620547 ], [ -5.821007542252239, 43.534451317823752 ], [ -5.822487974187256, 43.534451317823752 ], [ -5.822487974187256, 43.53403602216698 ], [ -5.823228190154764, 43.53403602216698 ], [ -5.823228190154764, 43.533620723650237 ], [ -5.824708622089781, 43.533620723650237 ], [ -5.824708622089781, 43.533205422273518 ], [ -5.82544883805729, 43.533205422273518 ], [ -5.82544883805729, 43.532790118036843 ], [ -5.826189054024797, 43.532790118036843 ], [ -5.826189054024797, 43.53237481094019 ], [ -5.826929269992306, 43.53237481094019 ], [ -5.826929269992306, 43.531959500983589 ], [ -5.827669485959815, 43.531959500983589 ], [ -5.827669485959815, 43.531128872490477 ], [ -5.828409701927322, 43.531128872490477 ], [ -5.828409701927322, 43.530713553953994 ], [ -5.829149917894831, 43.530713553953994 ], [ -5.829149917894831, 43.530298232557548 ], [ -5.829890133862339, 43.530298232557548 ], [ -5.829890133862339, 43.529467581184797 ], [ -5.830630349829847, 43.529467581184797 ], [ -5.830630349829847, 43.529052251208505 ], [ -5.831370565797356, 43.529052251208505 ], [ -5.831370565797356, 43.528636918372264 ], [ -5.832850997732372, 43.528636918372264 ], [ -5.832850997732372, 43.529052251208505 ], [ -5.833591213699881, 43.529052251208505 ], [ -5.833591213699881, 43.529882908301154 ], [ -5.834331429667389, 43.529882908301154 ], [ -5.834331429667389, 43.530298232557548 ], [ -5.835071645634897, 43.530298232557548 ], [ -5.835071645634897, 43.530713553953994 ], [ -5.835811861602406, 43.530713553953994 ], [ -5.835811861602406, 43.531544188167018 ], [ -5.836552077569914, 43.531544188167018 ], [ -5.836552077569914, 43.531959500983589 ], [ -5.837292293537423, 43.531959500983589 ], [ -5.837292293537423, 43.53237481094019 ], [ -5.838032509504931, 43.53237481094019 ], [ -5.838032509504931, 43.533205422273518 ], [ -5.83877272547244, 43.533205422273518 ], [ -5.83877272547244, 43.533620723650237 ], [ -5.839512941439948, 43.533620723650237 ], [ -5.839512941439948, 43.53403602216698 ], [ -5.840253157407456, 43.53403602216698 ], [ -5.840253157407456, 43.534451317823752 ], [ -5.840993373374964, 43.534451317823752 ], [ -5.840993373374964, 43.535281900557365 ], [ -5.841733589342473, 43.535281900557365 ], [ -5.841733589342473, 43.535697187634213 ], [ -5.842473805309981, 43.535697187634213 ], [ -5.842473805309981, 43.537358307341755 ], [ -5.843214021277489, 43.537358307341755 ], [ -5.843214021277489, 43.539849901103352 ], [ -5.843954237244998, 43.539849901103352 ], [ -5.843954237244998, 43.544832779745889 ], [ -5.843214021277489, 43.544832779745889 ], [ -5.843214021277489, 43.54607843505606 ], [ -5.842473805309981, 43.54607843505606 ], [ -5.842473805309981, 43.546493647772721 ], [ -5.841733589342473, 43.546493647772721 ], [ -5.841733589342473, 43.546908857629347 ], [ -5.840993373374964, 43.546908857629347 ], [ -5.840993373374964, 43.54773926876247 ], [ -5.840253157407456, 43.54773926876247 ], [ -5.840253157407456, 43.54815447003898 ], [ -5.839512941439948, 43.54815447003898 ], [ -5.839512941439948, 43.548569668455436 ], [ -5.83877272547244, 43.548569668455436 ], [ -5.83877272547244, 43.548984864011857 ], [ -5.826929269992306, 43.548984864011857 ], [ -5.826929269992306, 43.548569668455436 ], [ -5.826189054024797, 43.548569668455436 ], [ -5.826189054024797, 43.54773926876247 ], [ -5.82544883805729, 43.54773926876247 ], [ -5.82544883805729, 43.546908857629347 ], [ -5.824708622089781, 43.546908857629347 ] ] ], [ [ [ 0.547070426221962, 35.787803380056921 ], [ 0.547070426221962, 35.786873994605742 ], [ 0.54781064218947, 35.786873994605742 ], [ 0.54781064218947, 35.77897377950292 ], [ 0.547070426221962, 35.77897377950292 ], [ 0.547070426221962, 35.778509036516901 ], [ 0.546330210254454, 35.778509036516901 ], [ 0.546330210254454, 35.777579542394932 ], [ 0.545589994286945, 35.777579542394932 ], [ 0.545589994286945, 35.776650037406554 ], [ 0.537447618644354, 35.776650037406554 ], [ 0.537447618644354, 35.777579542394932 ], [ 0.536707402676845, 35.777579542394932 ], [ 0.536707402676845, 35.778044290814222 ], [ 0.535967186709337, 35.778044290814222 ], [ 0.535967186709337, 35.778509036516901 ], [ 0.535226970741829, 35.778509036516901 ], [ 0.535226970741829, 35.77897377950292 ], [ 0.53448675477432, 35.77897377950292 ], [ 0.53448675477432, 35.779438519772313 ], [ 0.533746538806812, 35.779438519772313 ], [ 0.533746538806812, 35.779903257325017 ], [ 0.533006322839304, 35.779903257325017 ], [ 0.533006322839304, 35.78129745368301 ], [ 0.532266106871795, 35.78129745368301 ], [ 0.532266106871795, 35.787803380056921 ], [ 0.533006322839304, 35.787803380056921 ], [ 0.533006322839304, 35.788732754640378 ], [ 0.533746538806812, 35.788732754640378 ], [ 0.533746538806812, 35.789197437856686 ], [ 0.53448675477432, 35.789197437856686 ], [ 0.53448675477432, 35.790126796138338 ], [ 0.544849778319437, 35.790126796138338 ], [ 0.544849778319437, 35.789197437856686 ], [ 0.545589994286945, 35.789197437856686 ], [ 0.545589994286945, 35.788732754640378 ], [ 0.546330210254454, 35.788732754640378 ], [ 0.546330210254454, 35.787803380056921 ], [ 0.547070426221962, 35.787803380056921 ] ] ], [ [ [ -0.276049729647306, 35.824040934669902 ], [ -0.274569297712289, 35.824040934669902 ], [ -0.274569297712289, 35.8235764552674 ], [ -0.272348649809764, 35.8235764552674 ], [ -0.272348649809764, 35.82311197314683 ], [ -0.270128001907239, 35.82311197314683 ], [ -0.270128001907239, 35.822647488308213 ], [ -0.267167138037206, 35.822647488308213 ], [ -0.267167138037206, 35.822183000751579 ], [ -0.264946490134681, 35.822183000751579 ], [ -0.264946490134681, 35.821718510476927 ], [ -0.262725842232156, 35.821718510476927 ], [ -0.262725842232156, 35.821254017484272 ], [ -0.260505194329631, 35.821254017484272 ], [ -0.260505194329631, 35.820789521773627 ], [ -0.259764978362122, 35.820789521773627 ], [ -0.259764978362122, 35.819860522198454 ], [ -0.259024762394614, 35.819860522198454 ], [ -0.259024762394614, 35.818931511751508 ], [ -0.258284546427106, 35.818931511751508 ], [ -0.258284546427106, 35.818467002451158 ], [ -0.257544330459597, 35.818467002451158 ], [ -0.257544330459597, 35.81753797569678 ], [ -0.255323682557072, 35.81753797569678 ], [ -0.255323682557072, 35.817073458242774 ], [ -0.252362818687039, 35.817073458242774 ], [ -0.252362818687039, 35.816608938070921 ], [ -0.251622602719531, 35.816608938070921 ], [ -0.251622602719531, 35.815679889573708 ], [ -0.250882386752022, 35.815679889573708 ], [ -0.250882386752022, 35.815215361248384 ], [ -0.250142170784514, 35.815215361248384 ], [ -0.250142170784514, 35.814286296444358 ], [ -0.249401954817006, 35.814286296444358 ], [ -0.249401954817006, 35.813821759965677 ], [ -0.248661738849497, 35.813821759965677 ], [ -0.248661738849497, 35.812892678855093 ], [ -0.247921522881989, 35.812892678855093 ], [ -0.247921522881989, 35.812428134223211 ], [ -0.247181306914481, 35.812428134223211 ], [ -0.247181306914481, 35.811963586873631 ], [ -0.246441090946972, 35.811963586873631 ], [ -0.246441090946972, 35.811034484021377 ], [ -0.244960659011956, 35.811034484021377 ], [ -0.244960659011956, 35.810569928518746 ], [ -0.243480227076939, 35.810569928518746 ], [ -0.243480227076939, 35.810105370298473 ], [ -0.241999795141922, 35.810105370298473 ], [ -0.241999795141922, 35.812892678855093 ], [ -0.241259579174414, 35.812892678855093 ], [ -0.241259579174414, 35.813821759965677 ], [ -0.240519363206906, 35.813821759965677 ], [ -0.240519363206906, 35.814750830205249 ], [ -0.239779147239397, 35.814750830205249 ], [ -0.239779147239397, 35.815215361248384 ], [ -0.239038931271889, 35.815215361248384 ], [ -0.239038931271889, 35.815679889573708 ], [ -0.235337851434347, 35.815679889573708 ], [ -0.235337851434347, 35.815215361248384 ], [ -0.231636771596806, 35.815215361248384 ], [ -0.231636771596806, 35.814750830205249 ], [ -0.230896555629297, 35.814750830205249 ], [ -0.230896555629297, 35.813357220769255 ], [ -0.230156339661789, 35.813357220769255 ], [ -0.230156339661789, 35.812428134223211 ], [ -0.229416123694281, 35.812428134223211 ], [ -0.229416123694281, 35.811034484021377 ], [ -0.228675907726772, 35.811034484021377 ], [ -0.228675907726772, 35.810105370298473 ], [ -0.227935691759264, 35.810105370298473 ], [ -0.227935691759264, 35.809176245705025 ], [ -0.227195475791756, 35.809176245705025 ], [ -0.227195475791756, 35.80731796390701 ], [ -0.227935691759264, 35.80731796390701 ], [ -0.227935691759264, 35.805924224024189 ], [ -0.228675907726772, 35.805924224024189 ], [ -0.228675907726772, 35.804530459683846 ], [ -0.229416123694281, 35.804530459683846 ], [ -0.229416123694281, 35.803601269869652 ], [ -0.230156339661789, 35.803601269869652 ], [ -0.230156339661789, 35.803136670886389 ], [ -0.230896555629297, 35.803136670886389 ], [ -0.230896555629297, 35.802672069185711 ], [ -0.231636771596806, 35.802672069185711 ], [ -0.231636771596806, 35.80220746476764 ], [ -0.232376987564314, 35.80220746476764 ], [ -0.232376987564314, 35.801742857632192 ], [ -0.237558499336872, 35.801742857632192 ], [ -0.237558499336872, 35.80220746476764 ], [ -0.238298715304381, 35.80220746476764 ], [ -0.238298715304381, 35.802672069185711 ], [ -0.239038931271889, 35.802672069185711 ], [ -0.239038931271889, 35.803601269869652 ], [ -0.239779147239397, 35.803601269869652 ], [ -0.239779147239397, 35.801742857632192 ], [ -0.240519363206906, 35.801742857632192 ], [ -0.240519363206906, 35.800349019921647 ], [ -0.241999795141922, 35.800349019921647 ], [ -0.241999795141922, 35.799884401916799 ], [ -0.242740011109431, 35.799884401916799 ], [ -0.242740011109431, 35.799419781194644 ], [ -0.244220443044447, 35.799419781194644 ], [ -0.244220443044447, 35.798955157755167 ], [ -0.245700874979464, 35.798955157755167 ], [ -0.245700874979464, 35.798490531598425 ], [ -0.247181306914481, 35.798490531598425 ], [ -0.247181306914481, 35.798955157755167 ], [ -0.247921522881989, 35.798955157755167 ], [ -0.247921522881989, 35.799419781194644 ], [ -0.248661738849497, 35.799419781194644 ], [ -0.248661738849497, 35.799884401916799 ], [ -0.249401954817006, 35.799884401916799 ], [ -0.249401954817006, 35.800349019921647 ], [ -0.250142170784514, 35.800349019921647 ], [ -0.250142170784514, 35.800813635209181 ], [ -0.251622602719531, 35.800813635209181 ], [ -0.251622602719531, 35.800349019921647 ], [ -0.252362818687039, 35.800349019921647 ], [ -0.252362818687039, 35.799884401916799 ], [ -0.253103034654547, 35.799884401916799 ], [ -0.253103034654547, 35.799419781194644 ], [ -0.253843250622056, 35.799419781194644 ], [ -0.253843250622056, 35.798955157755167 ], [ -0.254583466589564, 35.798955157755167 ], [ -0.254583466589564, 35.798490531598425 ], [ -0.255323682557072, 35.798490531598425 ], [ -0.255323682557072, 35.798025902724412 ], [ -0.261245410297139, 35.798025902724412 ], [ -0.261245410297139, 35.798490531598425 ], [ -0.266426922069697, 35.798490531598425 ], [ -0.266426922069697, 35.799419781194644 ], [ -0.267167138037206, 35.799419781194644 ], [ -0.267167138037206, 35.799884401916799 ], [ -0.267907354004714, 35.799884401916799 ], [ -0.267907354004714, 35.800349019921647 ], [ -0.268647569972222, 35.800349019921647 ], [ -0.268647569972222, 35.801278247779365 ], [ -0.269387785939731, 35.801278247779365 ], [ -0.269387785939731, 35.801742857632192 ], [ -0.270128001907239, 35.801742857632192 ], [ -0.270128001907239, 35.80220746476764 ], [ -0.270868217874747, 35.80220746476764 ], [ -0.270868217874747, 35.803136670886389 ], [ -0.271608433842256, 35.803136670886389 ], [ -0.271608433842256, 35.803601269869652 ], [ -0.272348649809764, 35.803601269869652 ], [ -0.272348649809764, 35.804530459683846 ], [ -0.273088865777272, 35.804530459683846 ], [ -0.273088865777272, 35.804995050514783 ], [ -0.273829081744781, 35.804995050514783 ], [ -0.273829081744781, 35.804065866135467 ], [ -0.274569297712289, 35.804065866135467 ], [ -0.274569297712289, 35.803136670886389 ], [ -0.275309513679797, 35.803136670886389 ], [ -0.275309513679797, 35.80220746476764 ], [ -0.276049729647306, 35.80220746476764 ], [ -0.276049729647306, 35.801742857632192 ], [ -0.276789945614814, 35.801742857632192 ], [ -0.276789945614814, 35.801278247779365 ], [ -0.278270377549831, 35.801278247779365 ], [ -0.278270377549831, 35.800813635209181 ], [ -0.279010593517339, 35.800813635209181 ], [ -0.279010593517339, 35.800349019921647 ], [ -0.280491025452356, 35.800349019921647 ], [ -0.280491025452356, 35.800813635209181 ], [ -0.281231241419864, 35.800813635209181 ], [ -0.281231241419864, 35.801278247779365 ], [ -0.281971457387372, 35.801278247779365 ], [ -0.281971457387372, 35.801742857632192 ], [ -0.282711673354881, 35.801742857632192 ], [ -0.282711673354881, 35.80220746476764 ], [ -0.283451889322389, 35.80220746476764 ], [ -0.283451889322389, 35.802672069185711 ], [ -0.284192105289897, 35.802672069185711 ], [ -0.284192105289897, 35.803601269869652 ], [ -0.284932321257406, 35.803601269869652 ], [ -0.284932321257406, 35.804995050514783 ], [ -0.285672537224914, 35.804995050514783 ], [ -0.285672537224914, 35.811499036806339 ], [ -0.286412753192422, 35.811499036806339 ], [ -0.286412753192422, 35.81753797569678 ], [ -0.287152969159931, 35.81753797569678 ], [ -0.287152969159931, 35.821254017484272 ], [ -0.286412753192422, 35.821254017484272 ], [ -0.286412753192422, 35.822183000751579 ], [ -0.285672537224914, 35.822183000751579 ], [ -0.285672537224914, 35.822647488308213 ], [ -0.284932321257406, 35.822647488308213 ], [ -0.284932321257406, 35.82311197314683 ], [ -0.284192105289897, 35.82311197314683 ], [ -0.284192105289897, 35.8235764552674 ], [ -0.283451889322389, 35.8235764552674 ], [ -0.283451889322389, 35.824040934669902 ], [ -0.282711673354881, 35.824040934669902 ], [ -0.282711673354881, 35.824505411354338 ], [ -0.281971457387372, 35.824505411354338 ], [ -0.281971457387372, 35.824969885320684 ], [ -0.281231241419864, 35.824969885320684 ], [ -0.281231241419864, 35.82543435656892 ], [ -0.280491025452356, 35.82543435656892 ], [ -0.280491025452356, 35.825898825099053 ], [ -0.278270377549831, 35.825898825099053 ], [ -0.278270377549831, 35.82543435656892 ], [ -0.277530161582322, 35.82543435656892 ], [ -0.277530161582322, 35.824969885320684 ], [ -0.276789945614814, 35.824969885320684 ], [ -0.276789945614814, 35.824505411354338 ], [ -0.276049729647306, 35.824505411354338 ], [ -0.276049729647306, 35.824040934669902 ] ] ], [ [ [ 1.246574515517338, 36.135555728038689 ], [ 1.247314731484846, 36.135555728038689 ], [ 1.247314731484846, 36.13370511326643 ], [ 1.248054947452355, 36.13370511326643 ], [ 1.248054947452355, 36.132317123546741 ], [ 1.248795163419863, 36.132317123546741 ], [ 1.248795163419863, 36.130466432400581 ], [ 1.249535379387371, 36.130466432400581 ], [ 1.249535379387371, 36.129078385401499 ], [ 1.25027559535488, 36.129078385401499 ], [ 1.25027559535488, 36.126764919186158 ], [ 1.249535379387371, 36.126764919186158 ], [ 1.249535379387371, 36.124914097119721 ], [ 1.248795163419863, 36.124914097119721 ], [ 1.248795163419863, 36.123525951932208 ], [ 1.248054947452355, 36.123525951932208 ], [ 1.248054947452355, 36.121675053499345 ], [ 1.247314731484846, 36.121675053499345 ], [ 1.247314731484846, 36.120286851038067 ], [ 1.246574515517338, 36.120286851038067 ], [ 1.246574515517338, 36.119824111429786 ], [ 1.245834299549829, 36.119824111429786 ], [ 1.245834299549829, 36.119361369094264 ], [ 1.244353867614813, 36.119361369094264 ], [ 1.244353867614813, 36.118898624031523 ], [ 1.243613651647304, 36.118898624031523 ], [ 1.243613651647304, 36.11843587624157 ], [ 1.242133219712288, 36.11843587624157 ], [ 1.242133219712288, 36.118898624031523 ], [ 1.24139300374478, 36.118898624031523 ], [ 1.24139300374478, 36.119361369094264 ], [ 1.240652787777271, 36.119361369094264 ], [ 1.240652787777271, 36.119824111429786 ], [ 1.239172355842254, 36.119824111429786 ], [ 1.239172355842254, 36.120286851038067 ], [ 1.238432139874746, 36.120286851038067 ], [ 1.238432139874746, 36.120749587919107 ], [ 1.237691923907238, 36.120749587919107 ], [ 1.237691923907238, 36.121212322072857 ], [ 1.236951707939729, 36.121212322072857 ], [ 1.236951707939729, 36.118898624031523 ], [ 1.236211491972221, 36.118898624031523 ], [ 1.236211491972221, 36.116122096384153 ], [ 1.234731060037205, 36.116122096384153 ], [ 1.234731060037205, 36.115659332231232 ], [ 1.232510412134679, 36.115659332231232 ], [ 1.232510412134679, 36.115196565351212 ], [ 1.228809332297138, 36.115196565351212 ], [ 1.228809332297138, 36.116122096384153 ], [ 1.22806911632963, 36.116122096384153 ], [ 1.22806911632963, 36.117047616508593 ], [ 1.227328900362121, 36.117047616508593 ], [ 1.227328900362121, 36.117510372480098 ], [ 1.226588684394613, 36.117510372480098 ], [ 1.226588684394613, 36.122600508170429 ], [ 1.227328900362121, 36.122600508170429 ], [ 1.227328900362121, 36.123063231414996 ], [ 1.22806911632963, 36.123063231414996 ], [ 1.22806911632963, 36.123988669722088 ], [ 1.228809332297138, 36.123988669722088 ], [ 1.228809332297138, 36.124451384784592 ], [ 1.229549548264646, 36.124451384784592 ], [ 1.229549548264646, 36.124914097119721 ], [ 1.232510412134679, 36.124914097119721 ], [ 1.232510412134679, 36.124451384784592 ], [ 1.233990844069696, 36.124451384784592 ], [ 1.233990844069696, 36.124914097119721 ], [ 1.233250628102188, 36.124914097119721 ], [ 1.233250628102188, 36.125839513607794 ], [ 1.232510412134679, 36.125839513607794 ], [ 1.232510412134679, 36.127227617884188 ], [ 1.231770196167171, 36.127227617884188 ], [ 1.231770196167171, 36.128153007097822 ], [ 1.231029980199663, 36.128153007097822 ], [ 1.231029980199663, 36.129541070462068 ], [ 1.231770196167171, 36.129541070462068 ], [ 1.231770196167171, 36.131391783428839 ], [ 1.232510412134679, 36.131391783428839 ], [ 1.232510412134679, 36.132779789514281 ], [ 1.233250628102188, 36.132779789514281 ], [ 1.233250628102188, 36.134167771051025 ], [ 1.233990844069696, 36.134167771051025 ], [ 1.233990844069696, 36.135093078437173 ], [ 1.234731060037205, 36.135093078437173 ], [ 1.234731060037205, 36.135555728038689 ], [ 1.235471276004713, 36.135555728038689 ], [ 1.235471276004713, 36.136018374912496 ], [ 1.236211491972221, 36.136018374912496 ], [ 1.236211491972221, 36.136481019058579 ], [ 1.236951707939729, 36.136481019058579 ], [ 1.236951707939729, 36.136943660476909 ], [ 1.237691923907238, 36.136943660476909 ], [ 1.237691923907238, 36.13740629916748 ], [ 1.239172355842254, 36.13740629916748 ], [ 1.239172355842254, 36.137868935130264 ], [ 1.239912571809763, 36.137868935130264 ], [ 1.239912571809763, 36.138331568365288 ], [ 1.242873435679796, 36.138331568365288 ], [ 1.242873435679796, 36.137868935130264 ], [ 1.244353867614813, 36.137868935130264 ], [ 1.244353867614813, 36.13740629916748 ], [ 1.245094083582321, 36.13740629916748 ], [ 1.245094083582321, 36.136943660476909 ], [ 1.246574515517338, 36.136943660476909 ], [ 1.246574515517338, 36.135555728038689 ] ] ], [ [ [ 2.93426692143634, 36.145270739546369 ], [ 2.935007137403848, 36.145270739546369 ], [ 2.935007137403848, 36.143420353912397 ], [ 2.935747353371357, 36.143420353912397 ], [ 2.935747353371357, 36.141107310491023 ], [ 2.936487569338865, 36.141107310491023 ], [ 2.936487569338865, 36.13740629916748 ], [ 2.935747353371357, 36.13740629916748 ], [ 2.935747353371357, 36.135555728038689 ], [ 2.935007137403848, 36.135555728038689 ], [ 2.935007137403848, 36.134167771051025 ], [ 2.93426692143634, 36.134167771051025 ], [ 2.93426692143634, 36.13370511326643 ], [ 2.932046273533815, 36.13370511326643 ], [ 2.932046273533815, 36.133242452754182 ], [ 2.930565841598798, 36.133242452754182 ], [ 2.930565841598798, 36.132779789514281 ], [ 2.929085409663781, 36.132779789514281 ], [ 2.929085409663781, 36.132317123546741 ], [ 2.927604977728765, 36.132317123546741 ], [ 2.927604977728765, 36.130929109278505 ], [ 2.926864761761257, 36.130929109278505 ], [ 2.926864761761257, 36.130003752795091 ], [ 2.926124545793748, 36.130003752795091 ], [ 2.926124545793748, 36.129078385401499 ], [ 2.92538432982624, 36.129078385401499 ], [ 2.92538432982624, 36.128153007097822 ], [ 2.920202818053682, 36.128153007097822 ], [ 2.920202818053682, 36.129078385401499 ], [ 2.919462602086173, 36.129078385401499 ], [ 2.919462602086173, 36.130003752795091 ], [ 2.918722386118665, 36.130003752795091 ], [ 2.918722386118665, 36.130929109278505 ], [ 2.917982170151157, 36.130929109278505 ], [ 2.917982170151157, 36.132317123546741 ], [ 2.917241954183648, 36.132317123546741 ], [ 2.917241954183648, 36.13463042610794 ], [ 2.917982170151157, 36.13463042610794 ], [ 2.917982170151157, 36.135555728038689 ], [ 2.918722386118665, 36.135555728038689 ], [ 2.918722386118665, 36.136481019058579 ], [ 2.919462602086173, 36.136481019058579 ], [ 2.919462602086173, 36.137868935130264 ], [ 2.920202818053682, 36.137868935130264 ], [ 2.920202818053682, 36.139719451703449 ], [ 2.92094303402119, 36.139719451703449 ], [ 2.92094303402119, 36.142495144727611 ], [ 2.921683249988698, 36.142495144727611 ], [ 2.921683249988698, 36.145270739546369 ], [ 2.922423465956207, 36.145270739546369 ], [ 2.922423465956207, 36.14573332913487 ], [ 2.923903897891223, 36.14573332913487 ], [ 2.923903897891223, 36.146195915995342 ], [ 2.92538432982624, 36.146195915995342 ], [ 2.92538432982624, 36.146658500127771 ], [ 2.926864761761257, 36.146658500127771 ], [ 2.926864761761257, 36.147121081532141 ], [ 2.929085409663781, 36.147121081532141 ], [ 2.929085409663781, 36.146658500127771 ], [ 2.931306057566307, 36.146658500127771 ], [ 2.931306057566307, 36.146195915995342 ], [ 2.932786489501323, 36.146195915995342 ], [ 2.932786489501323, 36.14573332913487 ], [ 2.93426692143634, 36.14573332913487 ], [ 2.93426692143634, 36.145270739546369 ] ] ], [ [ [ 3.749984917630524, 36.187355219123539 ], [ 3.750725133598033, 36.187355219123539 ], [ 3.750725133598033, 36.186892875113685 ], [ 3.751465349565541, 36.186892875113685 ], [ 3.751465349565541, 36.186430528374551 ], [ 3.752945781500558, 36.186430528374551 ], [ 3.752945781500558, 36.185968178906165 ], [ 3.753685997468065, 36.185968178906165 ], [ 3.753685997468065, 36.185043471781654 ], [ 3.754426213435575, 36.185043471781654 ], [ 3.754426213435575, 36.183656390625785 ], [ 3.755166429403083, 36.183656390625785 ], [ 3.755166429403083, 36.182269284907314 ], [ 3.755906645370591, 36.182269284907314 ], [ 3.755906645370591, 36.180419772408193 ], [ 3.756646861338099, 36.180419772408193 ], [ 3.756646861338099, 36.17903260937846 ], [ 3.755906645370591, 36.17903260937846 ], [ 3.755906645370591, 36.177645421787389 ], [ 3.755166429403083, 36.177645421787389 ], [ 3.755166429403083, 36.175795800126778 ], [ 3.754426213435575, 36.175795800126778 ], [ 3.754426213435575, 36.173946134803117 ], [ 3.753685997468065, 36.173946134803117 ], [ 3.753685997468065, 36.173021285767938 ], [ 3.752945781500558, 36.173021285767938 ], [ 3.752945781500558, 36.172558857157064 ], [ 3.751465349565541, 36.172558857157064 ], [ 3.751465349565541, 36.17209642581733 ], [ 3.750725133598033, 36.17209642581733 ], [ 3.750725133598033, 36.171633991748799 ], [ 3.749244701663016, 36.171633991748799 ], [ 3.749244701663016, 36.171171554951435 ], [ 3.748504485695508, 36.171171554951435 ], [ 3.748504485695508, 36.170709115425268 ], [ 3.747024053760491, 36.170709115425268 ], [ 3.747024053760491, 36.171171554951435 ], [ 3.746283837792983, 36.171171554951435 ], [ 3.746283837792983, 36.171633991748799 ], [ 3.745543621825474, 36.171633991748799 ], [ 3.745543621825474, 36.17209642581733 ], [ 3.744803405857966, 36.17209642581733 ], [ 3.744803405857966, 36.172558857157064 ], [ 3.744063189890458, 36.172558857157064 ], [ 3.744063189890458, 36.173021285767938 ], [ 3.743322973922949, 36.173021285767938 ], [ 3.743322973922949, 36.173483711649958 ], [ 3.742582757955441, 36.173483711649958 ], [ 3.742582757955441, 36.173946134803117 ], [ 3.741842541987933, 36.173946134803117 ], [ 3.741842541987933, 36.174408555227394 ], [ 3.741102326020424, 36.174408555227394 ], [ 3.741102326020424, 36.175333387889239 ], [ 3.740362110052916, 36.175333387889239 ], [ 3.740362110052916, 36.176258209635364 ], [ 3.739621894085408, 36.176258209635364 ], [ 3.739621894085408, 36.177183020465691 ], [ 3.738881678117899, 36.177183020465691 ], [ 3.738881678117899, 36.178107820380092 ], [ 3.738141462150391, 36.178107820380092 ], [ 3.738141462150391, 36.17903260937846 ], [ 3.737401246182882, 36.17903260937846 ], [ 3.737401246182882, 36.181344534115965 ], [ 3.738141462150391, 36.181344534115965 ], [ 3.738141462150391, 36.185505826708528 ], [ 3.738881678117899, 36.185505826708528 ], [ 3.738881678117899, 36.186892875113685 ], [ 3.740362110052916, 36.186892875113685 ], [ 3.740362110052916, 36.187355219123539 ], [ 3.741102326020424, 36.187355219123539 ], [ 3.741102326020424, 36.187817560404099 ], [ 3.742582757955441, 36.187817560404099 ], [ 3.742582757955441, 36.188279898955365 ], [ 3.743322973922949, 36.188279898955365 ], [ 3.743322973922949, 36.188742234777301 ], [ 3.744803405857966, 36.188742234777301 ], [ 3.744803405857966, 36.189204567869922 ], [ 3.747024053760491, 36.189204567869922 ], [ 3.747024053760491, 36.188742234777301 ], [ 3.747764269728, 36.188742234777301 ], [ 3.747764269728, 36.188279898955365 ], [ 3.749244701663016, 36.188279898955365 ], [ 3.749244701663016, 36.187817560404099 ], [ 3.749984917630524, 36.187817560404099 ], [ 3.749984917630524, 36.187355219123539 ] ] ], [ [ [ 3.866939040496842, 36.208620092988198 ], [ 3.869159688399366, 36.208620092988198 ], [ 3.869159688399366, 36.20815787454012 ], [ 3.870640120334383, 36.20815787454012 ], [ 3.870640120334383, 36.207695653362137 ], [ 3.871380336301891, 36.207695653362137 ], [ 3.871380336301891, 36.206308973448799 ], [ 3.872120552269399, 36.206308973448799 ], [ 3.872120552269399, 36.204922268966712 ], [ 3.872860768236908, 36.204922268966712 ], [ 3.872860768236908, 36.203073291439821 ], [ 3.872120552269399, 36.203073291439821 ], [ 3.872120552269399, 36.201686529632077 ], [ 3.871380336301891, 36.201686529632077 ], [ 3.871380336301891, 36.200299743256828 ], [ 3.870640120334383, 36.200299743256828 ], [ 3.870640120334383, 36.198450656541034 ], [ 3.869899904366874, 36.198450656541034 ], [ 3.869899904366874, 36.197063812843062 ], [ 3.869159688399366, 36.197063812843062 ], [ 3.869159688399366, 36.19613923672982 ], [ 3.868419472431857, 36.19613923672982 ], [ 3.868419472431857, 36.195676944578857 ], [ 3.866939040496842, 36.195676944578857 ], [ 3.866939040496842, 36.195214649698372 ], [ 3.866198824529333, 36.195214649698372 ], [ 3.866198824529333, 36.194752352088322 ], [ 3.864718392594316, 36.194752352088322 ], [ 3.864718392594316, 36.19429005174878 ], [ 3.863237960659299, 36.19429005174878 ], [ 3.863237960659299, 36.193827748679738 ], [ 3.862497744691792, 36.193827748679738 ], [ 3.862497744691792, 36.193365442881202 ], [ 3.859536880821758, 36.193365442881202 ], [ 3.859536880821758, 36.193827748679738 ], [ 3.85879666485425, 36.193827748679738 ], [ 3.85879666485425, 36.19429005174878 ], [ 3.857316232919233, 36.19429005174878 ], [ 3.857316232919233, 36.194752352088322 ], [ 3.856576016951724, 36.194752352088322 ], [ 3.856576016951724, 36.195214649698372 ], [ 3.855095585016708, 36.195214649698372 ], [ 3.855095585016708, 36.195676944578857 ], [ 3.8543553690492, 36.195676944578857 ], [ 3.8543553690492, 36.19613923672982 ], [ 3.853615153081691, 36.19613923672982 ], [ 3.853615153081691, 36.196601526151227 ], [ 3.852874937114183, 36.196601526151227 ], [ 3.852874937114183, 36.198450656541034 ], [ 3.852134721146674, 36.198450656541034 ], [ 3.852134721146674, 36.203073291439821 ], [ 3.852874937114183, 36.203073291439821 ], [ 3.852874937114183, 36.204922268966712 ], [ 3.853615153081691, 36.204922268966712 ], [ 3.853615153081691, 36.20584674135128 ], [ 3.8543553690492, 36.20584674135128 ], [ 3.8543553690492, 36.206771202816455 ], [ 3.855095585016708, 36.206771202816455 ], [ 3.855095585016708, 36.207695653362137 ], [ 3.855835800984216, 36.207695653362137 ], [ 3.855835800984216, 36.208620092988198 ], [ 3.856576016951724, 36.208620092988198 ], [ 3.856576016951724, 36.209082308706328 ], [ 3.857316232919233, 36.209082308706328 ], [ 3.857316232919233, 36.209544521694525 ], [ 3.858056448886741, 36.209544521694525 ], [ 3.858056448886741, 36.210006731952745 ], [ 3.859536880821758, 36.210006731952745 ], [ 3.859536880821758, 36.210468939481004 ], [ 3.861757528724283, 36.210468939481004 ], [ 3.861757528724283, 36.210006731952745 ], [ 3.863237960659299, 36.210006731952745 ], [ 3.863237960659299, 36.209544521694525 ], [ 3.865458608561824, 36.209544521694525 ], [ 3.865458608561824, 36.209082308706328 ], [ 3.866939040496842, 36.209082308706328 ], [ 3.866939040496842, 36.208620092988198 ] ] ], [ [ [ 4.265915446983834, 36.569698119009125 ], [ 4.265915446983834, 36.568777962866271 ], [ 4.268136094886358, 36.568777962866271 ], [ 4.268136094886358, 36.569238042308001 ], [ 4.270356742788883, 36.569238042308001 ], [ 4.270356742788883, 36.568777962866271 ], [ 4.271096958756392, 36.568777962866271 ], [ 4.271096958756392, 36.568317880683963 ], [ 4.2718371747239, 36.568317880683963 ], [ 4.2718371747239, 36.567397708097594 ], [ 4.272577390691408, 36.567397708097594 ], [ 4.272577390691408, 36.566937617693576 ], [ 4.273317606658916, 36.566937617693576 ], [ 4.273317606658916, 36.561416319087186 ], [ 4.272577390691408, 36.561416319087186 ], [ 4.272577390691408, 36.56049606428688 ], [ 4.2718371747239, 36.56049606428688 ], [ 4.2718371747239, 36.560035932776174 ], [ 4.271096958756392, 36.560035932776174 ], [ 4.271096958756392, 36.559115661533795 ], [ 4.268136094886358, 36.559115661533795 ], [ 4.268136094886358, 36.559575798525152 ], [ 4.266655662951342, 36.559575798525152 ], [ 4.266655662951342, 36.560035932776174 ], [ 4.261474151178783, 36.560035932776174 ], [ 4.261474151178783, 36.559575798525152 ], [ 4.259993719243767, 36.559575798525152 ], [ 4.259993719243767, 36.559115661533795 ], [ 4.259253503276258, 36.559115661533795 ], [ 4.259253503276258, 36.558195379330158 ], [ 4.25851328730875, 36.558195379330158 ], [ 4.25851328730875, 36.557735234117892 ], [ 4.257773071341242, 36.557735234117892 ], [ 4.257773071341242, 36.55727508616539 ], [ 4.255552423438716, 36.55727508616539 ], [ 4.255552423438716, 36.556814935472602 ], [ 4.253331775536191, 36.556814935472602 ], [ 4.253331775536191, 36.55635478203957 ], [ 4.252591559568684, 36.55635478203957 ], [ 4.252591559568684, 36.556814935472602 ], [ 4.251851343601174, 36.556814935472602 ], [ 4.251851343601174, 36.55727508616539 ], [ 4.251111127633667, 36.55727508616539 ], [ 4.251111127633667, 36.558655521802123 ], [ 4.250370911666158, 36.558655521802123 ], [ 4.250370911666158, 36.559575798525152 ], [ 4.24963069569865, 36.559575798525152 ], [ 4.24963069569865, 36.560956193057216 ], [ 4.248890479731142, 36.560956193057216 ], [ 4.248890479731142, 36.562796680734799 ], [ 4.24963069569865, 36.562796680734799 ], [ 4.24963069569865, 36.564637124565685 ], [ 4.250370911666158, 36.564637124565685 ], [ 4.250370911666158, 36.566477524549015 ], [ 4.251111127633667, 36.566477524549015 ], [ 4.251111127633667, 36.568317880683963 ], [ 4.251851343601174, 36.568317880683963 ], [ 4.251851343601174, 36.570158192969622 ], [ 4.252591559568684, 36.570158192969622 ], [ 4.252591559568684, 36.570618264189505 ], [ 4.253331775536191, 36.570618264189505 ], [ 4.253331775536191, 36.571078332668719 ], [ 4.254071991503699, 36.571078332668719 ], [ 4.254071991503699, 36.571538398407291 ], [ 4.254812207471208, 36.571538398407291 ], [ 4.254812207471208, 36.571998461405187 ], [ 4.255552423438716, 36.571998461405187 ], [ 4.255552423438716, 36.572458521662405 ], [ 4.256292639406225, 36.572458521662405 ], [ 4.256292639406225, 36.572918579178904 ], [ 4.257032855373733, 36.572918579178904 ], [ 4.257032855373733, 36.573378633954711 ], [ 4.257773071341242, 36.573378633954711 ], [ 4.257773071341242, 36.573838685989791 ], [ 4.2629545831138, 36.573838685989791 ], [ 4.2629545831138, 36.573378633954711 ], [ 4.263694799081308, 36.573378633954711 ], [ 4.263694799081308, 36.571998461405187 ], [ 4.264435015048816, 36.571998461405187 ], [ 4.264435015048816, 36.571078332668719 ], [ 4.265175231016325, 36.571078332668719 ], [ 4.265175231016325, 36.569698119009125 ], [ 4.265915446983834, 36.569698119009125 ] ] ], [ [ [ 3.144488256208707, 36.603276314916315 ], [ 3.144488256208707, 36.600517014187183 ], [ 3.145228472176215, 36.600517014187183 ], [ 3.145228472176215, 36.598217521521264 ], [ 3.144488256208707, 36.598217521521264 ], [ 3.144488256208707, 36.595917960319227 ], [ 3.143748040241198, 36.595917960319227 ], [ 3.143748040241198, 36.594078262012708 ], [ 3.14300782427369, 36.594078262012708 ], [ 3.14300782427369, 36.593618330582743 ], [ 3.142267608306182, 36.593618330582743 ], [ 3.142267608306182, 36.593158396411461 ], [ 3.141527392338674, 36.593158396411461 ], [ 3.141527392338674, 36.592698459498877 ], [ 3.140787176371165, 36.592698459498877 ], [ 3.140787176371165, 36.592238519845012 ], [ 3.140046960403657, 36.592238519845012 ], [ 3.140046960403657, 36.591778577449873 ], [ 3.139306744436149, 36.591778577449873 ], [ 3.139306744436149, 36.591318632313481 ], [ 3.13856652846864, 36.591318632313481 ], [ 3.13856652846864, 36.590858684435844 ], [ 3.137826312501132, 36.590858684435844 ], [ 3.137826312501132, 36.591318632313481 ], [ 3.135605664598607, 36.591318632313481 ], [ 3.135605664598607, 36.591778577449873 ], [ 3.13412523266359, 36.591778577449873 ], [ 3.13412523266359, 36.592238519845012 ], [ 3.132644800728573, 36.592238519845012 ], [ 3.132644800728573, 36.593158396411461 ], [ 3.131904584761065, 36.593158396411461 ], [ 3.131904584761065, 36.594078262012708 ], [ 3.131164368793557, 36.594078262012708 ], [ 3.131164368793557, 36.594538190701364 ], [ 3.130424152826048, 36.594538190701364 ], [ 3.130424152826048, 36.595458039854627 ], [ 3.12968393685854, 36.595458039854627 ], [ 3.12968393685854, 36.596377878042439 ], [ 3.128943720891032, 36.596377878042439 ], [ 3.128943720891032, 36.599137326812055 ], [ 3.12968393685854, 36.599137326812055 ], [ 3.12968393685854, 36.604196059893432 ], [ 3.130424152826048, 36.604196059893432 ], [ 3.130424152826048, 36.604655928269572 ], [ 3.131164368793557, 36.604655928269572 ], [ 3.131164368793557, 36.605575656796958 ], [ 3.131904584761065, 36.605575656796958 ], [ 3.131904584761065, 36.606035516948175 ], [ 3.132644800728573, 36.606035516948175 ], [ 3.132644800728573, 36.606495374357721 ], [ 3.141527392338674, 36.606495374357721 ], [ 3.141527392338674, 36.605575656796958 ], [ 3.142267608306182, 36.605575656796958 ], [ 3.142267608306182, 36.605115793904091 ], [ 3.14300782427369, 36.605115793904091 ], [ 3.14300782427369, 36.604196059893432 ], [ 3.143748040241198, 36.604196059893432 ], [ 3.143748040241198, 36.603276314916315 ], [ 3.144488256208707, 36.603276314916315 ] ] ], [ [ [ 2.891334395320857, 36.608794620279923 ], [ 2.891334395320857, 36.606035516948175 ], [ 2.890594179353348, 36.606035516948175 ], [ 2.890594179353348, 36.604655928269572 ], [ 2.891334395320857, 36.604655928269572 ], [ 2.891334395320857, 36.605115793904091 ], [ 2.892814827255873, 36.605115793904091 ], [ 2.892814827255873, 36.605575656796958 ], [ 2.893555043223381, 36.605575656796958 ], [ 2.893555043223381, 36.606035516948175 ], [ 2.895035475158398, 36.606035516948175 ], [ 2.895035475158398, 36.605575656796958 ], [ 2.895775691125907, 36.605575656796958 ], [ 2.895775691125907, 36.605115793904091 ], [ 2.896515907093415, 36.605115793904091 ], [ 2.896515907093415, 36.604655928269572 ], [ 2.897256123060923, 36.604655928269572 ], [ 2.897256123060923, 36.604196059893432 ], [ 2.897996339028431, 36.604196059893432 ], [ 2.897996339028431, 36.603736188775677 ], [ 2.89873655499594, 36.603736188775677 ], [ 2.89873655499594, 36.603276314916315 ], [ 2.899476770963448, 36.603276314916315 ], [ 2.899476770963448, 36.602816438315351 ], [ 2.900216986930956, 36.602816438315351 ], [ 2.900216986930956, 36.602356558972815 ], [ 2.901697418865973, 36.602356558972815 ], [ 2.901697418865973, 36.601896676888721 ], [ 2.902437634833482, 36.601896676888721 ], [ 2.902437634833482, 36.600057121136963 ], [ 2.90317785080099, 36.600057121136963 ], [ 2.90317785080099, 36.598217521521264 ], [ 2.903918066768498, 36.598217521521264 ], [ 2.903918066768498, 36.597757614763687 ], [ 2.90317785080099, 36.597757614763687 ], [ 2.90317785080099, 36.596377878042439 ], [ 2.902437634833482, 36.596377878042439 ], [ 2.902437634833482, 36.595458039854627 ], [ 2.901697418865973, 36.595458039854627 ], [ 2.901697418865973, 36.594078262012708 ], [ 2.900957202898465, 36.594078262012708 ], [ 2.900957202898465, 36.593158396411461 ], [ 2.900216986930956, 36.593158396411461 ], [ 2.900216986930956, 36.592698459498877 ], [ 2.899476770963448, 36.592698459498877 ], [ 2.899476770963448, 36.593158396411461 ], [ 2.896515907093415, 36.593158396411461 ], [ 2.896515907093415, 36.593618330582743 ], [ 2.89429525919089, 36.593618330582743 ], [ 2.89429525919089, 36.594078262012708 ], [ 2.891334395320857, 36.594078262012708 ], [ 2.891334395320857, 36.594538190701364 ], [ 2.889113747418332, 36.594538190701364 ], [ 2.889113747418332, 36.596377878042439 ], [ 2.888373531450823, 36.596377878042439 ], [ 2.888373531450823, 36.598217521521264 ], [ 2.887633315483315, 36.598217521521264 ], [ 2.887633315483315, 36.598677425537396 ], [ 2.888373531450823, 36.598677425537396 ], [ 2.888373531450823, 36.600976904495894 ], [ 2.889113747418332, 36.600976904495894 ], [ 2.889113747418332, 36.601896676888721 ], [ 2.887633315483315, 36.601896676888721 ], [ 2.887633315483315, 36.601436792063076 ], [ 2.886893099515807, 36.601436792063076 ], [ 2.886893099515807, 36.600976904495894 ], [ 2.88541266758079, 36.600976904495894 ], [ 2.88541266758079, 36.599597225345263 ], [ 2.886152883548299, 36.599597225345263 ], [ 2.886152883548299, 36.598677425537396 ], [ 2.886893099515807, 36.598677425537396 ], [ 2.886893099515807, 36.597757614763687 ], [ 2.887633315483315, 36.597757614763687 ], [ 2.887633315483315, 36.596377878042439 ], [ 2.886893099515807, 36.596377878042439 ], [ 2.886893099515807, 36.594538190701364 ], [ 2.886152883548299, 36.594538190701364 ], [ 2.886152883548299, 36.592698459498877 ], [ 2.88541266758079, 36.592698459498877 ], [ 2.88541266758079, 36.592238519845012 ], [ 2.884672451613281, 36.592238519845012 ], [ 2.884672451613281, 36.591318632313481 ], [ 2.883932235645773, 36.591318632313481 ], [ 2.883932235645773, 36.590858684435844 ], [ 2.883192019678265, 36.590858684435844 ], [ 2.883192019678265, 36.58993878045689 ], [ 2.882451803710757, 36.58993878045689 ], [ 2.882451803710757, 36.589478824355602 ], [ 2.881711587743248, 36.589478824355602 ], [ 2.881711587743248, 36.589018865513104 ], [ 2.88097137177574, 36.589018865513104 ], [ 2.88097137177574, 36.588558903929453 ], [ 2.879490939840723, 36.588558903929453 ], [ 2.879490939840723, 36.589018865513104 ], [ 2.875789860003182, 36.589018865513104 ], [ 2.875789860003182, 36.589478824355602 ], [ 2.873569212100656, 36.589478824355602 ], [ 2.873569212100656, 36.58993878045689 ], [ 2.872828996133148, 36.58993878045689 ], [ 2.872828996133148, 36.590858684435844 ], [ 2.87208878016564, 36.590858684435844 ], [ 2.87208878016564, 36.591778577449873 ], [ 2.871348564198132, 36.591778577449873 ], [ 2.871348564198132, 36.592238519845012 ], [ 2.870608348230624, 36.592238519845012 ], [ 2.870608348230624, 36.593158396411461 ], [ 2.869868132263115, 36.593158396411461 ], [ 2.869868132263115, 36.594078262012708 ], [ 2.869127916295606, 36.594078262012708 ], [ 2.869127916295606, 36.594998116648675 ], [ 2.868387700328098, 36.594998116648675 ], [ 2.868387700328098, 36.598217521521264 ], [ 2.86764748436059, 36.598217521521264 ], [ 2.86764748436059, 36.601896676888721 ], [ 2.868387700328098, 36.601896676888721 ], [ 2.868387700328098, 36.602816438315351 ], [ 2.869127916295606, 36.602816438315351 ], [ 2.869127916295606, 36.603736188775677 ], [ 2.869868132263115, 36.603736188775677 ], [ 2.869868132263115, 36.604655928269572 ], [ 2.870608348230624, 36.604655928269572 ], [ 2.870608348230624, 36.605575656796958 ], [ 2.871348564198132, 36.605575656796958 ], [ 2.871348564198132, 36.606035516948175 ], [ 2.878010507905707, 36.606035516948175 ], [ 2.878010507905707, 36.605575656796958 ], [ 2.878750723873215, 36.605575656796958 ], [ 2.878750723873215, 36.605115793904091 ], [ 2.880231155808231, 36.605115793904091 ], [ 2.880231155808231, 36.604655928269572 ], [ 2.88097137177574, 36.604655928269572 ], [ 2.88097137177574, 36.609254461239168 ], [ 2.881711587743248, 36.609254461239168 ], [ 2.881711587743248, 36.609714299456655 ], [ 2.882451803710757, 36.609714299456655 ], [ 2.882451803710757, 36.610633967666281 ], [ 2.883192019678265, 36.610633967666281 ], [ 2.883192019678265, 36.611553624908673 ], [ 2.888373531450823, 36.611553624908673 ], [ 2.888373531450823, 36.611093797658391 ], [ 2.889113747418332, 36.611093797658391 ], [ 2.889113747418332, 36.610633967666281 ], [ 2.88985396338584, 36.610633967666281 ], [ 2.88985396338584, 36.609714299456655 ], [ 2.890594179353348, 36.609714299456655 ], [ 2.890594179353348, 36.608794620279923 ], [ 2.891334395320857, 36.608794620279923 ] ], [ [ 2.88541266758079, 36.601436792063076 ], [ 2.884672451613281, 36.601436792063076 ], [ 2.884672451613281, 36.600976904495894 ], [ 2.88541266758079, 36.600976904495894 ], [ 2.88541266758079, 36.601436792063076 ] ], [ [ 2.88097137177574, 36.604196059893432 ], [ 2.881711587743248, 36.604196059893432 ], [ 2.881711587743248, 36.604655928269572 ], [ 2.88097137177574, 36.604655928269572 ], [ 2.88097137177574, 36.604196059893432 ] ] ], [ [ [ 3.126723072988507, 36.687387561947112 ], [ 3.128203504923524, 36.687387561947112 ], [ 3.128203504923524, 36.68692818727758 ], [ 3.128943720891032, 36.68692818727758 ], [ 3.128943720891032, 36.686468809864046 ], [ 3.12968393685854, 36.686468809864046 ], [ 3.12968393685854, 36.685550046805048 ], [ 3.130424152826048, 36.685550046805048 ], [ 3.130424152826048, 36.684631272770233 ], [ 3.131164368793557, 36.684631272770233 ], [ 3.131164368793557, 36.683712487759699 ], [ 3.131904584761065, 36.683712487759699 ], [ 3.131904584761065, 36.677740117665422 ], [ 3.132644800728573, 36.677740117665422 ], [ 3.132644800728573, 36.675442928775055 ], [ 3.131904584761065, 36.675442928775055 ], [ 3.131904584761065, 36.674983482765938 ], [ 3.131164368793557, 36.674983482765938 ], [ 3.131164368793557, 36.674064582516735 ], [ 3.130424152826048, 36.674064582516735 ], [ 3.130424152826048, 36.673605128276698 ], [ 3.12968393685854, 36.673605128276698 ], [ 3.12968393685854, 36.672686211565782 ], [ 3.121541561215949, 36.672686211565782 ], [ 3.121541561215949, 36.672226749094932 ], [ 3.120801345248441, 36.672226749094932 ], [ 3.120801345248441, 36.672686211565782 ], [ 3.119320913313424, 36.672686211565782 ], [ 3.119320913313424, 36.673145671293035 ], [ 3.117840481378407, 36.673145671293035 ], [ 3.117840481378407, 36.673605128276698 ], [ 3.117100265410898, 36.673605128276698 ], [ 3.117100265410898, 36.674064582516735 ], [ 3.115619833475882, 36.674064582516735 ], [ 3.115619833475882, 36.67452403401316 ], [ 3.114879617508374, 36.67452403401316 ], [ 3.114879617508374, 36.674983482765938 ], [ 3.113399185573357, 36.674983482765938 ], [ 3.113399185573357, 36.675442928775055 ], [ 3.112658969605848, 36.675442928775055 ], [ 3.112658969605848, 36.675902372040525 ], [ 3.111178537670832, 36.675902372040525 ], [ 3.111178537670832, 36.677280685374775 ], [ 3.110438321703324, 36.677280685374775 ], [ 3.110438321703324, 36.679118398074984 ], [ 3.109698105735816, 36.679118398074984 ], [ 3.109698105735816, 36.684631272770233 ], [ 3.110438321703324, 36.684631272770233 ], [ 3.110438321703324, 36.68692818727758 ], [ 3.111178537670832, 36.68692818727758 ], [ 3.111178537670832, 36.687387561947112 ], [ 3.11191875363834, 36.687387561947112 ], [ 3.11191875363834, 36.688306303054155 ], [ 3.112658969605848, 36.688306303054155 ], [ 3.112658969605848, 36.688765669491623 ], [ 3.113399185573357, 36.688765669491623 ], [ 3.113399185573357, 36.689225033185046 ], [ 3.124502425085982, 36.689225033185046 ], [ 3.124502425085982, 36.688765669491623 ], [ 3.12524264105349, 36.688765669491623 ], [ 3.12524264105349, 36.688306303054155 ], [ 3.125982857020999, 36.688306303054155 ], [ 3.125982857020999, 36.687846933872635 ], [ 3.126723072988507, 36.687846933872635 ], [ 3.126723072988507, 36.687387561947112 ] ] ], [ [ [ 4.505745420456534, 36.749836948331236 ], [ 4.505745420456534, 36.748459936001332 ], [ 4.506485636424041, 36.748459936001332 ], [ 4.506485636424041, 36.748000926399854 ], [ 4.50722585239155, 36.748000926399854 ], [ 4.50722585239155, 36.748459936001332 ], [ 4.507966068359059, 36.748459936001332 ], [ 4.507966068359059, 36.748918942857074 ], [ 4.509446500294075, 36.748918942857074 ], [ 4.509446500294075, 36.749377946967037 ], [ 4.510186716261583, 36.749377946967037 ], [ 4.510186716261583, 36.748918942857074 ], [ 4.5116671481966, 36.748918942857074 ], [ 4.5116671481966, 36.748459936001332 ], [ 4.513147580131617, 36.748459936001332 ], [ 4.513147580131617, 36.748000926399854 ], [ 4.514628012066634, 36.748000926399854 ], [ 4.514628012066634, 36.74754191405264 ], [ 4.51610844400165, 36.74754191405264 ], [ 4.51610844400165, 36.74708289895969 ], [ 4.517588875936666, 36.74708289895969 ], [ 4.517588875936666, 36.746623881121046 ], [ 4.518329091904175, 36.746623881121046 ], [ 4.518329091904175, 36.746164860536709 ], [ 4.519069307871684, 36.746164860536709 ], [ 4.519069307871684, 36.744328750742632 ], [ 4.519809523839192, 36.744328750742632 ], [ 4.519809523839192, 36.742033551723452 ], [ 4.5205497398067, 36.742033551723452 ], [ 4.5205497398067, 36.740197343087821 ], [ 4.521289955774209, 36.740197343087821 ], [ 4.521289955774209, 36.738361090524002 ], [ 4.522030171741717, 36.738361090524002 ], [ 4.522030171741717, 36.73790202051935 ], [ 4.521289955774209, 36.73790202051935 ], [ 4.521289955774209, 36.736524794032796 ], [ 4.5205497398067, 36.736524794032796 ], [ 4.5205497398067, 36.735147542837545 ], [ 4.519809523839192, 36.735147542837545 ], [ 4.519809523839192, 36.734229361647174 ], [ 4.519069307871684, 36.734229361647174 ], [ 4.519069307871684, 36.732852069271566 ], [ 4.518329091904175, 36.732852069271566 ], [ 4.518329091904175, 36.731933860627962 ], [ 4.517588875936666, 36.731933860627962 ], [ 4.517588875936666, 36.730556527072991 ], [ 4.516848659969158, 36.730556527072991 ], [ 4.516848659969158, 36.729638290976787 ], [ 4.51610844400165, 36.729638290976787 ], [ 4.51610844400165, 36.729179168810866 ], [ 4.514628012066634, 36.729179168810866 ], [ 4.514628012066634, 36.728720043899735 ], [ 4.5116671481966, 36.728720043899735 ], [ 4.5116671481966, 36.728260916243428 ], [ 4.50722585239155, 36.728260916243428 ], [ 4.50722585239155, 36.728720043899735 ], [ 4.505745420456534, 36.728720043899735 ], [ 4.505745420456534, 36.729179168810866 ], [ 4.504264988521517, 36.729179168810866 ], [ 4.504264988521517, 36.729638290976787 ], [ 4.503524772554009, 36.729638290976787 ], [ 4.503524772554009, 36.730097410397498 ], [ 4.502044340618992, 36.730097410397498 ], [ 4.502044340618992, 36.730556527072991 ], [ 4.501304124651484, 36.730556527072991 ], [ 4.501304124651484, 36.729638290976787 ], [ 4.500563908683975, 36.729638290976787 ], [ 4.500563908683975, 36.726424378166556 ], [ 4.499823692716467, 36.726424378166556 ], [ 4.499823692716467, 36.725965236784504 ], [ 4.49834326078145, 36.725965236784504 ], [ 4.49834326078145, 36.725506092657341 ], [ 4.496122612878925, 36.725506092657341 ], [ 4.496122612878925, 36.725046945785088 ], [ 4.493161749008892, 36.725046945785088 ], [ 4.493161749008892, 36.725506092657341 ], [ 4.492421533041384, 36.725506092657341 ], [ 4.492421533041384, 36.726424378166556 ], [ 4.491681317073875, 36.726424378166556 ], [ 4.491681317073875, 36.726883516803483 ], [ 4.490941101106367, 36.726883516803483 ], [ 4.490941101106367, 36.731933860627962 ], [ 4.491681317073875, 36.731933860627962 ], [ 4.491681317073875, 36.733311169475435 ], [ 4.490941101106367, 36.733311169475435 ], [ 4.490941101106367, 36.734688453615036 ], [ 4.490200885138858, 36.734688453615036 ], [ 4.490200885138858, 36.736065713046429 ], [ 4.48946066917135, 36.736065713046429 ], [ 4.48946066917135, 36.73698387227374 ], [ 4.488720453203842, 36.73698387227374 ], [ 4.488720453203842, 36.738361090524002 ], [ 4.487980237236333, 36.738361090524002 ], [ 4.487980237236333, 36.739738284065112 ], [ 4.487240021268826, 36.739738284065112 ], [ 4.487240021268826, 36.742492597018455 ], [ 4.487980237236333, 36.742492597018455 ], [ 4.487980237236333, 36.744328750742632 ], [ 4.488720453203842, 36.744328750742632 ], [ 4.488720453203842, 36.746164860536709 ], [ 4.48946066917135, 36.746164860536709 ], [ 4.48946066917135, 36.74754191405264 ], [ 4.490200885138858, 36.74754191405264 ], [ 4.490200885138858, 36.748918942857074 ], [ 4.491681317073875, 36.748918942857074 ], [ 4.491681317073875, 36.749377946967037 ], [ 4.492421533041384, 36.749377946967037 ], [ 4.492421533041384, 36.749836948331236 ], [ 4.493161749008892, 36.749836948331236 ], [ 4.493161749008892, 36.750295946949642 ], [ 4.494642180943909, 36.750295946949642 ], [ 4.494642180943909, 36.750754942822262 ], [ 4.495382396911417, 36.750754942822262 ], [ 4.495382396911417, 36.75121393594906 ], [ 4.496862828846433, 36.75121393594906 ], [ 4.496862828846433, 36.751672926330023 ], [ 4.497603044813942, 36.751672926330023 ], [ 4.497603044813942, 36.752131913965158 ], [ 4.501304124651484, 36.752131913965158 ], [ 4.501304124651484, 36.751672926330023 ], [ 4.502784556586501, 36.751672926330023 ], [ 4.502784556586501, 36.75121393594906 ], [ 4.504264988521517, 36.75121393594906 ], [ 4.504264988521517, 36.750754942822262 ], [ 4.505005204489025, 36.750754942822262 ], [ 4.505005204489025, 36.749836948331236 ], [ 4.505745420456534, 36.749836948331236 ] ] ], [ [ [ 3.089712274613091, 36.748000926399854 ], [ 3.088972058645582, 36.748000926399854 ], [ 3.088972058645582, 36.746623881121046 ], [ 3.088231842678073, 36.746623881121046 ], [ 3.088231842678073, 36.745705837206678 ], [ 3.087491626710565, 36.745705837206678 ], [ 3.087491626710565, 36.744328750742632 ], [ 3.086751410743056, 36.744328750742632 ], [ 3.086751410743056, 36.743410679371763 ], [ 3.086011194775548, 36.743410679371763 ], [ 3.086011194775548, 36.742951639567913 ], [ 3.08527097880804, 36.742951639567913 ], [ 3.08527097880804, 36.742492597018455 ], [ 3.084530762840532, 36.742492597018455 ], [ 3.084530762840532, 36.742033551723452 ], [ 3.083050330905515, 36.742033551723452 ], [ 3.083050330905515, 36.741574503682855 ], [ 3.08082968300299, 36.741574503682855 ], [ 3.08082968300299, 36.742033551723452 ], [ 3.079349251067974, 36.742033551723452 ], [ 3.079349251067974, 36.742492597018455 ], [ 3.078609035100465, 36.742492597018455 ], [ 3.078609035100465, 36.742951639567913 ], [ 3.077128603165448, 36.742951639567913 ], [ 3.077128603165448, 36.743410679371763 ], [ 3.07638838719794, 36.743410679371763 ], [ 3.07638838719794, 36.743869716429998 ], [ 3.074907955262923, 36.743869716429998 ], [ 3.074907955262923, 36.74524681113099 ], [ 3.074167739295415, 36.74524681113099 ], [ 3.074167739295415, 36.748459936001332 ], [ 3.073427523327906, 36.748459936001332 ], [ 3.073427523327906, 36.75121393594906 ], [ 3.074167739295415, 36.75121393594906 ], [ 3.074167739295415, 36.752131913965158 ], [ 3.074907955262923, 36.752131913965158 ], [ 3.074907955262923, 36.752590898854436 ], [ 3.075648171230431, 36.752590898854436 ], [ 3.075648171230431, 36.753508860395392 ], [ 3.07638838719794, 36.753508860395392 ], [ 3.07638838719794, 36.753967837047014 ], [ 3.079349251067974, 36.753967837047014 ], [ 3.079349251067974, 36.754426810952772 ], [ 3.081569898970499, 36.754426810952772 ], [ 3.081569898970499, 36.754885782112567 ], [ 3.084530762840532, 36.754885782112567 ], [ 3.084530762840532, 36.755344750526469 ], [ 3.086751410743056, 36.755344750526469 ], [ 3.086751410743056, 36.754885782112567 ], [ 3.087491626710565, 36.754885782112567 ], [ 3.087491626710565, 36.754426810952772 ], [ 3.088231842678073, 36.754426810952772 ], [ 3.088231842678073, 36.753508860395392 ], [ 3.088972058645582, 36.753508860395392 ], [ 3.088972058645582, 36.753049880997843 ], [ 3.089712274613091, 36.753049880997843 ], [ 3.089712274613091, 36.748000926399854 ] ] ], [ [ [ -0.244960659011956, 39.670383728522836 ], [ -0.244220443044447, 39.670383728522836 ], [ -0.244220443044447, 39.669942786756799 ], [ -0.243480227076939, 39.669942786756799 ], [ -0.243480227076939, 39.669501842176466 ], [ -0.242740011109431, 39.669501842176466 ], [ -0.242740011109431, 39.66906089478185 ], [ -0.241999795141922, 39.66906089478185 ], [ -0.241999795141922, 39.668619944572953 ], [ -0.241259579174414, 39.668619944572953 ], [ -0.241259579174414, 39.667738035712318 ], [ -0.240519363206906, 39.667738035712318 ], [ -0.240519363206906, 39.665974184220062 ], [ -0.239779147239397, 39.665974184220062 ], [ -0.239779147239397, 39.662887335761269 ], [ -0.240519363206906, 39.662887335761269 ], [ -0.240519363206906, 39.661123360444378 ], [ -0.241259579174414, 39.661123360444378 ], [ -0.241259579174414, 39.659359340101325 ], [ -0.241999795141922, 39.659359340101325 ], [ -0.241999795141922, 39.658036295295943 ], [ -0.242740011109431, 39.658036295295943 ], [ -0.242740011109431, 39.65759527473265 ], [ -0.244220443044447, 39.65759527473265 ], [ -0.244220443044447, 39.65715425135528 ], [ -0.246441090946972, 39.65715425135528 ], [ -0.246441090946972, 39.656713225163855 ], [ -0.247921522881989, 39.656713225163855 ], [ -0.247921522881989, 39.656272196158376 ], [ -0.250882386752022, 39.656272196158376 ], [ -0.250882386752022, 39.656713225163855 ], [ -0.251622602719531, 39.656713225163855 ], [ -0.251622602719531, 39.65715425135528 ], [ -0.252362818687039, 39.65715425135528 ], [ -0.252362818687039, 39.65759527473265 ], [ -0.253843250622056, 39.65759527473265 ], [ -0.253843250622056, 39.658918327980295 ], [ -0.254583466589564, 39.658918327980295 ], [ -0.254583466589564, 39.660682359579802 ], [ -0.255323682557072, 39.660682359579802 ], [ -0.255323682557072, 39.662446346153274 ], [ -0.254583466589564, 39.662446346153274 ], [ -0.254583466589564, 39.664210287700207 ], [ -0.253843250622056, 39.664210287700207 ], [ -0.253843250622056, 39.665533214311417 ], [ -0.253103034654547, 39.665533214311417 ], [ -0.253103034654547, 39.667297077060631 ], [ -0.252362818687039, 39.667297077060631 ], [ -0.252362818687039, 39.66906089478185 ], [ -0.251622602719531, 39.66906089478185 ], [ -0.251622602719531, 39.670383728522836 ], [ -0.250142170784514, 39.670383728522836 ], [ -0.250142170784514, 39.670824667474562 ], [ -0.249401954817006, 39.670824667474562 ], [ -0.249401954817006, 39.671265603611971 ], [ -0.247921522881989, 39.671265603611971 ], [ -0.247921522881989, 39.671706536935069 ], [ -0.246441090946972, 39.671706536935069 ], [ -0.246441090946972, 39.671265603611971 ], [ -0.245700874979464, 39.671265603611971 ], [ -0.245700874979464, 39.670824667474562 ], [ -0.244960659011956, 39.670824667474562 ], [ -0.244960659011956, 39.670383728522836 ] ] ], [ [ [ 1.667017185062072, 41.320406885519908 ], [ 1.667017185062072, 41.319976656407619 ], [ 1.66775740102958, 41.319976656407619 ], [ 1.66775740102958, 41.319116189662658 ], [ 1.668497616997088, 41.319116189662658 ], [ 1.668497616997088, 41.317395222091427 ], [ 1.669237832964597, 41.317395222091427 ], [ 1.669237832964597, 41.315674209078693 ], [ 1.669978048932105, 41.315674209078693 ], [ 1.669978048932105, 41.31395315062484 ], [ 1.670718264899614, 41.31395315062484 ], [ 1.670718264899614, 41.311801763656462 ], [ 1.669978048932105, 41.311801763656462 ], [ 1.669978048932105, 41.310080602961357 ], [ 1.669237832964597, 41.310080602961357 ], [ 1.669237832964597, 41.308359396826262 ], [ 1.668497616997088, 41.308359396826262 ], [ 1.668497616997088, 41.307929088192537 ], [ 1.66775740102958, 41.307929088192537 ], [ 1.66775740102958, 41.30749877671883 ], [ 1.667017185062072, 41.30749877671883 ], [ 1.667017185062072, 41.307068462405169 ], [ 1.665536753127055, 41.307068462405169 ], [ 1.665536753127055, 41.306638145251547 ], [ 1.662575889257022, 41.306638145251547 ], [ 1.662575889257022, 41.307068462405169 ], [ 1.660355241354497, 41.307068462405169 ], [ 1.660355241354497, 41.30749877671883 ], [ 1.658134593451972, 41.30749877671883 ], [ 1.658134593451972, 41.307929088192537 ], [ 1.656654161516955, 41.307929088192537 ], [ 1.656654161516955, 41.308359396826262 ], [ 1.655913945549446, 41.308359396826262 ], [ 1.655913945549446, 41.311371477742703 ], [ 1.655173729581938, 41.311371477742703 ], [ 1.655173729581938, 41.314383419498391 ], [ 1.655913945549446, 41.314383419498391 ], [ 1.655913945549446, 41.315674209078693 ], [ 1.656654161516955, 41.315674209078693 ], [ 1.656654161516955, 41.316534721265214 ], [ 1.657394377484463, 41.316534721265214 ], [ 1.657394377484463, 41.317825468244379 ], [ 1.658134593451972, 41.317825468244379 ], [ 1.658134593451972, 41.318685952030009 ], [ 1.65887480941948, 41.318685952030009 ], [ 1.65887480941948, 41.319116189662658 ], [ 1.659615025386988, 41.319116189662658 ], [ 1.659615025386988, 41.319546424455204 ], [ 1.660355241354497, 41.319546424455204 ], [ 1.660355241354497, 41.319976656407619 ], [ 1.661095457322005, 41.319976656407619 ], [ 1.661095457322005, 41.320406885519908 ], [ 1.661835673289513, 41.320406885519908 ], [ 1.661835673289513, 41.320837111792073 ], [ 1.662575889257022, 41.320837111792073 ], [ 1.662575889257022, 41.321267335224093 ], [ 1.664796537159547, 41.321267335224093 ], [ 1.664796537159547, 41.320837111792073 ], [ 1.665536753127055, 41.320837111792073 ], [ 1.665536753127055, 41.320406885519908 ], [ 1.667017185062072, 41.320406885519908 ] ] ], [ [ [ 0.453062998348404, 42.462356187696031 ], [ 0.453803214315912, 42.462356187696031 ], [ 0.453803214315912, 42.46193358206019 ], [ 0.45454343028342, 42.46193358206019 ], [ 0.45454343028342, 42.461510973571876 ], [ 0.455283646250928, 42.461510973571876 ], [ 0.455283646250928, 42.46108836223106 ], [ 0.456023862218437, 42.46108836223106 ], [ 0.456023862218437, 42.459820511093746 ], [ 0.455283646250928, 42.459820511093746 ], [ 0.455283646250928, 42.455171503950794 ], [ 0.45454343028342, 42.455171503950794 ], [ 0.45454343028342, 42.45136751411497 ], [ 0.453803214315912, 42.45136751411497 ], [ 0.453803214315912, 42.450099466159784 ], [ 0.453062998348404, 42.450099466159784 ], [ 0.453062998348404, 42.448831392533123 ], [ 0.452322782380895, 42.448831392533123 ], [ 0.452322782380895, 42.447985995853479 ], [ 0.451582566413387, 42.447985995853479 ], [ 0.451582566413387, 42.44671787944128 ], [ 0.450842350445879, 42.44671787944128 ], [ 0.450842350445879, 42.445449737357904 ], [ 0.45010213447837, 42.445449737357904 ], [ 0.45010213447837, 42.444604295040591 ], [ 0.449361918510862, 42.444604295040591 ], [ 0.449361918510862, 42.443336110172119 ], [ 0.446401054640829, 42.443336110172119 ], [ 0.446401054640829, 42.443758841313951 ], [ 0.444920622705812, 42.443758841313951 ], [ 0.444920622705812, 42.44418156960343 ], [ 0.442699974803287, 42.44418156960343 ], [ 0.442699974803287, 42.444604295040591 ], [ 0.44121954286827, 42.444604295040591 ], [ 0.44121954286827, 42.445027017625421 ], [ 0.439739110933254, 42.445027017625421 ], [ 0.439739110933254, 42.445449737357904 ], [ 0.438258678998237, 42.445449737357904 ], [ 0.438258678998237, 42.445872454238042 ], [ 0.430116303355645, 42.445872454238042 ], [ 0.430116303355645, 42.44671787944128 ], [ 0.429376087388137, 42.44671787944128 ], [ 0.429376087388137, 42.44714058776438 ], [ 0.428635871420629, 42.44714058776438 ], [ 0.428635871420629, 42.447563293235106 ], [ 0.42789565545312, 42.447563293235106 ], [ 0.42789565545312, 42.447985995853479 ], [ 0.427155439485612, 42.447985995853479 ], [ 0.427155439485612, 42.448408695619484 ], [ 0.426415223518103, 42.448408695619484 ], [ 0.426415223518103, 42.448831392533123 ], [ 0.425675007550595, 42.448831392533123 ], [ 0.425675007550595, 42.449254086594394 ], [ 0.424934791583087, 42.449254086594394 ], [ 0.424934791583087, 42.449676777803276 ], [ 0.424194575615579, 42.449676777803276 ], [ 0.424194575615579, 42.450099466159784 ], [ 0.42345435964807, 42.450099466159784 ], [ 0.42345435964807, 42.450522151663897 ], [ 0.422714143680562, 42.450522151663897 ], [ 0.422714143680562, 42.450944834315635 ], [ 0.421973927713053, 42.450944834315635 ], [ 0.421973927713053, 42.45136751411497 ], [ 0.421233711745545, 42.45136751411497 ], [ 0.421233711745545, 42.451790191061924 ], [ 0.420493495778037, 42.451790191061924 ], [ 0.420493495778037, 42.458130002976084 ], [ 0.421233711745545, 42.458130002976084 ], [ 0.421233711745545, 42.460243130991991 ], [ 0.421973927713053, 42.460243130991991 ], [ 0.421973927713053, 42.46108836223106 ], [ 0.422714143680562, 42.46108836223106 ], [ 0.422714143680562, 42.461510973571876 ], [ 0.42345435964807, 42.461510973571876 ], [ 0.42345435964807, 42.462356187696031 ], [ 0.429376087388137, 42.462356187696031 ], [ 0.429376087388137, 42.461510973571876 ], [ 0.430116303355645, 42.461510973571876 ], [ 0.430116303355645, 42.460665748037762 ], [ 0.430856519323154, 42.460665748037762 ], [ 0.430856519323154, 42.459820511093746 ], [ 0.43233695125817, 42.459820511093746 ], [ 0.43233695125817, 42.460243130991991 ], [ 0.433817383193187, 42.460243130991991 ], [ 0.433817383193187, 42.460665748037762 ], [ 0.435297815128204, 42.460665748037762 ], [ 0.435297815128204, 42.46108836223106 ], [ 0.43677824706322, 42.46108836223106 ], [ 0.43677824706322, 42.461510973571876 ], [ 0.437518463030728, 42.461510973571876 ], [ 0.437518463030728, 42.46108836223106 ], [ 0.439739110933254, 42.46108836223106 ], [ 0.439739110933254, 42.460665748037762 ], [ 0.441959758835779, 42.460665748037762 ], [ 0.441959758835779, 42.460243130991991 ], [ 0.444920622705812, 42.460243130991991 ], [ 0.444920622705812, 42.460665748037762 ], [ 0.44566083867332, 42.460665748037762 ], [ 0.44566083867332, 42.46108836223106 ], [ 0.446401054640829, 42.46108836223106 ], [ 0.446401054640829, 42.46193358206019 ], [ 0.447141270608337, 42.46193358206019 ], [ 0.447141270608337, 42.462356187696031 ], [ 0.447881486575845, 42.462356187696031 ], [ 0.447881486575845, 42.462778790479376 ], [ 0.448621702543353, 42.462778790479376 ], [ 0.448621702543353, 42.463623987488582 ], [ 0.449361918510862, 42.463623987488582 ], [ 0.449361918510862, 42.46404658171442 ], [ 0.451582566413387, 42.46404658171442 ], [ 0.451582566413387, 42.463623987488582 ], [ 0.452322782380895, 42.463623987488582 ], [ 0.452322782380895, 42.463201390410227 ], [ 0.453062998348404, 42.463201390410227 ], [ 0.453062998348404, 42.462356187696031 ] ] ], [ [ [ 0.771355864376987, 42.585213221552657 ], [ 0.771355864376987, 42.584791446147328 ], [ 0.772096080344496, 42.584791446147328 ], [ 0.772096080344496, 42.584369667888453 ], [ 0.77431672824702, 42.584369667888453 ], [ 0.77431672824702, 42.584791446147328 ], [ 0.775056944214529, 42.584791446147328 ], [ 0.775056944214529, 42.585213221552657 ], [ 0.776537376149546, 42.585213221552657 ], [ 0.776537376149546, 42.585634994104439 ], [ 0.777277592117054, 42.585634994104439 ], [ 0.777277592117054, 42.586056763802652 ], [ 0.780238455987087, 42.586056763802652 ], [ 0.780238455987087, 42.585634994104439 ], [ 0.780978671954596, 42.585634994104439 ], [ 0.780978671954596, 42.585213221552657 ], [ 0.781718887922104, 42.585213221552657 ], [ 0.781718887922104, 42.584791446147328 ], [ 0.782459103889612, 42.584791446147328 ], [ 0.782459103889612, 42.584369667888453 ], [ 0.783199319857121, 42.584369667888453 ], [ 0.783199319857121, 42.583947886776031 ], [ 0.783939535824629, 42.583947886776031 ], [ 0.783939535824629, 42.583526102810062 ], [ 0.784679751792137, 42.583526102810062 ], [ 0.784679751792137, 42.58310431599056 ], [ 0.785419967759646, 42.58310431599056 ], [ 0.785419967759646, 42.582682526317519 ], [ 0.786160183727154, 42.582682526317519 ], [ 0.786160183727154, 42.582260733790939 ], [ 0.786900399694662, 42.582260733790939 ], [ 0.786900399694662, 42.581838938410847 ], [ 0.787640615662171, 42.581838938410847 ], [ 0.787640615662171, 42.581417140177216 ], [ 0.788380831629679, 42.581417140177216 ], [ 0.788380831629679, 42.580995339090066 ], [ 0.789121047597187, 42.580995339090066 ], [ 0.789121047597187, 42.579308106206341 ], [ 0.789861263564696, 42.579308106206341 ], [ 0.789861263564696, 42.574667980362733 ], [ 0.789121047597187, 42.574667980362733 ], [ 0.789121047597187, 42.57382428402326 ], [ 0.788380831629679, 42.57382428402326 ], [ 0.788380831629679, 42.573402431573349 ], [ 0.787640615662171, 42.573402431573349 ], [ 0.787640615662171, 42.572980576269977 ], [ 0.786900399694662, 42.572980576269977 ], [ 0.786900399694662, 42.57255871811315 ], [ 0.786160183727154, 42.57255871811315 ], [ 0.786160183727154, 42.572136857102876 ], [ 0.785419967759646, 42.572136857102876 ], [ 0.785419967759646, 42.571714993239169 ], [ 0.784679751792137, 42.571714993239169 ], [ 0.784679751792137, 42.571293126522015 ], [ 0.783939535824629, 42.571293126522015 ], [ 0.783939535824629, 42.569183750134791 ], [ 0.783199319857121, 42.569183750134791 ], [ 0.783199319857121, 42.567496197663459 ], [ 0.782459103889612, 42.567496197663459 ], [ 0.782459103889612, 42.567074302412117 ], [ 0.781718887922104, 42.567074302412117 ], [ 0.781718887922104, 42.566652404307369 ], [ 0.780978671954596, 42.566652404307369 ], [ 0.780978671954596, 42.566230503349217 ], [ 0.779498240019579, 42.566230503349217 ], [ 0.779498240019579, 42.565808599537682 ], [ 0.778758024052071, 42.565808599537682 ], [ 0.778758024052071, 42.565386692872764 ], [ 0.778017808084562, 42.565386692872764 ], [ 0.778017808084562, 42.564964783354441 ], [ 0.777277592117054, 42.564964783354441 ], [ 0.777277592117054, 42.564542870982748 ], [ 0.775056944214529, 42.564542870982748 ], [ 0.775056944214529, 42.564964783354441 ], [ 0.77431672824702, 42.564964783354441 ], [ 0.77431672824702, 42.565386692872764 ], [ 0.773576512279512, 42.565386692872764 ], [ 0.773576512279512, 42.565808599537682 ], [ 0.771355864376987, 42.565808599537682 ], [ 0.771355864376987, 42.564964783354441 ], [ 0.770615648409479, 42.564964783354441 ], [ 0.770615648409479, 42.564542870982748 ], [ 0.769875432441971, 42.564542870982748 ], [ 0.769875432441971, 42.563699037679221 ], [ 0.769135216474462, 42.563699037679221 ], [ 0.769135216474462, 42.563277116747408 ], [ 0.768395000506954, 42.563277116747408 ], [ 0.768395000506954, 42.562433266323673 ], [ 0.762473272766887, 42.562433266323673 ], [ 0.762473272766887, 42.563277116747408 ], [ 0.761733056799379, 42.563277116747408 ], [ 0.761733056799379, 42.564120955757673 ], [ 0.760992840831871, 42.564120955757673 ], [ 0.760992840831871, 42.564542870982748 ], [ 0.760252624864362, 42.564542870982748 ], [ 0.760252624864362, 42.567074302412117 ], [ 0.759512408896854, 42.567074302412117 ], [ 0.759512408896854, 42.571293126522015 ], [ 0.760252624864362, 42.571293126522015 ], [ 0.760252624864362, 42.572980576269977 ], [ 0.760992840831871, 42.572980576269977 ], [ 0.760992840831871, 42.574246133619731 ], [ 0.761733056799379, 42.574246133619731 ], [ 0.761733056799379, 42.574667980362733 ], [ 0.763213488734395, 42.574667980362733 ], [ 0.763213488734395, 42.575089824252274 ], [ 0.763953704701904, 42.575089824252274 ], [ 0.763953704701904, 42.575511665288339 ], [ 0.764693920669412, 42.575511665288339 ], [ 0.764693920669412, 42.575933503470942 ], [ 0.765434136636921, 42.575933503470942 ], [ 0.765434136636921, 42.576355338800063 ], [ 0.766174352604429, 42.576355338800063 ], [ 0.766174352604429, 42.577199000897878 ], [ 0.765434136636921, 42.577199000897878 ], [ 0.765434136636921, 42.57762082766655 ], [ 0.764693920669412, 42.57762082766655 ], [ 0.764693920669412, 42.578464472643439 ], [ 0.763953704701904, 42.578464472643439 ], [ 0.763953704701904, 42.578886290851635 ], [ 0.763213488734395, 42.578886290851635 ], [ 0.763213488734395, 42.58310431599056 ], [ 0.763953704701904, 42.58310431599056 ], [ 0.763953704701904, 42.585213221552657 ], [ 0.764693920669412, 42.585213221552657 ], [ 0.764693920669412, 42.585634994104439 ], [ 0.765434136636921, 42.585634994104439 ], [ 0.765434136636921, 42.586056763802652 ], [ 0.766174352604429, 42.586056763802652 ], [ 0.766174352604429, 42.586478530647305 ], [ 0.767654784539446, 42.586478530647305 ], [ 0.767654784539446, 42.586900294638404 ], [ 0.769135216474462, 42.586900294638404 ], [ 0.769135216474462, 42.586478530647305 ], [ 0.769875432441971, 42.586478530647305 ], [ 0.769875432441971, 42.585634994104439 ], [ 0.770615648409479, 42.585634994104439 ], [ 0.770615648409479, 42.585213221552657 ], [ 0.771355864376987, 42.585213221552657 ] ] ], [ [ [ 0.741747225676654, 42.700672162977241 ], [ 0.742487441644162, 42.700672162977241 ], [ 0.742487441644162, 42.700251169576056 ], [ 0.743227657611671, 42.700251169576056 ], [ 0.743227657611671, 42.69940917421021 ], [ 0.743967873579179, 42.69940917421021 ], [ 0.743967873579179, 42.698988172245535 ], [ 0.744708089546687, 42.698988172245535 ], [ 0.744708089546687, 42.698567167426383 ], [ 0.745448305514195, 42.698567167426383 ], [ 0.745448305514195, 42.696883119604948 ], [ 0.746188521481704, 42.696883119604948 ], [ 0.746188521481704, 42.694777995602578 ], [ 0.746928737449212, 42.694777995602578 ], [ 0.746928737449212, 42.69393592602043 ], [ 0.747668953416721, 42.69393592602043 ], [ 0.747668953416721, 42.693514886947682 ], [ 0.748409169384229, 42.693514886947682 ], [ 0.748409169384229, 42.692672800238846 ], [ 0.749149385351737, 42.692672800238846 ], [ 0.749149385351737, 42.692251752602779 ], [ 0.749889601319246, 42.692251752602779 ], [ 0.749889601319246, 42.686777873581562 ], [ 0.749149385351737, 42.686777873581562 ], [ 0.749149385351737, 42.686356785983719 ], [ 0.748409169384229, 42.686356785983719 ], [ 0.748409169384229, 42.685514602224885 ], [ 0.747668953416721, 42.685514602224885 ], [ 0.747668953416721, 42.684672407048524 ], [ 0.744708089546687, 42.684672407048524 ], [ 0.744708089546687, 42.685093506063893 ], [ 0.741007009709145, 42.685093506063893 ], [ 0.741007009709145, 42.684672407048524 ], [ 0.740266793741637, 42.684672407048524 ], [ 0.740266793741637, 42.684251305178783 ], [ 0.73878636180662, 42.684251305178783 ], [ 0.73878636180662, 42.683830200454665 ], [ 0.737305929871604, 42.683830200454665 ], [ 0.737305929871604, 42.684251305178783 ], [ 0.736565713904096, 42.684251305178783 ], [ 0.736565713904096, 42.684672407048524 ], [ 0.735825497936587, 42.684672407048524 ], [ 0.735825497936587, 42.685093506063893 ], [ 0.735085281969079, 42.685093506063893 ], [ 0.735085281969079, 42.685514602224885 ], [ 0.73434506600157, 42.685514602224885 ], [ 0.73434506600157, 42.685935695531491 ], [ 0.733604850034062, 42.685935695531491 ], [ 0.733604850034062, 42.686356785983719 ], [ 0.732864634066554, 42.686356785983719 ], [ 0.732864634066554, 42.687198958325013 ], [ 0.732124418099046, 42.687198958325013 ], [ 0.732124418099046, 42.688462195428997 ], [ 0.731384202131537, 42.688462195428997 ], [ 0.731384202131537, 42.689725406843344 ], [ 0.730643986164029, 42.689725406843344 ], [ 0.730643986164029, 42.690567533514184 ], [ 0.72990377019652, 42.690567533514184 ], [ 0.72990377019652, 42.691830702112277 ], [ 0.729163554229012, 42.691830702112277 ], [ 0.729163554229012, 42.693093845020478 ], [ 0.728423338261504, 42.693093845020478 ], [ 0.728423338261504, 42.694356962238729 ], [ 0.729163554229012, 42.694356962238729 ], [ 0.729163554229012, 42.695199026111972 ], [ 0.72990377019652, 42.695199026111972 ], [ 0.72990377019652, 42.696462100513408 ], [ 0.730643986164029, 42.696462100513408 ], [ 0.730643986164029, 42.697725149224624 ], [ 0.731384202131537, 42.697725149224624 ], [ 0.731384202131537, 42.698567167426383 ], [ 0.732124418099046, 42.698567167426383 ], [ 0.732124418099046, 42.699830173320379 ], [ 0.732864634066554, 42.699830173320379 ], [ 0.732864634066554, 42.700672162977241 ], [ 0.733604850034062, 42.700672162977241 ], [ 0.733604850034062, 42.701935126053762 ], [ 0.73434506600157, 42.701935126053762 ], [ 0.73434506600157, 42.702356108036916 ], [ 0.739526577774129, 42.702356108036916 ], [ 0.739526577774129, 42.701935126053762 ], [ 0.740266793741637, 42.701935126053762 ], [ 0.740266793741637, 42.701514141216094 ], [ 0.741007009709145, 42.701514141216094 ], [ 0.741007009709145, 42.701093153523928 ], [ 0.741747225676654, 42.701093153523928 ], [ 0.741747225676654, 42.700672162977241 ] ] ], [ [ [ 2.957213616429098, 43.969345605386941 ], [ 2.957953832396607, 43.969345605386941 ], [ 2.957953832396607, 43.968108730488808 ], [ 2.958694048364115, 43.968108730488808 ], [ 2.958694048364115, 43.967284132914074 ], [ 2.96091469626664, 43.967284132914074 ], [ 2.96091469626664, 43.96687182983392 ], [ 2.963135344169165, 43.96687182983392 ], [ 2.963135344169165, 43.966459523891892 ], [ 2.964615776104182, 43.966459523891892 ], [ 2.964615776104182, 43.964810271505257 ], [ 2.96535599207169, 43.964810271505257 ], [ 2.96535599207169, 43.962748641630313 ], [ 2.966096208039199, 43.962748641630313 ], [ 2.966096208039199, 43.962336307069791 ], [ 2.96535599207169, 43.962336307069791 ], [ 2.96535599207169, 43.959862239608 ], [ 2.964615776104182, 43.959862239608 ], [ 2.964615776104182, 43.957388069120206 ], [ 2.963875560136673, 43.957388069120206 ], [ 2.963875560136673, 43.95615094524166 ], [ 2.961654912234148, 43.95615094524166 ], [ 2.961654912234148, 43.955738564891838 ], [ 2.960174480299131, 43.955738564891838 ], [ 2.960174480299131, 43.955326181680206 ], [ 2.957953832396607, 43.955326181680206 ], [ 2.957953832396607, 43.954913795606743 ], [ 2.955733184494082, 43.954913795606743 ], [ 2.955733184494082, 43.954501406671469 ], [ 2.954252752559065, 43.954501406671469 ], [ 2.954252752559065, 43.95408901487437 ], [ 2.95203210465654, 43.95408901487437 ], [ 2.95203210465654, 43.953676620215482 ], [ 2.949071240786507, 43.953676620215482 ], [ 2.949071240786507, 43.95408901487437 ], [ 2.948331024818998, 43.95408901487437 ], [ 2.948331024818998, 43.954913795606743 ], [ 2.94759080885149, 43.954913795606743 ], [ 2.94759080885149, 43.955326181680206 ], [ 2.946850592883981, 43.955326181680206 ], [ 2.946850592883981, 43.95615094524166 ], [ 2.946110376916474, 43.95615094524166 ], [ 2.946110376916474, 43.958625167242332 ], [ 2.945370160948965, 43.958625167242332 ], [ 2.945370160948965, 43.961511629363216 ], [ 2.944629944981457, 43.961511629363216 ], [ 2.944629944981457, 43.963985628140826 ], [ 2.945370160948965, 43.963985628140826 ], [ 2.945370160948965, 43.965222588894697 ], [ 2.946110376916474, 43.965222588894697 ], [ 2.946110376916474, 43.966047215088011 ], [ 2.946850592883981, 43.966047215088011 ], [ 2.946850592883981, 43.967284132914074 ], [ 2.94759080885149, 43.967284132914074 ], [ 2.94759080885149, 43.968108730488808 ], [ 2.948331024818998, 43.968108730488808 ], [ 2.948331024818998, 43.969345605386941 ], [ 2.949071240786507, 43.969345605386941 ], [ 2.949071240786507, 43.970170174343032 ], [ 2.949811456754015, 43.970170174343032 ], [ 2.949811456754015, 43.97058245452827 ], [ 2.95203210465654, 43.97058245452827 ], [ 2.95203210465654, 43.970994731851633 ], [ 2.954252752559065, 43.970994731851633 ], [ 2.954252752559065, 43.971407006313129 ], [ 2.955733184494082, 43.971407006313129 ], [ 2.955733184494082, 43.970994731851633 ], [ 2.95647340046159, 43.970994731851633 ], [ 2.95647340046159, 43.970170174343032 ], [ 2.957213616429098, 43.970170174343032 ], [ 2.957213616429098, 43.969345605386941 ] ] ] ] } }
]
}
