{
"type": "FeatureCollection",
"name": "spain_fires_nrt_ba",
"crs": { "type": "name", "properties": { "name": "urn:ogc:def:crs:OGC:1.3:CRS84" } },
"features": [
{ "type": "Feature", "properties": { }, "geometry": { "type": "MultiPolygon", "coordinates": [ [ [ [ -6.564184373630607, 37.613789921133709 ], [ -6.563444157663099, 37.613789921133709 ], [ -6.563444157663099, 37.612882356101778 ], [ -6.56270394169559, 37.612882356101778 ], [ -6.56270394169559, 37.612428569432247 ], [ -6.561963725728082, 37.612428569432247 ], [ -6.561963725728082, 37.605621437112248 ], [ -6.561223509760573, 37.605621437112248 ], [ -6.561223509760573, 37.604259935887903 ], [ -6.559743077825557, 37.604259935887903 ], [ -6.559743077825557, 37.604713772398178 ], [ -6.559002861858048, 37.604713772398178 ], [ -6.559002861858048, 37.605621437112248 ], [ -6.558262645890541, 37.605621437112248 ], [ -6.558262645890541, 37.606075265316001 ], [ -6.557522429923032, 37.606075265316001 ], [ -6.557522429923032, 37.60652909075089 ], [ -6.556782213955524, 37.60652909075089 ], [ -6.556782213955524, 37.6069829134169 ], [ -6.556041997988016, 37.6069829134169 ], [ -6.556041997988016, 37.607436733314024 ], [ -6.555301782020508, 37.607436733314024 ], [ -6.555301782020508, 37.607890550442235 ], [ -6.553081134117982, 37.607890550442235 ], [ -6.553081134117982, 37.607436733314024 ], [ -6.551600702182965, 37.607436733314024 ], [ -6.551600702182965, 37.6069829134169 ], [ -6.550860486215457, 37.6069829134169 ], [ -6.550860486215457, 37.60652909075089 ], [ -6.54938005428044, 37.60652909075089 ], [ -6.54938005428044, 37.606075265316001 ], [ -6.547899622345424, 37.606075265316001 ], [ -6.547899622345424, 37.605621437112248 ], [ -6.547159406377915, 37.605621437112248 ], [ -6.547159406377915, 37.603806096608785 ], [ -6.546419190410407, 37.603806096608785 ], [ -6.546419190410407, 37.601990711804383 ], [ -6.545678974442899, 37.601990711804383 ], [ -6.545678974442899, 37.601536858681335 ], [ -6.546419190410407, 37.601536858681335 ], [ -6.546419190410407, 37.600175282699752 ], [ -6.547159406377915, 37.600175282699752 ], [ -6.547159406377915, 37.598813681799726 ], [ -6.547899622345424, 37.598813681799726 ], [ -6.547899622345424, 37.596998175171528 ], [ -6.547159406377915, 37.596998175171528 ], [ -6.547159406377915, 37.596544291592856 ], [ -6.546419190410407, 37.596544291592856 ], [ -6.546419190410407, 37.595636516129659 ], [ -6.545678974442899, 37.595636516129659 ], [ -6.545678974442899, 37.595182624245162 ], [ -6.54493875847539, 37.595182624245162 ], [ -6.54493875847539, 37.594728729592063 ], [ -6.544198542507881, 37.594728729592063 ], [ -6.544198542507881, 37.589281777809212 ], [ -6.542718110572865, 37.589281777809212 ], [ -6.542718110572865, 37.588827847165525 ], [ -6.541237678637849, 37.588827847165525 ], [ -6.541237678637849, 37.588373913753394 ], [ -6.54049746267034, 37.588373913753394 ], [ -6.54049746267034, 37.587919977572859 ], [ -6.539017030735324, 37.587919977572859 ], [ -6.539017030735324, 37.586558152420871 ], [ -6.538276814767816, 37.586558152420871 ], [ -6.538276814767816, 37.585196302353559 ], [ -6.537536598800307, 37.585196302353559 ], [ -6.537536598800307, 37.585650255144344 ], [ -6.535315950897782, 37.585650255144344 ], [ -6.535315950897782, 37.586104205166784 ], [ -6.533835518962765, 37.586104205166784 ], [ -6.533835518962765, 37.586558152420871 ], [ -6.53161487106024, 37.586558152420871 ], [ -6.53161487106024, 37.587012096906584 ], [ -6.530874655092732, 37.587012096906584 ], [ -6.530874655092732, 37.586558152420871 ], [ -6.529394223157715, 37.586558152420871 ], [ -6.529394223157715, 37.586104205166784 ], [ -6.528654007190207, 37.586104205166784 ], [ -6.528654007190207, 37.585650255144344 ], [ -6.52717357525519, 37.585650255144344 ], [ -6.52717357525519, 37.584288388467002 ], [ -6.526433359287681, 37.584288388467002 ], [ -6.526433359287681, 37.581564580368237 ], [ -6.525693143320173, 37.581564580368237 ], [ -6.525693143320173, 37.57884067261282 ], [ -6.524952927352666, 37.57884067261282 ], [ -6.524952927352666, 37.573392558141983 ], [ -6.522732279450141, 37.573392558141983 ], [ -6.522732279450141, 37.572938530610259 ], [ -6.519771415580108, 37.572938530610259 ], [ -6.519771415580108, 37.572484500310523 ], [ -6.519031199612598, 37.572484500310523 ], [ -6.519031199612598, 37.571576431407031 ], [ -6.518290983645089, 37.571576431407031 ], [ -6.518290983645089, 37.570668351431607 ], [ -6.517550767677582, 37.570668351431607 ], [ -6.517550767677582, 37.569760260384321 ], [ -6.516810551710074, 37.569760260384321 ], [ -6.516810551710074, 37.568852158265301 ], [ -6.516070335742565, 37.568852158265301 ], [ -6.516070335742565, 37.567944045074604 ], [ -6.515330119775057, 37.567944045074604 ], [ -6.515330119775057, 37.56658185452941 ], [ -6.514589903807549, 37.56658185452941 ], [ -6.514589903807549, 37.566127785478614 ], [ -6.513109471872531, 37.566127785478614 ], [ -6.513109471872531, 37.565673713659976 ], [ -6.512369255905024, 37.565673713659976 ], [ -6.512369255905024, 37.565219639073504 ], [ -6.511629039937516, 37.565219639073504 ], [ -6.511629039937516, 37.564765561719206 ], [ -6.510888823970006, 37.564765561719206 ], [ -6.510888823970006, 37.564311481597102 ], [ -6.510148608002498, 37.564311481597102 ], [ -6.510148608002498, 37.563857398707192 ], [ -6.50940839203499, 37.563857398707192 ], [ -6.50940839203499, 37.563403313049498 ], [ -6.508668176067482, 37.563403313049498 ], [ -6.508668176067482, 37.562949224624035 ], [ -6.507927960099973, 37.562949224624035 ], [ -6.507927960099973, 37.562495133430801 ], [ -6.501266016392399, 37.562495133430801 ], [ -6.501266016392399, 37.562041039469818 ], [ -6.50052580042489, 37.562041039469818 ], [ -6.50052580042489, 37.561586942741094 ], [ -6.499045368489874, 37.561586942741094 ], [ -6.499045368489874, 37.561132843244636 ], [ -6.498305152522366, 37.561132843244636 ], [ -6.498305152522366, 37.564311481597102 ], [ -6.497564936554856, 37.564311481597102 ], [ -6.497564936554856, 37.564765561719206 ], [ -6.496824720587348, 37.564765561719206 ], [ -6.496824720587348, 37.565673713659976 ], [ -6.496084504619841, 37.565673713659976 ], [ -6.496084504619841, 37.56658185452941 ], [ -6.493123640749808, 37.56658185452941 ], [ -6.493123640749808, 37.566127785478614 ], [ -6.490902992847282, 37.566127785478614 ], [ -6.490902992847282, 37.565673713659976 ], [ -6.489422560912264, 37.565673713659976 ], [ -6.489422560912264, 37.565219639073504 ], [ -6.488682344944757, 37.565219639073504 ], [ -6.488682344944757, 37.562041039469818 ], [ -6.487942128977249, 37.562041039469818 ], [ -6.487942128977249, 37.558862304246858 ], [ -6.488682344944757, 37.558862304246858 ], [ -6.488682344944757, 37.55840818814427 ], [ -6.489422560912264, 37.55840818814427 ], [ -6.489422560912264, 37.557954069274039 ], [ -6.490162776879773, 37.557954069274039 ], [ -6.490162776879773, 37.557045823230688 ], [ -6.490902992847282, 37.557045823230688 ], [ -6.490902992847282, 37.553866874899796 ], [ -6.490162776879773, 37.553866874899796 ], [ -6.490162776879773, 37.551141954110889 ], [ -6.490902992847282, 37.551141954110889 ], [ -6.490902992847282, 37.549325284902253 ], [ -6.49164320881479, 37.549325284902253 ], [ -6.49164320881479, 37.547962753937895 ], [ -6.492383424782298, 37.547962753937895 ], [ -6.492383424782298, 37.546146007242164 ], [ -6.493123640749808, 37.546146007242164 ], [ -6.493123640749808, 37.544329216269119 ], [ -6.493863856717316, 37.544329216269119 ], [ -6.493863856717316, 37.542966593982797 ], [ -6.48720191300974, 37.542966593982797 ], [ -6.48720191300974, 37.542512381019499 ], [ -6.486461697042232, 37.542512381019499 ], [ -6.486461697042232, 37.541603946791213 ], [ -6.484981265107216, 37.541603946791213 ], [ -6.484981265107216, 37.542512381019499 ], [ -6.484241049139707, 37.542512381019499 ], [ -6.484241049139707, 37.542966593982797 ], [ -6.483500833172198, 37.542966593982797 ], [ -6.483500833172198, 37.54342080417883 ], [ -6.47831932139964, 37.54342080417883 ], [ -6.47831932139964, 37.542512381019499 ], [ -6.477579105432133, 37.542512381019499 ], [ -6.477579105432133, 37.541149725526246 ], [ -6.476838889464624, 37.541149725526246 ], [ -6.476838889464624, 37.540241274694701 ], [ -6.476098673497115, 37.540241274694701 ], [ -6.476098673497115, 37.539332812794434 ], [ -6.475358457529607, 37.539332812794434 ], [ -6.475358457529607, 37.541149725526246 ], [ -6.474618241562099, 37.541149725526246 ], [ -6.474618241562099, 37.542058165288971 ], [ -6.47387802559459, 37.542058165288971 ], [ -6.47387802559459, 37.54342080417883 ], [ -6.474618241562099, 37.54342080417883 ], [ -6.474618241562099, 37.544329216269119 ], [ -6.475358457529607, 37.544329216269119 ], [ -6.475358457529607, 37.544783418163334 ], [ -6.476098673497115, 37.544783418163334 ], [ -6.476098673497115, 37.545237617290262 ], [ -6.476838889464624, 37.545237617290262 ], [ -6.476838889464624, 37.550687790959891 ], [ -6.476098673497115, 37.550687790959891 ], [ -6.476098673497115, 37.551141954110889 ], [ -6.475358457529607, 37.551141954110889 ], [ -6.475358457529607, 37.552050272110492 ], [ -6.476098673497115, 37.552050272110492 ], [ -6.476098673497115, 37.552504426959068 ], [ -6.476838889464624, 37.552504426959068 ], [ -6.476838889464624, 37.553412728353734 ], [ -6.477579105432133, 37.553412728353734 ], [ -6.477579105432133, 37.553866874899796 ], [ -6.47831932139964, 37.553866874899796 ], [ -6.47831932139964, 37.554321018678323 ], [ -6.479059537367148, 37.554321018678323 ], [ -6.479059537367148, 37.55522929793274 ], [ -6.47831932139964, 37.55522929793274 ], [ -6.47831932139964, 37.558862304246858 ], [ -6.477579105432133, 37.558862304246858 ], [ -6.477579105432133, 37.560678740980471 ], [ -6.476838889464624, 37.560678740980471 ], [ -6.476838889464624, 37.561132843244636 ], [ -6.475358457529607, 37.561132843244636 ], [ -6.475358457529607, 37.561586942741094 ], [ -6.474618241562099, 37.561586942741094 ], [ -6.474618241562099, 37.562041039469818 ], [ -6.472397593659574, 37.562041039469818 ], [ -6.472397593659574, 37.561586942741094 ], [ -6.471657377692065, 37.561586942741094 ], [ -6.471657377692065, 37.561132843244636 ], [ -6.470176945757049, 37.561132843244636 ], [ -6.470176945757049, 37.560678740980471 ], [ -6.46943672978954, 37.560678740980471 ], [ -6.46943672978954, 37.559316417581776 ], [ -6.468696513822032, 37.559316417581776 ], [ -6.468696513822032, 37.554775159689306 ], [ -6.467956297854524, 37.554775159689306 ], [ -6.467956297854524, 37.553866874899796 ], [ -6.467216081887016, 37.553866874899796 ], [ -6.467216081887016, 37.553412728353734 ], [ -6.466475865919507, 37.553412728353734 ], [ -6.466475865919507, 37.552504426959068 ], [ -6.465735649951998, 37.552504426959068 ], [ -6.465735649951998, 37.552050272110492 ], [ -6.46499543398449, 37.552050272110492 ], [ -6.46499543398449, 37.552958579040151 ], [ -6.464255218016982, 37.552958579040151 ], [ -6.464255218016982, 37.553412728353734 ], [ -6.46499543398449, 37.553412728353734 ], [ -6.46499543398449, 37.553866874899796 ], [ -6.466475865919507, 37.553866874899796 ], [ -6.466475865919507, 37.554775159689306 ], [ -6.467216081887016, 37.554775159689306 ], [ -6.467216081887016, 37.556591696057595 ], [ -6.467956297854524, 37.556591696057595 ], [ -6.467956297854524, 37.558862304246858 ], [ -6.467216081887016, 37.558862304246858 ], [ -6.467216081887016, 37.560224635948593 ], [ -6.466475865919507, 37.560224635948593 ], [ -6.466475865919507, 37.561132843244636 ], [ -6.465735649951998, 37.561132843244636 ], [ -6.465735649951998, 37.562495133430801 ], [ -6.46499543398449, 37.562495133430801 ], [ -6.46499543398449, 37.562949224624035 ], [ -6.462034570114457, 37.562949224624035 ], [ -6.462034570114457, 37.562495133430801 ], [ -6.459813922211932, 37.562495133430801 ], [ -6.459813922211932, 37.562041039469818 ], [ -6.458333490276916, 37.562041039469818 ], [ -6.458333490276916, 37.560678740980471 ], [ -6.457593274309406, 37.560678740980471 ], [ -6.457593274309406, 37.556137566116902 ], [ -6.456112842374391, 37.556137566116902 ], [ -6.456112842374391, 37.55568343340861 ], [ -6.455372626406882, 37.55568343340861 ], [ -6.455372626406882, 37.556591696057595 ], [ -6.456112842374391, 37.556591696057595 ], [ -6.456112842374391, 37.557499947636188 ], [ -6.456853058341898, 37.557499947636188 ], [ -6.456853058341898, 37.55840818814427 ], [ -6.456112842374391, 37.55840818814427 ], [ -6.456112842374391, 37.562041039469818 ], [ -6.455372626406882, 37.562041039469818 ], [ -6.455372626406882, 37.563403313049498 ], [ -6.454632410439373, 37.563403313049498 ], [ -6.454632410439373, 37.563857398707192 ], [ -6.452411762536848, 37.563857398707192 ], [ -6.452411762536848, 37.564311481597102 ], [ -6.450191114634324, 37.564311481597102 ], [ -6.450191114634324, 37.564765561719206 ], [ -6.448710682699307, 37.564765561719206 ], [ -6.448710682699307, 37.563857398707192 ], [ -6.447970466731798, 37.563857398707192 ], [ -6.447970466731798, 37.563403313049498 ], [ -6.44723025076429, 37.563403313049498 ], [ -6.44723025076429, 37.562495133430801 ], [ -6.446490034796782, 37.562495133430801 ], [ -6.446490034796782, 37.561586942741094 ], [ -6.445749818829274, 37.561586942741094 ], [ -6.445749818829274, 37.557499947636188 ], [ -6.446490034796782, 37.557499947636188 ], [ -6.446490034796782, 37.556591696057595 ], [ -6.44723025076429, 37.556591696057595 ], [ -6.44723025076429, 37.55522929793274 ], [ -6.446490034796782, 37.55522929793274 ], [ -6.446490034796782, 37.554321018678323 ], [ -6.445749818829274, 37.554321018678323 ], [ -6.445749818829274, 37.553866874899796 ], [ -6.445009602861765, 37.553866874899796 ], [ -6.445009602861765, 37.553412728353734 ], [ -6.444269386894257, 37.553412728353734 ], [ -6.444269386894257, 37.547962753937895 ], [ -6.445009602861765, 37.547962753937895 ], [ -6.445009602861765, 37.547054386124735 ], [ -6.445749818829274, 37.547054386124735 ], [ -6.445749818829274, 37.546600198067125 ], [ -6.445009602861765, 37.546600198067125 ], [ -6.445009602861765, 37.546146007242164 ], [ -6.444269386894257, 37.546146007242164 ], [ -6.444269386894257, 37.545691813649867 ], [ -6.443529170926749, 37.545691813649867 ], [ -6.443529170926749, 37.544783418163334 ], [ -6.44278895495924, 37.544783418163334 ], [ -6.44278895495924, 37.544329216269119 ], [ -6.442048738991732, 37.544329216269119 ], [ -6.442048738991732, 37.542512381019499 ], [ -6.44278895495924, 37.542512381019499 ], [ -6.44278895495924, 37.538878577693573 ], [ -6.443529170926749, 37.538878577693573 ], [ -6.443529170926749, 37.537970099190403 ], [ -6.445009602861765, 37.537970099190403 ], [ -6.445009602861765, 37.537515855788129 ], [ -6.447970466731798, 37.537515855788129 ], [ -6.447970466731798, 37.537061609618732 ], [ -6.450191114634324, 37.537061609618732 ], [ -6.450191114634324, 37.537970099190403 ], [ -6.450931330601832, 37.537970099190403 ], [ -6.450931330601832, 37.538878577693573 ], [ -6.451671546569341, 37.538878577693573 ], [ -6.451671546569341, 37.540241274694701 ], [ -6.452411762536848, 37.540241274694701 ], [ -6.452411762536848, 37.541149725526246 ], [ -6.453151978504357, 37.541149725526246 ], [ -6.453151978504357, 37.538878577693573 ], [ -6.453892194471866, 37.538878577693573 ], [ -6.453892194471866, 37.537061609618732 ], [ -6.454632410439373, 37.537061609618732 ], [ -6.454632410439373, 37.536607360682268 ], [ -6.456112842374391, 37.536607360682268 ], [ -6.456112842374391, 37.536153108978688 ], [ -6.458333490276916, 37.536153108978688 ], [ -6.458333490276916, 37.535698854508055 ], [ -6.461294354146948, 37.535698854508055 ], [ -6.461294354146948, 37.536153108978688 ], [ -6.462034570114457, 37.536153108978688 ], [ -6.462034570114457, 37.537061609618732 ], [ -6.462774786081965, 37.537061609618732 ], [ -6.462774786081965, 37.537515855788129 ], [ -6.463515002049473, 37.537515855788129 ], [ -6.463515002049473, 37.537061609618732 ], [ -6.464255218016982, 37.537061609618732 ], [ -6.464255218016982, 37.536153108978688 ], [ -6.46499543398449, 37.536153108978688 ], [ -6.46499543398449, 37.535698854508055 ], [ -6.464255218016982, 37.535698854508055 ], [ -6.464255218016982, 37.534790337265591 ], [ -6.463515002049473, 37.534790337265591 ], [ -6.463515002049473, 37.534336074493794 ], [ -6.462774786081965, 37.534336074493794 ], [ -6.462774786081965, 37.533881808954966 ], [ -6.462034570114457, 37.533881808954966 ], [ -6.462034570114457, 37.533427540649129 ], [ -6.461294354146948, 37.533427540649129 ], [ -6.461294354146948, 37.532973269576274 ], [ -6.46055413817944, 37.532973269576274 ], [ -6.46055413817944, 37.528430406665116 ], [ -6.461294354146948, 37.528430406665116 ], [ -6.461294354146948, 37.527521800879995 ], [ -6.462034570114457, 37.527521800879995 ], [ -6.462034570114457, 37.526613184027468 ], [ -6.462774786081965, 37.526613184027468 ], [ -6.462774786081965, 37.526158871450953 ], [ -6.463515002049473, 37.526158871450953 ], [ -6.463515002049473, 37.525704556107634 ], [ -6.464255218016982, 37.525704556107634 ], [ -6.464255218016982, 37.525250237997497 ], [ -6.467216081887016, 37.525250237997497 ], [ -6.467216081887016, 37.524795917120557 ], [ -6.468696513822032, 37.524795917120557 ], [ -6.468696513822032, 37.525250237997497 ], [ -6.46943672978954, 37.525250237997497 ], [ -6.46943672978954, 37.525704556107634 ], [ -6.470176945757049, 37.525704556107634 ], [ -6.470176945757049, 37.526158871450953 ], [ -6.470917161724556, 37.526158871450953 ], [ -6.470917161724556, 37.526613184027468 ], [ -6.471657377692065, 37.526613184027468 ], [ -6.471657377692065, 37.525250237997497 ], [ -6.472397593659574, 37.525250237997497 ], [ -6.472397593659574, 37.523887267066364 ], [ -6.473137809627081, 37.523887267066364 ], [ -6.473137809627081, 37.522524271234403 ], [ -6.472397593659574, 37.522524271234403 ], [ -6.472397593659574, 37.521161250501933 ], [ -6.471657377692065, 37.521161250501933 ], [ -6.471657377692065, 37.513436996023515 ], [ -6.472397593659574, 37.513436996023515 ], [ -6.472397593659574, 37.51252820763812 ], [ -6.473137809627081, 37.51252820763812 ], [ -6.473137809627081, 37.51161940818686 ], [ -6.47387802559459, 37.51161940818686 ], [ -6.47387802559459, 37.511165004311565 ], [ -6.474618241562099, 37.511165004311565 ], [ -6.474618241562099, 37.510710597669828 ], [ -6.477579105432133, 37.510710597669828 ], [ -6.477579105432133, 37.509801776087116 ], [ -6.47831932139964, 37.509801776087116 ], [ -6.47831932139964, 37.509347361146169 ], [ -6.479059537367148, 37.509347361146169 ], [ -6.479059537367148, 37.508438522965122 ], [ -6.479799753334656, 37.508438522965122 ], [ -6.479799753334656, 37.507529673718651 ], [ -6.480539969302165, 37.507529673718651 ], [ -6.480539969302165, 37.507075244945895 ], [ -6.481280185269673, 37.507075244945895 ], [ -6.481280185269673, 37.50616637910143 ], [ -6.482020401237182, 37.50616637910143 ], [ -6.482020401237182, 37.505711942029741 ], [ -6.48276061720469, 37.505711942029741 ], [ -6.48276061720469, 37.505257502191753 ], [ -6.484981265107216, 37.505257502191753 ], [ -6.484981265107216, 37.504803059587495 ], [ -6.485721481074724, 37.504803059587495 ], [ -6.485721481074724, 37.499804008369686 ], [ -6.484981265107216, 37.499804008369686 ], [ -6.484981265107216, 37.499349532571017 ], [ -6.485721481074724, 37.499349532571017 ], [ -6.485721481074724, 37.498895054006219 ], [ -6.486461697042232, 37.498895054006219 ], [ -6.486461697042232, 37.498440572675307 ], [ -6.48720191300974, 37.498440572675307 ], [ -6.48720191300974, 37.497986088578294 ], [ -6.487942128977249, 37.497986088578294 ], [ -6.487942128977249, 37.497531601715181 ], [ -6.488682344944757, 37.497531601715181 ], [ -6.488682344944757, 37.497077112086004 ], [ -6.489422560912264, 37.497077112086004 ], [ -6.489422560912264, 37.496622619690761 ], [ -6.490162776879773, 37.496622619690761 ], [ -6.490162776879773, 37.493895607232531 ], [ -6.489422560912264, 37.493895607232531 ], [ -6.489422560912264, 37.494350116223934 ], [ -6.488682344944757, 37.494350116223934 ], [ -6.488682344944757, 37.494804622449344 ], [ -6.487942128977249, 37.494804622449344 ], [ -6.487942128977249, 37.495259125908731 ], [ -6.48720191300974, 37.495259125908731 ], [ -6.48720191300974, 37.494804622449344 ], [ -6.485721481074724, 37.494804622449344 ], [ -6.485721481074724, 37.494350116223934 ], [ -6.484981265107216, 37.494350116223934 ], [ -6.484981265107216, 37.493895607232531 ], [ -6.483500833172198, 37.493895607232531 ], [ -6.483500833172198, 37.493441095475163 ], [ -6.48276061720469, 37.493441095475163 ], [ -6.48276061720469, 37.491623020786029 ], [ -6.482020401237182, 37.491623020786029 ], [ -6.482020401237182, 37.487986738644132 ], [ -6.48276061720469, 37.487986738644132 ], [ -6.48276061720469, 37.486623087204379 ], [ -6.483500833172198, 37.486623087204379 ], [ -6.483500833172198, 37.485713972415553 ], [ -6.48276061720469, 37.485713972415553 ], [ -6.48276061720469, 37.485259410872473 ], [ -6.482020401237182, 37.485259410872473 ], [ -6.482020401237182, 37.484804846563641 ], [ -6.481280185269673, 37.484804846563641 ], [ -6.481280185269673, 37.483895709648721 ], [ -6.480539969302165, 37.483895709648721 ], [ -6.480539969302165, 37.482077402630317 ], [ -6.479799753334656, 37.482077402630317 ], [ -6.479799753334656, 37.479804456629637 ], [ -6.480539969302165, 37.479804456629637 ], [ -6.480539969302165, 37.477986050047889 ], [ -6.481280185269673, 37.477986050047889 ], [ -6.481280185269673, 37.477076830163533 ], [ -6.482020401237182, 37.477076830163533 ], [ -6.482020401237182, 37.476622216073032 ], [ -6.48276061720469, 37.476622216073032 ], [ -6.48276061720469, 37.476167599216993 ], [ -6.484241049139707, 37.476167599216993 ], [ -6.484241049139707, 37.475712979595436 ], [ -6.48720191300974, 37.475712979595436 ], [ -6.48720191300974, 37.476167599216993 ], [ -6.487942128977249, 37.476167599216993 ], [ -6.487942128977249, 37.476622216073032 ], [ -6.489422560912264, 37.476622216073032 ], [ -6.489422560912264, 37.477531441488495 ], [ -6.490162776879773, 37.477531441488495 ], [ -6.490162776879773, 37.478440655841709 ], [ -6.490902992847282, 37.478440655841709 ], [ -6.490902992847282, 37.476167599216993 ], [ -6.49164320881479, 37.476167599216993 ], [ -6.49164320881479, 37.474803732055783 ], [ -6.490902992847282, 37.474803732055783 ], [ -6.490902992847282, 37.473439840005163 ], [ -6.490162776879773, 37.473439840005163 ], [ -6.490162776879773, 37.472075923065468 ], [ -6.489422560912264, 37.472075923065468 ], [ -6.489422560912264, 37.471166631278564 ], [ -6.488682344944757, 37.471166631278564 ], [ -6.488682344944757, 37.469802672857774 ], [ -6.487942128977249, 37.469802672857774 ], [ -6.487942128977249, 37.468438689548755 ], [ -6.488682344944757, 37.468438689548755 ], [ -6.488682344944757, 37.467529353516106 ], [ -6.489422560912264, 37.467529353516106 ], [ -6.489422560912264, 37.466165328727406 ], [ -6.490162776879773, 37.466165328727406 ], [ -6.490162776879773, 37.465255965041933 ], [ -6.490902992847282, 37.465255965041933 ], [ -6.490902992847282, 37.464346590295499 ], [ -6.49164320881479, 37.464346590295499 ], [ -6.49164320881479, 37.463891898774442 ], [ -6.492383424782298, 37.463891898774442 ], [ -6.492383424782298, 37.464346590295499 ], [ -6.494604072684823, 37.464346590295499 ], [ -6.494604072684823, 37.464801279051336 ], [ -6.496824720587348, 37.464801279051336 ], [ -6.496824720587348, 37.465255965041933 ], [ -6.497564936554856, 37.465255965041933 ], [ -6.497564936554856, 37.465710648267304 ], [ -6.498305152522366, 37.465710648267304 ], [ -6.498305152522366, 37.467529353516106 ], [ -6.499045368489874, 37.467529353516106 ], [ -6.499045368489874, 37.469802672857774 ], [ -6.499785584457381, 37.469802672857774 ], [ -6.499785584457381, 37.468893353417101 ], [ -6.50052580042489, 37.468893353417101 ], [ -6.50052580042489, 37.467074681351825 ], [ -6.501266016392399, 37.467074681351825 ], [ -6.501266016392399, 37.465710648267304 ], [ -6.502006232359907, 37.465710648267304 ], [ -6.502006232359907, 37.464346590295499 ], [ -6.502746448327415, 37.464346590295499 ], [ -6.502746448327415, 37.463437204488201 ], [ -6.504226880262432, 37.463437204488201 ], [ -6.504226880262432, 37.462982507436742 ], [ -6.505707312197449, 37.462982507436742 ], [ -6.505707312197449, 37.462527807620113 ], [ -6.506447528164957, 37.462527807620113 ], [ -6.506447528164957, 37.459344831479605 ], [ -6.507187744132465, 37.459344831479605 ], [ -6.507187744132465, 37.458435384839206 ], [ -6.507927960099973, 37.458435384839206 ], [ -6.507927960099973, 37.457980657371415 ], [ -6.508668176067482, 37.457980657371415 ], [ -6.508668176067482, 37.457071194140674 ], [ -6.50940839203499, 37.457071194140674 ], [ -6.50940839203499, 37.456616458377752 ], [ -6.512369255905024, 37.456616458377752 ], [ -6.512369255905024, 37.457071194140674 ], [ -6.514589903807549, 37.457071194140674 ], [ -6.514589903807549, 37.457525927138562 ], [ -6.516070335742565, 37.457525927138562 ], [ -6.516070335742565, 37.458435384839206 ], [ -6.516810551710074, 37.458435384839206 ], [ -6.516810551710074, 37.460708980702009 ], [ -6.517550767677582, 37.460708980702009 ], [ -6.517550767677582, 37.461163691579245 ], [ -6.518290983645089, 37.461163691579245 ], [ -6.518290983645089, 37.460708980702009 ], [ -6.520511631547615, 37.460708980702009 ], [ -6.520511631547615, 37.461163691579245 ], [ -6.521251847515123, 37.461163691579245 ], [ -6.521251847515123, 37.461618399691353 ], [ -6.521992063482632, 37.461618399691353 ], [ -6.521992063482632, 37.462073105038307 ], [ -6.522732279450141, 37.462073105038307 ], [ -6.522732279450141, 37.462527807620113 ], [ -6.523472495417648, 37.462527807620113 ], [ -6.523472495417648, 37.462982507436742 ], [ -6.524212711385157, 37.462982507436742 ], [ -6.524212711385157, 37.463891898774442 ], [ -6.52717357525519, 37.463891898774442 ], [ -6.52717357525519, 37.464346590295499 ], [ -6.533095302995257, 37.464346590295499 ], [ -6.533095302995257, 37.463891898774442 ], [ -6.533835518962765, 37.463891898774442 ], [ -6.533835518962765, 37.462073105038307 ], [ -6.534575734930274, 37.462073105038307 ], [ -6.534575734930274, 37.460708980702009 ], [ -6.53605616686529, 37.460708980702009 ], [ -6.53605616686529, 37.460254267059653 ], [ -6.536796382832798, 37.460254267059653 ], [ -6.536796382832798, 37.459799550652178 ], [ -6.538276814767816, 37.459799550652178 ], [ -6.538276814767816, 37.459344831479605 ], [ -6.539757246702831, 37.459344831479605 ], [ -6.539757246702831, 37.459799550652178 ], [ -6.54049746267034, 37.459799550652178 ], [ -6.54049746267034, 37.460254267059653 ], [ -6.541977894605356, 37.460254267059653 ], [ -6.541977894605356, 37.460708980702009 ], [ -6.542718110572865, 37.460708980702009 ], [ -6.542718110572865, 37.461163691579245 ], [ -6.543458326540374, 37.461163691579245 ], [ -6.543458326540374, 37.462073105038307 ], [ -6.544198542507881, 37.462073105038307 ], [ -6.544198542507881, 37.462982507436742 ], [ -6.54493875847539, 37.462982507436742 ], [ -6.54493875847539, 37.461163691579245 ], [ -6.545678974442899, 37.461163691579245 ], [ -6.545678974442899, 37.459344831479605 ], [ -6.546419190410407, 37.459344831479605 ], [ -6.546419190410407, 37.458890109541947 ], [ -6.547899622345424, 37.458890109541947 ], [ -6.547899622345424, 37.458435384839206 ], [ -6.548639838312933, 37.458435384839206 ], [ -6.548639838312933, 37.457980657371415 ], [ -6.550860486215457, 37.457980657371415 ], [ -6.550860486215457, 37.458435384839206 ], [ -6.551600702182965, 37.458435384839206 ], [ -6.551600702182965, 37.458890109541947 ], [ -6.552340918150473, 37.458890109541947 ], [ -6.552340918150473, 37.459344831479605 ], [ -6.553081134117982, 37.459344831479605 ], [ -6.553081134117982, 37.460254267059653 ], [ -6.55382135008549, 37.460254267059653 ], [ -6.55382135008549, 37.460708980702009 ], [ -6.554561566052999, 37.460708980702009 ], [ -6.554561566052999, 37.461163691579245 ], [ -6.555301782020508, 37.461163691579245 ], [ -6.555301782020508, 37.463437204488201 ], [ -6.556041997988016, 37.463437204488201 ], [ -6.556041997988016, 37.459344831479605 ], [ -6.556782213955524, 37.459344831479605 ], [ -6.556782213955524, 37.457980657371415 ], [ -6.558262645890541, 37.457980657371415 ], [ -6.558262645890541, 37.457525927138562 ], [ -6.560483293793064, 37.457525927138562 ], [ -6.560483293793064, 37.457071194140674 ], [ -6.563444157663099, 37.457071194140674 ], [ -6.563444157663099, 37.457525927138562 ], [ -6.564184373630607, 37.457525927138562 ], [ -6.564184373630607, 37.457980657371415 ], [ -6.564924589598116, 37.457980657371415 ], [ -6.564924589598116, 37.458890109541947 ], [ -6.565664805565625, 37.458890109541947 ], [ -6.565664805565625, 37.459344831479605 ], [ -6.566405021533132, 37.459344831479605 ], [ -6.566405021533132, 37.460254267059653 ], [ -6.56714523750064, 37.460254267059653 ], [ -6.56714523750064, 37.457525927138562 ], [ -6.567885453468148, 37.457525927138562 ], [ -6.567885453468148, 37.456616458377752 ], [ -6.568625669435657, 37.456616458377752 ], [ -6.568625669435657, 37.456161719849817 ], [ -6.570106101370673, 37.456161719849817 ], [ -6.570106101370673, 37.455706978556883 ], [ -6.57158653330569, 37.455706978556883 ], [ -6.57158653330569, 37.453887985735321 ], [ -6.570846317338182, 37.453887985735321 ], [ -6.570846317338182, 37.451159413554855 ], [ -6.57158653330569, 37.451159413554855 ], [ -6.57158653330569, 37.449340310136911 ], [ -6.572326749273199, 37.449340310136911 ], [ -6.572326749273199, 37.448885527370336 ], [ -6.57158653330569, 37.448885527370336 ], [ -6.57158653330569, 37.447975953542731 ], [ -6.570846317338182, 37.447975953542731 ], [ -6.570846317338182, 37.447521162481735 ], [ -6.570106101370673, 37.447521162481735 ], [ -6.570106101370673, 37.446611572065422 ], [ -6.569365885403165, 37.446611572065422 ], [ -6.569365885403165, 37.441608627098212 ], [ -6.570106101370673, 37.441608627098212 ], [ -6.570106101370673, 37.441153797331388 ], [ -6.570846317338182, 37.441153797331388 ], [ -6.570846317338182, 37.440698964799942 ], [ -6.57158653330569, 37.440698964799942 ], [ -6.57158653330569, 37.440244129503903 ], [ -6.572326749273199, 37.440244129503903 ], [ -6.572326749273199, 37.439789291443276 ], [ -6.573066965240707, 37.439789291443276 ], [ -6.573066965240707, 37.439334450618077 ], [ -6.573807181208216, 37.439334450618077 ], [ -6.573807181208216, 37.438879607028298 ], [ -6.576027829110741, 37.438879607028298 ], [ -6.576027829110741, 37.439334450618077 ], [ -6.576768045078249, 37.439334450618077 ], [ -6.576768045078249, 37.439789291443276 ], [ -6.577508261045756, 37.439789291443276 ], [ -6.577508261045756, 37.440244129503903 ], [ -6.578248477013265, 37.440244129503903 ], [ -6.578248477013265, 37.440698964799942 ], [ -6.578988692980774, 37.440698964799942 ], [ -6.578988692980774, 37.439789291443276 ], [ -6.579728908948282, 37.439789291443276 ], [ -6.579728908948282, 37.438879607028298 ], [ -6.580469124915791, 37.438879607028298 ], [ -6.580469124915791, 37.437969911555093 ], [ -6.581209340883299, 37.437969911555093 ], [ -6.581209340883299, 37.436605347611334 ], [ -6.581949556850808, 37.436605347611334 ], [ -6.581949556850808, 37.436150487434418 ], [ -6.581209340883299, 37.436150487434418 ], [ -6.581209340883299, 37.432511506498649 ], [ -6.580469124915791, 37.432511506498649 ], [ -6.580469124915791, 37.430691949685063 ], [ -6.581209340883299, 37.430691949685063 ], [ -6.581209340883299, 37.430237053570792 ], [ -6.581949556850808, 37.430237053570792 ], [ -6.581949556850808, 37.429782154692184 ], [ -6.582689772818315, 37.429782154692184 ], [ -6.582689772818315, 37.429327253049266 ], [ -6.583429988785824, 37.429327253049266 ], [ -6.583429988785824, 37.428872348642038 ], [ -6.584170204753333, 37.428872348642038 ], [ -6.584170204753333, 37.428417441470515 ], [ -6.58491042072084, 37.428417441470515 ], [ -6.58491042072084, 37.427962531534725 ], [ -6.587131068623365, 37.427962531534725 ], [ -6.587131068623365, 37.428417441470515 ], [ -6.588611500558382, 37.428417441470515 ], [ -6.588611500558382, 37.428872348642038 ], [ -6.58935171652589, 37.428872348642038 ], [ -6.58935171652589, 37.429327253049266 ], [ -6.590091932493399, 37.429327253049266 ], [ -6.590091932493399, 37.430691949685063 ], [ -6.590832148460907, 37.430691949685063 ], [ -6.590832148460907, 37.433421268319151 ], [ -6.591572364428415, 37.433421268319151 ], [ -6.591572364428415, 37.433876145082792 ], [ -6.592312580395924, 37.433876145082792 ], [ -6.592312580395924, 37.434331019082009 ], [ -6.596013660233465, 37.434331019082009 ], [ -6.596013660233465, 37.433876145082792 ], [ -6.598234308135991, 37.433876145082792 ], [ -6.598234308135991, 37.433421268319151 ], [ -6.600454956038516, 37.433421268319151 ], [ -6.600454956038516, 37.432966388791094 ], [ -6.601935387973532, 37.432966388791094 ], [ -6.601935387973532, 37.433421268319151 ], [ -6.603415819908549, 37.433421268319151 ], [ -6.603415819908549, 37.433876145082792 ], [ -6.604156035876056, 37.433876145082792 ], [ -6.604156035876056, 37.434331019082009 ], [ -6.605636467811074, 37.434331019082009 ], [ -6.605636467811074, 37.434785890316803 ], [ -6.6078571157136, 37.434785890316803 ], [ -6.6078571157136, 37.433876145082792 ], [ -6.608597331681107, 37.433876145082792 ], [ -6.608597331681107, 37.432966388791094 ], [ -6.609337547648615, 37.432966388791094 ], [ -6.609337547648615, 37.432056621441795 ], [ -6.615259275388683, 37.432056621441795 ], [ -6.615259275388683, 37.432966388791094 ], [ -6.615999491356191, 37.432966388791094 ], [ -6.615999491356191, 37.433876145082792 ], [ -6.616739707323699, 37.433876145082792 ], [ -6.616739707323699, 37.435240758787131 ], [ -6.617479923291206, 37.435240758787131 ], [ -6.617479923291206, 37.436150487434418 ], [ -6.618220139258716, 37.436150487434418 ], [ -6.618220139258716, 37.437060205023776 ], [ -6.618960355226224, 37.437060205023776 ], [ -6.618960355226224, 37.440244129503903 ], [ -6.618220139258716, 37.440244129503903 ], [ -6.618220139258716, 37.442973099810885 ], [ -6.618960355226224, 37.442973099810885 ], [ -6.618960355226224, 37.445247165705318 ], [ -6.619700571193732, 37.445247165705318 ], [ -6.619700571193732, 37.447066368655967 ], [ -6.62044078716124, 37.447066368655967 ], [ -6.62044078716124, 37.449340310136911 ], [ -6.621181003128749, 37.449340310136911 ], [ -6.621181003128749, 37.448885527370336 ], [ -6.621921219096257, 37.448885527370336 ], [ -6.621921219096257, 37.448430741838926 ], [ -6.624141866998782, 37.448430741838926 ], [ -6.624141866998782, 37.448885527370336 ], [ -6.625622298933799, 37.448885527370336 ], [ -6.625622298933799, 37.449340310136911 ], [ -6.626362514901308, 37.449340310136911 ], [ -6.626362514901308, 37.449795090138664 ], [ -6.627842946836323, 37.449795090138664 ], [ -6.627842946836323, 37.45297847273482 ], [ -6.628583162803833, 37.45297847273482 ], [ -6.628583162803833, 37.451614182497188 ], [ -6.629323378771341, 37.451614182497188 ], [ -6.629323378771341, 37.451159413554855 ], [ -6.630063594738848, 37.451159413554855 ], [ -6.630063594738848, 37.450704641847658 ], [ -6.630803810706356, 37.450704641847658 ], [ -6.630803810706356, 37.450249867375589 ], [ -6.632284242641373, 37.450249867375589 ], [ -6.632284242641373, 37.449795090138664 ], [ -6.633024458608882, 37.449795090138664 ], [ -6.633024458608882, 37.448885527370336 ], [ -6.633764674576391, 37.448885527370336 ], [ -6.633764674576391, 37.447521162481735 ], [ -6.634504890543899, 37.447521162481735 ], [ -6.634504890543899, 37.446611572065422 ], [ -6.635245106511407, 37.446611572065422 ], [ -6.635245106511407, 37.445247165705318 ], [ -6.63820597038144, 37.445247165705318 ], [ -6.63820597038144, 37.445701970590093 ], [ -6.639686402316457, 37.445701970590093 ], [ -6.639686402316457, 37.446156772710133 ], [ -6.641907050218983, 37.446156772710133 ], [ -6.641907050218983, 37.446611572065422 ], [ -6.644867914089016, 37.446611572065422 ], [ -6.644867914089016, 37.446156772710133 ], [ -6.647088561991541, 37.446156772710133 ], [ -6.647088561991541, 37.445247165705318 ], [ -6.647828777959049, 37.445247165705318 ], [ -6.647828777959049, 37.444792358055828 ], [ -6.648568993926556, 37.444792358055828 ], [ -6.648568993926556, 37.443882734462726 ], [ -6.653750505699115, 37.443882734462726 ], [ -6.653750505699115, 37.441153797331388 ], [ -6.654490721666624, 37.441153797331388 ], [ -6.654490721666624, 37.438879607028298 ], [ -6.65597115360164, 37.438879607028298 ], [ -6.65597115360164, 37.438424760673961 ], [ -6.656711369569148, 37.438424760673961 ], [ -6.656711369569148, 37.437969911555093 ], [ -6.658191801504165, 37.437969911555093 ], [ -6.658191801504165, 37.437515059671689 ], [ -6.659672233439182, 37.437515059671689 ], [ -6.659672233439182, 37.437969911555093 ], [ -6.660412449406691, 37.437969911555093 ], [ -6.660412449406691, 37.438424760673961 ], [ -6.661152665374199, 37.438424760673961 ], [ -6.661152665374199, 37.438879607028298 ], [ -6.661892881341707, 37.438879607028298 ], [ -6.661892881341707, 37.439334450618077 ], [ -6.662633097309216, 37.439334450618077 ], [ -6.662633097309216, 37.439789291443276 ], [ -6.668554825049283, 37.439789291443276 ], [ -6.668554825049283, 37.440244129503903 ], [ -6.669295041016791, 37.440244129503903 ], [ -6.669295041016791, 37.440698964799942 ], [ -6.670035256984298, 37.440698964799942 ], [ -6.670035256984298, 37.441153797331388 ], [ -6.670775472951807, 37.441153797331388 ], [ -6.670775472951807, 37.442063454100413 ], [ -6.671515688919316, 37.442063454100413 ], [ -6.671515688919316, 37.442518278337978 ], [ -6.672255904886823, 37.442518278337978 ], [ -6.672255904886823, 37.442973099810885 ], [ -6.672996120854332, 37.442973099810885 ], [ -6.672996120854332, 37.443882734462726 ], [ -6.673736336821841, 37.443882734462726 ], [ -6.673736336821841, 37.444337547641624 ], [ -6.674476552789348, 37.444337547641624 ], [ -6.674476552789348, 37.444792358055828 ], [ -6.675216768756857, 37.444792358055828 ], [ -6.675216768756857, 37.445247165705318 ], [ -6.675956984724365, 37.445247165705318 ], [ -6.675956984724365, 37.446156772710133 ], [ -6.676697200691875, 37.446156772710133 ], [ -6.676697200691875, 37.446611572065422 ], [ -6.677437416659382, 37.446611572065422 ], [ -6.677437416659382, 37.446156772710133 ], [ -6.678177632626891, 37.446156772710133 ], [ -6.678177632626891, 37.444792358055828 ], [ -6.678917848594399, 37.444792358055828 ], [ -6.678917848594399, 37.443882734462726 ], [ -6.679658064561907, 37.443882734462726 ], [ -6.679658064561907, 37.442973099810885 ], [ -6.684839576334466, 37.442973099810885 ], [ -6.684839576334466, 37.443427918519149 ], [ -6.685579792301974, 37.443427918519149 ], [ -6.685579792301974, 37.444337547641624 ], [ -6.686320008269483, 37.444337547641624 ], [ -6.686320008269483, 37.445247165705318 ], [ -6.687060224236991, 37.445247165705318 ], [ -6.687060224236991, 37.445701970590093 ], [ -6.687800440204499, 37.445701970590093 ], [ -6.687800440204499, 37.446611572065422 ], [ -6.688540656172008, 37.446611572065422 ], [ -6.688540656172008, 37.447066368655967 ], [ -6.689280872139515, 37.447066368655967 ], [ -6.689280872139515, 37.447521162481735 ], [ -6.692241736009549, 37.447521162481735 ], [ -6.692241736009549, 37.447975953542731 ], [ -6.694462383912074, 37.447975953542731 ], [ -6.694462383912074, 37.448885527370336 ], [ -6.695202599879583, 37.448885527370336 ], [ -6.695202599879583, 37.449340310136911 ], [ -6.695942815847092, 37.449340310136911 ], [ -6.695942815847092, 37.450249867375589 ], [ -6.696683031814599, 37.450249867375589 ], [ -6.696683031814599, 37.451159413554855 ], [ -6.697423247782107, 37.451159413554855 ], [ -6.697423247782107, 37.452068948674636 ], [ -6.698163463749615, 37.452068948674636 ], [ -6.698163463749615, 37.45297847273482 ], [ -6.698903679717124, 37.45297847273482 ], [ -6.698903679717124, 37.456161719849817 ], [ -6.699643895684632, 37.456161719849817 ], [ -6.699643895684632, 37.455706978556883 ], [ -6.701124327619648, 37.455706978556883 ], [ -6.701124327619648, 37.45525223449895 ], [ -6.701864543587157, 37.45525223449895 ], [ -6.701864543587157, 37.454797487676046 ], [ -6.703344975522174, 37.454797487676046 ], [ -6.703344975522174, 37.45525223449895 ], [ -6.704085191489683, 37.45525223449895 ], [ -6.704085191489683, 37.455706978556883 ], [ -6.704825407457191, 37.455706978556883 ], [ -6.704825407457191, 37.456161719849817 ], [ -6.705565623424699, 37.456161719849817 ], [ -6.705565623424699, 37.456616458377752 ], [ -6.706305839392207, 37.456616458377752 ], [ -6.706305839392207, 37.457071194140674 ], [ -6.707046055359716, 37.457071194140674 ], [ -6.707046055359716, 37.457525927138562 ], [ -6.707786271327224, 37.457525927138562 ], [ -6.707786271327224, 37.457980657371415 ], [ -6.708526487294732, 37.457980657371415 ], [ -6.708526487294732, 37.455706978556883 ], [ -6.709266703262241, 37.455706978556883 ], [ -6.709266703262241, 37.45525223449895 ], [ -6.710006919229749, 37.45525223449895 ], [ -6.710006919229749, 37.454342738088158 ], [ -6.710747135197257, 37.454342738088158 ], [ -6.710747135197257, 37.453433230617541 ], [ -6.713707999067291, 37.453433230617541 ], [ -6.713707999067291, 37.453887985735321 ], [ -6.715928646969815, 37.453887985735321 ], [ -6.715928646969815, 37.454342738088158 ], [ -6.717409078904833, 37.454342738088158 ], [ -6.717409078904833, 37.454797487676046 ], [ -6.71814929487234, 37.454797487676046 ], [ -6.71814929487234, 37.456161719849817 ], [ -6.718889510839849, 37.456161719849817 ], [ -6.718889510839849, 37.457980657371415 ], [ -6.719629726807357, 37.457980657371415 ], [ -6.719629726807357, 37.458890109541947 ], [ -6.718889510839849, 37.458890109541947 ], [ -6.718889510839849, 37.460254267059653 ], [ -6.71814929487234, 37.460254267059653 ], [ -6.71814929487234, 37.461618399691353 ], [ -6.717409078904833, 37.461618399691353 ], [ -6.717409078904833, 37.462073105038307 ], [ -6.71814929487234, 37.462073105038307 ], [ -6.71814929487234, 37.462527807620113 ], [ -6.718889510839849, 37.462527807620113 ], [ -6.718889510839849, 37.462982507436742 ], [ -6.719629726807357, 37.462982507436742 ], [ -6.719629726807357, 37.463437204488201 ], [ -6.720369942774866, 37.463437204488201 ], [ -6.720369942774866, 37.465255965041933 ], [ -6.721110158742374, 37.465255965041933 ], [ -6.721110158742374, 37.467074681351825 ], [ -6.721850374709882, 37.467074681351825 ], [ -6.721850374709882, 37.467529353516106 ], [ -6.721110158742374, 37.467529353516106 ], [ -6.721110158742374, 37.468893353417101 ], [ -6.720369942774866, 37.468893353417101 ], [ -6.720369942774866, 37.469802672857774 ], [ -6.719629726807357, 37.469802672857774 ], [ -6.719629726807357, 37.477076830163533 ], [ -6.720369942774866, 37.477076830163533 ], [ -6.720369942774866, 37.480713643326844 ], [ -6.719629726807357, 37.480713643326844 ], [ -6.719629726807357, 37.481622818961476 ], [ -6.718889510839849, 37.481622818961476 ], [ -6.718889510839849, 37.48253198353347 ], [ -6.71814929487234, 37.48253198353347 ], [ -6.71814929487234, 37.48298656167092 ], [ -6.717409078904833, 37.48298656167092 ], [ -6.717409078904833, 37.483441137042682 ], [ -6.712967783099782, 37.483441137042682 ], [ -6.712967783099782, 37.483895709648721 ], [ -6.712227567132275, 37.483895709648721 ], [ -6.712227567132275, 37.48435027948905 ], [ -6.711487351164766, 37.48435027948905 ], [ -6.711487351164766, 37.484804846563641 ], [ -6.710747135197257, 37.484804846563641 ], [ -6.710747135197257, 37.485259410872473 ], [ -6.710006919229749, 37.485259410872473 ], [ -6.710006919229749, 37.49071396684586 ], [ -6.710747135197257, 37.49071396684586 ], [ -6.710747135197257, 37.49207754360723 ], [ -6.710006919229749, 37.49207754360723 ], [ -6.710006919229749, 37.492532063662495 ], [ -6.709266703262241, 37.492532063662495 ], [ -6.709266703262241, 37.492986580951801 ], [ -6.708526487294732, 37.492986580951801 ], [ -6.708526487294732, 37.493895607232531 ], [ -6.707786271327224, 37.493895607232531 ], [ -6.707786271327224, 37.494350116223934 ], [ -6.707046055359716, 37.494350116223934 ], [ -6.707046055359716, 37.494804622449344 ], [ -6.706305839392207, 37.494804622449344 ], [ -6.706305839392207, 37.496168124529454 ], [ -6.705565623424699, 37.496168124529454 ], [ -6.705565623424699, 37.497986088578294 ], [ -6.704825407457191, 37.497986088578294 ], [ -6.704825407457191, 37.498895054006219 ], [ -6.703344975522174, 37.498895054006219 ], [ -6.703344975522174, 37.499349532571017 ], [ -6.702604759554665, 37.499349532571017 ], [ -6.702604759554665, 37.499804008369686 ], [ -6.701864543587157, 37.499804008369686 ], [ -6.701864543587157, 37.50253080507246 ], [ -6.701124327619648, 37.50253080507246 ], [ -6.701124327619648, 37.503439715177187 ], [ -6.700384111652141, 37.503439715177187 ], [ -6.700384111652141, 37.503894166080194 ], [ -6.699643895684632, 37.503894166080194 ], [ -6.699643895684632, 37.504803059587495 ], [ -6.698903679717124, 37.504803059587495 ], [ -6.698903679717124, 37.505257502191753 ], [ -6.693722167944566, 37.505257502191753 ], [ -6.693722167944566, 37.504803059587495 ], [ -6.692981951977057, 37.504803059587495 ], [ -6.692981951977057, 37.503894166080194 ], [ -6.692241736009549, 37.503894166080194 ], [ -6.692241736009549, 37.503439715177187 ], [ -6.69150152004204, 37.503439715177187 ], [ -6.69150152004204, 37.504803059587495 ], [ -6.690761304074532, 37.504803059587495 ], [ -6.690761304074532, 37.506620813406819 ], [ -6.690021088107024, 37.506620813406819 ], [ -6.690021088107024, 37.507075244945895 ], [ -6.689280872139515, 37.507075244945895 ], [ -6.689280872139515, 37.507529673718651 ], [ -6.688540656172008, 37.507529673718651 ], [ -6.688540656172008, 37.507984099725057 ], [ -6.687800440204499, 37.507984099725057 ], [ -6.687800440204499, 37.512982603214056 ], [ -6.687060224236991, 37.512982603214056 ], [ -6.687060224236991, 37.513891386066483 ], [ -6.686320008269483, 37.513891386066483 ], [ -6.686320008269483, 37.51480015785291 ], [ -6.685579792301974, 37.51480015785291 ], [ -6.685579792301974, 37.515254539596349 ], [ -6.684099360366957, 37.515254539596349 ], [ -6.684099360366957, 37.51570891857326 ], [ -6.681138496496924, 37.51570891857326 ], [ -6.681138496496924, 37.516163294783595 ], [ -6.678177632626891, 37.516163294783595 ], [ -6.678177632626891, 37.516617668227383 ], [ -6.677437416659382, 37.516617668227383 ], [ -6.677437416659382, 37.517526406815243 ], [ -6.676697200691875, 37.517526406815243 ], [ -6.676697200691875, 37.51843513433672 ], [ -6.675956984724365, 37.51843513433672 ], [ -6.675956984724365, 37.519343850791721 ], [ -6.675216768756857, 37.519343850791721 ], [ -6.675216768756857, 37.519798204869268 ], [ -6.674476552789348, 37.519798204869268 ], [ -6.674476552789348, 37.520706904724392 ], [ -6.673736336821841, 37.520706904724392 ], [ -6.673736336821841, 37.526158871450953 ], [ -6.672996120854332, 37.526158871450953 ], [ -6.672996120854332, 37.526613184027468 ], [ -6.672255904886823, 37.526613184027468 ], [ -6.672255904886823, 37.527067493837158 ], [ -6.671515688919316, 37.527067493837158 ], [ -6.671515688919316, 37.527521800879995 ], [ -6.670775472951807, 37.527521800879995 ], [ -6.670775472951807, 37.527976105155993 ], [ -6.670035256984298, 37.527976105155993 ], [ -6.670035256984298, 37.528430406665116 ], [ -6.669295041016791, 37.528430406665116 ], [ -6.669295041016791, 37.534336074493794 ], [ -6.668554825049283, 37.534336074493794 ], [ -6.668554825049283, 37.535244597270349 ], [ -6.667814609081774, 37.535244597270349 ], [ -6.667814609081774, 37.535698854508055 ], [ -6.667074393114265, 37.535698854508055 ], [ -6.667074393114265, 37.536153108978688 ], [ -6.666334177146757, 37.536153108978688 ], [ -6.666334177146757, 37.537061609618732 ], [ -6.667074393114265, 37.537061609618732 ], [ -6.667074393114265, 37.540241274694701 ], [ -6.667814609081774, 37.540241274694701 ], [ -6.667814609081774, 37.542966593982797 ], [ -6.668554825049283, 37.542966593982797 ], [ -6.668554825049283, 37.545691813649867 ], [ -6.669295041016791, 37.545691813649867 ], [ -6.669295041016791, 37.547054386124735 ], [ -6.668554825049283, 37.547054386124735 ], [ -6.668554825049283, 37.548416933693403 ], [ -6.667814609081774, 37.548416933693403 ], [ -6.667814609081774, 37.549779456355559 ], [ -6.667074393114265, 37.549779456355559 ], [ -6.667074393114265, 37.551141954110889 ], [ -6.666334177146757, 37.551141954110889 ], [ -6.666334177146757, 37.553866874899796 ], [ -6.667074393114265, 37.553866874899796 ], [ -6.667074393114265, 37.554775159689306 ], [ -6.667814609081774, 37.554775159689306 ], [ -6.667814609081774, 37.556137566116902 ], [ -6.668554825049283, 37.556137566116902 ], [ -6.668554825049283, 37.557954069274039 ], [ -6.667814609081774, 37.557954069274039 ], [ -6.667814609081774, 37.559770528149024 ], [ -6.667074393114265, 37.559770528149024 ], [ -6.667074393114265, 37.560678740980471 ], [ -6.666334177146757, 37.560678740980471 ], [ -6.666334177146757, 37.561132843244636 ], [ -6.665593961179249, 37.561132843244636 ], [ -6.665593961179249, 37.561586942741094 ], [ -6.664113529244232, 37.561586942741094 ], [ -6.664113529244232, 37.562041039469818 ], [ -6.663373313276724, 37.562041039469818 ], [ -6.663373313276724, 37.562495133430801 ], [ -6.662633097309216, 37.562495133430801 ], [ -6.662633097309216, 37.562041039469818 ], [ -6.660412449406691, 37.562041039469818 ], [ -6.660412449406691, 37.562949224624035 ], [ -6.659672233439182, 37.562949224624035 ], [ -6.659672233439182, 37.563857398707192 ], [ -6.660412449406691, 37.563857398707192 ], [ -6.660412449406691, 37.564311481597102 ], [ -6.661152665374199, 37.564311481597102 ], [ -6.661152665374199, 37.564765561719206 ], [ -6.661892881341707, 37.564765561719206 ], [ -6.661892881341707, 37.565673713659976 ], [ -6.662633097309216, 37.565673713659976 ], [ -6.662633097309216, 37.566127785478614 ], [ -6.663373313276724, 37.566127785478614 ], [ -6.663373313276724, 37.56658185452941 ], [ -6.662633097309216, 37.56658185452941 ], [ -6.662633097309216, 37.570214307291934 ], [ -6.661892881341707, 37.570214307291934 ], [ -6.661892881341707, 37.572030467242776 ], [ -6.661152665374199, 37.572030467242776 ], [ -6.661152665374199, 37.572484500310523 ], [ -6.660412449406691, 37.572484500310523 ], [ -6.660412449406691, 37.572938530610259 ], [ -6.658932017471674, 37.572938530610259 ], [ -6.658932017471674, 37.573392558141983 ], [ -6.658191801504165, 37.573392558141983 ], [ -6.658191801504165, 37.573846582905666 ], [ -6.656711369569148, 37.573846582905666 ], [ -6.656711369569148, 37.57430060490131 ], [ -6.65597115360164, 37.57430060490131 ], [ -6.65597115360164, 37.5747546241289 ], [ -6.654490721666624, 37.5747546241289 ], [ -6.654490721666624, 37.575208640588421 ], [ -6.653750505699115, 37.575208640588421 ], [ -6.653750505699115, 37.57566265427986 ], [ -6.648568993926556, 37.57566265427986 ], [ -6.648568993926556, 37.575208640588421 ], [ -6.643387482153999, 37.575208640588421 ], [ -6.643387482153999, 37.576116665203216 ], [ -6.642647266186491, 37.576116665203216 ], [ -6.642647266186491, 37.577024678745616 ], [ -6.641907050218983, 37.577024678745616 ], [ -6.641907050218983, 37.577932681215501 ], [ -6.641166834251473, 37.577932681215501 ], [ -6.641166834251473, 37.578386678298244 ], [ -6.640426618283965, 37.578386678298244 ], [ -6.640426618283965, 37.579294664159207 ], [ -6.639686402316457, 37.579294664159207 ], [ -6.639686402316457, 37.580202638947448 ], [ -6.638946186348949, 37.580202638947448 ], [ -6.638946186348949, 37.581110602662875 ], [ -6.63820597038144, 37.581110602662875 ], [ -6.63820597038144, 37.585650255144344 ], [ -6.637465754413932, 37.585650255144344 ], [ -6.637465754413932, 37.586558152420871 ], [ -6.636725538446425, 37.586558152420871 ], [ -6.636725538446425, 37.587012096906584 ], [ -6.635985322478916, 37.587012096906584 ], [ -6.635985322478916, 37.587919977572859 ], [ -6.630803810706356, 37.587919977572859 ], [ -6.630803810706356, 37.587466038623916 ], [ -6.630063594738848, 37.587466038623916 ], [ -6.630063594738848, 37.586558152420871 ], [ -6.629323378771341, 37.586558152420871 ], [ -6.629323378771341, 37.585650255144344 ], [ -6.628583162803833, 37.585650255144344 ], [ -6.628583162803833, 37.585196302353559 ], [ -6.627842946836323, 37.585196302353559 ], [ -6.627842946836323, 37.584288388467002 ], [ -6.627102730868816, 37.584288388467002 ], [ -6.627102730868816, 37.587012096906584 ], [ -6.626362514901308, 37.587012096906584 ], [ -6.626362514901308, 37.587919977572859 ], [ -6.625622298933799, 37.587919977572859 ], [ -6.625622298933799, 37.588373913753394 ], [ -6.62488208296629, 37.588373913753394 ], [ -6.62488208296629, 37.589281777809212 ], [ -6.621921219096257, 37.589281777809212 ], [ -6.621921219096257, 37.588827847165525 ], [ -6.619700571193732, 37.588827847165525 ], [ -6.619700571193732, 37.588373913753394 ], [ -6.618220139258716, 37.588373913753394 ], [ -6.618220139258716, 37.588827847165525 ], [ -6.616739707323699, 37.588827847165525 ], [ -6.616739707323699, 37.589281777809212 ], [ -6.615259275388683, 37.589281777809212 ], [ -6.615259275388683, 37.589735705684475 ], [ -6.615999491356191, 37.589735705684475 ], [ -6.615999491356191, 37.590643553129631 ], [ -6.616739707323699, 37.590643553129631 ], [ -6.616739707323699, 37.592005303533789 ], [ -6.617479923291206, 37.592005303533789 ], [ -6.617479923291206, 37.592913123294039 ], [ -6.618220139258716, 37.592913123294039 ], [ -6.618220139258716, 37.594274832170399 ], [ -6.618960355226224, 37.594274832170399 ], [ -6.618960355226224, 37.594728729592063 ], [ -6.618220139258716, 37.594728729592063 ], [ -6.618220139258716, 37.596090405245562 ], [ -6.617479923291206, 37.596090405245562 ], [ -6.617479923291206, 37.596998175171528 ], [ -6.616739707323699, 37.596998175171528 ], [ -6.616739707323699, 37.59790593402294 ], [ -6.615999491356191, 37.59790593402294 ], [ -6.615999491356191, 37.5992675515351 ], [ -6.615259275388683, 37.5992675515351 ], [ -6.615259275388683, 37.599721418501787 ], [ -6.614519059421173, 37.599721418501787 ], [ -6.614519059421173, 37.5992675515351 ], [ -6.612298411518648, 37.5992675515351 ], [ -6.612298411518648, 37.598813681799726 ], [ -6.610077763616124, 37.598813681799726 ], [ -6.610077763616124, 37.598359809295673 ], [ -6.608597331681107, 37.598359809295673 ], [ -6.608597331681107, 37.595636516129659 ], [ -6.6078571157136, 37.595636516129659 ], [ -6.6078571157136, 37.592913123294039 ], [ -6.607116899746091, 37.592913123294039 ], [ -6.607116899746091, 37.592005303533789 ], [ -6.606376683778582, 37.592005303533789 ], [ -6.606376683778582, 37.591551389500886 ], [ -6.605636467811074, 37.591551389500886 ], [ -6.605636467811074, 37.591097472699495 ], [ -6.604156035876056, 37.591097472699495 ], [ -6.604156035876056, 37.591551389500886 ], [ -6.602675603941041, 37.591551389500886 ], [ -6.602675603941041, 37.592005303533789 ], [ -6.601935387973532, 37.592005303533789 ], [ -6.601935387973532, 37.592459214798168 ], [ -6.601195172006023, 37.592459214798168 ], [ -6.601195172006023, 37.592913123294039 ], [ -6.600454956038516, 37.592913123294039 ], [ -6.600454956038516, 37.593367029021358 ], [ -6.599714740071007, 37.593367029021358 ], [ -6.599714740071007, 37.593820931980162 ], [ -6.598234308135991, 37.593820931980162 ], [ -6.598234308135991, 37.594274832170399 ], [ -6.597494092168482, 37.594274832170399 ], [ -6.597494092168482, 37.594728729592063 ], [ -6.596753876200973, 37.594728729592063 ], [ -6.596753876200973, 37.595182624245162 ], [ -6.58935171652589, 37.595182624245162 ], [ -6.58935171652589, 37.594728729592063 ], [ -6.583429988785824, 37.594728729592063 ], [ -6.583429988785824, 37.594274832170399 ], [ -6.582689772818315, 37.594274832170399 ], [ -6.582689772818315, 37.595182624245162 ], [ -6.583429988785824, 37.595182624245162 ], [ -6.583429988785824, 37.596544291592856 ], [ -6.584170204753333, 37.596544291592856 ], [ -6.584170204753333, 37.597452055981563 ], [ -6.58491042072084, 37.597452055981563 ], [ -6.58491042072084, 37.598359809295673 ], [ -6.585650636688348, 37.598359809295673 ], [ -6.585650636688348, 37.5992675515351 ], [ -6.58491042072084, 37.5992675515351 ], [ -6.58491042072084, 37.600629144129016 ], [ -6.584170204753333, 37.600629144129016 ], [ -6.584170204753333, 37.601536858681335 ], [ -6.583429988785824, 37.601536858681335 ], [ -6.583429988785824, 37.602898409744157 ], [ -6.582689772818315, 37.602898409744157 ], [ -6.582689772818315, 37.603806096608785 ], [ -6.583429988785824, 37.603806096608785 ], [ -6.583429988785824, 37.604259935887903 ], [ -6.584170204753333, 37.604259935887903 ], [ -6.584170204753333, 37.605167606139638 ], [ -6.58491042072084, 37.605167606139638 ], [ -6.58491042072084, 37.605621437112248 ], [ -6.585650636688348, 37.605621437112248 ], [ -6.585650636688348, 37.6069829134169 ], [ -6.58491042072084, 37.6069829134169 ], [ -6.58491042072084, 37.61061339506395 ], [ -6.584170204753333, 37.61061339506395 ], [ -6.584170204753333, 37.611974779993695 ], [ -6.583429988785824, 37.611974779993695 ], [ -6.583429988785824, 37.612428569432247 ], [ -6.582689772818315, 37.612428569432247 ], [ -6.582689772818315, 37.612882356101778 ], [ -6.581209340883299, 37.612882356101778 ], [ -6.581209340883299, 37.613336140002268 ], [ -6.578988692980774, 37.613336140002268 ], [ -6.578988692980774, 37.612882356101778 ], [ -6.577508261045756, 37.612882356101778 ], [ -6.577508261045756, 37.612428569432247 ], [ -6.576768045078249, 37.612428569432247 ], [ -6.576768045078249, 37.611974779993695 ], [ -6.576027829110741, 37.611974779993695 ], [ -6.576027829110741, 37.611067192809521 ], [ -6.575287613143232, 37.611067192809521 ], [ -6.575287613143232, 37.60970579126586 ], [ -6.574547397175724, 37.60970579126586 ], [ -6.574547397175724, 37.6069829134169 ], [ -6.575287613143232, 37.6069829134169 ], [ -6.575287613143232, 37.605621437112248 ], [ -6.576027829110741, 37.605621437112248 ], [ -6.576027829110741, 37.604713772398178 ], [ -6.576768045078249, 37.604713772398178 ], [ -6.576768045078249, 37.603352254560868 ], [ -6.576027829110741, 37.603352254560868 ], [ -6.576027829110741, 37.602898409744157 ], [ -6.575287613143232, 37.602898409744157 ], [ -6.575287613143232, 37.602444562158645 ], [ -6.574547397175724, 37.602444562158645 ], [ -6.574547397175724, 37.601990711804383 ], [ -6.573807181208216, 37.601990711804383 ], [ -6.573807181208216, 37.605621437112248 ], [ -6.573066965240707, 37.605621437112248 ], [ -6.573066965240707, 37.610159594549387 ], [ -6.572326749273199, 37.610159594549387 ], [ -6.572326749273199, 37.612428569432247 ], [ -6.57158653330569, 37.612428569432247 ], [ -6.57158653330569, 37.612882356101778 ], [ -6.570846317338182, 37.612882356101778 ], [ -6.570846317338182, 37.613789921133709 ], [ -6.570106101370673, 37.613789921133709 ], [ -6.570106101370673, 37.614243699496079 ], [ -6.569365885403165, 37.614243699496079 ], [ -6.569365885403165, 37.614697475089372 ], [ -6.564924589598116, 37.614697475089372 ], [ -6.564924589598116, 37.614243699496079 ], [ -6.564184373630607, 37.614243699496079 ], [ -6.564184373630607, 37.613789921133709 ] ], [ [ -6.554561566052999, 37.463437204488201 ], [ -6.554561566052999, 37.467074681351825 ], [ -6.555301782020508, 37.467074681351825 ], [ -6.555301782020508, 37.463437204488201 ], [ -6.554561566052999, 37.463437204488201 ] ], [ [ -6.668554825049283, 37.491623020786029 ], [ -6.668554825049283, 37.491168495198906 ], [ -6.670035256984298, 37.491168495198906 ], [ -6.670035256984298, 37.49071396684586 ], [ -6.670775472951807, 37.49071396684586 ], [ -6.670775472951807, 37.490259435726927 ], [ -6.671515688919316, 37.490259435726927 ], [ -6.671515688919316, 37.489804901842099 ], [ -6.672255904886823, 37.489804901842099 ], [ -6.672255904886823, 37.488441283592394 ], [ -6.672996120854332, 37.488441283592394 ], [ -6.672996120854332, 37.487986738644132 ], [ -6.672255904886823, 37.487986738644132 ], [ -6.672255904886823, 37.487532190930025 ], [ -6.670775472951807, 37.487532190930025 ], [ -6.670775472951807, 37.487077640450103 ], [ -6.668554825049283, 37.487077640450103 ], [ -6.668554825049283, 37.486623087204379 ], [ -6.667074393114265, 37.486623087204379 ], [ -6.667074393114265, 37.48616853119286 ], [ -6.666334177146757, 37.48616853119286 ], [ -6.666334177146757, 37.486623087204379 ], [ -6.665593961179249, 37.486623087204379 ], [ -6.665593961179249, 37.487077640450103 ], [ -6.664853745211741, 37.487077640450103 ], [ -6.664853745211741, 37.487532190930025 ], [ -6.664113529244232, 37.487532190930025 ], [ -6.664113529244232, 37.487986738644132 ], [ -6.665593961179249, 37.487986738644132 ], [ -6.665593961179249, 37.488441283592394 ], [ -6.666334177146757, 37.488441283592394 ], [ -6.666334177146757, 37.489350365191392 ], [ -6.667074393114265, 37.489350365191392 ], [ -6.667074393114265, 37.49071396684586 ], [ -6.667814609081774, 37.49071396684586 ], [ -6.667814609081774, 37.491623020786029 ], [ -6.668554825049283, 37.491623020786029 ] ], [ [ -6.657451585536657, 37.491168495198906 ], [ -6.658191801504165, 37.491168495198906 ], [ -6.658191801504165, 37.49071396684586 ], [ -6.657451585536657, 37.49071396684586 ], [ -6.657451585536657, 37.491168495198906 ] ], [ [ -6.656711369569148, 37.491168495198906 ], [ -6.656711369569148, 37.491623020786029 ], [ -6.65597115360164, 37.491623020786029 ], [ -6.65597115360164, 37.49207754360723 ], [ -6.655230937634133, 37.49207754360723 ], [ -6.655230937634133, 37.492532063662495 ], [ -6.654490721666624, 37.492532063662495 ], [ -6.654490721666624, 37.492986580951801 ], [ -6.653750505699115, 37.492986580951801 ], [ -6.653750505699115, 37.497077112086004 ], [ -6.654490721666624, 37.497077112086004 ], [ -6.654490721666624, 37.497531601715181 ], [ -6.653750505699115, 37.497531601715181 ], [ -6.653750505699115, 37.498895054006219 ], [ -6.653010289731608, 37.498895054006219 ], [ -6.653010289731608, 37.499804008369686 ], [ -6.652270073764099, 37.499804008369686 ], [ -6.652270073764099, 37.500712951668618 ], [ -6.653750505699115, 37.500712951668618 ], [ -6.653750505699115, 37.501167419168851 ], [ -6.654490721666624, 37.501167419168851 ], [ -6.654490721666624, 37.501621883902907 ], [ -6.65597115360164, 37.501621883902907 ], [ -6.65597115360164, 37.505711942029741 ], [ -6.656711369569148, 37.505711942029741 ], [ -6.656711369569148, 37.509801776087116 ], [ -6.657451585536657, 37.509801776087116 ], [ -6.657451585536657, 37.511165004311565 ], [ -6.658191801504165, 37.511165004311565 ], [ -6.658191801504165, 37.51161940818686 ], [ -6.660412449406691, 37.51161940818686 ], [ -6.660412449406691, 37.511165004311565 ], [ -6.661152665374199, 37.511165004311565 ], [ -6.661152665374199, 37.510710597669828 ], [ -6.661892881341707, 37.510710597669828 ], [ -6.661892881341707, 37.510256188261678 ], [ -6.662633097309216, 37.510256188261678 ], [ -6.662633097309216, 37.509801776087116 ], [ -6.663373313276724, 37.509801776087116 ], [ -6.663373313276724, 37.509347361146169 ], [ -6.664113529244232, 37.509347361146169 ], [ -6.664113529244232, 37.508438522965122 ], [ -6.663373313276724, 37.508438522965122 ], [ -6.663373313276724, 37.507984099725057 ], [ -6.662633097309216, 37.507984099725057 ], [ -6.662633097309216, 37.507075244945895 ], [ -6.661892881341707, 37.507075244945895 ], [ -6.661892881341707, 37.506620813406819 ], [ -6.661152665374199, 37.506620813406819 ], [ -6.661152665374199, 37.504803059587495 ], [ -6.660412449406691, 37.504803059587495 ], [ -6.660412449406691, 37.501621883902907 ], [ -6.661152665374199, 37.501621883902907 ], [ -6.661152665374199, 37.500712951668618 ], [ -6.661892881341707, 37.500712951668618 ], [ -6.661892881341707, 37.499804008369686 ], [ -6.662633097309216, 37.499804008369686 ], [ -6.662633097309216, 37.497986088578294 ], [ -6.661892881341707, 37.497986088578294 ], [ -6.661892881341707, 37.497531601715181 ], [ -6.661152665374199, 37.497531601715181 ], [ -6.661152665374199, 37.497077112086004 ], [ -6.660412449406691, 37.497077112086004 ], [ -6.660412449406691, 37.496622619690761 ], [ -6.659672233439182, 37.496622619690761 ], [ -6.659672233439182, 37.496168124529454 ], [ -6.658932017471674, 37.496168124529454 ], [ -6.658932017471674, 37.495713626602111 ], [ -6.658191801504165, 37.495713626602111 ], [ -6.658191801504165, 37.494804622449344 ], [ -6.657451585536657, 37.494804622449344 ], [ -6.657451585536657, 37.491168495198906 ], [ -6.656711369569148, 37.491168495198906 ] ], [ [ -6.665593961179249, 37.498440572675307 ], [ -6.667814609081774, 37.498440572675307 ], [ -6.667814609081774, 37.497531601715181 ], [ -6.667074393114265, 37.497531601715181 ], [ -6.667074393114265, 37.496622619690761 ], [ -6.666334177146757, 37.496622619690761 ], [ -6.666334177146757, 37.497077112086004 ], [ -6.665593961179249, 37.497077112086004 ], [ -6.665593961179249, 37.497531601715181 ], [ -6.664853745211741, 37.497531601715181 ], [ -6.664853745211741, 37.497986088578294 ], [ -6.665593961179249, 37.497986088578294 ], [ -6.665593961179249, 37.498440572675307 ] ], [ [ -6.690021088107024, 37.499349532571017 ], [ -6.690761304074532, 37.499349532571017 ], [ -6.690761304074532, 37.497986088578294 ], [ -6.69150152004204, 37.497986088578294 ], [ -6.69150152004204, 37.497077112086004 ], [ -6.692241736009549, 37.497077112086004 ], [ -6.692241736009549, 37.496622619690761 ], [ -6.687060224236991, 37.496622619690761 ], [ -6.687060224236991, 37.497531601715181 ], [ -6.687800440204499, 37.497531601715181 ], [ -6.687800440204499, 37.497986088578294 ], [ -6.688540656172008, 37.497986088578294 ], [ -6.688540656172008, 37.498440572675307 ], [ -6.689280872139515, 37.498440572675307 ], [ -6.689280872139515, 37.498895054006219 ], [ -6.690021088107024, 37.498895054006219 ], [ -6.690021088107024, 37.499349532571017 ] ], [ [ -6.672255904886823, 37.504803059587495 ], [ -6.674476552789348, 37.504803059587495 ], [ -6.674476552789348, 37.50434861421698 ], [ -6.675956984724365, 37.50434861421698 ], [ -6.675956984724365, 37.503894166080194 ], [ -6.677437416659382, 37.503894166080194 ], [ -6.677437416659382, 37.503439715177187 ], [ -6.678177632626891, 37.503439715177187 ], [ -6.678177632626891, 37.499804008369686 ], [ -6.678917848594399, 37.499804008369686 ], [ -6.678917848594399, 37.498895054006219 ], [ -6.679658064561907, 37.498895054006219 ], [ -6.679658064561907, 37.498440572675307 ], [ -6.680398280529415, 37.498440572675307 ], [ -6.680398280529415, 37.497531601715181 ], [ -6.679658064561907, 37.497531601715181 ], [ -6.679658064561907, 37.497077112086004 ], [ -6.678917848594399, 37.497077112086004 ], [ -6.678917848594399, 37.496168124529454 ], [ -6.678177632626891, 37.496168124529454 ], [ -6.678177632626891, 37.496622619690761 ], [ -6.677437416659382, 37.496622619690761 ], [ -6.677437416659382, 37.497077112086004 ], [ -6.676697200691875, 37.497077112086004 ], [ -6.676697200691875, 37.497531601715181 ], [ -6.675956984724365, 37.497531601715181 ], [ -6.675956984724365, 37.498440572675307 ], [ -6.675216768756857, 37.498440572675307 ], [ -6.675216768756857, 37.498895054006219 ], [ -6.674476552789348, 37.498895054006219 ], [ -6.674476552789348, 37.499349532571017 ], [ -6.673736336821841, 37.499349532571017 ], [ -6.673736336821841, 37.499804008369686 ], [ -6.672996120854332, 37.499804008369686 ], [ -6.672996120854332, 37.500258481402234 ], [ -6.670775472951807, 37.500258481402234 ], [ -6.670775472951807, 37.499804008369686 ], [ -6.670035256984298, 37.499804008369686 ], [ -6.670035256984298, 37.500712951668618 ], [ -6.670775472951807, 37.500712951668618 ], [ -6.670775472951807, 37.503894166080194 ], [ -6.671515688919316, 37.503894166080194 ], [ -6.671515688919316, 37.50434861421698 ], [ -6.672255904886823, 37.50434861421698 ], [ -6.672255904886823, 37.504803059587495 ] ], [ [ -6.643387482153999, 37.509801776087116 ], [ -6.644127698121507, 37.509801776087116 ], [ -6.644127698121507, 37.509347361146169 ], [ -6.644867914089016, 37.509347361146169 ], [ -6.644867914089016, 37.508438522965122 ], [ -6.645608130056524, 37.508438522965122 ], [ -6.645608130056524, 37.507529673718651 ], [ -6.643387482153999, 37.507529673718651 ], [ -6.643387482153999, 37.509801776087116 ] ], [ [ -6.574547397175724, 37.51434577334296 ], [ -6.574547397175724, 37.513891386066483 ], [ -6.573807181208216, 37.513891386066483 ], [ -6.573807181208216, 37.51434577334296 ], [ -6.574547397175724, 37.51434577334296 ] ], [ [ -6.570106101370673, 37.524795917120557 ], [ -6.570846317338182, 37.524795917120557 ], [ -6.570846317338182, 37.524341593476848 ], [ -6.570106101370673, 37.524341593476848 ], [ -6.570106101370673, 37.524795917120557 ] ], [ [ -6.569365885403165, 37.525704556107634 ], [ -6.570106101370673, 37.525704556107634 ], [ -6.570106101370673, 37.525250237997497 ], [ -6.569365885403165, 37.525250237997497 ], [ -6.569365885403165, 37.525704556107634 ] ], [ [ -6.568625669435657, 37.526613184027468 ], [ -6.569365885403165, 37.526613184027468 ], [ -6.569365885403165, 37.526158871450953 ], [ -6.568625669435657, 37.526158871450953 ], [ -6.568625669435657, 37.526613184027468 ] ], [ [ -6.567885453468148, 37.526613184027468 ], [ -6.567885453468148, 37.527067493837158 ], [ -6.568625669435657, 37.527067493837158 ], [ -6.568625669435657, 37.526613184027468 ], [ -6.567885453468148, 37.526613184027468 ] ], [ [ -6.590091932493399, 37.563857398707192 ], [ -6.590832148460907, 37.563857398707192 ], [ -6.590832148460907, 37.563403313049498 ], [ -6.590091932493399, 37.563403313049498 ], [ -6.590091932493399, 37.563857398707192 ] ], [ [ -6.58935171652589, 37.563857398707192 ], [ -6.58935171652589, 37.564765561719206 ], [ -6.590091932493399, 37.564765561719206 ], [ -6.590091932493399, 37.563857398707192 ], [ -6.58935171652589, 37.563857398707192 ] ], [ [ -6.556041997988016, 37.479804456629637 ], [ -6.556782213955524, 37.479804456629637 ], [ -6.556782213955524, 37.477986050047889 ], [ -6.558262645890541, 37.477986050047889 ], [ -6.558262645890541, 37.477531441488495 ], [ -6.559002861858048, 37.477531441488495 ], [ -6.559002861858048, 37.477076830163533 ], [ -6.560483293793064, 37.477076830163533 ], [ -6.560483293793064, 37.476622216073032 ], [ -6.557522429923032, 37.476622216073032 ], [ -6.557522429923032, 37.476167599216993 ], [ -6.556782213955524, 37.476167599216993 ], [ -6.556782213955524, 37.475258357208354 ], [ -6.556041997988016, 37.475258357208354 ], [ -6.556041997988016, 37.474349104137715 ], [ -6.555301782020508, 37.474349104137715 ], [ -6.555301782020508, 37.473439840005163 ], [ -6.554561566052999, 37.473439840005163 ], [ -6.554561566052999, 37.475258357208354 ], [ -6.55382135008549, 37.475258357208354 ], [ -6.55382135008549, 37.476622216073032 ], [ -6.553081134117982, 37.476622216073032 ], [ -6.553081134117982, 37.477986050047889 ], [ -6.55382135008549, 37.477986050047889 ], [ -6.55382135008549, 37.478440655841709 ], [ -6.554561566052999, 37.478440655841709 ], [ -6.554561566052999, 37.478895258869954 ], [ -6.555301782020508, 37.478895258869954 ], [ -6.555301782020508, 37.479349859132597 ], [ -6.556041997988016, 37.479349859132597 ], [ -6.556041997988016, 37.479804456629637 ] ], [ [ -6.519771415580108, 37.511165004311565 ], [ -6.520511631547615, 37.511165004311565 ], [ -6.520511631547615, 37.509801776087116 ], [ -6.521251847515123, 37.509801776087116 ], [ -6.521251847515123, 37.508892943438838 ], [ -6.521992063482632, 37.508892943438838 ], [ -6.521992063482632, 37.508438522965122 ], [ -6.522732279450141, 37.508438522965122 ], [ -6.522732279450141, 37.505711942029741 ], [ -6.521992063482632, 37.505711942029741 ], [ -6.521992063482632, 37.50434861421698 ], [ -6.521251847515123, 37.50434861421698 ], [ -6.521251847515123, 37.503439715177187 ], [ -6.521992063482632, 37.503439715177187 ], [ -6.521992063482632, 37.501621883902907 ], [ -6.522732279450141, 37.501621883902907 ], [ -6.522732279450141, 37.499804008369686 ], [ -6.523472495417648, 37.499804008369686 ], [ -6.523472495417648, 37.499349532571017 ], [ -6.524212711385157, 37.499349532571017 ], [ -6.524212711385157, 37.498895054006219 ], [ -6.524952927352666, 37.498895054006219 ], [ -6.524952927352666, 37.498440572675307 ], [ -6.525693143320173, 37.498440572675307 ], [ -6.525693143320173, 37.497986088578294 ], [ -6.526433359287681, 37.497986088578294 ], [ -6.526433359287681, 37.497531601715181 ], [ -6.52717357525519, 37.497531601715181 ], [ -6.52717357525519, 37.497077112086004 ], [ -6.527913791222699, 37.497077112086004 ], [ -6.527913791222699, 37.496622619690761 ], [ -6.529394223157715, 37.496622619690761 ], [ -6.529394223157715, 37.497077112086004 ], [ -6.530134439125224, 37.497077112086004 ], [ -6.530134439125224, 37.497531601715181 ], [ -6.53161487106024, 37.497531601715181 ], [ -6.53161487106024, 37.497986088578294 ], [ -6.532355087027749, 37.497986088578294 ], [ -6.532355087027749, 37.498895054006219 ], [ -6.533095302995257, 37.498895054006219 ], [ -6.533095302995257, 37.500258481402234 ], [ -6.533835518962765, 37.500258481402234 ], [ -6.533835518962765, 37.499804008369686 ], [ -6.534575734930274, 37.499804008369686 ], [ -6.534575734930274, 37.499349532571017 ], [ -6.535315950897782, 37.499349532571017 ], [ -6.535315950897782, 37.498895054006219 ], [ -6.53605616686529, 37.498895054006219 ], [ -6.53605616686529, 37.498440572675307 ], [ -6.536796382832798, 37.498440572675307 ], [ -6.536796382832798, 37.497531601715181 ], [ -6.538276814767816, 37.497531601715181 ], [ -6.538276814767816, 37.497077112086004 ], [ -6.539017030735324, 37.497077112086004 ], [ -6.539017030735324, 37.497531601715181 ], [ -6.543458326540374, 37.497531601715181 ], [ -6.543458326540374, 37.497986088578294 ], [ -6.544198542507881, 37.497986088578294 ], [ -6.544198542507881, 37.498895054006219 ], [ -6.54493875847539, 37.498895054006219 ], [ -6.54493875847539, 37.499349532571017 ], [ -6.545678974442899, 37.499349532571017 ], [ -6.545678974442899, 37.497986088578294 ], [ -6.546419190410407, 37.497986088578294 ], [ -6.546419190410407, 37.496168124529454 ], [ -6.547159406377915, 37.496168124529454 ], [ -6.547159406377915, 37.495259125908731 ], [ -6.547899622345424, 37.495259125908731 ], [ -6.547899622345424, 37.494804622449344 ], [ -6.548639838312933, 37.494804622449344 ], [ -6.548639838312933, 37.494350116223934 ], [ -6.550120270247948, 37.494350116223934 ], [ -6.550120270247948, 37.493895607232531 ], [ -6.550860486215457, 37.493895607232531 ], [ -6.550860486215457, 37.493441095475163 ], [ -6.551600702182965, 37.493441095475163 ], [ -6.551600702182965, 37.49207754360723 ], [ -6.552340918150473, 37.49207754360723 ], [ -6.552340918150473, 37.490259435726927 ], [ -6.551600702182965, 37.490259435726927 ], [ -6.551600702182965, 37.489804901842099 ], [ -6.550860486215457, 37.489804901842099 ], [ -6.550860486215457, 37.488895825774819 ], [ -6.550120270247948, 37.488895825774819 ], [ -6.550120270247948, 37.487986738644132 ], [ -6.54938005428044, 37.487986738644132 ], [ -6.54938005428044, 37.487077640450103 ], [ -6.548639838312933, 37.487077640450103 ], [ -6.548639838312933, 37.486623087204379 ], [ -6.547899622345424, 37.486623087204379 ], [ -6.547899622345424, 37.485713972415553 ], [ -6.547159406377915, 37.485713972415553 ], [ -6.547159406377915, 37.484804846563641 ], [ -6.546419190410407, 37.484804846563641 ], [ -6.546419190410407, 37.480713643326844 ], [ -6.545678974442899, 37.480713643326844 ], [ -6.545678974442899, 37.48116823252699 ], [ -6.54493875847539, 37.48116823252699 ], [ -6.54493875847539, 37.481622818961476 ], [ -6.542718110572865, 37.481622818961476 ], [ -6.542718110572865, 37.48116823252699 ], [ -6.54049746267034, 37.48116823252699 ], [ -6.54049746267034, 37.480713643326844 ], [ -6.539757246702831, 37.480713643326844 ], [ -6.539757246702831, 37.48116823252699 ], [ -6.539017030735324, 37.48116823252699 ], [ -6.539017030735324, 37.481622818961476 ], [ -6.538276814767816, 37.481622818961476 ], [ -6.538276814767816, 37.482077402630317 ], [ -6.537536598800307, 37.482077402630317 ], [ -6.537536598800307, 37.48298656167092 ], [ -6.536796382832798, 37.48298656167092 ], [ -6.536796382832798, 37.485259410872473 ], [ -6.53605616686529, 37.485259410872473 ], [ -6.53605616686529, 37.487077640450103 ], [ -6.535315950897782, 37.487077640450103 ], [ -6.535315950897782, 37.487532190930025 ], [ -6.533835518962765, 37.487532190930025 ], [ -6.533835518962765, 37.487986738644132 ], [ -6.533095302995257, 37.487986738644132 ], [ -6.533095302995257, 37.488441283592394 ], [ -6.532355087027749, 37.488441283592394 ], [ -6.532355087027749, 37.488895825774819 ], [ -6.530874655092732, 37.488895825774819 ], [ -6.530874655092732, 37.489350365191392 ], [ -6.530134439125224, 37.489350365191392 ], [ -6.530134439125224, 37.489804901842099 ], [ -6.529394223157715, 37.489804901842099 ], [ -6.529394223157715, 37.490259435726927 ], [ -6.528654007190207, 37.490259435726927 ], [ -6.528654007190207, 37.491168495198906 ], [ -6.527913791222699, 37.491168495198906 ], [ -6.527913791222699, 37.492532063662495 ], [ -6.52717357525519, 37.492532063662495 ], [ -6.52717357525519, 37.493441095475163 ], [ -6.526433359287681, 37.493441095475163 ], [ -6.526433359287681, 37.493895607232531 ], [ -6.523472495417648, 37.493895607232531 ], [ -6.523472495417648, 37.493441095475163 ], [ -6.519031199612598, 37.493441095475163 ], [ -6.519031199612598, 37.492986580951801 ], [ -6.517550767677582, 37.492986580951801 ], [ -6.517550767677582, 37.493441095475163 ], [ -6.516810551710074, 37.493441095475163 ], [ -6.516810551710074, 37.493895607232531 ], [ -6.515330119775057, 37.493895607232531 ], [ -6.515330119775057, 37.494350116223934 ], [ -6.514589903807549, 37.494350116223934 ], [ -6.514589903807549, 37.494804622449344 ], [ -6.51384968784004, 37.494804622449344 ], [ -6.51384968784004, 37.495259125908731 ], [ -6.512369255905024, 37.495259125908731 ], [ -6.512369255905024, 37.495713626602111 ], [ -6.511629039937516, 37.495713626602111 ], [ -6.511629039937516, 37.496168124529454 ], [ -6.510888823970006, 37.496168124529454 ], [ -6.510888823970006, 37.497077112086004 ], [ -6.510148608002498, 37.497077112086004 ], [ -6.510148608002498, 37.498895054006219 ], [ -6.50940839203499, 37.498895054006219 ], [ -6.50940839203499, 37.500258481402234 ], [ -6.511629039937516, 37.500258481402234 ], [ -6.511629039937516, 37.500712951668618 ], [ -6.512369255905024, 37.500712951668618 ], [ -6.512369255905024, 37.501621883902907 ], [ -6.513109471872531, 37.501621883902907 ], [ -6.513109471872531, 37.502076345870776 ], [ -6.51384968784004, 37.502076345870776 ], [ -6.51384968784004, 37.502985261507924 ], [ -6.514589903807549, 37.502985261507924 ], [ -6.514589903807549, 37.503894166080194 ], [ -6.51384968784004, 37.503894166080194 ], [ -6.51384968784004, 37.506620813406819 ], [ -6.513109471872531, 37.506620813406819 ], [ -6.513109471872531, 37.510256188261678 ], [ -6.516810551710074, 37.510256188261678 ], [ -6.516810551710074, 37.510710597669828 ], [ -6.519771415580108, 37.510710597669828 ], [ -6.519771415580108, 37.511165004311565 ] ], [ [ -6.503486664294925, 37.503439715177187 ], [ -6.504226880262432, 37.503439715177187 ], [ -6.504226880262432, 37.502985261507924 ], [ -6.503486664294925, 37.502985261507924 ], [ -6.503486664294925, 37.503439715177187 ] ], [ [ -6.54938005428044, 37.508438522965122 ], [ -6.550120270247948, 37.508438522965122 ], [ -6.550120270247948, 37.507984099725057 ], [ -6.550860486215457, 37.507984099725057 ], [ -6.550860486215457, 37.506620813406819 ], [ -6.551600702182965, 37.506620813406819 ], [ -6.551600702182965, 37.505257502191753 ], [ -6.550860486215457, 37.505257502191753 ], [ -6.550860486215457, 37.504803059587495 ], [ -6.550120270247948, 37.504803059587495 ], [ -6.550120270247948, 37.50434861421698 ], [ -6.54938005428044, 37.50434861421698 ], [ -6.54938005428044, 37.503894166080194 ], [ -6.548639838312933, 37.503894166080194 ], [ -6.548639838312933, 37.503439715177187 ], [ -6.547899622345424, 37.503439715177187 ], [ -6.547899622345424, 37.507075244945895 ], [ -6.548639838312933, 37.507075244945895 ], [ -6.548639838312933, 37.507984099725057 ], [ -6.54938005428044, 37.507984099725057 ], [ -6.54938005428044, 37.508438522965122 ] ], [ [ -6.560483293793064, 37.515254539596349 ], [ -6.561223509760573, 37.515254539596349 ], [ -6.561223509760573, 37.51434577334296 ], [ -6.560483293793064, 37.51434577334296 ], [ -6.560483293793064, 37.515254539596349 ] ], [ [ -6.536796382832798, 37.522978605945134 ], [ -6.538276814767816, 37.522978605945134 ], [ -6.538276814767816, 37.519798204869268 ], [ -6.539017030735324, 37.519798204869268 ], [ -6.539017030735324, 37.51570891857326 ], [ -6.538276814767816, 37.51570891857326 ], [ -6.538276814767816, 37.515254539596349 ], [ -6.537536598800307, 37.515254539596349 ], [ -6.537536598800307, 37.516617668227383 ], [ -6.536796382832798, 37.516617668227383 ], [ -6.536796382832798, 37.517980771959287 ], [ -6.53605616686529, 37.517980771959287 ], [ -6.53605616686529, 37.519343850791721 ], [ -6.535315950897782, 37.519343850791721 ], [ -6.535315950897782, 37.519798204869268 ], [ -6.53605616686529, 37.519798204869268 ], [ -6.53605616686529, 37.522524271234403 ], [ -6.536796382832798, 37.522524271234403 ], [ -6.536796382832798, 37.522978605945134 ] ], [ [ -6.476098673497115, 37.537970099190403 ], [ -6.476098673497115, 37.536607360682268 ], [ -6.476838889464624, 37.536607360682268 ], [ -6.476838889464624, 37.535698854508055 ], [ -6.477579105432133, 37.535698854508055 ], [ -6.477579105432133, 37.534336074493794 ], [ -6.47831932139964, 37.534336074493794 ], [ -6.47831932139964, 37.533881808954966 ], [ -6.476838889464624, 37.533881808954966 ], [ -6.476838889464624, 37.533427540649129 ], [ -6.476098673497115, 37.533427540649129 ], [ -6.476098673497115, 37.532973269576274 ], [ -6.475358457529607, 37.532973269576274 ], [ -6.475358457529607, 37.532518995736432 ], [ -6.474618241562099, 37.532518995736432 ], [ -6.474618241562099, 37.532064719129615 ], [ -6.47387802559459, 37.532064719129615 ], [ -6.47387802559459, 37.531610439755823 ], [ -6.473137809627081, 37.531610439755823 ], [ -6.473137809627081, 37.532064719129615 ], [ -6.472397593659574, 37.532064719129615 ], [ -6.472397593659574, 37.533427540649129 ], [ -6.471657377692065, 37.533427540649129 ], [ -6.471657377692065, 37.534790337265591 ], [ -6.472397593659574, 37.534790337265591 ], [ -6.472397593659574, 37.535244597270349 ], [ -6.473137809627081, 37.535244597270349 ], [ -6.473137809627081, 37.535698854508055 ], [ -6.47387802559459, 37.535698854508055 ], [ -6.47387802559459, 37.536607360682268 ], [ -6.474618241562099, 37.536607360682268 ], [ -6.474618241562099, 37.537061609618732 ], [ -6.475358457529607, 37.537061609618732 ], [ -6.475358457529607, 37.537970099190403 ], [ -6.476098673497115, 37.537970099190403 ] ], [ [ -6.512369255905024, 37.537515855788129 ], [ -6.513109471872531, 37.537515855788129 ], [ -6.513109471872531, 37.537061609618732 ], [ -6.515330119775057, 37.537061609618732 ], [ -6.515330119775057, 37.536153108978688 ], [ -6.512369255905024, 37.536153108978688 ], [ -6.512369255905024, 37.537515855788129 ] ], [ [ -6.501266016392399, 37.537515855788129 ], [ -6.502006232359907, 37.537515855788129 ], [ -6.502006232359907, 37.536607360682268 ], [ -6.501266016392399, 37.536607360682268 ], [ -6.501266016392399, 37.537515855788129 ] ], [ [ -6.453151978504357, 37.547054386124735 ], [ -6.453892194471866, 37.547054386124735 ], [ -6.453892194471866, 37.546600198067125 ], [ -6.454632410439373, 37.546600198067125 ], [ -6.454632410439373, 37.546146007242164 ], [ -6.456112842374391, 37.546146007242164 ], [ -6.456112842374391, 37.545691813649867 ], [ -6.456853058341898, 37.545691813649867 ], [ -6.456853058341898, 37.545237617290262 ], [ -6.455372626406882, 37.545237617290262 ], [ -6.455372626406882, 37.544783418163334 ], [ -6.454632410439373, 37.544783418163334 ], [ -6.454632410439373, 37.543875011607611 ], [ -6.453892194471866, 37.543875011607611 ], [ -6.453892194471866, 37.542058165288971 ], [ -6.453151978504357, 37.542058165288971 ], [ -6.453151978504357, 37.542966593982797 ], [ -6.452411762536848, 37.542966593982797 ], [ -6.452411762536848, 37.544329216269119 ], [ -6.451671546569341, 37.544329216269119 ], [ -6.451671546569341, 37.546146007242164 ], [ -6.452411762536848, 37.546146007242164 ], [ -6.452411762536848, 37.546600198067125 ], [ -6.453151978504357, 37.546600198067125 ], [ -6.453151978504357, 37.547054386124735 ] ], [ [ -6.464255218016982, 37.546600198067125 ], [ -6.465735649951998, 37.546600198067125 ], [ -6.465735649951998, 37.545691813649867 ], [ -6.466475865919507, 37.545691813649867 ], [ -6.466475865919507, 37.544783418163334 ], [ -6.465735649951998, 37.544783418163334 ], [ -6.465735649951998, 37.544329216269119 ], [ -6.46499543398449, 37.544329216269119 ], [ -6.46499543398449, 37.543875011607611 ], [ -6.464255218016982, 37.543875011607611 ], [ -6.464255218016982, 37.54342080417883 ], [ -6.462774786081965, 37.54342080417883 ], [ -6.462774786081965, 37.545237617290262 ], [ -6.463515002049473, 37.545237617290262 ], [ -6.463515002049473, 37.545691813649867 ], [ -6.464255218016982, 37.545691813649867 ], [ -6.464255218016982, 37.546600198067125 ] ], [ [ -6.559002861858048, 37.563857398707192 ], [ -6.559743077825557, 37.563857398707192 ], [ -6.559743077825557, 37.563403313049498 ], [ -6.560483293793064, 37.563403313049498 ], [ -6.560483293793064, 37.562041039469818 ], [ -6.561223509760573, 37.562041039469818 ], [ -6.561223509760573, 37.561132843244636 ], [ -6.56270394169559, 37.561132843244636 ], [ -6.56270394169559, 37.560678740980471 ], [ -6.563444157663099, 37.560678740980471 ], [ -6.563444157663099, 37.560224635948593 ], [ -6.564924589598116, 37.560224635948593 ], [ -6.564924589598116, 37.559770528149024 ], [ -6.565664805565625, 37.559770528149024 ], [ -6.565664805565625, 37.560224635948593 ], [ -6.566405021533132, 37.560224635948593 ], [ -6.566405021533132, 37.560678740980471 ], [ -6.56714523750064, 37.560678740980471 ], [ -6.56714523750064, 37.561132843244636 ], [ -6.567885453468148, 37.561132843244636 ], [ -6.567885453468148, 37.561586942741094 ], [ -6.568625669435657, 37.561586942741094 ], [ -6.568625669435657, 37.562041039469818 ], [ -6.569365885403165, 37.562041039469818 ], [ -6.569365885403165, 37.562495133430801 ], [ -6.570106101370673, 37.562495133430801 ], [ -6.570106101370673, 37.562041039469818 ], [ -6.570846317338182, 37.562041039469818 ], [ -6.570846317338182, 37.561586942741094 ], [ -6.57158653330569, 37.561586942741094 ], [ -6.57158653330569, 37.560678740980471 ], [ -6.572326749273199, 37.560678740980471 ], [ -6.572326749273199, 37.560224635948593 ], [ -6.573066965240707, 37.560224635948593 ], [ -6.573066965240707, 37.559770528149024 ], [ -6.573807181208216, 37.559770528149024 ], [ -6.573807181208216, 37.558862304246858 ], [ -6.574547397175724, 37.558862304246858 ], [ -6.574547397175724, 37.55840818814427 ], [ -6.575287613143232, 37.55840818814427 ], [ -6.575287613143232, 37.557954069274039 ], [ -6.576027829110741, 37.557954069274039 ], [ -6.576027829110741, 37.552504426959068 ], [ -6.575287613143232, 37.552504426959068 ], [ -6.575287613143232, 37.552050272110492 ], [ -6.574547397175724, 37.552050272110492 ], [ -6.574547397175724, 37.551141954110889 ], [ -6.573807181208216, 37.551141954110889 ], [ -6.573807181208216, 37.550687790959891 ], [ -6.573066965240707, 37.550687790959891 ], [ -6.573066965240707, 37.546146007242164 ], [ -6.572326749273199, 37.546146007242164 ], [ -6.572326749273199, 37.541603946791213 ], [ -6.57158653330569, 37.541603946791213 ], [ -6.57158653330569, 37.540241274694701 ], [ -6.569365885403165, 37.540241274694701 ], [ -6.569365885403165, 37.540695501494071 ], [ -6.567885453468148, 37.540695501494071 ], [ -6.567885453468148, 37.540241274694701 ], [ -6.56714523750064, 37.540241274694701 ], [ -6.56714523750064, 37.539332812794434 ], [ -6.566405021533132, 37.539332812794434 ], [ -6.566405021533132, 37.537970099190403 ], [ -6.565664805565625, 37.537970099190403 ], [ -6.565664805565625, 37.537061609618732 ], [ -6.564924589598116, 37.537061609618732 ], [ -6.564924589598116, 37.535698854508055 ], [ -6.564184373630607, 37.535698854508055 ], [ -6.564184373630607, 37.535244597270349 ], [ -6.564924589598116, 37.535244597270349 ], [ -6.564924589598116, 37.533881808954966 ], [ -6.565664805565625, 37.533881808954966 ], [ -6.565664805565625, 37.532973269576274 ], [ -6.566405021533132, 37.532973269576274 ], [ -6.566405021533132, 37.532064719129615 ], [ -6.56714523750064, 37.532064719129615 ], [ -6.56714523750064, 37.531156157615072 ], [ -6.567885453468148, 37.531156157615072 ], [ -6.567885453468148, 37.527521800879995 ], [ -6.566405021533132, 37.527521800879995 ], [ -6.566405021533132, 37.527067493837158 ], [ -6.564184373630607, 37.527067493837158 ], [ -6.564184373630607, 37.526613184027468 ], [ -6.561223509760573, 37.526613184027468 ], [ -6.561223509760573, 37.527521800879995 ], [ -6.560483293793064, 37.527521800879995 ], [ -6.560483293793064, 37.527976105155993 ], [ -6.559743077825557, 37.527976105155993 ], [ -6.559743077825557, 37.528430406665116 ], [ -6.558262645890541, 37.528430406665116 ], [ -6.558262645890541, 37.528884705407378 ], [ -6.550860486215457, 37.528884705407378 ], [ -6.550860486215457, 37.532518995736432 ], [ -6.550120270247948, 37.532518995736432 ], [ -6.550120270247948, 37.537515855788129 ], [ -6.54938005428044, 37.537515855788129 ], [ -6.54938005428044, 37.538878577693573 ], [ -6.548639838312933, 37.538878577693573 ], [ -6.548639838312933, 37.539332812794434 ], [ -6.547899622345424, 37.539332812794434 ], [ -6.547899622345424, 37.540241274694701 ], [ -6.547159406377915, 37.540241274694701 ], [ -6.547159406377915, 37.540695501494071 ], [ -6.546419190410407, 37.540695501494071 ], [ -6.546419190410407, 37.54342080417883 ], [ -6.545678974442899, 37.54342080417883 ], [ -6.545678974442899, 37.543875011607611 ], [ -6.550120270247948, 37.543875011607611 ], [ -6.550120270247948, 37.544329216269119 ], [ -6.551600702182965, 37.544329216269119 ], [ -6.551600702182965, 37.544783418163334 ], [ -6.552340918150473, 37.544783418163334 ], [ -6.552340918150473, 37.546146007242164 ], [ -6.553081134117982, 37.546146007242164 ], [ -6.553081134117982, 37.547054386124735 ], [ -6.55382135008549, 37.547054386124735 ], [ -6.55382135008549, 37.548416933693403 ], [ -6.554561566052999, 37.548416933693403 ], [ -6.554561566052999, 37.550233625041443 ], [ -6.55382135008549, 37.550233625041443 ], [ -6.55382135008549, 37.551141954110889 ], [ -6.553081134117982, 37.551141954110889 ], [ -6.553081134117982, 37.552504426959068 ], [ -6.552340918150473, 37.552504426959068 ], [ -6.552340918150473, 37.553866874899796 ], [ -6.551600702182965, 37.553866874899796 ], [ -6.551600702182965, 37.557045823230688 ], [ -6.553081134117982, 37.557045823230688 ], [ -6.553081134117982, 37.557499947636188 ], [ -6.555301782020508, 37.557499947636188 ], [ -6.555301782020508, 37.557954069274039 ], [ -6.557522429923032, 37.557954069274039 ], [ -6.557522429923032, 37.55840818814427 ], [ -6.558262645890541, 37.55840818814427 ], [ -6.558262645890541, 37.560678740980471 ], [ -6.559002861858048, 37.560678740980471 ], [ -6.559002861858048, 37.563857398707192 ] ], [ [ -6.53605616686529, 37.5747546241289 ], [ -6.536796382832798, 37.5747546241289 ], [ -6.536796382832798, 37.57430060490131 ], [ -6.538276814767816, 37.57430060490131 ], [ -6.538276814767816, 37.573846582905666 ], [ -6.54049746267034, 37.573846582905666 ], [ -6.54049746267034, 37.571576431407031 ], [ -6.541237678637849, 37.571576431407031 ], [ -6.541237678637849, 37.569306210708774 ], [ -6.541977894605356, 37.569306210708774 ], [ -6.541977894605356, 37.568398103053909 ], [ -6.542718110572865, 37.568398103053909 ], [ -6.542718110572865, 37.567944045074604 ], [ -6.543458326540374, 37.567944045074604 ], [ -6.543458326540374, 37.567035920812344 ], [ -6.544198542507881, 37.567035920812344 ], [ -6.544198542507881, 37.56658185452941 ], [ -6.548639838312933, 37.56658185452941 ], [ -6.548639838312933, 37.567035920812344 ], [ -6.54938005428044, 37.567035920812344 ], [ -6.54938005428044, 37.567489984327416 ], [ -6.550120270247948, 37.567489984327416 ], [ -6.550120270247948, 37.568398103053909 ], [ -6.550860486215457, 37.568398103053909 ], [ -6.550860486215457, 37.567944045074604 ], [ -6.552340918150473, 37.567944045074604 ], [ -6.552340918150473, 37.567489984327416 ], [ -6.553081134117982, 37.567489984327416 ], [ -6.553081134117982, 37.567035920812344 ], [ -6.552340918150473, 37.567035920812344 ], [ -6.552340918150473, 37.56658185452941 ], [ -6.551600702182965, 37.56658185452941 ], [ -6.551600702182965, 37.566127785478614 ], [ -6.550860486215457, 37.566127785478614 ], [ -6.550860486215457, 37.565673713659976 ], [ -6.550120270247948, 37.565673713659976 ], [ -6.550120270247948, 37.565219639073504 ], [ -6.54938005428044, 37.565219639073504 ], [ -6.54938005428044, 37.564311481597102 ], [ -6.548639838312933, 37.564311481597102 ], [ -6.548639838312933, 37.561586942741094 ], [ -6.543458326540374, 37.561586942741094 ], [ -6.543458326540374, 37.561132843244636 ], [ -6.542718110572865, 37.561132843244636 ], [ -6.542718110572865, 37.560678740980471 ], [ -6.541977894605356, 37.560678740980471 ], [ -6.541977894605356, 37.560224635948593 ], [ -6.541237678637849, 37.560224635948593 ], [ -6.541237678637849, 37.559770528149024 ], [ -6.54049746267034, 37.559770528149024 ], [ -6.54049746267034, 37.559316417581776 ], [ -6.539757246702831, 37.559316417581776 ], [ -6.539757246702831, 37.558862304246858 ], [ -6.539017030735324, 37.558862304246858 ], [ -6.539017030735324, 37.55840818814427 ], [ -6.538276814767816, 37.55840818814427 ], [ -6.538276814767816, 37.557499947636188 ], [ -6.537536598800307, 37.557499947636188 ], [ -6.537536598800307, 37.556591696057595 ], [ -6.536796382832798, 37.556591696057595 ], [ -6.536796382832798, 37.55522929793274 ], [ -6.53605616686529, 37.55522929793274 ], [ -6.53605616686529, 37.553866874899796 ], [ -6.535315950897782, 37.553866874899796 ], [ -6.535315950897782, 37.552504426959068 ], [ -6.534575734930274, 37.552504426959068 ], [ -6.534575734930274, 37.550233625041443 ], [ -6.535315950897782, 37.550233625041443 ], [ -6.535315950897782, 37.548871110681532 ], [ -6.53605616686529, 37.548871110681532 ], [ -6.53605616686529, 37.547962753937895 ], [ -6.536796382832798, 37.547962753937895 ], [ -6.536796382832798, 37.547508571415001 ], [ -6.53605616686529, 37.547508571415001 ], [ -6.53605616686529, 37.547054386124735 ], [ -6.53161487106024, 37.547054386124735 ], [ -6.53161487106024, 37.546600198067125 ], [ -6.52717357525519, 37.546600198067125 ], [ -6.52717357525519, 37.547962753937895 ], [ -6.527913791222699, 37.547962753937895 ], [ -6.527913791222699, 37.550233625041443 ], [ -6.528654007190207, 37.550233625041443 ], [ -6.528654007190207, 37.55159611449443 ], [ -6.527913791222699, 37.55159611449443 ], [ -6.527913791222699, 37.552958579040151 ], [ -6.52717357525519, 37.552958579040151 ], [ -6.52717357525519, 37.554775159689306 ], [ -6.526433359287681, 37.554775159689306 ], [ -6.526433359287681, 37.55522929793274 ], [ -6.52717357525519, 37.55522929793274 ], [ -6.52717357525519, 37.557045823230688 ], [ -6.527913791222699, 37.557045823230688 ], [ -6.527913791222699, 37.55840818814427 ], [ -6.528654007190207, 37.55840818814427 ], [ -6.528654007190207, 37.561586942741094 ], [ -6.530134439125224, 37.561586942741094 ], [ -6.530134439125224, 37.561132843244636 ], [ -6.532355087027749, 37.561132843244636 ], [ -6.532355087027749, 37.561586942741094 ], [ -6.533095302995257, 37.561586942741094 ], [ -6.533095302995257, 37.562041039469818 ], [ -6.534575734930274, 37.562041039469818 ], [ -6.534575734930274, 37.562495133430801 ], [ -6.535315950897782, 37.562495133430801 ], [ -6.535315950897782, 37.565219639073504 ], [ -6.53605616686529, 37.565219639073504 ], [ -6.53605616686529, 37.568852158265301 ], [ -6.535315950897782, 37.568852158265301 ], [ -6.535315950897782, 37.569760260384321 ], [ -6.534575734930274, 37.569760260384321 ], [ -6.534575734930274, 37.570214307291934 ], [ -6.533835518962765, 37.570214307291934 ], [ -6.533835518962765, 37.570668351431607 ], [ -6.533095302995257, 37.570668351431607 ], [ -6.533095302995257, 37.571122392803304 ], [ -6.532355087027749, 37.571122392803304 ], [ -6.532355087027749, 37.571576431407031 ], [ -6.533095302995257, 37.571576431407031 ], [ -6.533095302995257, 37.572030467242776 ], [ -6.533835518962765, 37.572030467242776 ], [ -6.533835518962765, 37.572938530610259 ], [ -6.534575734930274, 37.572938530610259 ], [ -6.534575734930274, 37.573392558141983 ], [ -6.535315950897782, 37.573392558141983 ], [ -6.535315950897782, 37.57430060490131 ], [ -6.53605616686529, 37.57430060490131 ], [ -6.53605616686529, 37.5747546241289 ] ] ], [ [ [ -3.471562061380785, 40.253467802761868 ], [ -3.471562061380785, 40.253030605299436 ], [ -3.469341413478261, 40.253030605299436 ], [ -3.469341413478261, 40.252593405012497 ], [ -3.467860981543244, 40.252593405012497 ], [ -3.467860981543244, 40.251718995965156 ], [ -3.467120765575736, 40.251718995965156 ], [ -3.467120765575736, 40.249532923918622 ], [ -3.466380549608227, 40.249532923918622 ], [ -3.466380549608227, 40.247784015441454 ], [ -3.465640333640719, 40.247784015441454 ], [ -3.465640333640719, 40.246909544256376 ], [ -3.46490011767321, 40.246909544256376 ], [ -3.46490011767321, 40.247784015441454 ], [ -3.464159901705703, 40.247784015441454 ], [ -3.464159901705703, 40.248658475328888 ], [ -3.458978389933144, 40.248658475328888 ], [ -3.458978389933144, 40.248221246797378 ], [ -3.458238173965635, 40.248221246797378 ], [ -3.458238173965635, 40.246909544256376 ], [ -3.457497957998127, 40.246909544256376 ], [ -3.457497957998127, 40.246035061773718 ], [ -3.456757742030619, 40.246035061773718 ], [ -3.456757742030619, 40.244723316866896 ], [ -3.45601752606311, 40.244723316866896 ], [ -3.45601752606311, 40.242099750795745 ], [ -3.456757742030619, 40.242099750795745 ], [ -3.456757742030619, 40.241225206177418 ], [ -3.457497957998127, 40.241225206177418 ], [ -3.457497957998127, 40.23991336806769 ], [ -3.458238173965635, 40.23991336806769 ], [ -3.458238173965635, 40.239038795206454 ], [ -3.458978389933144, 40.239038795206454 ], [ -3.458978389933144, 40.238601504539439 ], [ -3.464159901705703, 40.238601504539439 ], [ -3.464159901705703, 40.239476083049205 ], [ -3.46490011767321, 40.239476083049205 ], [ -3.46490011767321, 40.23991336806769 ], [ -3.465640333640719, 40.23991336806769 ], [ -3.465640333640719, 40.240350650261888 ], [ -3.466380549608227, 40.240350650261888 ], [ -3.466380549608227, 40.239476083049205 ], [ -3.467120765575736, 40.239476083049205 ], [ -3.467120765575736, 40.238164211048165 ], [ -3.467860981543244, 40.238164211048165 ], [ -3.467860981543244, 40.237289615592864 ], [ -3.469341413478261, 40.237289615592864 ], [ -3.469341413478261, 40.236852313628852 ], [ -3.470081629445768, 40.236852313628852 ], [ -3.470081629445768, 40.236415008840616 ], [ -3.471562061380785, 40.236415008840616 ], [ -3.471562061380785, 40.235977701228158 ], [ -3.474522925250819, 40.235977701228158 ], [ -3.474522925250819, 40.236415008840616 ], [ -3.47822400508836, 40.236415008840616 ], [ -3.47822400508836, 40.236852313628852 ], [ -3.481184868958394, 40.236852313628852 ], [ -3.481184868958394, 40.237289615592864 ], [ -3.481925084925902, 40.237289615592864 ], [ -3.481925084925902, 40.237726914732633 ], [ -3.482665300893411, 40.237726914732633 ], [ -3.482665300893411, 40.238601504539439 ], [ -3.483405516860918, 40.238601504539439 ], [ -3.483405516860918, 40.239476083049205 ], [ -3.484145732828428, 40.239476083049205 ], [ -3.484145732828428, 40.2407879296318 ], [ -3.484885948795936, 40.2407879296318 ], [ -3.484885948795936, 40.243411546540848 ], [ -3.485626164763444, 40.243411546540848 ], [ -3.485626164763444, 40.248221246797378 ], [ -3.484885948795936, 40.248221246797378 ], [ -3.484885948795936, 40.249970143976832 ], [ -3.484145732828428, 40.249970143976832 ], [ -3.484145732828428, 40.251281787204768 ], [ -3.483405516860918, 40.251281787204768 ], [ -3.483405516860918, 40.251718995965156 ], [ -3.482665300893411, 40.251718995965156 ], [ -3.482665300893411, 40.252156201901066 ], [ -3.481184868958394, 40.252156201901066 ], [ -3.481184868958394, 40.252593405012497 ], [ -3.479704437023377, 40.252593405012497 ], [ -3.479704437023377, 40.253030605299436 ], [ -3.478964221055869, 40.253030605299436 ], [ -3.478964221055869, 40.253467802761868 ], [ -3.477483789120852, 40.253467802761868 ], [ -3.477483789120852, 40.253904997399822 ], [ -3.47378270928331, 40.253904997399822 ], [ -3.47378270928331, 40.253467802761868 ], [ -3.471562061380785, 40.253467802761868 ] ] ], [ [ [ -7.448742454803067, 41.618728902764992 ], [ -7.448742454803067, 41.618300648834762 ], [ -7.44726202286805, 41.618300648834762 ], [ -7.44726202286805, 41.617872392060733 ], [ -7.446521806900543, 41.617872392060733 ], [ -7.446521806900543, 41.61744413244292 ], [ -7.445781590933033, 41.61744413244292 ], [ -7.445781590933033, 41.615302791697232 ], [ -7.445041374965524, 41.615302791697232 ], [ -7.445041374965524, 41.612304795215636 ], [ -7.445781590933033, 41.612304795215636 ], [ -7.445781590933033, 41.610163283845608 ], [ -7.446521806900543, 41.610163283845608 ], [ -7.446521806900543, 41.609734973040496 ], [ -7.44726202286805, 41.609734973040496 ], [ -7.44726202286805, 41.609306659391692 ], [ -7.448742454803067, 41.609306659391692 ], [ -7.448742454803067, 41.608878342899196 ], [ -7.450222886738083, 41.608878342899196 ], [ -7.450222886738083, 41.60802170138318 ], [ -7.449482670770574, 41.60802170138318 ], [ -7.449482670770574, 41.606736717781637 ], [ -7.448742454803067, 41.606736717781637 ], [ -7.448742454803067, 41.605451708587189 ], [ -7.448002238835559, 41.605451708587189 ], [ -7.448002238835559, 41.60245325427298 ], [ -7.448742454803067, 41.60245325427298 ], [ -7.448742454803067, 41.601168159769848 ], [ -7.449482670770574, 41.601168159769848 ], [ -7.449482670770574, 41.599883039674424 ], [ -7.450222886738083, 41.599883039674424 ], [ -7.450222886738083, 41.59859789398682 ], [ -7.450963102705592, 41.59859789398682 ], [ -7.450963102705592, 41.597741115977279 ], [ -7.453183750608116, 41.597741115977279 ], [ -7.453183750608116, 41.597312722707173 ], [ -7.455404398510641, 41.597312722707173 ], [ -7.455404398510641, 41.596884326593539 ], [ -7.458365262380676, 41.596884326593539 ], [ -7.458365262380676, 41.597312722707173 ], [ -7.459105478348183, 41.597312722707173 ], [ -7.459105478348183, 41.597741115977279 ], [ -7.459845694315691, 41.597741115977279 ], [ -7.459845694315691, 41.598169506403828 ], [ -7.4605859102832, 41.598169506403828 ], [ -7.4605859102832, 41.59859789398682 ], [ -7.461326126250707, 41.59859789398682 ], [ -7.461326126250707, 41.599026278726249 ], [ -7.462066342218217, 41.599026278726249 ], [ -7.462066342218217, 41.599454660622115 ], [ -7.462806558185726, 41.599454660622115 ], [ -7.462806558185726, 41.600311415883141 ], [ -7.463546774153234, 41.600311415883141 ], [ -7.463546774153234, 41.602024892282202 ], [ -7.464286990120741, 41.602024892282202 ], [ -7.464286990120741, 41.605023366501754 ], [ -7.463546774153234, 41.605023366501754 ], [ -7.463546774153234, 41.606308384227134 ], [ -7.462806558185726, 41.606308384227134 ], [ -7.462806558185726, 41.607593376359667 ], [ -7.462066342218217, 41.607593376359667 ], [ -7.462066342218217, 41.608450023563023 ], [ -7.461326126250707, 41.608450023563023 ], [ -7.461326126250707, 41.609734973040496 ], [ -7.4605859102832, 41.609734973040496 ], [ -7.4605859102832, 41.611019896924738 ], [ -7.459845694315691, 41.611019896924738 ], [ -7.459845694315691, 41.611876498629051 ], [ -7.458365262380676, 41.611876498629051 ], [ -7.458365262380676, 41.612304795215636 ], [ -7.456884830445659, 41.612304795215636 ], [ -7.456884830445659, 41.612733088958493 ], [ -7.45614461447815, 41.612733088958493 ], [ -7.45614461447815, 41.613161379857637 ], [ -7.455404398510641, 41.613161379857637 ], [ -7.455404398510641, 41.616159336526813 ], [ -7.454664182543134, 41.616159336526813 ], [ -7.454664182543134, 41.617872392060733 ], [ -7.453183750608116, 41.617872392060733 ], [ -7.453183750608116, 41.618300648834762 ], [ -7.452443534640609, 41.618300648834762 ], [ -7.452443534640609, 41.618728902764992 ], [ -7.4517033186731, 41.618728902764992 ], [ -7.4517033186731, 41.619157153851425 ], [ -7.449482670770574, 41.619157153851425 ], [ -7.449482670770574, 41.618728902764992 ], [ -7.448742454803067, 41.618728902764992 ] ] ], [ [ [ -5.256222759043379, 42.640019724947905 ], [ -5.256222759043379, 42.639176913266134 ], [ -5.254742327108364, 42.639176913266134 ], [ -5.254742327108364, 42.640019724947905 ], [ -5.254002111140855, 42.640019724947905 ], [ -5.254002111140855, 42.640862525213642 ], [ -5.248820599368296, 42.640862525213642 ], [ -5.248820599368296, 42.640441126507781 ], [ -5.248080383400788, 42.640441126507781 ], [ -5.248080383400788, 42.639598320534027 ], [ -5.24734016743328, 42.639598320534027 ], [ -5.24734016743328, 42.639176913266134 ], [ -5.246599951465773, 42.639176913266134 ], [ -5.246599951465773, 42.63833409016835 ], [ -5.245859735498263, 42.63833409016835 ], [ -5.245859735498263, 42.634962683617694 ], [ -5.243639087595739, 42.634962683617694 ], [ -5.243639087595739, 42.634541244955976 ], [ -5.24289887162823, 42.634541244955976 ], [ -5.24289887162823, 42.634119803440299 ], [ -5.242158655660721, 42.634119803440299 ], [ -5.242158655660721, 42.633276911847048 ], [ -5.241418439693212, 42.633276911847048 ], [ -5.241418439693212, 42.632434008837983 ], [ -5.240678223725705, 42.632434008837983 ], [ -5.240678223725705, 42.626954861020479 ], [ -5.241418439693212, 42.626954861020479 ], [ -5.241418439693212, 42.626111872393693 ], [ -5.242158655660721, 42.626111872393693 ], [ -5.242158655660721, 42.624847368049309 ], [ -5.241418439693212, 42.624847368049309 ], [ -5.241418439693212, 42.624004350883631 ], [ -5.240678223725705, 42.624004350883631 ], [ -5.240678223725705, 42.618524461054932 ], [ -5.241418439693212, 42.618524461054932 ], [ -5.241418439693212, 42.618102911091185 ], [ -5.242158655660721, 42.618102911091185 ], [ -5.242158655660721, 42.617681358273622 ], [ -5.24289887162823, 42.617681358273622 ], [ -5.24289887162823, 42.61725980260222 ], [ -5.243639087595739, 42.61725980260222 ], [ -5.243639087595739, 42.616416682697974 ], [ -5.244379303563247, 42.616416682697974 ], [ -5.244379303563247, 42.615995118465136 ], [ -5.245119519530755, 42.615995118465136 ], [ -5.245119519530755, 42.615573551378468 ], [ -5.245859735498263, 42.615573551378468 ], [ -5.245859735498263, 42.615151981438004 ], [ -5.246599951465773, 42.615151981438004 ], [ -5.246599951465773, 42.614308832995668 ], [ -5.24734016743328, 42.614308832995668 ], [ -5.24734016743328, 42.613887254493811 ], [ -5.248080383400788, 42.613887254493811 ], [ -5.248080383400788, 42.613465673138144 ], [ -5.248820599368296, 42.613465673138144 ], [ -5.248820599368296, 42.613044088928696 ], [ -5.249560815335805, 42.613044088928696 ], [ -5.249560815335805, 42.612200911948449 ], [ -5.250301031303313, 42.612200911948449 ], [ -5.250301031303313, 42.61177931917765 ], [ -5.251041247270821, 42.61177931917765 ], [ -5.251041247270821, 42.611357723553077 ], [ -5.25178146323833, 42.611357723553077 ], [ -5.25178146323833, 42.610514523742623 ], [ -5.252521679205839, 42.610514523742623 ], [ -5.252521679205839, 42.610092919556742 ], [ -5.253261895173347, 42.610092919556742 ], [ -5.253261895173347, 42.609671312517108 ], [ -5.255482543075872, 42.609671312517108 ], [ -5.255482543075872, 42.610092919556742 ], [ -5.259923838880921, 42.610092919556742 ], [ -5.259923838880921, 42.610514523742623 ], [ -5.264365134685971, 42.610514523742623 ], [ -5.264365134685971, 42.611357723553077 ], [ -5.265105350653481, 42.611357723553077 ], [ -5.265105350653481, 42.612622501865467 ], [ -5.265845566620988, 42.612622501865467 ], [ -5.265845566620988, 42.613887254493811 ], [ -5.266585782588496, 42.613887254493811 ], [ -5.266585782588496, 42.614730408643737 ], [ -5.267325998556005, 42.614730408643737 ], [ -5.267325998556005, 42.615995118465136 ], [ -5.268066214523513, 42.615995118465136 ], [ -5.268066214523513, 42.61725980260222 ], [ -5.268806430491021, 42.61725980260222 ], [ -5.268806430491021, 42.618524461054932 ], [ -5.26954664645853, 42.618524461054932 ], [ -5.26954664645853, 42.619789093823158 ], [ -5.270286862426038, 42.619789093823158 ], [ -5.270286862426038, 42.621053700906799 ], [ -5.271027078393547, 42.621053700906799 ], [ -5.271027078393547, 42.629905231316165 ], [ -5.270286862426038, 42.629905231316165 ], [ -5.270286862426038, 42.630748168572502 ], [ -5.26954664645853, 42.630748168572502 ], [ -5.26954664645853, 42.631591094413118 ], [ -5.268806430491021, 42.631591094413118 ], [ -5.268806430491021, 42.632434008837983 ], [ -5.268066214523513, 42.632434008837983 ], [ -5.268066214523513, 42.632855461769488 ], [ -5.265105350653481, 42.632855461769488 ], [ -5.265105350653481, 42.63833409016835 ], [ -5.264365134685971, 42.63833409016835 ], [ -5.264365134685971, 42.638755503144239 ], [ -5.263624918718463, 42.638755503144239 ], [ -5.263624918718463, 42.639598320534027 ], [ -5.262884702750956, 42.639598320534027 ], [ -5.262884702750956, 42.640441126507781 ], [ -5.262144486783447, 42.640441126507781 ], [ -5.262144486783447, 42.640862525213642 ], [ -5.257703190978397, 42.640862525213642 ], [ -5.257703190978397, 42.640441126507781 ], [ -5.256962975010889, 42.640441126507781 ], [ -5.256962975010889, 42.640019724947905 ], [ -5.256222759043379, 42.640019724947905 ] ] ], [ [ [ -5.723299034541139, 43.536112471851069 ], [ -5.72255881857363, 43.536112471851069 ], [ -5.72255881857363, 43.535697187634213 ], [ -5.721818602606122, 43.535697187634213 ], [ -5.721818602606122, 43.535281900557365 ], [ -5.721078386638613, 43.535281900557365 ], [ -5.721078386638613, 43.534451317823752 ], [ -5.720338170671106, 43.534451317823752 ], [ -5.720338170671106, 43.53403602216698 ], [ -5.719597954703597, 43.53403602216698 ], [ -5.719597954703597, 43.533205422273518 ], [ -5.718857738736089, 43.533205422273518 ], [ -5.718857738736089, 43.532790118036843 ], [ -5.718117522768581, 43.532790118036843 ], [ -5.718117522768581, 43.531959500983589 ], [ -5.717377306801072, 43.531959500983589 ], [ -5.717377306801072, 43.531544188167018 ], [ -5.716637090833564, 43.531544188167018 ], [ -5.716637090833564, 43.531128872490477 ], [ -5.715896874866057, 43.531128872490477 ], [ -5.715896874866057, 43.526144861296039 ], [ -5.716637090833564, 43.526144861296039 ], [ -5.716637090833564, 43.525314152724491 ], [ -5.717377306801072, 43.525314152724491 ], [ -5.717377306801072, 43.524483432713232 ], [ -5.718117522768581, 43.524483432713232 ], [ -5.718117522768581, 43.523237331246925 ], [ -5.717377306801072, 43.523237331246925 ], [ -5.717377306801072, 43.518668072323983 ], [ -5.718117522768581, 43.518668072323983 ], [ -5.718117522768581, 43.517837260795666 ], [ -5.718857738736089, 43.517837260795666 ], [ -5.718857738736089, 43.517006437827789 ], [ -5.719597954703597, 43.517006437827789 ], [ -5.719597954703597, 43.516591022054023 ], [ -5.720338170671106, 43.516591022054023 ], [ -5.720338170671106, 43.516175603420372 ], [ -5.721818602606122, 43.516175603420372 ], [ -5.721818602606122, 43.516591022054023 ], [ -5.725519682443664, 43.516591022054023 ], [ -5.725519682443664, 43.516175603420372 ], [ -5.726259898411173, 43.516175603420372 ], [ -5.726259898411173, 43.515760181926844 ], [ -5.727000114378681, 43.515760181926844 ], [ -5.727000114378681, 43.51534475757343 ], [ -5.727740330346189, 43.51534475757343 ], [ -5.727740330346189, 43.514929330360154 ], [ -5.728480546313697, 43.514929330360154 ], [ -5.728480546313697, 43.514513900287 ], [ -5.729220762281205, 43.514513900287 ], [ -5.729220762281205, 43.514098467353968 ], [ -5.729960978248714, 43.514098467353968 ], [ -5.729960978248714, 43.513683031561072 ], [ -5.730701194216222, 43.513683031561072 ], [ -5.730701194216222, 43.513267592908306 ], [ -5.73144141018373, 43.513267592908306 ], [ -5.73144141018373, 43.512852151395684 ], [ -5.732921842118747, 43.512852151395684 ], [ -5.732921842118747, 43.513267592908306 ], [ -5.734402274053765, 43.513267592908306 ], [ -5.734402274053765, 43.513683031561072 ], [ -5.73588270598878, 43.513683031561072 ], [ -5.73588270598878, 43.514098467353968 ], [ -5.737363137923798, 43.514098467353968 ], [ -5.737363137923798, 43.514513900287 ], [ -5.738103353891305, 43.514513900287 ], [ -5.738103353891305, 43.51534475757343 ], [ -5.738843569858814, 43.51534475757343 ], [ -5.738843569858814, 43.516591022054023 ], [ -5.739583785826321, 43.516591022054023 ], [ -5.739583785826321, 43.51742185074167 ], [ -5.74032400179383, 43.51742185074167 ], [ -5.74032400179383, 43.518668072323983 ], [ -5.741064217761339, 43.518668072323983 ], [ -5.741064217761339, 43.519498872412733 ], [ -5.741804433728848, 43.519498872412733 ], [ -5.741804433728848, 43.520745051096618 ], [ -5.742544649696356, 43.520745051096618 ], [ -5.742544649696356, 43.520329661061893 ], [ -5.744025081631372, 43.520329661061893 ], [ -5.744025081631372, 43.519914268167263 ], [ -5.744765297598882, 43.519914268167263 ], [ -5.744765297598882, 43.519498872412733 ], [ -5.746245729533897, 43.519498872412733 ], [ -5.746245729533897, 43.519914268167263 ], [ -5.747726161468914, 43.519914268167263 ], [ -5.747726161468914, 43.520329661061893 ], [ -5.748466377436422, 43.520329661061893 ], [ -5.748466377436422, 43.520745051096618 ], [ -5.74920659340393, 43.520745051096618 ], [ -5.74920659340393, 43.521160438271444 ], [ -5.749946809371439, 43.521160438271444 ], [ -5.749946809371439, 43.522406582636464 ], [ -5.750687025338948, 43.522406582636464 ], [ -5.750687025338948, 43.524068068417712 ], [ -5.751427241306456, 43.524068068417712 ], [ -5.751427241306456, 43.525729508440229 ], [ -5.750687025338948, 43.525729508440229 ], [ -5.750687025338948, 43.527390902703871 ], [ -5.749946809371439, 43.527390902703871 ], [ -5.749946809371439, 43.528636918372264 ], [ -5.74920659340393, 43.528636918372264 ], [ -5.74920659340393, 43.529052251208505 ], [ -5.748466377436422, 43.529052251208505 ], [ -5.748466377436422, 43.529467581184797 ], [ -5.746985945501407, 43.529467581184797 ], [ -5.746985945501407, 43.529882908301154 ], [ -5.746245729533897, 43.529882908301154 ], [ -5.746245729533897, 43.530298232557548 ], [ -5.744765297598882, 43.530298232557548 ], [ -5.744765297598882, 43.529882908301154 ], [ -5.744025081631372, 43.529882908301154 ], [ -5.744025081631372, 43.529467581184797 ], [ -5.743284865663864, 43.529467581184797 ], [ -5.743284865663864, 43.529052251208505 ], [ -5.742544649696356, 43.529052251208505 ], [ -5.742544649696356, 43.528636918372264 ], [ -5.741804433728848, 43.528636918372264 ], [ -5.741804433728848, 43.529467581184797 ], [ -5.741064217761339, 43.529467581184797 ], [ -5.741064217761339, 43.530298232557548 ], [ -5.74032400179383, 43.530298232557548 ], [ -5.74032400179383, 43.531128872490477 ], [ -5.739583785826321, 43.531128872490477 ], [ -5.739583785826321, 43.53237481094019 ], [ -5.738843569858814, 43.53237481094019 ], [ -5.738843569858814, 43.533205422273518 ], [ -5.738103353891305, 43.533205422273518 ], [ -5.738103353891305, 43.53403602216698 ], [ -5.737363137923798, 43.53403602216698 ], [ -5.737363137923798, 43.534866610620547 ], [ -5.73662292195629, 43.534866610620547 ], [ -5.73662292195629, 43.535697187634213 ], [ -5.735142490021273, 43.535697187634213 ], [ -5.735142490021273, 43.536112471851069 ], [ -5.732921842118747, 43.536112471851069 ], [ -5.732921842118747, 43.536527753207956 ], [ -5.730701194216222, 43.536527753207956 ], [ -5.730701194216222, 43.536943031704851 ], [ -5.728480546313697, 43.536943031704851 ], [ -5.728480546313697, 43.537358307341755 ], [ -5.727000114378681, 43.537358307341755 ], [ -5.727000114378681, 43.536943031704851 ], [ -5.724039250508648, 43.536943031704851 ], [ -5.724039250508648, 43.536527753207956 ], [ -5.723299034541139, 43.536527753207956 ], [ -5.723299034541139, 43.536112471851069 ] ] ], [ [ [ -5.82544883805729, 43.54773926876247 ], [ -5.82544883805729, 43.546908857629347 ], [ -5.824708622089781, 43.546908857629347 ], [ -5.824708622089781, 43.54607843505606 ], [ -5.823968406122273, 43.54607843505606 ], [ -5.823968406122273, 43.545248001042651 ], [ -5.823228190154764, 43.545248001042651 ], [ -5.823228190154764, 43.544417555589114 ], [ -5.822487974187256, 43.544417555589114 ], [ -5.822487974187256, 43.543587098695482 ], [ -5.821747758219748, 43.543587098695482 ], [ -5.821747758219748, 43.542756630361758 ], [ -5.821007542252239, 43.542756630361758 ], [ -5.821007542252239, 43.54192615058799 ], [ -5.82026732628473, 43.54192615058799 ], [ -5.82026732628473, 43.541510906411077 ], [ -5.819527110317222, 43.541510906411077 ], [ -5.819527110317222, 43.537358307341755 ], [ -5.82026732628473, 43.537358307341755 ], [ -5.82026732628473, 43.534866610620547 ], [ -5.821007542252239, 43.534866610620547 ], [ -5.821007542252239, 43.534451317823752 ], [ -5.822487974187256, 43.534451317823752 ], [ -5.822487974187256, 43.53403602216698 ], [ -5.823228190154764, 43.53403602216698 ], [ -5.823228190154764, 43.533620723650237 ], [ -5.824708622089781, 43.533620723650237 ], [ -5.824708622089781, 43.533205422273518 ], [ -5.82544883805729, 43.533205422273518 ], [ -5.82544883805729, 43.532790118036843 ], [ -5.826189054024797, 43.532790118036843 ], [ -5.826189054024797, 43.531959500983589 ], [ -5.826929269992306, 43.531959500983589 ], [ -5.826929269992306, 43.531128872490477 ], [ -5.827669485959815, 43.531128872490477 ], [ -5.827669485959815, 43.530713553953994 ], [ -5.828409701927322, 43.530713553953994 ], [ -5.828409701927322, 43.529882908301154 ], [ -5.829149917894831, 43.529882908301154 ], [ -5.829149917894831, 43.529052251208505 ], [ -5.834331429667389, 43.529052251208505 ], [ -5.834331429667389, 43.529467581184797 ], [ -5.835071645634897, 43.529467581184797 ], [ -5.835071645634897, 43.529882908301154 ], [ -5.835811861602406, 43.529882908301154 ], [ -5.835811861602406, 43.530713553953994 ], [ -5.836552077569914, 43.530713553953994 ], [ -5.836552077569914, 43.531128872490477 ], [ -5.837292293537423, 43.531128872490477 ], [ -5.837292293537423, 43.531959500983589 ], [ -5.838032509504931, 43.531959500983589 ], [ -5.838032509504931, 43.53237481094019 ], [ -5.83877272547244, 43.53237481094019 ], [ -5.83877272547244, 43.533205422273518 ], [ -5.839512941439948, 43.533205422273518 ], [ -5.839512941439948, 43.533620723650237 ], [ -5.840253157407456, 43.533620723650237 ], [ -5.840253157407456, 43.534451317823752 ], [ -5.840993373374964, 43.534451317823752 ], [ -5.840993373374964, 43.534866610620547 ], [ -5.841733589342473, 43.534866610620547 ], [ -5.841733589342473, 43.535697187634213 ], [ -5.842473805309981, 43.535697187634213 ], [ -5.842473805309981, 43.537358307341755 ], [ -5.843214021277489, 43.537358307341755 ], [ -5.843214021277489, 43.539849901103352 ], [ -5.843954237244998, 43.539849901103352 ], [ -5.843954237244998, 43.544832779745889 ], [ -5.843214021277489, 43.544832779745889 ], [ -5.843214021277489, 43.54607843505606 ], [ -5.842473805309981, 43.54607843505606 ], [ -5.842473805309981, 43.546908857629347 ], [ -5.841733589342473, 43.546908857629347 ], [ -5.841733589342473, 43.54773926876247 ], [ -5.840993373374964, 43.54773926876247 ], [ -5.840993373374964, 43.548569668455436 ], [ -5.836552077569914, 43.548569668455436 ], [ -5.836552077569914, 43.548984864011857 ], [ -5.826929269992306, 43.548984864011857 ], [ -5.826929269992306, 43.54815447003898 ], [ -5.826189054024797, 43.54815447003898 ], [ -5.826189054024797, 43.54773926876247 ], [ -5.82544883805729, 43.54773926876247 ] ] ], [ [ [ -0.935582156697232, 35.574224701326465 ], [ -0.935582156697232, 35.573758764450957 ], [ -0.934841940729723, 35.573758764450957 ], [ -0.934841940729723, 35.57282688256965 ], [ -0.934101724762215, 35.57282688256965 ], [ -0.934101724762215, 35.572360937563893 ], [ -0.933361508794706, 35.572360937563893 ], [ -0.933361508794706, 35.571894989848083 ], [ -0.932621292827198, 35.571894989848083 ], [ -0.932621292827198, 35.570963086286405 ], [ -0.93188107685969, 35.570963086286405 ], [ -0.93188107685969, 35.570497130440543 ], [ -0.931140860892182, 35.570497130440543 ], [ -0.931140860892182, 35.5700311718847 ], [ -0.930400644924673, 35.5700311718847 ], [ -0.930400644924673, 35.56909924664312 ], [ -0.929660428957165, 35.56909924664312 ], [ -0.929660428957165, 35.563507467562687 ], [ -0.928920212989657, 35.563507467562687 ], [ -0.928920212989657, 35.56257546644526 ], [ -0.929660428957165, 35.56257546644526 ], [ -0.929660428957165, 35.562109461821933 ], [ -0.930400644924673, 35.562109461821933 ], [ -0.930400644924673, 35.561177444446159 ], [ -0.931140860892182, 35.561177444446159 ], [ -0.931140860892182, 35.560711431693733 ], [ -0.93188107685969, 35.560711431693733 ], [ -0.93188107685969, 35.560245416231631 ], [ -0.932621292827198, 35.560245416231631 ], [ -0.932621292827198, 35.559779398059881 ], [ -0.933361508794706, 35.559779398059881 ], [ -0.933361508794706, 35.559313377178498 ], [ -0.934101724762215, 35.559313377178498 ], [ -0.934101724762215, 35.558381327286853 ], [ -0.934841940729723, 35.558381327286853 ], [ -0.934841940729723, 35.557915298276626 ], [ -0.939283236534773, 35.557915298276626 ], [ -0.939283236534773, 35.558381327286853 ], [ -0.943724532339823, 35.558381327286853 ], [ -0.943724532339823, 35.558847353587474 ], [ -0.94520496427484, 35.558847353587474 ], [ -0.94520496427484, 35.559779398059881 ], [ -0.945945180242348, 35.559779398059881 ], [ -0.945945180242348, 35.560245416231631 ], [ -0.946685396209857, 35.560245416231631 ], [ -0.946685396209857, 35.561177444446159 ], [ -0.947425612177365, 35.561177444446159 ], [ -0.947425612177365, 35.56909924664312 ], [ -0.946685396209857, 35.56909924664312 ], [ -0.946685396209857, 35.571894989848083 ], [ -0.945945180242348, 35.571894989848083 ], [ -0.945945180242348, 35.57282688256965 ], [ -0.94520496427484, 35.57282688256965 ], [ -0.94520496427484, 35.573292824865341 ], [ -0.944464748307332, 35.573292824865341 ], [ -0.944464748307332, 35.574224701326465 ], [ -0.942984316372315, 35.574224701326465 ], [ -0.942984316372315, 35.574690635491883 ], [ -0.938543020567265, 35.574690635491883 ], [ -0.938543020567265, 35.575156566947186 ], [ -0.937062588632248, 35.575156566947186 ], [ -0.937062588632248, 35.574690635491883 ], [ -0.93632237266474, 35.574690635491883 ], [ -0.93632237266474, 35.574224701326465 ], [ -0.935582156697232, 35.574224701326465 ] ] ], [ [ [ -0.276789945614814, 35.824505411354338 ], [ -0.276049729647306, 35.824505411354338 ], [ -0.276049729647306, 35.824040934669902 ], [ -0.274569297712289, 35.824040934669902 ], [ -0.274569297712289, 35.8235764552674 ], [ -0.272348649809764, 35.8235764552674 ], [ -0.272348649809764, 35.82311197314683 ], [ -0.270128001907239, 35.82311197314683 ], [ -0.270128001907239, 35.822647488308213 ], [ -0.267167138037206, 35.822647488308213 ], [ -0.267167138037206, 35.822183000751579 ], [ -0.264946490134681, 35.822183000751579 ], [ -0.264946490134681, 35.821718510476927 ], [ -0.262725842232156, 35.821718510476927 ], [ -0.262725842232156, 35.821254017484272 ], [ -0.260505194329631, 35.821254017484272 ], [ -0.260505194329631, 35.820789521773627 ], [ -0.259764978362122, 35.820789521773627 ], [ -0.259764978362122, 35.819860522198454 ], [ -0.259024762394614, 35.819860522198454 ], [ -0.259024762394614, 35.81939601833394 ], [ -0.258284546427106, 35.81939601833394 ], [ -0.258284546427106, 35.818467002451158 ], [ -0.257544330459597, 35.818467002451158 ], [ -0.257544330459597, 35.818002490432896 ], [ -0.256804114492089, 35.818002490432896 ], [ -0.256804114492089, 35.81753797569678 ], [ -0.255323682557072, 35.81753797569678 ], [ -0.255323682557072, 35.817073458242774 ], [ -0.253843250622056, 35.817073458242774 ], [ -0.253843250622056, 35.816608938070921 ], [ -0.252362818687039, 35.816608938070921 ], [ -0.252362818687039, 35.816144415181228 ], [ -0.250882386752022, 35.816144415181228 ], [ -0.250882386752022, 35.815679889573708 ], [ -0.250142170784514, 35.815679889573708 ], [ -0.250142170784514, 35.814750830205249 ], [ -0.249401954817006, 35.814750830205249 ], [ -0.249401954817006, 35.814286296444358 ], [ -0.248661738849497, 35.814286296444358 ], [ -0.248661738849497, 35.813357220769255 ], [ -0.247921522881989, 35.813357220769255 ], [ -0.247921522881989, 35.812428134223211 ], [ -0.247181306914481, 35.812428134223211 ], [ -0.247181306914481, 35.811963586873631 ], [ -0.246441090946972, 35.811963586873631 ], [ -0.246441090946972, 35.811499036806339 ], [ -0.243480227076939, 35.811499036806339 ], [ -0.243480227076939, 35.811963586873631 ], [ -0.242740011109431, 35.811963586873631 ], [ -0.242740011109431, 35.812428134223211 ], [ -0.241999795141922, 35.812428134223211 ], [ -0.241999795141922, 35.813357220769255 ], [ -0.241259579174414, 35.813357220769255 ], [ -0.241259579174414, 35.813821759965677 ], [ -0.240519363206906, 35.813821759965677 ], [ -0.240519363206906, 35.814750830205249 ], [ -0.239779147239397, 35.814750830205249 ], [ -0.239779147239397, 35.815215361248384 ], [ -0.239038931271889, 35.815215361248384 ], [ -0.239038931271889, 35.815679889573708 ], [ -0.235337851434347, 35.815679889573708 ], [ -0.235337851434347, 35.815215361248384 ], [ -0.231636771596806, 35.815215361248384 ], [ -0.231636771596806, 35.814750830205249 ], [ -0.230896555629297, 35.814750830205249 ], [ -0.230896555629297, 35.813357220769255 ], [ -0.230156339661789, 35.813357220769255 ], [ -0.230156339661789, 35.812428134223211 ], [ -0.229416123694281, 35.812428134223211 ], [ -0.229416123694281, 35.811034484021377 ], [ -0.228675907726772, 35.811034484021377 ], [ -0.228675907726772, 35.810105370298473 ], [ -0.227935691759264, 35.810105370298473 ], [ -0.227935691759264, 35.809176245705025 ], [ -0.227195475791756, 35.809176245705025 ], [ -0.227195475791756, 35.80731796390701 ], [ -0.227935691759264, 35.80731796390701 ], [ -0.227935691759264, 35.805924224024189 ], [ -0.228675907726772, 35.805924224024189 ], [ -0.228675907726772, 35.804530459683846 ], [ -0.229416123694281, 35.804530459683846 ], [ -0.229416123694281, 35.803601269869652 ], [ -0.230156339661789, 35.803601269869652 ], [ -0.230156339661789, 35.803136670886389 ], [ -0.230896555629297, 35.803136670886389 ], [ -0.230896555629297, 35.802672069185711 ], [ -0.231636771596806, 35.802672069185711 ], [ -0.231636771596806, 35.80220746476764 ], [ -0.232376987564314, 35.80220746476764 ], [ -0.232376987564314, 35.801742857632192 ], [ -0.237558499336872, 35.801742857632192 ], [ -0.237558499336872, 35.80220746476764 ], [ -0.238298715304381, 35.80220746476764 ], [ -0.238298715304381, 35.802672069185711 ], [ -0.239038931271889, 35.802672069185711 ], [ -0.239038931271889, 35.800813635209181 ], [ -0.239779147239397, 35.800813635209181 ], [ -0.239779147239397, 35.799884401916799 ], [ -0.240519363206906, 35.799884401916799 ], [ -0.240519363206906, 35.799419781194644 ], [ -0.241259579174414, 35.799419781194644 ], [ -0.241259579174414, 35.798955157755167 ], [ -0.242740011109431, 35.798955157755167 ], [ -0.242740011109431, 35.798490531598425 ], [ -0.245700874979464, 35.798490531598425 ], [ -0.245700874979464, 35.798955157755167 ], [ -0.247181306914481, 35.798955157755167 ], [ -0.247181306914481, 35.799419781194644 ], [ -0.249401954817006, 35.799419781194644 ], [ -0.249401954817006, 35.799884401916799 ], [ -0.250882386752022, 35.799884401916799 ], [ -0.250882386752022, 35.799419781194644 ], [ -0.252362818687039, 35.799419781194644 ], [ -0.252362818687039, 35.798955157755167 ], [ -0.253843250622056, 35.798955157755167 ], [ -0.253843250622056, 35.798490531598425 ], [ -0.255323682557072, 35.798490531598425 ], [ -0.255323682557072, 35.798025902724412 ], [ -0.261245410297139, 35.798025902724412 ], [ -0.261245410297139, 35.798490531598425 ], [ -0.266426922069697, 35.798490531598425 ], [ -0.266426922069697, 35.799419781194644 ], [ -0.267167138037206, 35.799419781194644 ], [ -0.267167138037206, 35.799884401916799 ], [ -0.267907354004714, 35.799884401916799 ], [ -0.267907354004714, 35.800349019921647 ], [ -0.268647569972222, 35.800349019921647 ], [ -0.268647569972222, 35.801278247779365 ], [ -0.269387785939731, 35.801278247779365 ], [ -0.269387785939731, 35.801742857632192 ], [ -0.270128001907239, 35.801742857632192 ], [ -0.270128001907239, 35.80220746476764 ], [ -0.270868217874747, 35.80220746476764 ], [ -0.270868217874747, 35.803136670886389 ], [ -0.271608433842256, 35.803136670886389 ], [ -0.271608433842256, 35.803601269869652 ], [ -0.272348649809764, 35.803601269869652 ], [ -0.272348649809764, 35.804530459683846 ], [ -0.273088865777272, 35.804530459683846 ], [ -0.273088865777272, 35.804995050514783 ], [ -0.273829081744781, 35.804995050514783 ], [ -0.273829081744781, 35.804065866135467 ], [ -0.274569297712289, 35.804065866135467 ], [ -0.274569297712289, 35.803136670886389 ], [ -0.275309513679797, 35.803136670886389 ], [ -0.275309513679797, 35.80220746476764 ], [ -0.276049729647306, 35.80220746476764 ], [ -0.276049729647306, 35.801742857632192 ], [ -0.276789945614814, 35.801742857632192 ], [ -0.276789945614814, 35.801278247779365 ], [ -0.278270377549831, 35.801278247779365 ], [ -0.278270377549831, 35.800813635209181 ], [ -0.279010593517339, 35.800813635209181 ], [ -0.279010593517339, 35.800349019921647 ], [ -0.280491025452356, 35.800349019921647 ], [ -0.280491025452356, 35.800813635209181 ], [ -0.281231241419864, 35.800813635209181 ], [ -0.281231241419864, 35.801278247779365 ], [ -0.282711673354881, 35.801278247779365 ], [ -0.282711673354881, 35.801742857632192 ], [ -0.283451889322389, 35.801742857632192 ], [ -0.283451889322389, 35.80220746476764 ], [ -0.284192105289897, 35.80220746476764 ], [ -0.284192105289897, 35.805459638628236 ], [ -0.284932321257406, 35.805459638628236 ], [ -0.284932321257406, 35.809640809360559 ], [ -0.285672537224914, 35.809640809360559 ], [ -0.285672537224914, 35.813821759965677 ], [ -0.286412753192422, 35.813821759965677 ], [ -0.286412753192422, 35.818467002451158 ], [ -0.287152969159931, 35.818467002451158 ], [ -0.287152969159931, 35.821254017484272 ], [ -0.286412753192422, 35.821254017484272 ], [ -0.286412753192422, 35.822183000751579 ], [ -0.285672537224914, 35.822183000751579 ], [ -0.285672537224914, 35.822647488308213 ], [ -0.284932321257406, 35.822647488308213 ], [ -0.284932321257406, 35.82311197314683 ], [ -0.284192105289897, 35.82311197314683 ], [ -0.284192105289897, 35.8235764552674 ], [ -0.283451889322389, 35.8235764552674 ], [ -0.283451889322389, 35.824040934669902 ], [ -0.282711673354881, 35.824040934669902 ], [ -0.282711673354881, 35.824505411354338 ], [ -0.281971457387372, 35.824505411354338 ], [ -0.281971457387372, 35.824969885320684 ], [ -0.281231241419864, 35.824969885320684 ], [ -0.281231241419864, 35.82543435656892 ], [ -0.280491025452356, 35.82543435656892 ], [ -0.280491025452356, 35.825898825099053 ], [ -0.278270377549831, 35.825898825099053 ], [ -0.278270377549831, 35.82543435656892 ], [ -0.277530161582322, 35.82543435656892 ], [ -0.277530161582322, 35.824969885320684 ], [ -0.276789945614814, 35.824969885320684 ], [ -0.276789945614814, 35.824505411354338 ] ] ], [ [ [ 1.245094083582321, 36.13740629916748 ], [ 1.245094083582321, 36.136943660476909 ], [ 1.246574515517338, 36.136943660476909 ], [ 1.246574515517338, 36.135555728038689 ], [ 1.247314731484846, 36.135555728038689 ], [ 1.247314731484846, 36.13370511326643 ], [ 1.248054947452355, 36.13370511326643 ], [ 1.248054947452355, 36.132317123546741 ], [ 1.248795163419863, 36.132317123546741 ], [ 1.248795163419863, 36.130466432400581 ], [ 1.249535379387371, 36.130466432400581 ], [ 1.249535379387371, 36.129078385401499 ], [ 1.25027559535488, 36.129078385401499 ], [ 1.25027559535488, 36.126764919186158 ], [ 1.249535379387371, 36.126764919186158 ], [ 1.249535379387371, 36.124914097119721 ], [ 1.248795163419863, 36.124914097119721 ], [ 1.248795163419863, 36.123525951932208 ], [ 1.248054947452355, 36.123525951932208 ], [ 1.248054947452355, 36.121675053499345 ], [ 1.247314731484846, 36.121675053499345 ], [ 1.247314731484846, 36.120286851038067 ], [ 1.246574515517338, 36.120286851038067 ], [ 1.246574515517338, 36.119824111429786 ], [ 1.245834299549829, 36.119824111429786 ], [ 1.245834299549829, 36.119361369094264 ], [ 1.244353867614813, 36.119361369094264 ], [ 1.244353867614813, 36.118898624031523 ], [ 1.243613651647304, 36.118898624031523 ], [ 1.243613651647304, 36.11843587624157 ], [ 1.242133219712288, 36.11843587624157 ], [ 1.242133219712288, 36.118898624031523 ], [ 1.24139300374478, 36.118898624031523 ], [ 1.24139300374478, 36.119361369094264 ], [ 1.239912571809763, 36.119361369094264 ], [ 1.239912571809763, 36.119824111429786 ], [ 1.239172355842254, 36.119824111429786 ], [ 1.239172355842254, 36.120286851038067 ], [ 1.237691923907238, 36.120286851038067 ], [ 1.237691923907238, 36.11843587624157 ], [ 1.236951707939729, 36.11843587624157 ], [ 1.236951707939729, 36.117047616508593 ], [ 1.236211491972221, 36.117047616508593 ], [ 1.236211491972221, 36.11658485780994 ], [ 1.235471276004713, 36.11658485780994 ], [ 1.235471276004713, 36.115659332231232 ], [ 1.234731060037205, 36.115659332231232 ], [ 1.234731060037205, 36.115196565351212 ], [ 1.231029980199663, 36.115196565351212 ], [ 1.231029980199663, 36.115659332231232 ], [ 1.228809332297138, 36.115659332231232 ], [ 1.228809332297138, 36.116122096384153 ], [ 1.22806911632963, 36.116122096384153 ], [ 1.22806911632963, 36.11658485780994 ], [ 1.227328900362121, 36.11658485780994 ], [ 1.227328900362121, 36.120286851038067 ], [ 1.226588684394613, 36.120286851038067 ], [ 1.226588684394613, 36.122600508170429 ], [ 1.227328900362121, 36.122600508170429 ], [ 1.227328900362121, 36.123063231414996 ], [ 1.22806911632963, 36.123063231414996 ], [ 1.22806911632963, 36.123988669722088 ], [ 1.228809332297138, 36.123988669722088 ], [ 1.228809332297138, 36.124451384784592 ], [ 1.229549548264646, 36.124451384784592 ], [ 1.229549548264646, 36.124914097119721 ], [ 1.233250628102188, 36.124914097119721 ], [ 1.233250628102188, 36.125376806727459 ], [ 1.232510412134679, 36.125376806727459 ], [ 1.232510412134679, 36.126764919186158 ], [ 1.231770196167171, 36.126764919186158 ], [ 1.231770196167171, 36.128153007097822 ], [ 1.231029980199663, 36.128153007097822 ], [ 1.231029980199663, 36.129541070462068 ], [ 1.231770196167171, 36.129541070462068 ], [ 1.231770196167171, 36.130929109278505 ], [ 1.232510412134679, 36.130929109278505 ], [ 1.232510412134679, 36.132317123546741 ], [ 1.233250628102188, 36.132317123546741 ], [ 1.233250628102188, 36.13370511326643 ], [ 1.233990844069696, 36.13370511326643 ], [ 1.233990844069696, 36.135093078437173 ], [ 1.234731060037205, 36.135093078437173 ], [ 1.234731060037205, 36.136481019058579 ], [ 1.236211491972221, 36.136481019058579 ], [ 1.236211491972221, 36.136943660476909 ], [ 1.236951707939729, 36.136943660476909 ], [ 1.236951707939729, 36.13740629916748 ], [ 1.238432139874746, 36.13740629916748 ], [ 1.238432139874746, 36.137868935130264 ], [ 1.239172355842254, 36.137868935130264 ], [ 1.239172355842254, 36.138331568365288 ], [ 1.242873435679796, 36.138331568365288 ], [ 1.242873435679796, 36.137868935130264 ], [ 1.244353867614813, 36.137868935130264 ], [ 1.244353867614813, 36.13740629916748 ], [ 1.245094083582321, 36.13740629916748 ] ] ], [ [ [ -2.381964157208517, 41.89990318825194 ], [ -2.379003293338484, 41.89990318825194 ], [ -2.379003293338484, 41.899476806598145 ], [ -2.378263077370975, 41.899476806598145 ], [ -2.378263077370975, 41.898624034749652 ], [ -2.377522861403467, 41.898624034749652 ], [ -2.377522861403467, 41.89777125151334 ], [ -2.376782645435959, 41.89777125151334 ], [ -2.376782645435959, 41.896918456889225 ], [ -2.376042429468451, 41.896918456889225 ], [ -2.376042429468451, 41.89649205530678 ], [ -2.375302213500942, 41.89649205530678 ], [ -2.375302213500942, 41.89563924360106 ], [ -2.374561997533434, 41.89563924360106 ], [ -2.374561997533434, 41.891801450003157 ], [ -2.375302213500942, 41.891801450003157 ], [ -2.375302213500942, 41.888389884328056 ], [ -2.376042429468451, 41.888389884328056 ], [ -2.376042429468451, 41.887963425807818 ], [ -2.376782645435959, 41.887963425807818 ], [ -2.376782645435959, 41.887110500226818 ], [ -2.377522861403467, 41.887110500226818 ], [ -2.377522861403467, 41.886684033166077 ], [ -2.378263077370975, 41.886684033166077 ], [ -2.378263077370975, 41.886257563258503 ], [ -2.379003293338484, 41.886257563258503 ], [ -2.379003293338484, 41.885404614902889 ], [ -2.379743509305992, 41.885404614902889 ], [ -2.379743509305992, 41.884978136454862 ], [ -2.3804837252735, 41.884978136454862 ], [ -2.3804837252735, 41.88412517101839 ], [ -2.386405453013567, 41.88412517101839 ], [ -2.386405453013567, 41.884978136454862 ], [ -2.387145668981076, 41.884978136454862 ], [ -2.387145668981076, 41.885404614902889 ], [ -2.387885884948584, 41.885404614902889 ], [ -2.387885884948584, 41.885831090504105 ], [ -2.388626100916092, 41.885831090504105 ], [ -2.388626100916092, 41.886684033166077 ], [ -2.3893663168836, 41.886684033166077 ], [ -2.3893663168836, 41.887110500226818 ], [ -2.390106532851109, 41.887110500226818 ], [ -2.390106532851109, 41.887963425807818 ], [ -2.390846748818617, 41.887963425807818 ], [ -2.390846748818617, 41.891375014257818 ], [ -2.391586964786125, 41.891375014257818 ], [ -2.391586964786125, 41.896918456889225 ], [ -2.390846748818617, 41.896918456889225 ], [ -2.390846748818617, 41.89777125151334 ], [ -2.390106532851109, 41.89777125151334 ], [ -2.390106532851109, 41.898624034749652 ], [ -2.3893663168836, 41.898624034749652 ], [ -2.3893663168836, 41.899050422097368 ], [ -2.388626100916092, 41.899050422097368 ], [ -2.388626100916092, 41.89990318825194 ], [ -2.387885884948584, 41.89990318825194 ], [ -2.387885884948584, 41.90075594301863 ], [ -2.385665237046059, 41.90075594301863 ], [ -2.385665237046059, 41.900329567058776 ], [ -2.381964157208517, 41.900329567058776 ], [ -2.381964157208517, 41.89990318825194 ] ] ], [ [ [ -0.75422924465769, 42.443758841313951 ], [ -0.753489028690181, 42.443758841313951 ], [ -0.753489028690181, 42.443336110172119 ], [ -0.752008596755165, 42.443336110172119 ], [ -0.752008596755165, 42.442913376177984 ], [ -0.751268380787656, 42.442913376177984 ], [ -0.751268380787656, 42.442490639331517 ], [ -0.750528164820148, 42.442490639331517 ], [ -0.750528164820148, 42.442067899632733 ], [ -0.749047732885131, 42.442067899632733 ], [ -0.749047732885131, 42.441645157081645 ], [ -0.748307516917623, 42.441645157081645 ], [ -0.748307516917623, 42.44122241167824 ], [ -0.746827084982606, 42.44122241167824 ], [ -0.746827084982606, 42.440799663422538 ], [ -0.746086869015098, 42.440799663422538 ], [ -0.746086869015098, 42.44037691231452 ], [ -0.74534665304759, 42.44037691231452 ], [ -0.74534665304759, 42.439954158354219 ], [ -0.743866221112573, 42.439954158354219 ], [ -0.743866221112573, 42.439531401541615 ], [ -0.74090535724254, 42.439531401541615 ], [ -0.74090535724254, 42.439954158354219 ], [ -0.737944493372506, 42.439954158354219 ], [ -0.737944493372506, 42.44037691231452 ], [ -0.735723845469981, 42.44037691231452 ], [ -0.735723845469981, 42.44122241167824 ], [ -0.734983629502473, 42.44122241167824 ], [ -0.734983629502473, 42.442067899632733 ], [ -0.734243413534964, 42.442067899632733 ], [ -0.734243413534964, 42.443336110172119 ], [ -0.733503197567456, 42.443336110172119 ], [ -0.733503197567456, 42.44418156960343 ], [ -0.732762981599948, 42.44418156960343 ], [ -0.732762981599948, 42.444604295040591 ], [ -0.728321685794898, 42.444604295040591 ], [ -0.728321685794898, 42.44418156960343 ], [ -0.72758146982739, 42.44418156960343 ], [ -0.72758146982739, 42.443336110172119 ], [ -0.726841253859881, 42.443336110172119 ], [ -0.726841253859881, 42.442067899632733 ], [ -0.726101037892373, 42.442067899632733 ], [ -0.726101037892373, 42.440799663422538 ], [ -0.725360821924865, 42.440799663422538 ], [ -0.725360821924865, 42.439531401541615 ], [ -0.724620605957356, 42.439531401541615 ], [ -0.724620605957356, 42.438685879359547 ], [ -0.723880389989848, 42.438685879359547 ], [ -0.723880389989848, 42.437417574694329 ], [ -0.72314017402234, 42.437417574694329 ], [ -0.72314017402234, 42.436572023989484 ], [ -0.722399958054831, 42.436572023989484 ], [ -0.722399958054831, 42.436149244358667 ], [ -0.720919526119815, 42.436149244358667 ], [ -0.720919526119815, 42.435726461875589 ], [ -0.719439094184798, 42.435726461875589 ], [ -0.719439094184798, 42.434880888352673 ], [ -0.71869887821729, 42.434880888352673 ], [ -0.71869887821729, 42.433189707079883 ], [ -0.717958662249781, 42.433189707079883 ], [ -0.717958662249781, 42.432344099330074 ], [ -0.715738014347256, 42.432344099330074 ], [ -0.715738014347256, 42.432766904631094 ], [ -0.713517366444731, 42.432766904631094 ], [ -0.713517366444731, 42.43192129117682 ], [ -0.712777150477223, 42.43192129117682 ], [ -0.712777150477223, 42.43107566631366 ], [ -0.712036934509715, 42.43107566631366 ], [ -0.712036934509715, 42.43065284960376 ], [ -0.711296718542206, 42.43065284960376 ], [ -0.711296718542206, 42.42980720762732 ], [ -0.710556502574698, 42.42980720762732 ], [ -0.710556502574698, 42.429384382360801 ], [ -0.711296718542206, 42.429384382360801 ], [ -0.711296718542206, 42.42557882661356 ], [ -0.712036934509715, 42.42557882661356 ], [ -0.712036934509715, 42.423887394347204 ], [ -0.712777150477223, 42.423887394347204 ], [ -0.712777150477223, 42.423464529150245 ], [ -0.714997798379748, 42.423464529150245 ], [ -0.714997798379748, 42.423041661101124 ], [ -0.717218446282273, 42.423041661101124 ], [ -0.717218446282273, 42.422618790199856 ], [ -0.719439094184798, 42.422618790199856 ], [ -0.719439094184798, 42.422195916446462 ], [ -0.721659742087323, 42.422195916446462 ], [ -0.721659742087323, 42.421773039840922 ], [ -0.722399958054831, 42.421773039840922 ], [ -0.722399958054831, 42.421350160383255 ], [ -0.72314017402234, 42.421350160383255 ], [ -0.72314017402234, 42.419235720313083 ], [ -0.723880389989848, 42.419235720313083 ], [ -0.723880389989848, 42.41838992432023 ], [ -0.724620605957356, 42.41838992432023 ], [ -0.724620605957356, 42.417967022045659 ], [ -0.725360821924865, 42.417967022045659 ], [ -0.725360821924865, 42.417544116918982 ], [ -0.726841253859881, 42.417544116918982 ], [ -0.726841253859881, 42.417121208940209 ], [ -0.72758146982739, 42.417121208940209 ], [ -0.72758146982739, 42.416698298109353 ], [ -0.728321685794898, 42.416698298109353 ], [ -0.728321685794898, 42.414583701173846 ], [ -0.729061901762406, 42.414583701173846 ], [ -0.729061901762406, 42.413314908787711 ], [ -0.729802117729914, 42.413314908787711 ], [ -0.729802117729914, 42.412891972288229 ], [ -0.731282549664931, 42.412891972288229 ], [ -0.731282549664931, 42.412469032936677 ], [ -0.73202276563244, 42.412469032936677 ], [ -0.73202276563244, 42.412046090733092 ], [ -0.732762981599948, 42.412046090733092 ], [ -0.732762981599948, 42.410354293398328 ], [ -0.73202276563244, 42.410354293398328 ], [ -0.73202276563244, 42.407393538259541 ], [ -0.731282549664931, 42.407393538259541 ], [ -0.731282549664931, 42.404009646980903 ], [ -0.730542333697423, 42.404009646980903 ], [ -0.730542333697423, 42.401048592383553 ], [ -0.729802117729914, 42.401048592383553 ], [ -0.729802117729914, 42.398510434359949 ], [ -0.730542333697423, 42.398510434359949 ], [ -0.730542333697423, 42.397241316847158 ], [ -0.731282549664931, 42.397241316847158 ], [ -0.731282549664931, 42.395972173667168 ], [ -0.73202276563244, 42.395972173667168 ], [ -0.73202276563244, 42.390895344277439 ], [ -0.732762981599948, 42.390895344277439 ], [ -0.732762981599948, 42.390049166119717 ], [ -0.733503197567456, 42.390049166119717 ], [ -0.733503197567456, 42.3892029765546 ], [ -0.734243413534964, 42.3892029765546 ], [ -0.734243413534964, 42.388356775582146 ], [ -0.734983629502473, 42.388356775582146 ], [ -0.734983629502473, 42.387933670818171 ], [ -0.73646406143749, 42.387933670818171 ], [ -0.73646406143749, 42.388356775582146 ], [ -0.737944493372506, 42.388356775582146 ], [ -0.737944493372506, 42.388779877494287 ], [ -0.740165141275031, 42.388779877494287 ], [ -0.740165141275031, 42.3892029765546 ], [ -0.741645573210048, 42.3892029765546 ], [ -0.741645573210048, 42.389626072763079 ], [ -0.742385789177556, 42.389626072763079 ], [ -0.742385789177556, 42.3892029765546 ], [ -0.74534665304759, 42.3892029765546 ], [ -0.74534665304759, 42.388779877494287 ], [ -0.748307516917623, 42.388779877494287 ], [ -0.748307516917623, 42.388356775582146 ], [ -0.750528164820148, 42.388356775582146 ], [ -0.750528164820148, 42.387933670818171 ], [ -0.752008596755165, 42.387933670818171 ], [ -0.752008596755165, 42.388356775582146 ], [ -0.753489028690181, 42.388356775582146 ], [ -0.753489028690181, 42.388779877494287 ], [ -0.755709676592706, 42.388779877494287 ], [ -0.755709676592706, 42.3892029765546 ], [ -0.757190108527723, 42.3892029765546 ], [ -0.757190108527723, 42.390472256624506 ], [ -0.757930324495231, 42.390472256624506 ], [ -0.757930324495231, 42.391741511027767 ], [ -0.75867054046274, 42.391741511027767 ], [ -0.75867054046274, 42.393010739764293 ], [ -0.759410756430248, 42.393010739764293 ], [ -0.759410756430248, 42.394279942833975 ], [ -0.760150972397756, 42.394279942833975 ], [ -0.760150972397756, 42.395126063954358 ], [ -0.760891188365265, 42.395126063954358 ], [ -0.760891188365265, 42.395549120236716 ], [ -0.763852052235298, 42.395549120236716 ], [ -0.763852052235298, 42.395972173667168 ], [ -0.765332484170315, 42.395972173667168 ], [ -0.765332484170315, 42.396395224245737 ], [ -0.766072700137823, 42.396395224245737 ], [ -0.766072700137823, 42.396818271972393 ], [ -0.766812916105331, 42.396818271972393 ], [ -0.766812916105331, 42.397241316847158 ], [ -0.76755313207284, 42.397241316847158 ], [ -0.76755313207284, 42.397664358870003 ], [ -0.768293348040348, 42.397664358870003 ], [ -0.768293348040348, 42.398510434359949 ], [ -0.769033564007856, 42.398510434359949 ], [ -0.769033564007856, 42.398933467827035 ], [ -0.769773779975365, 42.398933467827035 ], [ -0.769773779975365, 42.399356498442209 ], [ -0.770513995942873, 42.399356498442209 ], [ -0.770513995942873, 42.399779526205457 ], [ -0.771254211910381, 42.399779526205457 ], [ -0.771254211910381, 42.400202551116756 ], [ -0.77199442787789, 42.400202551116756 ], [ -0.77199442787789, 42.400625573176129 ], [ -0.772734643845398, 42.400625573176129 ], [ -0.772734643845398, 42.401048592383553 ], [ -0.773474859812906, 42.401048592383553 ], [ -0.773474859812906, 42.401894622242587 ], [ -0.774215075780415, 42.401894622242587 ], [ -0.774215075780415, 42.402317632894167 ], [ -0.774955291747923, 42.402317632894167 ], [ -0.774955291747923, 42.4027406406938 ], [ -0.775695507715431, 42.4027406406938 ], [ -0.775695507715431, 42.407393538259541 ], [ -0.774955291747923, 42.407393538259541 ], [ -0.774955291747923, 42.407816511835406 ], [ -0.774215075780415, 42.407816511835406 ], [ -0.774215075780415, 42.408662450431109 ], [ -0.773474859812906, 42.408662450431109 ], [ -0.773474859812906, 42.409085415450939 ], [ -0.772734643845398, 42.409085415450939 ], [ -0.772734643845398, 42.409508377618756 ], [ -0.77199442787789, 42.409508377618756 ], [ -0.77199442787789, 42.410777247010074 ], [ -0.772734643845398, 42.410777247010074 ], [ -0.772734643845398, 42.412046090733092 ], [ -0.775695507715431, 42.412046090733092 ], [ -0.775695507715431, 42.412469032936677 ], [ -0.77643572368294, 42.412469032936677 ], [ -0.77643572368294, 42.413314908787711 ], [ -0.777175939650448, 42.413314908787711 ], [ -0.777175939650448, 42.414160773230542 ], [ -0.777916155617956, 42.414160773230542 ], [ -0.777916155617956, 42.415006626265097 ], [ -0.778656371585465, 42.415006626265097 ], [ -0.778656371585465, 42.415852467891376 ], [ -0.780136803520481, 42.415852467891376 ], [ -0.780136803520481, 42.416275384426413 ], [ -0.781617235455498, 42.416275384426413 ], [ -0.781617235455498, 42.416698298109353 ], [ -0.783097667390515, 42.416698298109353 ], [ -0.783097667390515, 42.417544116918982 ], [ -0.783837883358023, 42.417544116918982 ], [ -0.783837883358023, 42.419235720313083 ], [ -0.784578099325531, 42.419235720313083 ], [ -0.784578099325531, 42.422195916446462 ], [ -0.783837883358023, 42.422195916446462 ], [ -0.783837883358023, 42.424310256692038 ], [ -0.783097667390515, 42.424310256692038 ], [ -0.783097667390515, 42.424733116184697 ], [ -0.782357451423006, 42.424733116184697 ], [ -0.782357451423006, 42.425155972825209 ], [ -0.781617235455498, 42.425155972825209 ], [ -0.781617235455498, 42.42557882661356 ], [ -0.78087701948799, 42.42557882661356 ], [ -0.78087701948799, 42.426001677549742 ], [ -0.779396587552973, 42.426001677549742 ], [ -0.779396587552973, 42.426424525633763 ], [ -0.778656371585465, 42.426424525633763 ], [ -0.778656371585465, 42.426001677549742 ], [ -0.777916155617956, 42.426001677549742 ], [ -0.777916155617956, 42.42557882661356 ], [ -0.777175939650448, 42.42557882661356 ], [ -0.777175939650448, 42.424733116184697 ], [ -0.77643572368294, 42.424733116184697 ], [ -0.77643572368294, 42.424310256692038 ], [ -0.775695507715431, 42.424310256692038 ], [ -0.775695507715431, 42.423887394347204 ], [ -0.774955291747923, 42.423887394347204 ], [ -0.774955291747923, 42.43065284960376 ], [ -0.774215075780415, 42.43065284960376 ], [ -0.774215075780415, 42.43107566631366 ], [ -0.773474859812906, 42.43107566631366 ], [ -0.773474859812906, 42.43192129117682 ], [ -0.772734643845398, 42.43192129117682 ], [ -0.772734643845398, 42.432766904631094 ], [ -0.769773779975365, 42.432766904631094 ], [ -0.769773779975365, 42.437417574694329 ], [ -0.769033564007856, 42.437417574694329 ], [ -0.769033564007856, 42.438263113990082 ], [ -0.768293348040348, 42.438263113990082 ], [ -0.768293348040348, 42.438685879359547 ], [ -0.76755313207284, 42.438685879359547 ], [ -0.76755313207284, 42.439531401541615 ], [ -0.766812916105331, 42.439531401541615 ], [ -0.766812916105331, 42.44037691231452 ], [ -0.766072700137823, 42.44037691231452 ], [ -0.766072700137823, 42.44122241167824 ], [ -0.765332484170315, 42.44122241167824 ], [ -0.765332484170315, 42.441645157081645 ], [ -0.764592268202806, 42.441645157081645 ], [ -0.764592268202806, 42.442490639331517 ], [ -0.763852052235298, 42.442490639331517 ], [ -0.763852052235298, 42.443336110172119 ], [ -0.76311183626779, 42.443336110172119 ], [ -0.76311183626779, 42.443758841313951 ], [ -0.761631404332773, 42.443758841313951 ], [ -0.761631404332773, 42.44418156960343 ], [ -0.757190108527723, 42.44418156960343 ], [ -0.757190108527723, 42.444604295040591 ], [ -0.754969460625198, 42.444604295040591 ], [ -0.754969460625198, 42.44418156960343 ], [ -0.75422924465769, 42.44418156960343 ], [ -0.75422924465769, 42.443758841313951 ] ] ] ] } }
]
}
