{
"type": "FeatureCollection",
"name": "spain_fires_nrt_ba",
"crs": { "type": "name", "properties": { "name": "urn:ogc:def:crs:OGC:1.3:CRS84" } },
"features": [
{ "type": "Feature", "properties": { }, "geometry": { "type": "MultiPolygon", "coordinates": [ [ [ [ -7.076413823146374, 37.564311481597102 ], [ -7.076413823146374, 37.563857398707192 ], [ -7.074933391211358, 37.563857398707192 ], [ -7.074933391211358, 37.562949224624035 ], [ -7.07419317524385, 37.562949224624035 ], [ -7.07419317524385, 37.561586942741094 ], [ -7.073452959276341, 37.561586942741094 ], [ -7.073452959276341, 37.560224635948593 ], [ -7.072712743308833, 37.560224635948593 ], [ -7.072712743308833, 37.558862304246858 ], [ -7.071972527341325, 37.558862304246858 ], [ -7.071972527341325, 37.55840818814427 ], [ -7.072712743308833, 37.55840818814427 ], [ -7.072712743308833, 37.55568343340861 ], [ -7.073452959276341, 37.55568343340861 ], [ -7.073452959276341, 37.552958579040151 ], [ -7.07419317524385, 37.552958579040151 ], [ -7.07419317524385, 37.55159611449443 ], [ -7.076413823146374, 37.55159611449443 ], [ -7.076413823146374, 37.551141954110889 ], [ -7.0786344710489, 37.551141954110889 ], [ -7.0786344710489, 37.550687790959891 ], [ -7.080855118951424, 37.550687790959891 ], [ -7.080855118951424, 37.550233625041443 ], [ -7.081595334918933, 37.550233625041443 ], [ -7.081595334918933, 37.550687790959891 ], [ -7.083075766853949, 37.550687790959891 ], [ -7.083075766853949, 37.551141954110889 ], [ -7.084556198788967, 37.551141954110889 ], [ -7.084556198788967, 37.55159611449443 ], [ -7.086036630723982, 37.55159611449443 ], [ -7.086036630723982, 37.552050272110492 ], [ -7.086776846691491, 37.552050272110492 ], [ -7.086776846691491, 37.552504426959068 ], [ -7.088257278626508, 37.552504426959068 ], [ -7.088257278626508, 37.554321018678323 ], [ -7.088997494594016, 37.554321018678323 ], [ -7.088997494594016, 37.557499947636188 ], [ -7.088257278626508, 37.557499947636188 ], [ -7.088257278626508, 37.559770528149024 ], [ -7.087517062659, 37.559770528149024 ], [ -7.087517062659, 37.562495133430801 ], [ -7.086776846691491, 37.562495133430801 ], [ -7.086776846691491, 37.562949224624035 ], [ -7.086036630723982, 37.562949224624035 ], [ -7.086036630723982, 37.563403313049498 ], [ -7.085296414756474, 37.563403313049498 ], [ -7.085296414756474, 37.563857398707192 ], [ -7.084556198788967, 37.563857398707192 ], [ -7.084556198788967, 37.564311481597102 ], [ -7.083815982821458, 37.564311481597102 ], [ -7.083815982821458, 37.564765561719206 ], [ -7.082335550886442, 37.564765561719206 ], [ -7.082335550886442, 37.565219639073504 ], [ -7.079374687016409, 37.565219639073504 ], [ -7.079374687016409, 37.564765561719206 ], [ -7.077894255081391, 37.564765561719206 ], [ -7.077894255081391, 37.564311481597102 ], [ -7.076413823146374, 37.564311481597102 ] ] ], [ [ [ -4.730669422112462, 39.93048771192678 ], [ -4.730669422112462, 39.930048434812555 ], [ -4.729929206144955, 39.930048434812555 ], [ -4.729929206144955, 39.929609154879309 ], [ -4.729188990177446, 39.929609154879309 ], [ -4.729188990177446, 39.928291298165753 ], [ -4.728448774209937, 39.928291298165753 ], [ -4.728448774209937, 39.92741271292855 ], [ -4.72770855824243, 39.92741271292855 ], [ -4.72770855824243, 39.926094813930689 ], [ -4.726968342274921, 39.926094813930689 ], [ -4.726968342274921, 39.92521620050416 ], [ -4.726228126307412, 39.92521620050416 ], [ -4.726228126307412, 39.923898259222575 ], [ -4.725487910339904, 39.923898259222575 ], [ -4.725487910339904, 39.92126230054977 ], [ -4.726228126307412, 39.92126230054977 ], [ -4.726228126307412, 39.918186887174549 ], [ -4.726968342274921, 39.918186887174549 ], [ -4.726968342274921, 39.917747531131454 ], [ -4.72770855824243, 39.917747531131454 ], [ -4.72770855824243, 39.916868810588973 ], [ -4.728448774209937, 39.916868810588973 ], [ -4.728448774209937, 39.915990078771458 ], [ -4.729188990177446, 39.915990078771458 ], [ -4.729188990177446, 39.915550708634569 ], [ -4.729929206144955, 39.915550708634569 ], [ -4.729929206144955, 39.915111335678958 ], [ -4.732149854047479, 39.915111335678958 ], [ -4.732149854047479, 39.914671959904609 ], [ -4.735850933885021, 39.914671959904609 ], [ -4.735850933885021, 39.915111335678958 ], [ -4.737331365820038, 39.915111335678958 ], [ -4.737331365820038, 39.915550708634569 ], [ -4.739552013722562, 39.915550708634569 ], [ -4.739552013722562, 39.915111335678958 ], [ -4.740292229690072, 39.915111335678958 ], [ -4.740292229690072, 39.914671959904609 ], [ -4.741032445657578, 39.914671959904609 ], [ -4.741032445657578, 39.914232581311545 ], [ -4.741772661625087, 39.914232581311545 ], [ -4.741772661625087, 39.913793199899764 ], [ -4.743253093560103, 39.913793199899764 ], [ -4.743253093560103, 39.914232581311545 ], [ -4.743993309527612, 39.914232581311545 ], [ -4.743993309527612, 39.914671959904609 ], [ -4.744733525495121, 39.914671959904609 ], [ -4.744733525495121, 39.915990078771458 ], [ -4.74547374146263, 39.915990078771458 ], [ -4.74547374146263, 39.919504938391064 ], [ -4.744733525495121, 39.919504938391064 ], [ -4.744733525495121, 39.92126230054977 ], [ -4.743993309527612, 39.92126230054977 ], [ -4.743993309527612, 39.923019617607096 ], [ -4.743253093560103, 39.923019617607096 ], [ -4.743253093560103, 39.92477688956253 ], [ -4.742512877592596, 39.92477688956253 ], [ -4.742512877592596, 39.926534116415574 ], [ -4.741772661625087, 39.926534116415574 ], [ -4.741772661625087, 39.928291298165753 ], [ -4.741032445657578, 39.928291298165753 ], [ -4.741032445657578, 39.930048434812555 ], [ -4.740292229690072, 39.930048434812555 ], [ -4.740292229690072, 39.93048771192678 ], [ -4.739552013722562, 39.93048771192678 ], [ -4.739552013722562, 39.930926986222019 ], [ -4.738811797755053, 39.930926986222019 ], [ -4.738811797755053, 39.931366257698258 ], [ -4.738071581787547, 39.931366257698258 ], [ -4.738071581787547, 39.931805526355475 ], [ -4.737331365820038, 39.931805526355475 ], [ -4.737331365820038, 39.932244792193679 ], [ -4.736591149852529, 39.932244792193679 ], [ -4.736591149852529, 39.931805526355475 ], [ -4.735110717917512, 39.931805526355475 ], [ -4.735110717917512, 39.931366257698258 ], [ -4.733630285982496, 39.931366257698258 ], [ -4.733630285982496, 39.930926986222019 ], [ -4.732149854047479, 39.930926986222019 ], [ -4.732149854047479, 39.93048771192678 ], [ -4.730669422112462, 39.93048771192678 ] ] ], [ [ [ -4.338354959333045, 40.27838338899442 ], [ -4.337614743365537, 40.27838338899442 ], [ -4.337614743365537, 40.274887018263449 ], [ -4.338354959333045, 40.274887018263449 ], [ -4.338354959333045, 40.273575832629014 ], [ -4.339095175300553, 40.273575832629014 ], [ -4.339095175300553, 40.272264621571075 ], [ -4.339835391268061, 40.272264621571075 ], [ -4.339835391268061, 40.270953385089811 ], [ -4.34057560723557, 40.270953385089811 ], [ -4.34057560723557, 40.26920503023441 ], [ -4.339835391268061, 40.26920503023441 ], [ -4.339835391268061, 40.268330835858102 ], [ -4.339095175300553, 40.268330835858102 ], [ -4.339095175300553, 40.267456630182807 ], [ -4.338354959333045, 40.267456630182807 ], [ -4.338354959333045, 40.267019523108054 ], [ -4.337614743365537, 40.267019523108054 ], [ -4.337614743365537, 40.266582413208582 ], [ -4.334653879495503, 40.266582413208582 ], [ -4.334653879495503, 40.26570818493547 ], [ -4.333913663527995, 40.26570818493547 ], [ -4.333913663527995, 40.265271066561851 ], [ -4.333173447560486, 40.265271066561851 ], [ -4.333173447560486, 40.264396821340533 ], [ -4.330952799657962, 40.264396821340533 ], [ -4.330952799657962, 40.264833945363534 ], [ -4.330212583690454, 40.264833945363534 ], [ -4.330212583690454, 40.265271066561851 ], [ -4.328732151755437, 40.265271066561851 ], [ -4.328732151755437, 40.26570818493547 ], [ -4.327991935787929, 40.26570818493547 ], [ -4.327991935787929, 40.267019523108054 ], [ -4.328732151755437, 40.267019523108054 ], [ -4.328732151755437, 40.26920503023441 ], [ -4.329472367722945, 40.26920503023441 ], [ -4.329472367722945, 40.269642123185427 ], [ -4.330212583690454, 40.269642123185427 ], [ -4.330212583690454, 40.270079213311661 ], [ -4.33169301562547, 40.270079213311661 ], [ -4.33169301562547, 40.270516300613124 ], [ -4.332433231592979, 40.270516300613124 ], [ -4.332433231592979, 40.270953385089811 ], [ -4.333173447560486, 40.270953385089811 ], [ -4.333173447560486, 40.272701694748548 ], [ -4.333913663527995, 40.272701694748548 ], [ -4.333913663527995, 40.274887018263449 ], [ -4.333173447560486, 40.274887018263449 ], [ -4.333173447560486, 40.276635226228009 ], [ -4.332433231592979, 40.276635226228009 ], [ -4.332433231592979, 40.277072271156953 ], [ -4.33169301562547, 40.277072271156953 ], [ -4.33169301562547, 40.277509313261014 ], [ -4.329472367722945, 40.277509313261014 ], [ -4.329472367722945, 40.277072271156953 ], [ -4.327991935787929, 40.277072271156953 ], [ -4.327991935787929, 40.276198178474182 ], [ -4.327251719820421, 40.276198178474182 ], [ -4.327251719820421, 40.274887018263449 ], [ -4.326511503852912, 40.274887018263449 ], [ -4.326511503852912, 40.274012897332007 ], [ -4.323550639982878, 40.274012897332007 ], [ -4.323550639982878, 40.273575832629014 ], [ -4.320589776112845, 40.273575832629014 ], [ -4.320589776112845, 40.27182754556879 ], [ -4.319849560145337, 40.27182754556879 ], [ -4.319849560145337, 40.269642123185427 ], [ -4.320589776112845, 40.269642123185427 ], [ -4.320589776112845, 40.267893734432832 ], [ -4.321329992080353, 40.267893734432832 ], [ -4.321329992080353, 40.266145300484375 ], [ -4.322070208047862, 40.266145300484375 ], [ -4.322070208047862, 40.264833945363534 ], [ -4.32281042401537, 40.264833945363534 ], [ -4.32281042401537, 40.264396821340533 ], [ -4.323550639982878, 40.264396821340533 ], [ -4.323550639982878, 40.26395969449284 ], [ -4.324290855950387, 40.26395969449284 ], [ -4.324290855950387, 40.263522564820477 ], [ -4.325031071917895, 40.263522564820477 ], [ -4.325031071917895, 40.258713951997848 ], [ -4.324290855950387, 40.258713951997848 ], [ -4.324290855950387, 40.258276788429924 ], [ -4.32281042401537, 40.258276788429924 ], [ -4.32281042401537, 40.257839622037423 ], [ -4.322070208047862, 40.257839622037423 ], [ -4.322070208047862, 40.256528105912473 ], [ -4.321329992080353, 40.256528105912473 ], [ -4.321329992080353, 40.254779378202159 ], [ -4.320589776112845, 40.254779378202159 ], [ -4.320589776112845, 40.25434218921324 ], [ -4.321329992080353, 40.25434218921324 ], [ -4.321329992080353, 40.252156201901066 ], [ -4.322070208047862, 40.252156201901066 ], [ -4.322070208047862, 40.250407361210598 ], [ -4.32281042401537, 40.250407361210598 ], [ -4.32281042401537, 40.248221246797378 ], [ -4.323550639982878, 40.248221246797378 ], [ -4.323550639982878, 40.247784015441454 ], [ -4.325031071917895, 40.247784015441454 ], [ -4.325031071917895, 40.247346781261115 ], [ -4.327251719820421, 40.247346781261115 ], [ -4.327251719820421, 40.247784015441454 ], [ -4.328732151755437, 40.247784015441454 ], [ -4.328732151755437, 40.248221246797378 ], [ -4.330952799657962, 40.248221246797378 ], [ -4.330952799657962, 40.248658475328888 ], [ -4.332433231592979, 40.248658475328888 ], [ -4.332433231592979, 40.249095701035969 ], [ -4.334653879495503, 40.249095701035969 ], [ -4.334653879495503, 40.249532923918622 ], [ -4.336134311430521, 40.249532923918622 ], [ -4.336134311430521, 40.249970143976832 ], [ -4.337614743365537, 40.249970143976832 ], [ -4.337614743365537, 40.250407361210598 ], [ -4.338354959333045, 40.250407361210598 ], [ -4.338354959333045, 40.250844575619915 ], [ -4.339095175300553, 40.250844575619915 ], [ -4.339095175300553, 40.251281787204768 ], [ -4.339835391268061, 40.251281787204768 ], [ -4.339835391268061, 40.251718995965156 ], [ -4.34057560723557, 40.251718995965156 ], [ -4.34057560723557, 40.252156201901066 ], [ -4.341315823203078, 40.252156201901066 ], [ -4.341315823203078, 40.252593405012497 ], [ -4.342056039170586, 40.252593405012497 ], [ -4.342056039170586, 40.256528105912473 ], [ -4.341315823203078, 40.256528105912473 ], [ -4.341315823203078, 40.260462578023571 ], [ -4.342056039170586, 40.260462578023571 ], [ -4.342056039170586, 40.260899727468463 ], [ -4.342796255138095, 40.260899727468463 ], [ -4.342796255138095, 40.261774017884385 ], [ -4.343536471105604, 40.261774017884385 ], [ -4.343536471105604, 40.262211158855393 ], [ -4.344276687073112, 40.262211158855393 ], [ -4.344276687073112, 40.263085432323436 ], [ -4.34501690304062, 40.263085432323436 ], [ -4.34501690304062, 40.26395969449284 ], [ -4.345757119008129, 40.26395969449284 ], [ -4.345757119008129, 40.264396821340533 ], [ -4.347237550943145, 40.264396821340533 ], [ -4.347237550943145, 40.26395969449284 ], [ -4.347977766910653, 40.26395969449284 ], [ -4.347977766910653, 40.262648297001739 ], [ -4.347237550943145, 40.262648297001739 ], [ -4.347237550943145, 40.261336874088741 ], [ -4.346497334975637, 40.261336874088741 ], [ -4.346497334975637, 40.257402452820337 ], [ -4.347237550943145, 40.257402452820337 ], [ -4.347237550943145, 40.256528105912473 ], [ -4.347977766910653, 40.256528105912473 ], [ -4.347977766910653, 40.25609092822171 ], [ -4.348717982878162, 40.25609092822171 ], [ -4.348717982878162, 40.25565374770639 ], [ -4.34945819884567, 40.25565374770639 ], [ -4.34945819884567, 40.255216564366549 ], [ -4.351678846748196, 40.255216564366549 ], [ -4.351678846748196, 40.25565374770639 ], [ -4.354639710618229, 40.25565374770639 ], [ -4.354639710618229, 40.25609092822171 ], [ -4.357600574488262, 40.25609092822171 ], [ -4.357600574488262, 40.256528105912473 ], [ -4.35834079045577, 40.256528105912473 ], [ -4.35834079045577, 40.257839622037423 ], [ -4.359081006423278, 40.257839622037423 ], [ -4.359081006423278, 40.258713951997848 ], [ -4.359821222390787, 40.258713951997848 ], [ -4.359821222390787, 40.260025425754051 ], [ -4.360561438358295, 40.260025425754051 ], [ -4.360561438358295, 40.260462578023571 ], [ -4.359821222390787, 40.260462578023571 ], [ -4.359821222390787, 40.261774017884385 ], [ -4.359081006423278, 40.261774017884385 ], [ -4.359081006423278, 40.262648297001739 ], [ -4.35834079045577, 40.262648297001739 ], [ -4.35834079045577, 40.26395969449284 ], [ -4.357600574488262, 40.26395969449284 ], [ -4.357600574488262, 40.264833945363534 ], [ -4.356860358520753, 40.264833945363534 ], [ -4.356860358520753, 40.266145300484375 ], [ -4.356120142553245, 40.266145300484375 ], [ -4.356120142553245, 40.267019523108054 ], [ -4.355379926585737, 40.267019523108054 ], [ -4.355379926585737, 40.269642123185427 ], [ -4.356120142553245, 40.269642123185427 ], [ -4.356120142553245, 40.27182754556879 ], [ -4.355379926585737, 40.27182754556879 ], [ -4.355379926585737, 40.273575832629014 ], [ -4.354639710618229, 40.273575832629014 ], [ -4.354639710618229, 40.274012897332007 ], [ -4.353899494650721, 40.274012897332007 ], [ -4.353899494650721, 40.274449959210152 ], [ -4.353159278683212, 40.274449959210152 ], [ -4.353159278683212, 40.274887018263449 ], [ -4.352419062715704, 40.274887018263449 ], [ -4.352419062715704, 40.274449959210152 ], [ -4.351678846748196, 40.274449959210152 ], [ -4.351678846748196, 40.274012897332007 ], [ -4.350938630780687, 40.274012897332007 ], [ -4.350938630780687, 40.273575832629014 ], [ -4.350198414813178, 40.273575832629014 ], [ -4.350198414813178, 40.273138765101201 ], [ -4.34945819884567, 40.273138765101201 ], [ -4.34945819884567, 40.272701694748548 ], [ -4.347977766910653, 40.272701694748548 ], [ -4.347977766910653, 40.273138765101201 ], [ -4.347237550943145, 40.273138765101201 ], [ -4.347237550943145, 40.274012897332007 ], [ -4.346497334975637, 40.274012897332007 ], [ -4.346497334975637, 40.275324074491898 ], [ -4.345757119008129, 40.275324074491898 ], [ -4.345757119008129, 40.276635226228009 ], [ -4.34501690304062, 40.276635226228009 ], [ -4.34501690304062, 40.277946352540162 ], [ -4.344276687073112, 40.277946352540162 ], [ -4.344276687073112, 40.278820422623753 ], [ -4.343536471105604, 40.278820422623753 ], [ -4.343536471105604, 40.279694481407653 ], [ -4.342796255138095, 40.279694481407653 ], [ -4.342796255138095, 40.280131506562206 ], [ -4.342056039170586, 40.280131506562206 ], [ -4.342056039170586, 40.28056852889182 ], [ -4.341315823203078, 40.28056852889182 ], [ -4.341315823203078, 40.280131506562206 ], [ -4.34057560723557, 40.280131506562206 ], [ -4.34057560723557, 40.279694481407653 ], [ -4.339835391268061, 40.279694481407653 ], [ -4.339835391268061, 40.279257453428173 ], [ -4.339095175300553, 40.279257453428173 ], [ -4.339095175300553, 40.278820422623753 ], [ -4.338354959333045, 40.278820422623753 ], [ -4.338354959333045, 40.27838338899442 ] ], [ [ -4.345757119008129, 40.265271066561851 ], [ -4.345757119008129, 40.267456630182807 ], [ -4.34501690304062, 40.267456630182807 ], [ -4.34501690304062, 40.267893734432832 ], [ -4.345757119008129, 40.267893734432832 ], [ -4.345757119008129, 40.26920503023441 ], [ -4.346497334975637, 40.26920503023441 ], [ -4.346497334975637, 40.269642123185427 ], [ -4.347237550943145, 40.269642123185427 ], [ -4.347237550943145, 40.270079213311661 ], [ -4.348717982878162, 40.270079213311661 ], [ -4.348717982878162, 40.269642123185427 ], [ -4.34945819884567, 40.269642123185427 ], [ -4.34945819884567, 40.268767934458637 ], [ -4.350198414813178, 40.268767934458637 ], [ -4.350198414813178, 40.266582413208582 ], [ -4.34945819884567, 40.266582413208582 ], [ -4.34945819884567, 40.266145300484375 ], [ -4.348717982878162, 40.266145300484375 ], [ -4.348717982878162, 40.265271066561851 ], [ -4.345757119008129, 40.265271066561851 ] ] ], [ [ [ -4.303564808860154, 40.307658395917713 ], [ -4.303564808860154, 40.306784698753852 ], [ -4.304305024827662, 40.306784698753852 ], [ -4.304305024827662, 40.305910990288488 ], [ -4.30504524079517, 40.305910990288488 ], [ -4.30504524079517, 40.305474131817746 ], [ -4.308746320632713, 40.305474131817746 ], [ -4.308746320632713, 40.302852921661113 ], [ -4.308006104665203, 40.302852921661113 ], [ -4.308006104665203, 40.300668502167724 ], [ -4.307265888697695, 40.300668502167724 ], [ -4.307265888697695, 40.298920915717964 ], [ -4.306525672730187, 40.298920915717964 ], [ -4.306525672730187, 40.29848401204238 ], [ -4.307265888697695, 40.29848401204238 ], [ -4.307265888697695, 40.296736369087704 ], [ -4.308006104665203, 40.296736369087704 ], [ -4.308006104665203, 40.295862530659043 ], [ -4.308746320632713, 40.295862530659043 ], [ -4.308746320632713, 40.295425607206923 ], [ -4.310966968535237, 40.295425607206923 ], [ -4.310966968535237, 40.294988680929592 ], [ -4.313187616437761, 40.294988680929592 ], [ -4.313187616437761, 40.294551751827093 ], [ -4.315408264340286, 40.294551751827093 ], [ -4.315408264340286, 40.294114819899406 ], [ -4.317628912242812, 40.294114819899406 ], [ -4.317628912242812, 40.29367788514655 ], [ -4.319109344177829, 40.29367788514655 ], [ -4.319109344177829, 40.291493169004966 ], [ -4.319849560145337, 40.291493169004966 ], [ -4.319849560145337, 40.287560501967619 ], [ -4.320589776112845, 40.287560501967619 ], [ -4.320589776112845, 40.286249562103755 ], [ -4.321329992080353, 40.286249562103755 ], [ -4.321329992080353, 40.2853755880693 ], [ -4.322070208047862, 40.2853755880693 ], [ -4.322070208047862, 40.284501602734736 ], [ -4.32281042401537, 40.284501602734736 ], [ -4.32281042401537, 40.284064605829919 ], [ -4.325771287885404, 40.284064605829919 ], [ -4.325771287885404, 40.284501602734736 ], [ -4.326511503852912, 40.284501602734736 ], [ -4.326511503852912, 40.284938596814541 ], [ -4.327251719820421, 40.284938596814541 ], [ -4.327251719820421, 40.2853755880693 ], [ -4.327991935787929, 40.2853755880693 ], [ -4.327991935787929, 40.285812576499055 ], [ -4.328732151755437, 40.285812576499055 ], [ -4.328732151755437, 40.286249562103755 ], [ -4.329472367722945, 40.286249562103755 ], [ -4.329472367722945, 40.28668654488343 ], [ -4.330212583690454, 40.28668654488343 ], [ -4.330212583690454, 40.287123524838051 ], [ -4.330952799657962, 40.287123524838051 ], [ -4.330952799657962, 40.287560501967619 ], [ -4.33169301562547, 40.287560501967619 ], [ -4.33169301562547, 40.287997476272118 ], [ -4.332433231592979, 40.287997476272118 ], [ -4.332433231592979, 40.28887141640589 ], [ -4.333173447560486, 40.28887141640589 ], [ -4.333173447560486, 40.289308382235163 ], [ -4.333913663527995, 40.289308382235163 ], [ -4.333913663527995, 40.289745345239332 ], [ -4.334653879495503, 40.289745345239332 ], [ -4.334653879495503, 40.290619262772367 ], [ -4.335394095463012, 40.290619262772367 ], [ -4.335394095463012, 40.292367063937036 ], [ -4.336134311430521, 40.292367063937036 ], [ -4.336134311430521, 40.294114819899406 ], [ -4.335394095463012, 40.294114819899406 ], [ -4.335394095463012, 40.296299451285975 ], [ -4.334653879495503, 40.296299451285975 ], [ -4.334653879495503, 40.298047105541556 ], [ -4.333913663527995, 40.298047105541556 ], [ -4.333913663527995, 40.30023160979318 ], [ -4.333173447560486, 40.30023160979318 ], [ -4.333173447560486, 40.301979162339656 ], [ -4.332433231592979, 40.301979162339656 ], [ -4.332433231592979, 40.302416043413039 ], [ -4.33169301562547, 40.302416043413039 ], [ -4.33169301562547, 40.302852921661113 ], [ -4.330952799657962, 40.302852921661113 ], [ -4.330952799657962, 40.303289797083877 ], [ -4.329472367722945, 40.303289797083877 ], [ -4.329472367722945, 40.303726669681325 ], [ -4.328732151755437, 40.303726669681325 ], [ -4.328732151755437, 40.304163539453441 ], [ -4.327991935787929, 40.304163539453441 ], [ -4.327991935787929, 40.304600406400226 ], [ -4.326511503852912, 40.304600406400226 ], [ -4.326511503852912, 40.305037270521666 ], [ -4.325771287885404, 40.305037270521666 ], [ -4.325771287885404, 40.305474131817746 ], [ -4.324290855950387, 40.305474131817746 ], [ -4.324290855950387, 40.305910990288488 ], [ -4.323550639982878, 40.305910990288488 ], [ -4.323550639982878, 40.306347845933864 ], [ -4.322070208047862, 40.306347845933864 ], [ -4.322070208047862, 40.306784698753852 ], [ -4.320589776112845, 40.306784698753852 ], [ -4.320589776112845, 40.307221548748473 ], [ -4.310226752567729, 40.307221548748473 ], [ -4.310226752567729, 40.307658395917713 ], [ -4.30948653660022, 40.307658395917713 ], [ -4.30948653660022, 40.311589893297345 ], [ -4.308746320632713, 40.311589893297345 ], [ -4.308746320632713, 40.312026712212344 ], [ -4.308006104665203, 40.312026712212344 ], [ -4.308006104665203, 40.312900341565935 ], [ -4.305785456762678, 40.312900341565935 ], [ -4.305785456762678, 40.312463528301883 ], [ -4.304305024827662, 40.312463528301883 ], [ -4.304305024827662, 40.312026712212344 ], [ -4.303564808860154, 40.312026712212344 ], [ -4.303564808860154, 40.308532081780008 ], [ -4.302824592892645, 40.308532081780008 ], [ -4.302824592892645, 40.307658395917713 ], [ -4.303564808860154, 40.307658395917713 ] ] ], [ [ [ -4.374625541740953, 40.367916203828798 ], [ -4.373145109805937, 40.367916203828798 ], [ -4.373145109805937, 40.368352658200543 ], [ -4.36722338206587, 40.368352658200543 ], [ -4.36722338206587, 40.367916203828798 ], [ -4.366483166098361, 40.367916203828798 ], [ -4.366483166098361, 40.367479746630671 ], [ -4.365002734163346, 40.367479746630671 ], [ -4.365002734163346, 40.363987987297278 ], [ -4.364262518195837, 40.363987987297278 ], [ -4.364262518195837, 40.360932549499445 ], [ -4.363522302228329, 40.360932549499445 ], [ -4.363522302228329, 40.356567398128547 ], [ -4.364262518195837, 40.356567398128547 ], [ -4.364262518195837, 40.355694333939923 ], [ -4.363522302228329, 40.355694333939923 ], [ -4.363522302228329, 40.355257797606349 ], [ -4.36278208626082, 40.355257797606349 ], [ -4.36278208626082, 40.354821258446613 ], [ -4.35834079045577, 40.354821258446613 ], [ -4.35834079045577, 40.354384716460721 ], [ -4.354639710618229, 40.354384716460721 ], [ -4.354639710618229, 40.353948171648675 ], [ -4.352419062715704, 40.353948171648675 ], [ -4.352419062715704, 40.354384716460721 ], [ -4.350938630780687, 40.354384716460721 ], [ -4.350938630780687, 40.354821258446613 ], [ -4.34945819884567, 40.354821258446613 ], [ -4.34945819884567, 40.355257797606349 ], [ -4.347977766910653, 40.355257797606349 ], [ -4.347977766910653, 40.356130867447327 ], [ -4.347237550943145, 40.356130867447327 ], [ -4.347237550943145, 40.358313492591527 ], [ -4.346497334975637, 40.358313492591527 ], [ -4.346497334975637, 40.359623033763548 ], [ -4.345757119008129, 40.359623033763548 ], [ -4.345757119008129, 40.360059541835085 ], [ -4.344276687073112, 40.360059541835085 ], [ -4.344276687073112, 40.360496047080389 ], [ -4.342796255138095, 40.360496047080389 ], [ -4.342796255138095, 40.360932549499445 ], [ -4.342056039170586, 40.360932549499445 ], [ -4.342056039170586, 40.360496047080389 ], [ -4.34057560723557, 40.360496047080389 ], [ -4.34057560723557, 40.360059541835085 ], [ -4.339095175300553, 40.360059541835085 ], [ -4.339095175300553, 40.359623033763548 ], [ -4.338354959333045, 40.359623033763548 ], [ -4.338354959333045, 40.359186522865755 ], [ -4.337614743365537, 40.359186522865755 ], [ -4.337614743365537, 40.358750009141751 ], [ -4.336874527398028, 40.358750009141751 ], [ -4.336874527398028, 40.357876973215085 ], [ -4.336134311430521, 40.357876973215085 ], [ -4.336134311430521, 40.357003925983598 ], [ -4.335394095463012, 40.357003925983598 ], [ -4.335394095463012, 40.356567398128547 ], [ -4.334653879495503, 40.356567398128547 ], [ -4.334653879495503, 40.355694333939923 ], [ -4.333913663527995, 40.355694333939923 ], [ -4.333913663527995, 40.354821258446613 ], [ -4.333173447560486, 40.354821258446613 ], [ -4.333173447560486, 40.354384716460721 ], [ -4.333913663527995, 40.354384716460721 ], [ -4.333913663527995, 40.351328843427652 ], [ -4.334653879495503, 40.351328843427652 ], [ -4.334653879495503, 40.348272831915658 ], [ -4.335394095463012, 40.348272831915658 ], [ -4.335394095463012, 40.345653283260717 ], [ -4.336134311430521, 40.345653283260717 ], [ -4.336134311430521, 40.342597014579979 ], [ -4.336874527398028, 40.342597014579979 ], [ -4.336874527398028, 40.339977245498261 ], [ -4.337614743365537, 40.339977245498261 ], [ -4.337614743365537, 40.339103966530281 ], [ -4.338354959333045, 40.339103966530281 ], [ -4.338354959333045, 40.338230676258689 ], [ -4.339095175300553, 40.338230676258689 ], [ -4.339095175300553, 40.337794026884048 ], [ -4.343536471105604, 40.337794026884048 ], [ -4.343536471105604, 40.338230676258689 ], [ -4.345757119008129, 40.338230676258689 ], [ -4.345757119008129, 40.337794026884048 ], [ -4.346497334975637, 40.337794026884048 ], [ -4.346497334975637, 40.337357374683528 ], [ -4.347237550943145, 40.337357374683528 ], [ -4.347237550943145, 40.336920719657151 ], [ -4.347977766910653, 40.336920719657151 ], [ -4.347977766910653, 40.336484061804882 ], [ -4.348717982878162, 40.336484061804882 ], [ -4.348717982878162, 40.336047401126777 ], [ -4.34945819884567, 40.336047401126777 ], [ -4.34945819884567, 40.335610737622801 ], [ -4.350198414813178, 40.335610737622801 ], [ -4.350198414813178, 40.335174071292975 ], [ -4.350938630780687, 40.335174071292975 ], [ -4.350938630780687, 40.334737402137328 ], [ -4.351678846748196, 40.334737402137328 ], [ -4.351678846748196, 40.334300730155832 ], [ -4.353899494650721, 40.334300730155832 ], [ -4.353899494650721, 40.334737402137328 ], [ -4.354639710618229, 40.334737402137328 ], [ -4.354639710618229, 40.335174071292975 ], [ -4.356120142553245, 40.335174071292975 ], [ -4.356120142553245, 40.335610737622801 ], [ -4.357600574488262, 40.335610737622801 ], [ -4.357600574488262, 40.336047401126777 ], [ -4.35834079045577, 40.336047401126777 ], [ -4.35834079045577, 40.336484061804882 ], [ -4.359821222390787, 40.336484061804882 ], [ -4.359821222390787, 40.336920719657151 ], [ -4.362041870293312, 40.336920719657151 ], [ -4.362041870293312, 40.336484061804882 ], [ -4.36278208626082, 40.336484061804882 ], [ -4.36278208626082, 40.336047401126777 ], [ -4.363522302228329, 40.336047401126777 ], [ -4.363522302228329, 40.335610737622801 ], [ -4.364262518195837, 40.335610737622801 ], [ -4.364262518195837, 40.335174071292975 ], [ -4.365002734163346, 40.335174071292975 ], [ -4.365002734163346, 40.334737402137328 ], [ -4.365742950130853, 40.334737402137328 ], [ -4.365742950130853, 40.334300730155832 ], [ -4.368703814000887, 40.334300730155832 ], [ -4.368703814000887, 40.333864055348521 ], [ -4.373885325773445, 40.333864055348521 ], [ -4.373885325773445, 40.334300730155832 ], [ -4.375365757708462, 40.334300730155832 ], [ -4.375365757708462, 40.334737402137328 ], [ -4.37610597367597, 40.334737402137328 ], [ -4.37610597367597, 40.335174071292975 ], [ -4.377586405610987, 40.335174071292975 ], [ -4.377586405610987, 40.335610737622801 ], [ -4.378326621578496, 40.335610737622801 ], [ -4.378326621578496, 40.336047401126777 ], [ -4.379807053513512, 40.336047401126777 ], [ -4.379807053513512, 40.336484061804882 ], [ -4.380547269481021, 40.336484061804882 ], [ -4.380547269481021, 40.336920719657151 ], [ -4.382027701416037, 40.336920719657151 ], [ -4.382027701416037, 40.337357374683528 ], [ -4.382767917383545, 40.337357374683528 ], [ -4.382767917383545, 40.337794026884048 ], [ -4.384248349318561, 40.337794026884048 ], [ -4.384248349318561, 40.338230676258689 ], [ -4.386468997221087, 40.338230676258689 ], [ -4.386468997221087, 40.338667322807424 ], [ -4.388689645123613, 40.338667322807424 ], [ -4.388689645123613, 40.339103966530281 ], [ -4.390170077058628, 40.339103966530281 ], [ -4.390170077058628, 40.339540607427224 ], [ -4.392390724961154, 40.339540607427224 ], [ -4.392390724961154, 40.339977245498261 ], [ -4.39387115689617, 40.339977245498261 ], [ -4.39387115689617, 40.340413880743384 ], [ -4.396091804798695, 40.340413880743384 ], [ -4.396091804798695, 40.340850513162572 ], [ -4.397572236733712, 40.340850513162572 ], [ -4.397572236733712, 40.341287142755839 ], [ -4.39831245270122, 40.341287142755839 ], [ -4.39831245270122, 40.342160393464553 ], [ -4.399052668668729, 40.342160393464553 ], [ -4.399052668668729, 40.343470248332949 ], [ -4.399792884636237, 40.343470248332949 ], [ -4.399792884636237, 40.344343470782029 ], [ -4.400533100603745, 40.344343470782029 ], [ -4.400533100603745, 40.345653283260717 ], [ -4.399792884636237, 40.345653283260717 ], [ -4.399792884636237, 40.346526477449807 ], [ -4.399052668668729, 40.346526477449807 ], [ -4.399052668668729, 40.347836247538254 ], [ -4.39831245270122, 40.347836247538254 ], [ -4.39831245270122, 40.348709413467006 ], [ -4.397572236733712, 40.348709413467006 ], [ -4.397572236733712, 40.350019141164694 ], [ -4.396832020766204, 40.350019141164694 ], [ -4.396832020766204, 40.353948171648675 ], [ -4.396091804798695, 40.353948171648675 ], [ -4.396091804798695, 40.356130867447327 ], [ -4.395351588831187, 40.356130867447327 ], [ -4.395351588831187, 40.357003925983598 ], [ -4.394611372863678, 40.357003925983598 ], [ -4.394611372863678, 40.358313492591527 ], [ -4.39387115689617, 40.358313492591527 ], [ -4.39387115689617, 40.359186522865755 ], [ -4.393130940928661, 40.359186522865755 ], [ -4.393130940928661, 40.360059541835085 ], [ -4.392390724961154, 40.360059541835085 ], [ -4.392390724961154, 40.360496047080389 ], [ -4.390170077058628, 40.360496047080389 ], [ -4.390170077058628, 40.360932549499445 ], [ -4.387949429156103, 40.360932549499445 ], [ -4.387949429156103, 40.361369049092247 ], [ -4.38498856528607, 40.361369049092247 ], [ -4.38498856528607, 40.361805545858779 ], [ -4.382767917383545, 40.361805545858779 ], [ -4.382767917383545, 40.363987987297278 ], [ -4.382027701416037, 40.363987987297278 ], [ -4.382027701416037, 40.369662004357529 ], [ -4.381287485448529, 40.369662004357529 ], [ -4.381287485448529, 40.370534887663545 ], [ -4.380547269481021, 40.370534887663545 ], [ -4.380547269481021, 40.370971325076951 ], [ -4.379807053513512, 40.370971325076951 ], [ -4.379807053513512, 40.371407759663931 ], [ -4.377586405610987, 40.371407759663931 ], [ -4.377586405610987, 40.370534887663545 ], [ -4.376846189643478, 40.370534887663545 ], [ -4.376846189643478, 40.369662004357529 ], [ -4.37610597367597, 40.369662004357529 ], [ -4.37610597367597, 40.369225558464919 ], [ -4.375365757708462, 40.369225558464919 ], [ -4.375365757708462, 40.368352658200543 ], [ -4.374625541740953, 40.368352658200543 ], [ -4.374625541740953, 40.367916203828798 ] ], [ [ -4.365002734163346, 40.354821258446613 ], [ -4.365002734163346, 40.354384716460721 ], [ -4.366483166098361, 40.354384716460721 ], [ -4.366483166098361, 40.352638520255709 ], [ -4.364262518195837, 40.352638520255709 ], [ -4.364262518195837, 40.353075073546165 ], [ -4.363522302228329, 40.353075073546165 ], [ -4.363522302228329, 40.354384716460721 ], [ -4.364262518195837, 40.354384716460721 ], [ -4.364262518195837, 40.354821258446613 ], [ -4.365002734163346, 40.354821258446613 ] ] ], [ [ [ -4.347237550943145, 40.365733889574642 ], [ -4.347237550943145, 40.363115019200748 ], [ -4.347977766910653, 40.363115019200748 ], [ -4.347977766910653, 40.360496047080389 ], [ -4.34945819884567, 40.360496047080389 ], [ -4.34945819884567, 40.360059541835085 ], [ -4.351678846748196, 40.360059541835085 ], [ -4.351678846748196, 40.360932549499445 ], [ -4.352419062715704, 40.360932549499445 ], [ -4.352419062715704, 40.36224203979905 ], [ -4.353159278683212, 40.36224203979905 ], [ -4.353159278683212, 40.363115019200748 ], [ -4.353899494650721, 40.363115019200748 ], [ -4.353899494650721, 40.364860944088605 ], [ -4.353159278683212, 40.364860944088605 ], [ -4.353159278683212, 40.366606823755355 ], [ -4.352419062715704, 40.366606823755355 ], [ -4.352419062715704, 40.36704328660619 ], [ -4.351678846748196, 40.36704328660619 ], [ -4.351678846748196, 40.367479746630671 ], [ -4.350198414813178, 40.367479746630671 ], [ -4.350198414813178, 40.36704328660619 ], [ -4.34945819884567, 40.36704328660619 ], [ -4.34945819884567, 40.366606823755355 ], [ -4.348717982878162, 40.366606823755355 ], [ -4.348717982878162, 40.366170358078165 ], [ -4.347977766910653, 40.366170358078165 ], [ -4.347977766910653, 40.365733889574642 ], [ -4.347237550943145, 40.365733889574642 ] ] ], [ [ [ -4.300603944990121, 40.38799017952482 ], [ -4.300603944990121, 40.38755385234689 ], [ -4.299863729022612, 40.38755385234689 ], [ -4.299863729022612, 40.387117522342272 ], [ -4.298383297087595, 40.387117522342272 ], [ -4.298383297087595, 40.386681189510981 ], [ -4.297643081120087, 40.386681189510981 ], [ -4.297643081120087, 40.385372174057103 ], [ -4.296902865152578, 40.385372174057103 ], [ -4.296902865152578, 40.384499482954602 ], [ -4.29616264918507, 40.384499482954602 ], [ -4.29616264918507, 40.383190425101112 ], [ -4.295422433217562, 40.383190425101112 ], [ -4.295422433217562, 40.379263098904268 ], [ -4.290240921445004, 40.379263098904268 ], [ -4.290240921445004, 40.378390328657176 ], [ -4.289500705477495, 40.378390328657176 ], [ -4.289500705477495, 40.377517547103949 ], [ -4.288760489509986, 40.377517547103949 ], [ -4.288760489509986, 40.373589890202332 ], [ -4.289500705477495, 40.373589890202332 ], [ -4.289500705477495, 40.372717046466299 ], [ -4.290240921445004, 40.372717046466299 ], [ -4.290240921445004, 40.371844191424493 ], [ -4.293201785315037, 40.371844191424493 ], [ -4.293201785315037, 40.372280620358616 ], [ -4.293942001282545, 40.372280620358616 ], [ -4.293942001282545, 40.372717046466299 ], [ -4.294682217250053, 40.372717046466299 ], [ -4.294682217250053, 40.37315346974755 ], [ -4.295422433217562, 40.37315346974755 ], [ -4.295422433217562, 40.373589890202332 ], [ -4.296902865152578, 40.373589890202332 ], [ -4.296902865152578, 40.37315346974755 ], [ -4.297643081120087, 40.37315346974755 ], [ -4.297643081120087, 40.368789109745933 ], [ -4.298383297087595, 40.368789109745933 ], [ -4.298383297087595, 40.367916203828798 ], [ -4.299123513055104, 40.367916203828798 ], [ -4.299123513055104, 40.36704328660619 ], [ -4.299863729022612, 40.36704328660619 ], [ -4.299863729022612, 40.366170358078165 ], [ -4.300603944990121, 40.366170358078165 ], [ -4.300603944990121, 40.365297418244779 ], [ -4.301344160957629, 40.365297418244779 ], [ -4.301344160957629, 40.364424467106097 ], [ -4.302084376925136, 40.364424467106097 ], [ -4.302084376925136, 40.363551504662162 ], [ -4.302824592892645, 40.363551504662162 ], [ -4.302824592892645, 40.362678530913037 ], [ -4.303564808860154, 40.362678530913037 ], [ -4.303564808860154, 40.361805545858779 ], [ -4.30504524079517, 40.361805545858779 ], [ -4.30504524079517, 40.361369049092247 ], [ -4.307265888697695, 40.361369049092247 ], [ -4.307265888697695, 40.361805545858779 ], [ -4.30948653660022, 40.361805545858779 ], [ -4.30948653660022, 40.36224203979905 ], [ -4.310966968535237, 40.36224203979905 ], [ -4.310966968535237, 40.362678530913037 ], [ -4.313187616437761, 40.362678530913037 ], [ -4.313187616437761, 40.363115019200748 ], [ -4.316148480307795, 40.363115019200748 ], [ -4.316148480307795, 40.362678530913037 ], [ -4.316888696275304, 40.362678530913037 ], [ -4.316888696275304, 40.36224203979905 ], [ -4.317628912242812, 40.36224203979905 ], [ -4.317628912242812, 40.361805545858779 ], [ -4.31836912821032, 40.361805545858779 ], [ -4.31836912821032, 40.361369049092247 ], [ -4.319109344177829, 40.361369049092247 ], [ -4.319109344177829, 40.360932549499445 ], [ -4.319849560145337, 40.360932549499445 ], [ -4.319849560145337, 40.360496047080389 ], [ -4.320589776112845, 40.360496047080389 ], [ -4.320589776112845, 40.360059541835085 ], [ -4.321329992080353, 40.360059541835085 ], [ -4.321329992080353, 40.359623033763548 ], [ -4.322070208047862, 40.359623033763548 ], [ -4.322070208047862, 40.360059541835085 ], [ -4.32281042401537, 40.360059541835085 ], [ -4.32281042401537, 40.360496047080389 ], [ -4.323550639982878, 40.360496047080389 ], [ -4.323550639982878, 40.360932549499445 ], [ -4.324290855950387, 40.360932549499445 ], [ -4.324290855950387, 40.361369049092247 ], [ -4.325031071917895, 40.361369049092247 ], [ -4.325031071917895, 40.361805545858779 ], [ -4.325771287885404, 40.361805545858779 ], [ -4.325771287885404, 40.36224203979905 ], [ -4.326511503852912, 40.36224203979905 ], [ -4.326511503852912, 40.362678530913037 ], [ -4.327251719820421, 40.362678530913037 ], [ -4.327251719820421, 40.363115019200748 ], [ -4.327991935787929, 40.363115019200748 ], [ -4.327991935787929, 40.363551504662162 ], [ -4.328732151755437, 40.363551504662162 ], [ -4.328732151755437, 40.363987987297278 ], [ -4.329472367722945, 40.363987987297278 ], [ -4.329472367722945, 40.366606823755355 ], [ -4.328732151755437, 40.366606823755355 ], [ -4.328732151755437, 40.370098447423743 ], [ -4.329472367722945, 40.370098447423743 ], [ -4.329472367722945, 40.370534887663545 ], [ -4.33169301562547, 40.370534887663545 ], [ -4.33169301562547, 40.370098447423743 ], [ -4.333173447560486, 40.370098447423743 ], [ -4.333173447560486, 40.369662004357529 ], [ -4.334653879495503, 40.369662004357529 ], [ -4.334653879495503, 40.369225558464919 ], [ -4.336134311430521, 40.369225558464919 ], [ -4.336134311430521, 40.368352658200543 ], [ -4.336874527398028, 40.368352658200543 ], [ -4.336874527398028, 40.36704328660619 ], [ -4.337614743365537, 40.36704328660619 ], [ -4.337614743365537, 40.366170358078165 ], [ -4.338354959333045, 40.366170358078165 ], [ -4.338354959333045, 40.365733889574642 ], [ -4.339095175300553, 40.365733889574642 ], [ -4.339095175300553, 40.366170358078165 ], [ -4.341315823203078, 40.366170358078165 ], [ -4.341315823203078, 40.366606823755355 ], [ -4.342056039170586, 40.366606823755355 ], [ -4.342056039170586, 40.367479746630671 ], [ -4.342796255138095, 40.367479746630671 ], [ -4.342796255138095, 40.374462722632536 ], [ -4.342056039170586, 40.374462722632536 ], [ -4.342056039170586, 40.379263098904268 ], [ -4.341315823203078, 40.379263098904268 ], [ -4.341315823203078, 40.382317705732369 ], [ -4.339835391268061, 40.382317705732369 ], [ -4.339835391268061, 40.382754066830046 ], [ -4.339095175300553, 40.382754066830046 ], [ -4.339095175300553, 40.383190425101112 ], [ -4.337614743365537, 40.383190425101112 ], [ -4.337614743365537, 40.382754066830046 ], [ -4.333913663527995, 40.382754066830046 ], [ -4.333913663527995, 40.382317705732369 ], [ -4.330952799657962, 40.382317705732369 ], [ -4.330952799657962, 40.381881341808104 ], [ -4.330212583690454, 40.381881341808104 ], [ -4.330212583690454, 40.381444975057235 ], [ -4.329472367722945, 40.381444975057235 ], [ -4.329472367722945, 40.381008605479778 ], [ -4.327991935787929, 40.381008605479778 ], [ -4.327991935787929, 40.380572233075753 ], [ -4.327251719820421, 40.380572233075753 ], [ -4.327251719820421, 40.380135857845154 ], [ -4.326511503852912, 40.380135857845154 ], [ -4.326511503852912, 40.379699479787988 ], [ -4.325771287885404, 40.379699479787988 ], [ -4.325771287885404, 40.378826715193988 ], [ -4.325031071917895, 40.378826715193988 ], [ -4.325031071917895, 40.377517547103949 ], [ -4.324290855950387, 40.377517547103949 ], [ -4.324290855950387, 40.376208353575194 ], [ -4.316888696275304, 40.376208353575194 ], [ -4.316888696275304, 40.378390328657176 ], [ -4.317628912242812, 40.378390328657176 ], [ -4.317628912242812, 40.380135857845154 ], [ -4.31836912821032, 40.380135857845154 ], [ -4.31836912821032, 40.382317705732369 ], [ -4.317628912242812, 40.382317705732369 ], [ -4.317628912242812, 40.384063133163394 ], [ -4.316888696275304, 40.384063133163394 ], [ -4.316888696275304, 40.385372174057103 ], [ -4.316148480307795, 40.385372174057103 ], [ -4.316148480307795, 40.385808515368389 ], [ -4.315408264340286, 40.385808515368389 ], [ -4.315408264340286, 40.386681189510981 ], [ -4.314668048372778, 40.386681189510981 ], [ -4.314668048372778, 40.38755385234689 ], [ -4.31392783240527, 40.38755385234689 ], [ -4.31392783240527, 40.388426503876062 ], [ -4.313187616437761, 40.388426503876062 ], [ -4.313187616437761, 40.388862825400615 ], [ -4.312447400470253, 40.388862825400615 ], [ -4.312447400470253, 40.389299144098459 ], [ -4.30948653660022, 40.389299144098459 ], [ -4.30948653660022, 40.389735459969579 ], [ -4.305785456762678, 40.389735459969579 ], [ -4.305785456762678, 40.389299144098459 ], [ -4.304305024827662, 40.389299144098459 ], [ -4.304305024827662, 40.388862825400615 ], [ -4.303564808860154, 40.388862825400615 ], [ -4.303564808860154, 40.388426503876062 ], [ -4.302084376925136, 40.388426503876062 ], [ -4.302084376925136, 40.38799017952482 ], [ -4.300603944990121, 40.38799017952482 ] ] ], [ [ [ -4.528590462982687, 40.423759388246957 ], [ -4.528590462982687, 40.420270546154889 ], [ -4.529330678950195, 40.420270546154889 ], [ -4.529330678950195, 40.419398307359678 ], [ -4.530070894917704, 40.419398307359678 ], [ -4.530070894917704, 40.418962183721284 ], [ -4.530811110885212, 40.418962183721284 ], [ -4.530811110885212, 40.418526057255697 ], [ -4.535992622657771, 40.418526057255697 ], [ -4.535992622657771, 40.418962183721284 ], [ -4.538213270560296, 40.418962183721284 ], [ -4.538213270560296, 40.418526057255697 ], [ -4.538953486527804, 40.418526057255697 ], [ -4.538953486527804, 40.416781523121657 ], [ -4.538213270560296, 40.416781523121657 ], [ -4.538213270560296, 40.412419989886985 ], [ -4.537473054592787, 40.412419989886985 ], [ -4.537473054592787, 40.408494368260193 ], [ -4.538213270560296, 40.408494368260193 ], [ -4.538213270560296, 40.406749574034386 ], [ -4.538953486527804, 40.406749574034386 ], [ -4.538953486527804, 40.404568517644904 ], [ -4.539693702495312, 40.404568517644904 ], [ -4.539693702495312, 40.402823621648082 ], [ -4.538953486527804, 40.402823621648082 ], [ -4.538953486527804, 40.402387390581538 ], [ -4.537473054592787, 40.402387390581538 ], [ -4.537473054592787, 40.401951156688078 ], [ -4.535992622657771, 40.401951156688078 ], [ -4.535992622657771, 40.402823621648082 ], [ -4.535252406690263, 40.402823621648082 ], [ -4.535252406690263, 40.404132297886122 ], [ -4.534512190722753, 40.404132297886122 ], [ -4.534512190722753, 40.405877159959516 ], [ -4.533771974755245, 40.405877159959516 ], [ -4.533771974755245, 40.406313368410451 ], [ -4.533031758787737, 40.406313368410451 ], [ -4.533031758787737, 40.406749574034386 ], [ -4.532291542820229, 40.406749574034386 ], [ -4.532291542820229, 40.407185776831341 ], [ -4.53155132685272, 40.407185776831341 ], [ -4.53155132685272, 40.407621976801302 ], [ -4.530811110885212, 40.407621976801302 ], [ -4.530811110885212, 40.408058173944248 ], [ -4.530070894917704, 40.408058173944248 ], [ -4.530070894917704, 40.408494368260193 ], [ -4.529330678950195, 40.408494368260193 ], [ -4.529330678950195, 40.408930559749109 ], [ -4.528590462982687, 40.408930559749109 ], [ -4.528590462982687, 40.40936674841101 ], [ -4.527110031047671, 40.40936674841101 ], [ -4.527110031047671, 40.408930559749109 ], [ -4.524889383145145, 40.408930559749109 ], [ -4.524889383145145, 40.408494368260193 ], [ -4.522668735242621, 40.408494368260193 ], [ -4.522668735242621, 40.408930559749109 ], [ -4.521928519275112, 40.408930559749109 ], [ -4.521928519275112, 40.40936674841101 ], [ -4.521188303307603, 40.40936674841101 ], [ -4.521188303307603, 40.410239117253695 ], [ -4.520448087340095, 40.410239117253695 ], [ -4.520448087340095, 40.41067529743448 ], [ -4.516006791535045, 40.41067529743448 ], [ -4.516006791535045, 40.4111114747882 ], [ -4.515266575567537, 40.4111114747882 ], [ -4.515266575567537, 40.412419989886985 ], [ -4.514526359600028, 40.412419989886985 ], [ -4.514526359600028, 40.413292319150791 ], [ -4.513786143632521, 40.413292319150791 ], [ -4.513786143632521, 40.41460079184327 ], [ -4.513045927665012, 40.41460079184327 ], [ -4.513045927665012, 40.415036943753201 ], [ -4.510825279762487, 40.415036943753201 ], [ -4.510825279762487, 40.41460079184327 ], [ -4.508604631859962, 40.41460079184327 ], [ -4.508604631859962, 40.414164637106218 ], [ -4.506383983957437, 40.414164637106218 ], [ -4.506383983957437, 40.413728479542058 ], [ -4.503423120087404, 40.413728479542058 ], [ -4.503423120087404, 40.413292319150791 ], [ -4.501202472184879, 40.413292319150791 ], [ -4.501202472184879, 40.412856155932431 ], [ -4.499722040249862, 40.412856155932431 ], [ -4.499722040249862, 40.413292319150791 ], [ -4.498981824282353, 40.413292319150791 ], [ -4.498981824282353, 40.413728479542058 ], [ -4.498241608314845, 40.413728479542058 ], [ -4.498241608314845, 40.414164637106218 ], [ -4.497501392347337, 40.414164637106218 ], [ -4.497501392347337, 40.41460079184327 ], [ -4.496761176379829, 40.41460079184327 ], [ -4.496761176379829, 40.415473092836017 ], [ -4.49602096041232, 40.415473092836017 ], [ -4.49602096041232, 40.415909239091704 ], [ -4.495280744444813, 40.415909239091704 ], [ -4.495280744444813, 40.416345382520248 ], [ -4.493060096542288, 40.416345382520248 ], [ -4.493060096542288, 40.415909239091704 ], [ -4.490099232672254, 40.415909239091704 ], [ -4.490099232672254, 40.415473092836017 ], [ -4.489359016704745, 40.415473092836017 ], [ -4.489359016704745, 40.415036943753201 ], [ -4.488618800737236, 40.415036943753201 ], [ -4.488618800737236, 40.41460079184327 ], [ -4.487878584769729, 40.41460079184327 ], [ -4.487878584769729, 40.413728479542058 ], [ -4.48713836880222, 40.413728479542058 ], [ -4.48713836880222, 40.411983821014466 ], [ -4.487878584769729, 40.411983821014466 ], [ -4.487878584769729, 40.408494368260193 ], [ -4.488618800737236, 40.408494368260193 ], [ -4.488618800737236, 40.408058173944248 ], [ -4.489359016704745, 40.408058173944248 ], [ -4.489359016704745, 40.407621976801302 ], [ -4.490099232672254, 40.407621976801302 ], [ -4.490099232672254, 40.407185776831341 ], [ -4.490839448639762, 40.407185776831341 ], [ -4.490839448639762, 40.406749574034386 ], [ -4.491579664607271, 40.406749574034386 ], [ -4.491579664607271, 40.406313368410451 ], [ -4.492319880574779, 40.406313368410451 ], [ -4.492319880574779, 40.405877159959516 ], [ -4.493060096542288, 40.405877159959516 ], [ -4.493060096542288, 40.405440948681608 ], [ -4.493800312509795, 40.405440948681608 ], [ -4.493800312509795, 40.405004734576742 ], [ -4.494540528477303, 40.405004734576742 ], [ -4.494540528477303, 40.404132297886122 ], [ -4.495280744444813, 40.404132297886122 ], [ -4.495280744444813, 40.403259849887696 ], [ -4.49602096041232, 40.403259849887696 ], [ -4.49602096041232, 40.402387390581538 ], [ -4.496761176379829, 40.402387390581538 ], [ -4.496761176379829, 40.401514919967696 ], [ -4.498241608314845, 40.401514919967696 ], [ -4.498241608314845, 40.401078680420419 ], [ -4.501942688152387, 40.401078680420419 ], [ -4.501942688152387, 40.400206192845147 ], [ -4.502682904119895, 40.400206192845147 ], [ -4.502682904119895, 40.39933369396234 ], [ -4.503423120087404, 40.39933369396234 ], [ -4.503423120087404, 40.398461183772056 ], [ -4.504163336054912, 40.398461183772056 ], [ -4.504163336054912, 40.39758866227433 ], [ -4.50490355202242, 40.39758866227433 ], [ -4.50490355202242, 40.396716129469226 ], [ -4.505643767989929, 40.396716129469226 ], [ -4.505643767989929, 40.395843585356808 ], [ -4.508604631859962, 40.395843585356808 ], [ -4.508604631859962, 40.396279858826432 ], [ -4.512305711697504, 40.396279858826432 ], [ -4.512305711697504, 40.395843585356808 ], [ -4.513045927665012, 40.395843585356808 ], [ -4.513045927665012, 40.395407309060367 ], [ -4.513786143632521, 40.395407309060367 ], [ -4.513786143632521, 40.394534747987073 ], [ -4.514526359600028, 40.394534747987073 ], [ -4.514526359600028, 40.394098463210227 ], [ -4.515266575567537, 40.394098463210227 ], [ -4.515266575567537, 40.393225885176186 ], [ -4.516006791535045, 40.393225885176186 ], [ -4.516006791535045, 40.392789591918991 ], [ -4.516747007502554, 40.392789591918991 ], [ -4.516747007502554, 40.391916996924316 ], [ -4.517487223470062, 40.391916996924316 ], [ -4.517487223470062, 40.391480695186857 ], [ -4.51822743943757, 40.391480695186857 ], [ -4.51822743943757, 40.390608083231683 ], [ -4.518967655405079, 40.390608083231683 ], [ -4.518967655405079, 40.390171773013996 ], [ -4.519707871372587, 40.390171773013996 ], [ -4.519707871372587, 40.389299144098459 ], [ -4.520448087340095, 40.389299144098459 ], [ -4.520448087340095, 40.388862825400615 ], [ -4.521188303307603, 40.388862825400615 ], [ -4.521188303307603, 40.388426503876062 ], [ -4.522668735242621, 40.388426503876062 ], [ -4.522668735242621, 40.38799017952482 ], [ -4.525629599112653, 40.38799017952482 ], [ -4.525629599112653, 40.38755385234689 ], [ -4.53155132685272, 40.38755385234689 ], [ -4.53155132685272, 40.38799017952482 ], [ -4.534512190722753, 40.38799017952482 ], [ -4.534512190722753, 40.388426503876062 ], [ -4.535992622657771, 40.388426503876062 ], [ -4.535992622657771, 40.38799017952482 ], [ -4.536732838625279, 40.38799017952482 ], [ -4.536732838625279, 40.385372174057103 ], [ -4.537473054592787, 40.385372174057103 ], [ -4.537473054592787, 40.381881341808104 ], [ -4.538213270560296, 40.381881341808104 ], [ -4.538213270560296, 40.381008605479778 ], [ -4.538953486527804, 40.381008605479778 ], [ -4.538953486527804, 40.380135857845154 ], [ -4.539693702495312, 40.380135857845154 ], [ -4.539693702495312, 40.379699479787988 ], [ -4.544875214267871, 40.379699479787988 ], [ -4.544875214267871, 40.380135857845154 ], [ -4.545615430235379, 40.380135857845154 ], [ -4.545615430235379, 40.380572233075753 ], [ -4.546355646202888, 40.380572233075753 ], [ -4.546355646202888, 40.381008605479778 ], [ -4.547095862170395, 40.381008605479778 ], [ -4.547095862170395, 40.381444975057235 ], [ -4.547836078137903, 40.381444975057235 ], [ -4.547836078137903, 40.381881341808104 ], [ -4.548576294105412, 40.381881341808104 ], [ -4.548576294105412, 40.382317705732369 ], [ -4.550796942007937, 40.382317705732369 ], [ -4.550796942007937, 40.382754066830046 ], [ -4.553017589910462, 40.382754066830046 ], [ -4.553017589910462, 40.383190425101112 ], [ -4.555238237812987, 40.383190425101112 ], [ -4.555238237812987, 40.383626780545562 ], [ -4.557458885715512, 40.383626780545562 ], [ -4.557458885715512, 40.384063133163394 ], [ -4.559679533618037, 40.384063133163394 ], [ -4.559679533618037, 40.384499482954602 ], [ -4.561900181520563, 40.384499482954602 ], [ -4.561900181520563, 40.384935829919179 ], [ -4.564120829423087, 40.384935829919179 ], [ -4.564120829423087, 40.385372174057103 ], [ -4.564861045390596, 40.385372174057103 ], [ -4.564861045390596, 40.384935829919179 ], [ -4.565601261358104, 40.384935829919179 ], [ -4.565601261358104, 40.384499482954602 ], [ -4.566341477325612, 40.384499482954602 ], [ -4.566341477325612, 40.383626780545562 ], [ -4.567081693293121, 40.383626780545562 ], [ -4.567081693293121, 40.382754066830046 ], [ -4.567821909260628, 40.382754066830046 ], [ -4.567821909260628, 40.381444975057235 ], [ -4.568562125228137, 40.381444975057235 ], [ -4.568562125228137, 40.380572233075753 ], [ -4.569302341195645, 40.380572233075753 ], [ -4.569302341195645, 40.379699479787988 ], [ -4.570042557163154, 40.379699479787988 ], [ -4.570042557163154, 40.378826715193988 ], [ -4.570782773130663, 40.378826715193988 ], [ -4.570782773130663, 40.377953939293825 ], [ -4.57152298909817, 40.377953939293825 ], [ -4.57152298909817, 40.376644754244623 ], [ -4.57226320506568, 40.376644754244623 ], [ -4.57226320506568, 40.376208353575194 ], [ -4.581145796675779, 40.376208353575194 ], [ -4.581145796675779, 40.375771950079262 ], [ -4.581886012643287, 40.375771950079262 ], [ -4.581886012643287, 40.371844191424493 ], [ -4.581145796675779, 40.371844191424493 ], [ -4.581145796675779, 40.370971325076951 ], [ -4.581886012643287, 40.370971325076951 ], [ -4.581886012643287, 40.370534887663545 ], [ -4.582626228610795, 40.370534887663545 ], [ -4.582626228610795, 40.369662004357529 ], [ -4.583366444578304, 40.369662004357529 ], [ -4.583366444578304, 40.368789109745933 ], [ -4.584106660545812, 40.368789109745933 ], [ -4.584106660545812, 40.368352658200543 ], [ -4.58484687651332, 40.368352658200543 ], [ -4.58484687651332, 40.367479746630671 ], [ -4.585587092480829, 40.367479746630671 ], [ -4.585587092480829, 40.36704328660619 ], [ -4.586327308448337, 40.36704328660619 ], [ -4.586327308448337, 40.366170358078165 ], [ -4.587067524415845, 40.366170358078165 ], [ -4.587067524415845, 40.365297418244779 ], [ -4.588547956350863, 40.365297418244779 ], [ -4.588547956350863, 40.364860944088605 ], [ -4.589288172318371, 40.364860944088605 ], [ -4.589288172318371, 40.364424467106097 ], [ -4.590768604253388, 40.364424467106097 ], [ -4.590768604253388, 40.363987987297278 ], [ -4.592249036188404, 40.363987987297278 ], [ -4.592249036188404, 40.363551504662162 ], [ -4.592989252155912, 40.363551504662162 ], [ -4.592989252155912, 40.363115019200748 ], [ -4.593729468123421, 40.363115019200748 ], [ -4.593729468123421, 40.36224203979905 ], [ -4.594469684090929, 40.36224203979905 ], [ -4.594469684090929, 40.361805545858779 ], [ -4.595209900058436, 40.361805545858779 ], [ -4.595209900058436, 40.360932549499445 ], [ -4.595950116025945, 40.360932549499445 ], [ -4.595950116025945, 40.360496047080389 ], [ -4.61149465134362, 40.360496047080389 ], [ -4.61149465134362, 40.360059541835085 ], [ -4.612234867311129, 40.360059541835085 ], [ -4.612234867311129, 40.358750009141751 ], [ -4.612975083278637, 40.358750009141751 ], [ -4.612975083278637, 40.356567398128547 ], [ -4.613715299246146, 40.356567398128547 ], [ -4.613715299246146, 40.355694333939923 ], [ -4.614455515213654, 40.355694333939923 ], [ -4.614455515213654, 40.355257797606349 ], [ -4.615935947148671, 40.355257797606349 ], [ -4.615935947148671, 40.355694333939923 ], [ -4.618156595051196, 40.355694333939923 ], [ -4.618156595051196, 40.356130867447327 ], [ -4.619637026986212, 40.356130867447327 ], [ -4.619637026986212, 40.356567398128547 ], [ -4.621857674888737, 40.356567398128547 ], [ -4.621857674888737, 40.357003925983598 ], [ -4.624078322791262, 40.357003925983598 ], [ -4.624078322791262, 40.357440451012444 ], [ -4.626298970693787, 40.357440451012444 ], [ -4.626298970693787, 40.357876973215085 ], [ -4.628519618596312, 40.357876973215085 ], [ -4.628519618596312, 40.358313492591527 ], [ -4.630740266498838, 40.358313492591527 ], [ -4.630740266498838, 40.357876973215085 ], [ -4.631480482466346, 40.357876973215085 ], [ -4.631480482466346, 40.356567398128547 ], [ -4.632220698433854, 40.356567398128547 ], [ -4.632220698433854, 40.355694333939923 ], [ -4.632960914401362, 40.355694333939923 ], [ -4.632960914401362, 40.354384716460721 ], [ -4.635921778271396, 40.354384716460721 ], [ -4.635921778271396, 40.354821258446613 ], [ -4.638882642141429, 40.354821258446613 ], [ -4.638882642141429, 40.355257797606349 ], [ -4.641843506011463, 40.355257797606349 ], [ -4.641843506011463, 40.353948171648675 ], [ -4.642583721978971, 40.353948171648675 ], [ -4.642583721978971, 40.352201964139134 ], [ -4.643323937946479, 40.352201964139134 ], [ -4.643323937946479, 40.351328843427652 ], [ -4.644064153913988, 40.351328843427652 ], [ -4.644064153913988, 40.35089227883276 ], [ -4.644804369881496, 40.35089227883276 ], [ -4.644804369881496, 40.350455711411769 ], [ -4.646284801816511, 40.350455711411769 ], [ -4.646284801816511, 40.35089227883276 ], [ -4.647025017784021, 40.35089227883276 ], [ -4.647025017784021, 40.351328843427652 ], [ -4.647765233751529, 40.351328843427652 ], [ -4.647765233751529, 40.351765405196446 ], [ -4.648505449719037, 40.351765405196446 ], [ -4.648505449719037, 40.353075073546165 ], [ -4.649245665686546, 40.353075073546165 ], [ -4.649245665686546, 40.353948171648675 ], [ -4.65146631358907, 40.353948171648675 ], [ -4.65146631358907, 40.35351162401048 ], [ -4.652946745524088, 40.35351162401048 ], [ -4.652946745524088, 40.353075073546165 ], [ -4.655167393426612, 40.353075073546165 ], [ -4.655167393426612, 40.35351162401048 ], [ -4.656647825361628, 40.35351162401048 ], [ -4.656647825361628, 40.353948171648675 ], [ -4.658128257296647, 40.353948171648675 ], [ -4.658128257296647, 40.353075073546165 ], [ -4.658868473264154, 40.353075073546165 ], [ -4.658868473264154, 40.351328843427652 ], [ -4.659608689231662, 40.351328843427652 ], [ -4.659608689231662, 40.349582568091535 ], [ -4.660348905199171, 40.349582568091535 ], [ -4.660348905199171, 40.349145992192305 ], [ -4.661089121166679, 40.349145992192305 ], [ -4.661089121166679, 40.348709413467006 ], [ -4.662569553101696, 40.348709413467006 ], [ -4.662569553101696, 40.349145992192305 ], [ -4.664049985036712, 40.349145992192305 ], [ -4.664049985036712, 40.349582568091535 ], [ -4.66479020100422, 40.349582568091535 ], [ -4.66479020100422, 40.35089227883276 ], [ -4.665530416971729, 40.35089227883276 ], [ -4.665530416971729, 40.352201964139134 ], [ -4.667751064874254, 40.352201964139134 ], [ -4.667751064874254, 40.351765405196446 ], [ -4.669231496809271, 40.351765405196446 ], [ -4.669231496809271, 40.351328843427652 ], [ -4.671452144711796, 40.351328843427652 ], [ -4.671452144711796, 40.351765405196446 ], [ -4.672932576646812, 40.351765405196446 ], [ -4.672932576646812, 40.352201964139134 ], [ -4.67367279261432, 40.352201964139134 ], [ -4.67367279261432, 40.352638520255709 ], [ -4.675893440516846, 40.352638520255709 ], [ -4.675893440516846, 40.352201964139134 ], [ -4.677373872451862, 40.352201964139134 ], [ -4.677373872451862, 40.351765405196446 ], [ -4.679594520354387, 40.351765405196446 ], [ -4.679594520354387, 40.351328843427652 ], [ -4.681815168256913, 40.351328843427652 ], [ -4.681815168256913, 40.35089227883276 ], [ -4.684035816159438, 40.35089227883276 ], [ -4.684035816159438, 40.350455711411769 ], [ -4.685516248094454, 40.350455711411769 ], [ -4.685516248094454, 40.35089227883276 ], [ -4.686996680029471, 40.35089227883276 ], [ -4.686996680029471, 40.351328843427652 ], [ -4.687736895996979, 40.351328843427652 ], [ -4.687736895996979, 40.351765405196446 ], [ -4.688477111964487, 40.351765405196446 ], [ -4.688477111964487, 40.352201964139134 ], [ -4.689957543899504, 40.352201964139134 ], [ -4.689957543899504, 40.351765405196446 ], [ -4.69143797583452, 40.351765405196446 ], [ -4.69143797583452, 40.351328843427652 ], [ -4.692178191802029, 40.351328843427652 ], [ -4.692178191802029, 40.35089227883276 ], [ -4.692918407769538, 40.35089227883276 ], [ -4.692918407769538, 40.350455711411769 ], [ -4.693658623737046, 40.350455711411769 ], [ -4.693658623737046, 40.350019141164694 ], [ -4.694398839704554, 40.350019141164694 ], [ -4.694398839704554, 40.349582568091535 ], [ -4.695139055672063, 40.349582568091535 ], [ -4.695139055672063, 40.349145992192305 ], [ -4.696619487607079, 40.349145992192305 ], [ -4.696619487607079, 40.348709413467006 ], [ -4.697359703574588, 40.348709413467006 ], [ -4.697359703574588, 40.348272831915658 ], [ -4.698099919542096, 40.348272831915658 ], [ -4.698099919542096, 40.347836247538254 ], [ -4.699580351477112, 40.347836247538254 ], [ -4.699580351477112, 40.348272831915658 ], [ -4.700320567444621, 40.348272831915658 ], [ -4.700320567444621, 40.348709413467006 ], [ -4.701060783412129, 40.348709413467006 ], [ -4.701060783412129, 40.349145992192305 ], [ -4.703281431314654, 40.349145992192305 ], [ -4.703281431314654, 40.348709413467006 ], [ -4.70476186324967, 40.348709413467006 ], [ -4.70476186324967, 40.348272831915658 ], [ -4.70550207921718, 40.348272831915658 ], [ -4.70550207921718, 40.347836247538254 ], [ -4.706982511152195, 40.347836247538254 ], [ -4.706982511152195, 40.347399660334808 ], [ -4.708462943087212, 40.347399660334808 ], [ -4.708462943087212, 40.347836247538254 ], [ -4.70920315905472, 40.347836247538254 ], [ -4.70920315905472, 40.348272831915658 ], [ -4.712904238892262, 40.348272831915658 ], [ -4.712904238892262, 40.347836247538254 ], [ -4.713644454859771, 40.347836247538254 ], [ -4.713644454859771, 40.347399660334808 ], [ -4.714384670827279, 40.347399660334808 ], [ -4.714384670827279, 40.346963070305314 ], [ -4.715124886794788, 40.346963070305314 ], [ -4.715124886794788, 40.346526477449807 ], [ -4.716605318729804, 40.346526477449807 ], [ -4.716605318729804, 40.346963070305314 ], [ -4.72252704646987, 40.346963070305314 ], [ -4.72252704646987, 40.346526477449807 ], [ -4.723267262437379, 40.346526477449807 ], [ -4.723267262437379, 40.345653283260717 ], [ -4.724007478404888, 40.345653283260717 ], [ -4.724007478404888, 40.345216681927148 ], [ -4.724747694372395, 40.345216681927148 ], [ -4.724747694372395, 40.344343470782029 ], [ -4.725487910339904, 40.344343470782029 ], [ -4.725487910339904, 40.343470248332949 ], [ -4.726228126307412, 40.343470248332949 ], [ -4.726228126307412, 40.342597014579979 ], [ -4.726968342274921, 40.342597014579979 ], [ -4.726968342274921, 40.341723769523171 ], [ -4.72770855824243, 40.341723769523171 ], [ -4.72770855824243, 40.340850513162572 ], [ -4.728448774209937, 40.340850513162572 ], [ -4.728448774209937, 40.340413880743384 ], [ -4.729188990177446, 40.340413880743384 ], [ -4.729188990177446, 40.339540607427224 ], [ -4.732149854047479, 40.339540607427224 ], [ -4.732149854047479, 40.340413880743384 ], [ -4.732890070014987, 40.340413880743384 ], [ -4.732890070014987, 40.340850513162572 ], [ -4.733630285982496, 40.340850513162572 ], [ -4.733630285982496, 40.341723769523171 ], [ -4.734370501950004, 40.341723769523171 ], [ -4.734370501950004, 40.342160393464553 ], [ -4.735850933885021, 40.342160393464553 ], [ -4.735850933885021, 40.341723769523171 ], [ -4.736591149852529, 40.341723769523171 ], [ -4.736591149852529, 40.341287142755839 ], [ -4.737331365820038, 40.341287142755839 ], [ -4.737331365820038, 40.340850513162572 ], [ -4.738071581787547, 40.340850513162572 ], [ -4.738071581787547, 40.340413880743384 ], [ -4.738811797755053, 40.340413880743384 ], [ -4.738811797755053, 40.339977245498261 ], [ -4.739552013722562, 40.339977245498261 ], [ -4.739552013722562, 40.339540607427224 ], [ -4.740292229690072, 40.339540607427224 ], [ -4.740292229690072, 40.339103966530281 ], [ -4.741032445657578, 40.339103966530281 ], [ -4.741032445657578, 40.338667322807424 ], [ -4.741772661625087, 40.338667322807424 ], [ -4.741772661625087, 40.338230676258689 ], [ -4.742512877592596, 40.338230676258689 ], [ -4.742512877592596, 40.337794026884048 ], [ -4.743993309527612, 40.337794026884048 ], [ -4.743993309527612, 40.338230676258689 ], [ -4.744733525495121, 40.338230676258689 ], [ -4.744733525495121, 40.338667322807424 ], [ -4.74547374146263, 40.338667322807424 ], [ -4.74547374146263, 40.339103966530281 ], [ -4.746213957430138, 40.339103966530281 ], [ -4.746213957430138, 40.339540607427224 ], [ -4.746954173397646, 40.339540607427224 ], [ -4.746954173397646, 40.339977245498261 ], [ -4.747694389365154, 40.339977245498261 ], [ -4.747694389365154, 40.340413880743384 ], [ -4.749915037267679, 40.340413880743384 ], [ -4.749915037267679, 40.339977245498261 ], [ -4.751395469202695, 40.339977245498261 ], [ -4.751395469202695, 40.340413880743384 ], [ -4.752135685170204, 40.340413880743384 ], [ -4.752135685170204, 40.340850513162572 ], [ -4.753616117105221, 40.340850513162572 ], [ -4.753616117105221, 40.341287142755839 ], [ -4.75435633307273, 40.341287142755839 ], [ -4.75435633307273, 40.341723769523171 ], [ -4.755096549040238, 40.341723769523171 ], [ -4.755096549040238, 40.341287142755839 ], [ -4.755836765007746, 40.341287142755839 ], [ -4.755836765007746, 40.340850513162572 ], [ -4.757317196942763, 40.340850513162572 ], [ -4.757317196942763, 40.340413880743384 ], [ -4.75805741291027, 40.340413880743384 ], [ -4.75805741291027, 40.339977245498261 ], [ -4.75879762887778, 40.339977245498261 ], [ -4.75879762887778, 40.339540607427224 ], [ -4.759537844845286, 40.339540607427224 ], [ -4.759537844845286, 40.339103966530281 ], [ -4.760278060812795, 40.339103966530281 ], [ -4.760278060812795, 40.338667322807424 ], [ -4.761758492747812, 40.338667322807424 ], [ -4.761758492747812, 40.339103966530281 ], [ -4.763238924682829, 40.339103966530281 ], [ -4.763238924682829, 40.340413880743384 ], [ -4.763979140650338, 40.340413880743384 ], [ -4.763979140650338, 40.341723769523171 ], [ -4.764719356617847, 40.341723769523171 ], [ -4.764719356617847, 40.342160393464553 ], [ -4.767680220487879, 40.342160393464553 ], [ -4.767680220487879, 40.341723769523171 ], [ -4.769900868390403, 40.341723769523171 ], [ -4.769900868390403, 40.341287142755839 ], [ -4.770641084357912, 40.341287142755839 ], [ -4.770641084357912, 40.341723769523171 ], [ -4.771381300325421, 40.341723769523171 ], [ -4.771381300325421, 40.342597014579979 ], [ -4.772121516292929, 40.342597014579979 ], [ -4.772121516292929, 40.343470248332949 ], [ -4.772861732260438, 40.343470248332949 ], [ -4.772861732260438, 40.347836247538254 ], [ -4.773601948227946, 40.347836247538254 ], [ -4.773601948227946, 40.348272831915658 ], [ -4.774342164195454, 40.348272831915658 ], [ -4.774342164195454, 40.348709413467006 ], [ -4.775082380162963, 40.348709413467006 ], [ -4.775082380162963, 40.349145992192305 ], [ -4.775822596130471, 40.349145992192305 ], [ -4.775822596130471, 40.349582568091535 ], [ -4.776562812097978, 40.349582568091535 ], [ -4.776562812097978, 40.350019141164694 ], [ -4.777303028065488, 40.350019141164694 ], [ -4.777303028065488, 40.350455711411769 ], [ -4.779523675968012, 40.350455711411769 ], [ -4.779523675968012, 40.350019141164694 ], [ -4.781744323870537, 40.350019141164694 ], [ -4.781744323870537, 40.349582568091535 ], [ -4.783224755805555, 40.349582568091535 ], [ -4.783224755805555, 40.349145992192305 ], [ -4.78470518774057, 40.349145992192305 ], [ -4.78470518774057, 40.350019141164694 ], [ -4.78544540370808, 40.350019141164694 ], [ -4.78544540370808, 40.350455711411769 ], [ -4.786185619675588, 40.350455711411769 ], [ -4.786185619675588, 40.351765405196446 ], [ -4.786925835643095, 40.351765405196446 ], [ -4.786925835643095, 40.354821258446613 ], [ -4.787666051610604, 40.354821258446613 ], [ -4.787666051610604, 40.359623033763548 ], [ -4.786925835643095, 40.359623033763548 ], [ -4.786925835643095, 40.361805545858779 ], [ -4.786185619675588, 40.361805545858779 ], [ -4.786185619675588, 40.363987987297278 ], [ -4.78544540370808, 40.363987987297278 ], [ -4.78544540370808, 40.365297418244779 ], [ -4.78470518774057, 40.365297418244779 ], [ -4.78470518774057, 40.366170358078165 ], [ -4.783964971773062, 40.366170358078165 ], [ -4.783964971773062, 40.367479746630671 ], [ -4.783224755805555, 40.367479746630671 ], [ -4.783224755805555, 40.368789109745933 ], [ -4.782484539838046, 40.368789109745933 ], [ -4.782484539838046, 40.369662004357529 ], [ -4.781744323870537, 40.369662004357529 ], [ -4.781744323870537, 40.370971325076951 ], [ -4.78100410790303, 40.370971325076951 ], [ -4.78100410790303, 40.372280620358616 ], [ -4.780263891935521, 40.372280620358616 ], [ -4.780263891935521, 40.37315346974755 ], [ -4.779523675968012, 40.37315346974755 ], [ -4.779523675968012, 40.373589890202332 ], [ -4.778783460000504, 40.373589890202332 ], [ -4.778783460000504, 40.374026307830668 ], [ -4.778043244032996, 40.374026307830668 ], [ -4.778043244032996, 40.374462722632536 ], [ -4.777303028065488, 40.374462722632536 ], [ -4.777303028065488, 40.374899134607922 ], [ -4.776562812097978, 40.374899134607922 ], [ -4.776562812097978, 40.375335543756833 ], [ -4.775822596130471, 40.375335543756833 ], [ -4.775822596130471, 40.375771950079262 ], [ -4.775082380162963, 40.375771950079262 ], [ -4.775082380162963, 40.376208353575194 ], [ -4.774342164195454, 40.376208353575194 ], [ -4.774342164195454, 40.376644754244623 ], [ -4.773601948227946, 40.376644754244623 ], [ -4.773601948227946, 40.377517547103949 ], [ -4.772861732260438, 40.377517547103949 ], [ -4.772861732260438, 40.377953939293825 ], [ -4.772121516292929, 40.377953939293825 ], [ -4.772121516292929, 40.378390328657176 ], [ -4.771381300325421, 40.378390328657176 ], [ -4.771381300325421, 40.378826715193988 ], [ -4.770641084357912, 40.378826715193988 ], [ -4.770641084357912, 40.379263098904268 ], [ -4.769900868390403, 40.379263098904268 ], [ -4.769900868390403, 40.379699479787988 ], [ -4.769160652422896, 40.379699479787988 ], [ -4.769160652422896, 40.380135857845154 ], [ -4.768420436455387, 40.380135857845154 ], [ -4.768420436455387, 40.380572233075753 ], [ -4.767680220487879, 40.380572233075753 ], [ -4.767680220487879, 40.381008605479778 ], [ -4.766940004520372, 40.381008605479778 ], [ -4.766940004520372, 40.381444975057235 ], [ -4.764719356617847, 40.381444975057235 ], [ -4.764719356617847, 40.381881341808104 ], [ -4.763238924682829, 40.381881341808104 ], [ -4.763238924682829, 40.382317705732369 ], [ -4.761018276780304, 40.382317705732369 ], [ -4.761018276780304, 40.382754066830046 ], [ -4.760278060812795, 40.382754066830046 ], [ -4.760278060812795, 40.382317705732369 ], [ -4.759537844845286, 40.382317705732369 ], [ -4.759537844845286, 40.381881341808104 ], [ -4.75879762887778, 40.381881341808104 ], [ -4.75879762887778, 40.381444975057235 ], [ -4.75805741291027, 40.381444975057235 ], [ -4.75805741291027, 40.381008605479778 ], [ -4.755836765007746, 40.381008605479778 ], [ -4.755836765007746, 40.381444975057235 ], [ -4.755096549040238, 40.381444975057235 ], [ -4.755096549040238, 40.381881341808104 ], [ -4.755836765007746, 40.381881341808104 ], [ -4.755836765007746, 40.384063133163394 ], [ -4.756576980975255, 40.384063133163394 ], [ -4.756576980975255, 40.385808515368389 ], [ -4.757317196942763, 40.385808515368389 ], [ -4.757317196942763, 40.388426503876062 ], [ -4.756576980975255, 40.388426503876062 ], [ -4.756576980975255, 40.390608083231683 ], [ -4.755836765007746, 40.390608083231683 ], [ -4.755836765007746, 40.391916996924316 ], [ -4.755096549040238, 40.391916996924316 ], [ -4.755096549040238, 40.392353295835036 ], [ -4.75435633307273, 40.392353295835036 ], [ -4.75435633307273, 40.392789591918991 ], [ -4.753616117105221, 40.392789591918991 ], [ -4.753616117105221, 40.393225885176186 ], [ -4.752875901137712, 40.393225885176186 ], [ -4.752875901137712, 40.392789591918991 ], [ -4.749915037267679, 40.392789591918991 ], [ -4.749915037267679, 40.392353295835036 ], [ -4.748434605332664, 40.392353295835036 ], [ -4.748434605332664, 40.392789591918991 ], [ -4.747694389365154, 40.392789591918991 ], [ -4.747694389365154, 40.393225885176186 ], [ -4.746954173397646, 40.393225885176186 ], [ -4.746954173397646, 40.394098463210227 ], [ -4.746213957430138, 40.394098463210227 ], [ -4.746213957430138, 40.394534747987073 ], [ -4.74547374146263, 40.394534747987073 ], [ -4.74547374146263, 40.394971029937125 ], [ -4.743253093560103, 40.394971029937125 ], [ -4.743253093560103, 40.395407309060367 ], [ -4.742512877592596, 40.395407309060367 ], [ -4.742512877592596, 40.396279858826432 ], [ -4.741772661625087, 40.396279858826432 ], [ -4.741772661625087, 40.397152397285204 ], [ -4.741032445657578, 40.397152397285204 ], [ -4.741032445657578, 40.398461183772056 ], [ -4.740292229690072, 40.398461183772056 ], [ -4.740292229690072, 40.399769944817194 ], [ -4.739552013722562, 40.399769944817194 ], [ -4.739552013722562, 40.400642438046226 ], [ -4.736591149852529, 40.400642438046226 ], [ -4.736591149852529, 40.399769944817194 ], [ -4.735850933885021, 40.399769944817194 ], [ -4.735850933885021, 40.39933369396234 ], [ -4.735110717917512, 40.39933369396234 ], [ -4.735110717917512, 40.398461183772056 ], [ -4.734370501950004, 40.398461183772056 ], [ -4.734370501950004, 40.39758866227433 ], [ -4.733630285982496, 40.39758866227433 ], [ -4.733630285982496, 40.397152397285204 ], [ -4.732890070014987, 40.397152397285204 ], [ -4.732890070014987, 40.396279858826432 ], [ -4.732149854047479, 40.396279858826432 ], [ -4.732149854047479, 40.395843585356808 ], [ -4.731409638079971, 40.395843585356808 ], [ -4.731409638079971, 40.394971029937125 ], [ -4.728448774209937, 40.394971029937125 ], [ -4.728448774209937, 40.395407309060367 ], [ -4.726968342274921, 40.395407309060367 ], [ -4.726968342274921, 40.395843585356808 ], [ -4.725487910339904, 40.395843585356808 ], [ -4.725487910339904, 40.396279858826432 ], [ -4.724747694372395, 40.396279858826432 ], [ -4.724747694372395, 40.396716129469226 ], [ -4.723267262437379, 40.396716129469226 ], [ -4.723267262437379, 40.397152397285204 ], [ -4.721786830502363, 40.397152397285204 ], [ -4.721786830502363, 40.39758866227433 ], [ -4.720306398567345, 40.39758866227433 ], [ -4.720306398567345, 40.398024924436619 ], [ -4.719566182599839, 40.398024924436619 ], [ -4.719566182599839, 40.398461183772056 ], [ -4.71808575066482, 40.398461183772056 ], [ -4.71808575066482, 40.398897440280635 ], [ -4.717345534697313, 40.398897440280635 ], [ -4.717345534697313, 40.399769944817194 ], [ -4.716605318729804, 40.399769944817194 ], [ -4.716605318729804, 40.400642438046226 ], [ -4.715865102762296, 40.400642438046226 ], [ -4.715865102762296, 40.401514919967696 ], [ -4.715124886794788, 40.401514919967696 ], [ -4.715124886794788, 40.402387390581538 ], [ -4.714384670827279, 40.402387390581538 ], [ -4.714384670827279, 40.402823621648082 ], [ -4.712904238892262, 40.402823621648082 ], [ -4.712904238892262, 40.402387390581538 ], [ -4.709943375022228, 40.402387390581538 ], [ -4.709943375022228, 40.402823621648082 ], [ -4.70920315905472, 40.402823621648082 ], [ -4.70920315905472, 40.403696075300381 ], [ -4.708462943087212, 40.403696075300381 ], [ -4.708462943087212, 40.404132297886122 ], [ -4.707722727119704, 40.404132297886122 ], [ -4.707722727119704, 40.405004734576742 ], [ -4.70476186324967, 40.405004734576742 ], [ -4.70476186324967, 40.404568517644904 ], [ -4.703281431314654, 40.404568517644904 ], [ -4.703281431314654, 40.404132297886122 ], [ -4.701800999379638, 40.404132297886122 ], [ -4.701800999379638, 40.404568517644904 ], [ -4.701060783412129, 40.404568517644904 ], [ -4.701060783412129, 40.405004734576742 ], [ -4.700320567444621, 40.405004734576742 ], [ -4.700320567444621, 40.405440948681608 ], [ -4.699580351477112, 40.405440948681608 ], [ -4.699580351477112, 40.406313368410451 ], [ -4.698840135509604, 40.406313368410451 ], [ -4.698840135509604, 40.406749574034386 ], [ -4.695139055672063, 40.406749574034386 ], [ -4.695139055672063, 40.407185776831341 ], [ -4.693658623737046, 40.407185776831341 ], [ -4.693658623737046, 40.405877159959516 ], [ -4.692918407769538, 40.405877159959516 ], [ -4.692918407769538, 40.405004734576742 ], [ -4.692178191802029, 40.405004734576742 ], [ -4.692178191802029, 40.403696075300381 ], [ -4.69143797583452, 40.403696075300381 ], [ -4.69143797583452, 40.401951156688078 ], [ -4.692178191802029, 40.401951156688078 ], [ -4.692178191802029, 40.400206192845147 ], [ -4.692918407769538, 40.400206192845147 ], [ -4.692918407769538, 40.398461183772056 ], [ -4.693658623737046, 40.398461183772056 ], [ -4.693658623737046, 40.396716129469226 ], [ -4.694398839704554, 40.396716129469226 ], [ -4.694398839704554, 40.396279858826432 ], [ -4.695879271639571, 40.396279858826432 ], [ -4.695879271639571, 40.395843585356808 ], [ -4.696619487607079, 40.395843585356808 ], [ -4.696619487607079, 40.393662175606593 ], [ -4.695879271639571, 40.393662175606593 ], [ -4.695879271639571, 40.391916996924316 ], [ -4.695139055672063, 40.391916996924316 ], [ -4.695139055672063, 40.389735459969579 ], [ -4.694398839704554, 40.389735459969579 ], [ -4.694398839704554, 40.38799017952482 ], [ -4.695139055672063, 40.38799017952482 ], [ -4.695139055672063, 40.386244853853007 ], [ -4.695879271639571, 40.386244853853007 ], [ -4.695879271639571, 40.385808515368389 ], [ -4.696619487607079, 40.385808515368389 ], [ -4.696619487607079, 40.385372174057103 ], [ -4.697359703574588, 40.385372174057103 ], [ -4.697359703574588, 40.384935829919179 ], [ -4.698099919542096, 40.384935829919179 ], [ -4.698099919542096, 40.384499482954602 ], [ -4.698840135509604, 40.384499482954602 ], [ -4.698840135509604, 40.383626780545562 ], [ -4.698099919542096, 40.383626780545562 ], [ -4.698099919542096, 40.383190425101112 ], [ -4.696619487607079, 40.383190425101112 ], [ -4.696619487607079, 40.382754066830046 ], [ -4.692918407769538, 40.382754066830046 ], [ -4.692918407769538, 40.383190425101112 ], [ -4.692178191802029, 40.383190425101112 ], [ -4.692178191802029, 40.383626780545562 ], [ -4.69143797583452, 40.383626780545562 ], [ -4.69143797583452, 40.384063133163394 ], [ -4.690697759867012, 40.384063133163394 ], [ -4.690697759867012, 40.384499482954602 ], [ -4.689957543899504, 40.384499482954602 ], [ -4.689957543899504, 40.384935829919179 ], [ -4.689217327931996, 40.384935829919179 ], [ -4.689217327931996, 40.385372174057103 ], [ -4.688477111964487, 40.385372174057103 ], [ -4.688477111964487, 40.385808515368389 ], [ -4.687736895996979, 40.385808515368389 ], [ -4.687736895996979, 40.386244853853007 ], [ -4.686996680029471, 40.386244853853007 ], [ -4.686996680029471, 40.386681189510981 ], [ -4.686256464061962, 40.386681189510981 ], [ -4.686256464061962, 40.387117522342272 ], [ -4.685516248094454, 40.387117522342272 ], [ -4.685516248094454, 40.38755385234689 ], [ -4.684776032126946, 40.38755385234689 ], [ -4.684776032126946, 40.38799017952482 ], [ -4.684035816159438, 40.38799017952482 ], [ -4.684035816159438, 40.388426503876062 ], [ -4.683295600191929, 40.388426503876062 ], [ -4.683295600191929, 40.388862825400615 ], [ -4.678854304386879, 40.388862825400615 ], [ -4.678854304386879, 40.389299144098459 ], [ -4.67367279261432, 40.389299144098459 ], [ -4.67367279261432, 40.389735459969579 ], [ -4.672932576646812, 40.389735459969579 ], [ -4.672932576646812, 40.390608083231683 ], [ -4.672192360679303, 40.390608083231683 ], [ -4.672192360679303, 40.391916996924316 ], [ -4.671452144711796, 40.391916996924316 ], [ -4.671452144711796, 40.393225885176186 ], [ -4.670711928744288, 40.393225885176186 ], [ -4.670711928744288, 40.394534747987073 ], [ -4.669971712776779, 40.394534747987073 ], [ -4.669971712776779, 40.394971029937125 ], [ -4.668491280841763, 40.394971029937125 ], [ -4.668491280841763, 40.395407309060367 ], [ -4.666270632939238, 40.395407309060367 ], [ -4.666270632939238, 40.395843585356808 ], [ -4.66479020100422, 40.395843585356808 ], [ -4.66479020100422, 40.398461183772056 ], [ -4.664049985036712, 40.398461183772056 ], [ -4.664049985036712, 40.401078680420419 ], [ -4.663309769069204, 40.401078680420419 ], [ -4.663309769069204, 40.401514919967696 ], [ -4.661829337134187, 40.401514919967696 ], [ -4.661829337134187, 40.401951156688078 ], [ -4.660348905199171, 40.401951156688078 ], [ -4.660348905199171, 40.402387390581538 ], [ -4.659608689231662, 40.402387390581538 ], [ -4.659608689231662, 40.402823621648082 ], [ -4.658868473264154, 40.402823621648082 ], [ -4.658868473264154, 40.405877159959516 ], [ -4.658128257296647, 40.405877159959516 ], [ -4.658128257296647, 40.408930559749109 ], [ -4.657388041329138, 40.408930559749109 ], [ -4.657388041329138, 40.40936674841101 ], [ -4.656647825361628, 40.40936674841101 ], [ -4.656647825361628, 40.410239117253695 ], [ -4.65590760939412, 40.410239117253695 ], [ -4.65590760939412, 40.41067529743448 ], [ -4.655167393426612, 40.41067529743448 ], [ -4.655167393426612, 40.4111114747882 ], [ -4.654427177459104, 40.4111114747882 ], [ -4.654427177459104, 40.411547649314869 ], [ -4.652206529556579, 40.411547649314869 ], [ -4.652206529556579, 40.411983821014466 ], [ -4.649245665686546, 40.411983821014466 ], [ -4.649245665686546, 40.412419989886985 ], [ -4.647025017784021, 40.412419989886985 ], [ -4.647025017784021, 40.413292319150791 ], [ -4.646284801816511, 40.413292319150791 ], [ -4.646284801816511, 40.415473092836017 ], [ -4.645544585849004, 40.415473092836017 ], [ -4.645544585849004, 40.417217660895908 ], [ -4.644804369881496, 40.417217660895908 ], [ -4.644804369881496, 40.417653795843009 ], [ -4.643323937946479, 40.417653795843009 ], [ -4.643323937946479, 40.418089927962939 ], [ -4.642583721978971, 40.418089927962939 ], [ -4.642583721978971, 40.418526057255697 ], [ -4.641103290043954, 40.418526057255697 ], [ -4.641103290043954, 40.418962183721284 ], [ -4.640363074076446, 40.418962183721284 ], [ -4.640363074076446, 40.419398307359678 ], [ -4.639622858108937, 40.419398307359678 ], [ -4.639622858108937, 40.419834428170894 ], [ -4.63814242617392, 40.419834428170894 ], [ -4.63814242617392, 40.420270546154889 ], [ -4.637402210206412, 40.420270546154889 ], [ -4.637402210206412, 40.420706661311698 ], [ -4.635921778271396, 40.420706661311698 ], [ -4.635921778271396, 40.420270546154889 ], [ -4.635181562303887, 40.420270546154889 ], [ -4.635181562303887, 40.419834428170894 ], [ -4.634441346336379, 40.419834428170894 ], [ -4.634441346336379, 40.419398307359678 ], [ -4.633701130368871, 40.419398307359678 ], [ -4.633701130368871, 40.418962183721284 ], [ -4.632220698433854, 40.418962183721284 ], [ -4.632220698433854, 40.418526057255697 ], [ -4.631480482466346, 40.418526057255697 ], [ -4.631480482466346, 40.418089927962939 ], [ -4.630740266498838, 40.418089927962939 ], [ -4.630740266498838, 40.417653795843009 ], [ -4.630000050531328, 40.417653795843009 ], [ -4.630000050531328, 40.415909239091704 ], [ -4.62925983456382, 40.415909239091704 ], [ -4.62925983456382, 40.41460079184327 ], [ -4.628519618596312, 40.41460079184327 ], [ -4.628519618596312, 40.412856155932431 ], [ -4.627779402628803, 40.412856155932431 ], [ -4.627779402628803, 40.4111114747882 ], [ -4.627039186661296, 40.4111114747882 ], [ -4.627039186661296, 40.41067529743448 ], [ -4.626298970693787, 40.41067529743448 ], [ -4.626298970693787, 40.410239117253695 ], [ -4.62555875472628, 40.410239117253695 ], [ -4.62555875472628, 40.41067529743448 ], [ -4.619637026986212, 40.41067529743448 ], [ -4.619637026986212, 40.4111114747882 ], [ -4.614455515213654, 40.4111114747882 ], [ -4.614455515213654, 40.411547649314869 ], [ -4.609274003441096, 40.411547649314869 ], [ -4.609274003441096, 40.411983821014466 ], [ -4.603352275701029, 40.411983821014466 ], [ -4.603352275701029, 40.412419989886985 ], [ -4.598170763928471, 40.412419989886985 ], [ -4.598170763928471, 40.412856155932431 ], [ -4.589288172318371, 40.412856155932431 ], [ -4.589288172318371, 40.412419989886985 ], [ -4.579665364740762, 40.412419989886985 ], [ -4.579665364740762, 40.412856155932431 ], [ -4.578925148773254, 40.412856155932431 ], [ -4.578925148773254, 40.414164637106218 ], [ -4.578184932805745, 40.414164637106218 ], [ -4.578184932805745, 40.415909239091704 ], [ -4.577444716838238, 40.415909239091704 ], [ -4.577444716838238, 40.417653795843009 ], [ -4.576704500870728, 40.417653795843009 ], [ -4.576704500870728, 40.418962183721284 ], [ -4.575964284903221, 40.418962183721284 ], [ -4.575964284903221, 40.419398307359678 ], [ -4.575224068935712, 40.419398307359678 ], [ -4.575224068935712, 40.419834428170894 ], [ -4.573743637000696, 40.419834428170894 ], [ -4.573743637000696, 40.419398307359678 ], [ -4.573003421033187, 40.419398307359678 ], [ -4.573003421033187, 40.418962183721284 ], [ -4.57152298909817, 40.418962183721284 ], [ -4.57152298909817, 40.418526057255697 ], [ -4.570782773130663, 40.418526057255697 ], [ -4.570782773130663, 40.417217660895908 ], [ -4.570042557163154, 40.417217660895908 ], [ -4.570042557163154, 40.41460079184327 ], [ -4.569302341195645, 40.41460079184327 ], [ -4.569302341195645, 40.413728479542058 ], [ -4.568562125228137, 40.413728479542058 ], [ -4.568562125228137, 40.413292319150791 ], [ -4.567821909260628, 40.413292319150791 ], [ -4.567821909260628, 40.413728479542058 ], [ -4.565601261358104, 40.413728479542058 ], [ -4.565601261358104, 40.414164637106218 ], [ -4.564861045390596, 40.414164637106218 ], [ -4.564861045390596, 40.419398307359678 ], [ -4.564120829423087, 40.419398307359678 ], [ -4.564120829423087, 40.419834428170894 ], [ -4.563380613455579, 40.419834428170894 ], [ -4.563380613455579, 40.420270546154889 ], [ -4.562640397488071, 40.420270546154889 ], [ -4.562640397488071, 40.420706661311698 ], [ -4.561900181520563, 40.420706661311698 ], [ -4.561900181520563, 40.421142773641293 ], [ -4.561159965553054, 40.421142773641293 ], [ -4.561159965553054, 40.420706661311698 ], [ -4.559679533618037, 40.420706661311698 ], [ -4.559679533618037, 40.419398307359678 ], [ -4.558939317650529, 40.419398307359678 ], [ -4.558939317650529, 40.416781523121657 ], [ -4.55819910168302, 40.416781523121657 ], [ -4.55819910168302, 40.415909239091704 ], [ -4.556718669748004, 40.415909239091704 ], [ -4.556718669748004, 40.415473092836017 ], [ -4.553757805877971, 40.415473092836017 ], [ -4.553757805877971, 40.415036943753201 ], [ -4.552277373942954, 40.415036943753201 ], [ -4.552277373942954, 40.414164637106218 ], [ -4.551537157975445, 40.414164637106218 ], [ -4.551537157975445, 40.412419989886985 ], [ -4.550796942007937, 40.412419989886985 ], [ -4.550796942007937, 40.411547649314869 ], [ -4.547836078137903, 40.411547649314869 ], [ -4.547836078137903, 40.411983821014466 ], [ -4.545615430235379, 40.411983821014466 ], [ -4.545615430235379, 40.412419989886985 ], [ -4.544134998300362, 40.412419989886985 ], [ -4.544134998300362, 40.416781523121657 ], [ -4.543394782332854, 40.416781523121657 ], [ -4.543394782332854, 40.417217660895908 ], [ -4.542654566365345, 40.417217660895908 ], [ -4.542654566365345, 40.417653795843009 ], [ -4.541914350397836, 40.417653795843009 ], [ -4.541914350397836, 40.418089927962939 ], [ -4.541174134430329, 40.418089927962939 ], [ -4.541174134430329, 40.418962183721284 ], [ -4.540433918462821, 40.418962183721284 ], [ -4.540433918462821, 40.421142773641293 ], [ -4.541174134430329, 40.421142773641293 ], [ -4.541174134430329, 40.42463157049751 ], [ -4.540433918462821, 40.42463157049751 ], [ -4.540433918462821, 40.425939822668738 ], [ -4.539693702495312, 40.425939822668738 ], [ -4.539693702495312, 40.426375901071239 ], [ -4.538953486527804, 40.426375901071239 ], [ -4.538953486527804, 40.426811976646427 ], [ -4.538213270560296, 40.426811976646427 ], [ -4.538213270560296, 40.427248049394315 ], [ -4.536732838625279, 40.427248049394315 ], [ -4.536732838625279, 40.426811976646427 ], [ -4.532291542820229, 40.426811976646427 ], [ -4.532291542820229, 40.426375901071239 ], [ -4.530811110885212, 40.426375901071239 ], [ -4.530811110885212, 40.425939822668738 ], [ -4.530070894917704, 40.425939822668738 ], [ -4.530070894917704, 40.42463157049751 ], [ -4.529330678950195, 40.42463157049751 ], [ -4.529330678950195, 40.423759388246957 ], [ -4.528590462982687, 40.423759388246957 ] ], [ [ -4.702541215347146, 40.385372174057103 ], [ -4.702541215347146, 40.384499482954602 ], [ -4.701800999379638, 40.384499482954602 ], [ -4.701800999379638, 40.384063133163394 ], [ -4.699580351477112, 40.384063133163394 ], [ -4.699580351477112, 40.385808515368389 ], [ -4.701800999379638, 40.385808515368389 ], [ -4.701800999379638, 40.385372174057103 ], [ -4.702541215347146, 40.385372174057103 ] ], [ [ -4.545615430235379, 40.399769944817194 ], [ -4.546355646202888, 40.399769944817194 ], [ -4.546355646202888, 40.400206192845147 ], [ -4.547095862170395, 40.400206192845147 ], [ -4.547095862170395, 40.400642438046226 ], [ -4.550796942007937, 40.400642438046226 ], [ -4.550796942007937, 40.398897440280635 ], [ -4.550056726040429, 40.398897440280635 ], [ -4.550056726040429, 40.398461183772056 ], [ -4.547836078137903, 40.398461183772056 ], [ -4.547836078137903, 40.398024924436619 ], [ -4.546355646202888, 40.398024924436619 ], [ -4.546355646202888, 40.398461183772056 ], [ -4.545615430235379, 40.398461183772056 ], [ -4.545615430235379, 40.399769944817194 ] ], [ [ -4.550796942007937, 40.407621976801302 ], [ -4.553017589910462, 40.407621976801302 ], [ -4.553017589910462, 40.407185776831341 ], [ -4.553757805877971, 40.407185776831341 ], [ -4.553757805877971, 40.406313368410451 ], [ -4.554498021845479, 40.406313368410451 ], [ -4.554498021845479, 40.405877159959516 ], [ -4.553757805877971, 40.405877159959516 ], [ -4.553757805877971, 40.405004734576742 ], [ -4.550796942007937, 40.405004734576742 ], [ -4.550796942007937, 40.407621976801302 ] ] ], [ [ [ -7.527205347358951, 41.356535991141087 ], [ -7.527205347358951, 41.35567600725625 ], [ -7.526465131391442, 41.35567600725625 ], [ -7.526465131391442, 41.354816012009088 ], [ -7.523504267521408, 41.354816012009088 ], [ -7.523504267521408, 41.355246011052962 ], [ -7.520543403651376, 41.355246011052962 ], [ -7.520543403651376, 41.354816012009088 ], [ -7.519803187683867, 41.354816012009088 ], [ -7.519803187683867, 41.354386010124649 ], [ -7.519062971716358, 41.354386010124649 ], [ -7.519062971716358, 41.353956005399652 ], [ -7.518322755748851, 41.353956005399652 ], [ -7.518322755748851, 41.352665974181306 ], [ -7.517582539781341, 41.352665974181306 ], [ -7.517582539781341, 41.349225765948923 ], [ -7.516842323813834, 41.349225765948923 ], [ -7.516842323813834, 41.348795727137578 ], [ -7.517582539781341, 41.348795727137578 ], [ -7.517582539781341, 41.347935640993398 ], [ -7.518322755748851, 41.347935640993398 ], [ -7.518322755748851, 41.347505593660586 ], [ -7.519062971716358, 41.347505593660586 ], [ -7.519062971716358, 41.347075543487286 ], [ -7.519803187683867, 41.347075543487286 ], [ -7.519803187683867, 41.346645490473527 ], [ -7.520543403651376, 41.346645490473527 ], [ -7.520543403651376, 41.345785375924613 ], [ -7.521283619618884, 41.345785375924613 ], [ -7.521283619618884, 41.344925250013866 ], [ -7.520543403651376, 41.344925250013866 ], [ -7.520543403651376, 41.344495182797836 ], [ -7.518322755748851, 41.344495182797836 ], [ -7.518322755748851, 41.344065112741362 ], [ -7.516102107846325, 41.344065112741362 ], [ -7.516102107846325, 41.34363503984445 ], [ -7.514621675911309, 41.34363503984445 ], [ -7.514621675911309, 41.342344804111178 ], [ -7.5138814599438, 41.342344804111178 ], [ -7.5138814599438, 41.340624450034404 ], [ -7.513141243976293, 41.340624450034404 ], [ -7.513141243976293, 41.340194354414237 ], [ -7.5138814599438, 41.340194354414237 ], [ -7.5138814599438, 41.338473943529735 ], [ -7.514621675911309, 41.338473943529735 ], [ -7.514621675911309, 41.337183605542542 ], [ -7.516102107846325, 41.337183605542542 ], [ -7.516102107846325, 41.336753487199452 ], [ -7.517582539781341, 41.336753487199452 ], [ -7.517582539781341, 41.337183605542542 ], [ -7.518322755748851, 41.337183605542542 ], [ -7.518322755748851, 41.338043833707694 ], [ -7.519062971716358, 41.338043833707694 ], [ -7.519062971716358, 41.338473943529735 ], [ -7.519803187683867, 41.338473943529735 ], [ -7.519803187683867, 41.33890405051141 ], [ -7.520543403651376, 41.33890405051141 ], [ -7.520543403651376, 41.339334154652725 ], [ -7.522023835586391, 41.339334154652725 ], [ -7.522023835586391, 41.33890405051141 ], [ -7.5227640515539, 41.33890405051141 ], [ -7.5227640515539, 41.338473943529735 ], [ -7.523504267521408, 41.338473943529735 ], [ -7.523504267521408, 41.338043833707694 ], [ -7.524244483488917, 41.338043833707694 ], [ -7.524244483488917, 41.337613721045287 ], [ -7.524984699456426, 41.337613721045287 ], [ -7.524984699456426, 41.337183605542542 ], [ -7.525724915423933, 41.337183605542542 ], [ -7.525724915423933, 41.336323366016011 ], [ -7.526465131391442, 41.336323366016011 ], [ -7.526465131391442, 41.335893241992238 ], [ -7.527205347358951, 41.335893241992238 ], [ -7.527205347358951, 41.335463115128135 ], [ -7.527945563326458, 41.335463115128135 ], [ -7.527945563326458, 41.335032985423709 ], [ -7.528685779293967, 41.335032985423709 ], [ -7.528685779293967, 41.334602852878966 ], [ -7.529425995261475, 41.334602852878966 ], [ -7.529425995261475, 41.333742579268552 ], [ -7.530166211228982, 41.333742579268552 ], [ -7.530166211228982, 41.333312438202881 ], [ -7.530906427196491, 41.333312438202881 ], [ -7.530906427196491, 41.332882294296923 ], [ -7.531646643164001, 41.332882294296923 ], [ -7.531646643164001, 41.332452147550669 ], [ -7.532386859131508, 41.332452147550669 ], [ -7.532386859131508, 41.332021997964141 ], [ -7.533127075099017, 41.332021997964141 ], [ -7.533127075099017, 41.331161690270235 ], [ -7.533867291066525, 41.331161690270235 ], [ -7.533867291066525, 41.330731532162872 ], [ -7.534607507034033, 41.330731532162872 ], [ -7.534607507034033, 41.330301371215249 ], [ -7.535347723001542, 41.330301371215249 ], [ -7.535347723001542, 41.329871207427374 ], [ -7.536087938969049, 41.329871207427374 ], [ -7.536087938969049, 41.329010871330865 ], [ -7.536828154936559, 41.329010871330865 ], [ -7.536828154936559, 41.32858069902224 ], [ -7.552372690254233, 41.32858069902224 ], [ -7.552372690254233, 41.328150523873376 ], [ -7.553112906221743, 41.328150523873376 ], [ -7.553112906221743, 41.327720345884302 ], [ -7.553853122189252, 41.327720345884302 ], [ -7.553853122189252, 41.327290165054983 ], [ -7.554593338156757, 41.327290165054983 ], [ -7.554593338156757, 41.326859981385461 ], [ -7.559034633961808, 41.326859981385461 ], [ -7.559034633961808, 41.327290165054983 ], [ -7.563475929766858, 41.327290165054983 ], [ -7.563475929766858, 41.327720345884302 ], [ -7.5671770096044, 41.327720345884302 ], [ -7.5671770096044, 41.327290165054983 ], [ -7.567917225571908, 41.327290165054983 ], [ -7.567917225571908, 41.325999605525752 ], [ -7.568657441539417, 41.325999605525752 ], [ -7.568657441539417, 41.325139218305239 ], [ -7.569397657506925, 41.325139218305239 ], [ -7.569397657506925, 41.32470902043471 ], [ -7.570137873474434, 41.32470902043471 ], [ -7.570137873474434, 41.324278819723972 ], [ -7.571618305409451, 41.324278819723972 ], [ -7.571618305409451, 41.32470902043471 ], [ -7.573098737344467, 41.32470902043471 ], [ -7.573098737344467, 41.325999605525752 ], [ -7.573838953311975, 41.325999605525752 ], [ -7.573838953311975, 41.329010871330865 ], [ -7.574579169279484, 41.329010871330865 ], [ -7.574579169279484, 41.330301371215249 ], [ -7.575319385246991, 41.330301371215249 ], [ -7.575319385246991, 41.330731532162872 ], [ -7.5760596012145, 41.330731532162872 ], [ -7.5760596012145, 41.331591845537318 ], [ -7.576799817182009, 41.331591845537318 ], [ -7.576799817182009, 41.332021997964141 ], [ -7.577540033149516, 41.332021997964141 ], [ -7.577540033149516, 41.332452147550669 ], [ -7.578280249117025, 41.332452147550669 ], [ -7.578280249117025, 41.332882294296923 ], [ -7.579020465084534, 41.332882294296923 ], [ -7.579020465084534, 41.335463115128135 ], [ -7.578280249117025, 41.335463115128135 ], [ -7.578280249117025, 41.338043833707694 ], [ -7.577540033149516, 41.338043833707694 ], [ -7.577540033149516, 41.338473943529735 ], [ -7.576799817182009, 41.338473943529735 ], [ -7.576799817182009, 41.33890405051141 ], [ -7.5760596012145, 41.33890405051141 ], [ -7.5760596012145, 41.339334154652725 ], [ -7.575319385246991, 41.339334154652725 ], [ -7.575319385246991, 41.339764255953668 ], [ -7.574579169279484, 41.339764255953668 ], [ -7.574579169279484, 41.340194354414237 ], [ -7.573838953311975, 41.340194354414237 ], [ -7.573838953311975, 41.340624450034404 ], [ -7.573098737344467, 41.340624450034404 ], [ -7.573098737344467, 41.341484632753598 ], [ -7.57235852137696, 41.341484632753598 ], [ -7.57235852137696, 41.341914719852582 ], [ -7.571618305409451, 41.341914719852582 ], [ -7.571618305409451, 41.342344804111178 ], [ -7.570878089441941, 41.342344804111178 ], [ -7.570878089441941, 41.342774885529344 ], [ -7.570137873474434, 41.342774885529344 ], [ -7.570137873474434, 41.343204964107116 ], [ -7.569397657506925, 41.343204964107116 ], [ -7.569397657506925, 41.344065112741362 ], [ -7.568657441539417, 41.344065112741362 ], [ -7.568657441539417, 41.345355314389465 ], [ -7.567917225571908, 41.345355314389465 ], [ -7.567917225571908, 41.346645490473527 ], [ -7.5671770096044, 41.346645490473527 ], [ -7.5671770096044, 41.347505593660586 ], [ -7.564216145734367, 41.347505593660586 ], [ -7.564216145734367, 41.347075543487286 ], [ -7.561995497831843, 41.347075543487286 ], [ -7.561995497831843, 41.347505593660586 ], [ -7.561255281864334, 41.347505593660586 ], [ -7.561255281864334, 41.347935640993398 ], [ -7.560515065896826, 41.347935640993398 ], [ -7.560515065896826, 41.348365685485724 ], [ -7.559774849929317, 41.348365685485724 ], [ -7.559774849929317, 41.348795727137578 ], [ -7.559034633961808, 41.348795727137578 ], [ -7.559034633961808, 41.349225765948923 ], [ -7.5582944179943, 41.349225765948923 ], [ -7.5582944179943, 41.348795727137578 ], [ -7.557554202026792, 41.348795727137578 ], [ -7.557554202026792, 41.348365685485724 ], [ -7.556073770091776, 41.348365685485724 ], [ -7.556073770091776, 41.347935640993398 ], [ -7.554593338156757, 41.347935640993398 ], [ -7.554593338156757, 41.348365685485724 ], [ -7.553853122189252, 41.348365685485724 ], [ -7.553853122189252, 41.353956005399652 ], [ -7.553112906221743, 41.353956005399652 ], [ -7.553112906221743, 41.354386010124649 ], [ -7.552372690254233, 41.354386010124649 ], [ -7.552372690254233, 41.355246011052962 ], [ -7.551632474286726, 41.355246011052962 ], [ -7.551632474286726, 41.35567600725625 ], [ -7.550152042351709, 41.35567600725625 ], [ -7.550152042351709, 41.355246011052962 ], [ -7.54867161041669, 41.355246011052962 ], [ -7.54867161041669, 41.354816012009088 ], [ -7.547931394449183, 41.354816012009088 ], [ -7.547931394449183, 41.352235958094099 ], [ -7.547191178481675, 41.352235958094099 ], [ -7.547191178481675, 41.349655801919774 ], [ -7.544230314611642, 41.349655801919774 ], [ -7.544230314611642, 41.350515865339958 ], [ -7.543490098644135, 41.350515865339958 ], [ -7.543490098644135, 41.351375917398073 ], [ -7.542749882676626, 41.351375917398073 ], [ -7.542749882676626, 41.352235958094099 ], [ -7.542009666709117, 41.352235958094099 ], [ -7.542009666709117, 41.353095987427977 ], [ -7.541269450741608, 41.353095987427977 ], [ -7.541269450741608, 41.353956005399652 ], [ -7.540529234774099, 41.353956005399652 ], [ -7.540529234774099, 41.354816012009088 ], [ -7.539789018806592, 41.354816012009088 ], [ -7.539789018806592, 41.35567600725625 ], [ -7.536087938969049, 41.35567600725625 ], [ -7.536087938969049, 41.355246011052962 ], [ -7.533867291066525, 41.355246011052962 ], [ -7.533867291066525, 41.356106000618965 ], [ -7.533127075099017, 41.356106000618965 ], [ -7.533127075099017, 41.357395963663556 ], [ -7.532386859131508, 41.357395963663556 ], [ -7.532386859131508, 41.358685901142742 ], [ -7.529425995261475, 41.358685901142742 ], [ -7.529425995261475, 41.358255924823638 ], [ -7.528685779293967, 41.358255924823638 ], [ -7.528685779293967, 41.357395963663556 ], [ -7.527945563326458, 41.357395963663556 ], [ -7.527945563326458, 41.356535991141087 ], [ -7.527205347358951, 41.356535991141087 ] ] ], [ [ [ -7.533127075099017, 41.359115874621246 ], [ -7.532386859131508, 41.359115874621246 ], [ -7.532386859131508, 41.358685901142742 ], [ -7.533127075099017, 41.358685901142742 ], [ -7.533127075099017, 41.359115874621246 ] ] ], [ [ [ -7.528685779293967, 41.369864288366578 ], [ -7.529425995261475, 41.369864288366578 ], [ -7.529425995261475, 41.369004480603309 ], [ -7.530166211228982, 41.369004480603309 ], [ -7.530166211228982, 41.367714747652805 ], [ -7.530906427196491, 41.367714747652805 ], [ -7.530906427196491, 41.366854911482136 ], [ -7.531646643164001, 41.366854911482136 ], [ -7.531646643164001, 41.36599506394856 ], [ -7.532386859131508, 41.36599506394856 ], [ -7.532386859131508, 41.364705271342892 ], [ -7.531646643164001, 41.364705271342892 ], [ -7.531646643164001, 41.361695655838915 ], [ -7.532386859131508, 41.361695655838915 ], [ -7.532386859131508, 41.359975813056352 ], [ -7.533127075099017, 41.359975813056352 ], [ -7.533127075099017, 41.359115874621246 ], [ -7.534607507034033, 41.359115874621246 ], [ -7.534607507034033, 41.359545845259106 ], [ -7.536087938969049, 41.359545845259106 ], [ -7.536087938969049, 41.359975813056352 ], [ -7.537568370904066, 41.359975813056352 ], [ -7.537568370904066, 41.360835740128927 ], [ -7.538308586871575, 41.360835740128927 ], [ -7.538308586871575, 41.362125609432923 ], [ -7.539048802839084, 41.362125609432923 ], [ -7.539048802839084, 41.363415453170958 ], [ -7.539789018806592, 41.363415453170958 ], [ -7.539789018806592, 41.364705271342892 ], [ -7.540529234774099, 41.364705271342892 ], [ -7.540529234774099, 41.365135205052148 ], [ -7.542749882676626, 41.365135205052148 ], [ -7.542749882676626, 41.364705271342892 ], [ -7.543490098644135, 41.364705271342892 ], [ -7.543490098644135, 41.364275334792936 ], [ -7.545710746546659, 41.364275334792936 ], [ -7.545710746546659, 41.364705271342892 ], [ -7.546450962514166, 41.364705271342892 ], [ -7.546450962514166, 41.365135205052148 ], [ -7.547191178481675, 41.365135205052148 ], [ -7.547191178481675, 41.36857457246056 ], [ -7.547931394449183, 41.36857457246056 ], [ -7.547931394449183, 41.369864288366578 ], [ -7.547191178481675, 41.369864288366578 ], [ -7.547191178481675, 41.370724084766806 ], [ -7.546450962514166, 41.370724084766806 ], [ -7.546450962514166, 41.371153978705756 ], [ -7.545710746546659, 41.371153978705756 ], [ -7.545710746546659, 41.371583869803935 ], [ -7.54497053057915, 41.371583869803935 ], [ -7.54497053057915, 41.372013758061343 ], [ -7.544230314611642, 41.372013758061343 ], [ -7.544230314611642, 41.371583869803935 ], [ -7.543490098644135, 41.371583869803935 ], [ -7.543490098644135, 41.370724084766806 ], [ -7.542749882676626, 41.370724084766806 ], [ -7.542749882676626, 41.370294187987071 ], [ -7.542009666709117, 41.370294187987071 ], [ -7.542009666709117, 41.369864288366578 ], [ -7.541269450741608, 41.369864288366578 ], [ -7.541269450741608, 41.369434385905322 ], [ -7.540529234774099, 41.369434385905322 ], [ -7.540529234774099, 41.369004480603309 ], [ -7.539789018806592, 41.369004480603309 ], [ -7.539789018806592, 41.369434385905322 ], [ -7.538308586871575, 41.369434385905322 ], [ -7.538308586871575, 41.370294187987071 ], [ -7.537568370904066, 41.370294187987071 ], [ -7.537568370904066, 41.370724084766806 ], [ -7.536828154936559, 41.370724084766806 ], [ -7.536828154936559, 41.371583869803935 ], [ -7.536087938969049, 41.371583869803935 ], [ -7.536087938969049, 41.372013758061343 ], [ -7.535347723001542, 41.372013758061343 ], [ -7.535347723001542, 41.372873526053773 ], [ -7.534607507034033, 41.372873526053773 ], [ -7.534607507034033, 41.373303405788796 ], [ -7.533867291066525, 41.373303405788796 ], [ -7.533867291066525, 41.373733282683013 ], [ -7.531646643164001, 41.373733282683013 ], [ -7.531646643164001, 41.373303405788796 ], [ -7.530166211228982, 41.373303405788796 ], [ -7.530166211228982, 41.372873526053773 ], [ -7.529425995261475, 41.372873526053773 ], [ -7.529425995261475, 41.371153978705756 ], [ -7.528685779293967, 41.371153978705756 ], [ -7.528685779293967, 41.369864288366578 ] ] ], [ [ [ -6.426504203674057, 42.580151728355219 ], [ -6.427244419641565, 42.580151728355219 ], [ -6.427244419641565, 42.578464472643439 ], [ -6.427984635609074, 42.578464472643439 ], [ -6.427984635609074, 42.57762082766655 ], [ -6.428724851576582, 42.57762082766655 ], [ -6.428724851576582, 42.577199000897878 ], [ -6.42946506754409, 42.577199000897878 ], [ -6.42946506754409, 42.576777171275708 ], [ -6.430205283511597, 42.576777171275708 ], [ -6.430205283511597, 42.57382428402326 ], [ -6.42946506754409, 42.57382428402326 ], [ -6.42946506754409, 42.572136857102876 ], [ -6.428724851576582, 42.572136857102876 ], [ -6.428724851576582, 42.571714993239169 ], [ -6.426504203674057, 42.571714993239169 ], [ -6.426504203674057, 42.571293126522015 ], [ -6.421322691901498, 42.571293126522015 ], [ -6.421322691901498, 42.571714993239169 ], [ -6.419842259966481, 42.571714993239169 ], [ -6.419842259966481, 42.572136857102876 ], [ -6.417621612063957, 42.572136857102876 ], [ -6.417621612063957, 42.57255871811315 ], [ -6.41614118012894, 42.57255871811315 ], [ -6.41614118012894, 42.572980576269977 ], [ -6.414660748193924, 42.572980576269977 ], [ -6.414660748193924, 42.573402431573349 ], [ -6.413920532226415, 42.573402431573349 ], [ -6.413920532226415, 42.572980576269977 ], [ -6.411699884323889, 42.572980576269977 ], [ -6.411699884323889, 42.57255871811315 ], [ -6.410219452388874, 42.57255871811315 ], [ -6.410219452388874, 42.572136857102876 ], [ -6.408739020453856, 42.572136857102876 ], [ -6.408739020453856, 42.571714993239169 ], [ -6.406518372551331, 42.571714993239169 ], [ -6.406518372551331, 42.571293126522015 ], [ -6.405778156583824, 42.571293126522015 ], [ -6.405778156583824, 42.57087125695142 ], [ -6.405037940616315, 42.57087125695142 ], [ -6.405037940616315, 42.570027509249954 ], [ -6.404297724648807, 42.570027509249954 ], [ -6.404297724648807, 42.569183750134791 ], [ -6.403557508681298, 42.569183750134791 ], [ -6.403557508681298, 42.564542870982748 ], [ -6.40281729271379, 42.564542870982748 ], [ -6.40281729271379, 42.564120955757673 ], [ -6.402077076746282, 42.564120955757673 ], [ -6.402077076746282, 42.563277116747408 ], [ -6.401336860778773, 42.563277116747408 ], [ -6.401336860778773, 42.562855192962218 ], [ -6.400596644811265, 42.562855192962218 ], [ -6.400596644811265, 42.562433266323673 ], [ -6.397635780941232, 42.562433266323673 ], [ -6.397635780941232, 42.562855192962218 ], [ -6.394674917071199, 42.562855192962218 ], [ -6.394674917071199, 42.563277116747408 ], [ -6.39393470110369, 42.563277116747408 ], [ -6.39393470110369, 42.562433266323673 ], [ -6.393194485136181, 42.562433266323673 ], [ -6.393194485136181, 42.561167469287867 ], [ -6.392454269168673, 42.561167469287867 ], [ -6.392454269168673, 42.560323590330576 ], [ -6.391714053201166, 42.560323590330576 ], [ -6.391714053201166, 42.558635798175914 ], [ -6.392454269168673, 42.558635798175914 ], [ -6.392454269168673, 42.557791884978592 ], [ -6.393194485136181, 42.557791884978592 ], [ -6.393194485136181, 42.556525993782721 ], [ -6.39393470110369, 42.556525993782721 ], [ -6.39393470110369, 42.555682052052248 ], [ -6.395415133038706, 42.555682052052248 ], [ -6.395415133038706, 42.556104024344137 ], [ -6.399116212876249, 42.556104024344137 ], [ -6.399116212876249, 42.555682052052248 ], [ -6.399856428843757, 42.555682052052248 ], [ -6.399856428843757, 42.555260076907061 ], [ -6.401336860778773, 42.555260076907061 ], [ -6.401336860778773, 42.554838098908569 ], [ -6.402077076746282, 42.554838098908569 ], [ -6.402077076746282, 42.554416118056778 ], [ -6.403557508681298, 42.554416118056778 ], [ -6.403557508681298, 42.553572147793325 ], [ -6.404297724648807, 42.553572147793325 ], [ -6.404297724648807, 42.55230617099852 ], [ -6.405037940616315, 42.55230617099852 ], [ -6.405037940616315, 42.550618161992951 ], [ -6.405778156583824, 42.550618161992951 ], [ -6.405778156583824, 42.548930107335231 ], [ -6.406518372551331, 42.548930107335231 ], [ -6.406518372551331, 42.547242007025581 ], [ -6.40725858851884, 42.547242007025581 ], [ -6.40725858851884, 42.546819974815079 ], [ -6.407998804486349, 42.546819974815079 ], [ -6.407998804486349, 42.546397939751351 ], [ -6.408739020453856, 42.546397939751351 ], [ -6.408739020453856, 42.545553861064228 ], [ -6.409479236421364, 42.545553861064228 ], [ -6.409479236421364, 42.54513181744084 ], [ -6.410219452388874, 42.54513181744084 ], [ -6.410219452388874, 42.544709770964246 ], [ -6.410959668356382, 42.544709770964246 ], [ -6.410959668356382, 42.544287721634426 ], [ -6.412440100291398, 42.544287721634426 ], [ -6.412440100291398, 42.543865669451414 ], [ -6.413920532226415, 42.543865669451414 ], [ -6.413920532226415, 42.543443614415196 ], [ -6.427244419641565, 42.543443614415196 ], [ -6.427244419641565, 42.543865669451414 ], [ -6.427984635609074, 42.543865669451414 ], [ -6.427984635609074, 42.544709770964246 ], [ -6.428724851576582, 42.544709770964246 ], [ -6.428724851576582, 42.545553861064228 ], [ -6.42946506754409, 42.545553861064228 ], [ -6.42946506754409, 42.546397939751351 ], [ -6.430205283511597, 42.546397939751351 ], [ -6.430205283511597, 42.546819974815079 ], [ -6.430945499479106, 42.546819974815079 ], [ -6.430945499479106, 42.547242007025581 ], [ -6.431685715446616, 42.547242007025581 ], [ -6.431685715446616, 42.546819974815079 ], [ -6.435386795284157, 42.546819974815079 ], [ -6.435386795284157, 42.547242007025581 ], [ -6.436127011251665, 42.547242007025581 ], [ -6.436127011251665, 42.547664036382848 ], [ -6.436867227219174, 42.547664036382848 ], [ -6.436867227219174, 42.548086062886881 ], [ -6.437607443186681, 42.548086062886881 ], [ -6.437607443186681, 42.54850808653768 ], [ -6.43834765915419, 42.54850808653768 ], [ -6.43834765915419, 42.548930107335231 ], [ -6.439087875121698, 42.548930107335231 ], [ -6.439087875121698, 42.54935212527954 ], [ -6.440568307056715, 42.54935212527954 ], [ -6.440568307056715, 42.549774140370594 ], [ -6.441308523024224, 42.549774140370594 ], [ -6.441308523024224, 42.550196152608407 ], [ -6.442048738991732, 42.550196152608407 ], [ -6.442048738991732, 42.550618161992951 ], [ -6.44278895495924, 42.550618161992951 ], [ -6.44278895495924, 42.551040168524253 ], [ -6.443529170926749, 42.551040168524253 ], [ -6.443529170926749, 42.551462172202271 ], [ -6.444269386894257, 42.551462172202271 ], [ -6.444269386894257, 42.551884173027034 ], [ -6.445009602861765, 42.551884173027034 ], [ -6.445009602861765, 42.552728166116736 ], [ -6.445749818829274, 42.552728166116736 ], [ -6.445749818829274, 42.553572147793325 ], [ -6.446490034796782, 42.553572147793325 ], [ -6.446490034796782, 42.554838098908569 ], [ -6.44723025076429, 42.554838098908569 ], [ -6.44723025076429, 42.555682052052248 ], [ -6.447970466731798, 42.555682052052248 ], [ -6.447970466731798, 42.556104024344137 ], [ -6.448710682699307, 42.556104024344137 ], [ -6.448710682699307, 42.556525993782721 ], [ -6.449450898666815, 42.556525993782721 ], [ -6.449450898666815, 42.556947960367992 ], [ -6.450931330601832, 42.556947960367992 ], [ -6.450931330601832, 42.557369924099952 ], [ -6.451671546569341, 42.557369924099952 ], [ -6.451671546569341, 42.558213843003912 ], [ -6.452411762536848, 42.558213843003912 ], [ -6.452411762536848, 42.560323590330576 ], [ -6.453151978504357, 42.560323590330576 ], [ -6.453151978504357, 42.560745531235895 ], [ -6.452411762536848, 42.560745531235895 ], [ -6.452411762536848, 42.562433266323673 ], [ -6.451671546569341, 42.562433266323673 ], [ -6.451671546569341, 42.563699037679221 ], [ -6.450191114634324, 42.563699037679221 ], [ -6.450191114634324, 42.564120955757673 ], [ -6.448710682699307, 42.564120955757673 ], [ -6.448710682699307, 42.564542870982748 ], [ -6.447970466731798, 42.564542870982748 ], [ -6.447970466731798, 42.564120955757673 ], [ -6.445749818829274, 42.564120955757673 ], [ -6.445749818829274, 42.563699037679221 ], [ -6.443529170926749, 42.563699037679221 ], [ -6.443529170926749, 42.563277116747408 ], [ -6.441308523024224, 42.563277116747408 ], [ -6.441308523024224, 42.562855192962218 ], [ -6.439828091089207, 42.562855192962218 ], [ -6.439828091089207, 42.562433266323673 ], [ -6.433166147381632, 42.562433266323673 ], [ -6.433166147381632, 42.562855192962218 ], [ -6.428724851576582, 42.562855192962218 ], [ -6.428724851576582, 42.563277116747408 ], [ -6.427244419641565, 42.563277116747408 ], [ -6.427244419641565, 42.564964783354441 ], [ -6.427984635609074, 42.564964783354441 ], [ -6.427984635609074, 42.565386692872764 ], [ -6.428724851576582, 42.565386692872764 ], [ -6.428724851576582, 42.566230503349217 ], [ -6.430945499479106, 42.566230503349217 ], [ -6.430945499479106, 42.565808599537682 ], [ -6.433166147381632, 42.565808599537682 ], [ -6.433166147381632, 42.566230503349217 ], [ -6.43390636334914, 42.566230503349217 ], [ -6.43390636334914, 42.566652404307369 ], [ -6.434646579316649, 42.566652404307369 ], [ -6.434646579316649, 42.567074302412117 ], [ -6.435386795284157, 42.567074302412117 ], [ -6.435386795284157, 42.567918090061404 ], [ -6.436867227219174, 42.567918090061404 ], [ -6.436867227219174, 42.568339979605945 ], [ -6.439828091089207, 42.568339979605945 ], [ -6.439828091089207, 42.568761866297073 ], [ -6.442048738991732, 42.568761866297073 ], [ -6.442048738991732, 42.568339979605945 ], [ -6.44278895495924, 42.568339979605945 ], [ -6.44278895495924, 42.567918090061404 ], [ -6.443529170926749, 42.567918090061404 ], [ -6.443529170926749, 42.567496197663459 ], [ -6.445009602861765, 42.567496197663459 ], [ -6.445009602861765, 42.567074302412117 ], [ -6.445749818829274, 42.567074302412117 ], [ -6.445749818829274, 42.566652404307369 ], [ -6.446490034796782, 42.566652404307369 ], [ -6.446490034796782, 42.566230503349217 ], [ -6.44723025076429, 42.566230503349217 ], [ -6.44723025076429, 42.565808599537682 ], [ -6.447970466731798, 42.565808599537682 ], [ -6.447970466731798, 42.566230503349217 ], [ -6.456112842374391, 42.566230503349217 ], [ -6.456112842374391, 42.565808599537682 ], [ -6.46055413817944, 42.565808599537682 ], [ -6.46055413817944, 42.566230503349217 ], [ -6.462034570114457, 42.566230503349217 ], [ -6.462034570114457, 42.566652404307369 ], [ -6.463515002049473, 42.566652404307369 ], [ -6.463515002049473, 42.567074302412117 ], [ -6.46499543398449, 42.567074302412117 ], [ -6.46499543398449, 42.567496197663459 ], [ -6.466475865919507, 42.567496197663459 ], [ -6.466475865919507, 42.567918090061404 ], [ -6.467956297854524, 42.567918090061404 ], [ -6.467956297854524, 42.568761866297073 ], [ -6.468696513822032, 42.568761866297073 ], [ -6.468696513822032, 42.569605631119082 ], [ -6.46943672978954, 42.569605631119082 ], [ -6.46943672978954, 42.574246133619731 ], [ -6.468696513822032, 42.574246133619731 ], [ -6.468696513822032, 42.575089824252274 ], [ -6.467956297854524, 42.575089824252274 ], [ -6.467956297854524, 42.575511665288339 ], [ -6.463515002049473, 42.575511665288339 ], [ -6.463515002049473, 42.575933503470942 ], [ -6.462774786081965, 42.575933503470942 ], [ -6.462774786081965, 42.576777171275708 ], [ -6.462034570114457, 42.576777171275708 ], [ -6.462034570114457, 42.57762082766655 ], [ -6.461294354146948, 42.57762082766655 ], [ -6.461294354146948, 42.57804265158174 ], [ -6.46055413817944, 42.57804265158174 ], [ -6.46055413817944, 42.578886290851635 ], [ -6.459813922211932, 42.578886290851635 ], [ -6.459813922211932, 42.579308106206341 ], [ -6.455372626406882, 42.579308106206341 ], [ -6.455372626406882, 42.579729918707542 ], [ -6.453892194471866, 42.579729918707542 ], [ -6.453892194471866, 42.580151728355219 ], [ -6.453151978504357, 42.580151728355219 ], [ -6.453151978504357, 42.580573535149405 ], [ -6.452411762536848, 42.580573535149405 ], [ -6.452411762536848, 42.580995339090066 ], [ -6.451671546569341, 42.580995339090066 ], [ -6.451671546569341, 42.581417140177216 ], [ -6.449450898666815, 42.581417140177216 ], [ -6.449450898666815, 42.580995339090066 ], [ -6.448710682699307, 42.580995339090066 ], [ -6.448710682699307, 42.580573535149405 ], [ -6.447970466731798, 42.580573535149405 ], [ -6.447970466731798, 42.580151728355219 ], [ -6.44723025076429, 42.580151728355219 ], [ -6.44723025076429, 42.579729918707542 ], [ -6.446490034796782, 42.579729918707542 ], [ -6.446490034796782, 42.579308106206341 ], [ -6.445749818829274, 42.579308106206341 ], [ -6.445749818829274, 42.578886290851635 ], [ -6.445009602861765, 42.578886290851635 ], [ -6.445009602861765, 42.578464472643439 ], [ -6.443529170926749, 42.578464472643439 ], [ -6.443529170926749, 42.57804265158174 ], [ -6.442048738991732, 42.57804265158174 ], [ -6.442048738991732, 42.578464472643439 ], [ -6.439828091089207, 42.578464472643439 ], [ -6.439828091089207, 42.578886290851635 ], [ -6.437607443186681, 42.578886290851635 ], [ -6.437607443186681, 42.579308106206341 ], [ -6.435386795284157, 42.579308106206341 ], [ -6.435386795284157, 42.579729918707542 ], [ -6.43390636334914, 42.579729918707542 ], [ -6.43390636334914, 42.580573535149405 ], [ -6.433166147381632, 42.580573535149405 ], [ -6.433166147381632, 42.58310431599056 ], [ -6.432425931414123, 42.58310431599056 ], [ -6.432425931414123, 42.584369667888453 ], [ -6.431685715446616, 42.584369667888453 ], [ -6.431685715446616, 42.584791446147328 ], [ -6.428724851576582, 42.584791446147328 ], [ -6.428724851576582, 42.584369667888453 ], [ -6.427984635609074, 42.584369667888453 ], [ -6.427984635609074, 42.583526102810062 ], [ -6.427244419641565, 42.583526102810062 ], [ -6.427244419641565, 42.581838938410847 ], [ -6.426504203674057, 42.581838938410847 ], [ -6.426504203674057, 42.580151728355219 ] ] ], [ [ [ -4.342056039170586, 42.638755503144239 ], [ -4.342056039170586, 42.637491255654588 ], [ -4.342796255138095, 42.637491255654588 ], [ -4.342796255138095, 42.635805552379239 ], [ -4.343536471105604, 42.635805552379239 ], [ -4.343536471105604, 42.634962683617694 ], [ -4.344276687073112, 42.634962683617694 ], [ -4.344276687073112, 42.634541244955976 ], [ -4.345757119008129, 42.634541244955976 ], [ -4.345757119008129, 42.634119803440299 ], [ -4.347237550943145, 42.634119803440299 ], [ -4.347237550943145, 42.63369835907065 ], [ -4.347977766910653, 42.63369835907065 ], [ -4.347977766910653, 42.633276911847048 ], [ -4.34945819884567, 42.633276911847048 ], [ -4.34945819884567, 42.632855461769488 ], [ -4.350938630780687, 42.632855461769488 ], [ -4.350938630780687, 42.632434008837983 ], [ -4.352419062715704, 42.632434008837983 ], [ -4.352419062715704, 42.632012553052519 ], [ -4.353159278683212, 42.632012553052519 ], [ -4.353159278683212, 42.631591094413118 ], [ -4.355379926585737, 42.631591094413118 ], [ -4.355379926585737, 42.632012553052519 ], [ -4.356120142553245, 42.632012553052519 ], [ -4.356120142553245, 42.632434008837983 ], [ -4.356860358520753, 42.632434008837983 ], [ -4.356860358520753, 42.632855461769488 ], [ -4.357600574488262, 42.632855461769488 ], [ -4.357600574488262, 42.63369835907065 ], [ -4.35834079045577, 42.63369835907065 ], [ -4.35834079045577, 42.634541244955976 ], [ -4.357600574488262, 42.634541244955976 ], [ -4.357600574488262, 42.63833409016835 ], [ -4.356860358520753, 42.63833409016835 ], [ -4.356860358520753, 42.638755503144239 ], [ -4.355379926585737, 42.638755503144239 ], [ -4.355379926585737, 42.639176913266134 ], [ -4.354639710618229, 42.639176913266134 ], [ -4.354639710618229, 42.639598320534027 ], [ -4.353159278683212, 42.639598320534027 ], [ -4.353159278683212, 42.640019724947905 ], [ -4.351678846748196, 42.640019724947905 ], [ -4.351678846748196, 42.640441126507781 ], [ -4.350198414813178, 42.640441126507781 ], [ -4.350198414813178, 42.640862525213642 ], [ -4.34945819884567, 42.640862525213642 ], [ -4.34945819884567, 42.641283921065487 ], [ -4.347977766910653, 42.641283921065487 ], [ -4.347977766910653, 42.641705314063309 ], [ -4.346497334975637, 42.641705314063309 ], [ -4.346497334975637, 42.642126704207115 ], [ -4.34501690304062, 42.642126704207115 ], [ -4.34501690304062, 42.641705314063309 ], [ -4.344276687073112, 42.641705314063309 ], [ -4.344276687073112, 42.641283921065487 ], [ -4.343536471105604, 42.641283921065487 ], [ -4.343536471105604, 42.640862525213642 ], [ -4.342796255138095, 42.640862525213642 ], [ -4.342796255138095, 42.638755503144239 ], [ -4.342056039170586, 42.638755503144239 ] ] ], [ [ [ -6.011243045901881, 42.765471076242413 ], [ -6.010502829934372, 42.765471076242413 ], [ -6.010502829934372, 42.762106566153882 ], [ -6.011243045901881, 42.762106566153882 ], [ -6.011243045901881, 42.760424242589814 ], [ -6.010502829934372, 42.760424242589814 ], [ -6.010502829934372, 42.759583063677923 ], [ -6.009762613966864, 42.759583063677923 ], [ -6.009762613966864, 42.758321273897828 ], [ -6.009022397999356, 42.758321273897828 ], [ -6.009022397999356, 42.757480066436308 ], [ -6.008282182031848, 42.757480066436308 ], [ -6.008282182031848, 42.756638847554974 ], [ -6.00754196606434, 42.756638847554974 ], [ -6.00754196606434, 42.756218233831902 ], [ -6.006801750096831, 42.756218233831902 ], [ -6.006801750096831, 42.75537699782091 ], [ -6.006061534129323, 42.75537699782091 ], [ -6.006061534129323, 42.754956375533013 ], [ -6.005321318161815, 42.754956375533013 ], [ -6.005321318161815, 42.75453575039019 ], [ -6.004581102194306, 42.75453575039019 ], [ -6.004581102194306, 42.754115122392427 ], [ -6.003840886226798, 42.754115122392427 ], [ -6.003840886226798, 42.753694491539747 ], [ -6.00310067025929, 42.753694491539747 ], [ -6.00310067025929, 42.753273857832141 ], [ -6.002360454291781, 42.753273857832141 ], [ -6.002360454291781, 42.752853221269611 ], [ -6.001620238324272, 42.752853221269611 ], [ -6.001620238324272, 42.752432581852176 ], [ -6.000880022356765, 42.752432581852176 ], [ -6.000880022356765, 42.747805359836889 ], [ -6.001620238324272, 42.747805359836889 ], [ -6.001620238324272, 42.746964009629693 ], [ -6.002360454291781, 42.746964009629693 ], [ -6.002360454291781, 42.74570196290739 ], [ -6.001620238324272, 42.74570196290739 ], [ -6.001620238324272, 42.744860584151553 ], [ -6.000880022356765, 42.744860584151553 ], [ -6.000880022356765, 42.743598494606402 ], [ -6.000139806389256, 42.743598494606402 ], [ -6.000139806389256, 42.742336379367678 ], [ -5.999399590421747, 42.742336379367678 ], [ -5.999399590421747, 42.741074238435459 ], [ -6.000139806389256, 42.741074238435459 ], [ -6.000139806389256, 42.739391343891661 ], [ -6.000880022356765, 42.739391343891661 ], [ -6.000880022356765, 42.73854987949089 ], [ -6.001620238324272, 42.73854987949089 ], [ -6.001620238324272, 42.738129143008301 ], [ -6.00310067025929, 42.738129143008301 ], [ -6.00310067025929, 42.73854987949089 ], [ -6.003840886226798, 42.73854987949089 ], [ -6.003840886226798, 42.738970613118681 ], [ -6.004581102194306, 42.738970613118681 ], [ -6.004581102194306, 42.739391343891661 ], [ -6.005321318161815, 42.739391343891661 ], [ -6.005321318161815, 42.739812071809837 ], [ -6.006061534129323, 42.739812071809837 ], [ -6.006061534129323, 42.740232796873187 ], [ -6.009762613966864, 42.740232796873187 ], [ -6.009762613966864, 42.740653519081732 ], [ -6.011983261869389, 42.740653519081732 ], [ -6.011983261869389, 42.740232796873187 ], [ -6.013463693804407, 42.740232796873187 ], [ -6.013463693804407, 42.739812071809837 ], [ -6.014203909771915, 42.739812071809837 ], [ -6.014203909771915, 42.739391343891661 ], [ -6.014944125739422, 42.739391343891661 ], [ -6.014944125739422, 42.738970613118681 ], [ -6.015684341706931, 42.738970613118681 ], [ -6.015684341706931, 42.73854987949089 ], [ -6.017164773641948, 42.73854987949089 ], [ -6.017164773641948, 42.738129143008301 ], [ -6.017904989609455, 42.738129143008301 ], [ -6.017904989609455, 42.735604664162082 ], [ -6.017164773641948, 42.735604664162082 ], [ -6.017164773641948, 42.733500853283779 ], [ -6.01642455767444, 42.733500853283779 ], [ -6.01642455767444, 42.733080082543808 ], [ -6.017164773641948, 42.733080082543808 ], [ -6.017164773641948, 42.731396971036389 ], [ -6.017904989609455, 42.731396971036389 ], [ -6.017904989609455, 42.730555398154188 ], [ -6.018645205576965, 42.730555398154188 ], [ -6.018645205576965, 42.730134607430976 ], [ -6.020865853479489, 42.730134607430976 ], [ -6.020865853479489, 42.729713813853024 ], [ -6.023086501382014, 42.729713813853024 ], [ -6.023086501382014, 42.729293017420346 ], [ -6.025307149284539, 42.729293017420346 ], [ -6.025307149284539, 42.728872218132935 ], [ -6.026787581219557, 42.728872218132935 ], [ -6.026787581219557, 42.72845141599079 ], [ -6.029008229122081, 42.72845141599079 ], [ -6.029008229122081, 42.728030610993933 ], [ -6.030488661057098, 42.728030610993933 ], [ -6.030488661057098, 42.72760980314235 ], [ -6.031228877024606, 42.72760980314235 ], [ -6.031228877024606, 42.727188992436055 ], [ -6.031969092992115, 42.727188992436055 ], [ -6.031969092992115, 42.726347362459329 ], [ -6.032709308959623, 42.726347362459329 ], [ -6.032709308959623, 42.725505721063776 ], [ -6.033449524927131, 42.725505721063776 ], [ -6.033449524927131, 42.724664068249425 ], [ -6.037890820732181, 42.724664068249425 ], [ -6.037890820732181, 42.724243237560209 ], [ -6.038631036699689, 42.724243237560209 ], [ -6.038631036699689, 42.723822404016296 ], [ -6.039371252667197, 42.723822404016296 ], [ -6.039371252667197, 42.722559886256469 ], [ -6.040111468634707, 42.722559886256469 ], [ -6.040111468634707, 42.721718193476534 ], [ -6.040851684602215, 42.721718193476534 ], [ -6.040851684602215, 42.720455632896609 ], [ -6.041591900569722, 42.720455632896609 ], [ -6.041591900569722, 42.72003477366065 ], [ -6.048994060244806, 42.72003477366065 ], [ -6.048994060244806, 42.720876489277913 ], [ -6.049734276212314, 42.720876489277913 ], [ -6.049734276212314, 42.721297342804554 ], [ -6.050474492179823, 42.721297342804554 ], [ -6.050474492179823, 42.722139041293836 ], [ -6.051214708147331, 42.722139041293836 ], [ -6.051214708147331, 42.722559886256469 ], [ -6.051954924114839, 42.722559886256469 ], [ -6.051954924114839, 42.723401567617707 ], [ -6.052695140082348, 42.723401567617707 ], [ -6.052695140082348, 42.724243237560209 ], [ -6.053435356049856, 42.724243237560209 ], [ -6.053435356049856, 42.724664068249425 ], [ -6.054175572017364, 42.724664068249425 ], [ -6.054175572017364, 42.725084896083935 ], [ -6.054915787984873, 42.725084896083935 ], [ -6.054915787984873, 42.725505721063776 ], [ -6.055656003952381, 42.725505721063776 ], [ -6.055656003952381, 42.725084896083935 ], [ -6.05639621991989, 42.725084896083935 ], [ -6.05639621991989, 42.724664068249425 ], [ -6.057136435887399, 42.724664068249425 ], [ -6.057136435887399, 42.723822404016296 ], [ -6.057876651854907, 42.723822404016296 ], [ -6.057876651854907, 42.723401567617707 ], [ -6.058616867822415, 42.723401567617707 ], [ -6.058616867822415, 42.722980728364426 ], [ -6.060837515724939, 42.722980728364426 ], [ -6.060837515724939, 42.723401567617707 ], [ -6.061577731692448, 42.723401567617707 ], [ -6.061577731692448, 42.724243237560209 ], [ -6.062317947659955, 42.724243237560209 ], [ -6.062317947659955, 42.725084896083935 ], [ -6.063058163627464, 42.725084896083935 ], [ -6.063058163627464, 42.728872218132935 ], [ -6.062317947659955, 42.728872218132935 ], [ -6.062317947659955, 42.729293017420346 ], [ -6.061577731692448, 42.729293017420346 ], [ -6.061577731692448, 42.730134607430976 ], [ -6.060837515724939, 42.730134607430976 ], [ -6.060837515724939, 42.730555398154188 ], [ -6.06009729975743, 42.730555398154188 ], [ -6.06009729975743, 42.731396971036389 ], [ -6.059357083789923, 42.731396971036389 ], [ -6.059357083789923, 42.732238532499608 ], [ -6.06009729975743, 42.732238532499608 ], [ -6.06009729975743, 42.734342386199415 ], [ -6.060837515724939, 42.734342386199415 ], [ -6.060837515724939, 42.738129143008301 ], [ -6.06009729975743, 42.738129143008301 ], [ -6.06009729975743, 42.74149495493436 ], [ -6.062317947659955, 42.74149495493436 ], [ -6.062317947659955, 42.741074238435459 ], [ -6.063798379594973, 42.741074238435459 ], [ -6.063798379594973, 42.740653519081732 ], [ -6.06527881152999, 42.740653519081732 ], [ -6.06527881152999, 42.741074238435459 ], [ -6.066019027497498, 42.741074238435459 ], [ -6.066019027497498, 42.74149495493436 ], [ -6.066759243465007, 42.74149495493436 ], [ -6.066759243465007, 42.741915668578436 ], [ -6.067499459432516, 42.741915668578436 ], [ -6.067499459432516, 42.742336379367678 ], [ -6.068239675400023, 42.742336379367678 ], [ -6.068239675400023, 42.746122648003023 ], [ -6.067499459432516, 42.746122648003023 ], [ -6.067499459432516, 42.746964009629693 ], [ -6.066759243465007, 42.746964009629693 ], [ -6.066759243465007, 42.747384686160729 ], [ -6.066019027497498, 42.747384686160729 ], [ -6.066019027497498, 42.748226030658181 ], [ -6.06527881152999, 42.748226030658181 ], [ -6.06527881152999, 42.750329341941374 ], [ -6.066019027497498, 42.750329341941374 ], [ -6.066019027497498, 42.751591294452567 ], [ -6.066759243465007, 42.751591294452567 ], [ -6.066759243465007, 42.752432581852176 ], [ -6.067499459432516, 42.752432581852176 ], [ -6.067499459432516, 42.75453575039019 ], [ -6.066759243465007, 42.75453575039019 ], [ -6.066759243465007, 42.75537699782091 ], [ -6.066019027497498, 42.75537699782091 ], [ -6.066019027497498, 42.756218233831902 ], [ -6.06527881152999, 42.756218233831902 ], [ -6.06527881152999, 42.757480066436308 ], [ -6.064538595562481, 42.757480066436308 ], [ -6.064538595562481, 42.758321273897828 ], [ -6.063798379594973, 42.758321273897828 ], [ -6.063798379594973, 42.759583063677923 ], [ -6.063058163627464, 42.759583063677923 ], [ -6.063058163627464, 42.760424242589814 ], [ -6.062317947659955, 42.760424242589814 ], [ -6.062317947659955, 42.761265410081812 ], [ -6.061577731692448, 42.761265410081812 ], [ -6.061577731692448, 42.762527139907441 ], [ -6.060837515724939, 42.762527139907441 ], [ -6.060837515724939, 42.763368278849583 ], [ -6.06009729975743, 42.763368278849583 ], [ -6.06009729975743, 42.764209406371727 ], [ -6.058616867822415, 42.764209406371727 ], [ -6.058616867822415, 42.763788844038153 ], [ -6.055656003952381, 42.763788844038153 ], [ -6.055656003952381, 42.763368278849583 ], [ -6.053435356049856, 42.763368278849583 ], [ -6.053435356049856, 42.76294771080601 ], [ -6.050474492179823, 42.76294771080601 ], [ -6.050474492179823, 42.762527139907441 ], [ -6.04751362830979, 42.762527139907441 ], [ -6.04751362830979, 42.762106566153882 ], [ -6.044552764439756, 42.762106566153882 ], [ -6.044552764439756, 42.761685989545335 ], [ -6.041591900569722, 42.761685989545335 ], [ -6.041591900569722, 42.761265410081812 ], [ -6.038631036699689, 42.761265410081812 ], [ -6.038631036699689, 42.760844827763293 ], [ -6.035670172829656, 42.760844827763293 ], [ -6.035670172829656, 42.760424242589814 ], [ -6.032709308959623, 42.760424242589814 ], [ -6.032709308959623, 42.760003654561352 ], [ -6.028268013154572, 42.760003654561352 ], [ -6.028268013154572, 42.761265410081812 ], [ -6.027527797187064, 42.761265410081812 ], [ -6.027527797187064, 42.76294771080601 ], [ -6.026787581219557, 42.76294771080601 ], [ -6.026787581219557, 42.764629965850297 ], [ -6.025307149284539, 42.764629965850297 ], [ -6.025307149284539, 42.76505052247385 ], [ -6.023826717349523, 42.76505052247385 ], [ -6.023826717349523, 42.765471076242413 ], [ -6.022346285414506, 42.765471076242413 ], [ -6.022346285414506, 42.765891627155952 ], [ -6.021606069446999, 42.765891627155952 ], [ -6.021606069446999, 42.766312175214466 ], [ -6.020865853479489, 42.766312175214466 ], [ -6.020865853479489, 42.767153262766442 ], [ -6.02012563751198, 42.767153262766442 ], [ -6.02012563751198, 42.767573802259896 ], [ -6.014944125739422, 42.767573802259896 ], [ -6.014944125739422, 42.767153262766442 ], [ -6.012723477836897, 42.767153262766442 ], [ -6.012723477836897, 42.766732720417963 ], [ -6.011983261869389, 42.766732720417963 ], [ -6.011983261869389, 42.765891627155952 ], [ -6.011243045901881, 42.765891627155952 ], [ -6.011243045901881, 42.765471076242413 ] ] ], [ [ [ -5.348009539014414, 43.144065453856889 ], [ -5.347269323046905, 43.144065453856889 ], [ -5.347269323046905, 43.143229502129465 ], [ -5.346529107079396, 43.143229502129465 ], [ -5.346529107079396, 43.142811521979205 ], [ -5.345788891111889, 43.142811521979205 ], [ -5.345788891111889, 43.142393538971227 ], [ -5.34504867514438, 43.142393538971227 ], [ -5.34504867514438, 43.141975553105553 ], [ -5.344308459176871, 43.141975553105553 ], [ -5.344308459176871, 43.141139572801102 ], [ -5.343568243209364, 43.141139572801102 ], [ -5.343568243209364, 43.140303581065872 ], [ -5.342828027241855, 43.140303581065872 ], [ -5.342828027241855, 43.139049572030366 ], [ -5.342087811274347, 43.139049572030366 ], [ -5.342087811274347, 43.137795537275743 ], [ -5.341347595306839, 43.137795537275743 ], [ -5.341347595306839, 43.136541476802059 ], [ -5.34060737933933, 43.136541476802059 ], [ -5.34060737933933, 43.1348693561632 ], [ -5.341347595306839, 43.1348693561632 ], [ -5.341347595306839, 43.133615235678668 ], [ -5.342087811274347, 43.133615235678668 ], [ -5.342087811274347, 43.132361089475339 ], [ -5.342828027241855, 43.132361089475339 ], [ -5.342828027241855, 43.131524977718264 ], [ -5.344308459176871, 43.131524977718264 ], [ -5.344308459176871, 43.131106917553268 ], [ -5.345788891111889, 43.131106917553268 ], [ -5.345788891111889, 43.130688854530653 ], [ -5.347269323046905, 43.130688854530653 ], [ -5.347269323046905, 43.130270788650407 ], [ -5.348749754981922, 43.130270788650407 ], [ -5.348749754981922, 43.129852719912542 ], [ -5.34948997094943, 43.129852719912542 ], [ -5.34948997094943, 43.130270788650407 ], [ -5.350230186916939, 43.130270788650407 ], [ -5.350230186916939, 43.130688854530653 ], [ -5.351710618851955, 43.130688854530653 ], [ -5.351710618851955, 43.131106917553268 ], [ -5.352450834819463, 43.131106917553268 ], [ -5.352450834819463, 43.131524977718264 ], [ -5.35393126675448, 43.131524977718264 ], [ -5.35393126675448, 43.131943035025614 ], [ -5.354671482721988, 43.131943035025614 ], [ -5.354671482721988, 43.132361089475339 ], [ -5.356151914657005, 43.132361089475339 ], [ -5.356151914657005, 43.132779141067431 ], [ -5.356892130624514, 43.132779141067431 ], [ -5.356892130624514, 43.133197189801876 ], [ -5.35837256255953, 43.133197189801876 ], [ -5.35837256255953, 43.135705422197951 ], [ -5.359112778527039, 43.135705422197951 ], [ -5.359112778527039, 43.139885580911724 ], [ -5.35837256255953, 43.139885580911724 ], [ -5.35837256255953, 43.141139572801102 ], [ -5.357632346592022, 43.141139572801102 ], [ -5.357632346592022, 43.142393538971227 ], [ -5.356892130624514, 43.142393538971227 ], [ -5.356892130624514, 43.143229502129465 ], [ -5.356151914657005, 43.143229502129465 ], [ -5.356151914657005, 43.144483425434018 ], [ -5.355411698689496, 43.144483425434018 ], [ -5.355411698689496, 43.144901394153443 ], [ -5.35393126675448, 43.144901394153443 ], [ -5.35393126675448, 43.145319360015137 ], [ -5.352450834819463, 43.145319360015137 ], [ -5.352450834819463, 43.145737323019119 ], [ -5.350970402884446, 43.145737323019119 ], [ -5.350970402884446, 43.146155283165378 ], [ -5.350230186916939, 43.146155283165378 ], [ -5.350230186916939, 43.145737323019119 ], [ -5.34948997094943, 43.145737323019119 ], [ -5.34948997094943, 43.144901394153443 ], [ -5.348749754981922, 43.144901394153443 ], [ -5.348749754981922, 43.144483425434018 ], [ -5.348009539014414, 43.144483425434018 ], [ -5.348009539014414, 43.144065453856889 ] ] ], [ [ [ -8.433229691589151, 43.350195373562023 ], [ -8.432489475621644, 43.350195373562023 ], [ -8.432489475621644, 43.348945677762217 ], [ -8.431749259654135, 43.348945677762217 ], [ -8.431749259654135, 43.347279376670301 ], [ -8.431009043686625, 43.347279376670301 ], [ -8.431009043686625, 43.345196435978906 ], [ -8.430268827719118, 43.345196435978906 ], [ -8.430268827719118, 43.343946637256721 ], [ -8.431009043686625, 43.343946637256721 ], [ -8.431009043686625, 43.342280198935349 ], [ -8.431749259654135, 43.342280198935349 ], [ -8.431749259654135, 43.341446962621092 ], [ -8.432489475621644, 43.341446962621092 ], [ -8.432489475621644, 43.341030340175571 ], [ -8.43396990755666, 43.341030340175571 ], [ -8.43396990755666, 43.340613714871139 ], [ -8.435450339491677, 43.340613714871139 ], [ -8.435450339491677, 43.340197086707789 ], [ -8.436930771426693, 43.340197086707789 ], [ -8.436930771426693, 43.340613714871139 ], [ -8.439151419329217, 43.340613714871139 ], [ -8.439151419329217, 43.341030340175571 ], [ -8.439891635296727, 43.341030340175571 ], [ -8.439891635296727, 43.341446962621092 ], [ -8.440631851264234, 43.341446962621092 ], [ -8.440631851264234, 43.343113423813897 ], [ -8.441372067231741, 43.343113423813897 ], [ -8.441372067231741, 43.34436323968972 ], [ -8.442112283199251, 43.34436323968972 ], [ -8.442112283199251, 43.346446208970598 ], [ -8.441372067231741, 43.346446208970598 ], [ -8.441372067231741, 43.34852910677769 ], [ -8.440631851264234, 43.34852910677769 ], [ -8.440631851264234, 43.349778811154394 ], [ -8.439891635296727, 43.349778811154394 ], [ -8.439891635296727, 43.350195373562023 ], [ -8.43841120336171, 43.350195373562023 ], [ -8.43841120336171, 43.35061193311067 ], [ -8.437670987394201, 43.35061193311067 ], [ -8.437670987394201, 43.351028489800356 ], [ -8.436190555459184, 43.351028489800356 ], [ -8.436190555459184, 43.351445043631067 ], [ -8.435450339491677, 43.351445043631067 ], [ -8.435450339491677, 43.351028489800356 ], [ -8.43396990755666, 43.351028489800356 ], [ -8.43396990755666, 43.35061193311067 ], [ -8.433229691589151, 43.35061193311067 ], [ -8.433229691589151, 43.350195373562023 ] ] ], [ [ [ -5.723299034541139, 43.534451317823752 ], [ -5.72255881857363, 43.534451317823752 ], [ -5.72255881857363, 43.53403602216698 ], [ -5.721818602606122, 43.53403602216698 ], [ -5.721818602606122, 43.533620723650237 ], [ -5.721078386638613, 43.533620723650237 ], [ -5.721078386638613, 43.532790118036843 ], [ -5.720338170671106, 43.532790118036843 ], [ -5.720338170671106, 43.53237481094019 ], [ -5.719597954703597, 43.53237481094019 ], [ -5.719597954703597, 43.531959500983589 ], [ -5.718857738736089, 43.531959500983589 ], [ -5.718857738736089, 43.528636918372264 ], [ -5.718117522768581, 43.528636918372264 ], [ -5.718117522768581, 43.526144861296039 ], [ -5.718857738736089, 43.526144861296039 ], [ -5.718857738736089, 43.524898794148825 ], [ -5.719597954703597, 43.524898794148825 ], [ -5.719597954703597, 43.523652701262279 ], [ -5.720338170671106, 43.523652701262279 ], [ -5.720338170671106, 43.522406582636464 ], [ -5.721078386638613, 43.522406582636464 ], [ -5.721078386638613, 43.520745051096618 ], [ -5.721818602606122, 43.520745051096618 ], [ -5.721818602606122, 43.520329661061893 ], [ -5.723299034541139, 43.520329661061893 ], [ -5.723299034541139, 43.519914268167263 ], [ -5.724779466476156, 43.519914268167263 ], [ -5.724779466476156, 43.519498872412733 ], [ -5.726259898411173, 43.519498872412733 ], [ -5.726259898411173, 43.519083473798304 ], [ -5.727000114378681, 43.519083473798304 ], [ -5.727000114378681, 43.518668072323983 ], [ -5.728480546313697, 43.518668072323983 ], [ -5.728480546313697, 43.518252667989771 ], [ -5.729960978248714, 43.518252667989771 ], [ -5.729960978248714, 43.517837260795666 ], [ -5.73144141018373, 43.517837260795666 ], [ -5.73144141018373, 43.51742185074167 ], [ -5.732181626151239, 43.51742185074167 ], [ -5.732181626151239, 43.517006437827789 ], [ -5.733662058086256, 43.517006437827789 ], [ -5.733662058086256, 43.51742185074167 ], [ -5.734402274053765, 43.51742185074167 ], [ -5.734402274053765, 43.517837260795666 ], [ -5.735142490021273, 43.517837260795666 ], [ -5.735142490021273, 43.518252667989771 ], [ -5.73588270598878, 43.518252667989771 ], [ -5.73588270598878, 43.518668072323983 ], [ -5.73662292195629, 43.518668072323983 ], [ -5.73662292195629, 43.519083473798304 ], [ -5.737363137923798, 43.519083473798304 ], [ -5.737363137923798, 43.519498872412733 ], [ -5.738103353891305, 43.519498872412733 ], [ -5.738103353891305, 43.519914268167263 ], [ -5.738843569858814, 43.519914268167263 ], [ -5.738843569858814, 43.520329661061893 ], [ -5.739583785826321, 43.520329661061893 ], [ -5.739583785826321, 43.520745051096618 ], [ -5.74032400179383, 43.520745051096618 ], [ -5.74032400179383, 43.522406582636464 ], [ -5.741064217761339, 43.522406582636464 ], [ -5.741064217761339, 43.524483432713232 ], [ -5.74032400179383, 43.524483432713232 ], [ -5.74032400179383, 43.525729508440229 ], [ -5.739583785826321, 43.525729508440229 ], [ -5.739583785826321, 43.527390902703871 ], [ -5.738843569858814, 43.527390902703871 ], [ -5.738843569858814, 43.528636918372264 ], [ -5.738103353891305, 43.528636918372264 ], [ -5.738103353891305, 43.529882908301154 ], [ -5.737363137923798, 43.529882908301154 ], [ -5.737363137923798, 43.531544188167018 ], [ -5.73662292195629, 43.531544188167018 ], [ -5.73662292195629, 43.532790118036843 ], [ -5.73588270598878, 43.532790118036843 ], [ -5.73588270598878, 43.533620723650237 ], [ -5.735142490021273, 43.533620723650237 ], [ -5.735142490021273, 43.53403602216698 ], [ -5.733662058086256, 43.53403602216698 ], [ -5.733662058086256, 43.534451317823752 ], [ -5.732181626151239, 43.534451317823752 ], [ -5.732181626151239, 43.534866610620547 ], [ -5.730701194216222, 43.534866610620547 ], [ -5.730701194216222, 43.535281900557365 ], [ -5.729220762281205, 43.535281900557365 ], [ -5.729220762281205, 43.535697187634213 ], [ -5.728480546313697, 43.535697187634213 ], [ -5.728480546313697, 43.536112471851069 ], [ -5.726259898411173, 43.536112471851069 ], [ -5.726259898411173, 43.535697187634213 ], [ -5.724779466476156, 43.535697187634213 ], [ -5.724779466476156, 43.535281900557365 ], [ -5.724039250508648, 43.535281900557365 ], [ -5.724039250508648, 43.534866610620547 ], [ -5.723299034541139, 43.534866610620547 ], [ -5.723299034541139, 43.534451317823752 ] ] ], [ [ [ -5.82544883805729, 43.544832779745889 ], [ -5.82544883805729, 43.544417555589114 ], [ -5.824708622089781, 43.544417555589114 ], [ -5.824708622089781, 43.543587098695482 ], [ -5.823968406122273, 43.543587098695482 ], [ -5.823968406122273, 43.542756630361758 ], [ -5.823228190154764, 43.542756630361758 ], [ -5.823228190154764, 43.54192615058799 ], [ -5.822487974187256, 43.54192615058799 ], [ -5.822487974187256, 43.541095659374164 ], [ -5.821747758219748, 43.541095659374164 ], [ -5.821747758219748, 43.536943031704851 ], [ -5.822487974187256, 43.536943031704851 ], [ -5.822487974187256, 43.535281900557365 ], [ -5.823228190154764, 43.535281900557365 ], [ -5.823228190154764, 43.534866610620547 ], [ -5.824708622089781, 43.534866610620547 ], [ -5.824708622089781, 43.534451317823752 ], [ -5.82544883805729, 43.534451317823752 ], [ -5.82544883805729, 43.53403602216698 ], [ -5.826189054024797, 43.53403602216698 ], [ -5.826189054024797, 43.533620723650237 ], [ -5.826929269992306, 43.533620723650237 ], [ -5.826929269992306, 43.533205422273518 ], [ -5.828409701927322, 43.533205422273518 ], [ -5.828409701927322, 43.532790118036843 ], [ -5.829149917894831, 43.532790118036843 ], [ -5.829149917894831, 43.53237481094019 ], [ -5.832850997732372, 43.53237481094019 ], [ -5.832850997732372, 43.533205422273518 ], [ -5.833591213699881, 43.533205422273518 ], [ -5.833591213699881, 43.533620723650237 ], [ -5.834331429667389, 43.533620723650237 ], [ -5.834331429667389, 43.534451317823752 ], [ -5.835071645634897, 43.534451317823752 ], [ -5.835071645634897, 43.534866610620547 ], [ -5.835811861602406, 43.534866610620547 ], [ -5.835811861602406, 43.535697187634213 ], [ -5.836552077569914, 43.535697187634213 ], [ -5.836552077569914, 43.536112471851069 ], [ -5.837292293537423, 43.536112471851069 ], [ -5.837292293537423, 43.536943031704851 ], [ -5.838032509504931, 43.536943031704851 ], [ -5.838032509504931, 43.537358307341755 ], [ -5.83877272547244, 43.537358307341755 ], [ -5.83877272547244, 43.538188850035603 ], [ -5.839512941439948, 43.538188850035603 ], [ -5.839512941439948, 43.53860411709254 ], [ -5.840253157407456, 43.53860411709254 ], [ -5.840253157407456, 43.539434642626411 ], [ -5.840993373374964, 43.539434642626411 ], [ -5.840993373374964, 43.540265156720295 ], [ -5.841733589342473, 43.540265156720295 ], [ -5.841733589342473, 43.545248001042651 ], [ -5.840993373374964, 43.545248001042651 ], [ -5.840993373374964, 43.54607843505606 ], [ -5.840253157407456, 43.54607843505606 ], [ -5.840253157407456, 43.546908857629347 ], [ -5.839512941439948, 43.546908857629347 ], [ -5.839512941439948, 43.547324064625933 ], [ -5.837292293537423, 43.547324064625933 ], [ -5.837292293537423, 43.546908857629347 ], [ -5.831370565797356, 43.546908857629347 ], [ -5.831370565797356, 43.547324064625933 ], [ -5.829890133862339, 43.547324064625933 ], [ -5.829890133862339, 43.54773926876247 ], [ -5.828409701927322, 43.54773926876247 ], [ -5.828409701927322, 43.547324064625933 ], [ -5.827669485959815, 43.547324064625933 ], [ -5.827669485959815, 43.546493647772721 ], [ -5.826929269992306, 43.546493647772721 ], [ -5.826929269992306, 43.545663219479366 ], [ -5.826189054024797, 43.545663219479366 ], [ -5.826189054024797, 43.544832779745889 ], [ -5.82544883805729, 43.544832779745889 ] ] ], [ [ [ -0.934841940729723, 35.570497130440543 ], [ -0.934101724762215, 35.570497130440543 ], [ -0.934101724762215, 35.5700311718847 ], [ -0.933361508794706, 35.5700311718847 ], [ -0.933361508794706, 35.56956521061889 ], [ -0.932621292827198, 35.56956521061889 ], [ -0.932621292827198, 35.56909924664312 ], [ -0.93188107685969, 35.56909924664312 ], [ -0.93188107685969, 35.565371437280291 ], [ -0.932621292827198, 35.565371437280291 ], [ -0.932621292827198, 35.563973464056765 ], [ -0.933361508794706, 35.563973464056765 ], [ -0.933361508794706, 35.56304146835884 ], [ -0.934101724762215, 35.56304146835884 ], [ -0.934101724762215, 35.562109461821933 ], [ -0.934841940729723, 35.562109461821933 ], [ -0.934841940729723, 35.561177444446159 ], [ -0.935582156697232, 35.561177444446159 ], [ -0.935582156697232, 35.560245416231631 ], [ -0.93632237266474, 35.560245416231631 ], [ -0.93632237266474, 35.559313377178498 ], [ -0.939283236534773, 35.559313377178498 ], [ -0.939283236534773, 35.559779398059881 ], [ -0.940023452502281, 35.559779398059881 ], [ -0.940023452502281, 35.560711431693733 ], [ -0.94076366846979, 35.560711431693733 ], [ -0.94076366846979, 35.561177444446159 ], [ -0.941503884437298, 35.561177444446159 ], [ -0.941503884437298, 35.562109461821933 ], [ -0.942244100404807, 35.562109461821933 ], [ -0.942244100404807, 35.56257546644526 ], [ -0.942984316372315, 35.56257546644526 ], [ -0.942984316372315, 35.564439457841075 ], [ -0.943724532339823, 35.564439457841075 ], [ -0.943724532339823, 35.566769386115425 ], [ -0.944464748307332, 35.566769386115425 ], [ -0.944464748307332, 35.5700311718847 ], [ -0.943724532339823, 35.5700311718847 ], [ -0.943724532339823, 35.570963086286405 ], [ -0.942984316372315, 35.570963086286405 ], [ -0.942984316372315, 35.572360937563893 ], [ -0.942244100404807, 35.572360937563893 ], [ -0.942244100404807, 35.57282688256965 ], [ -0.937062588632248, 35.57282688256965 ], [ -0.937062588632248, 35.571894989848083 ], [ -0.93632237266474, 35.571894989848083 ], [ -0.93632237266474, 35.571429039422256 ], [ -0.935582156697232, 35.571429039422256 ], [ -0.935582156697232, 35.570963086286405 ], [ -0.934841940729723, 35.570963086286405 ], [ -0.934841940729723, 35.570497130440543 ] ] ], [ [ [ -4.089642394250245, 39.560502355353812 ], [ -4.088902178282736, 39.560502355353812 ], [ -4.088902178282736, 39.559619067996238 ], [ -4.088161962315228, 39.559619067996238 ], [ -4.088161962315228, 39.558294115868115 ], [ -4.08742174634772, 39.558294115868115 ], [ -4.08742174634772, 39.557410800388297 ], [ -4.086681530380211, 39.557410800388297 ], [ -4.086681530380211, 39.556527473659692 ], [ -4.085941314412703, 39.556527473659692 ], [ -4.085941314412703, 39.555644135682371 ], [ -4.085201098445195, 39.555644135682371 ], [ -4.085201098445195, 39.554760786456406 ], [ -4.084460882477686, 39.554760786456406 ], [ -4.084460882477686, 39.554319107625204 ], [ -4.08298045054267, 39.554319107625204 ], [ -4.08298045054267, 39.55387742598186 ], [ -4.082240234575162, 39.55387742598186 ], [ -4.082240234575162, 39.5534357415264 ], [ -4.081500018607653, 39.5534357415264 ], [ -4.081500018607653, 39.550343871599182 ], [ -4.080759802640145, 39.550343871599182 ], [ -4.080759802640145, 39.548135308717725 ], [ -4.081500018607653, 39.548135308717725 ], [ -4.081500018607653, 39.547693587705339 ], [ -4.082240234575162, 39.547693587705339 ], [ -4.082240234575162, 39.546810137244535 ], [ -4.08298045054267, 39.546810137244535 ], [ -4.08298045054267, 39.54636840779613 ], [ -4.089642394250245, 39.54636840779613 ], [ -4.089642394250245, 39.545926675535753 ], [ -4.091122826185262, 39.545926675535753 ], [ -4.091122826185262, 39.545484940463396 ], [ -4.09186304215277, 39.545484940463396 ], [ -4.09186304215277, 39.545043202579059 ], [ -4.092603258120278, 39.545043202579059 ], [ -4.092603258120278, 39.54460146188277 ], [ -4.093343474087786, 39.54460146188277 ], [ -4.093343474087786, 39.544159718374516 ], [ -4.094083690055295, 39.544159718374516 ], [ -4.094083690055295, 39.543276222922195 ], [ -4.094823906022802, 39.543276222922195 ], [ -4.094823906022802, 39.543717972054324 ], [ -4.096304337957819, 39.543717972054324 ], [ -4.096304337957819, 39.544159718374516 ], [ -4.097044553925327, 39.544159718374516 ], [ -4.097044553925327, 39.54460146188277 ], [ -4.097784769892836, 39.54460146188277 ], [ -4.097784769892836, 39.545043202579059 ], [ -4.099265201827854, 39.545043202579059 ], [ -4.099265201827854, 39.545484940463396 ], [ -4.100005417795361, 39.545484940463396 ], [ -4.100005417795361, 39.545926675535753 ], [ -4.101485849730378, 39.545926675535753 ], [ -4.101485849730378, 39.545484940463396 ], [ -4.102226065697886, 39.545484940463396 ], [ -4.102226065697886, 39.544159718374516 ], [ -4.102966281665395, 39.544159718374516 ], [ -4.102966281665395, 39.541509198274483 ], [ -4.103706497632903, 39.541509198274483 ], [ -4.103706497632903, 39.541067435082795 ], [ -4.104446713600411, 39.541067435082795 ], [ -4.104446713600411, 39.540625669079212 ], [ -4.105186929567919, 39.540625669079212 ], [ -4.105186929567919, 39.540183900263763 ], [ -4.105927145535428, 39.540183900263763 ], [ -4.105927145535428, 39.540625669079212 ], [ -4.107407577470445, 39.540625669079212 ], [ -4.107407577470445, 39.541067435082795 ], [ -4.108147793437953, 39.541067435082795 ], [ -4.108147793437953, 39.544159718374516 ], [ -4.108888009405462, 39.544159718374516 ], [ -4.108888009405462, 39.545926675535753 ], [ -4.108147793437953, 39.545926675535753 ], [ -4.108147793437953, 39.54636840779613 ], [ -4.107407577470445, 39.54636840779613 ], [ -4.107407577470445, 39.546810137244535 ], [ -4.106667361502937, 39.546810137244535 ], [ -4.106667361502937, 39.547251863880938 ], [ -4.105927145535428, 39.547251863880938 ], [ -4.105927145535428, 39.547693587705339 ], [ -4.105186929567919, 39.547693587705339 ], [ -4.105186929567919, 39.548135308717725 ], [ -4.104446713600411, 39.548135308717725 ], [ -4.104446713600411, 39.548577026918089 ], [ -4.103706497632903, 39.548577026918089 ], [ -4.103706497632903, 39.5534357415264 ], [ -4.102966281665395, 39.5534357415264 ], [ -4.102966281665395, 39.554319107625204 ], [ -4.102226065697886, 39.554319107625204 ], [ -4.102226065697886, 39.555202462475464 ], [ -4.101485849730378, 39.555202462475464 ], [ -4.101485849730378, 39.556085806077114 ], [ -4.10074563376287, 39.556085806077114 ], [ -4.10074563376287, 39.557410800388297 ], [ -4.100005417795361, 39.557410800388297 ], [ -4.100005417795361, 39.558294115868115 ], [ -4.099265201827854, 39.558294115868115 ], [ -4.099265201827854, 39.55917742009909 ], [ -4.098524985860345, 39.55917742009909 ], [ -4.098524985860345, 39.560060713081143 ], [ -4.097784769892836, 39.560060713081143 ], [ -4.097784769892836, 39.560943994814224 ], [ -4.097044553925327, 39.560943994814224 ], [ -4.097044553925327, 39.561827265298248 ], [ -4.096304337957819, 39.561827265298248 ], [ -4.096304337957819, 39.562710524533166 ], [ -4.095564121990312, 39.562710524533166 ], [ -4.095564121990312, 39.563152149932186 ], [ -4.094823906022802, 39.563152149932186 ], [ -4.094823906022802, 39.563593772518878 ], [ -4.092603258120278, 39.563593772518878 ], [ -4.092603258120278, 39.564035392293285 ], [ -4.09186304215277, 39.564035392293285 ], [ -4.09186304215277, 39.563152149932186 ], [ -4.091122826185262, 39.563152149932186 ], [ -4.091122826185262, 39.562268896321839 ], [ -4.090382610217754, 39.562268896321839 ], [ -4.090382610217754, 39.561385631462372 ], [ -4.089642394250245, 39.561385631462372 ], [ -4.089642394250245, 39.560502355353812 ] ] ], [ [ [ -4.049670732004794, 39.583022382027146 ], [ -4.046709868134761, 39.583022382027146 ], [ -4.046709868134761, 39.58258088319004 ], [ -4.045969652167253, 39.58258088319004 ], [ -4.045969652167253, 39.582139381540259 ], [ -4.045229436199745, 39.582139381540259 ], [ -4.045229436199745, 39.581697877077815 ], [ -4.044489220232236, 39.581697877077815 ], [ -4.044489220232236, 39.58125636980273 ], [ -4.043749004264727, 39.58125636980273 ], [ -4.043749004264727, 39.580373346814618 ], [ -4.04300878829722, 39.580373346814618 ], [ -4.04300878829722, 39.579931831101611 ], [ -4.042268572329712, 39.579931831101611 ], [ -4.042268572329712, 39.579490312575984 ], [ -4.041528356362202, 39.579490312575984 ], [ -4.041528356362202, 39.579048791237753 ], [ -4.040788140394695, 39.579048791237753 ], [ -4.040788140394695, 39.578607267086909 ], [ -4.036346844589644, 39.578607267086909 ], [ -4.036346844589644, 39.577282677758866 ], [ -4.035606628622136, 39.577282677758866 ], [ -4.035606628622136, 39.575958063117689 ], [ -4.034866412654628, 39.575958063117689 ], [ -4.034866412654628, 39.574633423163611 ], [ -4.03412619668712, 39.574633423163611 ], [ -4.03412619668712, 39.573750315798272 ], [ -4.033385980719611, 39.573750315798272 ], [ -4.033385980719611, 39.573308757896839 ], [ -4.032645764752103, 39.573308757896839 ], [ -4.032645764752103, 39.572867197182916 ], [ -4.031905548784595, 39.572867197182916 ], [ -4.031905548784595, 39.571984067317615 ], [ -4.031165332817086, 39.571984067317615 ], [ -4.031165332817086, 39.571542498166266 ], [ -4.030425116849578, 39.571542498166266 ], [ -4.030425116849578, 39.571100926202448 ], [ -4.02968490088207, 39.571100926202448 ], [ -4.02968490088207, 39.569334610222711 ], [ -4.030425116849578, 39.569334610222711 ], [ -4.030425116849578, 39.566243448980316 ], [ -4.033385980719611, 39.566243448980316 ], [ -4.033385980719611, 39.5658018432676 ], [ -4.035606628622136, 39.5658018432676 ], [ -4.035606628622136, 39.565360234742528 ], [ -4.036346844589644, 39.565360234742528 ], [ -4.036346844589644, 39.564477009255363 ], [ -4.037087060557154, 39.564477009255363 ], [ -4.037087060557154, 39.561385631462372 ], [ -4.037827276524662, 39.561385631462372 ], [ -4.037827276524662, 39.558294115868115 ], [ -4.03856749249217, 39.558294115868115 ], [ -4.03856749249217, 39.55785245953431 ], [ -4.040047924427186, 39.55785245953431 ], [ -4.040047924427186, 39.557410800388297 ], [ -4.041528356362202, 39.557410800388297 ], [ -4.041528356362202, 39.55785245953431 ], [ -4.043749004264727, 39.55785245953431 ], [ -4.043749004264727, 39.557410800388297 ], [ -4.044489220232236, 39.557410800388297 ], [ -4.044489220232236, 39.556527473659692 ], [ -4.045229436199745, 39.556527473659692 ], [ -4.045229436199745, 39.556085806077114 ], [ -4.045969652167253, 39.556085806077114 ], [ -4.045969652167253, 39.555202462475464 ], [ -4.046709868134761, 39.555202462475464 ], [ -4.046709868134761, 39.554319107625204 ], [ -4.04745008410227, 39.554319107625204 ], [ -4.04745008410227, 39.5534357415264 ], [ -4.051151163939811, 39.5534357415264 ], [ -4.051151163939811, 39.554319107625204 ], [ -4.051891379907319, 39.554319107625204 ], [ -4.051891379907319, 39.555202462475464 ], [ -4.052631595874828, 39.555202462475464 ], [ -4.052631595874828, 39.555644135682371 ], [ -4.053371811842336, 39.555644135682371 ], [ -4.053371811842336, 39.556085806077114 ], [ -4.054852243777353, 39.556085806077114 ], [ -4.054852243777353, 39.555644135682371 ], [ -4.057813107647386, 39.555644135682371 ], [ -4.057813107647386, 39.556085806077114 ], [ -4.058553323614895, 39.556085806077114 ], [ -4.058553323614895, 39.556969138430091 ], [ -4.059293539582403, 39.556969138430091 ], [ -4.059293539582403, 39.566243448980316 ], [ -4.060033755549911, 39.566243448980316 ], [ -4.060033755549911, 39.56712665196865 ], [ -4.073357642965061, 39.56712665196865 ], [ -4.073357642965061, 39.566685051880661 ], [ -4.07409785893257, 39.566685051880661 ], [ -4.07409785893257, 39.56491862340512 ], [ -4.074838074900078, 39.56491862340512 ], [ -4.074838074900078, 39.564035392293285 ], [ -4.075578290867587, 39.564035392293285 ], [ -4.075578290867587, 39.563593772518878 ], [ -4.076318506835094, 39.563593772518878 ], [ -4.076318506835094, 39.563152149932186 ], [ -4.077798938770111, 39.563152149932186 ], [ -4.077798938770111, 39.563593772518878 ], [ -4.079279370705128, 39.563593772518878 ], [ -4.079279370705128, 39.564035392293285 ], [ -4.080019586672636, 39.564035392293285 ], [ -4.080019586672636, 39.564477009255363 ], [ -4.080759802640145, 39.564477009255363 ], [ -4.080759802640145, 39.566243448980316 ], [ -4.081500018607653, 39.566243448980316 ], [ -4.081500018607653, 39.568451435358291 ], [ -4.082240234575162, 39.568451435358291 ], [ -4.082240234575162, 39.571100926202448 ], [ -4.081500018607653, 39.571100926202448 ], [ -4.081500018607653, 39.572425633656515 ], [ -4.080759802640145, 39.572425633656515 ], [ -4.080759802640145, 39.573750315798272 ], [ -4.080019586672636, 39.573750315798272 ], [ -4.080019586672636, 39.575074972627498 ], [ -4.079279370705128, 39.575074972627498 ], [ -4.079279370705128, 39.575516519278864 ], [ -4.078539154737619, 39.575516519278864 ], [ -4.078539154737619, 39.575958063117689 ], [ -4.077798938770111, 39.575958063117689 ], [ -4.077798938770111, 39.576399604143965 ], [ -4.077058722802603, 39.576399604143965 ], [ -4.077058722802603, 39.576841142357701 ], [ -4.076318506835094, 39.576841142357701 ], [ -4.076318506835094, 39.577282677758866 ], [ -4.075578290867587, 39.577282677758866 ], [ -4.075578290867587, 39.577724210347462 ], [ -4.074838074900078, 39.577724210347462 ], [ -4.074838074900078, 39.578165740123481 ], [ -4.07409785893257, 39.578165740123481 ], [ -4.07409785893257, 39.577724210347462 ], [ -4.071877211030045, 39.577724210347462 ], [ -4.071877211030045, 39.577282677758866 ], [ -4.069656563127519, 39.577282677758866 ], [ -4.069656563127519, 39.576841142357701 ], [ -4.067435915224994, 39.576841142357701 ], [ -4.067435915224994, 39.576399604143965 ], [ -4.06521526732247, 39.576399604143965 ], [ -4.06521526732247, 39.575958063117689 ], [ -4.062994619419944, 39.575958063117689 ], [ -4.062994619419944, 39.575516519278864 ], [ -4.06077397151742, 39.575516519278864 ], [ -4.06077397151742, 39.575074972627498 ], [ -4.057072891679878, 39.575074972627498 ], [ -4.057072891679878, 39.575516519278864 ], [ -4.05633267571237, 39.575516519278864 ], [ -4.05633267571237, 39.576399604143965 ], [ -4.055592459744862, 39.576399604143965 ], [ -4.055592459744862, 39.577282677758866 ], [ -4.054852243777353, 39.577282677758866 ], [ -4.054852243777353, 39.577724210347462 ], [ -4.054112027809845, 39.577724210347462 ], [ -4.054112027809845, 39.579048791237753 ], [ -4.054852243777353, 39.579048791237753 ], [ -4.054852243777353, 39.579490312575984 ], [ -4.055592459744862, 39.579490312575984 ], [ -4.055592459744862, 39.580373346814618 ], [ -4.05633267571237, 39.580373346814618 ], [ -4.05633267571237, 39.580814859714984 ], [ -4.057072891679878, 39.580814859714984 ], [ -4.057072891679878, 39.585229834022357 ], [ -4.05633267571237, 39.585229834022357 ], [ -4.05633267571237, 39.585671315983276 ], [ -4.055592459744862, 39.585671315983276 ], [ -4.055592459744862, 39.58611279513147 ], [ -4.054852243777353, 39.58611279513147 ], [ -4.054852243777353, 39.586554271466923 ], [ -4.054112027809845, 39.586554271466923 ], [ -4.054112027809845, 39.586995744989629 ], [ -4.053371811842336, 39.586995744989629 ], [ -4.053371811842336, 39.586554271466923 ], [ -4.051891379907319, 39.586554271466923 ], [ -4.051891379907319, 39.585671315983276 ], [ -4.051151163939811, 39.585671315983276 ], [ -4.051151163939811, 39.58390537126332 ], [ -4.050410947972303, 39.58390537126332 ], [ -4.050410947972303, 39.583463878051582 ], [ -4.049670732004794, 39.583463878051582 ], [ -4.049670732004794, 39.583022382027146 ] ], [ [ -4.037087060557154, 39.56712665196865 ], [ -4.037087060557154, 39.567568249244253 ], [ -4.036346844589644, 39.567568249244253 ], [ -4.036346844589644, 39.570217773837449 ], [ -4.037087060557154, 39.570217773837449 ], [ -4.037087060557154, 39.57065935142618 ], [ -4.041528356362202, 39.57065935142618 ], [ -4.041528356362202, 39.571100926202448 ], [ -4.04300878829722, 39.571100926202448 ], [ -4.04300878829722, 39.57065935142618 ], [ -4.043749004264727, 39.57065935142618 ], [ -4.043749004264727, 39.56977619343629 ], [ -4.044489220232236, 39.56977619343629 ], [ -4.044489220232236, 39.566243448980316 ], [ -4.041528356362202, 39.566243448980316 ], [ -4.041528356362202, 39.566685051880661 ], [ -4.03856749249217, 39.566685051880661 ], [ -4.03856749249217, 39.56712665196865 ], [ -4.037087060557154, 39.56712665196865 ] ] ], [ [ [ -4.025243605077019, 39.574191870887191 ], [ -4.025243605077019, 39.573750315798272 ], [ -4.028204468947053, 39.573750315798272 ], [ -4.028204468947053, 39.574191870887191 ], [ -4.028944684914562, 39.574191870887191 ], [ -4.028944684914562, 39.575074972627498 ], [ -4.02968490088207, 39.575074972627498 ], [ -4.02968490088207, 39.579931831101611 ], [ -4.028944684914562, 39.579931831101611 ], [ -4.028944684914562, 39.580373346814618 ], [ -4.028204468947053, 39.580373346814618 ], [ -4.028204468947053, 39.58125636980273 ], [ -4.025243605077019, 39.58125636980273 ], [ -4.025243605077019, 39.580373346814618 ], [ -4.024503389109511, 39.580373346814618 ], [ -4.024503389109511, 39.579490312575984 ], [ -4.023763173142003, 39.579490312575984 ], [ -4.023763173142003, 39.575074972627498 ], [ -4.024503389109511, 39.575074972627498 ], [ -4.024503389109511, 39.574191870887191 ], [ -4.025243605077019, 39.574191870887191 ] ] ], [ [ [ -4.051891379907319, 39.639511008817621 ], [ -4.051891379907319, 39.638628728509552 ], [ -4.051151163939811, 39.638628728509552 ], [ -4.051151163939811, 39.637746436946621 ], [ -4.050410947972303, 39.637746436946621 ], [ -4.050410947972303, 39.63554065879967 ], [ -4.051151163939811, 39.63554065879967 ], [ -4.051151163939811, 39.634217158147521 ], [ -4.051891379907319, 39.634217158147521 ], [ -4.051891379907319, 39.632893632172653 ], [ -4.052631595874828, 39.632893632172653 ], [ -4.052631595874828, 39.631570080875271 ], [ -4.053371811842336, 39.631570080875271 ], [ -4.053371811842336, 39.626716842807156 ], [ -4.054112027809845, 39.626716842807156 ], [ -4.054112027809845, 39.625834399309916 ], [ -4.054852243777353, 39.625834399309916 ], [ -4.054852243777353, 39.625393173341081 ], [ -4.055592459744862, 39.625393173341081 ], [ -4.055592459744862, 39.624951944558767 ], [ -4.05633267571237, 39.624951944558767 ], [ -4.05633267571237, 39.625393173341081 ], [ -4.057813107647386, 39.625393173341081 ], [ -4.057813107647386, 39.625834399309916 ], [ -4.060033755549911, 39.625834399309916 ], [ -4.060033755549911, 39.626275622465279 ], [ -4.06077397151742, 39.626275622465279 ], [ -4.06077397151742, 39.625834399309916 ], [ -4.062254403452436, 39.625834399309916 ], [ -4.062254403452436, 39.625393173341081 ], [ -4.062994619419944, 39.625393173341081 ], [ -4.062994619419944, 39.624951944558767 ], [ -4.063734835387454, 39.624951944558767 ], [ -4.063734835387454, 39.624510712962987 ], [ -4.064475051354962, 39.624510712962987 ], [ -4.064475051354962, 39.624069478553764 ], [ -4.06521526732247, 39.624069478553764 ], [ -4.06521526732247, 39.624510712962987 ], [ -4.065955483289978, 39.624510712962987 ], [ -4.065955483289978, 39.624951944558767 ], [ -4.067435915224994, 39.624951944558767 ], [ -4.067435915224994, 39.625393173341081 ], [ -4.068176131192503, 39.625393173341081 ], [ -4.068176131192503, 39.625834399309916 ], [ -4.068916347160012, 39.625834399309916 ], [ -4.068916347160012, 39.626275622465279 ], [ -4.069656563127519, 39.626275622465279 ], [ -4.069656563127519, 39.626716842807156 ], [ -4.070396779095028, 39.626716842807156 ], [ -4.070396779095028, 39.627158060335532 ], [ -4.071877211030045, 39.627158060335532 ], [ -4.071877211030045, 39.627599275050414 ], [ -4.072617426997553, 39.627599275050414 ], [ -4.072617426997553, 39.628040486951775 ], [ -4.073357642965061, 39.628040486951775 ], [ -4.073357642965061, 39.629364105774712 ], [ -4.07409785893257, 39.629364105774712 ], [ -4.07409785893257, 39.630687699275754 ], [ -4.074838074900078, 39.630687699275754 ], [ -4.074838074900078, 39.631570080875271 ], [ -4.075578290867587, 39.631570080875271 ], [ -4.075578290867587, 39.635981820056422 ], [ -4.074838074900078, 39.635981820056422 ], [ -4.074838074900078, 39.636422978499489 ], [ -4.07409785893257, 39.636422978499489 ], [ -4.07409785893257, 39.63730528694461 ], [ -4.073357642965061, 39.63730528694461 ], [ -4.073357642965061, 39.637746436946621 ], [ -4.068176131192503, 39.637746436946621 ], [ -4.068176131192503, 39.63730528694461 ], [ -4.06521526732247, 39.63730528694461 ], [ -4.06521526732247, 39.637746436946621 ], [ -4.064475051354962, 39.637746436946621 ], [ -4.064475051354962, 39.638187584134947 ], [ -4.063734835387454, 39.638187584134947 ], [ -4.063734835387454, 39.638628728509552 ], [ -4.062994619419944, 39.638628728509552 ], [ -4.062994619419944, 39.639511008817621 ], [ -4.062254403452436, 39.639511008817621 ], [ -4.062254403452436, 39.639952144751049 ], [ -4.061514187484928, 39.639952144751049 ], [ -4.061514187484928, 39.64083440817668 ], [ -4.06077397151742, 39.64083440817668 ], [ -4.06077397151742, 39.641275535668875 ], [ -4.060033755549911, 39.641275535668875 ], [ -4.060033755549911, 39.642157782211932 ], [ -4.059293539582403, 39.642157782211932 ], [ -4.059293539582403, 39.643040017499857 ], [ -4.058553323614895, 39.643040017499857 ], [ -4.058553323614895, 39.643481130923128 ], [ -4.057813107647386, 39.643481130923128 ], [ -4.057813107647386, 39.643922241532586 ], [ -4.054852243777353, 39.643922241532586 ], [ -4.054852243777353, 39.642598901262794 ], [ -4.054112027809845, 39.642598901262794 ], [ -4.054112027809845, 39.641716660347292 ], [ -4.053371811842336, 39.641716660347292 ], [ -4.053371811842336, 39.64083440817668 ], [ -4.052631595874828, 39.64083440817668 ], [ -4.052631595874828, 39.639511008817621 ], [ -4.051891379907319, 39.639511008817621 ] ] ], [ [ [ -3.740260457586311, 39.941907927405616 ], [ -3.740260457586311, 39.940590307494809 ], [ -3.739520241618802, 39.940590307494809 ], [ -3.739520241618802, 39.938833441478643 ], [ -3.738780025651294, 39.938833441478643 ], [ -3.738780025651294, 39.934880328022935 ], [ -3.739520241618802, 39.934880328022935 ], [ -3.739520241618802, 39.932684055212832 ], [ -3.740260457586311, 39.932684055212832 ], [ -3.740260457586311, 39.932244792193679 ], [ -3.741740889521328, 39.932244792193679 ], [ -3.741740889521328, 39.931805526355475 ], [ -3.744701753391361, 39.931805526355475 ], [ -3.744701753391361, 39.931366257698258 ], [ -3.746182185326378, 39.931366257698258 ], [ -3.746182185326378, 39.931805526355475 ], [ -3.746922401293885, 39.931805526355475 ], [ -3.746922401293885, 39.932244792193679 ], [ -3.748402833228903, 39.932244792193679 ], [ -3.748402833228903, 39.932684055212832 ], [ -3.749143049196411, 39.932684055212832 ], [ -3.749143049196411, 39.933123315412963 ], [ -3.749883265163919, 39.933123315412963 ], [ -3.749883265163919, 39.934880328022935 ], [ -3.750623481131427, 39.934880328022935 ], [ -3.750623481131427, 39.937076530356116 ], [ -3.749883265163919, 39.937076530356116 ], [ -3.749883265163919, 39.938394217926707 ], [ -3.749143049196411, 39.938394217926707 ], [ -3.749143049196411, 39.940151095219512 ], [ -3.748402833228903, 39.940151095219512 ], [ -3.748402833228903, 39.941468723587867 ], [ -3.747662617261394, 39.941468723587867 ], [ -3.747662617261394, 39.941907927405616 ], [ -3.746922401293885, 39.941907927405616 ], [ -3.746922401293885, 39.942347128404151 ], [ -3.746182185326378, 39.942347128404151 ], [ -3.746182185326378, 39.942786326583487 ], [ -3.745441969358869, 39.942786326583487 ], [ -3.745441969358869, 39.943225521943617 ], [ -3.744701753391361, 39.943225521943617 ], [ -3.744701753391361, 39.943664714484513 ], [ -3.743961537423853, 39.943664714484513 ], [ -3.743961537423853, 39.943225521943617 ], [ -3.743221321456344, 39.943225521943617 ], [ -3.743221321456344, 39.942786326583487 ], [ -3.741740889521328, 39.942786326583487 ], [ -3.741740889521328, 39.942347128404151 ], [ -3.741000673553819, 39.942347128404151 ], [ -3.741000673553819, 39.941907927405616 ], [ -3.740260457586311, 39.941907927405616 ] ] ], [ [ [ -4.123692328755628, 40.185668490121685 ], [ -4.123692328755628, 40.184793216952443 ], [ -4.124432544723136, 40.184793216952443 ], [ -4.124432544723136, 40.184355576132774 ], [ -4.125172760690646, 40.184355576132774 ], [ -4.125172760690646, 40.183917932489749 ], [ -4.12739340859317, 40.183917932489749 ], [ -4.12739340859317, 40.183480286023382 ], [ -4.128133624560678, 40.183480286023382 ], [ -4.128133624560678, 40.181292011341547 ], [ -4.128873840528187, 40.181292011341547 ], [ -4.128873840528187, 40.178665988554364 ], [ -4.131094488430711, 40.178665988554364 ], [ -4.131094488430711, 40.178228308208382 ], [ -4.133315136333237, 40.178228308208382 ], [ -4.133315136333237, 40.177790625039144 ], [ -4.135535784235762, 40.177790625039144 ], [ -4.135535784235762, 40.177352939046649 ], [ -4.137756432138286, 40.177352939046649 ], [ -4.137756432138286, 40.177790625039144 ], [ -4.138496648105795, 40.177790625039144 ], [ -4.138496648105795, 40.178228308208382 ], [ -4.139236864073303, 40.178228308208382 ], [ -4.139236864073303, 40.178665988554364 ], [ -4.139977080040811, 40.178665988554364 ], [ -4.139977080040811, 40.180854347935224 ], [ -4.14071729600832, 40.180854347935224 ], [ -4.14071729600832, 40.18172967192455 ], [ -4.139977080040811, 40.18172967192455 ], [ -4.139977080040811, 40.18304263673366 ], [ -4.139236864073303, 40.18304263673366 ], [ -4.139236864073303, 40.183917932489749 ], [ -4.138496648105795, 40.183917932489749 ], [ -4.138496648105795, 40.185230854948749 ], [ -4.137756432138286, 40.185230854948749 ], [ -4.137756432138286, 40.186106122471237 ], [ -4.137016216170778, 40.186106122471237 ], [ -4.137016216170778, 40.186981378700189 ], [ -4.13627600020327, 40.186981378700189 ], [ -4.13627600020327, 40.188294241868093 ], [ -4.135535784235762, 40.188294241868093 ], [ -4.135535784235762, 40.189169469862925 ], [ -4.134795568268253, 40.189169469862925 ], [ -4.134795568268253, 40.190482290679398 ], [ -4.133315136333237, 40.190482290679398 ], [ -4.133315136333237, 40.190919891971305 ], [ -4.131094488430711, 40.190919891971305 ], [ -4.131094488430711, 40.191357490439749 ], [ -4.128133624560678, 40.191357490439749 ], [ -4.128133624560678, 40.191795086084724 ], [ -4.125172760690646, 40.191795086084724 ], [ -4.125172760690646, 40.191357490439749 ], [ -4.124432544723136, 40.191357490439749 ], [ -4.124432544723136, 40.190919891971305 ], [ -4.123692328755628, 40.190919891971305 ], [ -4.123692328755628, 40.187856623635533 ], [ -4.12295211278812, 40.187856623635533 ], [ -4.12295211278812, 40.185668490121685 ], [ -4.123692328755628, 40.185668490121685 ] ] ], [ [ [ -3.470821845413277, 40.249532923918622 ], [ -3.470821845413277, 40.249095701035969 ], [ -3.470081629445768, 40.249095701035969 ], [ -3.470081629445768, 40.248658475328888 ], [ -3.469341413478261, 40.248658475328888 ], [ -3.469341413478261, 40.247784015441454 ], [ -3.468601197510752, 40.247784015441454 ], [ -3.468601197510752, 40.247346781261115 ], [ -3.467860981543244, 40.247346781261115 ], [ -3.467860981543244, 40.246035061773718 ], [ -3.468601197510752, 40.246035061773718 ], [ -3.468601197510752, 40.241225206177418 ], [ -3.469341413478261, 40.241225206177418 ], [ -3.469341413478261, 40.240350650261888 ], [ -3.470081629445768, 40.240350650261888 ], [ -3.470081629445768, 40.239476083049205 ], [ -3.470821845413277, 40.239476083049205 ], [ -3.470821845413277, 40.238601504539439 ], [ -3.471562061380785, 40.238601504539439 ], [ -3.471562061380785, 40.238164211048165 ], [ -3.472302277348294, 40.238164211048165 ], [ -3.472302277348294, 40.237726914732633 ], [ -3.476743573153344, 40.237726914732633 ], [ -3.476743573153344, 40.238164211048165 ], [ -3.480444652990886, 40.238164211048165 ], [ -3.480444652990886, 40.239038795206454 ], [ -3.481184868958394, 40.239038795206454 ], [ -3.481184868958394, 40.239476083049205 ], [ -3.481925084925902, 40.239476083049205 ], [ -3.481925084925902, 40.240350650261888 ], [ -3.482665300893411, 40.240350650261888 ], [ -3.482665300893411, 40.243411546540848 ], [ -3.483405516860918, 40.243411546540848 ], [ -3.483405516860918, 40.246035061773718 ], [ -3.484145732828428, 40.246035061773718 ], [ -3.484145732828428, 40.246472304427243 ], [ -3.483405516860918, 40.246472304427243 ], [ -3.483405516860918, 40.247346781261115 ], [ -3.482665300893411, 40.247346781261115 ], [ -3.482665300893411, 40.248658475328888 ], [ -3.481925084925902, 40.248658475328888 ], [ -3.481925084925902, 40.249532923918622 ], [ -3.481184868958394, 40.249532923918622 ], [ -3.481184868958394, 40.250407361210598 ], [ -3.478964221055869, 40.250407361210598 ], [ -3.478964221055869, 40.250844575619915 ], [ -3.476743573153344, 40.250844575619915 ], [ -3.476743573153344, 40.251281787204768 ], [ -3.47378270928331, 40.251281787204768 ], [ -3.47378270928331, 40.250844575619915 ], [ -3.473042493315802, 40.250844575619915 ], [ -3.473042493315802, 40.250407361210598 ], [ -3.472302277348294, 40.250407361210598 ], [ -3.472302277348294, 40.249970143976832 ], [ -3.471562061380785, 40.249970143976832 ], [ -3.471562061380785, 40.249532923918622 ], [ -3.470821845413277, 40.249532923918622 ] ] ], [ [ [ -4.289500705477495, 40.26920503023441 ], [ -4.288760489509986, 40.26920503023441 ], [ -4.288760489509986, 40.266582413208582 ], [ -4.289500705477495, 40.266582413208582 ], [ -4.289500705477495, 40.266145300484375 ], [ -4.290240921445004, 40.266145300484375 ], [ -4.290240921445004, 40.26570818493547 ], [ -4.290981137412512, 40.26570818493547 ], [ -4.290981137412512, 40.265271066561851 ], [ -4.29172135338002, 40.265271066561851 ], [ -4.29172135338002, 40.264833945363534 ], [ -4.292461569347529, 40.264833945363534 ], [ -4.292461569347529, 40.264396821340533 ], [ -4.293201785315037, 40.264396821340533 ], [ -4.293201785315037, 40.26395969449284 ], [ -4.293942001282545, 40.26395969449284 ], [ -4.293942001282545, 40.261774017884385 ], [ -4.294682217250053, 40.261774017884385 ], [ -4.294682217250053, 40.259588270659911 ], [ -4.295422433217562, 40.259588270659911 ], [ -4.295422433217562, 40.259151112741186 ], [ -4.296902865152578, 40.259151112741186 ], [ -4.296902865152578, 40.258713951997848 ], [ -4.298383297087595, 40.258713951997848 ], [ -4.298383297087595, 40.258276788429924 ], [ -4.299863729022612, 40.258276788429924 ], [ -4.299863729022612, 40.257839622037423 ], [ -4.302084376925136, 40.257839622037423 ], [ -4.302084376925136, 40.257402452820337 ], [ -4.303564808860154, 40.257402452820337 ], [ -4.303564808860154, 40.256965280778687 ], [ -4.30504524079517, 40.256965280778687 ], [ -4.30504524079517, 40.256528105912473 ], [ -4.306525672730187, 40.256528105912473 ], [ -4.306525672730187, 40.256965280778687 ], [ -4.307265888697695, 40.256965280778687 ], [ -4.307265888697695, 40.257402452820337 ], [ -4.308006104665203, 40.257402452820337 ], [ -4.308006104665203, 40.257839622037423 ], [ -4.308746320632713, 40.257839622037423 ], [ -4.308746320632713, 40.258276788429924 ], [ -4.30948653660022, 40.258276788429924 ], [ -4.30948653660022, 40.258713951997848 ], [ -4.310226752567729, 40.258713951997848 ], [ -4.310226752567729, 40.259151112741186 ], [ -4.310966968535237, 40.259151112741186 ], [ -4.310966968535237, 40.260025425754051 ], [ -4.311707184502746, 40.260025425754051 ], [ -4.311707184502746, 40.260462578023571 ], [ -4.312447400470253, 40.260462578023571 ], [ -4.312447400470253, 40.267456630182807 ], [ -4.313187616437761, 40.267456630182807 ], [ -4.313187616437761, 40.267893734432832 ], [ -4.312447400470253, 40.267893734432832 ], [ -4.312447400470253, 40.269642123185427 ], [ -4.311707184502746, 40.269642123185427 ], [ -4.311707184502746, 40.270953385089811 ], [ -4.310966968535237, 40.270953385089811 ], [ -4.310966968535237, 40.271390466741693 ], [ -4.310226752567729, 40.271390466741693 ], [ -4.310226752567729, 40.27182754556879 ], [ -4.30948653660022, 40.27182754556879 ], [ -4.30948653660022, 40.272264621571075 ], [ -4.308746320632713, 40.272264621571075 ], [ -4.308746320632713, 40.272701694748548 ], [ -4.308006104665203, 40.272701694748548 ], [ -4.308006104665203, 40.273138765101201 ], [ -4.306525672730187, 40.273138765101201 ], [ -4.306525672730187, 40.273575832629014 ], [ -4.305785456762678, 40.273575832629014 ], [ -4.305785456762678, 40.274012897332007 ], [ -4.304305024827662, 40.274012897332007 ], [ -4.304305024827662, 40.274449959210152 ], [ -4.299123513055104, 40.274449959210152 ], [ -4.299123513055104, 40.274887018263449 ], [ -4.293201785315037, 40.274887018263449 ], [ -4.293201785315037, 40.275324074491898 ], [ -4.292461569347529, 40.275324074491898 ], [ -4.292461569347529, 40.274887018263449 ], [ -4.29172135338002, 40.274887018263449 ], [ -4.29172135338002, 40.274449959210152 ], [ -4.290240921445004, 40.274449959210152 ], [ -4.290240921445004, 40.273138765101201 ], [ -4.289500705477495, 40.273138765101201 ], [ -4.289500705477495, 40.26920503023441 ] ] ], [ [ [ -4.270995306289787, 40.296299451285975 ], [ -4.26951487435477, 40.296299451285975 ], [ -4.26951487435477, 40.295425607206923 ], [ -4.268774658387262, 40.295425607206923 ], [ -4.268774658387262, 40.290619262772367 ], [ -4.26951487435477, 40.290619262772367 ], [ -4.26951487435477, 40.289745345239332 ], [ -4.270255090322278, 40.289745345239332 ], [ -4.270255090322278, 40.289308382235163 ], [ -4.270995306289787, 40.289308382235163 ], [ -4.270995306289787, 40.288434447751548 ], [ -4.271735522257295, 40.288434447751548 ], [ -4.271735522257295, 40.287560501967619 ], [ -4.273956170159821, 40.287560501967619 ], [ -4.273956170159821, 40.287997476272118 ], [ -4.277657249997362, 40.287997476272118 ], [ -4.277657249997362, 40.288434447751548 ], [ -4.280618113867395, 40.288434447751548 ], [ -4.280618113867395, 40.28887141640589 ], [ -4.282098545802412, 40.28887141640589 ], [ -4.282098545802412, 40.289308382235163 ], [ -4.282838761769921, 40.289308382235163 ], [ -4.282838761769921, 40.290619262772367 ], [ -4.283578977737428, 40.290619262772367 ], [ -4.283578977737428, 40.292367063937036 ], [ -4.284319193704937, 40.292367063937036 ], [ -4.284319193704937, 40.29367788514655 ], [ -4.285059409672445, 40.29367788514655 ], [ -4.285059409672445, 40.295425607206923 ], [ -4.284319193704937, 40.295425607206923 ], [ -4.284319193704937, 40.297173284064201 ], [ -4.283578977737428, 40.297173284064201 ], [ -4.283578977737428, 40.297610196215494 ], [ -4.282838761769921, 40.297610196215494 ], [ -4.282838761769921, 40.298047105541556 ], [ -4.282098545802412, 40.298047105541556 ], [ -4.282098545802412, 40.29848401204238 ], [ -4.279877897899886, 40.29848401204238 ], [ -4.279877897899886, 40.298047105541556 ], [ -4.277657249997362, 40.298047105541556 ], [ -4.277657249997362, 40.297610196215494 ], [ -4.275436602094837, 40.297610196215494 ], [ -4.275436602094837, 40.297173284064201 ], [ -4.273215954192312, 40.297173284064201 ], [ -4.273215954192312, 40.296736369087704 ], [ -4.270995306289787, 40.296736369087704 ], [ -4.270995306289787, 40.296299451285975 ] ] ], [ [ [ -4.278397465964869, 40.306784698753852 ], [ -4.279137681932379, 40.306784698753852 ], [ -4.279137681932379, 40.305910990288488 ], [ -4.279877897899886, 40.305910990288488 ], [ -4.279877897899886, 40.304600406400226 ], [ -4.280618113867395, 40.304600406400226 ], [ -4.280618113867395, 40.303289797083877 ], [ -4.282098545802412, 40.303289797083877 ], [ -4.282098545802412, 40.302852921661113 ], [ -4.284319193704937, 40.302852921661113 ], [ -4.284319193704937, 40.302416043413039 ], [ -4.286539841607461, 40.302416043413039 ], [ -4.286539841607461, 40.302852921661113 ], [ -4.288760489509986, 40.302852921661113 ], [ -4.288760489509986, 40.303289797083877 ], [ -4.290981137412512, 40.303289797083877 ], [ -4.290981137412512, 40.303726669681325 ], [ -4.29172135338002, 40.303726669681325 ], [ -4.29172135338002, 40.305910990288488 ], [ -4.292461569347529, 40.305910990288488 ], [ -4.292461569347529, 40.309405756340674 ], [ -4.29172135338002, 40.309405756340674 ], [ -4.29172135338002, 40.310716246990992 ], [ -4.290981137412512, 40.310716246990992 ], [ -4.290981137412512, 40.312026712212344 ], [ -4.290240921445004, 40.312026712212344 ], [ -4.290240921445004, 40.312900341565935 ], [ -4.289500705477495, 40.312900341565935 ], [ -4.289500705477495, 40.313337152004522 ], [ -4.288760489509986, 40.313337152004522 ], [ -4.288760489509986, 40.31377395961762 ], [ -4.288020273542479, 40.31377395961762 ], [ -4.288020273542479, 40.314647566367341 ], [ -4.28728005757497, 40.314647566367341 ], [ -4.28728005757497, 40.315084365503942 ], [ -4.286539841607461, 40.315084365503942 ], [ -4.286539841607461, 40.315521161815035 ], [ -4.285799625639953, 40.315521161815035 ], [ -4.285799625639953, 40.316394745960643 ], [ -4.285059409672445, 40.316394745960643 ], [ -4.285059409672445, 40.316831533795167 ], [ -4.284319193704937, 40.316831533795167 ], [ -4.284319193704937, 40.317268318804118 ], [ -4.283578977737428, 40.317268318804118 ], [ -4.283578977737428, 40.317705100987546 ], [ -4.282838761769921, 40.317705100987546 ], [ -4.282838761769921, 40.318578656877698 ], [ -4.282098545802412, 40.318578656877698 ], [ -4.282098545802412, 40.319015430584436 ], [ -4.281358329834903, 40.319015430584436 ], [ -4.281358329834903, 40.31945220146558 ], [ -4.280618113867395, 40.31945220146558 ], [ -4.280618113867395, 40.319888969521159 ], [ -4.279877897899886, 40.319888969521159 ], [ -4.279877897899886, 40.320762497155513 ], [ -4.279137681932379, 40.320762497155513 ], [ -4.279137681932379, 40.321199256734289 ], [ -4.278397465964869, 40.321199256734289 ], [ -4.278397465964869, 40.321636013487449 ], [ -4.277657249997362, 40.321636013487449 ], [ -4.277657249997362, 40.322072767414994 ], [ -4.272475738224803, 40.322072767414994 ], [ -4.272475738224803, 40.321636013487449 ], [ -4.267294226452245, 40.321636013487449 ], [ -4.267294226452245, 40.321199256734289 ], [ -4.26507357854972, 40.321199256734289 ], [ -4.264333362582212, 40.321199256734289 ], [ -4.264333362582212, 40.320762497155513 ], [ -4.263593146614703, 40.320762497155513 ], [ -4.263593146614703, 40.319888969521159 ], [ -4.262852930647195, 40.319888969521159 ], [ -4.262852930647195, 40.319015430584436 ], [ -4.262112714679686, 40.319015430584436 ], [ -4.262112714679686, 40.318578656877698 ], [ -4.261372498712178, 40.318578656877698 ], [ -4.261372498712178, 40.317705100987546 ], [ -4.260632282744671, 40.317705100987546 ], [ -4.260632282744671, 40.316831533795167 ], [ -4.259892066777161, 40.316831533795167 ], [ -4.259892066777161, 40.315957955300604 ], [ -4.259151850809653, 40.315957955300604 ], [ -4.259151850809653, 40.315521161815035 ], [ -4.258411634842145, 40.315521161815035 ], [ -4.258411634842145, 40.310279419599652 ], [ -4.259151850809653, 40.310279419599652 ], [ -4.259151850809653, 40.309405756340674 ], [ -4.259892066777161, 40.309405756340674 ], [ -4.259892066777161, 40.308532081780008 ], [ -4.260632282744671, 40.308532081780008 ], [ -4.260632282744671, 40.308095240261558 ], [ -4.26507357854972, 40.308095240261558 ], [ -4.270995306289787, 40.308095240261558 ], [ -4.270995306289787, 40.307658395917713 ], [ -4.278397465964869, 40.307658395917713 ], [ -4.278397465964869, 40.306784698753852 ] ] ], [ [ [ -3.436031694940386, 40.429864426507699 ], [ -3.435291478972877, 40.429864426507699 ], [ -3.435291478972877, 40.428992312112605 ], [ -3.434551263005369, 40.428992312112605 ], [ -3.434551263005369, 40.428556250674028 ], [ -3.43381104703786, 40.428556250674028 ], [ -3.43381104703786, 40.427684119314875 ], [ -3.433070831070352, 40.427684119314875 ], [ -3.433070831070352, 40.426375901071239 ], [ -3.43381104703786, 40.426375901071239 ], [ -3.43381104703786, 40.422451093666709 ], [ -3.434551263005369, 40.422451093666709 ], [ -3.434551263005369, 40.422014989818798 ], [ -3.435291478972877, 40.422014989818798 ], [ -3.435291478972877, 40.421578883143653 ], [ -3.436771910907893, 40.421578883143653 ], [ -3.436771910907893, 40.421142773641293 ], [ -3.437512126875402, 40.421142773641293 ], [ -3.437512126875402, 40.420706661311698 ], [ -3.43825234284291, 40.420706661311698 ], [ -3.43825234284291, 40.420270546154889 ], [ -3.440472990745436, 40.420270546154889 ], [ -3.440472990745436, 40.420706661311698 ], [ -3.443433854615469, 40.420706661311698 ], [ -3.443433854615469, 40.421142773641293 ], [ -3.44713493445301, 40.421142773641293 ], [ -3.44713493445301, 40.421578883143653 ], [ -3.447875150420519, 40.421578883143653 ], [ -3.447875150420519, 40.422451093666709 ], [ -3.448615366388027, 40.422451093666709 ], [ -3.448615366388027, 40.423323292880802 ], [ -3.449355582355536, 40.423323292880802 ], [ -3.449355582355536, 40.427684119314875 ], [ -3.448615366388027, 40.427684119314875 ], [ -3.448615366388027, 40.428120186408115 ], [ -3.447875150420519, 40.428120186408115 ], [ -3.447875150420519, 40.428992312112605 ], [ -3.44713493445301, 40.428992312112605 ], [ -3.44713493445301, 40.429428370723834 ], [ -3.446394718485502, 40.429428370723834 ], [ -3.446394718485502, 40.430300479464222 ], [ -3.445654502517994, 40.430300479464222 ], [ -3.445654502517994, 40.430736529593382 ], [ -3.444914286550486, 40.430736529593382 ], [ -3.444914286550486, 40.431608621369563 ], [ -3.444174070582977, 40.431608621369563 ], [ -3.444174070582977, 40.432480701836198 ], [ -3.441213206712944, 40.432480701836198 ], [ -3.441213206712944, 40.432916737828428 ], [ -3.438992558810419, 40.432916737828428 ], [ -3.438992558810419, 40.432044663016576 ], [ -3.43825234284291, 40.432044663016576 ], [ -3.43825234284291, 40.431608621369563 ], [ -3.437512126875402, 40.431608621369563 ], [ -3.437512126875402, 40.430736529593382 ], [ -3.436771910907893, 40.430736529593382 ], [ -3.436771910907893, 40.430300479464222 ], [ -3.436031694940386, 40.430300479464222 ], [ -3.436031694940386, 40.429864426507699 ] ] ], [ [ [ -0.552890501495423, 40.726161485136515 ], [ -0.552890501495423, 40.724859090281981 ], [ -0.552150285527914, 40.724859090281981 ], [ -0.552150285527914, 40.72399081288615 ], [ -0.551410069560406, 40.72399081288615 ], [ -0.551410069560406, 40.723122524162804 ], [ -0.552150285527914, 40.723122524162804 ], [ -0.552150285527914, 40.720951752796886 ], [ -0.552890501495423, 40.720951752796886 ], [ -0.552890501495423, 40.718780910635104 ], [ -0.553630717462931, 40.718780910635104 ], [ -0.553630717462931, 40.71704418593319 ], [ -0.554370933430439, 40.71704418593319 ], [ -0.554370933430439, 40.716609997678255 ], [ -0.555851365365456, 40.716609997678255 ], [ -0.555851365365456, 40.716175806591558 ], [ -0.558072013267981, 40.716175806591558 ], [ -0.558072013267981, 40.716609997678255 ], [ -0.560292661170506, 40.716609997678255 ], [ -0.560292661170506, 40.71704418593319 ], [ -0.562513309073031, 40.71704418593319 ], [ -0.562513309073031, 40.71747837135635 ], [ -0.564733956975556, 40.71747837135635 ], [ -0.564733956975556, 40.717912553947727 ], [ -0.565474172943064, 40.717912553947727 ], [ -0.565474172943064, 40.718780910635104 ], [ -0.566214388910573, 40.718780910635104 ], [ -0.566214388910573, 40.719649255995272 ], [ -0.566954604878081, 40.719649255995272 ], [ -0.566954604878081, 40.723556669940415 ], [ -0.566214388910573, 40.723556669940415 ], [ -0.566214388910573, 40.72442495300001 ], [ -0.565474172943064, 40.72442495300001 ], [ -0.565474172943064, 40.724859090281981 ], [ -0.564733956975556, 40.724859090281981 ], [ -0.564733956975556, 40.725727356350234 ], [ -0.563993741008048, 40.725727356350234 ], [ -0.563993741008048, 40.726595611090872 ], [ -0.563253525040539, 40.726595611090872 ], [ -0.563253525040539, 40.727463854503839 ], [ -0.562513309073031, 40.727463854503839 ], [ -0.562513309073031, 40.72789797196242 ], [ -0.561032877138014, 40.72789797196242 ], [ -0.561032877138014, 40.728332086589077 ], [ -0.557331797300473, 40.728332086589077 ], [ -0.557331797300473, 40.72789797196242 ], [ -0.554370933430439, 40.72789797196242 ], [ -0.554370933430439, 40.727029734213318 ], [ -0.553630717462931, 40.727029734213318 ], [ -0.553630717462931, 40.726161485136515 ], [ -0.552890501495423, 40.726161485136515 ] ] ], [ [ [ -0.479609120712098, 40.761316511474838 ], [ -0.478868904744589, 40.761316511474838 ], [ -0.478868904744589, 40.760882612094264 ], [ -0.478128688777081, 40.760882612094264 ], [ -0.478128688777081, 40.760448709881288 ], [ -0.477388472809573, 40.760448709881288 ], [ -0.477388472809573, 40.759580896958056 ], [ -0.476648256842064, 40.759580896958056 ], [ -0.476648256842064, 40.759146986247828 ], [ -0.475908040874556, 40.759146986247828 ], [ -0.475908040874556, 40.758713072705206 ], [ -0.475167824907048, 40.758713072705206 ], [ -0.475167824907048, 40.75827915633019 ], [ -0.474427608939539, 40.75827915633019 ], [ -0.474427608939539, 40.757845237122773 ], [ -0.473687392972031, 40.757845237122773 ], [ -0.473687392972031, 40.75741131508299 ], [ -0.469246097166981, 40.75741131508299 ], [ -0.469246097166981, 40.756543462506293 ], [ -0.468505881199473, 40.756543462506293 ], [ -0.468505881199473, 40.7561095319694 ], [ -0.467765665231964, 40.7561095319694 ], [ -0.467765665231964, 40.753505889268794 ], [ -0.468505881199473, 40.753505889268794 ], [ -0.468505881199473, 40.750902144604794 ], [ -0.469246097166981, 40.750902144604794 ], [ -0.469246097166981, 40.750468177247775 ], [ -0.471466745069506, 40.750468177247775 ], [ -0.471466745069506, 40.750034207058491 ], [ -0.472947177004523, 40.750034207058491 ], [ -0.472947177004523, 40.749600234036933 ], [ -0.473687392972031, 40.749600234036933 ], [ -0.473687392972031, 40.748732279497062 ], [ -0.474427608939539, 40.748732279497062 ], [ -0.474427608939539, 40.746562343583172 ], [ -0.475167824907048, 40.746562343583172 ], [ -0.475167824907048, 40.74439233686391 ], [ -0.475908040874556, 40.74439233686391 ], [ -0.475908040874556, 40.743958327023492 ], [ -0.476648256842064, 40.743958327023492 ], [ -0.476648256842064, 40.74309029884612 ], [ -0.477388472809573, 40.74309029884612 ], [ -0.477388472809573, 40.742656280509188 ], [ -0.478128688777081, 40.742656280509188 ], [ -0.478128688777081, 40.742222259340103 ], [ -0.478868904744589, 40.742222259340103 ], [ -0.478868904744589, 40.741788235338866 ], [ -0.479609120712098, 40.741788235338866 ], [ -0.479609120712098, 40.741354208505491 ], [ -0.481089552647114, 40.741354208505491 ], [ -0.481089552647114, 40.740920178839971 ], [ -0.482569984582131, 40.740920178839971 ], [ -0.482569984582131, 40.740486146342327 ], [ -0.483310200549639, 40.740486146342327 ], [ -0.483310200549639, 40.740052111012545 ], [ -0.484790632484656, 40.740052111012545 ], [ -0.484790632484656, 40.739618072850654 ], [ -0.486271064419673, 40.739618072850654 ], [ -0.486271064419673, 40.739184031856645 ], [ -0.487751496354689, 40.739184031856645 ], [ -0.487751496354689, 40.739618072850654 ], [ -0.488491712322198, 40.739618072850654 ], [ -0.488491712322198, 40.740052111012545 ], [ -0.489231928289706, 40.740052111012545 ], [ -0.489231928289706, 40.740486146342327 ], [ -0.492192792159739, 40.740486146342327 ], [ -0.492192792159739, 40.740052111012545 ], [ -0.492933008127248, 40.740052111012545 ], [ -0.492933008127248, 40.739184031856645 ], [ -0.493673224094756, 40.739184031856645 ], [ -0.493673224094756, 40.738315941372335 ], [ -0.498114519899806, 40.738315941372335 ], [ -0.498114519899806, 40.737881891882026 ], [ -0.503296031672364, 40.737881891882026 ], [ -0.503296031672364, 40.737013784405178 ], [ -0.504036247639873, 40.737013784405178 ], [ -0.504036247639873, 40.732673077097559 ], [ -0.504776463607381, 40.732673077097559 ], [ -0.504776463607381, 40.731370809680804 ], [ -0.505516679574889, 40.731370809680804 ], [ -0.505516679574889, 40.730068516776157 ], [ -0.506256895542398, 40.730068516776157 ], [ -0.506256895542398, 40.729634413477328 ], [ -0.506997111509906, 40.729634413477328 ], [ -0.506997111509906, 40.729200307346531 ], [ -0.507737327477414, 40.729200307346531 ], [ -0.507737327477414, 40.728766198383774 ], [ -0.509217759412431, 40.728766198383774 ], [ -0.509217759412431, 40.729200307346531 ], [ -0.510698191347448, 40.729200307346531 ], [ -0.510698191347448, 40.729634413477328 ], [ -0.512918839249973, 40.729634413477328 ], [ -0.512918839249973, 40.729200307346531 ], [ -0.513659055217481, 40.729200307346531 ], [ -0.513659055217481, 40.728766198383774 ], [ -0.514399271184989, 40.728766198383774 ], [ -0.514399271184989, 40.728332086589077 ], [ -0.515139487152498, 40.728332086589077 ], [ -0.515139487152498, 40.72789797196242 ], [ -0.515879703120006, 40.72789797196242 ], [ -0.515879703120006, 40.727463854503839 ], [ -0.516619919087514, 40.727463854503839 ], [ -0.516619919087514, 40.727029734213318 ], [ -0.517360135055023, 40.727029734213318 ], [ -0.517360135055023, 40.726161485136515 ], [ -0.518100351022531, 40.726161485136515 ], [ -0.518100351022531, 40.72442495300001 ], [ -0.518840566990039, 40.72442495300001 ], [ -0.518840566990039, 40.723556669940415 ], [ -0.519580782957548, 40.723556669940415 ], [ -0.519580782957548, 40.723122524162804 ], [ -0.521061214892564, 40.723122524162804 ], [ -0.521061214892564, 40.722688375553332 ], [ -0.521801430860073, 40.722688375553332 ], [ -0.521801430860073, 40.722254224112 ], [ -0.522541646827581, 40.722254224112 ], [ -0.522541646827581, 40.721820069838806 ], [ -0.523281862795089, 40.721820069838806 ], [ -0.523281862795089, 40.721385912733773 ], [ -0.524022078762598, 40.721385912733773 ], [ -0.524022078762598, 40.720951752796886 ], [ -0.524762294730106, 40.720951752796886 ], [ -0.524762294730106, 40.720517590028173 ], [ -0.529203590535156, 40.720517590028173 ], [ -0.529203590535156, 40.720951752796886 ], [ -0.532164454405189, 40.720951752796886 ], [ -0.532164454405189, 40.721385912733773 ], [ -0.535125318275223, 40.721385912733773 ], [ -0.535125318275223, 40.721820069838806 ], [ -0.536605750210239, 40.721820069838806 ], [ -0.536605750210239, 40.721385912733773 ], [ -0.538086182145256, 40.721385912733773 ], [ -0.538086182145256, 40.720951752796886 ], [ -0.539566614080273, 40.720951752796886 ], [ -0.539566614080273, 40.720517590028173 ], [ -0.541047046015289, 40.720517590028173 ], [ -0.541047046015289, 40.720083424427635 ], [ -0.541787261982798, 40.720083424427635 ], [ -0.541787261982798, 40.719649255995272 ], [ -0.543267693917814, 40.719649255995272 ], [ -0.543267693917814, 40.720083424427635 ], [ -0.544007909885323, 40.720083424427635 ], [ -0.544007909885323, 40.720517590028173 ], [ -0.544748125852831, 40.720517590028173 ], [ -0.544748125852831, 40.720951752796886 ], [ -0.545488341820339, 40.720951752796886 ], [ -0.545488341820339, 40.721820069838806 ], [ -0.546228557787848, 40.721820069838806 ], [ -0.546228557787848, 40.723122524162804 ], [ -0.546968773755356, 40.723122524162804 ], [ -0.546968773755356, 40.72442495300001 ], [ -0.547708989722864, 40.72442495300001 ], [ -0.547708989722864, 40.725293224732063 ], [ -0.548449205690373, 40.725293224732063 ], [ -0.548449205690373, 40.726595611090872 ], [ -0.549189421657881, 40.726595611090872 ], [ -0.549189421657881, 40.72789797196242 ], [ -0.549929637625389, 40.72789797196242 ], [ -0.549929637625389, 40.728766198383774 ], [ -0.549189421657881, 40.728766198383774 ], [ -0.549189421657881, 40.730068516776157 ], [ -0.548449205690373, 40.730068516776157 ], [ -0.548449205690373, 40.730936714877913 ], [ -0.547708989722864, 40.730936714877913 ], [ -0.547708989722864, 40.732238990790634 ], [ -0.546968773755356, 40.732238990790634 ], [ -0.546968773755356, 40.736579726418633 ], [ -0.547708989722864, 40.736579726418633 ], [ -0.547708989722864, 40.737013784405178 ], [ -0.553630717462931, 40.737013784405178 ], [ -0.553630717462931, 40.736579726418633 ], [ -0.554370933430439, 40.736579726418633 ], [ -0.554370933430439, 40.735711601949362 ], [ -0.555111149397948, 40.735711601949362 ], [ -0.555111149397948, 40.734843466151872 ], [ -0.555851365365456, 40.734843466151872 ], [ -0.555851365365456, 40.733975319026229 ], [ -0.556591581332964, 40.733975319026229 ], [ -0.556591581332964, 40.733107160572466 ], [ -0.557331797300473, 40.733107160572466 ], [ -0.557331797300473, 40.732673077097559 ], [ -0.558072013267981, 40.732673077097559 ], [ -0.558072013267981, 40.731804901651728 ], [ -0.558812229235489, 40.731804901651728 ], [ -0.558812229235489, 40.731370809680804 ], [ -0.560292661170506, 40.731370809680804 ], [ -0.560292661170506, 40.731804901651728 ], [ -0.563253525040539, 40.731804901651728 ], [ -0.563253525040539, 40.731370809680804 ], [ -0.563993741008048, 40.731370809680804 ], [ -0.563993741008048, 40.730936714877913 ], [ -0.565474172943064, 40.730936714877913 ], [ -0.565474172943064, 40.730502617243019 ], [ -0.567694820845589, 40.730502617243019 ], [ -0.567694820845589, 40.730936714877913 ], [ -0.569915468748114, 40.730936714877913 ], [ -0.569915468748114, 40.731370809680804 ], [ -0.572136116650639, 40.731370809680804 ], [ -0.572136116650639, 40.731804901651728 ], [ -0.573616548585656, 40.731804901651728 ], [ -0.573616548585656, 40.732238990790634 ], [ -0.575096980520673, 40.732238990790634 ], [ -0.575096980520673, 40.732673077097559 ], [ -0.575837196488181, 40.732673077097559 ], [ -0.575837196488181, 40.733541241215349 ], [ -0.576577412455689, 40.733541241215349 ], [ -0.576577412455689, 40.73440939400507 ], [ -0.577317628423198, 40.73440939400507 ], [ -0.577317628423198, 40.738315941372335 ], [ -0.578057844390706, 40.738315941372335 ], [ -0.578057844390706, 40.743958327023492 ], [ -0.578798060358214, 40.743958327023492 ], [ -0.578798060358214, 40.747864313628199 ], [ -0.578057844390706, 40.747864313628199 ], [ -0.578057844390706, 40.748732279497062 ], [ -0.577317628423198, 40.748732279497062 ], [ -0.577317628423198, 40.750034207058491 ], [ -0.576577412455689, 40.750034207058491 ], [ -0.576577412455689, 40.750902144604794 ], [ -0.573616548585656, 40.750902144604794 ], [ -0.573616548585656, 40.750468177247775 ], [ -0.572876332618148, 40.750468177247775 ], [ -0.572876332618148, 40.749600234036933 ], [ -0.572136116650639, 40.749600234036933 ], [ -0.572136116650639, 40.749166258183124 ], [ -0.569915468748114, 40.749166258183124 ], [ -0.569915468748114, 40.749600234036933 ], [ -0.569175252780606, 40.749600234036933 ], [ -0.569175252780606, 40.750034207058491 ], [ -0.568435036813098, 40.750034207058491 ], [ -0.568435036813098, 40.750468177247775 ], [ -0.566214388910573, 40.750468177247775 ], [ -0.566214388910573, 40.750034207058491 ], [ -0.565474172943064, 40.750034207058491 ], [ -0.565474172943064, 40.749600234036933 ], [ -0.562513309073031, 40.749600234036933 ], [ -0.562513309073031, 40.750034207058491 ], [ -0.561773093105523, 40.750034207058491 ], [ -0.561773093105523, 40.750468177247775 ], [ -0.557331797300473, 40.750468177247775 ], [ -0.557331797300473, 40.750034207058491 ], [ -0.554370933430439, 40.750034207058491 ], [ -0.554370933430439, 40.749600234036933 ], [ -0.551410069560406, 40.749600234036933 ], [ -0.551410069560406, 40.749166258183124 ], [ -0.548449205690373, 40.749166258183124 ], [ -0.548449205690373, 40.748732279497062 ], [ -0.547708989722864, 40.748732279497062 ], [ -0.547708989722864, 40.747864313628199 ], [ -0.546968773755356, 40.747864313628199 ], [ -0.546968773755356, 40.747430326445411 ], [ -0.546228557787848, 40.747430326445411 ], [ -0.546228557787848, 40.746996336430399 ], [ -0.545488341820339, 40.746996336430399 ], [ -0.545488341820339, 40.746562343583172 ], [ -0.544748125852831, 40.746562343583172 ], [ -0.544748125852831, 40.746128347903721 ], [ -0.544007909885323, 40.746128347903721 ], [ -0.544007909885323, 40.745694349392068 ], [ -0.543267693917814, 40.745694349392068 ], [ -0.543267693917814, 40.745260348048205 ], [ -0.542527477950306, 40.745260348048205 ], [ -0.542527477950306, 40.744826343872155 ], [ -0.541787261982798, 40.744826343872155 ], [ -0.541787261982798, 40.74439233686391 ], [ -0.540306830047781, 40.74439233686391 ], [ -0.540306830047781, 40.744826343872155 ], [ -0.538086182145256, 40.744826343872155 ], [ -0.538086182145256, 40.745260348048205 ], [ -0.536605750210239, 40.745260348048205 ], [ -0.536605750210239, 40.745694349392068 ], [ -0.535865534242731, 40.745694349392068 ], [ -0.535865534242731, 40.745260348048205 ], [ -0.535125318275223, 40.745260348048205 ], [ -0.535125318275223, 40.744826343872155 ], [ -0.534385102307714, 40.744826343872155 ], [ -0.534385102307714, 40.743958327023492 ], [ -0.533644886340206, 40.743958327023492 ], [ -0.533644886340206, 40.742656280509188 ], [ -0.532904670372698, 40.742656280509188 ], [ -0.532904670372698, 40.740920178839971 ], [ -0.532164454405189, 40.740920178839971 ], [ -0.532164454405189, 40.740486146342327 ], [ -0.531424238437681, 40.740486146342327 ], [ -0.531424238437681, 40.740052111012545 ], [ -0.530684022470173, 40.740052111012545 ], [ -0.530684022470173, 40.740486146342327 ], [ -0.529203590535156, 40.740486146342327 ], [ -0.529203590535156, 40.740920178839971 ], [ -0.527723158600139, 40.740920178839971 ], [ -0.527723158600139, 40.741354208505491 ], [ -0.526242726665123, 40.741354208505491 ], [ -0.526242726665123, 40.741788235338866 ], [ -0.525502510697614, 40.741788235338866 ], [ -0.525502510697614, 40.742222259340103 ], [ -0.524762294730106, 40.742222259340103 ], [ -0.524762294730106, 40.743958327023492 ], [ -0.525502510697614, 40.743958327023492 ], [ -0.525502510697614, 40.746128347903721 ], [ -0.526242726665123, 40.746128347903721 ], [ -0.526242726665123, 40.747430326445411 ], [ -0.525502510697614, 40.747430326445411 ], [ -0.525502510697614, 40.749600234036933 ], [ -0.524762294730106, 40.749600234036933 ], [ -0.524762294730106, 40.751770070821983 ], [ -0.524022078762598, 40.751770070821983 ], [ -0.524022078762598, 40.753505889268794 ], [ -0.523281862795089, 40.753505889268794 ], [ -0.523281862795089, 40.753939836799731 ], [ -0.522541646827581, 40.753939836799731 ], [ -0.522541646827581, 40.75437378149833 ], [ -0.521801430860073, 40.75437378149833 ], [ -0.521801430860073, 40.754807723364607 ], [ -0.516619919087514, 40.754807723364607 ], [ -0.516619919087514, 40.755241662398554 ], [ -0.515879703120006, 40.755241662398554 ], [ -0.515879703120006, 40.7561095319694 ], [ -0.515139487152498, 40.7561095319694 ], [ -0.515139487152498, 40.756977390210828 ], [ -0.514399271184989, 40.756977390210828 ], [ -0.514399271184989, 40.757845237122773 ], [ -0.511438407314956, 40.757845237122773 ], [ -0.511438407314956, 40.75741131508299 ], [ -0.510698191347448, 40.75741131508299 ], [ -0.510698191347448, 40.756977390210828 ], [ -0.509957975379939, 40.756977390210828 ], [ -0.509957975379939, 40.7561095319694 ], [ -0.509217759412431, 40.7561095319694 ], [ -0.509217759412431, 40.755675598600149 ], [ -0.508477543444923, 40.755675598600149 ], [ -0.508477543444923, 40.754807723364607 ], [ -0.507737327477414, 40.754807723364607 ], [ -0.507737327477414, 40.753939836799731 ], [ -0.504776463607381, 40.753939836799731 ], [ -0.504776463607381, 40.75437378149833 ], [ -0.504036247639873, 40.75437378149833 ], [ -0.504036247639873, 40.754807723364607 ], [ -0.503296031672364, 40.754807723364607 ], [ -0.503296031672364, 40.755241662398554 ], [ -0.502555815704856, 40.755241662398554 ], [ -0.502555815704856, 40.755675598600149 ], [ -0.501815599737348, 40.755675598600149 ], [ -0.501815599737348, 40.7561095319694 ], [ -0.501075383769839, 40.7561095319694 ], [ -0.501075383769839, 40.756543462506293 ], [ -0.500335167802331, 40.756543462506293 ], [ -0.500335167802331, 40.756977390210828 ], [ -0.499594951834823, 40.756977390210828 ], [ -0.499594951834823, 40.75741131508299 ], [ -0.498854735867314, 40.75741131508299 ], [ -0.498854735867314, 40.757845237122773 ], [ -0.498114519899806, 40.757845237122773 ], [ -0.498114519899806, 40.75827915633019 ], [ -0.497374303932298, 40.75827915633019 ], [ -0.497374303932298, 40.758713072705206 ], [ -0.495893871997281, 40.758713072705206 ], [ -0.495893871997281, 40.759146986247828 ], [ -0.495153656029773, 40.759146986247828 ], [ -0.495153656029773, 40.759580896958056 ], [ -0.494413440062264, 40.759580896958056 ], [ -0.494413440062264, 40.760014804835876 ], [ -0.493673224094756, 40.760014804835876 ], [ -0.493673224094756, 40.760448709881288 ], [ -0.492192792159739, 40.760448709881288 ], [ -0.492192792159739, 40.760882612094264 ], [ -0.489972144257214, 40.760882612094264 ], [ -0.489972144257214, 40.761316511474838 ], [ -0.487751496354689, 40.761316511474838 ], [ -0.487751496354689, 40.761750408022955 ], [ -0.485530848452164, 40.761750408022955 ], [ -0.485530848452164, 40.76218430173865 ], [ -0.483310200549639, 40.76218430173865 ], [ -0.483310200549639, 40.7626181926219 ], [ -0.481089552647114, 40.7626181926219 ], [ -0.481089552647114, 40.76218430173865 ], [ -0.480349336679606, 40.76218430173865 ], [ -0.480349336679606, 40.761750408022955 ], [ -0.479609120712098, 40.761750408022955 ], [ -0.479609120712098, 40.761316511474838 ] ] ], [ [ [ -2.969695635410134, 41.226118922862483 ], [ -2.968955419442627, 41.226118922862483 ], [ -2.968955419442627, 41.225688071895334 ], [ -2.965994555572594, 41.225688071895334 ], [ -2.965994555572594, 41.226118922862483 ], [ -2.965254339605085, 41.226118922862483 ], [ -2.965254339605085, 41.226980616280031 ], [ -2.964514123637576, 41.226980616280031 ], [ -2.964514123637576, 41.227411458730423 ], [ -2.963773907670068, 41.227411458730423 ], [ -2.963773907670068, 41.227842298341905 ], [ -2.962293475735051, 41.227842298341905 ], [ -2.962293475735051, 41.227411458730423 ], [ -2.961553259767543, 41.227411458730423 ], [ -2.961553259767543, 41.226549770990715 ], [ -2.960813043800035, 41.226549770990715 ], [ -2.960813043800035, 41.226118922862483 ], [ -2.960072827832526, 41.226118922862483 ], [ -2.960072827832526, 41.222241161958166 ], [ -2.960813043800035, 41.222241161958166 ], [ -2.960813043800035, 41.220517638856819 ], [ -2.960072827832526, 41.220517638856819 ], [ -2.960072827832526, 41.218794070334113 ], [ -2.959332611865018, 41.218794070334113 ], [ -2.959332611865018, 41.216639545807489 ], [ -2.960072827832526, 41.216639545807489 ], [ -2.960072827832526, 41.215346797026065 ], [ -2.960813043800035, 41.215346797026065 ], [ -2.960813043800035, 41.214484950311274 ], [ -2.961553259767543, 41.214484950311274 ], [ -2.961553259767543, 41.213192158948424 ], [ -2.962293475735051, 41.213192158948424 ], [ -2.962293475735051, 41.211899342036929 ], [ -2.961553259767543, 41.211899342036929 ], [ -2.961553259767543, 41.210175546412863 ], [ -2.960813043800035, 41.210175546412863 ], [ -2.960813043800035, 41.208451705369612 ], [ -2.960072827832526, 41.208451705369612 ], [ -2.960072827832526, 41.206727818907545 ], [ -2.959332611865018, 41.206727818907545 ], [ -2.959332611865018, 41.206296840195385 ], [ -2.954151100092459, 41.206296840195385 ], [ -2.954151100092459, 41.205434874255118 ], [ -2.953410884124951, 41.205434874255118 ], [ -2.953410884124951, 41.204572896960308 ], [ -2.952670668157443, 41.204572896960308 ], [ -2.952670668157443, 41.204141904054964 ], [ -2.951930452189934, 41.204141904054964 ], [ -2.951930452189934, 41.203279909728423 ], [ -2.950450020254918, 41.203279909728423 ], [ -2.950450020254918, 41.202848908307239 ], [ -2.949709804287409, 41.202848908307239 ], [ -2.949709804287409, 41.203279909728423 ], [ -2.948969588319901, 41.203279909728423 ], [ -2.948969588319901, 41.204141904054964 ], [ -2.948229372352393, 41.204141904054964 ], [ -2.948229372352393, 41.205434874255118 ], [ -2.947489156384885, 41.205434874255118 ], [ -2.947489156384885, 41.206727818907545 ], [ -2.946748940417376, 41.206727818907545 ], [ -2.946748940417376, 41.207589767815911 ], [ -2.94526850848236, 41.207589767815911 ], [ -2.94526850848236, 41.207158794781058 ], [ -2.943047860579835, 41.207158794781058 ], [ -2.943047860579835, 41.204572896960308 ], [ -2.942307644612326, 41.204572896960308 ], [ -2.942307644612326, 41.200693858622387 ], [ -2.941567428644818, 41.200693858622387 ], [ -2.941567428644818, 41.200262840169678 ], [ -2.94082721267731, 41.200262840169678 ], [ -2.94082721267731, 41.199831818878394 ], [ -2.940086996709801, 41.199831818878394 ], [ -2.940086996709801, 41.200262840169678 ], [ -2.937866348807276, 41.200262840169678 ], [ -2.937866348807276, 41.200693858622387 ], [ -2.935645700904751, 41.200693858622387 ], [ -2.935645700904751, 41.200262840169678 ], [ -2.934905484937243, 41.200262840169678 ], [ -2.934905484937243, 41.199831818878394 ], [ -2.934165268969735, 41.199831818878394 ], [ -2.934165268969735, 41.195521449845593 ], [ -2.934905484937243, 41.195521449845593 ], [ -2.934905484937243, 41.193797222754007 ], [ -2.936385916872259, 41.193797222754007 ], [ -2.936385916872259, 41.193366158884899 ], [ -2.937126132839768, 41.193366158884899 ], [ -2.937126132839768, 41.192935092177301 ], [ -2.937866348807276, 41.192935092177301 ], [ -2.937866348807276, 41.192504022631233 ], [ -2.938606564774784, 41.192504022631233 ], [ -2.938606564774784, 41.191210796962274 ], [ -2.937866348807276, 41.191210796962274 ], [ -2.937866348807276, 41.190348632324053 ], [ -2.937126132839768, 41.190348632324053 ], [ -2.937126132839768, 41.189486456332077 ], [ -2.936385916872259, 41.189486456332077 ], [ -2.936385916872259, 41.188624268986402 ], [ -2.935645700904751, 41.188624268986402 ], [ -2.935645700904751, 41.18819317105595 ], [ -2.934905484937243, 41.18819317105595 ], [ -2.934905484937243, 41.187762070287071 ], [ -2.934165268969735, 41.187762070287071 ], [ -2.934165268969735, 41.18819317105595 ], [ -2.932684837034718, 41.18819317105595 ], [ -2.932684837034718, 41.188624268986402 ], [ -2.93194462106721, 41.188624268986402 ], [ -2.93194462106721, 41.189055364078449 ], [ -2.928983757197177, 41.189055364078449 ], [ -2.928983757197177, 41.188624268986402 ], [ -2.92750332526216, 41.188624268986402 ], [ -2.92750332526216, 41.18819317105595 ], [ -2.925282677359635, 41.18819317105595 ], [ -2.925282677359635, 41.187762070287071 ], [ -2.923802245424618, 41.187762070287071 ], [ -2.923802245424618, 41.187330966679809 ], [ -2.923062029457109, 41.187330966679809 ], [ -2.923062029457109, 41.187762070287071 ], [ -2.921581597522093, 41.187762070287071 ], [ -2.921581597522093, 41.18819317105595 ], [ -2.920841381554584, 41.18819317105595 ], [ -2.920841381554584, 41.188624268986402 ], [ -2.920101165587076, 41.188624268986402 ], [ -2.920101165587076, 41.189055364078449 ], [ -2.919360949619568, 41.189055364078449 ], [ -2.919360949619568, 41.189486456332077 ], [ -2.917880517684551, 41.189486456332077 ], [ -2.917880517684551, 41.189917545747278 ], [ -2.916400085749535, 41.189917545747278 ], [ -2.916400085749535, 41.190348632324053 ], [ -2.911218573976976, 41.190348632324053 ], [ -2.911218573976976, 41.189917545747278 ], [ -2.910478358009468, 41.189917545747278 ], [ -2.910478358009468, 41.189486456332077 ], [ -2.909738142041959, 41.189486456332077 ], [ -2.909738142041959, 41.189055364078449 ], [ -2.908997926074452, 41.189055364078449 ], [ -2.908997926074452, 41.187330966679809 ], [ -2.908257710106943, 41.187330966679809 ], [ -2.908257710106943, 41.185175406067621 ], [ -2.908997926074452, 41.185175406067621 ], [ -2.908997926074452, 41.182157501999257 ], [ -2.909738142041959, 41.182157501999257 ], [ -2.909738142041959, 41.179570616388638 ], [ -2.910478358009468, 41.179570616388638 ], [ -2.910478358009468, 41.178277135266292 ], [ -2.911218573976976, 41.178277135266292 ], [ -2.911218573976976, 41.177414800326673 ], [ -2.911958789944485, 41.177414800326673 ], [ -2.911958789944485, 41.176983628599459 ], [ -2.912699005911993, 41.176983628599459 ], [ -2.912699005911993, 41.176552454033988 ], [ -2.913439221879501, 41.176552454033988 ], [ -2.913439221879501, 41.176121276630262 ], [ -2.916400085749535, 41.176121276630262 ], [ -2.916400085749535, 41.176552454033988 ], [ -2.918620733652059, 41.176552454033988 ], [ -2.918620733652059, 41.176121276630262 ], [ -2.919360949619568, 41.176121276630262 ], [ -2.919360949619568, 41.175690096388287 ], [ -2.920101165587076, 41.175690096388287 ], [ -2.920101165587076, 41.175258913308078 ], [ -2.920841381554584, 41.175258913308078 ], [ -2.920841381554584, 41.174396538632941 ], [ -2.921581597522093, 41.174396538632941 ], [ -2.921581597522093, 41.173965347038035 ], [ -2.922321813489601, 41.173965347038035 ], [ -2.922321813489601, 41.172240552276278 ], [ -2.921581597522093, 41.172240552276278 ], [ -2.921581597522093, 41.170946926403879 ], [ -2.920841381554584, 41.170946926403879 ], [ -2.920841381554584, 41.170084494964705 ], [ -2.920101165587076, 41.170084494964705 ], [ -2.920101165587076, 41.168790826519711 ], [ -2.919360949619568, 41.168790826519711 ], [ -2.919360949619568, 41.167928366698952 ], [ -2.918620733652059, 41.167928366698952 ], [ -2.918620733652059, 41.166634655681783 ], [ -2.917880517684551, 41.166634655681783 ], [ -2.917880517684551, 41.165340919121533 ], [ -2.917140301717043, 41.165340919121533 ], [ -2.917140301717043, 41.161028279444778 ], [ -2.916400085749535, 41.161028279444778 ], [ -2.916400085749535, 41.158440559412114 ], [ -2.915659869782026, 41.158440559412114 ], [ -2.915659869782026, 41.158009262806921 ], [ -2.914919653814517, 41.158009262806921 ], [ -2.914919653814517, 41.157146661082542 ], [ -2.91417943784701, 41.157146661082542 ], [ -2.91417943784701, 41.15671535596335 ], [ -2.913439221879501, 41.15671535596335 ], [ -2.913439221879501, 41.155852737211028 ], [ -2.912699005911993, 41.155852737211028 ], [ -2.912699005911993, 41.155421423577877 ], [ -2.911958789944485, 41.155421423577877 ], [ -2.911958789944485, 41.154558787797704 ], [ -2.911218573976976, 41.154558787797704 ], [ -2.911218573976976, 41.15412746565066 ], [ -2.910478358009468, 41.15412746565066 ], [ -2.910478358009468, 41.153264812842743 ], [ -2.909738142041959, 41.153264812842743 ], [ -2.909738142041959, 41.152833482181855 ], [ -2.908997926074452, 41.152833482181855 ], [ -2.908997926074452, 41.152402148683045 ], [ -2.908257710106943, 41.152402148683045 ], [ -2.908257710106943, 41.149382734729564 ], [ -2.908997926074452, 41.149382734729564 ], [ -2.908997926074452, 41.146794554948762 ], [ -2.909738142041959, 41.146794554948762 ], [ -2.909738142041959, 41.14636318171943 ], [ -2.910478358009468, 41.14636318171943 ], [ -2.910478358009468, 41.14593180565226 ], [ -2.911218573976976, 41.14593180565226 ], [ -2.911218573976976, 41.145500426747226 ], [ -2.911958789944485, 41.145500426747226 ], [ -2.911958789944485, 41.145069045004362 ], [ -2.913439221879501, 41.145069045004362 ], [ -2.913439221879501, 41.144637660423662 ], [ -2.91417943784701, 41.144637660423662 ], [ -2.91417943784701, 41.144206273005153 ], [ -2.914919653814517, 41.144206273005153 ], [ -2.914919653814517, 41.143774882748794 ], [ -2.915659869782026, 41.143774882748794 ], [ -2.915659869782026, 41.143343489654633 ], [ -2.916400085749535, 41.143343489654633 ], [ -2.916400085749535, 41.142912093722671 ], [ -2.917140301717043, 41.142912093722671 ], [ -2.917140301717043, 41.142480694952887 ], [ -2.917880517684551, 41.142480694952887 ], [ -2.917880517684551, 41.138166551177186 ], [ -2.917140301717043, 41.138166551177186 ], [ -2.917140301717043, 41.136440814209848 ], [ -2.917880517684551, 41.136440814209848 ], [ -2.917880517684551, 41.135577928699846 ], [ -2.918620733652059, 41.135577928699846 ], [ -2.918620733652059, 41.134715031839036 ], [ -2.921581597522093, 41.134715031839036 ], [ -2.921581597522093, 41.135146481688288 ], [ -2.922321813489601, 41.135146481688288 ], [ -2.922321813489601, 41.136009372873701 ], [ -2.923062029457109, 41.136009372873701 ], [ -2.923062029457109, 41.137303688368974 ], [ -2.923802245424618, 41.137303688368974 ], [ -2.923802245424618, 41.138166551177186 ], [ -2.924542461392126, 41.138166551177186 ], [ -2.924542461392126, 41.13859797832469 ], [ -2.929723973164685, 41.13859797832469 ], [ -2.929723973164685, 41.139029402634442 ], [ -2.933425053002226, 41.139029402634442 ], [ -2.933425053002226, 41.13859797832469 ], [ -2.934905484937243, 41.13859797832469 ], [ -2.934905484937243, 41.138166551177186 ], [ -2.937126132839768, 41.138166551177186 ], [ -2.937126132839768, 41.137735121191952 ], [ -2.938606564774784, 41.137735121191952 ], [ -2.938606564774784, 41.137303688368974 ], [ -2.94082721267731, 41.137303688368974 ], [ -2.94082721267731, 41.136872252708272 ], [ -2.942307644612326, 41.136872252708272 ], [ -2.942307644612326, 41.136440814209848 ], [ -2.943047860579835, 41.136440814209848 ], [ -2.943047860579835, 41.134715031839036 ], [ -2.943788076547343, 41.134715031839036 ], [ -2.943788076547343, 41.132989204065112 ], [ -2.944528292514851, 41.132989204065112 ], [ -2.944528292514851, 41.131694803439117 ], [ -2.94526850848236, 41.131694803439117 ], [ -2.94526850848236, 41.131263330888466 ], [ -2.946748940417376, 41.131263330888466 ], [ -2.946748940417376, 41.130831855500169 ], [ -2.948229372352393, 41.130831855500169 ], [ -2.948229372352393, 41.130400377274235 ], [ -2.948969588319901, 41.130400377274235 ], [ -2.948969588319901, 41.129105925570634 ], [ -2.949709804287409, 41.129105925570634 ], [ -2.949709804287409, 41.128242943580126 ], [ -2.950450020254918, 41.128242943580126 ], [ -2.950450020254918, 41.127379950239195 ], [ -2.951190236222426, 41.127379950239195 ], [ -2.951190236222426, 41.12651694554787 ], [ -2.957852179930001, 41.12651694554787 ], [ -2.957852179930001, 41.126085438945836 ], [ -2.95859239589751, 41.126085438945836 ], [ -2.95859239589751, 41.124790902114292 ], [ -2.959332611865018, 41.124790902114292 ], [ -2.959332611865018, 41.122633283977237 ], [ -2.960072827832526, 41.122633283977237 ], [ -2.960072827832526, 41.122201751837217 ], [ -2.960813043800035, 41.122201751837217 ], [ -2.960813043800035, 41.121770216859666 ], [ -2.961553259767543, 41.121770216859666 ], [ -2.961553259767543, 41.121338679044584 ], [ -2.963033691702559, 41.121338679044584 ], [ -2.963033691702559, 41.120907138391999 ], [ -2.963773907670068, 41.120907138391999 ], [ -2.963773907670068, 41.120044048574314 ], [ -2.964514123637576, 41.120044048574314 ], [ -2.964514123637576, 41.118749392566571 ], [ -2.965254339605085, 41.118749392566571 ], [ -2.965254339605085, 41.117454711021516 ], [ -2.965994555572594, 41.117454711021516 ], [ -2.965994555572594, 41.116591575804165 ], [ -2.968215203475118, 41.116591575804165 ], [ -2.968215203475118, 41.117023144831563 ], [ -2.970435851377643, 41.117023144831563 ], [ -2.970435851377643, 41.117454711021516 ], [ -2.972656499280168, 41.117454711021516 ], [ -2.972656499280168, 41.117023144831563 ], [ -2.973396715247676, 41.117023144831563 ], [ -2.973396715247676, 41.114433688105521 ], [ -2.974136931215185, 41.114433688105521 ], [ -2.974136931215185, 41.11011769990241 ], [ -2.974877147182693, 41.11011769990241 ], [ -2.974877147182693, 41.109686085476511 ], [ -2.975617363150201, 41.109686085476511 ], [ -2.975617363150201, 41.109254468213251 ], [ -2.97635757911771, 41.109254468213251 ], [ -2.97635757911771, 41.108822848112652 ], [ -2.977097795085218, 41.108822848112652 ], [ -2.977097795085218, 41.108391225174692 ], [ -2.978578227020235, 41.108391225174692 ], [ -2.978578227020235, 41.107959599399408 ], [ -2.979318442987743, 41.107959599399408 ], [ -2.979318442987743, 41.107527970786784 ], [ -2.980058658955251, 41.107527970786784 ], [ -2.980058658955251, 41.107096339336834 ], [ -2.980798874922759, 41.107096339336834 ], [ -2.980798874922759, 41.10666470504956 ], [ -2.981539090890268, 41.10666470504956 ], [ -2.981539090890268, 41.106233067924975 ], [ -2.982279306857777, 41.106233067924975 ], [ -2.982279306857777, 41.10536978516388 ], [ -2.983019522825284, 41.10536978516388 ], [ -2.983019522825284, 41.104938139527384 ], [ -2.983759738792793, 41.104938139527384 ], [ -2.983759738792793, 41.104074839742516 ], [ -2.984499954760301, 41.104074839742516 ], [ -2.984499954760301, 41.103211528608533 ], [ -2.985240170727809, 41.103211528608533 ], [ -2.985240170727809, 41.102779868785625 ], [ -2.985980386695318, 41.102779868785625 ], [ -2.985980386695318, 41.101484872293369 ], [ -2.986720602662827, 41.101484872293369 ], [ -2.986720602662827, 41.098894802703406 ], [ -2.987460818630335, 41.098894802703406 ], [ -2.987460818630335, 41.097599729605996 ], [ -2.988201034597843, 41.097599729605996 ], [ -2.988201034597843, 41.097168032899141 ], [ -2.98968146653286, 41.097168032899141 ], [ -2.98968146653286, 41.096304630973869 ], [ -2.990421682500368, 41.096304630973869 ], [ -2.990421682500368, 41.094146076510221 ], [ -2.991161898467876, 41.094146076510221 ], [ -2.991161898467876, 41.091555717528109 ], [ -2.991902114435385, 41.091555717528109 ], [ -2.991902114435385, 41.089397007022427 ], [ -2.992642330402893, 41.089397007022427 ], [ -2.992642330402893, 41.08896525641002 ], [ -2.993382546370401, 41.08896525641002 ], [ -2.993382546370401, 41.088533502960537 ], [ -2.99412276233791, 41.088533502960537 ], [ -2.99412276233791, 41.088101746673985 ], [ -2.994862978305418, 41.088101746673985 ], [ -2.994862978305418, 41.087238225589708 ], [ -2.995603194272926, 41.087238225589708 ], [ -2.995603194272926, 41.086806460791983 ], [ -2.996343410240434, 41.086806460791983 ], [ -2.996343410240434, 41.086374693157211 ], [ -2.997083626207943, 41.086374693157211 ], [ -2.997083626207943, 41.085942922685405 ], [ -2.997823842175452, 41.085942922685405 ], [ -2.997823842175452, 41.085079373230698 ], [ -2.99856405814296, 41.085079373230698 ], [ -2.99856405814296, 41.084647594247798 ], [ -2.999304274110468, 41.084647594247798 ], [ -2.999304274110468, 41.084215812427892 ], [ -3.001524922012992, 41.084215812427892 ], [ -3.001524922012992, 41.083784027770974 ], [ -3.003005353948009, 41.083784027770974 ], [ -3.003005353948009, 41.08292044994613 ], [ -3.003745569915518, 41.08292044994613 ], [ -3.003745569915518, 41.082056860773321 ], [ -3.004485785883027, 41.082056860773321 ], [ -3.004485785883027, 41.080761455736749 ], [ -3.005226001850535, 41.080761455736749 ], [ -3.005226001850535, 41.079466025167505 ], [ -3.005966217818043, 41.079466025167505 ], [ -3.005966217818043, 41.078602390603265 ], [ -3.006706433785551, 41.078602390603265 ], [ -3.006706433785551, 41.07730691747993 ], [ -3.008927081688076, 41.07730691747993 ], [ -3.008927081688076, 41.077738744691302 ], [ -3.009667297655585, 41.077738744691302 ], [ -3.009667297655585, 41.078170569065747 ], [ -3.010407513623093, 41.078170569065747 ], [ -3.010407513623093, 41.079034209303863 ], [ -3.011147729590601, 41.079034209303863 ], [ -3.011147729590601, 41.079466025167505 ], [ -3.012628161525618, 41.079466025167505 ], [ -3.012628161525618, 41.079034209303863 ], [ -3.013368377493127, 41.079034209303863 ], [ -3.013368377493127, 41.078602390603265 ], [ -3.014108593460635, 41.078602390603265 ], [ -3.014108593460635, 41.078170569065747 ], [ -3.014848809428143, 41.078170569065747 ], [ -3.014848809428143, 41.077738744691302 ], [ -3.015589025395652, 41.077738744691302 ], [ -3.015589025395652, 41.07730691747993 ], [ -3.01632924136316, 41.07730691747993 ], [ -3.01632924136316, 41.076875087431638 ], [ -3.017069457330668, 41.076875087431638 ], [ -3.017069457330668, 41.076443254546447 ], [ -3.017809673298177, 41.076443254546447 ], [ -3.017809673298177, 41.075579580265341 ], [ -3.018549889265685, 41.075579580265341 ], [ -3.018549889265685, 41.069101661456486 ], [ -3.017809673298177, 41.069101661456486 ], [ -3.017809673298177, 41.067806001100358 ], [ -3.017069457330668, 41.067806001100358 ], [ -3.017069457330668, 41.066510315213165 ], [ -3.01632924136316, 41.066510315213165 ], [ -3.01632924136316, 41.063918866846159 ], [ -3.017069457330668, 41.063918866846159 ], [ -3.017069457330668, 41.061759248530102 ], [ -3.017809673298177, 41.061759248530102 ], [ -3.017809673298177, 41.060031502816557 ], [ -3.018549889265685, 41.060031502816557 ], [ -3.018549889265685, 41.057871756849352 ], [ -3.019290105233193, 41.057871756849352 ], [ -3.019290105233193, 41.053984035399914 ], [ -3.020030321200701, 41.053984035399914 ], [ -3.020030321200701, 41.040591236188561 ], [ -3.02077053716821, 41.040591236188561 ], [ -3.02077053716821, 41.030220745402552 ], [ -3.021510753135718, 41.030220745402552 ], [ -3.021510753135718, 41.029788606165845 ], [ -3.022250969103226, 41.029788606165845 ], [ -3.022250969103226, 41.028924319183666 ], [ -3.022991185070734, 41.028924319183666 ], [ -3.022991185070734, 41.028492171438195 ], [ -3.023731401038243, 41.028492171438195 ], [ -3.023731401038243, 41.028060020856479 ], [ -3.024471617005751, 41.028060020856479 ], [ -3.024471617005751, 41.027627867438518 ], [ -3.02521183297326, 41.027627867438518 ], [ -3.02521183297326, 41.027195711184326 ], [ -3.025952048940769, 41.027195711184326 ], [ -3.025952048940769, 41.026763552093904 ], [ -3.026692264908276, 41.026763552093904 ], [ -3.026692264908276, 41.025899225404402 ], [ -3.027432480875784, 41.025899225404402 ], [ -3.027432480875784, 41.025467057805329 ], [ -3.028172696843293, 41.025467057805329 ], [ -3.028172696843293, 41.025034887370055 ], [ -3.031873776680835, 41.025034887370055 ], [ -3.031873776680835, 41.025467057805329 ], [ -3.034834640550868, 41.025467057805329 ], [ -3.034834640550868, 41.025034887370055 ], [ -3.035574856518377, 41.025034887370055 ], [ -3.035574856518377, 41.02287399265083 ], [ -3.034834640550868, 41.02287399265083 ], [ -3.034834640550868, 41.020280825394259 ], [ -3.035574856518377, 41.020280825394259 ], [ -3.035574856518377, 41.019848620924996 ], [ -3.036315072485885, 41.019848620924996 ], [ -3.036315072485885, 41.019416413619609 ], [ -3.037055288453393, 41.019416413619609 ], [ -3.037055288453393, 41.018551990500484 ], [ -3.037795504420901, 41.018551990500484 ], [ -3.037795504420901, 41.018119774686745 ], [ -3.03853572038841, 41.018119774686745 ], [ -3.03853572038841, 41.017255334550988 ], [ -3.039275936355919, 41.017255334550988 ], [ -3.039275936355919, 41.014229704739265 ], [ -3.03853572038841, 41.014229704739265 ], [ -3.03853572038841, 41.010339405071825 ], [ -3.037795504420901, 41.010339405071825 ], [ -3.037795504420901, 41.008610309261279 ], [ -3.03853572038841, 41.008610309261279 ], [ -3.03853572038841, 41.008178028218708 ], [ -3.039275936355919, 41.008178028218708 ], [ -3.039275936355919, 41.007313457625671 ], [ -3.040016152323426, 41.007313457625671 ], [ -3.040016152323426, 41.006881168075203 ], [ -3.040756368290934, 41.006881168075203 ], [ -3.040756368290934, 41.006448875688804 ], [ -3.041496584258443, 41.006448875688804 ], [ -3.041496584258443, 41.005584282408186 ], [ -3.042236800225951, 41.005584282408186 ], [ -3.042236800225951, 41.005151981513983 ], [ -3.04297701619346, 41.005151981513983 ], [ -3.04297701619346, 41.004719677783854 ], [ -3.043717232160968, 41.004719677783854 ], [ -3.043717232160968, 41.003855061815848 ], [ -3.044457448128477, 41.003855061815848 ], [ -3.044457448128477, 41.003422749577986 ], [ -3.045197664095985, 41.003422749577986 ], [ -3.045197664095985, 41.002558116594571 ], [ -3.045937880063493, 41.002558116594571 ], [ -3.045937880063493, 41.002125795849039 ], [ -3.046678096031002, 41.002125795849039 ], [ -3.046678096031002, 41.00039648450813 ], [ -3.04741831199851, 41.00039648450813 ], [ -3.04741831199851, 40.999099471225946 ], [ -3.048158527966018, 40.999099471225946 ], [ -3.048158527966018, 40.997802432421196 ], [ -3.048898743933526, 40.997802432421196 ], [ -3.048898743933526, 40.99650536809407 ], [ -3.049638959901035, 40.99650536809407 ], [ -3.049638959901035, 40.99607300764675 ], [ -3.050379175868543, 40.99607300764675 ], [ -3.050379175868543, 40.995640644363633 ], [ -3.052599823771068, 40.995640644363633 ], [ -3.052599823771068, 40.995208278244718 ], [ -3.053340039738576, 40.995208278244718 ], [ -3.053340039738576, 40.994775909290027 ], [ -3.054080255706085, 40.994775909290027 ], [ -3.054080255706085, 40.994343537499546 ], [ -3.054820471673593, 40.994343537499546 ], [ -3.054820471673593, 40.993478785411291 ], [ -3.055560687641102, 40.993478785411291 ], [ -3.055560687641102, 40.992614021979996 ], [ -3.05630090360861, 40.992614021979996 ], [ -3.05630090360861, 40.991749247205696 ], [ -3.059261767478643, 40.991749247205696 ], [ -3.059261767478643, 40.992614021979996 ], [ -3.060001983446152, 40.992614021979996 ], [ -3.060001983446152, 40.993478785411291 ], [ -3.06074219941366, 40.993478785411291 ], [ -3.06074219941366, 40.993911162873303 ], [ -3.061482415381168, 40.993911162873303 ], [ -3.061482415381168, 40.994343537499546 ], [ -3.063703063283693, 40.994343537499546 ], [ -3.063703063283693, 40.993911162873303 ], [ -3.065923711186218, 40.993911162873303 ], [ -3.065923711186218, 40.994343537499546 ], [ -3.066663927153726, 40.994343537499546 ], [ -3.066663927153726, 40.994775909290027 ], [ -3.067404143121235, 40.994775909290027 ], [ -3.067404143121235, 40.997370080481296 ], [ -3.068144359088743, 40.997370080481296 ], [ -3.068144359088743, 41.00039648450813 ], [ -3.068884575056252, 41.00039648450813 ], [ -3.068884575056252, 41.003422749577986 ], [ -3.06962479102376, 41.003422749577986 ], [ -3.06962479102376, 41.004719677783854 ], [ -3.070365006991269, 41.004719677783854 ], [ -3.070365006991269, 41.005151981513983 ], [ -3.071845438926284, 41.005151981513983 ], [ -3.071845438926284, 41.004719677783854 ], [ -3.07406608682881, 41.004719677783854 ], [ -3.07406608682881, 41.004287371217806 ], [ -3.076286734731335, 41.004287371217806 ], [ -3.076286734731335, 41.003855061815848 ], [ -3.077026950698843, 41.003855061815848 ], [ -3.077026950698843, 41.003422749577986 ], [ -3.077767166666352, 41.003422749577986 ], [ -3.077767166666352, 41.002990434504227 ], [ -3.07850738263386, 41.002990434504227 ], [ -3.07850738263386, 41.002125795849039 ], [ -3.079247598601368, 41.002125795849039 ], [ -3.079247598601368, 41.001693472267618 ], [ -3.079987814568876, 41.001693472267618 ], [ -3.079987814568876, 41.001261145850322 ], [ -3.080728030536385, 41.001261145850322 ], [ -3.080728030536385, 41.001693472267618 ], [ -3.082208462471401, 41.001693472267618 ], [ -3.082208462471401, 41.002125795849039 ], [ -3.08294867843891, 41.002125795849039 ], [ -3.08294867843891, 41.002558116594571 ], [ -3.083688894406418, 41.002558116594571 ], [ -3.083688894406418, 41.002990434504227 ], [ -3.084429110373926, 41.002990434504227 ], [ -3.084429110373926, 41.003422749577986 ], [ -3.085909542308943, 41.003422749577986 ], [ -3.085909542308943, 41.003855061815848 ], [ -3.086649758276452, 41.003855061815848 ], [ -3.086649758276452, 41.004287371217806 ], [ -3.08738997424396, 41.004287371217806 ], [ -3.08738997424396, 41.004719677783854 ], [ -3.088130190211468, 41.004719677783854 ], [ -3.088130190211468, 41.005151981513983 ], [ -3.089610622146485, 41.005151981513983 ], [ -3.089610622146485, 41.005584282408186 ], [ -3.090350838113993, 41.005584282408186 ], [ -3.090350838113993, 41.006016580466465 ], [ -3.091091054081502, 41.006016580466465 ], [ -3.091091054081502, 41.006448875688804 ], [ -3.09183127004901, 41.006448875688804 ], [ -3.09183127004901, 41.006881168075203 ], [ -3.093311701984026, 41.006881168075203 ], [ -3.093311701984026, 41.007313457625671 ], [ -3.094051917951535, 41.007313457625671 ], [ -3.094051917951535, 41.007745744340163 ], [ -3.09627256585406, 41.007745744340163 ], [ -3.09627256585406, 41.007313457625671 ], [ -3.097752997789076, 41.007313457625671 ], [ -3.097752997789076, 41.006881168075203 ], [ -3.099233429724093, 41.006881168075203 ], [ -3.099233429724093, 41.007313457625671 ], [ -3.099973645691601, 41.007313457625671 ], [ -3.099973645691601, 41.007745744340163 ], [ -3.10071386165911, 41.007745744340163 ], [ -3.10071386165911, 41.008178028218708 ], [ -3.101454077626618, 41.008178028218708 ], [ -3.101454077626618, 41.008610309261279 ], [ -3.102934509561635, 41.008610309261279 ], [ -3.102934509561635, 41.009042587467896 ], [ -3.108116021334193, 41.009042587467896 ], [ -3.108116021334193, 41.008178028218708 ], [ -3.108856237301702, 41.008178028218708 ], [ -3.108856237301702, 41.006881168075203 ], [ -3.10959645326921, 41.006881168075203 ], [ -3.10959645326921, 41.005584282408186 ], [ -3.110336669236718, 41.005584282408186 ], [ -3.110336669236718, 41.004287371217806 ], [ -3.111076885204227, 41.004287371217806 ], [ -3.111076885204227, 41.002990434504227 ], [ -3.111817101171734, 41.002990434504227 ], [ -3.111817101171734, 41.001693472267618 ], [ -3.112557317139244, 41.001693472267618 ], [ -3.112557317139244, 41.00039648450813 ], [ -3.114777965041768, 41.00039648450813 ], [ -3.114777965041768, 41.000828816597156 ], [ -3.116998612944293, 41.000828816597156 ], [ -3.116998612944293, 41.001261145850322 ], [ -3.11847904487931, 41.001261145850322 ], [ -3.11847904487931, 41.000828816597156 ], [ -3.119219260846818, 41.000828816597156 ], [ -3.119219260846818, 41.00039648450813 ], [ -3.119959476814327, 41.00039648450813 ], [ -3.119959476814327, 40.999964149583256 ], [ -3.120699692781835, 40.999964149583256 ], [ -3.120699692781835, 40.999531811822514 ], [ -3.121439908749343, 40.999531811822514 ], [ -3.121439908749343, 40.999099471225946 ], [ -3.12292034068436, 40.999099471225946 ], [ -3.12292034068436, 40.998667127793524 ], [ -3.123660556651868, 40.998667127793524 ], [ -3.123660556651868, 40.998234781525269 ], [ -3.124400772619377, 40.998234781525269 ], [ -3.124400772619377, 40.997802432421196 ], [ -3.125140988586885, 40.997802432421196 ], [ -3.125140988586885, 40.997370080481296 ], [ -3.125881204554394, 40.997370080481296 ], [ -3.125881204554394, 40.996937725705592 ], [ -3.126621420521901, 40.996937725705592 ], [ -3.126621420521901, 40.99650536809407 ], [ -3.128101852456918, 40.99650536809407 ], [ -3.128101852456918, 40.99607300764675 ], [ -3.128842068424426, 40.99607300764675 ], [ -3.128842068424426, 40.995640644363633 ], [ -3.129582284391935, 40.995640644363633 ], [ -3.129582284391935, 40.995208278244718 ], [ -3.130322500359444, 40.995208278244718 ], [ -3.130322500359444, 40.994775909290027 ], [ -3.131802932294459, 40.994775909290027 ], [ -3.131802932294459, 40.995208278244718 ], [ -3.132543148261968, 40.995208278244718 ], [ -3.132543148261968, 40.99607300764675 ], [ -3.133283364229476, 40.99607300764675 ], [ -3.133283364229476, 40.99650536809407 ], [ -3.134023580196985, 40.99650536809407 ], [ -3.134023580196985, 40.996937725705592 ], [ -3.134763796164493, 40.996937725705592 ], [ -3.134763796164493, 40.997370080481296 ], [ -3.135504012132002, 40.997370080481296 ], [ -3.135504012132002, 40.997802432421196 ], [ -3.13624422809951, 40.997802432421196 ], [ -3.13624422809951, 40.997370080481296 ], [ -3.137724660034527, 40.997370080481296 ], [ -3.137724660034527, 40.99607300764675 ], [ -3.138464876002035, 40.99607300764675 ], [ -3.138464876002035, 40.994775909290027 ], [ -3.139205091969543, 40.994775909290027 ], [ -3.139205091969543, 40.993478785411291 ], [ -3.139945307937052, 40.993478785411291 ], [ -3.139945307937052, 40.99218163601072 ], [ -3.14068552390456, 40.99218163601072 ], [ -3.14068552390456, 40.990452063776253 ], [ -3.139945307937052, 40.990452063776253 ], [ -3.139945307937052, 40.987425203191037 ], [ -3.139205091969543, 40.987425203191037 ], [ -3.139205091969543, 40.985695506185905 ], [ -3.139945307937052, 40.985695506185905 ], [ -3.139945307937052, 40.984830640669401 ], [ -3.14068552390456, 40.984830640669401 ], [ -3.14068552390456, 40.983965763810339 ], [ -3.141425739872068, 40.983965763810339 ], [ -3.141425739872068, 40.984398203657683 ], [ -3.142906171807085, 40.984398203657683 ], [ -3.142906171807085, 40.984830640669401 ], [ -3.14512681970961, 40.984830640669401 ], [ -3.14512681970961, 40.98526307484547 ], [ -3.148087683579643, 40.98526307484547 ], [ -3.148087683579643, 40.984830640669401 ], [ -3.150308331482168, 40.984830640669401 ], [ -3.150308331482168, 40.985695506185905 ], [ -3.151048547449676, 40.985695506185905 ], [ -3.151048547449676, 40.986992783193244 ], [ -3.151788763417185, 40.986992783193244 ], [ -3.151788763417185, 40.987857620353147 ], [ -3.152528979384693, 40.987857620353147 ], [ -3.152528979384693, 40.989154854825351 ], [ -3.153269195352201, 40.989154854825351 ], [ -3.153269195352201, 40.990452063776253 ], [ -3.15400941131971, 40.990452063776253 ], [ -3.15400941131971, 40.991316855564946 ], [ -3.154749627287218, 40.991316855564946 ], [ -3.154749627287218, 40.991749247205696 ], [ -3.155489843254727, 40.991749247205696 ], [ -3.155489843254727, 40.99218163601072 ], [ -3.156230059222235, 40.99218163601072 ], [ -3.156230059222235, 40.991749247205696 ], [ -3.156970275189743, 40.991749247205696 ], [ -3.156970275189743, 40.991316855564946 ], [ -3.157710491157252, 40.991316855564946 ], [ -3.157710491157252, 40.990884461088463 ], [ -3.15845070712476, 40.990884461088463 ], [ -3.15845070712476, 40.990452063776253 ], [ -3.159190923092269, 40.990452063776253 ], [ -3.159190923092269, 40.990019663628331 ], [ -3.159931139059776, 40.990019663628331 ], [ -3.159931139059776, 40.989154854825351 ], [ -3.160671355027285, 40.989154854825351 ], [ -3.160671355027285, 40.9887224461703 ], [ -3.161411570994793, 40.9887224461703 ], [ -3.161411570994793, 40.988290034679565 ], [ -3.162151786962302, 40.988290034679565 ], [ -3.162151786962302, 40.987857620353147 ], [ -3.16289200292981, 40.987857620353147 ], [ -3.16289200292981, 40.986992783193244 ], [ -3.163632218897318, 40.986992783193244 ], [ -3.163632218897318, 40.986560360359796 ], [ -3.164372434864827, 40.986560360359796 ], [ -3.164372434864827, 40.986127934690685 ], [ -3.166593082767351, 40.986127934690685 ], [ -3.166593082767351, 40.985695506185905 ], [ -3.169553946637385, 40.985695506185905 ], [ -3.169553946637385, 40.984830640669401 ], [ -3.170294162604893, 40.984830640669401 ], [ -3.170294162604893, 40.984398203657683 ], [ -3.171034378572402, 40.984398203657683 ], [ -3.171034378572402, 40.983965763810339 ], [ -3.17177459453991, 40.983965763810339 ], [ -3.17177459453991, 40.98310087560877 ], [ -3.172514810507418, 40.98310087560877 ], [ -3.172514810507418, 40.98137106517828 ], [ -3.173255026474926, 40.98137106517828 ], [ -3.173255026474926, 40.979208738339416 ], [ -3.173995242442435, 40.979208738339416 ], [ -3.173995242442435, 40.97877626446494 ], [ -3.174735458409944, 40.97877626446494 ], [ -3.174735458409944, 40.978343787754902 ], [ -3.175475674377452, 40.978343787754902 ], [ -3.175475674377452, 40.977911308209322 ], [ -3.17621589034496, 40.977911308209322 ], [ -3.17621589034496, 40.977478825828193 ], [ -3.176956106312468, 40.977478825828193 ], [ -3.176956106312468, 40.97704634061153 ], [ -3.177696322279977, 40.97704634061153 ], [ -3.177696322279977, 40.976613852559332 ], [ -3.178436538247485, 40.976613852559332 ], [ -3.178436538247485, 40.976181361671614 ], [ -3.181397402117518, 40.976181361671614 ], [ -3.181397402117518, 40.976613852559332 ], [ -3.182137618085027, 40.976613852559332 ], [ -3.182137618085027, 40.977478825828193 ], [ -3.182877834052535, 40.977478825828193 ], [ -3.182877834052535, 40.978343787754902 ], [ -3.183618050020043, 40.978343787754902 ], [ -3.183618050020043, 40.979208738339416 ], [ -3.184358265987552, 40.979208738339416 ], [ -3.184358265987552, 40.979641209378336 ], [ -3.185838697922568, 40.979641209378336 ], [ -3.185838697922568, 40.9800736775817 ], [ -3.186578913890076, 40.9800736775817 ], [ -3.186578913890076, 40.980506142949466 ], [ -3.188059345825093, 40.980506142949466 ], [ -3.188059345825093, 40.98137106517828 ], [ -3.188799561792601, 40.98137106517828 ], [ -3.188799561792601, 40.982235976064736 ], [ -3.18953977776011, 40.982235976064736 ], [ -3.18953977776011, 40.98310087560877 ], [ -3.190279993727618, 40.98310087560877 ], [ -3.190279993727618, 40.983533321127361 ], [ -3.191020209695127, 40.983533321127361 ], [ -3.191020209695127, 40.984398203657683 ], [ -3.191760425662635, 40.984398203657683 ], [ -3.191760425662635, 40.98526307484547 ], [ -3.192500641630143, 40.98526307484547 ], [ -3.192500641630143, 40.986127934690685 ], [ -3.193240857597652, 40.986127934690685 ], [ -3.193240857597652, 40.986992783193244 ], [ -3.19398107356516, 40.986992783193244 ], [ -3.19398107356516, 40.990452063776253 ], [ -3.193240857597652, 40.990452063776253 ], [ -3.193240857597652, 40.991316855564946 ], [ -3.192500641630143, 40.991316855564946 ], [ -3.192500641630143, 40.99218163601072 ], [ -3.191760425662635, 40.99218163601072 ], [ -3.191760425662635, 40.992614021979996 ], [ -3.191020209695127, 40.992614021979996 ], [ -3.191020209695127, 40.99218163601072 ], [ -3.188059345825093, 40.99218163601072 ], [ -3.188059345825093, 40.991749247205696 ], [ -3.184358265987552, 40.991749247205696 ], [ -3.184358265987552, 40.991316855564946 ], [ -3.182877834052535, 40.991316855564946 ], [ -3.182877834052535, 40.991749247205696 ], [ -3.182137618085027, 40.991749247205696 ], [ -3.182137618085027, 40.992614021979996 ], [ -3.181397402117518, 40.992614021979996 ], [ -3.181397402117518, 40.993911162873303 ], [ -3.18065718615001, 40.993911162873303 ], [ -3.18065718615001, 40.994775909290027 ], [ -3.179916970182502, 40.994775909290027 ], [ -3.179916970182502, 40.99607300764675 ], [ -3.179176754214994, 40.99607300764675 ], [ -3.179176754214994, 40.996937725705592 ], [ -3.17621589034496, 40.996937725705592 ], [ -3.17621589034496, 40.99650536809407 ], [ -3.173255026474926, 40.99650536809407 ], [ -3.173255026474926, 40.997370080481296 ], [ -3.172514810507418, 40.997370080481296 ], [ -3.172514810507418, 40.997802432421196 ], [ -3.17177459453991, 40.997802432421196 ], [ -3.17177459453991, 40.998234781525269 ], [ -3.166593082767351, 40.998234781525269 ], [ -3.166593082767351, 40.998667127793524 ], [ -3.165852866799844, 40.998667127793524 ], [ -3.165852866799844, 40.999531811822514 ], [ -3.165112650832335, 40.999531811822514 ], [ -3.165112650832335, 40.999964149583256 ], [ -3.164372434864827, 40.999964149583256 ], [ -3.164372434864827, 41.00039648450813 ], [ -3.162151786962302, 41.00039648450813 ], [ -3.162151786962302, 41.000828816597156 ], [ -3.159931139059776, 41.000828816597156 ], [ -3.159931139059776, 41.001261145850322 ], [ -3.157710491157252, 41.001261145850322 ], [ -3.157710491157252, 41.001693472267618 ], [ -3.156230059222235, 41.001693472267618 ], [ -3.156230059222235, 41.002558116594571 ], [ -3.155489843254727, 41.002558116594571 ], [ -3.155489843254727, 41.002990434504227 ], [ -3.154749627287218, 41.002990434504227 ], [ -3.154749627287218, 41.003422749577986 ], [ -3.15400941131971, 41.003422749577986 ], [ -3.15400941131971, 41.004287371217806 ], [ -3.153269195352201, 41.004287371217806 ], [ -3.153269195352201, 41.004719677783854 ], [ -3.152528979384693, 41.004719677783854 ], [ -3.152528979384693, 41.005151981513983 ], [ -3.151788763417185, 41.005151981513983 ], [ -3.151788763417185, 41.005584282408186 ], [ -3.146607251644626, 41.005584282408186 ], [ -3.146607251644626, 41.005151981513983 ], [ -3.144386603742102, 41.005151981513983 ], [ -3.144386603742102, 41.005584282408186 ], [ -3.143646387774594, 41.005584282408186 ], [ -3.143646387774594, 41.006448875688804 ], [ -3.144386603742102, 41.006448875688804 ], [ -3.144386603742102, 41.006881168075203 ], [ -3.14512681970961, 41.006881168075203 ], [ -3.14512681970961, 41.007313457625671 ], [ -3.146607251644626, 41.007313457625671 ], [ -3.146607251644626, 41.007745744340163 ], [ -3.147347467612135, 41.007745744340163 ], [ -3.147347467612135, 41.008178028218708 ], [ -3.148087683579643, 41.008178028218708 ], [ -3.148087683579643, 41.008610309261279 ], [ -3.148827899547152, 41.008610309261279 ], [ -3.148827899547152, 41.009042587467896 ], [ -3.150308331482168, 41.009042587467896 ], [ -3.150308331482168, 41.009907135373169 ], [ -3.151048547449676, 41.009907135373169 ], [ -3.151048547449676, 41.012068455506451 ], [ -3.151788763417185, 41.012068455506451 ], [ -3.151788763417185, 41.014229704739265 ], [ -3.152528979384693, 41.014229704739265 ], [ -3.152528979384693, 41.01682311022897 ], [ -3.151788763417185, 41.01682311022897 ], [ -3.151788763417185, 41.018984203478105 ], [ -3.151048547449676, 41.018984203478105 ], [ -3.151048547449676, 41.019416413619609 ], [ -3.150308331482168, 41.019416413619609 ], [ -3.150308331482168, 41.019848620924996 ], [ -3.148827899547152, 41.019848620924996 ], [ -3.148827899547152, 41.020713027027391 ], [ -3.148087683579643, 41.020713027027391 ], [ -3.148087683579643, 41.024602714098577 ], [ -3.147347467612135, 41.024602714098577 ], [ -3.147347467612135, 41.030220745402552 ], [ -3.146607251644626, 41.030220745402552 ], [ -3.146607251644626, 41.03238139904186 ], [ -3.145867035677119, 41.03238139904186 ], [ -3.145867035677119, 41.032813521260856 ], [ -3.14512681970961, 41.032813521260856 ], [ -3.14512681970961, 41.033677757189906 ], [ -3.144386603742102, 41.033677757189906 ], [ -3.144386603742102, 41.034541981773685 ], [ -3.143646387774594, 41.034541981773685 ], [ -3.143646387774594, 41.03540619501215 ], [ -3.144386603742102, 41.03540619501215 ], [ -3.144386603742102, 41.03583829737687 ], [ -3.14512681970961, 41.03583829737687 ], [ -3.14512681970961, 41.036702493597261 ], [ -3.145867035677119, 41.036702493597261 ], [ -3.145867035677119, 41.037134587452933 ], [ -3.146607251644626, 41.037134587452933 ], [ -3.146607251644626, 41.037566678472224 ], [ -3.147347467612135, 41.037566678472224 ], [ -3.147347467612135, 41.03799876665515 ], [ -3.148087683579643, 41.03799876665515 ], [ -3.148087683579643, 41.038430852001703 ], [ -3.148827899547152, 41.038430852001703 ], [ -3.148827899547152, 41.038862934511862 ], [ -3.150308331482168, 41.038862934511862 ], [ -3.150308331482168, 41.038430852001703 ], [ -3.151788763417185, 41.038430852001703 ], [ -3.151788763417185, 41.03799876665515 ], [ -3.15400941131971, 41.03799876665515 ], [ -3.15400941131971, 41.037566678472224 ], [ -3.155489843254727, 41.037566678472224 ], [ -3.155489843254727, 41.037134587452933 ], [ -3.156970275189743, 41.037134587452933 ], [ -3.156970275189743, 41.036270396905252 ], [ -3.157710491157252, 41.036270396905252 ], [ -3.157710491157252, 41.03583829737687 ], [ -3.15845070712476, 41.03583829737687 ], [ -3.15845070712476, 41.03497408981108 ], [ -3.159190923092269, 41.03497408981108 ], [ -3.159190923092269, 41.034541981773685 ], [ -3.159931139059776, 41.034541981773685 ], [ -3.159931139059776, 41.034109870899961 ], [ -3.16289200292981, 41.034109870899961 ], [ -3.16289200292981, 41.033677757189906 ], [ -3.163632218897318, 41.033677757189906 ], [ -3.163632218897318, 41.031085015367125 ], [ -3.164372434864827, 41.031085015367125 ], [ -3.164372434864827, 41.029356464092892 ], [ -3.165112650832335, 41.029356464092892 ], [ -3.165112650832335, 41.028924319183666 ], [ -3.165852866799844, 41.028924319183666 ], [ -3.165852866799844, 41.028492171438195 ], [ -3.166593082767351, 41.028492171438195 ], [ -3.166593082767351, 41.028924319183666 ], [ -3.16733329873486, 41.028924319183666 ], [ -3.16733329873486, 41.029356464092892 ], [ -3.168073514702368, 41.029356464092892 ], [ -3.168073514702368, 41.029788606165845 ], [ -3.168813730669876, 41.029788606165845 ], [ -3.168813730669876, 41.030220745402552 ], [ -3.169553946637385, 41.030220745402552 ], [ -3.169553946637385, 41.030652881802979 ], [ -3.18065718615001, 41.030652881802979 ], [ -3.18065718615001, 41.030220745402552 ], [ -3.182137618085027, 41.030220745402552 ], [ -3.182137618085027, 41.025899225404402 ], [ -3.181397402117518, 41.025899225404402 ], [ -3.181397402117518, 41.025034887370055 ], [ -3.18065718615001, 41.025034887370055 ], [ -3.18065718615001, 41.024602714098577 ], [ -3.179916970182502, 41.024602714098577 ], [ -3.179916970182502, 41.023738359047066 ], [ -3.179176754214994, 41.023738359047066 ], [ -3.179176754214994, 41.019416413619609 ], [ -3.179916970182502, 41.019416413619609 ], [ -3.179916970182502, 41.018984203478105 ], [ -3.18065718615001, 41.018984203478105 ], [ -3.18065718615001, 41.018119774686745 ], [ -3.181397402117518, 41.018119774686745 ], [ -3.181397402117518, 41.017687556036918 ], [ -3.182877834052535, 41.017687556036918 ], [ -3.182877834052535, 41.017255334550988 ], [ -3.185838697922568, 41.017255334550988 ], [ -3.185838697922568, 41.01682311022897 ], [ -3.186578913890076, 41.01682311022897 ], [ -3.186578913890076, 41.016390883070855 ], [ -3.187319129857585, 41.016390883070855 ], [ -3.187319129857585, 41.014229704739265 ], [ -3.188059345825093, 41.014229704739265 ], [ -3.188059345825093, 41.012068455506451 ], [ -3.18953977776011, 41.012068455506451 ], [ -3.18953977776011, 41.011636197151809 ], [ -3.190279993727618, 41.011636197151809 ], [ -3.190279993727618, 41.010771671934485 ], [ -3.191020209695127, 41.010771671934485 ], [ -3.191020209695127, 41.005584282408186 ], [ -3.191760425662635, 41.005584282408186 ], [ -3.191760425662635, 41.001693472267618 ], [ -3.192500641630143, 41.001693472267618 ], [ -3.192500641630143, 41.001261145850322 ], [ -3.193240857597652, 41.001261145850322 ], [ -3.193240857597652, 41.000828816597156 ], [ -3.19398107356516, 41.000828816597156 ], [ -3.19398107356516, 41.00039648450813 ], [ -3.194721289532668, 41.00039648450813 ], [ -3.194721289532668, 40.999964149583256 ], [ -3.196201721467685, 40.999964149583256 ], [ -3.196201721467685, 41.00039648450813 ], [ -3.197682153402702, 41.00039648450813 ], [ -3.197682153402702, 41.001261145850322 ], [ -3.19842236937021, 41.001261145850322 ], [ -3.19842236937021, 41.002558116594571 ], [ -3.199162585337718, 41.002558116594571 ], [ -3.199162585337718, 41.003422749577986 ], [ -3.199902801305227, 41.003422749577986 ], [ -3.199902801305227, 41.004287371217806 ], [ -3.200643017272736, 41.004287371217806 ], [ -3.200643017272736, 41.005584282408186 ], [ -3.201383233240243, 41.005584282408186 ], [ -3.201383233240243, 41.006448875688804 ], [ -3.202123449207751, 41.006448875688804 ], [ -3.202123449207751, 41.010339405071825 ], [ -3.201383233240243, 41.010339405071825 ], [ -3.201383233240243, 41.011203935961149 ], [ -3.200643017272736, 41.011203935961149 ], [ -3.200643017272736, 41.012068455506451 ], [ -3.199902801305227, 41.012068455506451 ], [ -3.199902801305227, 41.013365213554245 ], [ -3.200643017272736, 41.013365213554245 ], [ -3.200643017272736, 41.015958653076673 ], [ -3.201383233240243, 41.015958653076673 ], [ -3.201383233240243, 41.017687556036918 ], [ -3.202123449207751, 41.017687556036918 ], [ -3.202123449207751, 41.018119774686745 ], [ -3.20286366517526, 41.018119774686745 ], [ -3.20286366517526, 41.018551990500484 ], [ -3.203603881142768, 41.018551990500484 ], [ -3.203603881142768, 41.018984203478105 ], [ -3.204344097110277, 41.018984203478105 ], [ -3.204344097110277, 41.019848620924996 ], [ -3.205084313077785, 41.019848620924996 ], [ -3.205084313077785, 41.025034887370055 ], [ -3.204344097110277, 41.025034887370055 ], [ -3.204344097110277, 41.026331390167265 ], [ -3.203603881142768, 41.026331390167265 ], [ -3.203603881142768, 41.027627867438518 ], [ -3.20286366517526, 41.027627867438518 ], [ -3.20286366517526, 41.028060020856479 ], [ -3.202123449207751, 41.028060020856479 ], [ -3.202123449207751, 41.028492171438195 ], [ -3.201383233240243, 41.028492171438195 ], [ -3.201383233240243, 41.028924319183666 ], [ -3.200643017272736, 41.028924319183666 ], [ -3.200643017272736, 41.029788606165845 ], [ -3.199902801305227, 41.029788606165845 ], [ -3.199902801305227, 41.030220745402552 ], [ -3.199162585337718, 41.030220745402552 ], [ -3.199162585337718, 41.031517146094991 ], [ -3.199902801305227, 41.031517146094991 ], [ -3.199902801305227, 41.031949273986577 ], [ -3.200643017272736, 41.031949273986577 ], [ -3.200643017272736, 41.03238139904186 ], [ -3.201383233240243, 41.03238139904186 ], [ -3.201383233240243, 41.032813521260856 ], [ -3.202123449207751, 41.032813521260856 ], [ -3.202123449207751, 41.033245640643528 ], [ -3.20286366517526, 41.033245640643528 ], [ -3.20286366517526, 41.033677757189906 ], [ -3.203603881142768, 41.033677757189906 ], [ -3.203603881142768, 41.03497408981108 ], [ -3.204344097110277, 41.03497408981108 ], [ -3.204344097110277, 41.036270396905252 ], [ -3.205084313077785, 41.036270396905252 ], [ -3.205084313077785, 41.03799876665515 ], [ -3.204344097110277, 41.03799876665515 ], [ -3.204344097110277, 41.041455370008464 ], [ -3.203603881142768, 41.041455370008464 ], [ -3.203603881142768, 41.041887432663778 ], [ -3.201383233240243, 41.041887432663778 ], [ -3.201383233240243, 41.042319492482662 ], [ -3.199162585337718, 41.042319492482662 ], [ -3.199162585337718, 41.042751549465109 ], [ -3.197682153402702, 41.042751549465109 ], [ -3.197682153402702, 41.043183603611105 ], [ -3.195461505500177, 41.043183603611105 ], [ -3.195461505500177, 41.043615654920657 ], [ -3.19398107356516, 41.043615654920657 ], [ -3.19398107356516, 41.044047703393765 ], [ -3.192500641630143, 41.044047703393765 ], [ -3.192500641630143, 41.04750398906549 ], [ -3.193240857597652, 41.04750398906549 ], [ -3.193240857597652, 41.050528090111662 ], [ -3.192500641630143, 41.050528090111662 ], [ -3.192500641630143, 41.051392093453146 ], [ -3.191760425662635, 41.051392093453146 ], [ -3.191760425662635, 41.05182409086904 ], [ -3.191020209695127, 41.05182409086904 ], [ -3.191020209695127, 41.052256085448377 ], [ -3.190279993727618, 41.052256085448377 ], [ -3.190279993727618, 41.052688077191135 ], [ -3.187319129857585, 41.052688077191135 ], [ -3.187319129857585, 41.053120066097314 ], [ -3.186578913890076, 41.053120066097314 ], [ -3.186578913890076, 41.053552052166907 ], [ -3.185838697922568, 41.053552052166907 ], [ -3.185838697922568, 41.055279968079311 ], [ -3.18509848195506, 41.055279968079311 ], [ -3.18509848195506, 41.057007838605884 ], [ -3.184358265987552, 41.057007838605884 ], [ -3.184358265987552, 41.059167612939667 ], [ -3.183618050020043, 41.059167612939667 ], [ -3.183618050020043, 41.061327316356746 ], [ -3.182877834052535, 41.061327316356746 ], [ -3.182877834052535, 41.063055028029893 ], [ -3.182137618085027, 41.063055028029893 ], [ -3.182137618085027, 41.063918866846159 ], [ -3.181397402117518, 41.063918866846159 ], [ -3.181397402117518, 41.06478269431549 ], [ -3.18065718615001, 41.06478269431549 ], [ -3.18065718615001, 41.065646510437837 ], [ -3.179916970182502, 41.065646510437837 ], [ -3.179916970182502, 41.066078414243883 ], [ -3.179176754214994, 41.066078414243883 ], [ -3.179176754214994, 41.066942213345676 ], [ -3.178436538247485, 41.066942213345676 ], [ -3.178436538247485, 41.067806001100358 ], [ -3.177696322279977, 41.067806001100358 ], [ -3.177696322279977, 41.068237890722536 ], [ -3.176956106312468, 41.068237890722536 ], [ -3.176956106312468, 41.068669777507907 ], [ -3.173995242442435, 41.068669777507907 ], [ -3.173995242442435, 41.068237890722536 ], [ -3.173255026474926, 41.068237890722536 ], [ -3.173255026474926, 41.067806001100358 ], [ -3.172514810507418, 41.067806001100358 ], [ -3.172514810507418, 41.06737410864141 ], [ -3.17177459453991, 41.06737410864141 ], [ -3.17177459453991, 41.066510315213165 ], [ -3.171034378572402, 41.066510315213165 ], [ -3.171034378572402, 41.066078414243883 ], [ -3.170294162604893, 41.066078414243883 ], [ -3.170294162604893, 41.065646510437837 ], [ -3.169553946637385, 41.065646510437837 ], [ -3.169553946637385, 41.065214603795049 ], [ -3.16733329873486, 41.065214603795049 ], [ -3.16733329873486, 41.065646510437837 ], [ -3.166593082767351, 41.065646510437837 ], [ -3.166593082767351, 41.066510315213165 ], [ -3.165852866799844, 41.066510315213165 ], [ -3.165852866799844, 41.06737410864141 ], [ -3.165112650832335, 41.06737410864141 ], [ -3.165112650832335, 41.068237890722536 ], [ -3.162151786962302, 41.068237890722536 ], [ -3.162151786962302, 41.067806001100358 ], [ -3.156970275189743, 41.067806001100358 ], [ -3.156970275189743, 41.068237890722536 ], [ -3.156230059222235, 41.068237890722536 ], [ -3.156230059222235, 41.068669777507907 ], [ -3.155489843254727, 41.068669777507907 ], [ -3.155489843254727, 41.071261038647194 ], [ -3.156230059222235, 41.071261038647194 ], [ -3.156230059222235, 41.072988489336787 ], [ -3.156970275189743, 41.072988489336787 ], [ -3.156970275189743, 41.073852197660464 ], [ -3.156230059222235, 41.073852197660464 ], [ -3.156230059222235, 41.075579580265341 ], [ -3.155489843254727, 41.075579580265341 ], [ -3.155489843254727, 41.076443254546447 ], [ -3.154749627287218, 41.076443254546447 ], [ -3.154749627287218, 41.076875087431638 ], [ -3.15400941131971, 41.076875087431638 ], [ -3.15400941131971, 41.07730691747993 ], [ -3.152528979384693, 41.07730691747993 ], [ -3.152528979384693, 41.076875087431638 ], [ -3.151788763417185, 41.076875087431638 ], [ -3.151788763417185, 41.076443254546447 ], [ -3.151048547449676, 41.076443254546447 ], [ -3.151048547449676, 41.076011418824336 ], [ -3.150308331482168, 41.076011418824336 ], [ -3.150308331482168, 41.075579580265341 ], [ -3.148827899547152, 41.075579580265341 ], [ -3.148827899547152, 41.076011418824336 ], [ -3.148087683579643, 41.076011418824336 ], [ -3.148087683579643, 41.076875087431638 ], [ -3.147347467612135, 41.076875087431638 ], [ -3.147347467612135, 41.077738744691302 ], [ -3.146607251644626, 41.077738744691302 ], [ -3.146607251644626, 41.079034209303863 ], [ -3.145867035677119, 41.079034209303863 ], [ -3.145867035677119, 41.080329648383952 ], [ -3.14512681970961, 41.080329648383952 ], [ -3.14512681970961, 41.081193260252583 ], [ -3.144386603742102, 41.081193260252583 ], [ -3.144386603742102, 41.082056860773321 ], [ -3.143646387774594, 41.082056860773321 ], [ -3.143646387774594, 41.08248865677821 ], [ -3.142906171807085, 41.08248865677821 ], [ -3.142906171807085, 41.08292044994613 ], [ -3.142165955839576, 41.08292044994613 ], [ -3.142165955839576, 41.083352240277058 ], [ -3.141425739872068, 41.083352240277058 ], [ -3.141425739872068, 41.083784027770974 ], [ -3.14068552390456, 41.083784027770974 ], [ -3.14068552390456, 41.084647594247798 ], [ -3.139945307937052, 41.084647594247798 ], [ -3.139945307937052, 41.085079373230698 ], [ -3.138464876002035, 41.085079373230698 ], [ -3.138464876002035, 41.084647594247798 ], [ -3.134023580196985, 41.084647594247798 ], [ -3.134023580196985, 41.085511149376565 ], [ -3.133283364229476, 41.085511149376565 ], [ -3.133283364229476, 41.085942922685405 ], [ -3.132543148261968, 41.085942922685405 ], [ -3.132543148261968, 41.086374693157211 ], [ -3.128101852456918, 41.086374693157211 ], [ -3.128101852456918, 41.086806460791983 ], [ -3.12736163648941, 41.086806460791983 ], [ -3.12736163648941, 41.08766998755037 ], [ -3.126621420521901, 41.08766998755037 ], [ -3.126621420521901, 41.088533502960537 ], [ -3.125881204554394, 41.088533502960537 ], [ -3.125881204554394, 41.089397007022427 ], [ -3.125140988586885, 41.089397007022427 ], [ -3.125140988586885, 41.089828754797736 ], [ -3.124400772619377, 41.089828754797736 ], [ -3.124400772619377, 41.089397007022427 ], [ -3.122180124716852, 41.089397007022427 ], [ -3.122180124716852, 41.08896525641002 ], [ -3.121439908749343, 41.08896525641002 ], [ -3.121439908749343, 41.084215812427892 ], [ -3.120699692781835, 41.084215812427892 ], [ -3.120699692781835, 41.083352240277058 ], [ -3.119959476814327, 41.083352240277058 ], [ -3.119959476814327, 41.08292044994613 ], [ -3.119219260846818, 41.08292044994613 ], [ -3.119219260846818, 41.082056860773321 ], [ -3.11847904487931, 41.082056860773321 ], [ -3.11847904487931, 41.081625061931426 ], [ -3.117738828911802, 41.081625061931426 ], [ -3.117738828911802, 41.081193260252583 ], [ -3.116998612944293, 41.081193260252583 ], [ -3.116998612944293, 41.080761455736749 ], [ -3.116258396976785, 41.080761455736749 ], [ -3.116258396976785, 41.079897838194206 ], [ -3.11403774907426, 41.079897838194206 ], [ -3.11403774907426, 41.080329648383952 ], [ -3.113297533106751, 41.080329648383952 ], [ -3.113297533106751, 41.081193260252583 ], [ -3.112557317139244, 41.081193260252583 ], [ -3.112557317139244, 41.082056860773321 ], [ -3.111817101171734, 41.082056860773321 ], [ -3.111817101171734, 41.083352240277058 ], [ -3.112557317139244, 41.083352240277058 ], [ -3.112557317139244, 41.084215812427892 ], [ -3.113297533106751, 41.084215812427892 ], [ -3.113297533106751, 41.084647594247798 ], [ -3.11403774907426, 41.084647594247798 ], [ -3.11403774907426, 41.085079373230698 ], [ -3.114777965041768, 41.085079373230698 ], [ -3.114777965041768, 41.085942922685405 ], [ -3.115518181009276, 41.085942922685405 ], [ -3.115518181009276, 41.089828754797736 ], [ -3.114777965041768, 41.089828754797736 ], [ -3.114777965041768, 41.090692241837125 ], [ -3.11403774907426, 41.090692241837125 ], [ -3.11403774907426, 41.09198745111793 ], [ -3.113297533106751, 41.09198745111793 ], [ -3.113297533106751, 41.092850909786236 ], [ -3.112557317139244, 41.092850909786236 ], [ -3.112557317139244, 41.09371435710603 ], [ -3.111817101171734, 41.09371435710603 ], [ -3.111817101171734, 41.097168032899141 ], [ -3.112557317139244, 41.097168032899141 ], [ -3.112557317139244, 41.099758170582298 ], [ -3.113297533106751, 41.099758170582298 ], [ -3.113297533106751, 41.10018985026592 ], [ -3.116258396976785, 41.10018985026592 ], [ -3.116258396976785, 41.100621527112303 ], [ -3.116998612944293, 41.100621527112303 ], [ -3.116998612944293, 41.101053201121459 ], [ -3.117738828911802, 41.101053201121459 ], [ -3.117738828911802, 41.101916540628046 ], [ -3.11847904487931, 41.101916540628046 ], [ -3.11847904487931, 41.110549311490949 ], [ -3.117738828911802, 41.110549311490949 ], [ -3.117738828911802, 41.114433688105521 ], [ -3.11847904487931, 41.114433688105521 ], [ -3.11847904487931, 41.116160003939306 ], [ -3.119219260846818, 41.116160003939306 ], [ -3.119219260846818, 41.118317834889027 ], [ -3.11847904487931, 41.118317834889027 ], [ -3.11847904487931, 41.119612499409222 ], [ -3.117738828911802, 41.119612499409222 ], [ -3.117738828911802, 41.120475594901912 ], [ -3.116998612944293, 41.120475594901912 ], [ -3.116998612944293, 41.121338679044584 ], [ -3.116258396976785, 41.121338679044584 ], [ -3.116258396976785, 41.121770216859666 ], [ -3.114777965041768, 41.121770216859666 ], [ -3.114777965041768, 41.122201751837217 ], [ -3.112557317139244, 41.122201751837217 ], [ -3.112557317139244, 41.122633283977237 ], [ -3.111076885204227, 41.122633283977237 ], [ -3.111076885204227, 41.12306481327974 ], [ -3.10959645326921, 41.12306481327974 ], [ -3.10959645326921, 41.125222417229033 ], [ -3.110336669236718, 41.125222417229033 ], [ -3.110336669236718, 41.12651694554787 ], [ -3.111076885204227, 41.12651694554787 ], [ -3.111076885204227, 41.127379950239195 ], [ -3.111817101171734, 41.127379950239195 ], [ -3.111817101171734, 41.128674435994178 ], [ -3.112557317139244, 41.128674435994178 ], [ -3.112557317139244, 41.129105925570634 ], [ -3.116998612944293, 41.129105925570634 ], [ -3.116998612944293, 41.128674435994178 ], [ -3.11847904487931, 41.128674435994178 ], [ -3.11847904487931, 41.129105925570634 ], [ -3.119219260846818, 41.129105925570634 ], [ -3.119219260846818, 41.129968896210663 ], [ -3.119959476814327, 41.129968896210663 ], [ -3.119959476814327, 41.130831855500169 ], [ -3.120699692781835, 41.130831855500169 ], [ -3.120699692781835, 41.131694803439117 ], [ -3.121439908749343, 41.131694803439117 ], [ -3.121439908749343, 41.13212627315211 ], [ -3.12292034068436, 41.13212627315211 ], [ -3.12292034068436, 41.132557740027451 ], [ -3.125881204554394, 41.132557740027451 ], [ -3.125881204554394, 41.132989204065112 ], [ -3.12736163648941, 41.132989204065112 ], [ -3.12736163648941, 41.134715031839036 ], [ -3.128101852456918, 41.134715031839036 ], [ -3.128101852456918, 41.136872252708272 ], [ -3.12736163648941, 41.136872252708272 ], [ -3.12736163648941, 41.13859797832469 ], [ -3.125881204554394, 41.13859797832469 ], [ -3.125881204554394, 41.139029402634442 ], [ -3.123660556651868, 41.139029402634442 ], [ -3.123660556651868, 41.139460824106429 ], [ -3.121439908749343, 41.139460824106429 ], [ -3.121439908749343, 41.141617888899951 ], [ -3.122180124716852, 41.141617888899951 ], [ -3.122180124716852, 41.142912093722671 ], [ -3.12292034068436, 41.142912093722671 ], [ -3.12292034068436, 41.144206273005153 ], [ -3.123660556651868, 41.144206273005153 ], [ -3.123660556651868, 41.144637660423662 ], [ -3.125881204554394, 41.144637660423662 ], [ -3.125881204554394, 41.144206273005153 ], [ -3.128101852456918, 41.144206273005153 ], [ -3.128101852456918, 41.143774882748794 ], [ -3.129582284391935, 41.143774882748794 ], [ -3.129582284391935, 41.143343489654633 ], [ -3.131802932294459, 41.143343489654633 ], [ -3.131802932294459, 41.142912093722671 ], [ -3.133283364229476, 41.142912093722671 ], [ -3.133283364229476, 41.143343489654633 ], [ -3.134023580196985, 41.143343489654633 ], [ -3.134023580196985, 41.143774882748794 ], [ -3.134763796164493, 41.143774882748794 ], [ -3.134763796164493, 41.144637660423662 ], [ -3.135504012132002, 41.144637660423662 ], [ -3.135504012132002, 41.145069045004362 ], [ -3.13624422809951, 41.145069045004362 ], [ -3.13624422809951, 41.145500426747226 ], [ -3.136984444067018, 41.145500426747226 ], [ -3.136984444067018, 41.14636318171943 ], [ -3.137724660034527, 41.14636318171943 ], [ -3.137724660034527, 41.147657292893854 ], [ -3.138464876002035, 41.147657292893854 ], [ -3.138464876002035, 41.149814088093777 ], [ -3.139205091969543, 41.149814088093777 ], [ -3.139205091969543, 41.151539473171617 ], [ -3.139945307937052, 41.151539473171617 ], [ -3.139945307937052, 41.152402148683045 ], [ -3.14068552390456, 41.152402148683045 ], [ -3.14068552390456, 41.152833482181855 ], [ -3.141425739872068, 41.152833482181855 ], [ -3.141425739872068, 41.153264812842743 ], [ -3.142165955839576, 41.153264812842743 ], [ -3.142165955839576, 41.153696140665687 ], [ -3.142906171807085, 41.153696140665687 ], [ -3.142906171807085, 41.15412746565066 ], [ -3.143646387774594, 41.15412746565066 ], [ -3.143646387774594, 41.154558787797704 ], [ -3.144386603742102, 41.154558787797704 ], [ -3.144386603742102, 41.154990107106769 ], [ -3.14512681970961, 41.154990107106769 ], [ -3.14512681970961, 41.155421423577877 ], [ -3.145867035677119, 41.155421423577877 ], [ -3.145867035677119, 41.156284048006185 ], [ -3.146607251644626, 41.156284048006185 ], [ -3.146607251644626, 41.158009262806921 ], [ -3.147347467612135, 41.158009262806921 ], [ -3.147347467612135, 41.160165717452678 ], [ -3.146607251644626, 41.160165717452678 ], [ -3.146607251644626, 41.164478413890819 ], [ -3.147347467612135, 41.164478413890819 ], [ -3.147347467612135, 41.167065895525631 ], [ -3.148087683579643, 41.167065895525631 ], [ -3.148087683579643, 41.167928366698952 ], [ -3.147347467612135, 41.167928366698952 ], [ -3.147347467612135, 41.168359598028403 ], [ -3.146607251644626, 41.168359598028403 ], [ -3.146607251644626, 41.16922205217287 ], [ -3.145867035677119, 41.16922205217287 ], [ -3.145867035677119, 41.169653274987866 ], [ -3.14512681970961, 41.169653274987866 ], [ -3.14512681970961, 41.170084494964705 ], [ -3.142906171807085, 41.170084494964705 ], [ -3.142906171807085, 41.170515712103381 ], [ -3.141425739872068, 41.170515712103381 ], [ -3.141425739872068, 41.171809346490335 ], [ -3.142165955839576, 41.171809346490335 ], [ -3.142165955839576, 41.172240552276278 ], [ -3.142906171807085, 41.172240552276278 ], [ -3.142906171807085, 41.173102955333569 ], [ -3.143646387774594, 41.173102955333569 ], [ -3.143646387774594, 41.177845969215618 ], [ -3.142906171807085, 41.177845969215618 ], [ -3.142906171807085, 41.178708298478696 ], [ -3.142165955839576, 41.178708298478696 ], [ -3.142165955839576, 41.179139458852809 ], [ -3.138464876002035, 41.179139458852809 ], [ -3.138464876002035, 41.178708298478696 ], [ -3.137724660034527, 41.178708298478696 ], [ -3.137724660034527, 41.179139458852809 ], [ -3.136984444067018, 41.179139458852809 ], [ -3.136984444067018, 41.179570616388638 ], [ -3.13624422809951, 41.179570616388638 ], [ -3.13624422809951, 41.180432922945414 ], [ -3.135504012132002, 41.180432922945414 ], [ -3.135504012132002, 41.18086407196634 ], [ -3.134763796164493, 41.18086407196634 ], [ -3.134763796164493, 41.182157501999257 ], [ -3.135504012132002, 41.182157501999257 ], [ -3.135504012132002, 41.183019774496231 ], [ -3.13624422809951, 41.183019774496231 ], [ -3.13624422809951, 41.183450906487195 ], [ -3.136984444067018, 41.183450906487195 ], [ -3.136984444067018, 41.184313161954123 ], [ -3.137724660034527, 41.184313161954123 ], [ -3.137724660034527, 41.185175406067621 ], [ -3.138464876002035, 41.185175406067621 ], [ -3.138464876002035, 41.189055364078449 ], [ -3.137724660034527, 41.189055364078449 ], [ -3.137724660034527, 41.189917545747278 ], [ -3.136984444067018, 41.189917545747278 ], [ -3.136984444067018, 41.190348632324053 ], [ -3.13624422809951, 41.190348632324053 ], [ -3.13624422809951, 41.19077971606238 ], [ -3.133283364229476, 41.19077971606238 ], [ -3.133283364229476, 41.191210796962274 ], [ -3.132543148261968, 41.191210796962274 ], [ -3.132543148261968, 41.191641875023713 ], [ -3.131802932294459, 41.191641875023713 ], [ -3.131802932294459, 41.192935092177301 ], [ -3.131062716326952, 41.192935092177301 ], [ -3.131062716326952, 41.194228283784653 ], [ -3.130322500359444, 41.194228283784653 ], [ -3.130322500359444, 41.195521449845593 ], [ -3.129582284391935, 41.195521449845593 ], [ -3.129582284391935, 41.19638354636038 ], [ -3.128842068424426, 41.19638354636038 ], [ -3.128842068424426, 41.196814590359999 ], [ -3.12736163648941, 41.196814590359999 ], [ -3.12736163648941, 41.197245631521092 ], [ -3.126621420521901, 41.197245631521092 ], [ -3.126621420521901, 41.196814590359999 ], [ -3.124400772619377, 41.196814590359999 ], [ -3.124400772619377, 41.19638354636038 ], [ -3.122180124716852, 41.19638354636038 ], [ -3.122180124716852, 41.195952499522242 ], [ -3.119959476814327, 41.195952499522242 ], [ -3.119959476814327, 41.195521449845593 ], [ -3.11847904487931, 41.195521449845593 ], [ -3.11847904487931, 41.195090397330439 ], [ -3.116258396976785, 41.195090397330439 ], [ -3.116258396976785, 41.194659341976788 ], [ -3.113297533106751, 41.194659341976788 ], [ -3.113297533106751, 41.195090397330439 ], [ -3.112557317139244, 41.195090397330439 ], [ -3.112557317139244, 41.195952499522242 ], [ -3.111817101171734, 41.195952499522242 ], [ -3.111817101171734, 41.19638354636038 ], [ -3.108856237301702, 41.19638354636038 ], [ -3.108856237301702, 41.195090397330439 ], [ -3.108116021334193, 41.195090397330439 ], [ -3.108116021334193, 41.194228283784653 ], [ -3.107375805366685, 41.194228283784653 ], [ -3.107375805366685, 41.192935092177301 ], [ -3.106635589399176, 41.192935092177301 ], [ -3.106635589399176, 41.192072950246711 ], [ -3.107375805366685, 41.192072950246711 ], [ -3.107375805366685, 41.19077971606238 ], [ -3.108116021334193, 41.19077971606238 ], [ -3.108116021334193, 41.189055364078449 ], [ -3.108856237301702, 41.189055364078449 ], [ -3.108856237301702, 41.18819317105595 ], [ -3.107375805366685, 41.18819317105595 ], [ -3.107375805366685, 41.187762070287071 ], [ -3.106635589399176, 41.187762070287071 ], [ -3.106635589399176, 41.18819317105595 ], [ -3.10515515746416, 41.18819317105595 ], [ -3.10515515746416, 41.188624268986402 ], [ -3.103674725529143, 41.188624268986402 ], [ -3.103674725529143, 41.189055364078449 ], [ -3.102194293594127, 41.189055364078449 ], [ -3.102194293594127, 41.189486456332077 ], [ -3.101454077626618, 41.189486456332077 ], [ -3.101454077626618, 41.190348632324053 ], [ -3.10071386165911, 41.190348632324053 ], [ -3.10071386165911, 41.191210796962274 ], [ -3.099973645691601, 41.191210796962274 ], [ -3.099973645691601, 41.192072950246711 ], [ -3.09627256585406, 41.192072950246711 ], [ -3.09627256585406, 41.192504022631233 ], [ -3.095532349886552, 41.192504022631233 ], [ -3.095532349886552, 41.197676669843666 ], [ -3.09627256585406, 41.197676669843666 ], [ -3.09627256585406, 41.198538737973195 ], [ -3.095532349886552, 41.198538737973195 ], [ -3.095532349886552, 41.199831818878394 ], [ -3.094792133919043, 41.199831818878394 ], [ -3.094792133919043, 41.201124874236527 ], [ -3.094051917951535, 41.201124874236527 ], [ -3.094051917951535, 41.201986896949066 ], [ -3.093311701984026, 41.201986896949066 ], [ -3.093311701984026, 41.203279909728423 ], [ -3.092571486016518, 41.203279909728423 ], [ -3.092571486016518, 41.204141904054964 ], [ -3.09183127004901, 41.204141904054964 ], [ -3.09183127004901, 41.205434874255118 ], [ -3.091091054081502, 41.205434874255118 ], [ -3.091091054081502, 41.215346797026065 ], [ -3.090350838113993, 41.215346797026065 ], [ -3.090350838113993, 41.215777716125324 ], [ -3.089610622146485, 41.215777716125324 ], [ -3.089610622146485, 41.216639545807489 ], [ -3.08738997424396, 41.216639545807489 ], [ -3.08738997424396, 41.216208632385786 ], [ -3.084429110373926, 41.216208632385786 ], [ -3.084429110373926, 41.215777716125324 ], [ -3.081468246503893, 41.215777716125324 ], [ -3.081468246503893, 41.215346797026065 ], [ -3.07850738263386, 41.215346797026065 ], [ -3.07850738263386, 41.214915875088046 ], [ -3.076286734731335, 41.214915875088046 ], [ -3.076286734731335, 41.214484950311274 ], [ -3.072585654893793, 41.214484950311274 ], [ -3.072585654893793, 41.214915875088046 ], [ -3.071845438926284, 41.214915875088046 ], [ -3.071845438926284, 41.215346797026065 ], [ -3.071105222958777, 41.215346797026065 ], [ -3.071105222958777, 41.215777716125324 ], [ -3.070365006991269, 41.215777716125324 ], [ -3.070365006991269, 41.216208632385786 ], [ -3.06962479102376, 41.216208632385786 ], [ -3.06962479102376, 41.217070456390402 ], [ -3.068884575056252, 41.217070456390402 ], [ -3.068884575056252, 41.217501364134527 ], [ -3.068144359088743, 41.217501364134527 ], [ -3.068144359088743, 41.217932269039856 ], [ -3.067404143121235, 41.217932269039856 ], [ -3.067404143121235, 41.21836317110639 ], [ -3.066663927153726, 41.21836317110639 ], [ -3.066663927153726, 41.218794070334113 ], [ -3.065923711186218, 41.218794070334113 ], [ -3.065923711186218, 41.219224966723019 ], [ -3.06518349521871, 41.219224966723019 ], [ -3.06518349521871, 41.219655860273122 ], [ -3.064443279251202, 41.219655860273122 ], [ -3.064443279251202, 41.220086750984379 ], [ -3.063703063283693, 41.220086750984379 ], [ -3.063703063283693, 41.220517638856819 ], [ -3.062962847316185, 41.220517638856819 ], [ -3.062962847316185, 41.220948523890428 ], [ -3.062222631348676, 41.220948523890428 ], [ -3.062222631348676, 41.221379406085191 ], [ -3.061482415381168, 41.221379406085191 ], [ -3.061482415381168, 41.221810285441109 ], [ -3.06074219941366, 41.221810285441109 ], [ -3.06074219941366, 41.222241161958166 ], [ -3.058521551511134, 41.222241161958166 ], [ -3.058521551511134, 41.221810285441109 ], [ -3.055560687641102, 41.221810285441109 ], [ -3.055560687641102, 41.222241161958166 ], [ -3.054820471673593, 41.222241161958166 ], [ -3.054820471673593, 41.223102906475724 ], [ -3.054080255706085, 41.223102906475724 ], [ -3.054080255706085, 41.223533774476195 ], [ -3.050379175868543, 41.223533774476195 ], [ -3.050379175868543, 41.223964639637792 ], [ -3.04741831199851, 41.223964639637792 ], [ -3.04741831199851, 41.22525721808929 ], [ -3.046678096031002, 41.22525721808929 ], [ -3.046678096031002, 41.226549770990715 ], [ -3.045937880063493, 41.226549770990715 ], [ -3.045937880063493, 41.226980616280031 ], [ -3.044457448128477, 41.226980616280031 ], [ -3.044457448128477, 41.227411458730423 ], [ -3.04297701619346, 41.227411458730423 ], [ -3.04297701619346, 41.226980616280031 ], [ -3.042236800225951, 41.226980616280031 ], [ -3.042236800225951, 41.226549770990715 ], [ -3.041496584258443, 41.226549770990715 ], [ -3.041496584258443, 41.225688071895334 ], [ -3.040756368290934, 41.225688071895334 ], [ -3.040756368290934, 41.22482636144435 ], [ -3.040016152323426, 41.22482636144435 ], [ -3.040016152323426, 41.223533774476195 ], [ -3.039275936355919, 41.223533774476195 ], [ -3.039275936355919, 41.223102906475724 ], [ -3.03853572038841, 41.223102906475724 ], [ -3.03853572038841, 41.222672035636378 ], [ -3.037055288453393, 41.222672035636378 ], [ -3.037055288453393, 41.222241161958166 ], [ -3.034834640550868, 41.222241161958166 ], [ -3.034834640550868, 41.221810285441109 ], [ -3.033354208615851, 41.221810285441109 ], [ -3.033354208615851, 41.221379406085191 ], [ -3.031133560713327, 41.221379406085191 ], [ -3.031133560713327, 41.220948523890428 ], [ -3.02965312877831, 41.220948523890428 ], [ -3.02965312877831, 41.220517638856819 ], [ -3.027432480875784, 41.220517638856819 ], [ -3.027432480875784, 41.220086750984379 ], [ -3.025952048940769, 41.220086750984379 ], [ -3.025952048940769, 41.219655860273122 ], [ -3.02521183297326, 41.219655860273122 ], [ -3.02521183297326, 41.218794070334113 ], [ -3.024471617005751, 41.218794070334113 ], [ -3.024471617005751, 41.217932269039856 ], [ -3.023731401038243, 41.217932269039856 ], [ -3.023731401038243, 41.217070456390402 ], [ -3.022991185070734, 41.217070456390402 ], [ -3.022991185070734, 41.216208632385786 ], [ -3.022250969103226, 41.216208632385786 ], [ -3.022250969103226, 41.215346797026065 ], [ -3.021510753135718, 41.215346797026065 ], [ -3.021510753135718, 41.214484950311274 ], [ -3.02077053716821, 41.214484950311274 ], [ -3.02077053716821, 41.213623092241455 ], [ -3.020030321200701, 41.213623092241455 ], [ -3.020030321200701, 41.212761222816653 ], [ -3.019290105233193, 41.212761222816653 ], [ -3.019290105233193, 41.211899342036929 ], [ -3.018549889265685, 41.211899342036929 ], [ -3.018549889265685, 41.211037449902314 ], [ -3.017809673298177, 41.211037449902314 ], [ -3.017809673298177, 41.210175546412863 ], [ -3.017069457330668, 41.210175546412863 ], [ -3.017069457330668, 41.208882669888453 ], [ -3.01632924136316, 41.208882669888453 ], [ -3.01632924136316, 41.205003887027033 ], [ -3.015589025395652, 41.205003887027033 ], [ -3.015589025395652, 41.204141904054964 ], [ -3.013368377493127, 41.204141904054964 ], [ -3.013368377493127, 41.204572896960308 ], [ -3.012628161525618, 41.204572896960308 ], [ -3.012628161525618, 41.205003887027033 ], [ -3.01188794555811, 41.205003887027033 ], [ -3.01188794555811, 41.205434874255118 ], [ -3.010407513623093, 41.205434874255118 ], [ -3.010407513623093, 41.205865858644572 ], [ -3.009667297655585, 41.205865858644572 ], [ -3.009667297655585, 41.207158794781058 ], [ -3.008927081688076, 41.207158794781058 ], [ -3.008927081688076, 41.209313631568612 ], [ -3.008186865720568, 41.209313631568612 ], [ -3.008186865720568, 41.209744590410089 ], [ -3.006706433785551, 41.209744590410089 ], [ -3.006706433785551, 41.210175546412863 ], [ -3.003745569915518, 41.210175546412863 ], [ -3.003745569915518, 41.21060649957694 ], [ -3.002265137980501, 41.21060649957694 ], [ -3.002265137980501, 41.211468397388984 ], [ -3.001524922012992, 41.211468397388984 ], [ -3.001524922012992, 41.212330283846157 ], [ -3.000784706045485, 41.212330283846157 ], [ -3.000784706045485, 41.213192158948424 ], [ -3.000044490077977, 41.213192158948424 ], [ -3.000044490077977, 41.213623092241455 ], [ -2.994862978305418, 41.213623092241455 ], [ -2.994862978305418, 41.213192158948424 ], [ -2.988941250565351, 41.213192158948424 ], [ -2.988941250565351, 41.212761222816653 ], [ -2.983759738792793, 41.212761222816653 ], [ -2.983759738792793, 41.213192158948424 ], [ -2.983019522825284, 41.213192158948424 ], [ -2.983019522825284, 41.213623092241455 ], [ -2.982279306857777, 41.213623092241455 ], [ -2.982279306857777, 41.214054022695734 ], [ -2.980798874922759, 41.214054022695734 ], [ -2.980798874922759, 41.214484950311274 ], [ -2.980058658955251, 41.214484950311274 ], [ -2.980058658955251, 41.214915875088046 ], [ -2.979318442987743, 41.214915875088046 ], [ -2.979318442987743, 41.216208632385786 ], [ -2.978578227020235, 41.216208632385786 ], [ -2.978578227020235, 41.217070456390402 ], [ -2.977838011052726, 41.217070456390402 ], [ -2.977838011052726, 41.217932269039856 ], [ -2.977097795085218, 41.217932269039856 ], [ -2.977097795085218, 41.219224966723019 ], [ -2.97635757911771, 41.219224966723019 ], [ -2.97635757911771, 41.220517638856819 ], [ -2.975617363150201, 41.220517638856819 ], [ -2.975617363150201, 41.223102906475724 ], [ -2.974877147182693, 41.223102906475724 ], [ -2.974877147182693, 41.226118922862483 ], [ -2.974136931215185, 41.226118922862483 ], [ -2.974136931215185, 41.227411458730423 ], [ -2.973396715247676, 41.227411458730423 ], [ -2.973396715247676, 41.227842298341905 ], [ -2.971916283312659, 41.227842298341905 ], [ -2.971916283312659, 41.227411458730423 ], [ -2.971176067345151, 41.227411458730423 ], [ -2.971176067345151, 41.226980616280031 ], [ -2.970435851377643, 41.226980616280031 ], [ -2.970435851377643, 41.226549770990715 ], [ -2.969695635410134, 41.226549770990715 ], [ -2.969695635410134, 41.226118922862483 ] ], [ [ -3.062962847316185, 41.009907135373169 ], [ -3.062962847316185, 41.008178028218708 ], [ -3.06074219941366, 41.008178028218708 ], [ -3.06074219941366, 41.008610309261279 ], [ -3.059261767478643, 41.008610309261279 ], [ -3.059261767478643, 41.009042587467896 ], [ -3.058521551511134, 41.009042587467896 ], [ -3.058521551511134, 41.009474862838523 ], [ -3.057781335543627, 41.009474862838523 ], [ -3.057781335543627, 41.009907135373169 ], [ -3.058521551511134, 41.009907135373169 ], [ -3.058521551511134, 41.010771671934485 ], [ -3.059261767478643, 41.010771671934485 ], [ -3.059261767478643, 41.011203935961149 ], [ -3.061482415381168, 41.011203935961149 ], [ -3.061482415381168, 41.010339405071825 ], [ -3.062222631348676, 41.010339405071825 ], [ -3.062222631348676, 41.009907135373169 ], [ -3.062962847316185, 41.009907135373169 ] ], [ [ -3.128101852456918, 41.011203935961149 ], [ -3.130322500359444, 41.011203935961149 ], [ -3.130322500359444, 41.009474862838523 ], [ -3.128101852456918, 41.009474862838523 ], [ -3.128101852456918, 41.011203935961149 ] ], [ [ -3.15845070712476, 41.059599559296444 ], [ -3.159190923092269, 41.059599559296444 ], [ -3.159190923092269, 41.059167612939667 ], [ -3.159931139059776, 41.059167612939667 ], [ -3.159931139059776, 41.055711939965896 ], [ -3.160671355027285, 41.055711939965896 ], [ -3.160671355027285, 41.053984035399914 ], [ -3.161411570994793, 41.053984035399914 ], [ -3.161411570994793, 41.053552052166907 ], [ -3.162151786962302, 41.053552052166907 ], [ -3.162151786962302, 41.052688077191135 ], [ -3.16289200292981, 41.052688077191135 ], [ -3.16289200292981, 41.052256085448377 ], [ -3.163632218897318, 41.052256085448377 ], [ -3.163632218897318, 41.05182409086904 ], [ -3.164372434864827, 41.05182409086904 ], [ -3.164372434864827, 41.051392093453146 ], [ -3.163632218897318, 41.051392093453146 ], [ -3.163632218897318, 41.050960093200679 ], [ -3.161411570994793, 41.050960093200679 ], [ -3.161411570994793, 41.051392093453146 ], [ -3.15400941131971, 41.051392093453146 ], [ -3.15400941131971, 41.050960093200679 ], [ -3.153269195352201, 41.050960093200679 ], [ -3.153269195352201, 41.050528090111662 ], [ -3.152528979384693, 41.050528090111662 ], [ -3.152528979384693, 41.050096084186102 ], [ -3.151788763417185, 41.050096084186102 ], [ -3.151788763417185, 41.049664075423998 ], [ -3.151048547449676, 41.049664075423998 ], [ -3.151048547449676, 41.049232063825343 ], [ -3.150308331482168, 41.049232063825343 ], [ -3.150308331482168, 41.048800049390159 ], [ -3.148827899547152, 41.048800049390159 ], [ -3.148827899547152, 41.048368032118454 ], [ -3.148087683579643, 41.048368032118454 ], [ -3.148087683579643, 41.048800049390159 ], [ -3.147347467612135, 41.048800049390159 ], [ -3.147347467612135, 41.050096084186102 ], [ -3.146607251644626, 41.050096084186102 ], [ -3.146607251644626, 41.052688077191135 ], [ -3.145867035677119, 41.052688077191135 ], [ -3.145867035677119, 41.053552052166907 ], [ -3.14512681970961, 41.053552052166907 ], [ -3.14512681970961, 41.053984035399914 ], [ -3.144386603742102, 41.053984035399914 ], [ -3.144386603742102, 41.05441601579632 ], [ -3.142165955839576, 41.05441601579632 ], [ -3.142165955839576, 41.05484799335612 ], [ -3.137724660034527, 41.05484799335612 ], [ -3.137724660034527, 41.055279968079311 ], [ -3.13624422809951, 41.055279968079311 ], [ -3.13624422809951, 41.056575875229179 ], [ -3.136984444067018, 41.056575875229179 ], [ -3.136984444067018, 41.058303711716114 ], [ -3.137724660034527, 41.058303711716114 ], [ -3.137724660034527, 41.059167612939667 ], [ -3.138464876002035, 41.059167612939667 ], [ -3.138464876002035, 41.059599559296444 ], [ -3.14512681970961, 41.059599559296444 ], [ -3.14512681970961, 41.059167612939667 ], [ -3.145867035677119, 41.059167612939667 ], [ -3.145867035677119, 41.058735663746226 ], [ -3.146607251644626, 41.058735663746226 ], [ -3.146607251644626, 41.058303711716114 ], [ -3.147347467612135, 41.058303711716114 ], [ -3.147347467612135, 41.057871756849352 ], [ -3.148087683579643, 41.057871756849352 ], [ -3.148087683579643, 41.057439799145939 ], [ -3.14956811551466, 41.057439799145939 ], [ -3.14956811551466, 41.057871756849352 ], [ -3.150308331482168, 41.057871756849352 ], [ -3.150308331482168, 41.058303711716114 ], [ -3.151048547449676, 41.058303711716114 ], [ -3.151048547449676, 41.058735663746226 ], [ -3.151788763417185, 41.058735663746226 ], [ -3.151788763417185, 41.059167612939667 ], [ -3.153269195352201, 41.059167612939667 ], [ -3.153269195352201, 41.059599559296444 ], [ -3.15400941131971, 41.059599559296444 ], [ -3.15400941131971, 41.060031502816557 ], [ -3.154749627287218, 41.060031502816557 ], [ -3.154749627287218, 41.06046344349997 ], [ -3.157710491157252, 41.06046344349997 ], [ -3.157710491157252, 41.060031502816557 ], [ -3.15845070712476, 41.060031502816557 ], [ -3.15845070712476, 41.059599559296444 ] ], [ [ -3.121439908749343, 41.063918866846159 ], [ -3.122180124716852, 41.063918866846159 ], [ -3.122180124716852, 41.057871756849352 ], [ -3.121439908749343, 41.057871756849352 ], [ -3.121439908749343, 41.057439799145939 ], [ -3.120699692781835, 41.057439799145939 ], [ -3.120699692781835, 41.057007838605884 ], [ -3.119219260846818, 41.057007838605884 ], [ -3.119219260846818, 41.056575875229179 ], [ -3.117738828911802, 41.056575875229179 ], [ -3.117738828911802, 41.057007838605884 ], [ -3.116998612944293, 41.057007838605884 ], [ -3.116998612944293, 41.064350781999195 ], [ -3.117738828911802, 41.064350781999195 ], [ -3.117738828911802, 41.06478269431549 ], [ -3.119219260846818, 41.06478269431549 ], [ -3.119219260846818, 41.064350781999195 ], [ -3.121439908749343, 41.064350781999195 ], [ -3.121439908749343, 41.063918866846159 ] ], [ [ -3.045937880063493, 41.071692905574871 ], [ -3.045197664095985, 41.071692905574871 ], [ -3.045197664095985, 41.067806001100358 ], [ -3.044457448128477, 41.067806001100358 ], [ -3.044457448128477, 41.06478269431549 ], [ -3.045197664095985, 41.06478269431549 ], [ -3.045197664095985, 41.063486948856387 ], [ -3.045937880063493, 41.063486948856387 ], [ -3.045937880063493, 41.062191177866744 ], [ -3.046678096031002, 41.062191177866744 ], [ -3.046678096031002, 41.060031502816557 ], [ -3.045937880063493, 41.060031502816557 ], [ -3.045937880063493, 41.059167612939667 ], [ -3.045197664095985, 41.059167612939667 ], [ -3.045197664095985, 41.05441601579632 ], [ -3.044457448128477, 41.05441601579632 ], [ -3.044457448128477, 41.053984035399914 ], [ -3.042236800225951, 41.053984035399914 ], [ -3.042236800225951, 41.053552052166907 ], [ -3.040016152323426, 41.053552052166907 ], [ -3.040016152323426, 41.053120066097314 ], [ -3.03853572038841, 41.053120066097314 ], [ -3.03853572038841, 41.053552052166907 ], [ -3.037795504420901, 41.053552052166907 ], [ -3.037795504420901, 41.05441601579632 ], [ -3.037055288453393, 41.05441601579632 ], [ -3.037055288453393, 41.056143909015852 ], [ -3.036315072485885, 41.056143909015852 ], [ -3.036315072485885, 41.057439799145939 ], [ -3.035574856518377, 41.057439799145939 ], [ -3.035574856518377, 41.059167612939667 ], [ -3.036315072485885, 41.059167612939667 ], [ -3.036315072485885, 41.059599559296444 ], [ -3.037055288453393, 41.059599559296444 ], [ -3.037055288453393, 41.06046344349997 ], [ -3.037795504420901, 41.06046344349997 ], [ -3.037795504420901, 41.060895381346711 ], [ -3.03853572038841, 41.060895381346711 ], [ -3.03853572038841, 41.061327316356746 ], [ -3.039275936355919, 41.061327316356746 ], [ -3.039275936355919, 41.061759248530102 ], [ -3.040016152323426, 41.061759248530102 ], [ -3.040016152323426, 41.067806001100358 ], [ -3.039275936355919, 41.067806001100358 ], [ -3.039275936355919, 41.068237890722536 ], [ -3.040016152323426, 41.068237890722536 ], [ -3.040016152323426, 41.069533542568266 ], [ -3.040756368290934, 41.069533542568266 ], [ -3.040756368290934, 41.070397296281378 ], [ -3.041496584258443, 41.070397296281378 ], [ -3.041496584258443, 41.071692905574871 ], [ -3.042236800225951, 41.071692905574871 ], [ -3.042236800225951, 41.072988489336787 ], [ -3.04297701619346, 41.072988489336787 ], [ -3.04297701619346, 41.073852197660464 ], [ -3.043717232160968, 41.073852197660464 ], [ -3.043717232160968, 41.074284047566998 ], [ -3.045197664095985, 41.074284047566998 ], [ -3.045197664095985, 41.073852197660464 ], [ -3.045937880063493, 41.073852197660464 ], [ -3.045937880063493, 41.071692905574871 ] ], [ [ -3.057781335543627, 41.112275729471357 ], [ -3.058521551511134, 41.112275729471357 ], [ -3.058521551511134, 41.111844129232324 ], [ -3.059261767478643, 41.111844129232324 ], [ -3.059261767478643, 41.111412526155917 ], [ -3.06074219941366, 41.111412526155917 ], [ -3.06074219941366, 41.110980920242113 ], [ -3.061482415381168, 41.110980920242113 ], [ -3.061482415381168, 41.110549311490949 ], [ -3.062222631348676, 41.110549311490949 ], [ -3.062222631348676, 41.11011769990241 ], [ -3.063703063283693, 41.11011769990241 ], [ -3.063703063283693, 41.109686085476511 ], [ -3.065923711186218, 41.109686085476511 ], [ -3.065923711186218, 41.109254468213251 ], [ -3.067404143121235, 41.109254468213251 ], [ -3.067404143121235, 41.108391225174692 ], [ -3.068144359088743, 41.108391225174692 ], [ -3.068144359088743, 41.107527970786784 ], [ -3.068884575056252, 41.107527970786784 ], [ -3.068884575056252, 41.10666470504956 ], [ -3.06962479102376, 41.10666470504956 ], [ -3.06962479102376, 41.10580142796308 ], [ -3.070365006991269, 41.10580142796308 ], [ -3.070365006991269, 41.104938139527384 ], [ -3.071105222958777, 41.104938139527384 ], [ -3.071105222958777, 41.104074839742516 ], [ -3.071845438926284, 41.104074839742516 ], [ -3.071845438926284, 41.103643185594152 ], [ -3.07406608682881, 41.103643185594152 ], [ -3.07406608682881, 41.103211528608533 ], [ -3.075546518763827, 41.103211528608533 ], [ -3.075546518763827, 41.102779868785625 ], [ -3.077767166666352, 41.102779868785625 ], [ -3.077767166666352, 41.102348206125463 ], [ -3.079247598601368, 41.102348206125463 ], [ -3.079247598601368, 41.101916540628046 ], [ -3.081468246503893, 41.101916540628046 ], [ -3.081468246503893, 41.101484872293369 ], [ -3.08294867843891, 41.101484872293369 ], [ -3.08294867843891, 41.101053201121459 ], [ -3.084429110373926, 41.101053201121459 ], [ -3.084429110373926, 41.10018985026592 ], [ -3.085169326341435, 41.10018985026592 ], [ -3.085169326341435, 41.098894802703406 ], [ -3.085909542308943, 41.098894802703406 ], [ -3.085909542308943, 41.097599729605996 ], [ -3.086649758276452, 41.097599729605996 ], [ -3.086649758276452, 41.096736333355096 ], [ -3.091091054081502, 41.096736333355096 ], [ -3.091091054081502, 41.096304630973869 ], [ -3.09183127004901, 41.096304630973869 ], [ -3.09183127004901, 41.095441217699893 ], [ -3.092571486016518, 41.095441217699893 ], [ -3.092571486016518, 41.0932826348647 ], [ -3.093311701984026, 41.0932826348647 ], [ -3.093311701984026, 41.092850909786236 ], [ -3.094051917951535, 41.092850909786236 ], [ -3.094051917951535, 41.092419181870646 ], [ -3.094792133919043, 41.092419181870646 ], [ -3.094792133919043, 41.09198745111793 ], [ -3.09627256585406, 41.09198745111793 ], [ -3.09627256585406, 41.091555717528109 ], [ -3.097012781821568, 41.091555717528109 ], [ -3.097012781821568, 41.087238225589708 ], [ -3.097752997789076, 41.087238225589708 ], [ -3.097752997789076, 41.086374693157211 ], [ -3.098493213756585, 41.086374693157211 ], [ -3.098493213756585, 41.085942922685405 ], [ -3.099233429724093, 41.085942922685405 ], [ -3.099233429724093, 41.085511149376565 ], [ -3.101454077626618, 41.085511149376565 ], [ -3.101454077626618, 41.085942922685405 ], [ -3.102194293594127, 41.085942922685405 ], [ -3.102194293594127, 41.086806460791983 ], [ -3.102934509561635, 41.086806460791983 ], [ -3.102934509561635, 41.08766998755037 ], [ -3.103674725529143, 41.08766998755037 ], [ -3.103674725529143, 41.088533502960537 ], [ -3.104414941496652, 41.088533502960537 ], [ -3.104414941496652, 41.08896525641002 ], [ -3.106635589399176, 41.08896525641002 ], [ -3.106635589399176, 41.088533502960537 ], [ -3.107375805366685, 41.088533502960537 ], [ -3.107375805366685, 41.088101746673985 ], [ -3.108116021334193, 41.088101746673985 ], [ -3.108116021334193, 41.08766998755037 ], [ -3.108856237301702, 41.08766998755037 ], [ -3.108856237301702, 41.086806460791983 ], [ -3.10959645326921, 41.086806460791983 ], [ -3.10959645326921, 41.085511149376565 ], [ -3.110336669236718, 41.085511149376565 ], [ -3.110336669236718, 41.083784027770974 ], [ -3.111076885204227, 41.083784027770974 ], [ -3.111076885204227, 41.083352240277058 ], [ -3.110336669236718, 41.083352240277058 ], [ -3.110336669236718, 41.08292044994613 ], [ -3.10959645326921, 41.08292044994613 ], [ -3.10959645326921, 41.082056860773321 ], [ -3.108856237301702, 41.082056860773321 ], [ -3.108856237301702, 41.081625061931426 ], [ -3.108116021334193, 41.081625061931426 ], [ -3.108116021334193, 41.081193260252583 ], [ -3.107375805366685, 41.081193260252583 ], [ -3.107375805366685, 41.080329648383952 ], [ -3.106635589399176, 41.080329648383952 ], [ -3.106635589399176, 41.07730691747993 ], [ -3.107375805366685, 41.07730691747993 ], [ -3.107375805366685, 41.076875087431638 ], [ -3.108116021334193, 41.076875087431638 ], [ -3.108116021334193, 41.076443254546447 ], [ -3.108856237301702, 41.076443254546447 ], [ -3.108856237301702, 41.075579580265341 ], [ -3.10959645326921, 41.075579580265341 ], [ -3.10959645326921, 41.075147738869447 ], [ -3.111076885204227, 41.075147738869447 ], [ -3.111076885204227, 41.075579580265341 ], [ -3.111817101171734, 41.075579580265341 ], [ -3.111817101171734, 41.076011418824336 ], [ -3.112557317139244, 41.076011418824336 ], [ -3.112557317139244, 41.076443254546447 ], [ -3.113297533106751, 41.076443254546447 ], [ -3.113297533106751, 41.076875087431638 ], [ -3.114777965041768, 41.076875087431638 ], [ -3.114777965041768, 41.076443254546447 ], [ -3.115518181009276, 41.076443254546447 ], [ -3.115518181009276, 41.076011418824336 ], [ -3.116258396976785, 41.076011418824336 ], [ -3.116258396976785, 41.075147738869447 ], [ -3.116998612944293, 41.075147738869447 ], [ -3.116998612944293, 41.073852197660464 ], [ -3.117738828911802, 41.073852197660464 ], [ -3.117738828911802, 41.072988489336787 ], [ -3.11847904487931, 41.072988489336787 ], [ -3.11847904487931, 41.071692905574871 ], [ -3.117738828911802, 41.071692905574871 ], [ -3.117738828911802, 41.070397296281378 ], [ -3.116998612944293, 41.070397296281378 ], [ -3.116998612944293, 41.069101661456486 ], [ -3.116258396976785, 41.069101661456486 ], [ -3.116258396976785, 41.068669777507907 ], [ -3.114777965041768, 41.068669777507907 ], [ -3.114777965041768, 41.069101661456486 ], [ -3.113297533106751, 41.069101661456486 ], [ -3.113297533106751, 41.069533542568266 ], [ -3.112557317139244, 41.069533542568266 ], [ -3.112557317139244, 41.069965420843225 ], [ -3.111817101171734, 41.069965420843225 ], [ -3.111817101171734, 41.069533542568266 ], [ -3.111076885204227, 41.069533542568266 ], [ -3.111076885204227, 41.069101661456486 ], [ -3.110336669236718, 41.069101661456486 ], [ -3.110336669236718, 41.068669777507907 ], [ -3.10959645326921, 41.068669777507907 ], [ -3.10959645326921, 41.068237890722536 ], [ -3.108116021334193, 41.068237890722536 ], [ -3.108116021334193, 41.066510315213165 ], [ -3.107375805366685, 41.066510315213165 ], [ -3.107375805366685, 41.064350781999195 ], [ -3.106635589399176, 41.064350781999195 ], [ -3.106635589399176, 41.062623104366679 ], [ -3.105895373431669, 41.062623104366679 ], [ -3.105895373431669, 41.057439799145939 ], [ -3.106635589399176, 41.057439799145939 ], [ -3.106635589399176, 41.055711939965896 ], [ -3.107375805366685, 41.055711939965896 ], [ -3.107375805366685, 41.055279968079311 ], [ -3.108856237301702, 41.055279968079311 ], [ -3.108856237301702, 41.05484799335612 ], [ -3.110336669236718, 41.05484799335612 ], [ -3.110336669236718, 41.055279968079311 ], [ -3.11403774907426, 41.055279968079311 ], [ -3.11403774907426, 41.053984035399914 ], [ -3.113297533106751, 41.053984035399914 ], [ -3.113297533106751, 41.052256085448377 ], [ -3.112557317139244, 41.052256085448377 ], [ -3.112557317139244, 41.049664075423998 ], [ -3.113297533106751, 41.049664075423998 ], [ -3.113297533106751, 41.047936012010233 ], [ -3.11403774907426, 41.047936012010233 ], [ -3.11403774907426, 41.046207903212242 ], [ -3.114777965041768, 41.046207903212242 ], [ -3.114777965041768, 41.044911791830579 ], [ -3.115518181009276, 41.044911791830579 ], [ -3.115518181009276, 41.043183603611105 ], [ -3.116258396976785, 41.043183603611105 ], [ -3.116258396976785, 41.041887432663778 ], [ -3.115518181009276, 41.041887432663778 ], [ -3.115518181009276, 41.041023304516727 ], [ -3.114777965041768, 41.041023304516727 ], [ -3.114777965041768, 41.040591236188561 ], [ -3.11403774907426, 41.040591236188561 ], [ -3.11403774907426, 41.039727091023025 ], [ -3.113297533106751, 41.039727091023025 ], [ -3.113297533106751, 41.039295014185633 ], [ -3.112557317139244, 41.039295014185633 ], [ -3.112557317139244, 41.033677757189906 ], [ -3.111817101171734, 41.033677757189906 ], [ -3.111817101171734, 41.033245640643528 ], [ -3.110336669236718, 41.033245640643528 ], [ -3.110336669236718, 41.032813521260856 ], [ -3.10959645326921, 41.032813521260856 ], [ -3.10959645326921, 41.031949273986577 ], [ -3.108856237301702, 41.031949273986577 ], [ -3.108856237301702, 41.030652881802979 ], [ -3.108116021334193, 41.030652881802979 ], [ -3.108116021334193, 41.029788606165845 ], [ -3.107375805366685, 41.029788606165845 ], [ -3.107375805366685, 41.029356464092892 ], [ -3.104414941496652, 41.029356464092892 ], [ -3.104414941496652, 41.029788606165845 ], [ -3.099233429724093, 41.029788606165845 ], [ -3.099233429724093, 41.030220745402552 ], [ -3.098493213756585, 41.030220745402552 ], [ -3.098493213756585, 41.033677757189906 ], [ -3.099233429724093, 41.033677757189906 ], [ -3.099233429724093, 41.03583829737687 ], [ -3.098493213756585, 41.03583829737687 ], [ -3.098493213756585, 41.036702493597261 ], [ -3.097752997789076, 41.036702493597261 ], [ -3.097752997789076, 41.037134587452933 ], [ -3.097012781821568, 41.037134587452933 ], [ -3.097012781821568, 41.03799876665515 ], [ -3.09627256585406, 41.03799876665515 ], [ -3.09627256585406, 41.038862934511862 ], [ -3.095532349886552, 41.038862934511862 ], [ -3.095532349886552, 41.039295014185633 ], [ -3.094792133919043, 41.039295014185633 ], [ -3.094792133919043, 41.040159165024001 ], [ -3.094051917951535, 41.040159165024001 ], [ -3.094051917951535, 41.041023304516727 ], [ -3.093311701984026, 41.041023304516727 ], [ -3.093311701984026, 41.042319492482662 ], [ -3.094051917951535, 41.042319492482662 ], [ -3.094051917951535, 41.043183603611105 ], [ -3.094792133919043, 41.043183603611105 ], [ -3.094792133919043, 41.044047703393765 ], [ -3.095532349886552, 41.044047703393765 ], [ -3.095532349886552, 41.047936012010233 ], [ -3.094792133919043, 41.047936012010233 ], [ -3.094792133919043, 41.049664075423998 ], [ -3.094051917951535, 41.049664075423998 ], [ -3.094051917951535, 41.050096084186102 ], [ -3.09183127004901, 41.050096084186102 ], [ -3.09183127004901, 41.049664075423998 ], [ -3.090350838113993, 41.049664075423998 ], [ -3.090350838113993, 41.047071963284239 ], [ -3.089610622146485, 41.047071963284239 ], [ -3.089610622146485, 41.044047703393765 ], [ -3.090350838113993, 41.044047703393765 ], [ -3.090350838113993, 41.043615654920657 ], [ -3.091091054081502, 41.043615654920657 ], [ -3.091091054081502, 41.042751549465109 ], [ -3.09183127004901, 41.042751549465109 ], [ -3.09183127004901, 41.042319492482662 ], [ -3.092571486016518, 41.042319492482662 ], [ -3.092571486016518, 41.041023304516727 ], [ -3.09183127004901, 41.041023304516727 ], [ -3.09183127004901, 41.040591236188561 ], [ -3.088130190211468, 41.040591236188561 ], [ -3.088130190211468, 41.040159165024001 ], [ -3.086649758276452, 41.040159165024001 ], [ -3.086649758276452, 41.039727091023025 ], [ -3.085909542308943, 41.039727091023025 ], [ -3.085909542308943, 41.038862934511862 ], [ -3.085169326341435, 41.038862934511862 ], [ -3.085169326341435, 41.038430852001703 ], [ -3.084429110373926, 41.038430852001703 ], [ -3.084429110373926, 41.03799876665515 ], [ -3.083688894406418, 41.03799876665515 ], [ -3.083688894406418, 41.038430852001703 ], [ -3.08294867843891, 41.038430852001703 ], [ -3.08294867843891, 41.039295014185633 ], [ -3.082208462471401, 41.039295014185633 ], [ -3.082208462471401, 41.043183603611105 ], [ -3.081468246503893, 41.043183603611105 ], [ -3.081468246503893, 41.047071963284239 ], [ -3.080728030536385, 41.047071963284239 ], [ -3.080728030536385, 41.049664075423998 ], [ -3.079987814568876, 41.049664075423998 ], [ -3.079987814568876, 41.050096084186102 ], [ -3.079247598601368, 41.050096084186102 ], [ -3.079247598601368, 41.050528090111662 ], [ -3.077767166666352, 41.050528090111662 ], [ -3.077767166666352, 41.050096084186102 ], [ -3.077026950698843, 41.050096084186102 ], [ -3.077026950698843, 41.049664075423998 ], [ -3.075546518763827, 41.049664075423998 ], [ -3.075546518763827, 41.049232063825343 ], [ -3.073325870861302, 41.049232063825343 ], [ -3.073325870861302, 41.050096084186102 ], [ -3.072585654893793, 41.050096084186102 ], [ -3.072585654893793, 41.051392093453146 ], [ -3.071845438926284, 41.051392093453146 ], [ -3.071845438926284, 41.053120066097314 ], [ -3.071105222958777, 41.053120066097314 ], [ -3.071105222958777, 41.05441601579632 ], [ -3.070365006991269, 41.05441601579632 ], [ -3.070365006991269, 41.055711939965896 ], [ -3.06962479102376, 41.055711939965896 ], [ -3.06962479102376, 41.057007838605884 ], [ -3.068884575056252, 41.057007838605884 ], [ -3.068884575056252, 41.058303711716114 ], [ -3.068144359088743, 41.058303711716114 ], [ -3.068144359088743, 41.060031502816557 ], [ -3.067404143121235, 41.060031502816557 ], [ -3.067404143121235, 41.061327316356746 ], [ -3.066663927153726, 41.061327316356746 ], [ -3.066663927153726, 41.062623104366679 ], [ -3.065923711186218, 41.062623104366679 ], [ -3.065923711186218, 41.063918866846159 ], [ -3.06518349521871, 41.063918866846159 ], [ -3.06518349521871, 41.065646510437837 ], [ -3.064443279251202, 41.065646510437837 ], [ -3.064443279251202, 41.066078414243883 ], [ -3.063703063283693, 41.066078414243883 ], [ -3.063703063283693, 41.066510315213165 ], [ -3.062962847316185, 41.066510315213165 ], [ -3.062962847316185, 41.066942213345676 ], [ -3.062222631348676, 41.066942213345676 ], [ -3.062222631348676, 41.06737410864141 ], [ -3.059261767478643, 41.06737410864141 ], [ -3.059261767478643, 41.067806001100358 ], [ -3.055560687641102, 41.067806001100358 ], [ -3.055560687641102, 41.068237890722536 ], [ -3.054080255706085, 41.068237890722536 ], [ -3.054080255706085, 41.069101661456486 ], [ -3.054820471673593, 41.069101661456486 ], [ -3.054820471673593, 41.069533542568266 ], [ -3.055560687641102, 41.069533542568266 ], [ -3.055560687641102, 41.069965420843225 ], [ -3.057041119576118, 41.069965420843225 ], [ -3.057041119576118, 41.070397296281378 ], [ -3.057781335543627, 41.070397296281378 ], [ -3.057781335543627, 41.070829168882696 ], [ -3.059261767478643, 41.070829168882696 ], [ -3.059261767478643, 41.072124769665685 ], [ -3.060001983446152, 41.072124769665685 ], [ -3.060001983446152, 41.078602390603265 ], [ -3.059261767478643, 41.078602390603265 ], [ -3.059261767478643, 41.080761455736749 ], [ -3.058521551511134, 41.080761455736749 ], [ -3.058521551511134, 41.081193260252583 ], [ -3.057781335543627, 41.081193260252583 ], [ -3.057781335543627, 41.082056860773321 ], [ -3.057041119576118, 41.082056860773321 ], [ -3.057041119576118, 41.08248865677821 ], [ -3.05630090360861, 41.08248865677821 ], [ -3.05630090360861, 41.083352240277058 ], [ -3.055560687641102, 41.083352240277058 ], [ -3.055560687641102, 41.083784027770974 ], [ -3.054820471673593, 41.083784027770974 ], [ -3.054820471673593, 41.084647594247798 ], [ -3.054080255706085, 41.084647594247798 ], [ -3.054080255706085, 41.086806460791983 ], [ -3.053340039738576, 41.086806460791983 ], [ -3.053340039738576, 41.08896525641002 ], [ -3.052599823771068, 41.08896525641002 ], [ -3.052599823771068, 41.09112398110117 ], [ -3.053340039738576, 41.09112398110117 ], [ -3.053340039738576, 41.09198745111793 ], [ -3.054080255706085, 41.09198745111793 ], [ -3.054080255706085, 41.092419181870646 ], [ -3.054820471673593, 41.092419181870646 ], [ -3.054820471673593, 41.092850909786236 ], [ -3.055560687641102, 41.092850909786236 ], [ -3.055560687641102, 41.09371435710603 ], [ -3.05630090360861, 41.09371435710603 ], [ -3.05630090360861, 41.097168032899141 ], [ -3.055560687641102, 41.097168032899141 ], [ -3.055560687641102, 41.097599729605996 ], [ -3.054820471673593, 41.097599729605996 ], [ -3.054820471673593, 41.098031423475675 ], [ -3.054080255706085, 41.098031423475675 ], [ -3.054080255706085, 41.098463114508135 ], [ -3.053340039738576, 41.098463114508135 ], [ -3.053340039738576, 41.098894802703406 ], [ -3.051119391836051, 41.098894802703406 ], [ -3.051119391836051, 41.098463114508135 ], [ -3.050379175868543, 41.098463114508135 ], [ -3.050379175868543, 41.098031423475675 ], [ -3.048898743933526, 41.098031423475675 ], [ -3.048898743933526, 41.097599729605996 ], [ -3.048158527966018, 41.097599729605996 ], [ -3.048158527966018, 41.098031423475675 ], [ -3.04741831199851, 41.098031423475675 ], [ -3.04741831199851, 41.101916540628046 ], [ -3.048158527966018, 41.101916540628046 ], [ -3.048158527966018, 41.102348206125463 ], [ -3.048898743933526, 41.102348206125463 ], [ -3.048898743933526, 41.102779868785625 ], [ -3.049638959901035, 41.102779868785625 ], [ -3.049638959901035, 41.103211528608533 ], [ -3.050379175868543, 41.103211528608533 ], [ -3.050379175868543, 41.103643185594152 ], [ -3.051119391836051, 41.103643185594152 ], [ -3.051119391836051, 41.104074839742516 ], [ -3.05185960780356, 41.104074839742516 ], [ -3.05185960780356, 41.104506491053591 ], [ -3.052599823771068, 41.104506491053591 ], [ -3.052599823771068, 41.107959599399408 ], [ -3.05185960780356, 41.107959599399408 ], [ -3.05185960780356, 41.108822848112652 ], [ -3.051119391836051, 41.108822848112652 ], [ -3.051119391836051, 41.109686085476511 ], [ -3.050379175868543, 41.109686085476511 ], [ -3.050379175868543, 41.110549311490949 ], [ -3.051119391836051, 41.110549311490949 ], [ -3.051119391836051, 41.110980920242113 ], [ -3.05185960780356, 41.110980920242113 ], [ -3.05185960780356, 41.111412526155917 ], [ -3.052599823771068, 41.111412526155917 ], [ -3.052599823771068, 41.111844129232324 ], [ -3.053340039738576, 41.111844129232324 ], [ -3.053340039738576, 41.112707326873 ], [ -3.054080255706085, 41.112707326873 ], [ -3.054080255706085, 41.113138921437233 ], [ -3.057041119576118, 41.113138921437233 ], [ -3.057041119576118, 41.112707326873 ], [ -3.057781335543627, 41.112707326873 ], [ -3.057781335543627, 41.112275729471357 ] ], [ [ -3.050379175868543, 41.121338679044584 ], [ -3.051119391836051, 41.121338679044584 ], [ -3.051119391836051, 41.120475594901912 ], [ -3.05185960780356, 41.120475594901912 ], [ -3.05185960780356, 41.119180947406633 ], [ -3.051119391836051, 41.119180947406633 ], [ -3.051119391836051, 41.118749392566571 ], [ -3.050379175868543, 41.118749392566571 ], [ -3.050379175868543, 41.118317834889027 ], [ -3.049638959901035, 41.118317834889027 ], [ -3.049638959901035, 41.117454711021516 ], [ -3.048898743933526, 41.117454711021516 ], [ -3.048898743933526, 41.117023144831563 ], [ -3.048158527966018, 41.117023144831563 ], [ -3.048158527966018, 41.114002102053504 ], [ -3.048898743933526, 41.114002102053504 ], [ -3.048898743933526, 41.111412526155917 ], [ -3.048158527966018, 41.111412526155917 ], [ -3.048158527966018, 41.110980920242113 ], [ -3.04741831199851, 41.110980920242113 ], [ -3.04741831199851, 41.110549311490949 ], [ -3.046678096031002, 41.110549311490949 ], [ -3.046678096031002, 41.11011769990241 ], [ -3.045937880063493, 41.11011769990241 ], [ -3.045937880063493, 41.109686085476511 ], [ -3.045197664095985, 41.109686085476511 ], [ -3.045197664095985, 41.109254468213251 ], [ -3.043717232160968, 41.109254468213251 ], [ -3.043717232160968, 41.108822848112652 ], [ -3.042236800225951, 41.108822848112652 ], [ -3.042236800225951, 41.109254468213251 ], [ -3.041496584258443, 41.109254468213251 ], [ -3.041496584258443, 41.11011769990241 ], [ -3.040756368290934, 41.11011769990241 ], [ -3.040756368290934, 41.110980920242113 ], [ -3.040016152323426, 41.110980920242113 ], [ -3.040016152323426, 41.112707326873 ], [ -3.040756368290934, 41.112707326873 ], [ -3.040756368290934, 41.113570513164071 ], [ -3.041496584258443, 41.113570513164071 ], [ -3.041496584258443, 41.114865271320113 ], [ -3.042236800225951, 41.114865271320113 ], [ -3.042236800225951, 41.115728429237016 ], [ -3.04297701619346, 41.115728429237016 ], [ -3.04297701619346, 41.116591575804165 ], [ -3.043717232160968, 41.116591575804165 ], [ -3.043717232160968, 41.117886274374001 ], [ -3.044457448128477, 41.117886274374001 ], [ -3.044457448128477, 41.118749392566571 ], [ -3.045197664095985, 41.118749392566571 ], [ -3.045197664095985, 41.119612499409222 ], [ -3.045937880063493, 41.119612499409222 ], [ -3.045937880063493, 41.120907138391999 ], [ -3.046678096031002, 41.120907138391999 ], [ -3.046678096031002, 41.121770216859666 ], [ -3.04741831199851, 41.121770216859666 ], [ -3.04741831199851, 41.122633283977237 ], [ -3.049638959901035, 41.122633283977237 ], [ -3.049638959901035, 41.122201751837217 ], [ -3.050379175868543, 41.122201751837217 ], [ -3.050379175868543, 41.121338679044584 ] ], [ [ -3.067404143121235, 41.131694803439117 ], [ -3.067404143121235, 41.130400377274235 ], [ -3.068144359088743, 41.130400377274235 ], [ -3.068144359088743, 41.129105925570634 ], [ -3.068884575056252, 41.129105925570634 ], [ -3.068884575056252, 41.127811448328458 ], [ -3.06962479102376, 41.127811448328458 ], [ -3.06962479102376, 41.12651694554787 ], [ -3.070365006991269, 41.12651694554787 ], [ -3.070365006991269, 41.125222417229033 ], [ -3.071105222958777, 41.125222417229033 ], [ -3.071105222958777, 41.12306481327974 ], [ -3.070365006991269, 41.12306481327974 ], [ -3.070365006991269, 41.122633283977237 ], [ -3.06962479102376, 41.122633283977237 ], [ -3.06962479102376, 41.12306481327974 ], [ -3.068144359088743, 41.12306481327974 ], [ -3.068144359088743, 41.123496339744698 ], [ -3.066663927153726, 41.123496339744698 ], [ -3.066663927153726, 41.12392786337211 ], [ -3.06518349521871, 41.12392786337211 ], [ -3.06518349521871, 41.12435938416197 ], [ -3.063703063283693, 41.12435938416197 ], [ -3.063703063283693, 41.125222417229033 ], [ -3.062962847316185, 41.125222417229033 ], [ -3.062962847316185, 41.12651694554787 ], [ -3.062222631348676, 41.12651694554787 ], [ -3.062222631348676, 41.127379950239195 ], [ -3.061482415381168, 41.127379950239195 ], [ -3.061482415381168, 41.128242943580126 ], [ -3.06074219941366, 41.128242943580126 ], [ -3.06074219941366, 41.12953741230946 ], [ -3.060001983446152, 41.12953741230946 ], [ -3.060001983446152, 41.130400377274235 ], [ -3.059261767478643, 41.130400377274235 ], [ -3.059261767478643, 41.131694803439117 ], [ -3.058521551511134, 41.131694803439117 ], [ -3.058521551511134, 41.13212627315211 ], [ -3.059261767478643, 41.13212627315211 ], [ -3.059261767478643, 41.132557740027451 ], [ -3.062962847316185, 41.132557740027451 ], [ -3.062962847316185, 41.13212627315211 ], [ -3.066663927153726, 41.13212627315211 ], [ -3.066663927153726, 41.131694803439117 ], [ -3.067404143121235, 41.131694803439117 ] ], [ [ -3.054820471673593, 41.131263330888466 ], [ -3.055560687641102, 41.131263330888466 ], [ -3.055560687641102, 41.130831855500169 ], [ -3.054820471673593, 41.130831855500169 ], [ -3.054820471673593, 41.130400377274235 ], [ -3.054080255706085, 41.130400377274235 ], [ -3.054080255706085, 41.129968896210663 ], [ -3.05185960780356, 41.129968896210663 ], [ -3.05185960780356, 41.130831855500169 ], [ -3.051119391836051, 41.130831855500169 ], [ -3.051119391836051, 41.131263330888466 ], [ -3.05185960780356, 41.131263330888466 ], [ -3.05185960780356, 41.13212627315211 ], [ -3.054080255706085, 41.13212627315211 ], [ -3.054080255706085, 41.131694803439117 ], [ -3.054820471673593, 41.131694803439117 ], [ -3.054820471673593, 41.131263330888466 ] ], [ [ -3.079247598601368, 41.143774882748794 ], [ -3.079987814568876, 41.143774882748794 ], [ -3.079987814568876, 41.143343489654633 ], [ -3.081468246503893, 41.143343489654633 ], [ -3.081468246503893, 41.142912093722671 ], [ -3.08294867843891, 41.142912093722671 ], [ -3.08294867843891, 41.142480694952887 ], [ -3.084429110373926, 41.142480694952887 ], [ -3.084429110373926, 41.142049293345323 ], [ -3.085909542308943, 41.142049293345323 ], [ -3.085909542308943, 41.141617888899951 ], [ -3.086649758276452, 41.141617888899951 ], [ -3.086649758276452, 41.140755071495867 ], [ -3.08738997424396, 41.140755071495867 ], [ -3.08738997424396, 41.140323658537149 ], [ -3.088130190211468, 41.140323658537149 ], [ -3.088130190211468, 41.139892242740672 ], [ -3.088870406178977, 41.139892242740672 ], [ -3.088870406178977, 41.139029402634442 ], [ -3.089610622146485, 41.139029402634442 ], [ -3.089610622146485, 41.13859797832469 ], [ -3.090350838113993, 41.13859797832469 ], [ -3.090350838113993, 41.138166551177186 ], [ -3.091091054081502, 41.138166551177186 ], [ -3.091091054081502, 41.137303688368974 ], [ -3.09183127004901, 41.137303688368974 ], [ -3.09183127004901, 41.136872252708272 ], [ -3.092571486016518, 41.136872252708272 ], [ -3.092571486016518, 41.136440814209848 ], [ -3.093311701984026, 41.136440814209848 ], [ -3.093311701984026, 41.136009372873701 ], [ -3.094051917951535, 41.136009372873701 ], [ -3.094051917951535, 41.135577928699846 ], [ -3.09627256585406, 41.135577928699846 ], [ -3.09627256585406, 41.134715031839036 ], [ -3.097012781821568, 41.134715031839036 ], [ -3.097012781821568, 41.131694803439117 ], [ -3.097752997789076, 41.131694803439117 ], [ -3.097752997789076, 41.128674435994178 ], [ -3.098493213756585, 41.128674435994178 ], [ -3.098493213756585, 41.128242943580126 ], [ -3.099233429724093, 41.128242943580126 ], [ -3.099233429724093, 41.127811448328458 ], [ -3.099973645691601, 41.127811448328458 ], [ -3.099973645691601, 41.127379950239195 ], [ -3.101454077626618, 41.127379950239195 ], [ -3.101454077626618, 41.12694844931233 ], [ -3.102194293594127, 41.12694844931233 ], [ -3.102194293594127, 41.12651694554787 ], [ -3.102934509561635, 41.12651694554787 ], [ -3.102934509561635, 41.126085438945836 ], [ -3.103674725529143, 41.126085438945836 ], [ -3.103674725529143, 41.125653929506228 ], [ -3.104414941496652, 41.125653929506228 ], [ -3.104414941496652, 41.125222417229033 ], [ -3.105895373431669, 41.125222417229033 ], [ -3.105895373431669, 41.124790902114292 ], [ -3.106635589399176, 41.124790902114292 ], [ -3.106635589399176, 41.12435938416197 ], [ -3.107375805366685, 41.12435938416197 ], [ -3.107375805366685, 41.12392786337211 ], [ -3.108116021334193, 41.12392786337211 ], [ -3.108116021334193, 41.123496339744698 ], [ -3.108856237301702, 41.123496339744698 ], [ -3.108856237301702, 41.122201751837217 ], [ -3.108116021334193, 41.122201751837217 ], [ -3.108116021334193, 41.121338679044584 ], [ -3.107375805366685, 41.121338679044584 ], [ -3.107375805366685, 41.120907138391999 ], [ -3.10515515746416, 41.120907138391999 ], [ -3.10515515746416, 41.121770216859666 ], [ -3.104414941496652, 41.121770216859666 ], [ -3.104414941496652, 41.122201751837217 ], [ -3.103674725529143, 41.122201751837217 ], [ -3.103674725529143, 41.122633283977237 ], [ -3.10071386165911, 41.122633283977237 ], [ -3.10071386165911, 41.121770216859666 ], [ -3.099973645691601, 41.121770216859666 ], [ -3.099973645691601, 41.120907138391999 ], [ -3.099233429724093, 41.120907138391999 ], [ -3.099233429724093, 41.120475594901912 ], [ -3.098493213756585, 41.120475594901912 ], [ -3.098493213756585, 41.119612499409222 ], [ -3.097752997789076, 41.119612499409222 ], [ -3.097752997789076, 41.118749392566571 ], [ -3.094792133919043, 41.118749392566571 ], [ -3.094792133919043, 41.119180947406633 ], [ -3.093311701984026, 41.119180947406633 ], [ -3.093311701984026, 41.119612499409222 ], [ -3.092571486016518, 41.119612499409222 ], [ -3.092571486016518, 41.120044048574314 ], [ -3.09183127004901, 41.120044048574314 ], [ -3.09183127004901, 41.120475594901912 ], [ -3.091091054081502, 41.120475594901912 ], [ -3.091091054081502, 41.122201751837217 ], [ -3.090350838113993, 41.122201751837217 ], [ -3.090350838113993, 41.12435938416197 ], [ -3.089610622146485, 41.12435938416197 ], [ -3.089610622146485, 41.124790902114292 ], [ -3.088870406178977, 41.124790902114292 ], [ -3.088870406178977, 41.125222417229033 ], [ -3.088130190211468, 41.125222417229033 ], [ -3.088130190211468, 41.125653929506228 ], [ -3.086649758276452, 41.125653929506228 ], [ -3.086649758276452, 41.125222417229033 ], [ -3.085909542308943, 41.125222417229033 ], [ -3.085909542308943, 41.124790902114292 ], [ -3.085169326341435, 41.124790902114292 ], [ -3.085169326341435, 41.12306481327974 ], [ -3.084429110373926, 41.12306481327974 ], [ -3.084429110373926, 41.120475594901912 ], [ -3.083688894406418, 41.120475594901912 ], [ -3.083688894406418, 41.119612499409222 ], [ -3.082208462471401, 41.119612499409222 ], [ -3.082208462471401, 41.119180947406633 ], [ -3.081468246503893, 41.119180947406633 ], [ -3.081468246503893, 41.118749392566571 ], [ -3.079987814568876, 41.118749392566571 ], [ -3.079987814568876, 41.118317834889027 ], [ -3.079247598601368, 41.118317834889027 ], [ -3.079247598601368, 41.118749392566571 ], [ -3.07850738263386, 41.118749392566571 ], [ -3.07850738263386, 41.119180947406633 ], [ -3.077767166666352, 41.119180947406633 ], [ -3.077767166666352, 41.119612499409222 ], [ -3.07850738263386, 41.119612499409222 ], [ -3.07850738263386, 41.122633283977237 ], [ -3.079247598601368, 41.122633283977237 ], [ -3.079247598601368, 41.125222417229033 ], [ -3.079987814568876, 41.125222417229033 ], [ -3.079987814568876, 41.12651694554787 ], [ -3.080728030536385, 41.12651694554787 ], [ -3.080728030536385, 41.127379950239195 ], [ -3.081468246503893, 41.127379950239195 ], [ -3.081468246503893, 41.128242943580126 ], [ -3.082208462471401, 41.128242943580126 ], [ -3.082208462471401, 41.132557740027451 ], [ -3.081468246503893, 41.132557740027451 ], [ -3.081468246503893, 41.133420665265113 ], [ -3.080728030536385, 41.133420665265113 ], [ -3.080728030536385, 41.133852123627449 ], [ -3.077767166666352, 41.133852123627449 ], [ -3.077767166666352, 41.133420665265113 ], [ -3.074806302796318, 41.133420665265113 ], [ -3.074806302796318, 41.134715031839036 ], [ -3.07406608682881, 41.134715031839036 ], [ -3.07406608682881, 41.136009372873701 ], [ -3.073325870861302, 41.136009372873701 ], [ -3.073325870861302, 41.136872252708272 ], [ -3.072585654893793, 41.136872252708272 ], [ -3.072585654893793, 41.137303688368974 ], [ -3.071105222958777, 41.137303688368974 ], [ -3.071105222958777, 41.137735121191952 ], [ -3.070365006991269, 41.137735121191952 ], [ -3.070365006991269, 41.138166551177186 ], [ -3.06962479102376, 41.138166551177186 ], [ -3.06962479102376, 41.13859797832469 ], [ -3.068884575056252, 41.13859797832469 ], [ -3.068884575056252, 41.139029402634442 ], [ -3.068144359088743, 41.139029402634442 ], [ -3.068144359088743, 41.139460824106429 ], [ -3.067404143121235, 41.139460824106429 ], [ -3.067404143121235, 41.140755071495867 ], [ -3.068884575056252, 41.140755071495867 ], [ -3.068884575056252, 41.141186481616799 ], [ -3.070365006991269, 41.141186481616799 ], [ -3.070365006991269, 41.141617888899951 ], [ -3.071105222958777, 41.141617888899951 ], [ -3.071105222958777, 41.142912093722671 ], [ -3.071845438926284, 41.142912093722671 ], [ -3.071845438926284, 41.143774882748794 ], [ -3.072585654893793, 41.143774882748794 ], [ -3.072585654893793, 41.144637660423662 ], [ -3.073325870861302, 41.144637660423662 ], [ -3.073325870861302, 41.145069045004362 ], [ -3.07406608682881, 41.145069045004362 ], [ -3.07406608682881, 41.145500426747226 ], [ -3.075546518763827, 41.145500426747226 ], [ -3.075546518763827, 41.14593180565226 ], [ -3.07850738263386, 41.14593180565226 ], [ -3.07850738263386, 41.145069045004362 ], [ -3.079247598601368, 41.145069045004362 ], [ -3.079247598601368, 41.143774882748794 ] ], [ [ -3.049638959901035, 41.136440814209848 ], [ -3.048898743933526, 41.136440814209848 ], [ -3.048898743933526, 41.136009372873701 ], [ -3.04741831199851, 41.136009372873701 ], [ -3.04741831199851, 41.136440814209848 ], [ -3.046678096031002, 41.136440814209848 ], [ -3.046678096031002, 41.136872252708272 ], [ -3.045937880063493, 41.136872252708272 ], [ -3.045937880063493, 41.137735121191952 ], [ -3.046678096031002, 41.137735121191952 ], [ -3.046678096031002, 41.138166551177186 ], [ -3.048158527966018, 41.138166551177186 ], [ -3.048158527966018, 41.137735121191952 ], [ -3.049638959901035, 41.137735121191952 ], [ -3.049638959901035, 41.136440814209848 ] ], [ [ -3.121439908749343, 41.136872252708272 ], [ -3.120699692781835, 41.136872252708272 ], [ -3.120699692781835, 41.136440814209848 ], [ -3.11847904487931, 41.136440814209848 ], [ -3.11847904487931, 41.138166551177186 ], [ -3.120699692781835, 41.138166551177186 ], [ -3.120699692781835, 41.137735121191952 ], [ -3.121439908749343, 41.137735121191952 ], [ -3.121439908749343, 41.136872252708272 ] ], [ [ -3.04297701619346, 41.16361589730775 ], [ -3.043717232160968, 41.16361589730775 ], [ -3.043717232160968, 41.163184634759098 ], [ -3.044457448128477, 41.163184634759098 ], [ -3.044457448128477, 41.162322101147552 ], [ -3.045197664095985, 41.162322101147552 ], [ -3.045197664095985, 41.161890830084687 ], [ -3.045937880063493, 41.161890830084687 ], [ -3.045937880063493, 41.161028279444778 ], [ -3.046678096031002, 41.161028279444778 ], [ -3.046678096031002, 41.160165717452678 ], [ -3.04741831199851, 41.160165717452678 ], [ -3.04741831199851, 41.159734432199578 ], [ -3.048158527966018, 41.159734432199578 ], [ -3.048158527966018, 41.159303144108449 ], [ -3.048898743933526, 41.159303144108449 ], [ -3.048898743933526, 41.159734432199578 ], [ -3.053340039738576, 41.159734432199578 ], [ -3.053340039738576, 41.159303144108449 ], [ -3.054080255706085, 41.159303144108449 ], [ -3.054080255706085, 41.158440559412114 ], [ -3.054820471673593, 41.158440559412114 ], [ -3.054820471673593, 41.158009262806921 ], [ -3.055560687641102, 41.158009262806921 ], [ -3.055560687641102, 41.157577963363728 ], [ -3.057041119576118, 41.157577963363728 ], [ -3.057041119576118, 41.158009262806921 ], [ -3.057781335543627, 41.158009262806921 ], [ -3.057781335543627, 41.158440559412114 ], [ -3.058521551511134, 41.158440559412114 ], [ -3.058521551511134, 41.158871853179285 ], [ -3.06962479102376, 41.158871853179285 ], [ -3.06962479102376, 41.158440559412114 ], [ -3.070365006991269, 41.158440559412114 ], [ -3.070365006991269, 41.157146661082542 ], [ -3.071105222958777, 41.157146661082542 ], [ -3.071105222958777, 41.155852737211028 ], [ -3.071845438926284, 41.155852737211028 ], [ -3.071845438926284, 41.155421423577877 ], [ -3.072585654893793, 41.155421423577877 ], [ -3.072585654893793, 41.154990107106769 ], [ -3.07406608682881, 41.154990107106769 ], [ -3.07406608682881, 41.154558787797704 ], [ -3.074806302796318, 41.154558787797704 ], [ -3.074806302796318, 41.153696140665687 ], [ -3.07406608682881, 41.153696140665687 ], [ -3.07406608682881, 41.152833482181855 ], [ -3.073325870861302, 41.152833482181855 ], [ -3.073325870861302, 41.151970812346292 ], [ -3.072585654893793, 41.151970812346292 ], [ -3.072585654893793, 41.15110813115902 ], [ -3.071845438926284, 41.15110813115902 ], [ -3.071845438926284, 41.150245438620097 ], [ -3.071105222958777, 41.150245438620097 ], [ -3.071105222958777, 41.149814088093777 ], [ -3.070365006991269, 41.149814088093777 ], [ -3.070365006991269, 41.149382734729564 ], [ -3.068884575056252, 41.149382734729564 ], [ -3.068884575056252, 41.149814088093777 ], [ -3.068144359088743, 41.149814088093777 ], [ -3.068144359088743, 41.150245438620097 ], [ -3.067404143121235, 41.150245438620097 ], [ -3.067404143121235, 41.15110813115902 ], [ -3.066663927153726, 41.15110813115902 ], [ -3.066663927153726, 41.151539473171617 ], [ -3.065923711186218, 41.151539473171617 ], [ -3.065923711186218, 41.151970812346292 ], [ -3.06518349521871, 41.151970812346292 ], [ -3.06518349521871, 41.152402148683045 ], [ -3.063703063283693, 41.152402148683045 ], [ -3.063703063283693, 41.152833482181855 ], [ -3.062222631348676, 41.152833482181855 ], [ -3.062222631348676, 41.153264812842743 ], [ -3.061482415381168, 41.153264812842743 ], [ -3.061482415381168, 41.153696140665687 ], [ -3.060001983446152, 41.153696140665687 ], [ -3.060001983446152, 41.15412746565066 ], [ -3.058521551511134, 41.15412746565066 ], [ -3.058521551511134, 41.154558787797704 ], [ -3.054820471673593, 41.154558787797704 ], [ -3.054820471673593, 41.154990107106769 ], [ -3.050379175868543, 41.154990107106769 ], [ -3.050379175868543, 41.155421423577877 ], [ -3.045197664095985, 41.155421423577877 ], [ -3.045197664095985, 41.155852737211028 ], [ -3.044457448128477, 41.155852737211028 ], [ -3.044457448128477, 41.154990107106769 ], [ -3.043717232160968, 41.154990107106769 ], [ -3.043717232160968, 41.153696140665687 ], [ -3.04297701619346, 41.153696140665687 ], [ -3.04297701619346, 41.152402148683045 ], [ -3.042236800225951, 41.152402148683045 ], [ -3.042236800225951, 41.151539473171617 ], [ -3.04297701619346, 41.151539473171617 ], [ -3.04297701619346, 41.150676786308516 ], [ -3.043717232160968, 41.150676786308516 ], [ -3.043717232160968, 41.149382734729564 ], [ -3.044457448128477, 41.149382734729564 ], [ -3.044457448128477, 41.148520019487464 ], [ -3.045197664095985, 41.148520019487464 ], [ -3.045197664095985, 41.147657292893854 ], [ -3.045937880063493, 41.147657292893854 ], [ -3.045937880063493, 41.145500426747226 ], [ -3.045197664095985, 41.145500426747226 ], [ -3.045197664095985, 41.139029402634442 ], [ -3.039275936355919, 41.139029402634442 ], [ -3.039275936355919, 41.139460824106429 ], [ -3.033354208615851, 41.139460824106429 ], [ -3.033354208615851, 41.139892242740672 ], [ -3.031873776680835, 41.139892242740672 ], [ -3.031873776680835, 41.139460824106429 ], [ -3.030393344745818, 41.139460824106429 ], [ -3.030393344745818, 41.139029402634442 ], [ -3.02965312877831, 41.139029402634442 ], [ -3.02965312877831, 41.13859797832469 ], [ -3.028172696843293, 41.13859797832469 ], [ -3.028172696843293, 41.138166551177186 ], [ -3.025952048940769, 41.138166551177186 ], [ -3.025952048940769, 41.13859797832469 ], [ -3.02521183297326, 41.13859797832469 ], [ -3.02521183297326, 41.139029402634442 ], [ -3.024471617005751, 41.139029402634442 ], [ -3.024471617005751, 41.139460824106429 ], [ -3.023731401038243, 41.139460824106429 ], [ -3.023731401038243, 41.139892242740672 ], [ -3.022991185070734, 41.139892242740672 ], [ -3.022991185070734, 41.139460824106429 ], [ -3.022250969103226, 41.139460824106429 ], [ -3.022250969103226, 41.139029402634442 ], [ -3.021510753135718, 41.139029402634442 ], [ -3.021510753135718, 41.13859797832469 ], [ -3.02077053716821, 41.13859797832469 ], [ -3.02077053716821, 41.138166551177186 ], [ -3.019290105233193, 41.138166551177186 ], [ -3.019290105233193, 41.137735121191952 ], [ -3.018549889265685, 41.137735121191952 ], [ -3.018549889265685, 41.138166551177186 ], [ -3.017809673298177, 41.138166551177186 ], [ -3.017809673298177, 41.13859797832469 ], [ -3.017069457330668, 41.13859797832469 ], [ -3.017069457330668, 41.139029402634442 ], [ -3.01632924136316, 41.139029402634442 ], [ -3.01632924136316, 41.139460824106429 ], [ -3.013368377493127, 41.139460824106429 ], [ -3.013368377493127, 41.140323658537149 ], [ -3.014108593460635, 41.140323658537149 ], [ -3.014108593460635, 41.140755071495867 ], [ -3.014848809428143, 41.140755071495867 ], [ -3.014848809428143, 41.141186481616799 ], [ -3.01632924136316, 41.141186481616799 ], [ -3.01632924136316, 41.140755071495867 ], [ -3.017069457330668, 41.140755071495867 ], [ -3.017069457330668, 41.140323658537149 ], [ -3.017809673298177, 41.140323658537149 ], [ -3.017809673298177, 41.140755071495867 ], [ -3.018549889265685, 41.140755071495867 ], [ -3.018549889265685, 41.141186481616799 ], [ -3.020030321200701, 41.141186481616799 ], [ -3.020030321200701, 41.141617888899951 ], [ -3.021510753135718, 41.141617888899951 ], [ -3.021510753135718, 41.142049293345323 ], [ -3.022250969103226, 41.142049293345323 ], [ -3.022250969103226, 41.142480694952887 ], [ -3.023731401038243, 41.142480694952887 ], [ -3.023731401038243, 41.142912093722671 ], [ -3.027432480875784, 41.142912093722671 ], [ -3.027432480875784, 41.143343489654633 ], [ -3.028172696843293, 41.143343489654633 ], [ -3.028172696843293, 41.143774882748794 ], [ -3.028912912810801, 41.143774882748794 ], [ -3.028912912810801, 41.144637660423662 ], [ -3.02965312877831, 41.144637660423662 ], [ -3.02965312877831, 41.145069045004362 ], [ -3.030393344745818, 41.145069045004362 ], [ -3.030393344745818, 41.145500426747226 ], [ -3.031133560713327, 41.145500426747226 ], [ -3.031133560713327, 41.146794554948762 ], [ -3.031873776680835, 41.146794554948762 ], [ -3.031873776680835, 41.148520019487464 ], [ -3.032613992648343, 41.148520019487464 ], [ -3.032613992648343, 41.149814088093777 ], [ -3.031873776680835, 41.149814088093777 ], [ -3.031873776680835, 41.151539473171617 ], [ -3.031133560713327, 41.151539473171617 ], [ -3.031133560713327, 41.154990107106769 ], [ -3.031873776680835, 41.154990107106769 ], [ -3.031873776680835, 41.157146661082542 ], [ -3.032613992648343, 41.157146661082542 ], [ -3.032613992648343, 41.158871853179285 ], [ -3.03409442458336, 41.158871853179285 ], [ -3.03409442458336, 41.159303144108449 ], [ -3.034834640550868, 41.159303144108449 ], [ -3.034834640550868, 41.159734432199578 ], [ -3.036315072485885, 41.159734432199578 ], [ -3.036315072485885, 41.160165717452678 ], [ -3.037055288453393, 41.160165717452678 ], [ -3.037055288453393, 41.160596999867749 ], [ -3.03853572038841, 41.160596999867749 ], [ -3.03853572038841, 41.163184634759098 ], [ -3.039275936355919, 41.163184634759098 ], [ -3.039275936355919, 41.165340919121533 ], [ -3.042236800225951, 41.165340919121533 ], [ -3.042236800225951, 41.164478413890819 ], [ -3.04297701619346, 41.164478413890819 ], [ -3.04297701619346, 41.16361589730775 ] ], [ [ -3.112557317139244, 41.170946926403879 ], [ -3.113297533106751, 41.170946926403879 ], [ -3.113297533106751, 41.170084494964705 ], [ -3.11403774907426, 41.170084494964705 ], [ -3.11403774907426, 41.168790826519711 ], [ -3.114777965041768, 41.168790826519711 ], [ -3.114777965041768, 41.167497132531359 ], [ -3.11403774907426, 41.167497132531359 ], [ -3.11403774907426, 41.165772167479723 ], [ -3.113297533106751, 41.165772167479723 ], [ -3.113297533106751, 41.162753369372361 ], [ -3.11403774907426, 41.162753369372361 ], [ -3.11403774907426, 41.161028279444778 ], [ -3.113297533106751, 41.161028279444778 ], [ -3.113297533106751, 41.160596999867749 ], [ -3.112557317139244, 41.160596999867749 ], [ -3.112557317139244, 41.159734432199578 ], [ -3.111817101171734, 41.159734432199578 ], [ -3.111817101171734, 41.159303144108449 ], [ -3.111076885204227, 41.159303144108449 ], [ -3.111076885204227, 41.158871853179285 ], [ -3.110336669236718, 41.158871853179285 ], [ -3.110336669236718, 41.158009262806921 ], [ -3.10959645326921, 41.158009262806921 ], [ -3.10959645326921, 41.157577963363728 ], [ -3.108856237301702, 41.157577963363728 ], [ -3.108856237301702, 41.157146661082542 ], [ -3.105895373431669, 41.157146661082542 ], [ -3.105895373431669, 41.157577963363728 ], [ -3.103674725529143, 41.157577963363728 ], [ -3.103674725529143, 41.158009262806921 ], [ -3.102194293594127, 41.158009262806921 ], [ -3.102194293594127, 41.159303144108449 ], [ -3.102934509561635, 41.159303144108449 ], [ -3.102934509561635, 41.160165717452678 ], [ -3.103674725529143, 41.160165717452678 ], [ -3.103674725529143, 41.160596999867749 ], [ -3.104414941496652, 41.160596999867749 ], [ -3.104414941496652, 41.16145955618375 ], [ -3.10515515746416, 41.16145955618375 ], [ -3.10515515746416, 41.162322101147552 ], [ -3.105895373431669, 41.162322101147552 ], [ -3.105895373431669, 41.162753369372361 ], [ -3.106635589399176, 41.162753369372361 ], [ -3.106635589399176, 41.16361589730775 ], [ -3.107375805366685, 41.16361589730775 ], [ -3.107375805366685, 41.164478413890819 ], [ -3.108116021334193, 41.164478413890819 ], [ -3.108116021334193, 41.16490966792523 ], [ -3.108856237301702, 41.16490966792523 ], [ -3.108856237301702, 41.165772167479723 ], [ -3.10959645326921, 41.165772167479723 ], [ -3.10959645326921, 41.167928366698952 ], [ -3.108856237301702, 41.167928366698952 ], [ -3.108856237301702, 41.172240552276278 ], [ -3.111076885204227, 41.172240552276278 ], [ -3.111076885204227, 41.171809346490335 ], [ -3.112557317139244, 41.171809346490335 ], [ -3.112557317139244, 41.170946926403879 ] ], [ [ -3.02521183297326, 41.10666470504956 ], [ -3.02521183297326, 41.106233067924975 ], [ -3.025952048940769, 41.106233067924975 ], [ -3.025952048940769, 41.10580142796308 ], [ -3.026692264908276, 41.10580142796308 ], [ -3.026692264908276, 41.104938139527384 ], [ -3.027432480875784, 41.104938139527384 ], [ -3.027432480875784, 41.103211528608533 ], [ -3.026692264908276, 41.103211528608533 ], [ -3.026692264908276, 41.102779868785625 ], [ -3.024471617005751, 41.102779868785625 ], [ -3.024471617005751, 41.103211528608533 ], [ -3.023731401038243, 41.103211528608533 ], [ -3.023731401038243, 41.103643185594152 ], [ -3.022991185070734, 41.103643185594152 ], [ -3.022991185070734, 41.104506491053591 ], [ -3.022250969103226, 41.104506491053591 ], [ -3.022250969103226, 41.104938139527384 ], [ -3.021510753135718, 41.104938139527384 ], [ -3.021510753135718, 41.10536978516388 ], [ -3.02077053716821, 41.10536978516388 ], [ -3.02077053716821, 41.10580142796308 ], [ -3.020030321200701, 41.10580142796308 ], [ -3.020030321200701, 41.107096339336834 ], [ -3.02077053716821, 41.107096339336834 ], [ -3.02077053716821, 41.107527970786784 ], [ -3.021510753135718, 41.107527970786784 ], [ -3.021510753135718, 41.107096339336834 ], [ -3.023731401038243, 41.107096339336834 ], [ -3.023731401038243, 41.10666470504956 ], [ -3.02521183297326, 41.10666470504956 ] ], [ [ -3.020030321200701, 41.119180947406633 ], [ -3.019290105233193, 41.119180947406633 ], [ -3.019290105233193, 41.118749392566571 ], [ -3.017809673298177, 41.118749392566571 ], [ -3.017809673298177, 41.119180947406633 ], [ -3.017069457330668, 41.119180947406633 ], [ -3.017069457330668, 41.120475594901912 ], [ -3.019290105233193, 41.120475594901912 ], [ -3.019290105233193, 41.120044048574314 ], [ -3.020030321200701, 41.120044048574314 ], [ -3.020030321200701, 41.119180947406633 ] ], [ [ -3.031133560713327, 41.120907138391999 ], [ -3.030393344745818, 41.120907138391999 ], [ -3.030393344745818, 41.121338679044584 ], [ -3.02965312877831, 41.121338679044584 ], [ -3.02965312877831, 41.121770216859666 ], [ -3.028912912810801, 41.121770216859666 ], [ -3.028912912810801, 41.122201751837217 ], [ -3.02965312877831, 41.122201751837217 ], [ -3.02965312877831, 41.122633283977237 ], [ -3.031873776680835, 41.122633283977237 ], [ -3.031873776680835, 41.121338679044584 ], [ -3.031133560713327, 41.121338679044584 ], [ -3.031133560713327, 41.120907138391999 ] ], [ [ -3.028172696843293, 41.122201751837217 ], [ -3.026692264908276, 41.122201751837217 ], [ -3.026692264908276, 41.121770216859666 ], [ -3.025952048940769, 41.121770216859666 ], [ -3.025952048940769, 41.122201751837217 ], [ -3.02521183297326, 41.122201751837217 ], [ -3.02521183297326, 41.122633283977237 ], [ -3.024471617005751, 41.122633283977237 ], [ -3.024471617005751, 41.12306481327974 ], [ -3.02521183297326, 41.12306481327974 ], [ -3.02521183297326, 41.12392786337211 ], [ -3.027432480875784, 41.12392786337211 ], [ -3.027432480875784, 41.123496339744698 ], [ -3.028172696843293, 41.123496339744698 ], [ -3.028172696843293, 41.122201751837217 ] ], [ [ -3.037055288453393, 41.12435938416197 ], [ -3.035574856518377, 41.12435938416197 ], [ -3.035574856518377, 41.124790902114292 ], [ -3.034834640550868, 41.124790902114292 ], [ -3.034834640550868, 41.125222417229033 ], [ -3.03409442458336, 41.125222417229033 ], [ -3.03409442458336, 41.125653929506228 ], [ -3.034834640550868, 41.125653929506228 ], [ -3.034834640550868, 41.126085438945836 ], [ -3.035574856518377, 41.126085438945836 ], [ -3.035574856518377, 41.12651694554787 ], [ -3.037795504420901, 41.12651694554787 ], [ -3.037795504420901, 41.124790902114292 ], [ -3.037055288453393, 41.124790902114292 ], [ -3.037055288453393, 41.12435938416197 ] ], [ [ -2.965254339605085, 41.136872252708272 ], [ -2.964514123637576, 41.136872252708272 ], [ -2.964514123637576, 41.138166551177186 ], [ -2.967474987507609, 41.138166551177186 ], [ -2.967474987507609, 41.136440814209848 ], [ -2.965254339605085, 41.136440814209848 ], [ -2.965254339605085, 41.136872252708272 ] ], [ [ -2.990421682500368, 41.16145955618375 ], [ -2.98968146653286, 41.16145955618375 ], [ -2.98968146653286, 41.160165717452678 ], [ -2.988941250565351, 41.160165717452678 ], [ -2.988941250565351, 41.159734432199578 ], [ -2.98968146653286, 41.159734432199578 ], [ -2.98968146653286, 41.158871853179285 ], [ -2.990421682500368, 41.158871853179285 ], [ -2.990421682500368, 41.157577963363728 ], [ -2.991161898467876, 41.157577963363728 ], [ -2.991161898467876, 41.156284048006185 ], [ -2.993382546370401, 41.156284048006185 ], [ -2.993382546370401, 41.15671535596335 ], [ -2.995603194272926, 41.15671535596335 ], [ -2.995603194272926, 41.158009262806921 ], [ -2.996343410240434, 41.158009262806921 ], [ -2.996343410240434, 41.158440559412114 ], [ -3.000784706045485, 41.158440559412114 ], [ -3.000784706045485, 41.158009262806921 ], [ -3.001524922012992, 41.158009262806921 ], [ -3.001524922012992, 41.155852737211028 ], [ -3.002265137980501, 41.155852737211028 ], [ -3.002265137980501, 41.153696140665687 ], [ -3.003005353948009, 41.153696140665687 ], [ -3.003005353948009, 41.151539473171617 ], [ -3.002265137980501, 41.151539473171617 ], [ -3.002265137980501, 41.150245438620097 ], [ -3.001524922012992, 41.150245438620097 ], [ -3.001524922012992, 41.148951378527457 ], [ -3.000784706045485, 41.148951378527457 ], [ -3.000784706045485, 41.148088657609591 ], [ -3.000044490077977, 41.148088657609591 ], [ -3.000044490077977, 41.146794554948762 ], [ -3.000784706045485, 41.146794554948762 ], [ -3.000784706045485, 41.144637660423662 ], [ -3.001524922012992, 41.144637660423662 ], [ -3.001524922012992, 41.142049293345323 ], [ -3.000784706045485, 41.142049293345323 ], [ -3.000784706045485, 41.141617888899951 ], [ -3.000044490077977, 41.141617888899951 ], [ -3.000044490077977, 41.141186481616799 ], [ -2.999304274110468, 41.141186481616799 ], [ -2.999304274110468, 41.140755071495867 ], [ -2.99856405814296, 41.140755071495867 ], [ -2.99856405814296, 41.139892242740672 ], [ -2.997823842175452, 41.139892242740672 ], [ -2.997823842175452, 41.139029402634442 ], [ -2.997083626207943, 41.139029402634442 ], [ -2.997083626207943, 41.137735121191952 ], [ -2.996343410240434, 41.137735121191952 ], [ -2.996343410240434, 41.131263330888466 ], [ -2.995603194272926, 41.131263330888466 ], [ -2.995603194272926, 41.130831855500169 ], [ -2.99412276233791, 41.130831855500169 ], [ -2.99412276233791, 41.130400377274235 ], [ -2.992642330402893, 41.130400377274235 ], [ -2.992642330402893, 41.129968896210663 ], [ -2.991161898467876, 41.129968896210663 ], [ -2.991161898467876, 41.12953741230946 ], [ -2.98968146653286, 41.12953741230946 ], [ -2.98968146653286, 41.129105925570634 ], [ -2.988941250565351, 41.129105925570634 ], [ -2.988941250565351, 41.12953741230946 ], [ -2.988201034597843, 41.12953741230946 ], [ -2.988201034597843, 41.133420665265113 ], [ -2.987460818630335, 41.133420665265113 ], [ -2.987460818630335, 41.134283579152083 ], [ -2.986720602662827, 41.134283579152083 ], [ -2.986720602662827, 41.135146481688288 ], [ -2.985980386695318, 41.135146481688288 ], [ -2.985980386695318, 41.136009372873701 ], [ -2.985240170727809, 41.136009372873701 ], [ -2.985240170727809, 41.135577928699846 ], [ -2.984499954760301, 41.135577928699846 ], [ -2.984499954760301, 41.135146481688288 ], [ -2.983759738792793, 41.135146481688288 ], [ -2.983759738792793, 41.134715031839036 ], [ -2.983019522825284, 41.134715031839036 ], [ -2.983019522825284, 41.134283579152083 ], [ -2.981539090890268, 41.134283579152083 ], [ -2.981539090890268, 41.133852123627449 ], [ -2.980058658955251, 41.133852123627449 ], [ -2.980058658955251, 41.134283579152083 ], [ -2.979318442987743, 41.134283579152083 ], [ -2.979318442987743, 41.134715031839036 ], [ -2.978578227020235, 41.134715031839036 ], [ -2.978578227020235, 41.135577928699846 ], [ -2.977838011052726, 41.135577928699846 ], [ -2.977838011052726, 41.136009372873701 ], [ -2.977097795085218, 41.136009372873701 ], [ -2.977097795085218, 41.136440814209848 ], [ -2.97635757911771, 41.136440814209848 ], [ -2.97635757911771, 41.136872252708272 ], [ -2.973396715247676, 41.136872252708272 ], [ -2.973396715247676, 41.137303688368974 ], [ -2.971176067345151, 41.137303688368974 ], [ -2.971176067345151, 41.139892242740672 ], [ -2.971916283312659, 41.139892242740672 ], [ -2.971916283312659, 41.143343489654633 ], [ -2.971176067345151, 41.143343489654633 ], [ -2.971176067345151, 41.14636318171943 ], [ -2.971916283312659, 41.14636318171943 ], [ -2.971916283312659, 41.147225925340237 ], [ -2.972656499280168, 41.147225925340237 ], [ -2.972656499280168, 41.148520019487464 ], [ -2.973396715247676, 41.148520019487464 ], [ -2.973396715247676, 41.150676786308516 ], [ -2.972656499280168, 41.150676786308516 ], [ -2.972656499280168, 41.151539473171617 ], [ -2.971916283312659, 41.151539473171617 ], [ -2.971916283312659, 41.152833482181855 ], [ -2.971176067345151, 41.152833482181855 ], [ -2.971176067345151, 41.15412746565066 ], [ -2.970435851377643, 41.15412746565066 ], [ -2.970435851377643, 41.154990107106769 ], [ -2.971176067345151, 41.154990107106769 ], [ -2.971176067345151, 41.155421423577877 ], [ -2.972656499280168, 41.155421423577877 ], [ -2.972656499280168, 41.154990107106769 ], [ -2.973396715247676, 41.154990107106769 ], [ -2.973396715247676, 41.154558787797704 ], [ -2.974136931215185, 41.154558787797704 ], [ -2.974136931215185, 41.15412746565066 ], [ -2.97635757911771, 41.15412746565066 ], [ -2.97635757911771, 41.154558787797704 ], [ -2.980058658955251, 41.154558787797704 ], [ -2.980058658955251, 41.15412746565066 ], [ -2.981539090890268, 41.15412746565066 ], [ -2.981539090890268, 41.153696140665687 ], [ -2.983019522825284, 41.153696140665687 ], [ -2.983019522825284, 41.153264812842743 ], [ -2.984499954760301, 41.153264812842743 ], [ -2.984499954760301, 41.152833482181855 ], [ -2.985980386695318, 41.152833482181855 ], [ -2.985980386695318, 41.151970812346292 ], [ -2.986720602662827, 41.151970812346292 ], [ -2.986720602662827, 41.148520019487464 ], [ -2.987460818630335, 41.148520019487464 ], [ -2.987460818630335, 41.146794554948762 ], [ -2.988941250565351, 41.146794554948762 ], [ -2.988941250565351, 41.14636318171943 ], [ -2.990421682500368, 41.14636318171943 ], [ -2.990421682500368, 41.146794554948762 ], [ -2.991902114435385, 41.146794554948762 ], [ -2.991902114435385, 41.148088657609591 ], [ -2.992642330402893, 41.148088657609591 ], [ -2.992642330402893, 41.149814088093777 ], [ -2.993382546370401, 41.149814088093777 ], [ -2.993382546370401, 41.150676786308516 ], [ -2.992642330402893, 41.150676786308516 ], [ -2.992642330402893, 41.152402148683045 ], [ -2.991902114435385, 41.152402148683045 ], [ -2.991902114435385, 41.153264812842743 ], [ -2.990421682500368, 41.153264812842743 ], [ -2.990421682500368, 41.153696140665687 ], [ -2.988941250565351, 41.153696140665687 ], [ -2.988941250565351, 41.15412746565066 ], [ -2.987460818630335, 41.15412746565066 ], [ -2.987460818630335, 41.154558787797704 ], [ -2.986720602662827, 41.154558787797704 ], [ -2.986720602662827, 41.161028279444778 ], [ -2.985980386695318, 41.161028279444778 ], [ -2.985980386695318, 41.162753369372361 ], [ -2.985240170727809, 41.162753369372361 ], [ -2.985240170727809, 41.164047157018338 ], [ -2.985980386695318, 41.164047157018338 ], [ -2.985980386695318, 41.164478413890819 ], [ -2.991161898467876, 41.164478413890819 ], [ -2.991161898467876, 41.162753369372361 ], [ -2.990421682500368, 41.162753369372361 ], [ -2.990421682500368, 41.16145955618375 ] ], [ [ -2.961553259767543, 41.166203412999813 ], [ -2.961553259767543, 41.16490966792523 ], [ -2.962293475735051, 41.16490966792523 ], [ -2.962293475735051, 41.164047157018338 ], [ -2.963033691702559, 41.164047157018338 ], [ -2.963033691702559, 41.163184634759098 ], [ -2.965994555572594, 41.163184634759098 ], [ -2.965994555572594, 41.16361589730775 ], [ -2.966734771540101, 41.16361589730775 ], [ -2.966734771540101, 41.163184634759098 ], [ -2.967474987507609, 41.163184634759098 ], [ -2.967474987507609, 41.162753369372361 ], [ -2.968215203475118, 41.162753369372361 ], [ -2.968215203475118, 41.162322101147552 ], [ -2.968955419442627, 41.162322101147552 ], [ -2.968955419442627, 41.161890830084687 ], [ -2.969695635410134, 41.161890830084687 ], [ -2.969695635410134, 41.16145955618375 ], [ -2.970435851377643, 41.16145955618375 ], [ -2.970435851377643, 41.161028279444778 ], [ -2.971176067345151, 41.161028279444778 ], [ -2.971176067345151, 41.160596999867749 ], [ -2.971916283312659, 41.160596999867749 ], [ -2.971916283312659, 41.160165717452678 ], [ -2.972656499280168, 41.160165717452678 ], [ -2.972656499280168, 41.158009262806921 ], [ -2.971916283312659, 41.158009262806921 ], [ -2.971916283312659, 41.15671535596335 ], [ -2.971176067345151, 41.15671535596335 ], [ -2.971176067345151, 41.156284048006185 ], [ -2.970435851377643, 41.156284048006185 ], [ -2.970435851377643, 41.15671535596335 ], [ -2.968955419442627, 41.15671535596335 ], [ -2.968955419442627, 41.157146661082542 ], [ -2.968215203475118, 41.157146661082542 ], [ -2.968215203475118, 41.157577963363728 ], [ -2.967474987507609, 41.157577963363728 ], [ -2.967474987507609, 41.158009262806921 ], [ -2.966734771540101, 41.158009262806921 ], [ -2.966734771540101, 41.157577963363728 ], [ -2.965994555572594, 41.157577963363728 ], [ -2.965994555572594, 41.157146661082542 ], [ -2.964514123637576, 41.157146661082542 ], [ -2.964514123637576, 41.15671535596335 ], [ -2.963773907670068, 41.15671535596335 ], [ -2.963773907670068, 41.156284048006185 ], [ -2.963033691702559, 41.156284048006185 ], [ -2.963033691702559, 41.155852737211028 ], [ -2.962293475735051, 41.155852737211028 ], [ -2.962293475735051, 41.155421423577877 ], [ -2.961553259767543, 41.155421423577877 ], [ -2.961553259767543, 41.154990107106769 ], [ -2.960813043800035, 41.154990107106769 ], [ -2.960813043800035, 41.153696140665687 ], [ -2.960072827832526, 41.153696140665687 ], [ -2.960072827832526, 41.150245438620097 ], [ -2.960813043800035, 41.150245438620097 ], [ -2.960813043800035, 41.148951378527457 ], [ -2.962293475735051, 41.148951378527457 ], [ -2.962293475735051, 41.148520019487464 ], [ -2.965254339605085, 41.148520019487464 ], [ -2.965254339605085, 41.148088657609591 ], [ -2.966734771540101, 41.148088657609591 ], [ -2.966734771540101, 41.147225925340237 ], [ -2.967474987507609, 41.147225925340237 ], [ -2.967474987507609, 41.14636318171943 ], [ -2.968215203475118, 41.14636318171943 ], [ -2.968215203475118, 41.14593180565226 ], [ -2.967474987507609, 41.14593180565226 ], [ -2.967474987507609, 41.144637660423662 ], [ -2.966734771540101, 41.144637660423662 ], [ -2.966734771540101, 41.143343489654633 ], [ -2.965994555572594, 41.143343489654633 ], [ -2.965994555572594, 41.142480694952887 ], [ -2.965254339605085, 41.142480694952887 ], [ -2.965254339605085, 41.141186481616799 ], [ -2.963773907670068, 41.141186481616799 ], [ -2.963773907670068, 41.140755071495867 ], [ -2.963033691702559, 41.140755071495867 ], [ -2.963033691702559, 41.141186481616799 ], [ -2.959332611865018, 41.141186481616799 ], [ -2.959332611865018, 41.140755071495867 ], [ -2.95859239589751, 41.140755071495867 ], [ -2.95859239589751, 41.139892242740672 ], [ -2.957852179930001, 41.139892242740672 ], [ -2.957852179930001, 41.139029402634442 ], [ -2.957111963962493, 41.139029402634442 ], [ -2.957111963962493, 41.13859797832469 ], [ -2.954891316059968, 41.13859797832469 ], [ -2.954891316059968, 41.139029402634442 ], [ -2.954151100092459, 41.139029402634442 ], [ -2.954151100092459, 41.139892242740672 ], [ -2.953410884124951, 41.139892242740672 ], [ -2.953410884124951, 41.140755071495867 ], [ -2.952670668157443, 41.140755071495867 ], [ -2.952670668157443, 41.141186481616799 ], [ -2.950450020254918, 41.141186481616799 ], [ -2.950450020254918, 41.141617888899951 ], [ -2.949709804287409, 41.141617888899951 ], [ -2.949709804287409, 41.143343489654633 ], [ -2.948969588319901, 41.143343489654633 ], [ -2.948969588319901, 41.145500426747226 ], [ -2.948229372352393, 41.145500426747226 ], [ -2.948229372352393, 41.14636318171943 ], [ -2.947489156384885, 41.14636318171943 ], [ -2.947489156384885, 41.147225925340237 ], [ -2.946748940417376, 41.147225925340237 ], [ -2.946748940417376, 41.147657292893854 ], [ -2.94526850848236, 41.147657292893854 ], [ -2.94526850848236, 41.148088657609591 ], [ -2.943788076547343, 41.148088657609591 ], [ -2.943788076547343, 41.148520019487464 ], [ -2.942307644612326, 41.148520019487464 ], [ -2.942307644612326, 41.148951378527457 ], [ -2.94082721267731, 41.148951378527457 ], [ -2.94082721267731, 41.149382734729564 ], [ -2.938606564774784, 41.149382734729564 ], [ -2.938606564774784, 41.149814088093777 ], [ -2.937866348807276, 41.149814088093777 ], [ -2.937866348807276, 41.150245438620097 ], [ -2.937126132839768, 41.150245438620097 ], [ -2.937126132839768, 41.150676786308516 ], [ -2.936385916872259, 41.150676786308516 ], [ -2.936385916872259, 41.151539473171617 ], [ -2.935645700904751, 41.151539473171617 ], [ -2.935645700904751, 41.152402148683045 ], [ -2.934905484937243, 41.152402148683045 ], [ -2.934905484937243, 41.153264812842743 ], [ -2.933425053002226, 41.153264812842743 ], [ -2.933425053002226, 41.153696140665687 ], [ -2.932684837034718, 41.153696140665687 ], [ -2.932684837034718, 41.15412746565066 ], [ -2.93194462106721, 41.15412746565066 ], [ -2.93194462106721, 41.154558787797704 ], [ -2.930464189132193, 41.154558787797704 ], [ -2.930464189132193, 41.154990107106769 ], [ -2.929723973164685, 41.154990107106769 ], [ -2.929723973164685, 41.155421423577877 ], [ -2.928983757197177, 41.155421423577877 ], [ -2.928983757197177, 41.15671535596335 ], [ -2.929723973164685, 41.15671535596335 ], [ -2.929723973164685, 41.157146661082542 ], [ -2.930464189132193, 41.157146661082542 ], [ -2.930464189132193, 41.158009262806921 ], [ -2.931204405099701, 41.158009262806921 ], [ -2.931204405099701, 41.158871853179285 ], [ -2.93194462106721, 41.158871853179285 ], [ -2.93194462106721, 41.162322101147552 ], [ -2.932684837034718, 41.162322101147552 ], [ -2.932684837034718, 41.162753369372361 ], [ -2.933425053002226, 41.162753369372361 ], [ -2.933425053002226, 41.162322101147552 ], [ -2.934905484937243, 41.162322101147552 ], [ -2.934905484937243, 41.161890830084687 ], [ -2.935645700904751, 41.161890830084687 ], [ -2.935645700904751, 41.16145955618375 ], [ -2.936385916872259, 41.16145955618375 ], [ -2.936385916872259, 41.161028279444778 ], [ -2.937866348807276, 41.161028279444778 ], [ -2.937866348807276, 41.16145955618375 ], [ -2.939346780742293, 41.16145955618375 ], [ -2.939346780742293, 41.161890830084687 ], [ -2.94082721267731, 41.161890830084687 ], [ -2.94082721267731, 41.162322101147552 ], [ -2.942307644612326, 41.162322101147552 ], [ -2.942307644612326, 41.162753369372361 ], [ -2.943047860579835, 41.162753369372361 ], [ -2.943047860579835, 41.163184634759098 ], [ -2.944528292514851, 41.163184634759098 ], [ -2.944528292514851, 41.16361589730775 ], [ -2.946008724449868, 41.16361589730775 ], [ -2.946008724449868, 41.164047157018338 ], [ -2.948969588319901, 41.164047157018338 ], [ -2.948969588319901, 41.16361589730775 ], [ -2.951190236222426, 41.16361589730775 ], [ -2.951190236222426, 41.164478413890819 ], [ -2.951930452189934, 41.164478413890819 ], [ -2.951930452189934, 41.165340919121533 ], [ -2.952670668157443, 41.165340919121533 ], [ -2.952670668157443, 41.166203412999813 ], [ -2.953410884124951, 41.166203412999813 ], [ -2.953410884124951, 41.167065895525631 ], [ -2.954151100092459, 41.167065895525631 ], [ -2.954151100092459, 41.167497132531359 ], [ -2.960072827832526, 41.167497132531359 ], [ -2.960072827832526, 41.167065895525631 ], [ -2.960813043800035, 41.167065895525631 ], [ -2.960813043800035, 41.166203412999813 ], [ -2.961553259767543, 41.166203412999813 ] ], [ [ -3.025952048940769, 41.164047157018338 ], [ -3.026692264908276, 41.164047157018338 ], [ -3.026692264908276, 41.163184634759098 ], [ -3.027432480875784, 41.163184634759098 ], [ -3.027432480875784, 41.162322101147552 ], [ -3.028172696843293, 41.162322101147552 ], [ -3.028172696843293, 41.160596999867749 ], [ -3.027432480875784, 41.160596999867749 ], [ -3.027432480875784, 41.160165717452678 ], [ -3.026692264908276, 41.160165717452678 ], [ -3.026692264908276, 41.159303144108449 ], [ -3.024471617005751, 41.159303144108449 ], [ -3.024471617005751, 41.159734432199578 ], [ -3.023731401038243, 41.159734432199578 ], [ -3.023731401038243, 41.160596999867749 ], [ -3.022991185070734, 41.160596999867749 ], [ -3.022991185070734, 41.16145955618375 ], [ -3.022250969103226, 41.16145955618375 ], [ -3.022250969103226, 41.16361589730775 ], [ -3.022991185070734, 41.16361589730775 ], [ -3.022991185070734, 41.165340919121533 ], [ -3.02521183297326, 41.165340919121533 ], [ -3.02521183297326, 41.16490966792523 ], [ -3.025952048940769, 41.16490966792523 ], [ -3.025952048940769, 41.164047157018338 ] ], [ [ -2.977097795085218, 41.162322101147552 ], [ -2.97635757911771, 41.162322101147552 ], [ -2.97635757911771, 41.161890830084687 ], [ -2.974877147182693, 41.161890830084687 ], [ -2.974877147182693, 41.162322101147552 ], [ -2.974136931215185, 41.162322101147552 ], [ -2.974136931215185, 41.16361589730775 ], [ -2.974877147182693, 41.16361589730775 ], [ -2.974877147182693, 41.164047157018338 ], [ -2.97635757911771, 41.164047157018338 ], [ -2.97635757911771, 41.16361589730775 ], [ -2.977097795085218, 41.16361589730775 ], [ -2.977097795085218, 41.162322101147552 ] ], [ [ -2.994862978305418, 41.164047157018338 ], [ -2.991902114435385, 41.164047157018338 ], [ -2.991902114435385, 41.165340919121533 ], [ -2.992642330402893, 41.165340919121533 ], [ -2.992642330402893, 41.165772167479723 ], [ -2.99412276233791, 41.165772167479723 ], [ -2.99412276233791, 41.165340919121533 ], [ -2.994862978305418, 41.165340919121533 ], [ -2.994862978305418, 41.164047157018338 ] ], [ [ -2.92750332526216, 41.173102955333569 ], [ -2.928243541229667, 41.173102955333569 ], [ -2.928243541229667, 41.172240552276278 ], [ -2.92750332526216, 41.172240552276278 ], [ -2.92750332526216, 41.171809346490335 ], [ -2.925282677359635, 41.171809346490335 ], [ -2.925282677359635, 41.172240552276278 ], [ -2.924542461392126, 41.172240552276278 ], [ -2.924542461392126, 41.17267175522403 ], [ -2.923802245424618, 41.17267175522403 ], [ -2.923802245424618, 41.173102955333569 ], [ -2.923062029457109, 41.173102955333569 ], [ -2.923062029457109, 41.174396538632941 ], [ -2.926763109294652, 41.174396538632941 ], [ -2.926763109294652, 41.173965347038035 ], [ -2.92750332526216, 41.173965347038035 ], [ -2.92750332526216, 41.173102955333569 ] ], [ [ -3.002265137980501, 41.176121276630262 ], [ -3.003005353948009, 41.176121276630262 ], [ -3.003005353948009, 41.174827727389626 ], [ -3.003745569915518, 41.174827727389626 ], [ -3.003745569915518, 41.173965347038035 ], [ -3.004485785883027, 41.173965347038035 ], [ -3.004485785883027, 41.171378137866199 ], [ -3.003745569915518, 41.171378137866199 ], [ -3.003745569915518, 41.170084494964705 ], [ -3.003005353948009, 41.170084494964705 ], [ -3.003005353948009, 41.168790826519711 ], [ -3.002265137980501, 41.168790826519711 ], [ -3.002265137980501, 41.168359598028403 ], [ -3.000044490077977, 41.168359598028403 ], [ -3.000044490077977, 41.171378137866199 ], [ -2.999304274110468, 41.171378137866199 ], [ -2.999304274110468, 41.172240552276278 ], [ -2.99856405814296, 41.172240552276278 ], [ -2.99856405814296, 41.173102955333569 ], [ -2.997823842175452, 41.173102955333569 ], [ -2.997823842175452, 41.173965347038035 ], [ -2.997083626207943, 41.173965347038035 ], [ -2.997083626207943, 41.174396538632941 ], [ -2.995603194272926, 41.174396538632941 ], [ -2.995603194272926, 41.174827727389626 ], [ -2.99412276233791, 41.174827727389626 ], [ -2.99412276233791, 41.175258913308078 ], [ -2.992642330402893, 41.175258913308078 ], [ -2.992642330402893, 41.175690096388287 ], [ -2.991161898467876, 41.175690096388287 ], [ -2.991161898467876, 41.176121276630262 ], [ -2.98968146653286, 41.176121276630262 ], [ -2.98968146653286, 41.176552454033988 ], [ -2.988201034597843, 41.176552454033988 ], [ -2.988201034597843, 41.176983628599459 ], [ -2.986720602662827, 41.176983628599459 ], [ -2.986720602662827, 41.177414800326673 ], [ -2.985980386695318, 41.177414800326673 ], [ -2.985980386695318, 41.178277135266292 ], [ -2.986720602662827, 41.178277135266292 ], [ -2.986720602662827, 41.178708298478696 ], [ -2.987460818630335, 41.178708298478696 ], [ -2.987460818630335, 41.179139458852809 ], [ -2.988941250565351, 41.179139458852809 ], [ -2.988941250565351, 41.179570616388638 ], [ -2.990421682500368, 41.179570616388638 ], [ -2.990421682500368, 41.180001771086182 ], [ -2.991902114435385, 41.180001771086182 ], [ -2.991902114435385, 41.180432922945414 ], [ -2.993382546370401, 41.180432922945414 ], [ -2.993382546370401, 41.18086407196634 ], [ -2.994862978305418, 41.18086407196634 ], [ -2.994862978305418, 41.181295218148961 ], [ -2.995603194272926, 41.181295218148961 ], [ -2.995603194272926, 41.181726361493268 ], [ -2.997083626207943, 41.181726361493268 ], [ -2.997083626207943, 41.182157501999257 ], [ -2.99856405814296, 41.182157501999257 ], [ -2.99856405814296, 41.182588639666911 ], [ -3.000044490077977, 41.182588639666911 ], [ -3.000044490077977, 41.183019774496231 ], [ -3.003005353948009, 41.183019774496231 ], [ -3.003005353948009, 41.180432922945414 ], [ -3.002265137980501, 41.180432922945414 ], [ -3.002265137980501, 41.176121276630262 ] ], [ [ -2.968955419442627, 41.185606523866817 ], [ -2.968215203475118, 41.185606523866817 ], [ -2.968215203475118, 41.186037638827635 ], [ -2.968955419442627, 41.186037638827635 ], [ -2.968955419442627, 41.186468750950077 ], [ -2.971176067345151, 41.186468750950077 ], [ -2.971176067345151, 41.185175406067621 ], [ -2.968955419442627, 41.185175406067621 ], [ -2.968955419442627, 41.185606523866817 ] ] ], [ [ [ -3.058521551511134, 41.101916540628046 ], [ -3.059261767478643, 41.101916540628046 ], [ -3.059261767478643, 41.101053201121459 ], [ -3.06074219941366, 41.101053201121459 ], [ -3.06074219941366, 41.101484872293369 ], [ -3.062962847316185, 41.101484872293369 ], [ -3.062962847316185, 41.101916540628046 ], [ -3.063703063283693, 41.101916540628046 ], [ -3.063703063283693, 41.103643185594152 ], [ -3.064443279251202, 41.103643185594152 ], [ -3.064443279251202, 41.10536978516388 ], [ -3.063703063283693, 41.10536978516388 ], [ -3.063703063283693, 41.106233067924975 ], [ -3.062962847316185, 41.106233067924975 ], [ -3.062962847316185, 41.107527970786784 ], [ -3.062222631348676, 41.107527970786784 ], [ -3.062222631348676, 41.108391225174692 ], [ -3.059261767478643, 41.108391225174692 ], [ -3.059261767478643, 41.107527970786784 ], [ -3.058521551511134, 41.107527970786784 ], [ -3.058521551511134, 41.10666470504956 ], [ -3.057781335543627, 41.10666470504956 ], [ -3.057781335543627, 41.102348206125463 ], [ -3.058521551511134, 41.102348206125463 ], [ -3.058521551511134, 41.101916540628046 ] ] ], [ [ [ -2.983759738792793, 41.139029402634442 ], [ -2.984499954760301, 41.139029402634442 ], [ -2.984499954760301, 41.137735121191952 ], [ -2.985240170727809, 41.137735121191952 ], [ -2.985240170727809, 41.136440814209848 ], [ -2.985980386695318, 41.136440814209848 ], [ -2.985980386695318, 41.136009372873701 ], [ -2.986720602662827, 41.136009372873701 ], [ -2.986720602662827, 41.136440814209848 ], [ -2.987460818630335, 41.136440814209848 ], [ -2.987460818630335, 41.136872252708272 ], [ -2.988201034597843, 41.136872252708272 ], [ -2.988201034597843, 41.137303688368974 ], [ -2.988941250565351, 41.137303688368974 ], [ -2.988941250565351, 41.137735121191952 ], [ -2.98968146653286, 41.137735121191952 ], [ -2.98968146653286, 41.139460824106429 ], [ -2.990421682500368, 41.139460824106429 ], [ -2.990421682500368, 41.141186481616799 ], [ -2.98968146653286, 41.141186481616799 ], [ -2.98968146653286, 41.142049293345323 ], [ -2.988941250565351, 41.142049293345323 ], [ -2.988941250565351, 41.143343489654633 ], [ -2.988201034597843, 41.143343489654633 ], [ -2.988201034597843, 41.144206273005153 ], [ -2.987460818630335, 41.144206273005153 ], [ -2.987460818630335, 41.143774882748794 ], [ -2.985240170727809, 41.143774882748794 ], [ -2.985240170727809, 41.143343489654633 ], [ -2.984499954760301, 41.143343489654633 ], [ -2.984499954760301, 41.142480694952887 ], [ -2.983759738792793, 41.142480694952887 ], [ -2.983759738792793, 41.139029402634442 ] ] ], [ [ [ 1.36130799048113, 35.339516615071751 ], [ 1.362048206448638, 35.339516615071751 ], [ 1.362048206448638, 35.336712785726213 ], [ 1.36130799048113, 35.336712785726213 ], [ 1.36130799048113, 35.336245471377005 ], [ 1.360567774513621, 35.336245471377005 ], [ 1.360567774513621, 35.335310834571608 ], [ 1.359827558546113, 35.335310834571608 ], [ 1.359827558546113, 35.334843512115462 ], [ 1.359087342578605, 35.334843512115462 ], [ 1.359087342578605, 35.33390885909634 ], [ 1.35686669467608, 35.33390885909634 ], [ 1.35686669467608, 35.333441528533392 ], [ 1.354646046773555, 35.333441528533392 ], [ 1.354646046773555, 35.33390885909634 ], [ 1.353905830806046, 35.33390885909634 ], [ 1.353905830806046, 35.334376186957023 ], [ 1.353165614838538, 35.334376186957023 ], [ 1.353165614838538, 35.334843512115462 ], [ 1.35242539887103, 35.334843512115462 ], [ 1.35242539887103, 35.33577815432546 ], [ 1.351685182903521, 35.33577815432546 ], [ 1.351685182903521, 35.336245471377005 ], [ 1.350944966936013, 35.336245471377005 ], [ 1.350944966936013, 35.336712785726213 ], [ 1.350204750968505, 35.336712785726213 ], [ 1.350204750968505, 35.342320347129579 ], [ 1.350944966936013, 35.342320347129579 ], [ 1.350944966936013, 35.342787626347125 ], [ 1.351685182903521, 35.342787626347125 ], [ 1.351685182903521, 35.343254902862128 ], [ 1.35242539887103, 35.343254902862128 ], [ 1.35242539887103, 35.344189447784444 ], [ 1.353165614838538, 35.344189447784444 ], [ 1.353165614838538, 35.344656716191722 ], [ 1.359087342578605, 35.344656716191722 ], [ 1.359087342578605, 35.344189447784444 ], [ 1.359827558546113, 35.344189447784444 ], [ 1.359827558546113, 35.343254902862128 ], [ 1.360567774513621, 35.343254902862128 ], [ 1.360567774513621, 35.342787626347125 ], [ 1.36130799048113, 35.342787626347125 ], [ 1.36130799048113, 35.339516615071751 ] ] ], [ [ [ 0.544849778319437, 35.786873994605742 ], [ 0.545589994286945, 35.786873994605742 ], [ 0.545589994286945, 35.785015191100669 ], [ 0.546330210254454, 35.785015191100669 ], [ 0.546330210254454, 35.784085773047011 ], [ 0.545589994286945, 35.784085773047011 ], [ 0.545589994286945, 35.782226904338074 ], [ 0.544849778319437, 35.782226904338074 ], [ 0.544849778319437, 35.779903257325017 ], [ 0.544109562351929, 35.779903257325017 ], [ 0.544109562351929, 35.779438519772313 ], [ 0.54336934638442, 35.779438519772313 ], [ 0.54336934638442, 35.77897377950292 ], [ 0.541888914449404, 35.77897377950292 ], [ 0.541888914449404, 35.778509036516901 ], [ 0.541148698481895, 35.778509036516901 ], [ 0.541148698481895, 35.778044290814222 ], [ 0.539668266546879, 35.778044290814222 ], [ 0.539668266546879, 35.778509036516901 ], [ 0.53892805057937, 35.778509036516901 ], [ 0.53892805057937, 35.77897377950292 ], [ 0.537447618644354, 35.77897377950292 ], [ 0.537447618644354, 35.779903257325017 ], [ 0.536707402676845, 35.779903257325017 ], [ 0.536707402676845, 35.78129745368301 ], [ 0.535967186709337, 35.78129745368301 ], [ 0.535967186709337, 35.782691625590473 ], [ 0.535226970741829, 35.782691625590473 ], [ 0.535226970741829, 35.785015191100669 ], [ 0.535967186709337, 35.785015191100669 ], [ 0.535967186709337, 35.787803380056921 ], [ 0.536707402676845, 35.787803380056921 ], [ 0.536707402676845, 35.788268068707133 ], [ 0.538187834611862, 35.788268068707133 ], [ 0.538187834611862, 35.788732754640378 ], [ 0.540408482514387, 35.788732754640378 ], [ 0.540408482514387, 35.788268068707133 ], [ 0.542629130416912, 35.788268068707133 ], [ 0.542629130416912, 35.787803380056921 ], [ 0.544109562351929, 35.787803380056921 ], [ 0.544109562351929, 35.787338688689786 ], [ 0.544849778319437, 35.787338688689786 ], [ 0.544849778319437, 35.786873994605742 ] ] ], [ [ [ -0.270868217874747, 35.820325023345006 ], [ -0.270868217874747, 35.820789521773627 ], [ -0.269387785939731, 35.820789521773627 ], [ -0.269387785939731, 35.820325023345006 ], [ -0.268647569972222, 35.820325023345006 ], [ -0.268647569972222, 35.819860522198454 ], [ -0.267907354004714, 35.819860522198454 ], [ -0.267907354004714, 35.81939601833394 ], [ -0.267167138037206, 35.81939601833394 ], [ -0.267167138037206, 35.818931511751508 ], [ -0.266426922069697, 35.818931511751508 ], [ -0.266426922069697, 35.818467002451158 ], [ -0.265686706102189, 35.818467002451158 ], [ -0.265686706102189, 35.818002490432896 ], [ -0.264946490134681, 35.818002490432896 ], [ -0.264946490134681, 35.81753797569678 ], [ -0.264206274167172, 35.81753797569678 ], [ -0.264206274167172, 35.817073458242774 ], [ -0.263466058199664, 35.817073458242774 ], [ -0.263466058199664, 35.816608938070921 ], [ -0.261985626264647, 35.816608938070921 ], [ -0.261985626264647, 35.816144415181228 ], [ -0.253843250622056, 35.816144415181228 ], [ -0.253843250622056, 35.815215361248384 ], [ -0.253103034654547, 35.815215361248384 ], [ -0.253103034654547, 35.814286296444358 ], [ -0.252362818687039, 35.814286296444358 ], [ -0.252362818687039, 35.813357220769255 ], [ -0.251622602719531, 35.813357220769255 ], [ -0.251622602719531, 35.812428134223211 ], [ -0.250882386752022, 35.812428134223211 ], [ -0.250882386752022, 35.811499036806339 ], [ -0.250142170784514, 35.811499036806339 ], [ -0.250142170784514, 35.810569928518746 ], [ -0.249401954817006, 35.810569928518746 ], [ -0.249401954817006, 35.809640809360559 ], [ -0.248661738849497, 35.809640809360559 ], [ -0.248661738849497, 35.809176245705025 ], [ -0.246441090946972, 35.809176245705025 ], [ -0.246441090946972, 35.809640809360559 ], [ -0.243480227076939, 35.809640809360559 ], [ -0.243480227076939, 35.809176245705025 ], [ -0.242740011109431, 35.809176245705025 ], [ -0.242740011109431, 35.808247110241169 ], [ -0.241999795141922, 35.808247110241169 ], [ -0.241999795141922, 35.807782538432875 ], [ -0.241259579174414, 35.807782538432875 ], [ -0.241259579174414, 35.80731796390701 ], [ -0.239779147239397, 35.80731796390701 ], [ -0.239779147239397, 35.807782538432875 ], [ -0.239038931271889, 35.807782538432875 ], [ -0.239038931271889, 35.809176245705025 ], [ -0.238298715304381, 35.809176245705025 ], [ -0.238298715304381, 35.810569928518746 ], [ -0.237558499336872, 35.810569928518746 ], [ -0.237558499336872, 35.811499036806339 ], [ -0.236818283369364, 35.811499036806339 ], [ -0.236818283369364, 35.812892678855093 ], [ -0.235337851434347, 35.812892678855093 ], [ -0.235337851434347, 35.813357220769255 ], [ -0.232376987564314, 35.813357220769255 ], [ -0.232376987564314, 35.812428134223211 ], [ -0.231636771596806, 35.812428134223211 ], [ -0.231636771596806, 35.811034484021377 ], [ -0.230896555629297, 35.811034484021377 ], [ -0.230896555629297, 35.810105370298473 ], [ -0.230156339661789, 35.810105370298473 ], [ -0.230156339661789, 35.808711679331893 ], [ -0.229416123694281, 35.808711679331893 ], [ -0.229416123694281, 35.80731796390701 ], [ -0.230156339661789, 35.80731796390701 ], [ -0.230156339661789, 35.805459638628236 ], [ -0.230896555629297, 35.805459638628236 ], [ -0.230896555629297, 35.804995050514783 ], [ -0.231636771596806, 35.804995050514783 ], [ -0.231636771596806, 35.804065866135467 ], [ -0.232376987564314, 35.804065866135467 ], [ -0.232376987564314, 35.803601269869652 ], [ -0.233117203531822, 35.803601269869652 ], [ -0.233117203531822, 35.803136670886389 ], [ -0.233857419499331, 35.803136670886389 ], [ -0.233857419499331, 35.802672069185711 ], [ -0.236078067401856, 35.802672069185711 ], [ -0.236078067401856, 35.803136670886389 ], [ -0.236818283369364, 35.803136670886389 ], [ -0.236818283369364, 35.803601269869652 ], [ -0.237558499336872, 35.803601269869652 ], [ -0.237558499336872, 35.804530459683846 ], [ -0.238298715304381, 35.804530459683846 ], [ -0.238298715304381, 35.804995050514783 ], [ -0.239038931271889, 35.804995050514783 ], [ -0.239038931271889, 35.805459638628236 ], [ -0.240519363206906, 35.805459638628236 ], [ -0.240519363206906, 35.804995050514783 ], [ -0.241259579174414, 35.804995050514783 ], [ -0.241259579174414, 35.803601269869652 ], [ -0.241999795141922, 35.803601269869652 ], [ -0.241999795141922, 35.801742857632192 ], [ -0.242740011109431, 35.801742857632192 ], [ -0.242740011109431, 35.801278247779365 ], [ -0.243480227076939, 35.801278247779365 ], [ -0.243480227076939, 35.800813635209181 ], [ -0.244220443044447, 35.800813635209181 ], [ -0.244220443044447, 35.800349019921647 ], [ -0.244960659011956, 35.800349019921647 ], [ -0.244960659011956, 35.800813635209181 ], [ -0.245700874979464, 35.800813635209181 ], [ -0.245700874979464, 35.801278247779365 ], [ -0.246441090946972, 35.801278247779365 ], [ -0.246441090946972, 35.801742857632192 ], [ -0.247181306914481, 35.801742857632192 ], [ -0.247181306914481, 35.80220746476764 ], [ -0.248661738849497, 35.80220746476764 ], [ -0.248661738849497, 35.802672069185711 ], [ -0.249401954817006, 35.802672069185711 ], [ -0.249401954817006, 35.803136670886389 ], [ -0.250882386752022, 35.803136670886389 ], [ -0.250882386752022, 35.802672069185711 ], [ -0.251622602719531, 35.802672069185711 ], [ -0.251622602719531, 35.80220746476764 ], [ -0.252362818687039, 35.80220746476764 ], [ -0.252362818687039, 35.801278247779365 ], [ -0.253103034654547, 35.801278247779365 ], [ -0.253103034654547, 35.800813635209181 ], [ -0.253843250622056, 35.800813635209181 ], [ -0.253843250622056, 35.800349019921647 ], [ -0.254583466589564, 35.800349019921647 ], [ -0.254583466589564, 35.799884401916799 ], [ -0.257544330459597, 35.799884401916799 ], [ -0.257544330459597, 35.800349019921647 ], [ -0.258284546427106, 35.800349019921647 ], [ -0.258284546427106, 35.801278247779365 ], [ -0.259024762394614, 35.801278247779365 ], [ -0.259024762394614, 35.80220746476764 ], [ -0.259764978362122, 35.80220746476764 ], [ -0.259764978362122, 35.803136670886389 ], [ -0.260505194329631, 35.803136670886389 ], [ -0.260505194329631, 35.803601269869652 ], [ -0.261985626264647, 35.803601269869652 ], [ -0.261985626264647, 35.804065866135467 ], [ -0.262725842232156, 35.804065866135467 ], [ -0.262725842232156, 35.804530459683846 ], [ -0.263466058199664, 35.804530459683846 ], [ -0.263466058199664, 35.806388806702657 ], [ -0.264206274167172, 35.806388806702657 ], [ -0.264206274167172, 35.809640809360559 ], [ -0.264946490134681, 35.809640809360559 ], [ -0.264946490134681, 35.810105370298473 ], [ -0.267167138037206, 35.810105370298473 ], [ -0.267167138037206, 35.809640809360559 ], [ -0.267907354004714, 35.809640809360559 ], [ -0.267907354004714, 35.809176245705025 ], [ -0.269387785939731, 35.809176245705025 ], [ -0.269387785939731, 35.808711679331893 ], [ -0.270868217874747, 35.808711679331893 ], [ -0.270868217874747, 35.808247110241169 ], [ -0.271608433842256, 35.808247110241169 ], [ -0.271608433842256, 35.807782538432875 ], [ -0.273829081744781, 35.807782538432875 ], [ -0.273829081744781, 35.808247110241169 ], [ -0.275309513679797, 35.808247110241169 ], [ -0.275309513679797, 35.808711679331893 ], [ -0.276789945614814, 35.808711679331893 ], [ -0.276789945614814, 35.809176245705025 ], [ -0.278270377549831, 35.809176245705025 ], [ -0.278270377549831, 35.809640809360559 ], [ -0.279750809484847, 35.809640809360559 ], [ -0.279750809484847, 35.810105370298473 ], [ -0.280491025452356, 35.810105370298473 ], [ -0.280491025452356, 35.810569928518746 ], [ -0.281231241419864, 35.810569928518746 ], [ -0.281231241419864, 35.811499036806339 ], [ -0.281971457387372, 35.811499036806339 ], [ -0.281971457387372, 35.815679889573708 ], [ -0.282711673354881, 35.815679889573708 ], [ -0.282711673354881, 35.819860522198454 ], [ -0.283451889322389, 35.819860522198454 ], [ -0.283451889322389, 35.820789521773627 ], [ -0.282711673354881, 35.820789521773627 ], [ -0.282711673354881, 35.822647488308213 ], [ -0.281971457387372, 35.822647488308213 ], [ -0.281971457387372, 35.8235764552674 ], [ -0.280491025452356, 35.8235764552674 ], [ -0.280491025452356, 35.824040934669902 ], [ -0.278270377549831, 35.824040934669902 ], [ -0.278270377549831, 35.8235764552674 ], [ -0.277530161582322, 35.8235764552674 ], [ -0.277530161582322, 35.822647488308213 ], [ -0.276789945614814, 35.822647488308213 ], [ -0.276789945614814, 35.821254017484272 ], [ -0.276049729647306, 35.821254017484272 ], [ -0.276049729647306, 35.820325023345006 ], [ -0.270868217874747, 35.820325023345006 ] ] ], [ [ [ 0.131809268449787, 36.014711672484637 ], [ 0.131069052482278, 36.014711672484637 ], [ 0.131069052482278, 36.014248311432823 ], [ 0.13032883651477, 36.014248311432823 ], [ 0.13032883651477, 36.01378494765703 ], [ 0.129588620547261, 36.01378494765703 ], [ 0.129588620547261, 36.013321581157236 ], [ 0.128848404579753, 36.013321581157236 ], [ 0.128848404579753, 36.012858211933477 ], [ 0.128108188612245, 36.012858211933477 ], [ 0.128108188612245, 36.011931465314092 ], [ 0.123666892807195, 36.011931465314092 ], [ 0.123666892807195, 36.012858211933477 ], [ 0.122926676839686, 36.012858211933477 ], [ 0.122926676839686, 36.01378494765703 ], [ 0.122186460872178, 36.01378494765703 ], [ 0.122186460872178, 36.022125078837831 ], [ 0.122926676839686, 36.022125078837831 ], [ 0.122926676839686, 36.023051705596806 ], [ 0.123666892807195, 36.023051705596806 ], [ 0.123666892807195, 36.023515014889895 ], [ 0.124407108774703, 36.023515014889895 ], [ 0.124407108774703, 36.023978321458699 ], [ 0.131069052482278, 36.023978321458699 ], [ 0.131069052482278, 36.023051705596806 ], [ 0.131809268449787, 36.023051705596806 ], [ 0.131809268449787, 36.022125078837831 ], [ 0.132549484417295, 36.022125078837831 ], [ 0.132549484417295, 36.018881799368508 ], [ 0.131809268449787, 36.018881799368508 ], [ 0.131809268449787, 36.014711672484637 ] ] ], [ [ [ 3.951323660792791, 36.109180347750218 ], [ 3.952063876760299, 36.109180347750218 ], [ 3.952063876760299, 36.108717542692112 ], [ 3.953544308695316, 36.108717542692112 ], [ 3.953544308695316, 36.108254734907121 ], [ 3.95650517256535, 36.108254734907121 ], [ 3.95650517256535, 36.107791924395251 ], [ 3.957985604500367, 36.107791924395251 ], [ 3.957985604500367, 36.105940655079173 ], [ 3.958725820467875, 36.105940655079173 ], [ 3.958725820467875, 36.103163669300919 ], [ 3.959466036435383, 36.103163669300919 ], [ 3.959466036435383, 36.09992372849365 ], [ 3.960206252402891, 36.09992372849365 ], [ 3.960206252402891, 36.098998006580253 ], [ 3.959466036435383, 36.098998006580253 ], [ 3.959466036435383, 36.098535141533645 ], [ 3.958725820467875, 36.098535141533645 ], [ 3.958725820467875, 36.098072273760451 ], [ 3.957985604500367, 36.098072273760451 ], [ 3.957985604500367, 36.097609403260684 ], [ 3.957245388532858, 36.097609403260684 ], [ 3.957245388532858, 36.097146530034358 ], [ 3.95650517256535, 36.097146530034358 ], [ 3.95650517256535, 36.096683654081488 ], [ 3.955764956597841, 36.096683654081488 ], [ 3.955764956597841, 36.095757893996158 ], [ 3.955024740630333, 36.095757893996158 ], [ 3.955024740630333, 36.095295009863733 ], [ 3.952804092727808, 36.095295009863733 ], [ 3.952804092727808, 36.094832123004828 ], [ 3.950583444825283, 36.094832123004828 ], [ 3.950583444825283, 36.094369233419435 ], [ 3.949103012890266, 36.094369233419435 ], [ 3.949103012890266, 36.092980548304574 ], [ 3.949843228857775, 36.092980548304574 ], [ 3.949843228857775, 36.09066601858494 ], [ 3.950583444825283, 36.09066601858494 ], [ 3.950583444825283, 36.088814345734903 ], [ 3.951323660792791, 36.088814345734903 ], [ 3.951323660792791, 36.084647922335719 ], [ 3.950583444825283, 36.084647922335719 ], [ 3.950583444825283, 36.083722020481055 ], [ 3.949843228857775, 36.083722020481055 ], [ 3.949843228857775, 36.083259065464532 ], [ 3.947622580955249, 36.083259065464532 ], [ 3.947622580955249, 36.082796107721876 ], [ 3.945401933052725, 36.082796107721876 ], [ 3.945401933052725, 36.082333147253117 ], [ 3.9431812851502, 36.082333147253117 ], [ 3.9431812851502, 36.081870184058268 ], [ 3.940960637247674, 36.081870184058268 ], [ 3.940960637247674, 36.081407218137336 ], [ 3.937999773377642, 36.081407218137336 ], [ 3.937999773377642, 36.081870184058268 ], [ 3.937259557410132, 36.081870184058268 ], [ 3.937259557410132, 36.082333147253117 ], [ 3.935779125475117, 36.082333147253117 ], [ 3.935779125475117, 36.082796107721876 ], [ 3.933558477572591, 36.082796107721876 ], [ 3.933558477572591, 36.082333147253117 ], [ 3.932818261605083, 36.082333147253117 ], [ 3.932818261605083, 36.081870184058268 ], [ 3.932078045637575, 36.081870184058268 ], [ 3.932078045637575, 36.081407218137336 ], [ 3.931337829670066, 36.081407218137336 ], [ 3.931337829670066, 36.080944249490344 ], [ 3.930597613702558, 36.080944249490344 ], [ 3.930597613702558, 36.080481278117297 ], [ 3.929857397735049, 36.080481278117297 ], [ 3.929857397735049, 36.080944249490344 ], [ 3.928376965800033, 36.080944249490344 ], [ 3.928376965800033, 36.081870184058268 ], [ 3.927636749832525, 36.081870184058268 ], [ 3.927636749832525, 36.082796107721876 ], [ 3.926896533865016, 36.082796107721876 ], [ 3.926896533865016, 36.08418497277146 ], [ 3.926156317897508, 36.08418497277146 ], [ 3.926156317897508, 36.085573813285706 ], [ 3.925416101929999, 36.085573813285706 ], [ 3.925416101929999, 36.089740187612556 ], [ 3.926156317897508, 36.089740187612556 ], [ 3.926156317897508, 36.090203104461921 ], [ 3.926896533865016, 36.090203104461921 ], [ 3.926896533865016, 36.09066601858494 ], [ 3.927636749832525, 36.09066601858494 ], [ 3.927636749832525, 36.091128929981622 ], [ 3.928376965800033, 36.091128929981622 ], [ 3.928376965800033, 36.091591838651937 ], [ 3.929117181767541, 36.091591838651937 ], [ 3.929117181767541, 36.09205474459587 ], [ 3.929857397735049, 36.09205474459587 ], [ 3.929857397735049, 36.09251764781343 ], [ 3.930597613702558, 36.09251764781343 ], [ 3.930597613702558, 36.092980548304574 ], [ 3.931337829670066, 36.092980548304574 ], [ 3.931337829670066, 36.093906341107591 ], [ 3.932078045637575, 36.093906341107591 ], [ 3.932078045637575, 36.094369233419435 ], [ 3.932818261605083, 36.094369233419435 ], [ 3.932818261605083, 36.094832123004828 ], [ 3.933558477572591, 36.094832123004828 ], [ 3.933558477572591, 36.102237985560841 ], [ 3.9342986935401, 36.102237985560841 ], [ 3.9342986935401, 36.104552174460522 ], [ 3.935038909507608, 36.104552174460522 ], [ 3.935038909507608, 36.106866295190898 ], [ 3.935779125475117, 36.106866295190898 ], [ 3.935779125475117, 36.108717542692112 ], [ 3.936519341442624, 36.108717542692112 ], [ 3.936519341442624, 36.109180347750218 ], [ 3.937259557410132, 36.109180347750218 ], [ 3.937259557410132, 36.109643150081396 ], [ 3.937999773377642, 36.109643150081396 ], [ 3.937999773377642, 36.110105949685646 ], [ 3.938739989345149, 36.110105949685646 ], [ 3.938739989345149, 36.110568746562969 ], [ 3.940220421280167, 36.110568746562969 ], [ 3.940220421280167, 36.11103154071332 ], [ 3.940960637247674, 36.11103154071332 ], [ 3.940960637247674, 36.111494332136701 ], [ 3.944661717085216, 36.111494332136701 ], [ 3.944661717085216, 36.11103154071332 ], [ 3.949103012890266, 36.11103154071332 ], [ 3.949103012890266, 36.110568746562969 ], [ 3.949843228857775, 36.110568746562969 ], [ 3.949843228857775, 36.110105949685646 ], [ 3.950583444825283, 36.110105949685646 ], [ 3.950583444825283, 36.109643150081396 ], [ 3.951323660792791, 36.109643150081396 ], [ 3.951323660792791, 36.109180347750218 ] ] ], [ [ [ 3.849173857276641, 36.197063812843062 ], [ 3.849173857276641, 36.195676944578857 ], [ 3.849914073244149, 36.195676944578857 ], [ 3.849914073244149, 36.19429005174878 ], [ 3.850654289211658, 36.19429005174878 ], [ 3.850654289211658, 36.192903134353216 ], [ 3.851394505179166, 36.192903134353216 ], [ 3.851394505179166, 36.191516192392527 ], [ 3.863978176626807, 36.191516192392527 ], [ 3.863978176626807, 36.190591550771629 ], [ 3.864718392594316, 36.190591550771629 ], [ 3.864718392594316, 36.189666898233192 ], [ 3.865458608561824, 36.189666898233192 ], [ 3.865458608561824, 36.188742234777301 ], [ 3.866198824529333, 36.188742234777301 ], [ 3.866198824529333, 36.187817560404099 ], [ 3.866939040496842, 36.187817560404099 ], [ 3.866939040496842, 36.187355219123539 ], [ 3.868419472431857, 36.187355219123539 ], [ 3.868419472431857, 36.188279898955365 ], [ 3.869159688399366, 36.188279898955365 ], [ 3.869159688399366, 36.192903134353216 ], [ 3.869899904366874, 36.192903134353216 ], [ 3.869899904366874, 36.193827748679738 ], [ 3.870640120334383, 36.193827748679738 ], [ 3.870640120334383, 36.194752352088322 ], [ 3.871380336301891, 36.194752352088322 ], [ 3.871380336301891, 36.195214649698372 ], [ 3.872120552269399, 36.195214649698372 ], [ 3.872120552269399, 36.195676944578857 ], [ 3.874341200171925, 36.195676944578857 ], [ 3.874341200171925, 36.19613923672982 ], [ 3.875821632106941, 36.19613923672982 ], [ 3.875821632106941, 36.195214649698372 ], [ 3.876561848074449, 36.195214649698372 ], [ 3.876561848074449, 36.193827748679738 ], [ 3.877302064041958, 36.193827748679738 ], [ 3.877302064041958, 36.192903134353216 ], [ 3.878042280009466, 36.192903134353216 ], [ 3.878042280009466, 36.191978509108857 ], [ 3.878782495976975, 36.191978509108857 ], [ 3.878782495976975, 36.191053872946775 ], [ 3.878042280009466, 36.191053872946775 ], [ 3.878042280009466, 36.190129225867089 ], [ 3.877302064041958, 36.190129225867089 ], [ 3.877302064041958, 36.188742234777301 ], [ 3.876561848074449, 36.188742234777301 ], [ 3.876561848074449, 36.187355219123539 ], [ 3.875821632106941, 36.187355219123539 ], [ 3.875821632106941, 36.185968178906165 ], [ 3.875081416139433, 36.185968178906165 ], [ 3.875081416139433, 36.185043471781654 ], [ 3.874341200171925, 36.185043471781654 ], [ 3.874341200171925, 36.183194024782118 ], [ 3.875081416139433, 36.183194024782118 ], [ 3.875081416139433, 36.182731656209292 ], [ 3.875821632106941, 36.182731656209292 ], [ 3.875821632106941, 36.182269284907314 ], [ 3.876561848074449, 36.182269284907314 ], [ 3.876561848074449, 36.18180691087619 ], [ 3.877302064041958, 36.18180691087619 ], [ 3.877302064041958, 36.180882154626616 ], [ 3.878042280009466, 36.180882154626616 ], [ 3.878042280009466, 36.178570216243784 ], [ 3.878782495976975, 36.178570216243784 ], [ 3.878782495976975, 36.174870972922768 ], [ 3.879522711944483, 36.174870972922768 ], [ 3.879522711944483, 36.171171554951435 ], [ 3.880262927911991, 36.171171554951435 ], [ 3.880262927911991, 36.169784228186607 ], [ 3.8810031438795, 36.169784228186607 ], [ 3.8810031438795, 36.169321780474135 ], [ 3.881743359847007, 36.169321780474135 ], [ 3.881743359847007, 36.168859330032909 ], [ 3.882483575814516, 36.168859330032909 ], [ 3.882483575814516, 36.168396876862964 ], [ 3.883223791782025, 36.168396876862964 ], [ 3.883223791782025, 36.167934420964308 ], [ 3.886184655652058, 36.167934420964308 ], [ 3.886184655652058, 36.168396876862964 ], [ 3.886924871619566, 36.168396876862964 ], [ 3.886924871619566, 36.168859330032909 ], [ 3.887665087587074, 36.168859330032909 ], [ 3.887665087587074, 36.169321780474135 ], [ 3.888405303554583, 36.169321780474135 ], [ 3.888405303554583, 36.170246673170325 ], [ 3.890625951457108, 36.170246673170325 ], [ 3.890625951457108, 36.169784228186607 ], [ 3.892846599359633, 36.169784228186607 ], [ 3.892846599359633, 36.169321780474135 ], [ 3.894327031294649, 36.169321780474135 ], [ 3.894327031294649, 36.168859330032909 ], [ 3.895807463229667, 36.168859330032909 ], [ 3.895807463229667, 36.167934420964308 ], [ 3.896547679197174, 36.167934420964308 ], [ 3.896547679197174, 36.166084570082795 ], [ 3.897287895164683, 36.166084570082795 ], [ 3.897287895164683, 36.165159628270111 ], [ 3.896547679197174, 36.165159628270111 ], [ 3.896547679197174, 36.161922245975028 ], [ 3.895807463229667, 36.161922245975028 ], [ 3.895807463229667, 36.158684729982546 ], [ 3.896547679197174, 36.158684729982546 ], [ 3.896547679197174, 36.157759700857277 ], [ 3.897287895164683, 36.157759700857277 ], [ 3.897287895164683, 36.157297182202036 ], [ 3.898028111132191, 36.157297182202036 ], [ 3.898028111132191, 36.156372136706459 ], [ 3.900248759034716, 36.156372136706459 ], [ 3.900248759034716, 36.156834660818433 ], [ 3.900988975002225, 36.156834660818433 ], [ 3.900988975002225, 36.157297182202036 ], [ 3.901729190969733, 36.157297182202036 ], [ 3.901729190969733, 36.158222216784111 ], [ 3.902469406937241, 36.158222216784111 ], [ 3.902469406937241, 36.158684729982546 ], [ 3.903209622904749, 36.158684729982546 ], [ 3.903209622904749, 36.159147240452562 ], [ 3.903949838872258, 36.159147240452562 ], [ 3.903949838872258, 36.159609748194143 ], [ 3.904690054839766, 36.159609748194143 ], [ 3.904690054839766, 36.160534755491938 ], [ 3.910611782579832, 36.160534755491938 ], [ 3.910611782579832, 36.161922245975028 ], [ 3.909871566612325, 36.161922245975028 ], [ 3.909871566612325, 36.163309711901448 ], [ 3.909131350644816, 36.163309711901448 ], [ 3.909131350644816, 36.164697153270843 ], [ 3.908391134677308, 36.164697153270843 ], [ 3.908391134677308, 36.165622100540766 ], [ 3.909131350644816, 36.165622100540766 ], [ 3.909131350644816, 36.167471962336947 ], [ 3.909871566612325, 36.167471962336947 ], [ 3.909871566612325, 36.168396876862964 ], [ 3.911351998547342, 36.168396876862964 ], [ 3.911351998547342, 36.168859330032909 ], [ 3.912832430482357, 36.168859330032909 ], [ 3.912832430482357, 36.169321780474135 ], [ 3.913572646449866, 36.169321780474135 ], [ 3.913572646449866, 36.169784228186607 ], [ 3.914312862417375, 36.169784228186607 ], [ 3.914312862417375, 36.171633991748799 ], [ 3.913572646449866, 36.171633991748799 ], [ 3.913572646449866, 36.175333387889239 ], [ 3.912832430482357, 36.175333387889239 ], [ 3.912832430482357, 36.178107820380092 ], [ 3.913572646449866, 36.178107820380092 ], [ 3.913572646449866, 36.17949499978409 ], [ 3.914312862417375, 36.17949499978409 ], [ 3.914312862417375, 36.180419772408193 ], [ 3.915053078384882, 36.180419772408193 ], [ 3.915053078384882, 36.180882154626616 ], [ 3.9165335103199, 36.180882154626616 ], [ 3.9165335103199, 36.180419772408193 ], [ 3.917273726287407, 36.180419772408193 ], [ 3.917273726287407, 36.179957387460668 ], [ 3.918013942254916, 36.179957387460668 ], [ 3.918013942254916, 36.17949499978409 ], [ 3.918754158222424, 36.17949499978409 ], [ 3.918754158222424, 36.17903260937846 ], [ 3.919494374189934, 36.17903260937846 ], [ 3.919494374189934, 36.178107820380092 ], [ 3.920974806124949, 36.178107820380092 ], [ 3.920974806124949, 36.177645421787389 ], [ 3.921715022092458, 36.177645421787389 ], [ 3.921715022092458, 36.178107820380092 ], [ 3.923935669994983, 36.178107820380092 ], [ 3.923935669994983, 36.17903260937846 ], [ 3.924675885962491, 36.17903260937846 ], [ 3.924675885962491, 36.180419772408193 ], [ 3.925416101929999, 36.180419772408193 ], [ 3.925416101929999, 36.181344534115965 ], [ 3.926156317897508, 36.181344534115965 ], [ 3.926156317897508, 36.18180691087619 ], [ 3.926896533865016, 36.18180691087619 ], [ 3.926896533865016, 36.182269284907314 ], [ 3.928376965800033, 36.182269284907314 ], [ 3.928376965800033, 36.182731656209292 ], [ 3.929117181767541, 36.182731656209292 ], [ 3.929117181767541, 36.183656390625785 ], [ 3.929857397735049, 36.183656390625785 ], [ 3.929857397735049, 36.184581114125564 ], [ 3.930597613702558, 36.184581114125564 ], [ 3.930597613702558, 36.185505826708528 ], [ 3.931337829670066, 36.185505826708528 ], [ 3.931337829670066, 36.186430528374551 ], [ 3.932078045637575, 36.186430528374551 ], [ 3.932078045637575, 36.185968178906165 ], [ 3.935038909507608, 36.185968178906165 ], [ 3.935038909507608, 36.183656390625785 ], [ 3.935779125475117, 36.183656390625785 ], [ 3.935779125475117, 36.180882154626616 ], [ 3.935038909507608, 36.180882154626616 ], [ 3.935038909507608, 36.179957387460668 ], [ 3.9342986935401, 36.179957387460668 ], [ 3.9342986935401, 36.17949499978409 ], [ 3.933558477572591, 36.17949499978409 ], [ 3.933558477572591, 36.17903260937846 ], [ 3.932818261605083, 36.17903260937846 ], [ 3.932818261605083, 36.178570216243784 ], [ 3.932078045637575, 36.178570216243784 ], [ 3.932078045637575, 36.178107820380092 ], [ 3.931337829670066, 36.178107820380092 ], [ 3.931337829670066, 36.176720616415025 ], [ 3.932078045637575, 36.176720616415025 ], [ 3.932078045637575, 36.176258209635364 ], [ 3.932818261605083, 36.176258209635364 ], [ 3.932818261605083, 36.175795800126778 ], [ 3.933558477572591, 36.175795800126778 ], [ 3.933558477572591, 36.175333387889239 ], [ 3.9342986935401, 36.175333387889239 ], [ 3.9342986935401, 36.174870972922768 ], [ 3.935038909507608, 36.174870972922768 ], [ 3.935038909507608, 36.174408555227394 ], [ 3.935779125475117, 36.174408555227394 ], [ 3.935779125475117, 36.173946134803117 ], [ 3.936519341442624, 36.173946134803117 ], [ 3.936519341442624, 36.173483711649958 ], [ 3.937259557410132, 36.173483711649958 ], [ 3.937259557410132, 36.168396876862964 ], [ 3.937999773377642, 36.168396876862964 ], [ 3.937999773377642, 36.166084570082795 ], [ 3.937259557410132, 36.166084570082795 ], [ 3.937259557410132, 36.165159628270111 ], [ 3.936519341442624, 36.165159628270111 ], [ 3.936519341442624, 36.164234675542957 ], [ 3.935779125475117, 36.164234675542957 ], [ 3.935779125475117, 36.163772195086494 ], [ 3.932078045637575, 36.163772195086494 ], [ 3.932078045637575, 36.163309711901448 ], [ 3.926896533865016, 36.163309711901448 ], [ 3.926896533865016, 36.162847225987854 ], [ 3.924675885962491, 36.162847225987854 ], [ 3.924675885962491, 36.161459751875839 ], [ 3.923935669994983, 36.161459751875839 ], [ 3.923935669994983, 36.160534755491938 ], [ 3.923195454027474, 36.160534755491938 ], [ 3.923195454027474, 36.159147240452562 ], [ 3.922455238059966, 36.159147240452562 ], [ 3.922455238059966, 36.157759700857277 ], [ 3.921715022092458, 36.157759700857277 ], [ 3.921715022092458, 36.156834660818433 ], [ 3.920974806124949, 36.156834660818433 ], [ 3.920974806124949, 36.155447080297471 ], [ 3.920234590157441, 36.155447080297471 ], [ 3.920234590157441, 36.154059475221615 ], [ 3.919494374189934, 36.154059475221615 ], [ 3.919494374189934, 36.151746745529771 ], [ 3.918754158222424, 36.151746745529771 ], [ 3.918754158222424, 36.148971379868819 ], [ 3.918013942254916, 36.148971379868819 ], [ 3.918013942254916, 36.147121081532141 ], [ 3.9165335103199, 36.147121081532141 ], [ 3.9165335103199, 36.146658500127771 ], [ 3.915053078384882, 36.146658500127771 ], [ 3.915053078384882, 36.146195915995342 ], [ 3.913572646449866, 36.146195915995342 ], [ 3.913572646449866, 36.14573332913487 ], [ 3.91209221451485, 36.14573332913487 ], [ 3.91209221451485, 36.145270739546369 ], [ 3.910611782579832, 36.145270739546369 ], [ 3.910611782579832, 36.14480814722986 ], [ 3.900988975002225, 36.14480814722986 ], [ 3.900988975002225, 36.144345552185356 ], [ 3.900248759034716, 36.144345552185356 ], [ 3.900248759034716, 36.143882954412867 ], [ 3.899508543067208, 36.143882954412867 ], [ 3.899508543067208, 36.143420353912397 ], [ 3.898768327099699, 36.143420353912397 ], [ 3.898768327099699, 36.141569924631128 ], [ 3.898028111132191, 36.141569924631128 ], [ 3.898028111132191, 36.139719451703449 ], [ 3.897287895164683, 36.139719451703449 ], [ 3.897287895164683, 36.139256826651881 ], [ 3.895807463229667, 36.139256826651881 ], [ 3.895807463229667, 36.138794198872496 ], [ 3.893586815327141, 36.138794198872496 ], [ 3.893586815327141, 36.138331568365288 ], [ 3.892846599359633, 36.138331568365288 ], [ 3.892846599359633, 36.137868935130264 ], [ 3.892106383392124, 36.137868935130264 ], [ 3.892106383392124, 36.136943660476909 ], [ 3.891366167424616, 36.136943660476909 ], [ 3.891366167424616, 36.136018374912496 ], [ 3.890625951457108, 36.136018374912496 ], [ 3.890625951457108, 36.135555728038689 ], [ 3.886924871619566, 36.135555728038689 ], [ 3.886924871619566, 36.136018374912496 ], [ 3.883223791782025, 36.136018374912496 ], [ 3.883223791782025, 36.136481019058579 ], [ 3.879522711944483, 36.136481019058579 ], [ 3.879522711944483, 36.136943660476909 ], [ 3.875821632106941, 36.136943660476909 ], [ 3.875821632106941, 36.13740629916748 ], [ 3.874341200171925, 36.13740629916748 ], [ 3.874341200171925, 36.136943660476909 ], [ 3.873600984204416, 36.136943660476909 ], [ 3.873600984204416, 36.135555728038689 ], [ 3.872860768236908, 36.135555728038689 ], [ 3.872860768236908, 36.133242452754182 ], [ 3.873600984204416, 36.133242452754182 ], [ 3.873600984204416, 36.132317123546741 ], [ 3.874341200171925, 36.132317123546741 ], [ 3.874341200171925, 36.131854454851599 ], [ 3.875081416139433, 36.131854454851599 ], [ 3.875081416139433, 36.130003752795091 ], [ 3.875821632106941, 36.130003752795091 ], [ 3.875821632106941, 36.127227617884188 ], [ 3.876561848074449, 36.127227617884188 ], [ 3.876561848074449, 36.124914097119721 ], [ 3.877302064041958, 36.124914097119721 ], [ 3.877302064041958, 36.122137782198543 ], [ 3.878042280009466, 36.122137782198543 ], [ 3.878042280009466, 36.121675053499345 ], [ 3.877302064041958, 36.121675053499345 ], [ 3.877302064041958, 36.120286851038067 ], [ 3.876561848074449, 36.120286851038067 ], [ 3.876561848074449, 36.119361369094264 ], [ 3.875821632106941, 36.119361369094264 ], [ 3.875821632106941, 36.117973125724419 ], [ 3.875081416139433, 36.117973125724419 ], [ 3.875081416139433, 36.117047616508593 ], [ 3.875821632106941, 36.117047616508593 ], [ 3.875821632106941, 36.11658485780994 ], [ 3.876561848074449, 36.11658485780994 ], [ 3.876561848074449, 36.116122096384153 ], [ 3.877302064041958, 36.116122096384153 ], [ 3.877302064041958, 36.115659332231232 ], [ 3.882483575814516, 36.115659332231232 ], [ 3.882483575814516, 36.116122096384153 ], [ 3.883223791782025, 36.116122096384153 ], [ 3.883223791782025, 36.117510372480098 ], [ 3.883964007749532, 36.117510372480098 ], [ 3.883964007749532, 36.119824111429786 ], [ 3.884704223717041, 36.119824111429786 ], [ 3.884704223717041, 36.122600508170429 ], [ 3.88544443968455, 36.122600508170429 ], [ 3.88544443968455, 36.124914097119721 ], [ 3.886924871619566, 36.124914097119721 ], [ 3.886924871619566, 36.125376806727459 ], [ 3.889145519522091, 36.125376806727459 ], [ 3.889145519522091, 36.124914097119721 ], [ 3.891366167424616, 36.124914097119721 ], [ 3.891366167424616, 36.125376806727459 ], [ 3.892106383392124, 36.125376806727459 ], [ 3.892106383392124, 36.126302217760696 ], [ 3.892846599359633, 36.126302217760696 ], [ 3.892846599359633, 36.127227617884188 ], [ 3.893586815327141, 36.127227617884188 ], [ 3.893586815327141, 36.127690313854742 ], [ 3.894327031294649, 36.127690313854742 ], [ 3.894327031294649, 36.128153007097822 ], [ 3.898028111132191, 36.128153007097822 ], [ 3.898028111132191, 36.128615697613419 ], [ 3.902469406937241, 36.128615697613419 ], [ 3.902469406937241, 36.129078385401499 ], [ 3.905430270807275, 36.129078385401499 ], [ 3.905430270807275, 36.128615697613419 ], [ 3.906170486774783, 36.128615697613419 ], [ 3.906170486774783, 36.128153007097822 ], [ 3.907650918709799, 36.128153007097822 ], [ 3.907650918709799, 36.127690313854742 ], [ 3.908391134677308, 36.127690313854742 ], [ 3.908391134677308, 36.126764919186158 ], [ 3.909131350644816, 36.126764919186158 ], [ 3.909131350644816, 36.124914097119721 ], [ 3.909871566612325, 36.124914097119721 ], [ 3.909871566612325, 36.123525951932208 ], [ 3.909131350644816, 36.123525951932208 ], [ 3.909131350644816, 36.122137782198543 ], [ 3.908391134677308, 36.122137782198543 ], [ 3.908391134677308, 36.120749587919107 ], [ 3.907650918709799, 36.120749587919107 ], [ 3.907650918709799, 36.119361369094264 ], [ 3.906910702742291, 36.119361369094264 ], [ 3.906910702742291, 36.117973125724419 ], [ 3.906170486774783, 36.117973125724419 ], [ 3.906170486774783, 36.114733795744087 ], [ 3.906910702742291, 36.114733795744087 ], [ 3.906910702742291, 36.113345470560283 ], [ 3.907650918709799, 36.113345470560283 ], [ 3.907650918709799, 36.108717542692112 ], [ 3.906910702742291, 36.108717542692112 ], [ 3.906910702742291, 36.106403476498443 ], [ 3.906170486774783, 36.106403476498443 ], [ 3.906170486774783, 36.105477830933076 ], [ 3.905430270807275, 36.105477830933076 ], [ 3.905430270807275, 36.105015004060199 ], [ 3.904690054839766, 36.105015004060199 ], [ 3.904690054839766, 36.104552174460522 ], [ 3.902469406937241, 36.104552174460522 ], [ 3.902469406937241, 36.105015004060199 ], [ 3.898028111132191, 36.105015004060199 ], [ 3.898028111132191, 36.105477830933076 ], [ 3.896547679197174, 36.105477830933076 ], [ 3.896547679197174, 36.105940655079173 ], [ 3.895807463229667, 36.105940655079173 ], [ 3.895807463229667, 36.106403476498443 ], [ 3.894327031294649, 36.106403476498443 ], [ 3.894327031294649, 36.106866295190898 ], [ 3.893586815327141, 36.106866295190898 ], [ 3.893586815327141, 36.107329111156503 ], [ 3.892846599359633, 36.107329111156503 ], [ 3.892846599359633, 36.107791924395251 ], [ 3.892106383392124, 36.107791924395251 ], [ 3.892106383392124, 36.108254734907121 ], [ 3.891366167424616, 36.108254734907121 ], [ 3.891366167424616, 36.108717542692112 ], [ 3.890625951457108, 36.108717542692112 ], [ 3.890625951457108, 36.109180347750218 ], [ 3.8898857354896, 36.109180347750218 ], [ 3.8898857354896, 36.109643150081396 ], [ 3.889145519522091, 36.109643150081396 ], [ 3.889145519522091, 36.110105949685646 ], [ 3.888405303554583, 36.110105949685646 ], [ 3.888405303554583, 36.110568746562969 ], [ 3.887665087587074, 36.110568746562969 ], [ 3.887665087587074, 36.11103154071332 ], [ 3.886924871619566, 36.11103154071332 ], [ 3.886924871619566, 36.111494332136701 ], [ 3.886184655652058, 36.111494332136701 ], [ 3.886184655652058, 36.111957120833111 ], [ 3.883964007749532, 36.111957120833111 ], [ 3.883964007749532, 36.110568746562969 ], [ 3.883223791782025, 36.110568746562969 ], [ 3.883223791782025, 36.108254734907121 ], [ 3.882483575814516, 36.108254734907121 ], [ 3.882483575814516, 36.105940655079173 ], [ 3.881743359847007, 36.105940655079173 ], [ 3.881743359847007, 36.105015004060199 ], [ 3.8810031438795, 36.105015004060199 ], [ 3.8810031438795, 36.104552174460522 ], [ 3.880262927911991, 36.104552174460522 ], [ 3.880262927911991, 36.104089342134067 ], [ 3.879522711944483, 36.104089342134067 ], [ 3.879522711944483, 36.103163669300919 ], [ 3.878782495976975, 36.103163669300919 ], [ 3.878782495976975, 36.102700828794234 ], [ 3.878042280009466, 36.102700828794234 ], [ 3.878042280009466, 36.102237985560841 ], [ 3.877302064041958, 36.102237985560841 ], [ 3.877302064041958, 36.10177513960074 ], [ 3.876561848074449, 36.10177513960074 ], [ 3.876561848074449, 36.102237985560841 ], [ 3.871380336301891, 36.102237985560841 ], [ 3.871380336301891, 36.10177513960074 ], [ 3.870640120334383, 36.10177513960074 ], [ 3.870640120334383, 36.100849439500514 ], [ 3.869899904366874, 36.100849439500514 ], [ 3.869899904366874, 36.099460868900259 ], [ 3.869159688399366, 36.099460868900259 ], [ 3.869159688399366, 36.098072273760451 ], [ 3.869899904366874, 36.098072273760451 ], [ 3.869899904366874, 36.097146530034358 ], [ 3.870640120334383, 36.097146530034358 ], [ 3.870640120334383, 36.096683654081488 ], [ 3.871380336301891, 36.096683654081488 ], [ 3.871380336301891, 36.096220775402081 ], [ 3.872120552269399, 36.096220775402081 ], [ 3.872120552269399, 36.095757893996158 ], [ 3.872860768236908, 36.095757893996158 ], [ 3.872860768236908, 36.095295009863733 ], [ 3.873600984204416, 36.095295009863733 ], [ 3.873600984204416, 36.090203104461921 ], [ 3.872860768236908, 36.090203104461921 ], [ 3.872860768236908, 36.083722020481055 ], [ 3.873600984204416, 36.083722020481055 ], [ 3.873600984204416, 36.082796107721876 ], [ 3.874341200171925, 36.082796107721876 ], [ 3.874341200171925, 36.082333147253117 ], [ 3.875081416139433, 36.082333147253117 ], [ 3.875081416139433, 36.081870184058268 ], [ 3.875821632106941, 36.081870184058268 ], [ 3.875821632106941, 36.081407218137336 ], [ 3.876561848074449, 36.081407218137336 ], [ 3.876561848074449, 36.078166380361814 ], [ 3.875821632106941, 36.078166380361814 ], [ 3.875821632106941, 36.076314413090003 ], [ 3.874341200171925, 36.076314413090003 ], [ 3.874341200171925, 36.075851414457233 ], [ 3.872120552269399, 36.075851414457233 ], [ 3.872120552269399, 36.076314413090003 ], [ 3.871380336301891, 36.076314413090003 ], [ 3.871380336301891, 36.076777408996854 ], [ 3.870640120334383, 36.076777408996854 ], [ 3.870640120334383, 36.083259065464532 ], [ 3.869899904366874, 36.083259065464532 ], [ 3.869899904366874, 36.083722020481055 ], [ 3.869159688399366, 36.083722020481055 ], [ 3.869159688399366, 36.08418497277146 ], [ 3.868419472431857, 36.08418497277146 ], [ 3.868419472431857, 36.084647922335719 ], [ 3.867679256464349, 36.084647922335719 ], [ 3.867679256464349, 36.085110869173796 ], [ 3.866939040496842, 36.085110869173796 ], [ 3.866939040496842, 36.089740187612556 ], [ 3.866198824529333, 36.089740187612556 ], [ 3.866198824529333, 36.09205474459587 ], [ 3.866939040496842, 36.09205474459587 ], [ 3.866939040496842, 36.093906341107591 ], [ 3.867679256464349, 36.093906341107591 ], [ 3.867679256464349, 36.095757893996158 ], [ 3.868419472431857, 36.095757893996158 ], [ 3.868419472431857, 36.098072273760451 ], [ 3.867679256464349, 36.098072273760451 ], [ 3.867679256464349, 36.098535141533645 ], [ 3.866939040496842, 36.098535141533645 ], [ 3.866939040496842, 36.098998006580253 ], [ 3.865458608561824, 36.098998006580253 ], [ 3.865458608561824, 36.099460868900259 ], [ 3.864718392594316, 36.099460868900259 ], [ 3.864718392594316, 36.100849439500514 ], [ 3.863978176626807, 36.100849439500514 ], [ 3.863978176626807, 36.10177513960074 ], [ 3.863237960659299, 36.10177513960074 ], [ 3.863237960659299, 36.102237985560841 ], [ 3.860277096789265, 36.102237985560841 ], [ 3.860277096789265, 36.10177513960074 ], [ 3.856576016951724, 36.10177513960074 ], [ 3.856576016951724, 36.101312290913974 ], [ 3.855835800984216, 36.101312290913974 ], [ 3.855835800984216, 36.100849439500514 ], [ 3.855095585016708, 36.100849439500514 ], [ 3.855095585016708, 36.100386585360404 ], [ 3.8543553690492, 36.100386585360404 ], [ 3.8543553690492, 36.09992372849365 ], [ 3.853615153081691, 36.09992372849365 ], [ 3.853615153081691, 36.099460868900259 ], [ 3.852134721146674, 36.099460868900259 ], [ 3.852134721146674, 36.09992372849365 ], [ 3.851394505179166, 36.09992372849365 ], [ 3.851394505179166, 36.100386585360404 ], [ 3.850654289211658, 36.100386585360404 ], [ 3.850654289211658, 36.100849439500514 ], [ 3.849914073244149, 36.100849439500514 ], [ 3.849914073244149, 36.101312290913974 ], [ 3.848433641309133, 36.101312290913974 ], [ 3.848433641309133, 36.10177513960074 ], [ 3.846953209374116, 36.10177513960074 ], [ 3.846953209374116, 36.101312290913974 ], [ 3.846212993406608, 36.101312290913974 ], [ 3.846212993406608, 36.100849439500514 ], [ 3.845472777439099, 36.100849439500514 ], [ 3.845472777439099, 36.100386585360404 ], [ 3.844732561471591, 36.100386585360404 ], [ 3.844732561471591, 36.09992372849365 ], [ 3.842511913569066, 36.09992372849365 ], [ 3.842511913569066, 36.100386585360404 ], [ 3.841771697601557, 36.100386585360404 ], [ 3.841771697601557, 36.100849439500514 ], [ 3.84103148163405, 36.100849439500514 ], [ 3.84103148163405, 36.105015004060199 ], [ 3.840291265666541, 36.105015004060199 ], [ 3.840291265666541, 36.109180347750218 ], [ 3.839551049699033, 36.109180347750218 ], [ 3.839551049699033, 36.110568746562969 ], [ 3.838810833731525, 36.110568746562969 ], [ 3.838810833731525, 36.111494332136701 ], [ 3.838070617764016, 36.111494332136701 ], [ 3.838070617764016, 36.114271023409884 ], [ 3.838810833731525, 36.114271023409884 ], [ 3.838810833731525, 36.115659332231232 ], [ 3.839551049699033, 36.115659332231232 ], [ 3.839551049699033, 36.11658485780994 ], [ 3.840291265666541, 36.11658485780994 ], [ 3.840291265666541, 36.117973125724419 ], [ 3.839551049699033, 36.117973125724419 ], [ 3.839551049699033, 36.11843587624157 ], [ 3.838810833731525, 36.11843587624157 ], [ 3.838810833731525, 36.118898624031523 ], [ 3.837330401796507, 36.118898624031523 ], [ 3.837330401796507, 36.119361369094264 ], [ 3.836590185828999, 36.119361369094264 ], [ 3.836590185828999, 36.120286851038067 ], [ 3.835849969861492, 36.120286851038067 ], [ 3.835849969861492, 36.123988669722088 ], [ 3.835109753893983, 36.123988669722088 ], [ 3.835109753893983, 36.124451384784592 ], [ 3.835849969861492, 36.124451384784592 ], [ 3.835849969861492, 36.124914097119721 ], [ 3.836590185828999, 36.124914097119721 ], [ 3.836590185828999, 36.125839513607794 ], [ 3.837330401796507, 36.125839513607794 ], [ 3.837330401796507, 36.126302217760696 ], [ 3.840291265666541, 36.126302217760696 ], [ 3.840291265666541, 36.126764919186158 ], [ 3.84103148163405, 36.126764919186158 ], [ 3.84103148163405, 36.127227617884188 ], [ 3.841771697601557, 36.127227617884188 ], [ 3.841771697601557, 36.128615697613419 ], [ 3.842511913569066, 36.128615697613419 ], [ 3.842511913569066, 36.129541070462068 ], [ 3.843252129536574, 36.129541070462068 ], [ 3.843252129536574, 36.130466432400581 ], [ 3.843992345504083, 36.130466432400581 ], [ 3.843992345504083, 36.130929109278505 ], [ 3.846212993406608, 36.130929109278505 ], [ 3.846212993406608, 36.130466432400581 ], [ 3.846953209374116, 36.130466432400581 ], [ 3.846953209374116, 36.129541070462068 ], [ 3.847693425341624, 36.129541070462068 ], [ 3.847693425341624, 36.128615697613419 ], [ 3.848433641309133, 36.128615697613419 ], [ 3.848433641309133, 36.128153007097822 ], [ 3.849914073244149, 36.128153007097822 ], [ 3.849914073244149, 36.128615697613419 ], [ 3.852134721146674, 36.128615697613419 ], [ 3.852134721146674, 36.129078385401499 ], [ 3.852874937114183, 36.129078385401499 ], [ 3.852874937114183, 36.132779789514281 ], [ 3.852134721146674, 36.132779789514281 ], [ 3.852134721146674, 36.136018374912496 ], [ 3.851394505179166, 36.136018374912496 ], [ 3.851394505179166, 36.139719451703449 ], [ 3.852134721146674, 36.139719451703449 ], [ 3.852134721146674, 36.141569924631128 ], [ 3.852874937114183, 36.141569924631128 ], [ 3.852874937114183, 36.143882954412867 ], [ 3.853615153081691, 36.143882954412867 ], [ 3.853615153081691, 36.14573332913487 ], [ 3.8543553690492, 36.14573332913487 ], [ 3.8543553690492, 36.146195915995342 ], [ 3.855835800984216, 36.146195915995342 ], [ 3.855835800984216, 36.146658500127771 ], [ 3.857316232919233, 36.146658500127771 ], [ 3.857316232919233, 36.147121081532141 ], [ 3.85879666485425, 36.147121081532141 ], [ 3.85879666485425, 36.148971379868819 ], [ 3.859536880821758, 36.148971379868819 ], [ 3.859536880821758, 36.154059475221615 ], [ 3.858056448886741, 36.154059475221615 ], [ 3.858056448886741, 36.1545220129752 ], [ 3.855835800984216, 36.1545220129752 ], [ 3.855835800984216, 36.154059475221615 ], [ 3.855095585016708, 36.154059475221615 ], [ 3.855095585016708, 36.153596934739745 ], [ 3.8543553690492, 36.153596934739745 ], [ 3.8543553690492, 36.150821634555463 ], [ 3.853615153081691, 36.150821634555463 ], [ 3.853615153081691, 36.149896512668455 ], [ 3.852874937114183, 36.149896512668455 ], [ 3.852874937114183, 36.149433947632701 ], [ 3.849173857276641, 36.149433947632701 ], [ 3.849173857276641, 36.149896512668455 ], [ 3.847693425341624, 36.149896512668455 ], [ 3.847693425341624, 36.149433947632701 ], [ 3.846953209374116, 36.149433947632701 ], [ 3.846953209374116, 36.148508809376793 ], [ 3.846212993406608, 36.148508809376793 ], [ 3.846212993406608, 36.147583660208454 ], [ 3.845472777439099, 36.147583660208454 ], [ 3.845472777439099, 36.146658500127771 ], [ 3.844732561471591, 36.146658500127771 ], [ 3.844732561471591, 36.146195915995342 ], [ 3.839551049699033, 36.146195915995342 ], [ 3.839551049699033, 36.14573332913487 ], [ 3.838810833731525, 36.14573332913487 ], [ 3.838810833731525, 36.14480814722986 ], [ 3.838070617764016, 36.14480814722986 ], [ 3.838070617764016, 36.143882954412867 ], [ 3.837330401796507, 36.143882954412867 ], [ 3.837330401796507, 36.142957750683983 ], [ 3.836590185828999, 36.142957750683983 ], [ 3.836590185828999, 36.142032536043331 ], [ 3.835849969861492, 36.142032536043331 ], [ 3.835849969861492, 36.142495144727611 ], [ 3.833629321958966, 36.142495144727611 ], [ 3.833629321958966, 36.142957750683983 ], [ 3.832148890023949, 36.142957750683983 ], [ 3.832148890023949, 36.143420353912397 ], [ 3.829928242121424, 36.143420353912397 ], [ 3.829928242121424, 36.143882954412867 ], [ 3.828447810186408, 36.143882954412867 ], [ 3.828447810186408, 36.144345552185356 ], [ 3.82696737825139, 36.144345552185356 ], [ 3.82696737825139, 36.14480814722986 ], [ 3.826227162283883, 36.14480814722986 ], [ 3.826227162283883, 36.149433947632701 ], [ 3.825486946316374, 36.149433947632701 ], [ 3.825486946316374, 36.150821634555463 ], [ 3.824746730348866, 36.150821634555463 ], [ 3.824746730348866, 36.152209296924617 ], [ 3.824006514381358, 36.152209296924617 ], [ 3.824006514381358, 36.153134391529619 ], [ 3.823266298413849, 36.153134391529619 ], [ 3.823266298413849, 36.160534755491938 ], [ 3.824006514381358, 36.160534755491938 ], [ 3.824006514381358, 36.161459751875839 ], [ 3.824746730348866, 36.161459751875839 ], [ 3.824746730348866, 36.162384737345718 ], [ 3.825486946316374, 36.162384737345718 ], [ 3.825486946316374, 36.163309711901448 ], [ 3.826227162283883, 36.163309711901448 ], [ 3.826227162283883, 36.164234675542957 ], [ 3.828447810186408, 36.164234675542957 ], [ 3.828447810186408, 36.164697153270843 ], [ 3.829928242121424, 36.164697153270843 ], [ 3.829928242121424, 36.165159628270111 ], [ 3.830668458088933, 36.165159628270111 ], [ 3.830668458088933, 36.166547036896169 ], [ 3.831408674056441, 36.166547036896169 ], [ 3.831408674056441, 36.168859330032909 ], [ 3.832148890023949, 36.168859330032909 ], [ 3.832148890023949, 36.171633991748799 ], [ 3.832889105991457, 36.171633991748799 ], [ 3.832889105991457, 36.17209642581733 ], [ 3.833629321958966, 36.17209642581733 ], [ 3.833629321958966, 36.172558857157064 ], [ 3.834369537926474, 36.172558857157064 ], [ 3.834369537926474, 36.173483711649958 ], [ 3.835109753893983, 36.173483711649958 ], [ 3.835109753893983, 36.173946134803117 ], [ 3.835849969861492, 36.173946134803117 ], [ 3.835849969861492, 36.17903260937846 ], [ 3.833629321958966, 36.17903260937846 ], [ 3.833629321958966, 36.178570216243784 ], [ 3.832889105991457, 36.178570216243784 ], [ 3.832889105991457, 36.178107820380092 ], [ 3.832148890023949, 36.178107820380092 ], [ 3.832148890023949, 36.177645421787389 ], [ 3.831408674056441, 36.177645421787389 ], [ 3.831408674056441, 36.177183020465691 ], [ 3.829928242121424, 36.177183020465691 ], [ 3.829928242121424, 36.176720616415025 ], [ 3.82696737825139, 36.176720616415025 ], [ 3.82696737825139, 36.177183020465691 ], [ 3.826227162283883, 36.177183020465691 ], [ 3.826227162283883, 36.178107820380092 ], [ 3.825486946316374, 36.178107820380092 ], [ 3.825486946316374, 36.178570216243784 ], [ 3.824746730348866, 36.178570216243784 ], [ 3.824746730348866, 36.17949499978409 ], [ 3.824006514381358, 36.17949499978409 ], [ 3.824006514381358, 36.180419772408193 ], [ 3.823266298413849, 36.180419772408193 ], [ 3.823266298413849, 36.180882154626616 ], [ 3.822526082446341, 36.180882154626616 ], [ 3.822526082446341, 36.184118753740272 ], [ 3.821785866478833, 36.184118753740272 ], [ 3.821785866478833, 36.186892875113685 ], [ 3.822526082446341, 36.186892875113685 ], [ 3.822526082446341, 36.188279898955365 ], [ 3.823266298413849, 36.188279898955365 ], [ 3.823266298413849, 36.189204567869922 ], [ 3.824006514381358, 36.189204567869922 ], [ 3.824006514381358, 36.190591550771629 ], [ 3.824746730348866, 36.190591550771629 ], [ 3.824746730348866, 36.191978509108857 ], [ 3.825486946316374, 36.191978509108857 ], [ 3.825486946316374, 36.192440823095751 ], [ 3.82696737825139, 36.192440823095751 ], [ 3.82696737825139, 36.192903134353216 ], [ 3.8277075942189, 36.192903134353216 ], [ 3.8277075942189, 36.193365442881202 ], [ 3.829188026153916, 36.193365442881202 ], [ 3.829188026153916, 36.193827748679738 ], [ 3.829928242121424, 36.193827748679738 ], [ 3.829928242121424, 36.19429005174878 ], [ 3.837330401796507, 36.19429005174878 ], [ 3.837330401796507, 36.194752352088322 ], [ 3.838810833731525, 36.194752352088322 ], [ 3.838810833731525, 36.19613923672982 ], [ 3.839551049699033, 36.19613923672982 ], [ 3.839551049699033, 36.197063812843062 ], [ 3.840291265666541, 36.197063812843062 ], [ 3.840291265666541, 36.198450656541034 ], [ 3.84103148163405, 36.198450656541034 ], [ 3.84103148163405, 36.199375205358237 ], [ 3.842511913569066, 36.199375205358237 ], [ 3.842511913569066, 36.199837475672361 ], [ 3.844732561471591, 36.199837475672361 ], [ 3.844732561471591, 36.199375205358237 ], [ 3.845472777439099, 36.199375205358237 ], [ 3.845472777439099, 36.19891293231445 ], [ 3.846212993406608, 36.19891293231445 ], [ 3.846212993406608, 36.198450656541034 ], [ 3.847693425341624, 36.198450656541034 ], [ 3.847693425341624, 36.197988378037984 ], [ 3.848433641309133, 36.197988378037984 ], [ 3.848433641309133, 36.197063812843062 ], [ 3.849173857276641, 36.197063812843062 ] ], [ [ 3.863237960659299, 36.16099725504813 ], [ 3.863237960659299, 36.160534755491938 ], [ 3.862497744691792, 36.160534755491938 ], [ 3.862497744691792, 36.159609748194143 ], [ 3.861757528724283, 36.159609748194143 ], [ 3.861757528724283, 36.159147240452562 ], [ 3.861017312756774, 36.159147240452562 ], [ 3.861017312756774, 36.158222216784111 ], [ 3.860277096789265, 36.158222216784111 ], [ 3.860277096789265, 36.155909609866121 ], [ 3.859536880821758, 36.155909609866121 ], [ 3.859536880821758, 36.1545220129752 ], [ 3.861017312756774, 36.1545220129752 ], [ 3.861017312756774, 36.154059475221615 ], [ 3.863978176626807, 36.154059475221615 ], [ 3.863978176626807, 36.153596934739745 ], [ 3.866198824529333, 36.153596934739745 ], [ 3.866198824529333, 36.154984548000485 ], [ 3.866939040496842, 36.154984548000485 ], [ 3.866939040496842, 36.157759700857277 ], [ 3.867679256464349, 36.157759700857277 ], [ 3.867679256464349, 36.158222216784111 ], [ 3.868419472431857, 36.158222216784111 ], [ 3.868419472431857, 36.159147240452562 ], [ 3.869159688399366, 36.159147240452562 ], [ 3.869159688399366, 36.160072253207282 ], [ 3.869899904366874, 36.160072253207282 ], [ 3.869899904366874, 36.16099725504813 ], [ 3.870640120334383, 36.16099725504813 ], [ 3.870640120334383, 36.161922245975028 ], [ 3.871380336301891, 36.161922245975028 ], [ 3.871380336301891, 36.162384737345718 ], [ 3.870640120334383, 36.162384737345718 ], [ 3.870640120334383, 36.163309711901448 ], [ 3.869899904366874, 36.163309711901448 ], [ 3.869899904366874, 36.163772195086494 ], [ 3.869159688399366, 36.163772195086494 ], [ 3.869159688399366, 36.164234675542957 ], [ 3.866939040496842, 36.164234675542957 ], [ 3.866939040496842, 36.163772195086494 ], [ 3.866198824529333, 36.163772195086494 ], [ 3.866198824529333, 36.162847225987854 ], [ 3.865458608561824, 36.162847225987854 ], [ 3.865458608561824, 36.162384737345718 ], [ 3.864718392594316, 36.162384737345718 ], [ 3.864718392594316, 36.161459751875839 ], [ 3.863978176626807, 36.161459751875839 ], [ 3.863978176626807, 36.16099725504813 ], [ 3.863237960659299, 36.16099725504813 ] ], [ [ 3.875081416139433, 36.162384737345718 ], [ 3.875081416139433, 36.16099725504813 ], [ 3.875821632106941, 36.16099725504813 ], [ 3.875821632106941, 36.160534755491938 ], [ 3.878042280009466, 36.160534755491938 ], [ 3.878042280009466, 36.16099725504813 ], [ 3.879522711944483, 36.16099725504813 ], [ 3.879522711944483, 36.161922245975028 ], [ 3.878782495976975, 36.161922245975028 ], [ 3.878782495976975, 36.162384737345718 ], [ 3.875081416139433, 36.162384737345718 ] ] ], [ [ [ 2.932786489501323, 36.139256826651881 ], [ 2.932786489501323, 36.13740629916748 ], [ 2.932046273533815, 36.13740629916748 ], [ 2.932046273533815, 36.136018374912496 ], [ 2.931306057566307, 36.136018374912496 ], [ 2.931306057566307, 36.135555728038689 ], [ 2.92982562563129, 36.135555728038689 ], [ 2.92982562563129, 36.135093078437173 ], [ 2.927604977728765, 36.135093078437173 ], [ 2.927604977728765, 36.13463042610794 ], [ 2.926864761761257, 36.13463042610794 ], [ 2.926864761761257, 36.135093078437173 ], [ 2.92538432982624, 36.135093078437173 ], [ 2.92538432982624, 36.135555728038689 ], [ 2.924644113858732, 36.135555728038689 ], [ 2.924644113858732, 36.136943660476909 ], [ 2.923903897891223, 36.136943660476909 ], [ 2.923903897891223, 36.139256826651881 ], [ 2.923163681923715, 36.139256826651881 ], [ 2.923163681923715, 36.141107310491023 ], [ 2.922423465956207, 36.141107310491023 ], [ 2.922423465956207, 36.141569924631128 ], [ 2.923163681923715, 36.141569924631128 ], [ 2.923163681923715, 36.143420353912397 ], [ 2.923903897891223, 36.143420353912397 ], [ 2.923903897891223, 36.144345552185356 ], [ 2.924644113858732, 36.144345552185356 ], [ 2.924644113858732, 36.14480814722986 ], [ 2.926124545793748, 36.14480814722986 ], [ 2.926124545793748, 36.145270739546369 ], [ 2.927604977728765, 36.145270739546369 ], [ 2.927604977728765, 36.14573332913487 ], [ 2.929085409663781, 36.14573332913487 ], [ 2.929085409663781, 36.145270739546369 ], [ 2.931306057566307, 36.145270739546369 ], [ 2.931306057566307, 36.14480814722986 ], [ 2.932786489501323, 36.14480814722986 ], [ 2.932786489501323, 36.143420353912397 ], [ 2.933526705468831, 36.143420353912397 ], [ 2.933526705468831, 36.139256826651881 ], [ 2.932786489501323, 36.139256826651881 ] ] ], [ [ [ 3.955024740630333, 36.177645421787389 ], [ 3.955764956597841, 36.177645421787389 ], [ 3.955764956597841, 36.177183020465691 ], [ 3.95650517256535, 36.177183020465691 ], [ 3.95650517256535, 36.176258209635364 ], [ 3.957245388532858, 36.176258209635364 ], [ 3.957245388532858, 36.173946134803117 ], [ 3.957985604500367, 36.173946134803117 ], [ 3.957985604500367, 36.170246673170325 ], [ 3.958725820467875, 36.170246673170325 ], [ 3.958725820467875, 36.169321780474135 ], [ 3.962426900305416, 36.169321780474135 ], [ 3.962426900305416, 36.169784228186607 ], [ 3.968348628045482, 36.169784228186607 ], [ 3.968348628045482, 36.170246673170325 ], [ 3.9698290599805, 36.170246673170325 ], [ 3.9698290599805, 36.169784228186607 ], [ 3.970569275948008, 36.169784228186607 ], [ 3.970569275948008, 36.169321780474135 ], [ 3.971309491915517, 36.169321780474135 ], [ 3.971309491915517, 36.168396876862964 ], [ 3.972049707883024, 36.168396876862964 ], [ 3.972049707883024, 36.165159628270111 ], [ 3.972789923850533, 36.165159628270111 ], [ 3.972789923850533, 36.164697153270843 ], [ 3.973530139818041, 36.164697153270843 ], [ 3.973530139818041, 36.164234675542957 ], [ 3.974270355785549, 36.164234675542957 ], [ 3.974270355785549, 36.163772195086494 ], [ 3.975750787720566, 36.163772195086494 ], [ 3.975750787720566, 36.163309711901448 ], [ 3.977231219655583, 36.163309711901448 ], [ 3.977231219655583, 36.162847225987854 ], [ 3.978711651590599, 36.162847225987854 ], [ 3.978711651590599, 36.162384737345718 ], [ 3.979451867558108, 36.162384737345718 ], [ 3.979451867558108, 36.161922245975028 ], [ 3.980932299493125, 36.161922245975028 ], [ 3.980932299493125, 36.161459751875839 ], [ 3.981672515460633, 36.161459751875839 ], [ 3.981672515460633, 36.160534755491938 ], [ 3.982412731428141, 36.160534755491938 ], [ 3.982412731428141, 36.160072253207282 ], [ 3.98315294739565, 36.160072253207282 ], [ 3.98315294739565, 36.159609748194143 ], [ 3.983893163363158, 36.159609748194143 ], [ 3.983893163363158, 36.158684729982546 ], [ 3.984633379330667, 36.158684729982546 ], [ 3.984633379330667, 36.158222216784111 ], [ 3.985373595298175, 36.158222216784111 ], [ 3.985373595298175, 36.157759700857277 ], [ 3.986113811265682, 36.157759700857277 ], [ 3.986113811265682, 36.157297182202036 ], [ 3.986854027233191, 36.157297182202036 ], [ 3.986854027233191, 36.156372136706459 ], [ 3.9875942432007, 36.156372136706459 ], [ 3.9875942432007, 36.153134391529619 ], [ 3.986854027233191, 36.153134391529619 ], [ 3.986854027233191, 36.152209296924617 ], [ 3.986113811265682, 36.152209296924617 ], [ 3.986113811265682, 36.151746745529771 ], [ 3.985373595298175, 36.151746745529771 ], [ 3.985373595298175, 36.150821634555463 ], [ 3.984633379330667, 36.150821634555463 ], [ 3.984633379330667, 36.146195915995342 ], [ 3.985373595298175, 36.146195915995342 ], [ 3.985373595298175, 36.142032536043331 ], [ 3.986113811265682, 36.142032536043331 ], [ 3.986113811265682, 36.138794198872496 ], [ 3.985373595298175, 36.138794198872496 ], [ 3.985373595298175, 36.137868935130264 ], [ 3.984633379330667, 36.137868935130264 ], [ 3.984633379330667, 36.13740629916748 ], [ 3.983893163363158, 36.13740629916748 ], [ 3.983893163363158, 36.136943660476909 ], [ 3.981672515460633, 36.136943660476909 ], [ 3.981672515460633, 36.136481019058579 ], [ 3.979451867558108, 36.136481019058579 ], [ 3.979451867558108, 36.136018374912496 ], [ 3.978711651590599, 36.136018374912496 ], [ 3.978711651590599, 36.135093078437173 ], [ 3.977971435623091, 36.135093078437173 ], [ 3.977971435623091, 36.134167771051025 ], [ 3.977231219655583, 36.134167771051025 ], [ 3.977231219655583, 36.133242452754182 ], [ 3.976491003688075, 36.133242452754182 ], [ 3.976491003688075, 36.132317123546741 ], [ 3.975750787720566, 36.132317123546741 ], [ 3.975750787720566, 36.131391783428839 ], [ 3.975010571753058, 36.131391783428839 ], [ 3.975010571753058, 36.130466432400581 ], [ 3.974270355785549, 36.130466432400581 ], [ 3.974270355785549, 36.130003752795091 ], [ 3.972789923850533, 36.130003752795091 ], [ 3.972789923850533, 36.129541070462068 ], [ 3.9698290599805, 36.129541070462068 ], [ 3.9698290599805, 36.129078385401499 ], [ 3.967608412077974, 36.129078385401499 ], [ 3.967608412077974, 36.128615697613419 ], [ 3.966868196110467, 36.128615697613419 ], [ 3.966868196110467, 36.128153007097822 ], [ 3.966127980142958, 36.128153007097822 ], [ 3.966127980142958, 36.127227617884188 ], [ 3.965387764175449, 36.127227617884188 ], [ 3.965387764175449, 36.126302217760696 ], [ 3.963907332240433, 36.126302217760696 ], [ 3.963907332240433, 36.125839513607794 ], [ 3.961686684337908, 36.125839513607794 ], [ 3.961686684337908, 36.125376806727459 ], [ 3.9609464683704, 36.125376806727459 ], [ 3.9609464683704, 36.125839513607794 ], [ 3.960206252402891, 36.125839513607794 ], [ 3.960206252402891, 36.126302217760696 ], [ 3.958725820467875, 36.126302217760696 ], [ 3.958725820467875, 36.126764919186158 ], [ 3.957985604500367, 36.126764919186158 ], [ 3.957985604500367, 36.127227617884188 ], [ 3.95650517256535, 36.127227617884188 ], [ 3.95650517256535, 36.127690313854742 ], [ 3.955024740630333, 36.127690313854742 ], [ 3.955024740630333, 36.126764919186158 ], [ 3.954284524662825, 36.126764919186158 ], [ 3.954284524662825, 36.125376806727459 ], [ 3.953544308695316, 36.125376806727459 ], [ 3.953544308695316, 36.124451384784592 ], [ 3.952804092727808, 36.124451384784592 ], [ 3.952804092727808, 36.123988669722088 ], [ 3.952063876760299, 36.123988669722088 ], [ 3.952063876760299, 36.123525951932208 ], [ 3.950583444825283, 36.123525951932208 ], [ 3.950583444825283, 36.123988669722088 ], [ 3.949843228857775, 36.123988669722088 ], [ 3.949843228857775, 36.124451384784592 ], [ 3.949103012890266, 36.124451384784592 ], [ 3.949103012890266, 36.124914097119721 ], [ 3.948362796922758, 36.124914097119721 ], [ 3.948362796922758, 36.125376806727459 ], [ 3.947622580955249, 36.125376806727459 ], [ 3.947622580955249, 36.126302217760696 ], [ 3.946882364987741, 36.126302217760696 ], [ 3.946882364987741, 36.126764919186158 ], [ 3.946142149020233, 36.126764919186158 ], [ 3.946142149020233, 36.127227617884188 ], [ 3.945401933052725, 36.127227617884188 ], [ 3.945401933052725, 36.127690313854742 ], [ 3.944661717085216, 36.127690313854742 ], [ 3.944661717085216, 36.131854454851599 ], [ 3.945401933052725, 36.131854454851599 ], [ 3.945401933052725, 36.132779789514281 ], [ 3.946142149020233, 36.132779789514281 ], [ 3.946142149020233, 36.133242452754182 ], [ 3.949103012890266, 36.133242452754182 ], [ 3.949103012890266, 36.132779789514281 ], [ 3.949843228857775, 36.132779789514281 ], [ 3.949843228857775, 36.132317123546741 ], [ 3.950583444825283, 36.132317123546741 ], [ 3.950583444825283, 36.131854454851599 ], [ 3.951323660792791, 36.131854454851599 ], [ 3.951323660792791, 36.131391783428839 ], [ 3.952063876760299, 36.131391783428839 ], [ 3.952063876760299, 36.130929109278505 ], [ 3.952804092727808, 36.130929109278505 ], [ 3.952804092727808, 36.130466432400581 ], [ 3.955024740630333, 36.130466432400581 ], [ 3.955024740630333, 36.130929109278505 ], [ 3.955764956597841, 36.130929109278505 ], [ 3.955764956597841, 36.132779789514281 ], [ 3.95650517256535, 36.132779789514281 ], [ 3.95650517256535, 36.13370511326643 ], [ 3.955764956597841, 36.13370511326643 ], [ 3.955764956597841, 36.135555728038689 ], [ 3.955024740630333, 36.135555728038689 ], [ 3.955024740630333, 36.13740629916748 ], [ 3.954284524662825, 36.13740629916748 ], [ 3.954284524662825, 36.139719451703449 ], [ 3.955024740630333, 36.139719451703449 ], [ 3.955024740630333, 36.141107310491023 ], [ 3.955764956597841, 36.141107310491023 ], [ 3.955764956597841, 36.143420353912397 ], [ 3.955024740630333, 36.143420353912397 ], [ 3.955024740630333, 36.144345552185356 ], [ 3.954284524662825, 36.144345552185356 ], [ 3.954284524662825, 36.14480814722986 ], [ 3.953544308695316, 36.14480814722986 ], [ 3.953544308695316, 36.149433947632701 ], [ 3.954284524662825, 36.149433947632701 ], [ 3.954284524662825, 36.150359074976038 ], [ 3.955024740630333, 36.150359074976038 ], [ 3.955024740630333, 36.150821634555463 ], [ 3.955764956597841, 36.150821634555463 ], [ 3.955764956597841, 36.151284191406724 ], [ 3.958725820467875, 36.151284191406724 ], [ 3.958725820467875, 36.151746745529771 ], [ 3.959466036435383, 36.151746745529771 ], [ 3.959466036435383, 36.152671845591229 ], [ 3.960206252402891, 36.152671845591229 ], [ 3.960206252402891, 36.153596934739745 ], [ 3.9609464683704, 36.153596934739745 ], [ 3.9609464683704, 36.1545220129752 ], [ 3.961686684337908, 36.1545220129752 ], [ 3.961686684337908, 36.155447080297471 ], [ 3.962426900305416, 36.155447080297471 ], [ 3.962426900305416, 36.156834660818433 ], [ 3.963167116272925, 36.156834660818433 ], [ 3.963167116272925, 36.157759700857277 ], [ 3.957985604500367, 36.157759700857277 ], [ 3.957985604500367, 36.158222216784111 ], [ 3.957245388532858, 36.158222216784111 ], [ 3.957245388532858, 36.158684729982546 ], [ 3.95650517256535, 36.158684729982546 ], [ 3.95650517256535, 36.159147240452562 ], [ 3.955764956597841, 36.159147240452562 ], [ 3.955764956597841, 36.159609748194143 ], [ 3.955024740630333, 36.159609748194143 ], [ 3.955024740630333, 36.160072253207282 ], [ 3.954284524662825, 36.160072253207282 ], [ 3.954284524662825, 36.16099725504813 ], [ 3.953544308695316, 36.16099725504813 ], [ 3.953544308695316, 36.161459751875839 ], [ 3.952804092727808, 36.161459751875839 ], [ 3.952804092727808, 36.161922245975028 ], [ 3.952063876760299, 36.161922245975028 ], [ 3.952063876760299, 36.162384737345718 ], [ 3.951323660792791, 36.162384737345718 ], [ 3.951323660792791, 36.163309711901448 ], [ 3.950583444825283, 36.163309711901448 ], [ 3.950583444825283, 36.163772195086494 ], [ 3.949843228857775, 36.163772195086494 ], [ 3.949843228857775, 36.164234675542957 ], [ 3.949103012890266, 36.164234675542957 ], [ 3.949103012890266, 36.164697153270843 ], [ 3.947622580955249, 36.164697153270843 ], [ 3.947622580955249, 36.165159628270111 ], [ 3.945401933052725, 36.165159628270111 ], [ 3.945401933052725, 36.165622100540766 ], [ 3.944661717085216, 36.165622100540766 ], [ 3.944661717085216, 36.167471962336947 ], [ 3.943921501117708, 36.167471962336947 ], [ 3.943921501117708, 36.171171554951435 ], [ 3.9431812851502, 36.171171554951435 ], [ 3.9431812851502, 36.17209642581733 ], [ 3.942441069182691, 36.17209642581733 ], [ 3.942441069182691, 36.173483711649958 ], [ 3.941700853215182, 36.173483711649958 ], [ 3.941700853215182, 36.174408555227394 ], [ 3.940960637247674, 36.174408555227394 ], [ 3.940960637247674, 36.175795800126778 ], [ 3.940220421280167, 36.175795800126778 ], [ 3.940220421280167, 36.177183020465691 ], [ 3.940960637247674, 36.177183020465691 ], [ 3.940960637247674, 36.178570216243784 ], [ 3.941700853215182, 36.178570216243784 ], [ 3.941700853215182, 36.17949499978409 ], [ 3.942441069182691, 36.17949499978409 ], [ 3.942441069182691, 36.179957387460668 ], [ 3.944661717085216, 36.179957387460668 ], [ 3.944661717085216, 36.17949499978409 ], [ 3.948362796922758, 36.17949499978409 ], [ 3.948362796922758, 36.17903260937846 ], [ 3.951323660792791, 36.17903260937846 ], [ 3.951323660792791, 36.178570216243784 ], [ 3.954284524662825, 36.178570216243784 ], [ 3.954284524662825, 36.178107820380092 ], [ 3.955024740630333, 36.178107820380092 ], [ 3.955024740630333, 36.177645421787389 ] ] ], [ [ [ 2.040826248653781, 36.160072253207282 ], [ 2.041566464621289, 36.160072253207282 ], [ 2.041566464621289, 36.157297182202036 ], [ 2.042306680588797, 36.157297182202036 ], [ 2.042306680588797, 36.156834660818433 ], [ 2.041566464621289, 36.156834660818433 ], [ 2.041566464621289, 36.154984548000485 ], [ 2.040826248653781, 36.154984548000485 ], [ 2.040826248653781, 36.154059475221615 ], [ 2.040086032686272, 36.154059475221615 ], [ 2.040086032686272, 36.153596934739745 ], [ 2.039345816718764, 36.153596934739745 ], [ 2.039345816718764, 36.153134391529619 ], [ 2.037865384783747, 36.153134391529619 ], [ 2.037865384783747, 36.153596934739745 ], [ 2.036384952848731, 36.153596934739745 ], [ 2.036384952848731, 36.154059475221615 ], [ 2.034904520913714, 36.154059475221615 ], [ 2.034904520913714, 36.1545220129752 ], [ 2.033424088978697, 36.1545220129752 ], [ 2.033424088978697, 36.154984548000485 ], [ 2.031943657043681, 36.154984548000485 ], [ 2.031943657043681, 36.157759700857277 ], [ 2.031203441076172, 36.157759700857277 ], [ 2.031203441076172, 36.16099725504813 ], [ 2.031943657043681, 36.16099725504813 ], [ 2.031943657043681, 36.162847225987854 ], [ 2.032683873011189, 36.162847225987854 ], [ 2.032683873011189, 36.163309711901448 ], [ 2.034164304946205, 36.163309711901448 ], [ 2.034164304946205, 36.163772195086494 ], [ 2.035644736881222, 36.163772195086494 ], [ 2.035644736881222, 36.163309711901448 ], [ 2.037125168816239, 36.163309711901448 ], [ 2.037125168816239, 36.162847225987854 ], [ 2.037865384783747, 36.162847225987854 ], [ 2.037865384783747, 36.162384737345718 ], [ 2.039345816718764, 36.162384737345718 ], [ 2.039345816718764, 36.161922245975028 ], [ 2.040826248653781, 36.161922245975028 ], [ 2.040826248653781, 36.160072253207282 ] ] ], [ [ [ 3.753685997468065, 36.176720616415025 ], [ 3.752945781500558, 36.176720616415025 ], [ 3.752945781500558, 36.175333387889239 ], [ 3.75220556553305, 36.175333387889239 ], [ 3.75220556553305, 36.174870972922768 ], [ 3.751465349565541, 36.174870972922768 ], [ 3.751465349565541, 36.174408555227394 ], [ 3.749984917630524, 36.174408555227394 ], [ 3.749984917630524, 36.173946134803117 ], [ 3.749244701663016, 36.173946134803117 ], [ 3.749244701663016, 36.173483711649958 ], [ 3.747764269728, 36.173483711649958 ], [ 3.747764269728, 36.173021285767938 ], [ 3.747024053760491, 36.173021285767938 ], [ 3.747024053760491, 36.173483711649958 ], [ 3.746283837792983, 36.173483711649958 ], [ 3.746283837792983, 36.173946134803117 ], [ 3.745543621825474, 36.173946134803117 ], [ 3.745543621825474, 36.174408555227394 ], [ 3.744803405857966, 36.174408555227394 ], [ 3.744803405857966, 36.174870972922768 ], [ 3.744063189890458, 36.174870972922768 ], [ 3.744063189890458, 36.175333387889239 ], [ 3.743322973922949, 36.175333387889239 ], [ 3.743322973922949, 36.175795800126778 ], [ 3.742582757955441, 36.175795800126778 ], [ 3.742582757955441, 36.176258209635364 ], [ 3.741842541987933, 36.176258209635364 ], [ 3.741842541987933, 36.177183020465691 ], [ 3.741102326020424, 36.177183020465691 ], [ 3.741102326020424, 36.180419772408193 ], [ 3.740362110052916, 36.180419772408193 ], [ 3.740362110052916, 36.182269284907314 ], [ 3.741102326020424, 36.182269284907314 ], [ 3.741102326020424, 36.183194024782118 ], [ 3.741842541987933, 36.183194024782118 ], [ 3.741842541987933, 36.183656390625785 ], [ 3.742582757955441, 36.183656390625785 ], [ 3.742582757955441, 36.184581114125564 ], [ 3.743322973922949, 36.184581114125564 ], [ 3.743322973922949, 36.185043471781654 ], [ 3.744063189890458, 36.185043471781654 ], [ 3.744063189890458, 36.185505826708528 ], [ 3.750725133598033, 36.185505826708528 ], [ 3.750725133598033, 36.185043471781654 ], [ 3.751465349565541, 36.185043471781654 ], [ 3.751465349565541, 36.184118753740272 ], [ 3.75220556553305, 36.184118753740272 ], [ 3.75220556553305, 36.183194024782118 ], [ 3.752945781500558, 36.183194024782118 ], [ 3.752945781500558, 36.182731656209292 ], [ 3.753685997468065, 36.182731656209292 ], [ 3.753685997468065, 36.176720616415025 ] ] ], [ [ [ 3.869899904366874, 36.202148786297734 ], [ 3.869899904366874, 36.2012242702367 ], [ 3.869159688399366, 36.2012242702367 ], [ 3.869159688399366, 36.200299743256828 ], [ 3.868419472431857, 36.200299743256828 ], [ 3.868419472431857, 36.199375205358237 ], [ 3.867679256464349, 36.199375205358237 ], [ 3.867679256464349, 36.198450656541034 ], [ 3.866939040496842, 36.198450656541034 ], [ 3.866939040496842, 36.197526096805326 ], [ 3.866198824529333, 36.197526096805326 ], [ 3.866198824529333, 36.197063812843062 ], [ 3.865458608561824, 36.197063812843062 ], [ 3.865458608561824, 36.196601526151227 ], [ 3.864718392594316, 36.196601526151227 ], [ 3.864718392594316, 36.19613923672982 ], [ 3.863978176626807, 36.19613923672982 ], [ 3.863978176626807, 36.195676944578857 ], [ 3.862497744691792, 36.195676944578857 ], [ 3.862497744691792, 36.195214649698372 ], [ 3.861017312756774, 36.195214649698372 ], [ 3.861017312756774, 36.195676944578857 ], [ 3.85879666485425, 36.195676944578857 ], [ 3.85879666485425, 36.19613923672982 ], [ 3.858056448886741, 36.19613923672982 ], [ 3.858056448886741, 36.196601526151227 ], [ 3.857316232919233, 36.196601526151227 ], [ 3.857316232919233, 36.197988378037984 ], [ 3.856576016951724, 36.197988378037984 ], [ 3.856576016951724, 36.19891293231445 ], [ 3.855835800984216, 36.19891293231445 ], [ 3.855835800984216, 36.199837475672361 ], [ 3.855095585016708, 36.199837475672361 ], [ 3.855095585016708, 36.204460028679684 ], [ 3.855835800984216, 36.204460028679684 ], [ 3.855835800984216, 36.205384506523913 ], [ 3.856576016951724, 36.205384506523913 ], [ 3.856576016951724, 36.206308973448799 ], [ 3.857316232919233, 36.206308973448799 ], [ 3.857316232919233, 36.206771202816455 ], [ 3.858056448886741, 36.206771202816455 ], [ 3.858056448886741, 36.207695653362137 ], [ 3.868419472431857, 36.207695653362137 ], [ 3.868419472431857, 36.207233429454249 ], [ 3.869159688399366, 36.207233429454249 ], [ 3.869159688399366, 36.206308973448799 ], [ 3.869899904366874, 36.206308973448799 ], [ 3.869899904366874, 36.205384506523913 ], [ 3.870640120334383, 36.205384506523913 ], [ 3.870640120334383, 36.202148786297734 ], [ 3.869899904366874, 36.202148786297734 ] ] ], [ [ [ 3.966127980142958, 36.241430624262598 ], [ 3.966868196110467, 36.241430624262598 ], [ 3.966868196110467, 36.240044542305178 ], [ 3.967608412077974, 36.240044542305178 ], [ 3.967608412077974, 36.239582509524247 ], [ 3.969088844012992, 36.239582509524247 ], [ 3.969088844012992, 36.239120474012473 ], [ 3.970569275948008, 36.239120474012473 ], [ 3.970569275948008, 36.238658435769828 ], [ 3.971309491915517, 36.238658435769828 ], [ 3.971309491915517, 36.237272304656948 ], [ 3.972049707883024, 36.237272304656948 ], [ 3.972049707883024, 36.235424091608706 ], [ 3.972789923850533, 36.235424091608706 ], [ 3.972789923850533, 36.23496203151975 ], [ 3.974270355785549, 36.23496203151975 ], [ 3.974270355785549, 36.234499968700078 ], [ 3.975750787720566, 36.234499968700078 ], [ 3.975750787720566, 36.234037903149691 ], [ 3.977231219655583, 36.234037903149691 ], [ 3.977231219655583, 36.233575834868603 ], [ 3.978711651590599, 36.233575834868603 ], [ 3.978711651590599, 36.232189613641289 ], [ 3.979451867558108, 36.232189613641289 ], [ 3.979451867558108, 36.23034128044258 ], [ 3.980192083525616, 36.23034128044258 ], [ 3.980192083525616, 36.228492903554496 ], [ 3.980932299493125, 36.228492903554496 ], [ 3.980932299493125, 36.226644482977896 ], [ 3.981672515460633, 36.226644482977896 ], [ 3.981672515460633, 36.225258138875397 ], [ 3.982412731428141, 36.225258138875397 ], [ 3.982412731428141, 36.224796018713668 ], [ 3.986113811265682, 36.224796018713668 ], [ 3.986113811265682, 36.224333895821538 ], [ 3.986854027233191, 36.224333895821538 ], [ 3.986854027233191, 36.222947510762737 ], [ 3.9875942432007, 36.222947510762737 ], [ 3.9875942432007, 36.222023240405022 ], [ 3.988334459168208, 36.222023240405022 ], [ 3.988334459168208, 36.220174666925658 ], [ 3.9875942432007, 36.220174666925658 ], [ 3.9875942432007, 36.21878820814814 ], [ 3.986854027233191, 36.21878820814814 ], [ 3.986854027233191, 36.217863888645248 ], [ 3.986113811265682, 36.217863888645248 ], [ 3.986113811265682, 36.217401724798478 ], [ 3.981672515460633, 36.217401724798478 ], [ 3.981672515460633, 36.216477388914349 ], [ 3.980932299493125, 36.216477388914349 ], [ 3.980932299493125, 36.21509086461193 ], [ 3.980192083525616, 36.21509086461193 ], [ 3.980192083525616, 36.214628684384181 ], [ 3.979451867558108, 36.214628684384181 ], [ 3.979451867558108, 36.21416650142632 ], [ 3.976491003688075, 36.21416650142632 ], [ 3.976491003688075, 36.214628684384181 ], [ 3.975750787720566, 36.214628684384181 ], [ 3.975750787720566, 36.21509086461193 ], [ 3.973530139818041, 36.21509086461193 ], [ 3.973530139818041, 36.214628684384181 ], [ 3.972789923850533, 36.214628684384181 ], [ 3.972789923850533, 36.212779936172197 ], [ 3.972049707883024, 36.212779936172197 ], [ 3.972049707883024, 36.211855545685793 ], [ 3.971309491915517, 36.211855545685793 ], [ 3.971309491915517, 36.211393346347542 ], [ 3.970569275948008, 36.211393346347542 ], [ 3.970569275948008, 36.210931144279279 ], [ 3.9698290599805, 36.210931144279279 ], [ 3.9698290599805, 36.211393346347542 ], [ 3.969088844012992, 36.211393346347542 ], [ 3.969088844012992, 36.211855545685793 ], [ 3.968348628045482, 36.211855545685793 ], [ 3.968348628045482, 36.212317742294019 ], [ 3.967608412077974, 36.212317742294019 ], [ 3.967608412077974, 36.212779936172197 ], [ 3.966868196110467, 36.212779936172197 ], [ 3.966868196110467, 36.213242127320306 ], [ 3.966127980142958, 36.213242127320306 ], [ 3.966127980142958, 36.215553042109548 ], [ 3.966868196110467, 36.215553042109548 ], [ 3.966868196110467, 36.217401724798478 ], [ 3.966127980142958, 36.217401724798478 ], [ 3.966127980142958, 36.217863888645248 ], [ 3.954284524662825, 36.217863888645248 ], [ 3.954284524662825, 36.216939558221505 ], [ 3.953544308695316, 36.216939558221505 ], [ 3.953544308695316, 36.216477388914349 ], [ 3.952804092727808, 36.216477388914349 ], [ 3.952804092727808, 36.215553042109548 ], [ 3.952063876760299, 36.215553042109548 ], [ 3.952063876760299, 36.21509086461193 ], [ 3.949103012890266, 36.21509086461193 ], [ 3.949103012890266, 36.216015216877025 ], [ 3.948362796922758, 36.216015216877025 ], [ 3.948362796922758, 36.216939558221505 ], [ 3.947622580955249, 36.216939558221505 ], [ 3.947622580955249, 36.218326049761806 ], [ 3.946882364987741, 36.218326049761806 ], [ 3.946882364987741, 36.22109895912596 ], [ 3.946142149020233, 36.22109895912596 ], [ 3.946142149020233, 36.22387177019899 ], [ 3.945401933052725, 36.22387177019899 ], [ 3.945401933052725, 36.226644482977896 ], [ 3.944661717085216, 36.226644482977896 ], [ 3.944661717085216, 36.227568698727197 ], [ 3.9431812851502, 36.227568698727197 ], [ 3.9431812851502, 36.228030802506112 ], [ 3.942441069182691, 36.228030802506112 ], [ 3.942441069182691, 36.228492903554496 ], [ 3.940960637247674, 36.228492903554496 ], [ 3.940960637247674, 36.228030802506112 ], [ 3.940220421280167, 36.228030802506112 ], [ 3.940220421280167, 36.227568698727197 ], [ 3.939480205312658, 36.227568698727197 ], [ 3.939480205312658, 36.227106592217787 ], [ 3.938739989345149, 36.227106592217787 ], [ 3.938739989345149, 36.226182371007518 ], [ 3.937999773377642, 36.226182371007518 ], [ 3.937999773377642, 36.225720256306687 ], [ 3.937259557410132, 36.225720256306687 ], [ 3.937259557410132, 36.220636814390957 ], [ 3.936519341442624, 36.220636814390957 ], [ 3.936519341442624, 36.219250363804235 ], [ 3.935779125475117, 36.219250363804235 ], [ 3.935779125475117, 36.21878820814814 ], [ 3.935038909507608, 36.21878820814814 ], [ 3.935038909507608, 36.218326049761806 ], [ 3.932818261605083, 36.218326049761806 ], [ 3.932818261605083, 36.21878820814814 ], [ 3.929857397735049, 36.21878820814814 ], [ 3.929857397735049, 36.217401724798478 ], [ 3.929117181767541, 36.217401724798478 ], [ 3.929117181767541, 36.21509086461193 ], [ 3.928376965800033, 36.21509086461193 ], [ 3.928376965800033, 36.214628684384181 ], [ 3.927636749832525, 36.214628684384181 ], [ 3.927636749832525, 36.21416650142632 ], [ 3.925416101929999, 36.21416650142632 ], [ 3.925416101929999, 36.213704315738354 ], [ 3.923935669994983, 36.213704315738354 ], [ 3.923935669994983, 36.213242127320306 ], [ 3.923195454027474, 36.213242127320306 ], [ 3.923195454027474, 36.209544521694525 ], [ 3.922455238059966, 36.209544521694525 ], [ 3.922455238059966, 36.209082308706328 ], [ 3.921715022092458, 36.209082308706328 ], [ 3.921715022092458, 36.20815787454012 ], [ 3.920974806124949, 36.20815787454012 ], [ 3.920974806124949, 36.207695653362137 ], [ 3.920234590157441, 36.207695653362137 ], [ 3.920234590157441, 36.207233429454249 ], [ 3.918013942254916, 36.207233429454249 ], [ 3.918013942254916, 36.206771202816455 ], [ 3.915053078384882, 36.206771202816455 ], [ 3.915053078384882, 36.206308973448799 ], [ 3.91209221451485, 36.206308973448799 ], [ 3.91209221451485, 36.20584674135128 ], [ 3.910611782579832, 36.20584674135128 ], [ 3.910611782579832, 36.206308973448799 ], [ 3.909871566612325, 36.206308973448799 ], [ 3.909871566612325, 36.206771202816455 ], [ 3.908391134677308, 36.206771202816455 ], [ 3.908391134677308, 36.207233429454249 ], [ 3.907650918709799, 36.207233429454249 ], [ 3.907650918709799, 36.207695653362137 ], [ 3.906170486774783, 36.207695653362137 ], [ 3.906170486774783, 36.20815787454012 ], [ 3.905430270807275, 36.20815787454012 ], [ 3.905430270807275, 36.208620092988198 ], [ 3.904690054839766, 36.208620092988198 ], [ 3.904690054839766, 36.209544521694525 ], [ 3.903949838872258, 36.209544521694525 ], [ 3.903949838872258, 36.210931144279279 ], [ 3.903209622904749, 36.210931144279279 ], [ 3.903209622904749, 36.212317742294019 ], [ 3.902469406937241, 36.212317742294019 ], [ 3.902469406937241, 36.213242127320306 ], [ 3.901729190969733, 36.213242127320306 ], [ 3.901729190969733, 36.21416650142632 ], [ 3.900988975002225, 36.21416650142632 ], [ 3.900988975002225, 36.214628684384181 ], [ 3.898028111132191, 36.214628684384181 ], [ 3.898028111132191, 36.215553042109548 ], [ 3.897287895164683, 36.215553042109548 ], [ 3.897287895164683, 36.216477388914349 ], [ 3.896547679197174, 36.216477388914349 ], [ 3.896547679197174, 36.220636814390957 ], [ 3.897287895164683, 36.220636814390957 ], [ 3.897287895164683, 36.221561101130654 ], [ 3.898028111132191, 36.221561101130654 ], [ 3.898028111132191, 36.222485376949052 ], [ 3.898768327099699, 36.222485376949052 ], [ 3.898768327099699, 36.223409641846047 ], [ 3.899508543067208, 36.223409641846047 ], [ 3.899508543067208, 36.224333895821538 ], [ 3.900248759034716, 36.224333895821538 ], [ 3.900248759034716, 36.225258138875397 ], [ 3.901729190969733, 36.225258138875397 ], [ 3.901729190969733, 36.225720256306687 ], [ 3.903949838872258, 36.225720256306687 ], [ 3.903949838872258, 36.226182371007518 ], [ 3.906170486774783, 36.226182371007518 ], [ 3.906170486774783, 36.226644482977896 ], [ 3.909131350644816, 36.226644482977896 ], [ 3.909131350644816, 36.226182371007518 ], [ 3.909871566612325, 36.226182371007518 ], [ 3.909871566612325, 36.225258138875397 ], [ 3.910611782579832, 36.225258138875397 ], [ 3.910611782579832, 36.223409641846047 ], [ 3.911351998547342, 36.223409641846047 ], [ 3.911351998547342, 36.21878820814814 ], [ 3.91209221451485, 36.21878820814814 ], [ 3.91209221451485, 36.217863888645248 ], [ 3.914312862417375, 36.217863888645248 ], [ 3.914312862417375, 36.217401724798478 ], [ 3.918754158222424, 36.217401724798478 ], [ 3.918754158222424, 36.218326049761806 ], [ 3.919494374189934, 36.218326049761806 ], [ 3.919494374189934, 36.219250363804235 ], [ 3.920234590157441, 36.219250363804235 ], [ 3.920234590157441, 36.220174666925658 ], [ 3.920974806124949, 36.220174666925658 ], [ 3.920974806124949, 36.220636814390957 ], [ 3.921715022092458, 36.220636814390957 ], [ 3.921715022092458, 36.226644482977896 ], [ 3.922455238059966, 36.226644482977896 ], [ 3.922455238059966, 36.227568698727197 ], [ 3.923195454027474, 36.227568698727197 ], [ 3.923195454027474, 36.228492903554496 ], [ 3.923935669994983, 36.228492903554496 ], [ 3.923935669994983, 36.22941709745966 ], [ 3.924675885962491, 36.22941709745966 ], [ 3.924675885962491, 36.23034128044258 ], [ 3.925416101929999, 36.23034128044258 ], [ 3.925416101929999, 36.230803367838178 ], [ 3.926156317897508, 36.230803367838178 ], [ 3.926156317897508, 36.231265452503173 ], [ 3.927636749832525, 36.231265452503173 ], [ 3.927636749832525, 36.231727534437539 ], [ 3.929117181767541, 36.231727534437539 ], [ 3.929117181767541, 36.232189613641289 ], [ 3.930597613702558, 36.232189613641289 ], [ 3.930597613702558, 36.232651690114388 ], [ 3.932078045637575, 36.232651690114388 ], [ 3.932078045637575, 36.233113763856828 ], [ 3.932818261605083, 36.233113763856828 ], [ 3.932818261605083, 36.234037903149691 ], [ 3.933558477572591, 36.234037903149691 ], [ 3.933558477572591, 36.23496203151975 ], [ 3.9342986935401, 36.23496203151975 ], [ 3.9342986935401, 36.235886148966912 ], [ 3.939480205312658, 36.235886148966912 ], [ 3.939480205312658, 36.23634820359436 ], [ 3.9431812851502, 36.23634820359436 ], [ 3.9431812851502, 36.237272304656948 ], [ 3.943921501117708, 36.237272304656948 ], [ 3.943921501117708, 36.240044542305178 ], [ 3.944661717085216, 36.240044542305178 ], [ 3.944661717085216, 36.240968599674353 ], [ 3.945401933052725, 36.240968599674353 ], [ 3.945401933052725, 36.241430624262598 ], [ 3.951323660792791, 36.241430624262598 ], [ 3.951323660792791, 36.241892646119908 ], [ 3.952063876760299, 36.241892646119908 ], [ 3.952063876760299, 36.242354665246289 ], [ 3.952804092727808, 36.242354665246289 ], [ 3.952804092727808, 36.242816681641727 ], [ 3.953544308695316, 36.242816681641727 ], [ 3.953544308695316, 36.243278695306195 ], [ 3.954284524662825, 36.243278695306195 ], [ 3.954284524662825, 36.243740706239691 ], [ 3.955024740630333, 36.243740706239691 ], [ 3.955024740630333, 36.244202714442203 ], [ 3.955764956597841, 36.244202714442203 ], [ 3.955764956597841, 36.2446647199137 ], [ 3.95650517256535, 36.2446647199137 ], [ 3.95650517256535, 36.24512672265417 ], [ 3.957245388532858, 36.24512672265417 ], [ 3.957245388532858, 36.245588722663619 ], [ 3.963167116272925, 36.245588722663619 ], [ 3.963167116272925, 36.24512672265417 ], [ 3.963907332240433, 36.24512672265417 ], [ 3.963907332240433, 36.2446647199137 ], [ 3.964647548207941, 36.2446647199137 ], [ 3.964647548207941, 36.243740706239691 ], [ 3.965387764175449, 36.243740706239691 ], [ 3.965387764175449, 36.242816681641727 ], [ 3.966127980142958, 36.242816681641727 ], [ 3.966127980142958, 36.241430624262598 ] ] ], [ [ [ 3.576774381233574, 36.378992225231279 ], [ 3.576774381233574, 36.376686147071275 ], [ 3.576034165266066, 36.376686147071275 ], [ 3.576034165266066, 36.375763696662467 ], [ 3.575293949298557, 36.375763696662467 ], [ 3.575293949298557, 36.37530246735566 ], [ 3.574553733331049, 36.37530246735566 ], [ 3.574553733331049, 36.374841235313916 ], [ 3.573073301396033, 36.374841235313916 ], [ 3.573073301396033, 36.374380000537272 ], [ 3.569372221558491, 36.374380000537272 ], [ 3.569372221558491, 36.374841235313916 ], [ 3.568632005590982, 36.374841235313916 ], [ 3.568632005590982, 36.375763696662467 ], [ 3.567891789623474, 36.375763696662467 ], [ 3.567891789623474, 36.376686147071275 ], [ 3.567151573655966, 36.376686147071275 ], [ 3.567151573655966, 36.37806980217227 ], [ 3.566411357688458, 36.37806980217227 ], [ 3.566411357688458, 36.378992225231279 ], [ 3.565671141720949, 36.378992225231279 ], [ 3.565671141720949, 36.384987708444626 ], [ 3.566411357688458, 36.384987708444626 ], [ 3.566411357688458, 36.385910049450111 ], [ 3.567151573655966, 36.385910049450111 ], [ 3.567151573655966, 36.386832379514658 ], [ 3.569372221558491, 36.386832379514658 ], [ 3.569372221558491, 36.387293540444055 ], [ 3.57381351736354, 36.387293540444055 ], [ 3.57381351736354, 36.386832379514658 ], [ 3.574553733331049, 36.386832379514658 ], [ 3.574553733331049, 36.385910049450111 ], [ 3.575293949298557, 36.385910049450111 ], [ 3.575293949298557, 36.383604176422395 ], [ 3.576034165266066, 36.383604176422395 ], [ 3.576034165266066, 36.378992225231279 ], [ 3.576774381233574, 36.378992225231279 ] ] ], [ [ [ 4.331794668092075, 36.55635478203957 ], [ 4.332534884059583, 36.55635478203957 ], [ 4.332534884059583, 36.553133631282648 ], [ 4.333275100027092, 36.553133631282648 ], [ 4.333275100027092, 36.550372538054035 ], [ 4.332534884059583, 36.550372538054035 ], [ 4.332534884059583, 36.54669092697312 ], [ 4.331794668092075, 36.54669092697312 ], [ 4.331794668092075, 36.543009140535382 ], [ 4.331054452124566, 36.543009140535382 ], [ 4.331054452124566, 36.542548904901231 ], [ 4.330314236157058, 36.542548904901231 ], [ 4.330314236157058, 36.542088666527249 ], [ 4.328833804222041, 36.542088666527249 ], [ 4.328833804222041, 36.541628425413442 ], [ 4.328093588254534, 36.541628425413442 ], [ 4.328093588254534, 36.542088666527249 ], [ 4.325872940352008, 36.542088666527249 ], [ 4.325872940352008, 36.543009140535382 ], [ 4.325132724384499, 36.543009140535382 ], [ 4.325132724384499, 36.543469373429694 ], [ 4.324392508416992, 36.543469373429694 ], [ 4.324392508416992, 36.543929603584154 ], [ 4.323652292449483, 36.543929603584154 ], [ 4.323652292449483, 36.544389830998739 ], [ 4.322912076481975, 36.544389830998739 ], [ 4.322912076481975, 36.543929603584154 ], [ 4.32069142857945, 36.543929603584154 ], [ 4.32069142857945, 36.543469373429694 ], [ 4.318470780676925, 36.543469373429694 ], [ 4.318470780676925, 36.543009140535382 ], [ 4.317730564709417, 36.543009140535382 ], [ 4.317730564709417, 36.543469373429694 ], [ 4.3162501327744, 36.543469373429694 ], [ 4.3162501327744, 36.543929603584154 ], [ 4.315509916806891, 36.543929603584154 ], [ 4.315509916806891, 36.544389830998739 ], [ 4.314769700839383, 36.544389830998739 ], [ 4.314769700839383, 36.544850055673436 ], [ 4.314029484871875, 36.544850055673436 ], [ 4.314029484871875, 36.54669092697312 ], [ 4.313289268904366, 36.54669092697312 ], [ 4.313289268904366, 36.548071551678461 ], [ 4.314029484871875, 36.548071551678461 ], [ 4.314029484871875, 36.549912346258978 ], [ 4.314769700839383, 36.549912346258978 ], [ 4.314769700839383, 36.551292913423943 ], [ 4.315509916806891, 36.551292913423943 ], [ 4.315509916806891, 36.552673455928158 ], [ 4.3162501327744, 36.552673455928158 ], [ 4.3162501327744, 36.554514140905283 ], [ 4.316990348741908, 36.554514140905283 ], [ 4.316990348741908, 36.555894625866316 ], [ 4.317730564709417, 36.555894625866316 ], [ 4.317730564709417, 36.556814935472602 ], [ 4.318470780676925, 36.556814935472602 ], [ 4.318470780676925, 36.55727508616539 ], [ 4.319210996644434, 36.55727508616539 ], [ 4.319210996644434, 36.557735234117892 ], [ 4.319951212611942, 36.557735234117892 ], [ 4.319951212611942, 36.558655521802123 ], [ 4.32069142857945, 36.558655521802123 ], [ 4.32069142857945, 36.559115661533795 ], [ 4.321431644546958, 36.559115661533795 ], [ 4.321431644546958, 36.560035932776174 ], [ 4.322171860514467, 36.560035932776174 ], [ 4.322171860514467, 36.56049606428688 ], [ 4.322912076481975, 36.56049606428688 ], [ 4.322912076481975, 36.560956193057216 ], [ 4.325872940352008, 36.560956193057216 ], [ 4.325872940352008, 36.56049606428688 ], [ 4.327353372287026, 36.56049606428688 ], [ 4.327353372287026, 36.560035932776174 ], [ 4.329574020189551, 36.560035932776174 ], [ 4.329574020189551, 36.559575798525152 ], [ 4.331054452124566, 36.559575798525152 ], [ 4.331054452124566, 36.559115661533795 ], [ 4.331794668092075, 36.559115661533795 ], [ 4.331794668092075, 36.55635478203957 ] ] ], [ [ [ 2.88097137177574, 36.601896676888721 ], [ 2.881711587743248, 36.601896676888721 ], [ 2.881711587743248, 36.601436792063076 ], [ 2.882451803710757, 36.601436792063076 ], [ 2.882451803710757, 36.600517014187183 ], [ 2.883192019678265, 36.600517014187183 ], [ 2.883192019678265, 36.599597225345263 ], [ 2.883932235645773, 36.599597225345263 ], [ 2.883932235645773, 36.598677425537396 ], [ 2.884672451613281, 36.598677425537396 ], [ 2.884672451613281, 36.594078262012708 ], [ 2.883932235645773, 36.594078262012708 ], [ 2.883932235645773, 36.593618330582743 ], [ 2.883192019678265, 36.593618330582743 ], [ 2.883192019678265, 36.592698459498877 ], [ 2.882451803710757, 36.592698459498877 ], [ 2.882451803710757, 36.592238519845012 ], [ 2.881711587743248, 36.592238519845012 ], [ 2.881711587743248, 36.591318632313481 ], [ 2.88097137177574, 36.591318632313481 ], [ 2.88097137177574, 36.590398733816969 ], [ 2.880231155808231, 36.590398733816969 ], [ 2.880231155808231, 36.58993878045689 ], [ 2.878750723873215, 36.58993878045689 ], [ 2.878750723873215, 36.590398733816969 ], [ 2.875789860003182, 36.590398733816969 ], [ 2.875789860003182, 36.590858684435844 ], [ 2.875049644035673, 36.590858684435844 ], [ 2.875049644035673, 36.591318632313481 ], [ 2.874309428068165, 36.591318632313481 ], [ 2.874309428068165, 36.592698459498877 ], [ 2.873569212100656, 36.592698459498877 ], [ 2.873569212100656, 36.593618330582743 ], [ 2.872828996133148, 36.593618330582743 ], [ 2.872828996133148, 36.594998116648675 ], [ 2.87208878016564, 36.594998116648675 ], [ 2.87208878016564, 36.595917960319227 ], [ 2.871348564198132, 36.595917960319227 ], [ 2.871348564198132, 36.597297705264687 ], [ 2.870608348230624, 36.597297705264687 ], [ 2.870608348230624, 36.598217521521264 ], [ 2.869868132263115, 36.598217521521264 ], [ 2.869868132263115, 36.600517014187183 ], [ 2.870608348230624, 36.600517014187183 ], [ 2.870608348230624, 36.601896676888721 ], [ 2.871348564198132, 36.601896676888721 ], [ 2.871348564198132, 36.602816438315351 ], [ 2.87208878016564, 36.602816438315351 ], [ 2.87208878016564, 36.604196059893432 ], [ 2.872828996133148, 36.604196059893432 ], [ 2.872828996133148, 36.604655928269572 ], [ 2.873569212100656, 36.604655928269572 ], [ 2.873569212100656, 36.604196059893432 ], [ 2.875789860003182, 36.604196059893432 ], [ 2.875789860003182, 36.603736188775677 ], [ 2.878010507905707, 36.603736188775677 ], [ 2.878010507905707, 36.603276314916315 ], [ 2.880231155808231, 36.603276314916315 ], [ 2.880231155808231, 36.602816438315351 ], [ 2.88097137177574, 36.602816438315351 ], [ 2.88097137177574, 36.601896676888721 ] ] ], [ [ [ 3.140787176371165, 36.600976904495894 ], [ 3.141527392338674, 36.600976904495894 ], [ 3.141527392338674, 36.600057121136963 ], [ 3.142267608306182, 36.600057121136963 ], [ 3.142267608306182, 36.597757614763687 ], [ 3.141527392338674, 36.597757614763687 ], [ 3.141527392338674, 36.594538190701364 ], [ 3.140787176371165, 36.594538190701364 ], [ 3.140787176371165, 36.594078262012708 ], [ 3.140046960403657, 36.594078262012708 ], [ 3.140046960403657, 36.593618330582743 ], [ 3.139306744436149, 36.593618330582743 ], [ 3.139306744436149, 36.593158396411461 ], [ 3.13856652846864, 36.593158396411461 ], [ 3.13856652846864, 36.592698459498877 ], [ 3.137826312501132, 36.592698459498877 ], [ 3.137826312501132, 36.593158396411461 ], [ 3.137086096533624, 36.593158396411461 ], [ 3.137086096533624, 36.593618330582743 ], [ 3.136345880566116, 36.593618330582743 ], [ 3.136345880566116, 36.594078262012708 ], [ 3.135605664598607, 36.594078262012708 ], [ 3.135605664598607, 36.594538190701364 ], [ 3.134865448631099, 36.594538190701364 ], [ 3.134865448631099, 36.594998116648675 ], [ 3.13412523266359, 36.594998116648675 ], [ 3.13412523266359, 36.595458039854627 ], [ 3.133385016696082, 36.595458039854627 ], [ 3.133385016696082, 36.595917960319227 ], [ 3.132644800728573, 36.595917960319227 ], [ 3.132644800728573, 36.596377878042439 ], [ 3.131904584761065, 36.596377878042439 ], [ 3.131904584761065, 36.596837793024264 ], [ 3.131164368793557, 36.596837793024264 ], [ 3.131164368793557, 36.599597225345263 ], [ 3.131904584761065, 36.599597225345263 ], [ 3.131904584761065, 36.602816438315351 ], [ 3.132644800728573, 36.602816438315351 ], [ 3.132644800728573, 36.603736188775677 ], [ 3.133385016696082, 36.603736188775677 ], [ 3.133385016696082, 36.604196059893432 ], [ 3.13412523266359, 36.604196059893432 ], [ 3.13412523266359, 36.604655928269572 ], [ 3.137826312501132, 36.604655928269572 ], [ 3.137826312501132, 36.604196059893432 ], [ 3.13856652846864, 36.604196059893432 ], [ 3.13856652846864, 36.603276314916315 ], [ 3.139306744436149, 36.603276314916315 ], [ 3.139306744436149, 36.602356558972815 ], [ 3.140046960403657, 36.602356558972815 ], [ 3.140046960403657, 36.601436792063076 ], [ 3.140787176371165, 36.601436792063076 ], [ 3.140787176371165, 36.600976904495894 ] ] ], [ [ [ 3.127463288956015, 36.68600942970653 ], [ 3.127463288956015, 36.685550046805048 ], [ 3.128203504923524, 36.685550046805048 ], [ 3.128203504923524, 36.684171881636921 ], [ 3.128943720891032, 36.684171881636921 ], [ 3.128943720891032, 36.683253091138575 ], [ 3.12968393685854, 36.683253091138575 ], [ 3.12968393685854, 36.678658974015555 ], [ 3.130424152826048, 36.678658974015555 ], [ 3.130424152826048, 36.675902372040525 ], [ 3.12968393685854, 36.675902372040525 ], [ 3.12968393685854, 36.675442928775055 ], [ 3.128943720891032, 36.675442928775055 ], [ 3.128943720891032, 36.67452403401316 ], [ 3.128203504923524, 36.67452403401316 ], [ 3.128203504923524, 36.674064582516735 ], [ 3.122281777183456, 36.674064582516735 ], [ 3.122281777183456, 36.673605128276698 ], [ 3.120801345248441, 36.673605128276698 ], [ 3.120801345248441, 36.674064582516735 ], [ 3.119320913313424, 36.674064582516735 ], [ 3.119320913313424, 36.67452403401316 ], [ 3.117840481378407, 36.67452403401316 ], [ 3.117840481378407, 36.674983482765938 ], [ 3.117100265410898, 36.674983482765938 ], [ 3.117100265410898, 36.675442928775055 ], [ 3.115619833475882, 36.675442928775055 ], [ 3.115619833475882, 36.675902372040525 ], [ 3.114139401540865, 36.675902372040525 ], [ 3.114139401540865, 36.676821250340389 ], [ 3.113399185573357, 36.676821250340389 ], [ 3.113399185573357, 36.677280685374775 ], [ 3.112658969605848, 36.677280685374775 ], [ 3.112658969605848, 36.678199547212365 ], [ 3.11191875363834, 36.678199547212365 ], [ 3.11191875363834, 36.685090661159613 ], [ 3.112658969605848, 36.685090661159613 ], [ 3.112658969605848, 36.686468809864046 ], [ 3.113399185573357, 36.686468809864046 ], [ 3.113399185573357, 36.68692818727758 ], [ 3.114139401540865, 36.68692818727758 ], [ 3.114139401540865, 36.687846933872635 ], [ 3.120061129280932, 36.687846933872635 ], [ 3.120061129280932, 36.687387561947112 ], [ 3.124502425085982, 36.687387561947112 ], [ 3.124502425085982, 36.68692818727758 ], [ 3.12524264105349, 36.68692818727758 ], [ 3.12524264105349, 36.686468809864046 ], [ 3.126723072988507, 36.686468809864046 ], [ 3.126723072988507, 36.68600942970653 ], [ 3.127463288956015, 36.68600942970653 ] ] ] ] } }
]
}
