{
"type": "FeatureCollection",
"name": "spain_fires_nrt_ba",
"crs": { "type": "name", "properties": { "name": "urn:ogc:def:crs:OGC:1.3:CRS84" } },
"features": [
{ "type": "Feature", "properties": { }, "geometry": { "type": "MultiPolygon", "coordinates": [ [ [ [ -5.111140429411746, 35.267053160198742 ], [ -5.110400213444238, 35.267053160198742 ], [ -5.110400213444238, 35.266585443373636 ], [ -5.109659997476729, 35.266585443373636 ], [ -5.109659997476729, 35.266117723848502 ], [ -5.108919781509222, 35.266117723848502 ], [ -5.108919781509222, 35.265650001623371 ], [ -5.108179565541714, 35.265650001623371 ], [ -5.108179565541714, 35.265182276698269 ], [ -5.107439349574205, 35.265182276698269 ], [ -5.107439349574205, 35.264246818748155 ], [ -5.106699133606696, 35.264246818748155 ], [ -5.106699133606696, 35.263779085723186 ], [ -5.105958917639189, 35.263779085723186 ], [ -5.105958917639189, 35.262843611573516 ], [ -5.10521870167168, 35.262843611573516 ], [ -5.10521870167168, 35.25676276636684 ], [ -5.105958917639189, 35.25676276636684 ], [ -5.105958917639189, 35.256294990144994 ], [ -5.106699133606696, 35.256294990144994 ], [ -5.106699133606696, 35.255359429602322 ], [ -5.107439349574205, 35.255359429602322 ], [ -5.107439349574205, 35.254891645281511 ], [ -5.108179565541714, 35.254891645281511 ], [ -5.108179565541714, 35.253956068541029 ], [ -5.108919781509222, 35.253956068541029 ], [ -5.108919781509222, 35.253020481002181 ], [ -5.109659997476729, 35.253020481002181 ], [ -5.109659997476729, 35.252552683183396 ], [ -5.110400213444238, 35.252552683183396 ], [ -5.110400213444238, 35.251617079447222 ], [ -5.112620861346763, 35.251617079447222 ], [ -5.112620861346763, 35.25114927352984 ], [ -5.114841509249288, 35.25114927352984 ], [ -5.114841509249288, 35.250681464912972 ], [ -5.117802373119321, 35.250681464912972 ], [ -5.117802373119321, 35.25114927352984 ], [ -5.119282805054338, 35.25114927352984 ], [ -5.119282805054338, 35.251617079447222 ], [ -5.120763236989355, 35.251617079447222 ], [ -5.120763236989355, 35.252084882665073 ], [ -5.122983884891879, 35.252084882665073 ], [ -5.122983884891879, 35.253488276121395 ], [ -5.123724100859388, 35.253488276121395 ], [ -5.123724100859388, 35.256294990144994 ], [ -5.124464316826897, 35.256294990144994 ], [ -5.124464316826897, 35.259101606980408 ], [ -5.125204532794405, 35.259101606980408 ], [ -5.125204532794405, 35.261908126624263 ], [ -5.125944748761913, 35.261908126624263 ], [ -5.125944748761913, 35.263779085723186 ], [ -5.125204532794405, 35.263779085723186 ], [ -5.125204532794405, 35.264246818748155 ], [ -5.124464316826897, 35.264246818748155 ], [ -5.124464316826897, 35.265182276698269 ], [ -5.123724100859388, 35.265182276698269 ], [ -5.123724100859388, 35.265650001623371 ], [ -5.122983884891879, 35.265650001623371 ], [ -5.122983884891879, 35.266117723848502 ], [ -5.117802373119321, 35.266117723848502 ], [ -5.117802373119321, 35.266585443373636 ], [ -5.117062157151813, 35.266585443373636 ], [ -5.117062157151813, 35.267520874323814 ], [ -5.116321941184305, 35.267520874323814 ], [ -5.116321941184305, 35.267988585748853 ], [ -5.111880645379255, 35.267988585748853 ], [ -5.111880645379255, 35.267520874323814 ], [ -5.111140429411746, 35.267520874323814 ], [ -5.111140429411746, 35.267053160198742 ] ] ], [ [ [ -9.008377498343128, 38.929204220361015 ], [ -9.007637282375619, 38.929204220361015 ], [ -9.007637282375619, 38.928758585041741 ], [ -9.006897066408111, 38.928758585041741 ], [ -9.006897066408111, 38.928312946922837 ], [ -9.006156850440602, 38.928312946922837 ], [ -9.006156850440602, 38.927421662286093 ], [ -9.005416634473093, 38.927421662286093 ], [ -9.005416634473093, 38.926976015768297 ], [ -9.004676418505586, 38.926976015768297 ], [ -9.004676418505586, 38.926530366450876 ], [ -9.003936202538076, 38.926530366450876 ], [ -9.003936202538076, 38.92608471433384 ], [ -9.003195986570567, 38.92608471433384 ], [ -9.003195986570567, 38.916725373183986 ], [ -9.003936202538076, 38.916725373183986 ], [ -9.003936202538076, 38.915833942972647 ], [ -9.004676418505586, 38.915833942972647 ], [ -9.004676418505586, 38.914942501563786 ], [ -9.005416634473093, 38.914942501563786 ], [ -9.005416634473093, 38.914496776660307 ], [ -9.006156850440602, 38.914496776660307 ], [ -9.006156850440602, 38.914051048957482 ], [ -9.008377498343128, 38.914051048957482 ], [ -9.008377498343128, 38.913605318455303 ], [ -9.010598146245652, 38.913605318455303 ], [ -9.010598146245652, 38.913159585153799 ], [ -9.012818794148178, 38.913159585153799 ], [ -9.012818794148178, 38.91271384905297 ], [ -9.016519873985718, 38.91271384905297 ], [ -9.016519873985718, 38.914051048957482 ], [ -9.017260089953226, 38.914051048957482 ], [ -9.017260089953226, 38.914942501563786 ], [ -9.018000305920735, 38.914942501563786 ], [ -9.018000305920735, 38.915833942972647 ], [ -9.018740521888244, 38.915833942972647 ], [ -9.018740521888244, 38.916725373183986 ], [ -9.019480737855751, 38.916725373183986 ], [ -9.019480737855751, 38.917616792197727 ], [ -9.020220953823259, 38.917616792197727 ], [ -9.020220953823259, 38.923410742840474 ], [ -9.019480737855751, 38.923410742840474 ], [ -9.019480737855751, 38.924747741185215 ], [ -9.018740521888244, 38.924747741185215 ], [ -9.018740521888244, 38.92608471433384 ], [ -9.018000305920735, 38.92608471433384 ], [ -9.018000305920735, 38.927421662286093 ], [ -9.017260089953226, 38.927421662286093 ], [ -9.017260089953226, 38.928758585041741 ], [ -9.016519873985718, 38.928758585041741 ], [ -9.016519873985718, 38.929649852880601 ], [ -9.014299226083194, 38.929649852880601 ], [ -9.014299226083194, 38.930095482600521 ], [ -9.012078578180668, 38.930095482600521 ], [ -9.012078578180668, 38.93054110952076 ], [ -9.009117714310635, 38.93054110952076 ], [ -9.009117714310635, 38.929649852880601 ], [ -9.008377498343128, 38.929649852880601 ], [ -9.008377498343128, 38.929204220361015 ] ] ], [ [ [ -6.254033883244615, 40.410239117253695 ], [ -6.252553451309597, 40.410239117253695 ], [ -6.252553451309597, 40.408930559749109 ], [ -6.25181323534209, 40.408930559749109 ], [ -6.25181323534209, 40.407185776831341 ], [ -6.251073019374582, 40.407185776831341 ], [ -6.251073019374582, 40.405004734576742 ], [ -6.250332803407073, 40.405004734576742 ], [ -6.250332803407073, 40.401951156688078 ], [ -6.251073019374582, 40.401951156688078 ], [ -6.251073019374582, 40.400206192845147 ], [ -6.25181323534209, 40.400206192845147 ], [ -6.25181323534209, 40.398024924436619 ], [ -6.252553451309597, 40.398024924436619 ], [ -6.252553451309597, 40.394971029937125 ], [ -6.25181323534209, 40.394971029937125 ], [ -6.25181323534209, 40.391044390622632 ], [ -6.252553451309597, 40.391044390622632 ], [ -6.252553451309597, 40.390171773013996 ], [ -6.253293667277107, 40.390171773013996 ], [ -6.253293667277107, 40.389299144098459 ], [ -6.254033883244615, 40.389299144098459 ], [ -6.254033883244615, 40.388426503876062 ], [ -6.259215395017174, 40.388426503876062 ], [ -6.259215395017174, 40.38799017952482 ], [ -6.26069582695219, 40.38799017952482 ], [ -6.26069582695219, 40.38755385234689 ], [ -6.261436042919699, 40.38755385234689 ], [ -6.261436042919699, 40.386244853853007 ], [ -6.262176258887206, 40.386244853853007 ], [ -6.262176258887206, 40.384499482954602 ], [ -6.262916474854714, 40.384499482954602 ], [ -6.262916474854714, 40.381881341808104 ], [ -6.263656690822224, 40.381881341808104 ], [ -6.263656690822224, 40.381444975057235 ], [ -6.262916474854714, 40.381444975057235 ], [ -6.262916474854714, 40.378826715193988 ], [ -6.262176258887206, 40.378826715193988 ], [ -6.262176258887206, 40.376208353575194 ], [ -6.261436042919699, 40.376208353575194 ], [ -6.261436042919699, 40.371844191424493 ], [ -6.262176258887206, 40.371844191424493 ], [ -6.262176258887206, 40.370098447423743 ], [ -6.262916474854714, 40.370098447423743 ], [ -6.262916474854714, 40.369662004357529 ], [ -6.263656690822224, 40.369662004357529 ], [ -6.263656690822224, 40.369225558464919 ], [ -6.264396906789731, 40.369225558464919 ], [ -6.264396906789731, 40.368789109745933 ], [ -6.265137122757239, 40.368789109745933 ], [ -6.265137122757239, 40.368352658200543 ], [ -6.265877338724748, 40.368352658200543 ], [ -6.265877338724748, 40.367916203828798 ], [ -6.266617554692258, 40.367916203828798 ], [ -6.266617554692258, 40.367479746630671 ], [ -6.267357770659765, 40.367479746630671 ], [ -6.267357770659765, 40.36704328660619 ], [ -6.268097986627273, 40.36704328660619 ], [ -6.268097986627273, 40.366606823755355 ], [ -6.268838202594782, 40.366606823755355 ], [ -6.268838202594782, 40.366170358078165 ], [ -6.26957841856229, 40.366170358078165 ], [ -6.26957841856229, 40.365733889574642 ], [ -6.271058850497305, 40.365733889574642 ], [ -6.271058850497305, 40.366170358078165 ], [ -6.272539282432323, 40.366170358078165 ], [ -6.272539282432323, 40.366606823755355 ], [ -6.27401971436734, 40.366606823755355 ], [ -6.27401971436734, 40.36704328660619 ], [ -6.274759930334849, 40.36704328660619 ], [ -6.274759930334849, 40.367479746630671 ], [ -6.276240362269866, 40.367479746630671 ], [ -6.276240362269866, 40.367916203828798 ], [ -6.277720794204882, 40.367916203828798 ], [ -6.277720794204882, 40.368352658200543 ], [ -6.278461010172389, 40.368352658200543 ], [ -6.278461010172389, 40.368789109745933 ], [ -6.279941442107407, 40.368789109745933 ], [ -6.279941442107407, 40.369225558464919 ], [ -6.280681658074914, 40.369225558464919 ], [ -6.280681658074914, 40.369662004357529 ], [ -6.281421874042422, 40.369662004357529 ], [ -6.281421874042422, 40.370534887663545 ], [ -6.282162090009932, 40.370534887663545 ], [ -6.282162090009932, 40.371407759663931 ], [ -6.28290230597744, 40.371407759663931 ], [ -6.28290230597744, 40.371844191424493 ], [ -6.283642521944948, 40.371844191424493 ], [ -6.283642521944948, 40.372717046466299 ], [ -6.284382737912457, 40.372717046466299 ], [ -6.284382737912457, 40.373589890202332 ], [ -6.28734360178249, 40.373589890202332 ], [ -6.28734360178249, 40.374026307830668 ], [ -6.288083817749998, 40.374026307830668 ], [ -6.288083817749998, 40.372280620358616 ], [ -6.288824033717506, 40.372280620358616 ], [ -6.288824033717506, 40.371407759663931 ], [ -6.289564249685015, 40.371407759663931 ], [ -6.289564249685015, 40.370971325076951 ], [ -6.290304465652524, 40.370971325076951 ], [ -6.290304465652524, 40.370534887663545 ], [ -6.29178489758754, 40.370534887663545 ], [ -6.29178489758754, 40.370098447423743 ], [ -6.292525113555049, 40.370098447423743 ], [ -6.292525113555049, 40.369662004357529 ], [ -6.293265329522557, 40.369662004357529 ], [ -6.293265329522557, 40.370098447423743 ], [ -6.294005545490065, 40.370098447423743 ], [ -6.294005545490065, 40.370534887663545 ], [ -6.294745761457574, 40.370534887663545 ], [ -6.294745761457574, 40.370971325076951 ], [ -6.295485977425082, 40.370971325076951 ], [ -6.295485977425082, 40.371407759663931 ], [ -6.29622619339259, 40.371407759663931 ], [ -6.29622619339259, 40.371844191424493 ], [ -6.296966409360098, 40.371844191424493 ], [ -6.296966409360098, 40.372280620358616 ], [ -6.297706625327606, 40.372280620358616 ], [ -6.297706625327606, 40.372717046466299 ], [ -6.298446841295115, 40.372717046466299 ], [ -6.298446841295115, 40.377517547103949 ], [ -6.297706625327606, 40.377517547103949 ], [ -6.297706625327606, 40.378390328657176 ], [ -6.296966409360098, 40.378390328657176 ], [ -6.296966409360098, 40.379263098904268 ], [ -6.298446841295115, 40.379263098904268 ], [ -6.298446841295115, 40.378826715193988 ], [ -6.302147921132656, 40.378826715193988 ], [ -6.302147921132656, 40.379263098904268 ], [ -6.30510878500269, 40.379263098904268 ], [ -6.30510878500269, 40.379699479787988 ], [ -6.305849000970198, 40.379699479787988 ], [ -6.305849000970198, 40.377517547103949 ], [ -6.306589216937707, 40.377517547103949 ], [ -6.306589216937707, 40.375771950079262 ], [ -6.307329432905214, 40.375771950079262 ], [ -6.307329432905214, 40.375335543756833 ], [ -6.308809864840232, 40.375335543756833 ], [ -6.308809864840232, 40.374899134607922 ], [ -6.30955008080774, 40.374899134607922 ], [ -6.30955008080774, 40.374462722632536 ], [ -6.311770728710265, 40.374462722632536 ], [ -6.311770728710265, 40.374899134607922 ], [ -6.312510944677773, 40.374899134607922 ], [ -6.312510944677773, 40.375335543756833 ], [ -6.313251160645282, 40.375335543756833 ], [ -6.313251160645282, 40.375771950079262 ], [ -6.31399137661279, 40.375771950079262 ], [ -6.31399137661279, 40.376208353575194 ], [ -6.314731592580298, 40.376208353575194 ], [ -6.314731592580298, 40.376644754244623 ], [ -6.315471808547807, 40.376644754244623 ], [ -6.315471808547807, 40.377081152087541 ], [ -6.316212024515315, 40.377081152087541 ], [ -6.316212024515315, 40.380135857845154 ], [ -6.315471808547807, 40.380135857845154 ], [ -6.315471808547807, 40.383190425101112 ], [ -6.314731592580298, 40.383190425101112 ], [ -6.314731592580298, 40.383626780545562 ], [ -6.313251160645282, 40.383626780545562 ], [ -6.313251160645282, 40.384063133163394 ], [ -6.311770728710265, 40.384063133163394 ], [ -6.311770728710265, 40.384499482954602 ], [ -6.310290296775248, 40.384499482954602 ], [ -6.310290296775248, 40.385372174057103 ], [ -6.311030512742757, 40.385372174057103 ], [ -6.311030512742757, 40.385808515368389 ], [ -6.31399137661279, 40.385808515368389 ], [ -6.31399137661279, 40.386244853853007 ], [ -6.315471808547807, 40.386244853853007 ], [ -6.315471808547807, 40.387117522342272 ], [ -6.316212024515315, 40.387117522342272 ], [ -6.316212024515315, 40.388862825400615 ], [ -6.316952240482823, 40.388862825400615 ], [ -6.316952240482823, 40.391480695186857 ], [ -6.316212024515315, 40.391480695186857 ], [ -6.316212024515315, 40.392789591918991 ], [ -6.315471808547807, 40.392789591918991 ], [ -6.315471808547807, 40.394098463210227 ], [ -6.314731592580298, 40.394098463210227 ], [ -6.314731592580298, 40.395407309060367 ], [ -6.31399137661279, 40.395407309060367 ], [ -6.31399137661279, 40.397152397285204 ], [ -6.313251160645282, 40.397152397285204 ], [ -6.313251160645282, 40.398461183772056 ], [ -6.312510944677773, 40.398461183772056 ], [ -6.312510944677773, 40.398897440280635 ], [ -6.311770728710265, 40.398897440280635 ], [ -6.311770728710265, 40.39933369396234 ], [ -6.311030512742757, 40.39933369396234 ], [ -6.311030512742757, 40.399769944817194 ], [ -6.30955008080774, 40.399769944817194 ], [ -6.30955008080774, 40.400206192845147 ], [ -6.307329432905214, 40.400206192845147 ], [ -6.307329432905214, 40.399769944817194 ], [ -6.306589216937707, 40.399769944817194 ], [ -6.306589216937707, 40.398897440280635 ], [ -6.305849000970198, 40.398897440280635 ], [ -6.305849000970198, 40.398461183772056 ], [ -6.30510878500269, 40.398461183772056 ], [ -6.30510878500269, 40.398024924436619 ], [ -6.304368569035181, 40.398024924436619 ], [ -6.304368569035181, 40.39758866227433 ], [ -6.301407705165149, 40.39758866227433 ], [ -6.301407705165149, 40.398897440280635 ], [ -6.30066748919764, 40.398897440280635 ], [ -6.30066748919764, 40.400642438046226 ], [ -6.299927273230131, 40.400642438046226 ], [ -6.299927273230131, 40.401951156688078 ], [ -6.298446841295115, 40.401951156688078 ], [ -6.298446841295115, 40.402387390581538 ], [ -6.297706625327606, 40.402387390581538 ], [ -6.297706625327606, 40.402823621648082 ], [ -6.29622619339259, 40.402823621648082 ], [ -6.29622619339259, 40.403259849887696 ], [ -6.294745761457574, 40.403259849887696 ], [ -6.294745761457574, 40.402387390581538 ], [ -6.294005545490065, 40.402387390581538 ], [ -6.294005545490065, 40.401951156688078 ], [ -6.293265329522557, 40.401951156688078 ], [ -6.293265329522557, 40.401514919967696 ], [ -6.292525113555049, 40.401514919967696 ], [ -6.292525113555049, 40.401078680420419 ], [ -6.29178489758754, 40.401078680420419 ], [ -6.29178489758754, 40.400642438046226 ], [ -6.291044681620031, 40.400642438046226 ], [ -6.291044681620031, 40.400206192845147 ], [ -6.290304465652524, 40.400206192845147 ], [ -6.290304465652524, 40.399769944817194 ], [ -6.288824033717506, 40.399769944817194 ], [ -6.288824033717506, 40.400642438046226 ], [ -6.288083817749998, 40.400642438046226 ], [ -6.288083817749998, 40.401514919967696 ], [ -6.28734360178249, 40.401514919967696 ], [ -6.28734360178249, 40.402387390581538 ], [ -6.286603385814981, 40.402387390581538 ], [ -6.286603385814981, 40.403259849887696 ], [ -6.285863169847473, 40.403259849887696 ], [ -6.285863169847473, 40.403696075300381 ], [ -6.285122953879966, 40.403696075300381 ], [ -6.285122953879966, 40.404568517644904 ], [ -6.284382737912457, 40.404568517644904 ], [ -6.284382737912457, 40.405440948681608 ], [ -6.283642521944948, 40.405440948681608 ], [ -6.283642521944948, 40.406313368410451 ], [ -6.282162090009932, 40.406313368410451 ], [ -6.282162090009932, 40.406749574034386 ], [ -6.281421874042422, 40.406749574034386 ], [ -6.281421874042422, 40.407185776831341 ], [ -6.279941442107407, 40.407185776831341 ], [ -6.279941442107407, 40.407621976801302 ], [ -6.278461010172389, 40.407621976801302 ], [ -6.278461010172389, 40.408058173944248 ], [ -6.277720794204882, 40.408058173944248 ], [ -6.277720794204882, 40.408494368260193 ], [ -6.276240362269866, 40.408494368260193 ], [ -6.276240362269866, 40.408930559749109 ], [ -6.274759930334849, 40.408930559749109 ], [ -6.274759930334849, 40.40936674841101 ], [ -6.273279498399831, 40.40936674841101 ], [ -6.273279498399831, 40.409802934245867 ], [ -6.272539282432323, 40.409802934245867 ], [ -6.272539282432323, 40.410239117253695 ], [ -6.271058850497305, 40.410239117253695 ], [ -6.271058850497305, 40.41067529743448 ], [ -6.26957841856229, 40.41067529743448 ], [ -6.26957841856229, 40.4111114747882 ], [ -6.268838202594782, 40.4111114747882 ], [ -6.268838202594782, 40.411547649314869 ], [ -6.25625453114714, 40.411547649314869 ], [ -6.25625453114714, 40.4111114747882 ], [ -6.254774099212122, 40.4111114747882 ], [ -6.254774099212122, 40.41067529743448 ], [ -6.254033883244615, 40.41067529743448 ], [ -6.254033883244615, 40.410239117253695 ] ], [ [ -6.29622619339259, 40.379263098904268 ], [ -6.29622619339259, 40.379699479787988 ], [ -6.296966409360098, 40.379699479787988 ], [ -6.296966409360098, 40.379263098904268 ], [ -6.29622619339259, 40.379263098904268 ] ] ], [ [ [ -6.338418503540565, 40.437712947132518 ], [ -6.338418503540565, 40.43727694224215 ], [ -6.336938071605549, 40.43727694224215 ], [ -6.336938071605549, 40.436840934524305 ], [ -6.336197855638041, 40.436840934524305 ], [ -6.336197855638041, 40.436404923978991 ], [ -6.334717423703023, 40.436404923978991 ], [ -6.334717423703023, 40.435532894405988 ], [ -6.333977207735515, 40.435532894405988 ], [ -6.333977207735515, 40.43378880133065 ], [ -6.333236991768006, 40.43378880133065 ], [ -6.333236991768006, 40.432044663016576 ], [ -6.332496775800498, 40.432044663016576 ], [ -6.332496775800498, 40.431608621369563 ], [ -6.33175655983299, 40.431608621369563 ], [ -6.33175655983299, 40.43117257689515 ], [ -6.330276127897974, 40.43117257689515 ], [ -6.330276127897974, 40.430736529593382 ], [ -6.328795695962957, 40.430736529593382 ], [ -6.328795695962957, 40.430300479464222 ], [ -6.32731526402794, 40.430300479464222 ], [ -6.32731526402794, 40.429864426507699 ], [ -6.325834832092924, 40.429864426507699 ], [ -6.325834832092924, 40.428556250674028 ], [ -6.325094616125415, 40.428556250674028 ], [ -6.325094616125415, 40.426811976646427 ], [ -6.324354400157906, 40.426811976646427 ], [ -6.324354400157906, 40.42463157049751 ], [ -6.325094616125415, 40.42463157049751 ], [ -6.325094616125415, 40.423759388246957 ], [ -6.324354400157906, 40.423759388246957 ], [ -6.324354400157906, 40.423323292880802 ], [ -6.323614184190399, 40.423323292880802 ], [ -6.323614184190399, 40.422887194687377 ], [ -6.322133752255382, 40.422887194687377 ], [ -6.322133752255382, 40.422451093666709 ], [ -6.321393536287873, 40.422451093666709 ], [ -6.321393536287873, 40.421142773641293 ], [ -6.320653320320365, 40.421142773641293 ], [ -6.320653320320365, 40.419398307359678 ], [ -6.319913104352857, 40.419398307359678 ], [ -6.319913104352857, 40.417217660895908 ], [ -6.320653320320365, 40.417217660895908 ], [ -6.320653320320365, 40.415473092836017 ], [ -6.321393536287873, 40.415473092836017 ], [ -6.321393536287873, 40.413292319150791 ], [ -6.322133752255382, 40.413292319150791 ], [ -6.322133752255382, 40.411983821014466 ], [ -6.32287396822289, 40.411983821014466 ], [ -6.32287396822289, 40.411547649314869 ], [ -6.323614184190399, 40.411547649314869 ], [ -6.323614184190399, 40.41067529743448 ], [ -6.324354400157906, 40.41067529743448 ], [ -6.324354400157906, 40.410239117253695 ], [ -6.325094616125415, 40.410239117253695 ], [ -6.325094616125415, 40.40936674841101 ], [ -6.324354400157906, 40.40936674841101 ], [ -6.324354400157906, 40.408930559749109 ], [ -6.323614184190399, 40.408930559749109 ], [ -6.323614184190399, 40.408058173944248 ], [ -6.32287396822289, 40.408058173944248 ], [ -6.32287396822289, 40.407185776831341 ], [ -6.322133752255382, 40.407185776831341 ], [ -6.322133752255382, 40.406749574034386 ], [ -6.321393536287873, 40.406749574034386 ], [ -6.321393536287873, 40.405877159959516 ], [ -6.320653320320365, 40.405877159959516 ], [ -6.320653320320365, 40.405004734576742 ], [ -6.319913104352857, 40.405004734576742 ], [ -6.319913104352857, 40.404568517644904 ], [ -6.319172888385348, 40.404568517644904 ], [ -6.319172888385348, 40.393662175606593 ], [ -6.319913104352857, 40.393662175606593 ], [ -6.319913104352857, 40.393225885176186 ], [ -6.320653320320365, 40.393225885176186 ], [ -6.320653320320365, 40.392353295835036 ], [ -6.321393536287873, 40.392353295835036 ], [ -6.321393536287873, 40.391916996924316 ], [ -6.322133752255382, 40.391916996924316 ], [ -6.322133752255382, 40.391044390622632 ], [ -6.32287396822289, 40.391044390622632 ], [ -6.32287396822289, 40.390608083231683 ], [ -6.323614184190399, 40.390608083231683 ], [ -6.323614184190399, 40.389735459969579 ], [ -6.326575048060431, 40.389735459969579 ], [ -6.326575048060431, 40.388426503876062 ], [ -6.32731526402794, 40.388426503876062 ], [ -6.32731526402794, 40.385808515368389 ], [ -6.328055479995448, 40.385808515368389 ], [ -6.328055479995448, 40.384935829919179 ], [ -6.328795695962957, 40.384935829919179 ], [ -6.328795695962957, 40.384499482954602 ], [ -6.330276127897974, 40.384499482954602 ], [ -6.330276127897974, 40.384063133163394 ], [ -6.331016343865481, 40.384063133163394 ], [ -6.331016343865481, 40.383626780545562 ], [ -6.333236991768006, 40.383626780545562 ], [ -6.333236991768006, 40.384063133163394 ], [ -6.333977207735515, 40.384063133163394 ], [ -6.333977207735515, 40.384499482954602 ], [ -6.334717423703023, 40.384499482954602 ], [ -6.334717423703023, 40.384935829919179 ], [ -6.336197855638041, 40.384935829919179 ], [ -6.336197855638041, 40.386244853853007 ], [ -6.336938071605549, 40.386244853853007 ], [ -6.336938071605549, 40.388862825400615 ], [ -6.337678287573057, 40.388862825400615 ], [ -6.337678287573057, 40.389299144098459 ], [ -6.338418503540565, 40.389299144098459 ], [ -6.338418503540565, 40.388862825400615 ], [ -6.34063915144309, 40.388862825400615 ], [ -6.34063915144309, 40.389299144098459 ], [ -6.342119583378107, 40.389299144098459 ], [ -6.342119583378107, 40.389735459969579 ], [ -6.342859799345614, 40.389735459969579 ], [ -6.342859799345614, 40.390171773013996 ], [ -6.343600015313123, 40.390171773013996 ], [ -6.343600015313123, 40.389735459969579 ], [ -6.344340231280632, 40.389735459969579 ], [ -6.344340231280632, 40.387117522342272 ], [ -6.343600015313123, 40.387117522342272 ], [ -6.343600015313123, 40.385372174057103 ], [ -6.342859799345614, 40.385372174057103 ], [ -6.342859799345614, 40.384063133163394 ], [ -6.343600015313123, 40.384063133163394 ], [ -6.343600015313123, 40.382317705732369 ], [ -6.344340231280632, 40.382317705732369 ], [ -6.344340231280632, 40.379699479787988 ], [ -6.343600015313123, 40.379699479787988 ], [ -6.343600015313123, 40.378390328657176 ], [ -6.342859799345614, 40.378390328657176 ], [ -6.342859799345614, 40.377517547103949 ], [ -6.342119583378107, 40.377517547103949 ], [ -6.342119583378107, 40.376208353575194 ], [ -6.341379367410598, 40.376208353575194 ], [ -6.341379367410598, 40.375771950079262 ], [ -6.342119583378107, 40.375771950079262 ], [ -6.342119583378107, 40.374026307830668 ], [ -6.342859799345614, 40.374026307830668 ], [ -6.342859799345614, 40.372280620358616 ], [ -6.343600015313123, 40.372280620358616 ], [ -6.343600015313123, 40.371844191424493 ], [ -6.34508044724814, 40.371844191424493 ], [ -6.34508044724814, 40.371407759663931 ], [ -6.345820663215648, 40.371407759663931 ], [ -6.345820663215648, 40.370971325076951 ], [ -6.346560879183157, 40.370971325076951 ], [ -6.346560879183157, 40.370098447423743 ], [ -6.34508044724814, 40.370098447423743 ], [ -6.34508044724814, 40.370534887663545 ], [ -6.343600015313123, 40.370534887663545 ], [ -6.343600015313123, 40.370098447423743 ], [ -6.342859799345614, 40.370098447423743 ], [ -6.342859799345614, 40.369662004357529 ], [ -6.341379367410598, 40.369662004357529 ], [ -6.341379367410598, 40.369225558464919 ], [ -6.34063915144309, 40.369225558464919 ], [ -6.34063915144309, 40.368789109745933 ], [ -6.339898935475582, 40.368789109745933 ], [ -6.339898935475582, 40.367479746630671 ], [ -6.339158719508074, 40.367479746630671 ], [ -6.339158719508074, 40.365733889574642 ], [ -6.338418503540565, 40.365733889574642 ], [ -6.338418503540565, 40.364424467106097 ], [ -6.339158719508074, 40.364424467106097 ], [ -6.339158719508074, 40.362678530913037 ], [ -6.339898935475582, 40.362678530913037 ], [ -6.339898935475582, 40.361369049092247 ], [ -6.34063915144309, 40.361369049092247 ], [ -6.34063915144309, 40.360932549499445 ], [ -6.342119583378107, 40.360932549499445 ], [ -6.342119583378107, 40.360496047080389 ], [ -6.344340231280632, 40.360496047080389 ], [ -6.344340231280632, 40.360059541835085 ], [ -6.347301095150666, 40.360059541835085 ], [ -6.347301095150666, 40.360932549499445 ], [ -6.348041311118173, 40.360932549499445 ], [ -6.348041311118173, 40.361805545858779 ], [ -6.348781527085682, 40.361805545858779 ], [ -6.348781527085682, 40.36224203979905 ], [ -6.349521743053189, 40.36224203979905 ], [ -6.349521743053189, 40.365733889574642 ], [ -6.350261959020698, 40.365733889574642 ], [ -6.350261959020698, 40.365297418244779 ], [ -6.352482606923223, 40.365297418244779 ], [ -6.352482606923223, 40.364860944088605 ], [ -6.353222822890732, 40.364860944088605 ], [ -6.353222822890732, 40.363987987297278 ], [ -6.35396303885824, 40.363987987297278 ], [ -6.35396303885824, 40.363115019200748 ], [ -6.354703254825749, 40.363115019200748 ], [ -6.354703254825749, 40.361805545858779 ], [ -6.355443470793257, 40.361805545858779 ], [ -6.355443470793257, 40.360932549499445 ], [ -6.356183686760765, 40.360932549499445 ], [ -6.356183686760765, 40.360059541835085 ], [ -6.356923902728273, 40.360059541835085 ], [ -6.356923902728273, 40.356567398128547 ], [ -6.357664118695782, 40.356567398128547 ], [ -6.357664118695782, 40.354384716460721 ], [ -6.35840433466329, 40.354384716460721 ], [ -6.35840433466329, 40.353948171648675 ], [ -6.359144550630798, 40.353948171648675 ], [ -6.359144550630798, 40.35351162401048 ], [ -6.360624982565815, 40.35351162401048 ], [ -6.360624982565815, 40.353075073546165 ], [ -6.362845630468341, 40.353075073546165 ], [ -6.362845630468341, 40.35351162401048 ], [ -6.363585846435849, 40.35351162401048 ], [ -6.363585846435849, 40.353948171648675 ], [ -6.364326062403356, 40.353948171648675 ], [ -6.364326062403356, 40.354384716460721 ], [ -6.365066278370866, 40.354384716460721 ], [ -6.365066278370866, 40.354821258446613 ], [ -6.365806494338374, 40.354821258446613 ], [ -6.365806494338374, 40.355257797606349 ], [ -6.366546710305881, 40.355257797606349 ], [ -6.366546710305881, 40.356130867447327 ], [ -6.36728692627339, 40.356130867447327 ], [ -6.36728692627339, 40.358313492591527 ], [ -6.368027142240899, 40.358313492591527 ], [ -6.368027142240899, 40.361369049092247 ], [ -6.368767358208406, 40.361369049092247 ], [ -6.368767358208406, 40.363551504662162 ], [ -6.370247790143424, 40.363551504662162 ], [ -6.370247790143424, 40.363115019200748 ], [ -6.37172822207844, 40.363115019200748 ], [ -6.37172822207844, 40.363551504662162 ], [ -6.372468438045948, 40.363551504662162 ], [ -6.372468438045948, 40.363987987297278 ], [ -6.373948869980965, 40.363987987297278 ], [ -6.373948869980965, 40.364424467106097 ], [ -6.374689085948473, 40.364424467106097 ], [ -6.374689085948473, 40.364860944088605 ], [ -6.375429301915982, 40.364860944088605 ], [ -6.375429301915982, 40.366170358078165 ], [ -6.37616951788349, 40.366170358078165 ], [ -6.37616951788349, 40.365733889574642 ], [ -6.376909733850998, 40.365733889574642 ], [ -6.376909733850998, 40.365297418244779 ], [ -6.377649949818506, 40.365297418244779 ], [ -6.377649949818506, 40.364424467106097 ], [ -6.378390165786015, 40.364424467106097 ], [ -6.378390165786015, 40.363551504662162 ], [ -6.381351029656049, 40.363551504662162 ], [ -6.381351029656049, 40.363987987297278 ], [ -6.383571677558574, 40.363987987297278 ], [ -6.383571677558574, 40.364424467106097 ], [ -6.385792325461098, 40.364424467106097 ], [ -6.385792325461098, 40.367479746630671 ], [ -6.386532541428607, 40.367479746630671 ], [ -6.386532541428607, 40.370971325076951 ], [ -6.385792325461098, 40.370971325076951 ], [ -6.385792325461098, 40.371844191424493 ], [ -6.385052109493589, 40.371844191424493 ], [ -6.385052109493589, 40.372717046466299 ], [ -6.385792325461098, 40.372717046466299 ], [ -6.385792325461098, 40.373589890202332 ], [ -6.386532541428607, 40.373589890202332 ], [ -6.386532541428607, 40.374026307830668 ], [ -6.387272757396115, 40.374026307830668 ], [ -6.387272757396115, 40.374899134607922 ], [ -6.388012973363623, 40.374899134607922 ], [ -6.388012973363623, 40.375335543756833 ], [ -6.388753189331132, 40.375335543756833 ], [ -6.388753189331132, 40.376208353575194 ], [ -6.389493405298641, 40.376208353575194 ], [ -6.389493405298641, 40.376644754244623 ], [ -6.390233621266148, 40.376644754244623 ], [ -6.390233621266148, 40.377517547103949 ], [ -6.390973837233656, 40.377517547103949 ], [ -6.390973837233656, 40.377953939293825 ], [ -6.391714053201166, 40.377953939293825 ], [ -6.391714053201166, 40.383626780545562 ], [ -6.392454269168673, 40.383626780545562 ], [ -6.392454269168673, 40.384935829919179 ], [ -6.393194485136181, 40.384935829919179 ], [ -6.393194485136181, 40.386244853853007 ], [ -6.39393470110369, 40.386244853853007 ], [ -6.39393470110369, 40.38755385234689 ], [ -6.393194485136181, 40.38755385234689 ], [ -6.393194485136181, 40.388862825400615 ], [ -6.392454269168673, 40.388862825400615 ], [ -6.392454269168673, 40.389735459969579 ], [ -6.391714053201166, 40.389735459969579 ], [ -6.391714053201166, 40.391044390622632 ], [ -6.390973837233656, 40.391044390622632 ], [ -6.390973837233656, 40.395843585356808 ], [ -6.391714053201166, 40.395843585356808 ], [ -6.391714053201166, 40.396716129469226 ], [ -6.390973837233656, 40.396716129469226 ], [ -6.390973837233656, 40.39758866227433 ], [ -6.390233621266148, 40.39758866227433 ], [ -6.390233621266148, 40.398024924436619 ], [ -6.389493405298641, 40.398024924436619 ], [ -6.389493405298641, 40.398897440280635 ], [ -6.388753189331132, 40.398897440280635 ], [ -6.388753189331132, 40.39933369396234 ], [ -6.388012973363623, 40.39933369396234 ], [ -6.388012973363623, 40.399769944817194 ], [ -6.387272757396115, 40.399769944817194 ], [ -6.387272757396115, 40.39933369396234 ], [ -6.385052109493589, 40.39933369396234 ], [ -6.385052109493589, 40.398897440280635 ], [ -6.382091245623557, 40.398897440280635 ], [ -6.382091245623557, 40.399769944817194 ], [ -6.381351029656049, 40.399769944817194 ], [ -6.381351029656049, 40.400206192845147 ], [ -6.38061081368854, 40.400206192845147 ], [ -6.38061081368854, 40.400642438046226 ], [ -6.376909733850998, 40.400642438046226 ], [ -6.376909733850998, 40.401078680420419 ], [ -6.37616951788349, 40.401078680420419 ], [ -6.37616951788349, 40.401951156688078 ], [ -6.375429301915982, 40.401951156688078 ], [ -6.375429301915982, 40.403259849887696 ], [ -6.374689085948473, 40.403259849887696 ], [ -6.374689085948473, 40.404132297886122 ], [ -6.373948869980965, 40.404132297886122 ], [ -6.373948869980965, 40.405004734576742 ], [ -6.368767358208406, 40.405004734576742 ], [ -6.368767358208406, 40.404568517644904 ], [ -6.368027142240899, 40.404568517644904 ], [ -6.368027142240899, 40.403696075300381 ], [ -6.36728692627339, 40.403696075300381 ], [ -6.36728692627339, 40.402823621648082 ], [ -6.366546710305881, 40.402823621648082 ], [ -6.366546710305881, 40.402387390581538 ], [ -6.365806494338374, 40.402387390581538 ], [ -6.365806494338374, 40.402823621648082 ], [ -6.365066278370866, 40.402823621648082 ], [ -6.365066278370866, 40.403696075300381 ], [ -6.364326062403356, 40.403696075300381 ], [ -6.364326062403356, 40.406749574034386 ], [ -6.366546710305881, 40.406749574034386 ], [ -6.366546710305881, 40.407185776831341 ], [ -6.370247790143424, 40.407185776831341 ], [ -6.370247790143424, 40.408494368260193 ], [ -6.370988006110932, 40.408494368260193 ], [ -6.370988006110932, 40.412419989886985 ], [ -6.37172822207844, 40.412419989886985 ], [ -6.37172822207844, 40.413728479542058 ], [ -6.370988006110932, 40.413728479542058 ], [ -6.370988006110932, 40.414164637106218 ], [ -6.370247790143424, 40.414164637106218 ], [ -6.370247790143424, 40.415036943753201 ], [ -6.369507574175914, 40.415036943753201 ], [ -6.369507574175914, 40.415909239091704 ], [ -6.368767358208406, 40.415909239091704 ], [ -6.368767358208406, 40.416345382520248 ], [ -6.363585846435849, 40.416345382520248 ], [ -6.363585846435849, 40.417217660895908 ], [ -6.362845630468341, 40.417217660895908 ], [ -6.362845630468341, 40.417653795843009 ], [ -6.362105414500832, 40.417653795843009 ], [ -6.362105414500832, 40.418089927962939 ], [ -6.361365198533323, 40.418089927962939 ], [ -6.361365198533323, 40.419834428170894 ], [ -6.362105414500832, 40.419834428170894 ], [ -6.362105414500832, 40.420270546154889 ], [ -6.362845630468341, 40.420270546154889 ], [ -6.362845630468341, 40.421142773641293 ], [ -6.363585846435849, 40.421142773641293 ], [ -6.363585846435849, 40.421578883143653 ], [ -6.364326062403356, 40.421578883143653 ], [ -6.364326062403356, 40.422451093666709 ], [ -6.365066278370866, 40.422451093666709 ], [ -6.365066278370866, 40.425503741438959 ], [ -6.365806494338374, 40.425503741438959 ], [ -6.365806494338374, 40.425939822668738 ], [ -6.36728692627339, 40.425939822668738 ], [ -6.36728692627339, 40.425503741438959 ], [ -6.369507574175914, 40.425503741438959 ], [ -6.369507574175914, 40.425939822668738 ], [ -6.370247790143424, 40.425939822668738 ], [ -6.370247790143424, 40.426375901071239 ], [ -6.37172822207844, 40.426375901071239 ], [ -6.37172822207844, 40.426811976646427 ], [ -6.372468438045948, 40.426811976646427 ], [ -6.372468438045948, 40.427684119314875 ], [ -6.373208654013458, 40.427684119314875 ], [ -6.373208654013458, 40.429428370723834 ], [ -6.373948869980965, 40.429428370723834 ], [ -6.373948869980965, 40.432044663016576 ], [ -6.373208654013458, 40.432044663016576 ], [ -6.373208654013458, 40.43378880133065 ], [ -6.372468438045948, 40.43378880133065 ], [ -6.372468438045948, 40.434660853523177 ], [ -6.37172822207844, 40.434660853523177 ], [ -6.37172822207844, 40.435096875378306 ], [ -6.370988006110932, 40.435096875378306 ], [ -6.370988006110932, 40.435532894405988 ], [ -6.369507574175914, 40.435532894405988 ], [ -6.369507574175914, 40.435968910606213 ], [ -6.36728692627339, 40.435968910606213 ], [ -6.36728692627339, 40.435532894405988 ], [ -6.365806494338374, 40.435532894405988 ], [ -6.365806494338374, 40.435096875378306 ], [ -6.365066278370866, 40.435096875378306 ], [ -6.365066278370866, 40.434660853523177 ], [ -6.364326062403356, 40.434660853523177 ], [ -6.364326062403356, 40.435096875378306 ], [ -6.362845630468341, 40.435096875378306 ], [ -6.362845630468341, 40.435532894405988 ], [ -6.362105414500832, 40.435532894405988 ], [ -6.362105414500832, 40.435968910606213 ], [ -6.359884766598306, 40.435968910606213 ], [ -6.359884766598306, 40.435532894405988 ], [ -6.355443470793257, 40.435532894405988 ], [ -6.355443470793257, 40.435096875378306 ], [ -6.353222822890732, 40.435096875378306 ], [ -6.353222822890732, 40.435532894405988 ], [ -6.352482606923223, 40.435532894405988 ], [ -6.352482606923223, 40.435968910606213 ], [ -6.351742390955714, 40.435968910606213 ], [ -6.351742390955714, 40.436404923978991 ], [ -6.351002174988206, 40.436404923978991 ], [ -6.351002174988206, 40.436840934524305 ], [ -6.350261959020698, 40.436840934524305 ], [ -6.350261959020698, 40.43727694224215 ], [ -6.349521743053189, 40.43727694224215 ], [ -6.349521743053189, 40.437712947132518 ], [ -6.348781527085682, 40.437712947132518 ], [ -6.348781527085682, 40.438148949195401 ], [ -6.348041311118173, 40.438148949195401 ], [ -6.348041311118173, 40.438584948430801 ], [ -6.346560879183157, 40.438584948430801 ], [ -6.346560879183157, 40.438148949195401 ], [ -6.342119583378107, 40.438148949195401 ], [ -6.342119583378107, 40.437712947132518 ], [ -6.338418503540565, 40.437712947132518 ] ] ], [ [ [ -8.17563453489625, 40.905647451816918 ], [ -8.174154102961234, 40.905647451816918 ], [ -8.174154102961234, 40.905214495985504 ], [ -8.17193345505871, 40.905214495985504 ], [ -8.17193345505871, 40.904781537319572 ], [ -8.170453023123693, 40.904781537319572 ], [ -8.170453023123693, 40.904348575819128 ], [ -8.168972591188677, 40.904348575819128 ], [ -8.168972591188677, 40.903915611484187 ], [ -8.168232375221168, 40.903915611484187 ], [ -8.168232375221168, 40.903482644314742 ], [ -8.16749215925366, 40.903482644314742 ], [ -8.16749215925366, 40.902616701472382 ], [ -8.166751943286151, 40.902616701472382 ], [ -8.166751943286151, 40.901750747292105 ], [ -8.166011727318642, 40.901750747292105 ], [ -8.166011727318642, 40.900451794763185 ], [ -8.165271511351134, 40.900451794763185 ], [ -8.165271511351134, 40.899585812238328 ], [ -8.164531295383625, 40.899585812238328 ], [ -8.164531295383625, 40.89871981837571 ], [ -8.163791079416116, 40.89871981837571 ], [ -8.163791079416116, 40.897420806323623 ], [ -8.163050863448609, 40.897420806323623 ], [ -8.163050863448609, 40.89698779663744 ], [ -8.159349783611068, 40.89698779663744 ], [ -8.159349783611068, 40.896121768761887 ], [ -8.158609567643559, 40.896121768761887 ], [ -8.158609567643559, 40.895688750572525 ], [ -8.157869351676052, 40.895688750572525 ], [ -8.157869351676052, 40.894822705690665 ], [ -8.157129135708542, 40.894822705690665 ], [ -8.157129135708542, 40.894389678998174 ], [ -8.156388919741033, 40.894389678998174 ], [ -8.156388919741033, 40.89352361711012 ], [ -8.155648703773526, 40.89352361711012 ], [ -8.155648703773526, 40.893090581914564 ], [ -8.154908487806019, 40.893090581914564 ], [ -8.154908487806019, 40.883129990150302 ], [ -8.155648703773526, 40.883129990150302 ], [ -8.155648703773526, 40.882263780879889 ], [ -8.156388919741033, 40.882263780879889 ], [ -8.156388919741033, 40.881397560272717 ], [ -8.157129135708542, 40.881397560272717 ], [ -8.157129135708542, 40.88053132832885 ], [ -8.157869351676052, 40.88053132832885 ], [ -8.157869351676052, 40.879665085048316 ], [ -8.158609567643559, 40.879665085048316 ], [ -8.158609567643559, 40.878365698871391 ], [ -8.157869351676052, 40.878365698871391 ], [ -8.157869351676052, 40.874900544364834 ], [ -8.158609567643559, 40.874900544364834 ], [ -8.158609567643559, 40.874034227397246 ], [ -8.159349783611068, 40.874034227397246 ], [ -8.159349783611068, 40.87316789909336 ], [ -8.160089999578576, 40.87316789909336 ], [ -8.160089999578576, 40.872301559453241 ], [ -8.159349783611068, 40.872301559453241 ], [ -8.159349783611068, 40.871435208476939 ], [ -8.158609567643559, 40.871435208476939 ], [ -8.158609567643559, 40.870135660757235 ], [ -8.157869351676052, 40.870135660757235 ], [ -8.157869351676052, 40.864503992569773 ], [ -8.158609567643559, 40.864503992569773 ], [ -8.158609567643559, 40.864070767486872 ], [ -8.159349783611068, 40.864070767486872 ], [ -8.159349783611068, 40.863204308819277 ], [ -8.160089999578576, 40.863204308819277 ], [ -8.160089999578576, 40.862771075234612 ], [ -8.160830215546083, 40.862771075234612 ], [ -8.160830215546083, 40.862337838816032 ], [ -8.161570431513592, 40.862337838816032 ], [ -8.161570431513592, 40.861471357477164 ], [ -8.162310647481101, 40.861471357477164 ], [ -8.162310647481101, 40.861038112556898 ], [ -8.163050863448609, 40.861038112556898 ], [ -8.163050863448609, 40.860604864802738 ], [ -8.163791079416116, 40.860604864802738 ], [ -8.163791079416116, 40.8601716142147 ], [ -8.164531295383625, 40.8601716142147 ], [ -8.164531295383625, 40.859738360792797 ], [ -8.166011727318642, 40.859738360792797 ], [ -8.166011727318642, 40.858438583523906 ], [ -8.166751943286151, 40.858438583523906 ], [ -8.166751943286151, 40.856705507491554 ], [ -8.16749215925366, 40.856705507491554 ], [ -8.16749215925366, 40.855838952472411 ], [ -8.168232375221168, 40.855838952472411 ], [ -8.168232375221168, 40.855405670712138 ], [ -8.168972591188677, 40.855405670712138 ], [ -8.168972591188677, 40.854539098690161 ], [ -8.169712807156186, 40.854539098690161 ], [ -8.169712807156186, 40.854105808428486 ], [ -8.17193345505871, 40.854105808428486 ], [ -8.17193345505871, 40.853672515333024 ], [ -8.174154102961234, 40.853672515333024 ], [ -8.174154102961234, 40.853239219403783 ], [ -8.17637475086376, 40.853239219403783 ], [ -8.17637475086376, 40.852805920640769 ], [ -8.178595398766284, 40.852805920640769 ], [ -8.178595398766284, 40.852372619043997 ], [ -8.180816046668809, 40.852372619043997 ], [ -8.180816046668809, 40.852805920640769 ], [ -8.181556262636317, 40.852805920640769 ], [ -8.181556262636317, 40.853239219403783 ], [ -8.182296478603824, 40.853239219403783 ], [ -8.182296478603824, 40.853672515333024 ], [ -8.183036694571333, 40.853672515333024 ], [ -8.183036694571333, 40.854105808428486 ], [ -8.183776910538842, 40.854105808428486 ], [ -8.183776910538842, 40.854539098690161 ], [ -8.185257342473859, 40.854539098690161 ], [ -8.185257342473859, 40.854972386118042 ], [ -8.185997558441368, 40.854972386118042 ], [ -8.185997558441368, 40.855838952472411 ], [ -8.186737774408877, 40.855838952472411 ], [ -8.186737774408877, 40.857138780750383 ], [ -8.187477990376385, 40.857138780750383 ], [ -8.187477990376385, 40.858438583523906 ], [ -8.188218206343894, 40.858438583523906 ], [ -8.188218206343894, 40.859738360792797 ], [ -8.188958422311401, 40.859738360792797 ], [ -8.188958422311401, 40.8601716142147 ], [ -8.189698638278909, 40.8601716142147 ], [ -8.189698638278909, 40.860604864802738 ], [ -8.190438854246418, 40.860604864802738 ], [ -8.190438854246418, 40.861038112556898 ], [ -8.191179070213927, 40.861038112556898 ], [ -8.191179070213927, 40.861471357477164 ], [ -8.194139934083958, 40.861471357477164 ], [ -8.194139934083958, 40.861038112556898 ], [ -8.197100797953992, 40.861038112556898 ], [ -8.197100797953992, 40.860604864802738 ], [ -8.200801877791534, 40.860604864802738 ], [ -8.200801877791534, 40.8601716142147 ], [ -8.202282309726552, 40.8601716142147 ], [ -8.202282309726552, 40.860604864802738 ], [ -8.20302252569406, 40.860604864802738 ], [ -8.20302252569406, 40.861038112556898 ], [ -8.203762741661567, 40.861038112556898 ], [ -8.203762741661567, 40.861471357477164 ], [ -8.204502957629076, 40.861471357477164 ], [ -8.204502957629076, 40.861904599563545 ], [ -8.205243173596585, 40.861904599563545 ], [ -8.205243173596585, 40.862337838816032 ], [ -8.205983389564093, 40.862337838816032 ], [ -8.205983389564093, 40.863204308819277 ], [ -8.206723605531602, 40.863204308819277 ], [ -8.206723605531602, 40.863637539570036 ], [ -8.207463821499109, 40.863637539570036 ], [ -8.207463821499109, 40.863204308819277 ], [ -8.212645333271668, 40.863204308819277 ], [ -8.212645333271668, 40.864070767486872 ], [ -8.213385549239176, 40.864070767486872 ], [ -8.213385549239176, 40.865370434233768 ], [ -8.214125765206683, 40.865370434233768 ], [ -8.214125765206683, 40.866670075475156 ], [ -8.214865981174192, 40.866670075475156 ], [ -8.214865981174192, 40.868402890788118 ], [ -8.2156061971417, 40.868402890788118 ], [ -8.2156061971417, 40.869702472515968 ], [ -8.216346413109209, 40.869702472515968 ], [ -8.216346413109209, 40.871002028737735 ], [ -8.217086629076718, 40.871002028737735 ], [ -8.217086629076718, 40.872734730690325 ], [ -8.217826845044225, 40.872734730690325 ], [ -8.217826845044225, 40.874034227397246 ], [ -8.218567061011735, 40.874034227397246 ], [ -8.218567061011735, 40.874467387298083 ], [ -8.219307276979244, 40.874467387298083 ], [ -8.219307276979244, 40.874900544364834 ], [ -8.220047492946753, 40.874900544364834 ], [ -8.220047492946753, 40.875333698597522 ], [ -8.22078770891426, 40.875333698597522 ], [ -8.22078770891426, 40.876199998560594 ], [ -8.221527924881768, 40.876199998560594 ], [ -8.221527924881768, 40.876633144290992 ], [ -8.222268140849275, 40.876633144290992 ], [ -8.222268140849275, 40.878365698871391 ], [ -8.223008356816784, 40.878365698871391 ], [ -8.223008356816784, 40.883563090534203 ], [ -8.223748572784293, 40.883563090534203 ], [ -8.223748572784293, 40.889193137609809 ], [ -8.223008356816784, 40.889193137609809 ], [ -8.223008356816784, 40.889626198314232 ], [ -8.222268140849275, 40.889626198314232 ], [ -8.222268140849275, 40.890059256184372 ], [ -8.221527924881768, 40.890059256184372 ], [ -8.221527924881768, 40.890492311220214 ], [ -8.22078770891426, 40.890492311220214 ], [ -8.22078770891426, 40.890925363421736 ], [ -8.220047492946753, 40.890925363421736 ], [ -8.220047492946753, 40.891358412788954 ], [ -8.219307276979244, 40.891358412788954 ], [ -8.219307276979244, 40.891791459321851 ], [ -8.218567061011735, 40.891791459321851 ], [ -8.218567061011735, 40.89265754388466 ], [ -8.217826845044225, 40.89265754388466 ], [ -8.217826845044225, 40.89352361711012 ], [ -8.217086629076718, 40.89352361711012 ], [ -8.217086629076718, 40.894822705690665 ], [ -8.216346413109209, 40.894822705690665 ], [ -8.216346413109209, 40.895688750572525 ], [ -8.2156061971417, 40.895688750572525 ], [ -8.2156061971417, 40.896121768761887 ], [ -8.214125765206683, 40.896121768761887 ], [ -8.214125765206683, 40.896554784116866 ], [ -8.209684469401635, 40.896554784116866 ], [ -8.209684469401635, 40.89698779663744 ], [ -8.207463821499109, 40.89698779663744 ], [ -8.207463821499109, 40.89871981837571 ], [ -8.206723605531602, 40.89871981837571 ], [ -8.206723605531602, 40.900884781773954 ], [ -8.205983389564093, 40.900884781773954 ], [ -8.205983389564093, 40.901750747292105 ], [ -8.205243173596585, 40.901750747292105 ], [ -8.205243173596585, 40.902616701472382 ], [ -8.204502957629076, 40.902616701472382 ], [ -8.204502957629076, 40.903049674310807 ], [ -8.203762741661567, 40.903049674310807 ], [ -8.203762741661567, 40.903482644314742 ], [ -8.20302252569406, 40.903482644314742 ], [ -8.20302252569406, 40.903915611484187 ], [ -8.200801877791534, 40.903915611484187 ], [ -8.200801877791534, 40.904348575819128 ], [ -8.199321445856517, 40.904348575819128 ], [ -8.199321445856517, 40.904781537319572 ], [ -8.197100797953992, 40.904781537319572 ], [ -8.197100797953992, 40.905214495985504 ], [ -8.195620366018975, 40.905214495985504 ], [ -8.195620366018975, 40.904348575819128 ], [ -8.194880150051468, 40.904348575819128 ], [ -8.194880150051468, 40.903915611484187 ], [ -8.194139934083958, 40.903915611484187 ], [ -8.194139934083958, 40.903482644314742 ], [ -8.193399718116451, 40.903482644314742 ], [ -8.193399718116451, 40.903049674310807 ], [ -8.192659502148942, 40.903049674310807 ], [ -8.192659502148942, 40.902616701472382 ], [ -8.191919286181435, 40.902616701472382 ], [ -8.191919286181435, 40.903049674310807 ], [ -8.191179070213927, 40.903049674310807 ], [ -8.191179070213927, 40.903915611484187 ], [ -8.190438854246418, 40.903915611484187 ], [ -8.190438854246418, 40.904781537319572 ], [ -8.189698638278909, 40.904781537319572 ], [ -8.189698638278909, 40.905647451816918 ], [ -8.188958422311401, 40.905647451816918 ], [ -8.188958422311401, 40.906513354976163 ], [ -8.188218206343894, 40.906513354976163 ], [ -8.188218206343894, 40.906946302303993 ], [ -8.179335614733793, 40.906946302303993 ], [ -8.179335614733793, 40.906513354976163 ], [ -8.177114966831267, 40.906513354976163 ], [ -8.177114966831267, 40.906080404813814 ], [ -8.17563453489625, 40.906080404813814 ], [ -8.17563453489625, 40.905647451816918 ] ] ], [ [ [ -7.475390229633367, 41.304486516884211 ], [ -7.474650013665858, 41.304486516884211 ], [ -7.474650013665858, 41.303625845657749 ], [ -7.473909797698351, 41.303625845657749 ], [ -7.473909797698351, 41.298891950859399 ], [ -7.474650013665858, 41.298891950859399 ], [ -7.474650013665858, 41.298031205795915 ], [ -7.475390229633367, 41.298031205795915 ], [ -7.475390229633367, 41.297170449373056 ], [ -7.476130445600875, 41.297170449373056 ], [ -7.476130445600875, 41.296740066901869 ], [ -7.476870661568384, 41.296740066901869 ], [ -7.476870661568384, 41.29630968159087 ], [ -7.479091309470908, 41.29630968159087 ], [ -7.479091309470908, 41.295879293440038 ], [ -7.479831525438417, 41.295879293440038 ], [ -7.479831525438417, 41.29458811194867 ], [ -7.478351093503399, 41.29458811194867 ], [ -7.478351093503399, 41.294157712438604 ], [ -7.476870661568384, 41.294157712438604 ], [ -7.476870661568384, 41.293727310088748 ], [ -7.475390229633367, 41.293727310088748 ], [ -7.475390229633367, 41.293296904899108 ], [ -7.473909797698351, 41.293296904899108 ], [ -7.473909797698351, 41.292866496869678 ], [ -7.473169581730843, 41.292866496869678 ], [ -7.473169581730843, 41.292436086000471 ], [ -7.471689149795825, 41.292436086000471 ], [ -7.471689149795825, 41.292005672291495 ], [ -7.470948933828317, 41.292005672291495 ], [ -7.470948933828317, 41.290714414125993 ], [ -7.470208717860808, 41.290714414125993 ], [ -7.470208717860808, 41.286840486283602 ], [ -7.4694685018933, 41.286840486283602 ], [ -7.4694685018933, 41.285979582192901 ], [ -7.470208717860808, 41.285979582192901 ], [ -7.470208717860808, 41.285118666743436 ], [ -7.470948933828317, 41.285118666743436 ], [ -7.470948933828317, 41.284688204759199 ], [ -7.471689149795825, 41.284688204759199 ], [ -7.471689149795825, 41.283827272271687 ], [ -7.472429365763334, 41.283827272271687 ], [ -7.472429365763334, 41.28339680176844 ], [ -7.477610877535891, 41.28339680176844 ], [ -7.477610877535891, 41.282105373220801 ], [ -7.478351093503399, 41.282105373220801 ], [ -7.478351093503399, 41.280813919116419 ], [ -7.479091309470908, 41.280813919116419 ], [ -7.479091309470908, 41.279522439455427 ], [ -7.479831525438417, 41.279522439455427 ], [ -7.479831525438417, 41.278661438816741 ], [ -7.485013037210975, 41.278661438816741 ], [ -7.485013037210975, 41.27909194055588 ], [ -7.485753253178484, 41.27909194055588 ], [ -7.485753253178484, 41.279522439455427 ], [ -7.486493469145992, 41.279522439455427 ], [ -7.486493469145992, 41.280383428735696 ], [ -7.487233685113499, 41.280383428735696 ], [ -7.487233685113499, 41.280813919116419 ], [ -7.487973901081008, 41.280813919116419 ], [ -7.487973901081008, 41.2812444066575 ], [ -7.488714117048517, 41.2812444066575 ], [ -7.488714117048517, 41.282535852242994 ], [ -7.489454333016026, 41.282535852242994 ], [ -7.489454333016026, 41.283827272271687 ], [ -7.490194548983533, 41.283827272271687 ], [ -7.490194548983533, 41.285118666743436 ], [ -7.490934764951042, 41.285118666743436 ], [ -7.490934764951042, 41.285979582192901 ], [ -7.491674980918551, 41.285979582192901 ], [ -7.491674980918551, 41.287270934069397 ], [ -7.493155412853566, 41.287270934069397 ], [ -7.493155412853566, 41.286840486283602 ], [ -7.493895628821075, 41.286840486283602 ], [ -7.493895628821075, 41.286410035658086 ], [ -7.496856492691108, 41.286410035658086 ], [ -7.496856492691108, 41.286840486283602 ], [ -7.497596708658617, 41.286840486283602 ], [ -7.497596708658617, 41.287270934069397 ], [ -7.498336924626125, 41.287270934069397 ], [ -7.498336924626125, 41.287701379015502 ], [ -7.499077140593633, 41.287701379015502 ], [ -7.499077140593633, 41.288131821121894 ], [ -7.499817356561143, 41.288131821121894 ], [ -7.499817356561143, 41.289853561150231 ], [ -7.50055757252865, 41.289853561150231 ], [ -7.50055757252865, 41.291575255742757 ], [ -7.501297788496157, 41.291575255742757 ], [ -7.501297788496157, 41.292005672291495 ], [ -7.50055757252865, 41.292005672291495 ], [ -7.50055757252865, 41.295018508618931 ], [ -7.499817356561143, 41.295018508618931 ], [ -7.499817356561143, 41.297170449373056 ], [ -7.499077140593633, 41.297170449373056 ], [ -7.499077140593633, 41.298031205795915 ], [ -7.498336924626125, 41.298031205795915 ], [ -7.498336924626125, 41.298461579747588 ], [ -7.497596708658617, 41.298461579747588 ], [ -7.497596708658617, 41.298891950859399 ], [ -7.496856492691108, 41.298891950859399 ], [ -7.496856492691108, 41.299322319131363 ], [ -7.496116276723601, 41.299322319131363 ], [ -7.496116276723601, 41.299752684563465 ], [ -7.495376060756092, 41.299752684563465 ], [ -7.495376060756092, 41.300183047155706 ], [ -7.494635844788583, 41.300183047155706 ], [ -7.494635844788583, 41.30061340690807 ], [ -7.493895628821075, 41.30061340690807 ], [ -7.493895628821075, 41.300183047155706 ], [ -7.493155412853566, 41.300183047155706 ], [ -7.493155412853566, 41.299752684563465 ], [ -7.492415196886059, 41.299752684563465 ], [ -7.492415196886059, 41.299322319131363 ], [ -7.491674980918551, 41.299322319131363 ], [ -7.491674980918551, 41.298891950859399 ], [ -7.490934764951042, 41.298891950859399 ], [ -7.490934764951042, 41.298461579747588 ], [ -7.489454333016026, 41.298461579747588 ], [ -7.489454333016026, 41.299322319131363 ], [ -7.488714117048517, 41.299322319131363 ], [ -7.488714117048517, 41.299752684563465 ], [ -7.487973901081008, 41.299752684563465 ], [ -7.487973901081008, 41.30061340690807 ], [ -7.485013037210975, 41.30061340690807 ], [ -7.485013037210975, 41.301043763820552 ], [ -7.484272821243468, 41.301043763820552 ], [ -7.484272821243468, 41.303625845657749 ], [ -7.483532605275959, 41.303625845657749 ], [ -7.483532605275959, 41.305347176750963 ], [ -7.481311957373435, 41.305347176750963 ], [ -7.481311957373435, 41.305777502424441 ], [ -7.479091309470908, 41.305777502424441 ], [ -7.479091309470908, 41.306207825257957 ], [ -7.476870661568384, 41.306207825257957 ], [ -7.476870661568384, 41.305777502424441 ], [ -7.476130445600875, 41.305777502424441 ], [ -7.476130445600875, 41.304916848237561 ], [ -7.475390229633367, 41.304916848237561 ], [ -7.475390229633367, 41.304486516884211 ] ] ], [ [ [ -7.576799817182009, 41.769724820335 ], [ -7.5760596012145, 41.769724820335 ], [ -7.5760596012145, 41.768870317966282 ], [ -7.575319385246991, 41.768870317966282 ], [ -7.575319385246991, 41.764170351484346 ], [ -7.5760596012145, 41.764170351484346 ], [ -7.5760596012145, 41.763743064731237 ], [ -7.576799817182009, 41.763743064731237 ], [ -7.576799817182009, 41.763315775132668 ], [ -7.577540033149516, 41.763315775132668 ], [ -7.577540033149516, 41.762461187399133 ], [ -7.578280249117025, 41.762461187399133 ], [ -7.578280249117025, 41.762033889264181 ], [ -7.579020465084534, 41.762033889264181 ], [ -7.579020465084534, 41.761606588283776 ], [ -7.579760681052042, 41.761606588283776 ], [ -7.579760681052042, 41.759897355907803 ], [ -7.579020465084534, 41.759897355907803 ], [ -7.579020465084534, 41.758188078005055 ], [ -7.579760681052042, 41.758188078005055 ], [ -7.579760681052042, 41.756478754575816 ], [ -7.580500897019551, 41.756478754575816 ], [ -7.580500897019551, 41.755196732127331 ], [ -7.581241112987058, 41.755196732127331 ], [ -7.581241112987058, 41.754769385620428 ], [ -7.582721544922075, 41.754769385620428 ], [ -7.582721544922075, 41.754342036268142 ], [ -7.583461760889584, 41.754342036268142 ], [ -7.583461760889584, 41.753914684070509 ], [ -7.584942192824601, 41.753914684070509 ], [ -7.584942192824601, 41.7534873290275 ], [ -7.586422624759618, 41.7534873290275 ], [ -7.586422624759618, 41.753059971139159 ], [ -7.589383488629649, 41.753059971139159 ], [ -7.589383488629649, 41.7534873290275 ], [ -7.591604136532175, 41.7534873290275 ], [ -7.591604136532175, 41.753914684070509 ], [ -7.593084568467192, 41.753914684070509 ], [ -7.593084568467192, 41.754342036268142 ], [ -7.595305216369718, 41.754342036268142 ], [ -7.595305216369718, 41.754769385620428 ], [ -7.596785648304733, 41.754769385620428 ], [ -7.596785648304733, 41.755196732127331 ], [ -7.599006296207259, 41.755196732127331 ], [ -7.599006296207259, 41.755624075788866 ], [ -7.600486728142275, 41.755624075788866 ], [ -7.600486728142275, 41.756478754575816 ], [ -7.601226944109785, 41.756478754575816 ], [ -7.601226944109785, 41.758188078005055 ], [ -7.601967160077292, 41.758188078005055 ], [ -7.601967160077292, 41.761606588283776 ], [ -7.601226944109785, 41.761606588283776 ], [ -7.601226944109785, 41.763743064731237 ], [ -7.600486728142275, 41.763743064731237 ], [ -7.600486728142275, 41.765879470041995 ], [ -7.599746512174766, 41.765879470041995 ], [ -7.599746512174766, 41.766734012247902 ], [ -7.599006296207259, 41.766734012247902 ], [ -7.599006296207259, 41.767588543071788 ], [ -7.59826608023975, 41.767588543071788 ], [ -7.59826608023975, 41.768015804215466 ], [ -7.597525864272242, 41.768015804215466 ], [ -7.597525864272242, 41.768870317966282 ], [ -7.596785648304733, 41.768870317966282 ], [ -7.596785648304733, 41.7692975705734 ], [ -7.596045432337224, 41.7692975705734 ], [ -7.596045432337224, 41.769724820335 ], [ -7.595305216369718, 41.769724820335 ], [ -7.595305216369718, 41.770152067251047 ], [ -7.592344352499683, 41.770152067251047 ], [ -7.592344352499683, 41.770579311321569 ], [ -7.589383488629649, 41.770579311321569 ], [ -7.589383488629649, 41.770152067251047 ], [ -7.588643272662142, 41.770152067251047 ], [ -7.588643272662142, 41.769724820335 ], [ -7.587162840727125, 41.769724820335 ], [ -7.587162840727125, 41.7692975705734 ], [ -7.586422624759618, 41.7692975705734 ], [ -7.586422624759618, 41.768870317966282 ], [ -7.584942192824601, 41.768870317966282 ], [ -7.584942192824601, 41.769724820335 ], [ -7.584201976857091, 41.769724820335 ], [ -7.584201976857091, 41.770579311321569 ], [ -7.583461760889584, 41.770579311321569 ], [ -7.583461760889584, 41.771433790925961 ], [ -7.578280249117025, 41.771433790925961 ], [ -7.578280249117025, 41.771006552546545 ], [ -7.577540033149516, 41.771006552546545 ], [ -7.577540033149516, 41.770579311321569 ], [ -7.576799817182009, 41.770579311321569 ], [ -7.576799817182009, 41.769724820335 ] ] ], [ [ [ -7.610849751687391, 41.806884656360282 ], [ -7.60714867184985, 41.806884656360282 ], [ -7.60714867184985, 41.806030649150038 ], [ -7.606408455882341, 41.806030649150038 ], [ -7.606408455882341, 41.805176630556019 ], [ -7.605668239914835, 41.805176630556019 ], [ -7.605668239914835, 41.804322600578267 ], [ -7.604928023947326, 41.804322600578267 ], [ -7.604928023947326, 41.803041534267258 ], [ -7.604187807979817, 41.803041534267258 ], [ -7.604187807979817, 41.802187475830365 ], [ -7.603447592012309, 41.802187475830365 ], [ -7.603447592012309, 41.801333406009881 ], [ -7.6027073760448, 41.801333406009881 ], [ -7.6027073760448, 41.800052279935009 ], [ -7.601967160077292, 41.800052279935009 ], [ -7.601967160077292, 41.797062886154912 ], [ -7.601226944109785, 41.797062886154912 ], [ -7.601226944109785, 41.797917012892796 ], [ -7.600486728142275, 41.797917012892796 ], [ -7.600486728142275, 41.79834407199295 ], [ -7.599746512174766, 41.79834407199295 ], [ -7.599746512174766, 41.798771128247253 ], [ -7.599006296207259, 41.798771128247253 ], [ -7.599006296207259, 41.799198181655704 ], [ -7.596785648304733, 41.799198181655704 ], [ -7.596785648304733, 41.798771128247253 ], [ -7.595305216369718, 41.798771128247253 ], [ -7.595305216369718, 41.79834407199295 ], [ -7.594565000402209, 41.79834407199295 ], [ -7.594565000402209, 41.797917012892796 ], [ -7.593824784434701, 41.797917012892796 ], [ -7.593824784434701, 41.797489950946769 ], [ -7.593084568467192, 41.797489950946769 ], [ -7.593084568467192, 41.795781674704308 ], [ -7.592344352499683, 41.795781674704308 ], [ -7.592344352499683, 41.795354598529109 ], [ -7.590123704597159, 41.795354598529109 ], [ -7.590123704597159, 41.794927519508086 ], [ -7.587903056694633, 41.794927519508086 ], [ -7.587903056694633, 41.794500437641261 ], [ -7.586422624759618, 41.794500437641261 ], [ -7.586422624759618, 41.794927519508086 ], [ -7.585682408792109, 41.794927519508086 ], [ -7.585682408792109, 41.795354598529109 ], [ -7.584942192824601, 41.795354598529109 ], [ -7.584942192824601, 41.795781674704308 ], [ -7.583461760889584, 41.795781674704308 ], [ -7.583461760889584, 41.796208748033671 ], [ -7.582721544922075, 41.796208748033671 ], [ -7.582721544922075, 41.796635818517217 ], [ -7.581241112987058, 41.796635818517217 ], [ -7.581241112987058, 41.797062886154912 ], [ -7.580500897019551, 41.797062886154912 ], [ -7.580500897019551, 41.797489950946769 ], [ -7.579020465084534, 41.797489950946769 ], [ -7.579020465084534, 41.797062886154912 ], [ -7.577540033149516, 41.797062886154912 ], [ -7.577540033149516, 41.796635818517217 ], [ -7.576799817182009, 41.796635818517217 ], [ -7.576799817182009, 41.797489950946769 ], [ -7.5760596012145, 41.797489950946769 ], [ -7.5760596012145, 41.797917012892796 ], [ -7.575319385246991, 41.797917012892796 ], [ -7.575319385246991, 41.798771128247253 ], [ -7.574579169279484, 41.798771128247253 ], [ -7.574579169279484, 41.79962523221829 ], [ -7.573838953311975, 41.79962523221829 ], [ -7.573838953311975, 41.800479324805842 ], [ -7.573098737344467, 41.800479324805842 ], [ -7.573098737344467, 41.800906366830809 ], [ -7.568657441539417, 41.800906366830809 ], [ -7.568657441539417, 41.800479324805842 ], [ -7.56273571379935, 41.800479324805842 ], [ -7.56273571379935, 41.79962523221829 ], [ -7.561995497831843, 41.79962523221829 ], [ -7.561995497831843, 41.799198181655704 ], [ -7.561255281864334, 41.799198181655704 ], [ -7.561255281864334, 41.79834407199295 ], [ -7.560515065896826, 41.79834407199295 ], [ -7.560515065896826, 41.797489950946769 ], [ -7.559774849929317, 41.797489950946769 ], [ -7.559774849929317, 41.789802349283491 ], [ -7.559034633961808, 41.789802349283491 ], [ -7.559034633961808, 41.790229462454 ], [ -7.555333554124267, 41.790229462454 ], [ -7.555333554124267, 41.789802349283491 ], [ -7.554593338156757, 41.789802349283491 ], [ -7.554593338156757, 41.789375233267229 ], [ -7.553853122189252, 41.789375233267229 ], [ -7.553853122189252, 41.788520992697428 ], [ -7.553112906221743, 41.788520992697428 ], [ -7.553112906221743, 41.78766674074464 ], [ -7.552372690254233, 41.78766674074464 ], [ -7.552372690254233, 41.78638534147246 ], [ -7.553112906221743, 41.78638534147246 ], [ -7.553112906221743, 41.782540989987446 ], [ -7.553853122189252, 41.782540989987446 ], [ -7.553853122189252, 41.781259488270059 ], [ -7.554593338156757, 41.781259488270059 ], [ -7.554593338156757, 41.780832315339595 ], [ -7.555333554124267, 41.780832315339595 ], [ -7.555333554124267, 41.779977960941686 ], [ -7.556073770091776, 41.779977960941686 ], [ -7.556073770091776, 41.779550779474249 ], [ -7.556813986059283, 41.779550779474249 ], [ -7.556813986059283, 41.779123595161181 ], [ -7.557554202026792, 41.779123595161181 ], [ -7.557554202026792, 41.778269217998115 ], [ -7.5582944179943, 41.778269217998115 ], [ -7.5582944179943, 41.777842025148132 ], [ -7.559034633961808, 41.777842025148132 ], [ -7.559034633961808, 41.777414829452525 ], [ -7.561255281864334, 41.777414829452525 ], [ -7.561255281864334, 41.777842025148132 ], [ -7.564216145734367, 41.777842025148132 ], [ -7.564216145734367, 41.778269217998115 ], [ -7.566436793636893, 41.778269217998115 ], [ -7.566436793636893, 41.77869640800246 ], [ -7.569397657506925, 41.77869640800246 ], [ -7.569397657506925, 41.779123595161181 ], [ -7.571618305409451, 41.779123595161181 ], [ -7.571618305409451, 41.77869640800246 ], [ -7.573098737344467, 41.77869640800246 ], [ -7.573098737344467, 41.778269217998115 ], [ -7.575319385246991, 41.778269217998115 ], [ -7.575319385246991, 41.774851595521 ], [ -7.5760596012145, 41.774851595521 ], [ -7.5760596012145, 41.773997161445699 ], [ -7.576799817182009, 41.773997161445699 ], [ -7.576799817182009, 41.773569940139666 ], [ -7.577540033149516, 41.773569940139666 ], [ -7.577540033149516, 41.77271548899089 ], [ -7.578280249117025, 41.77271548899089 ], [ -7.578280249117025, 41.772288259148141 ], [ -7.581241112987058, 41.772288259148141 ], [ -7.581241112987058, 41.77271548899089 ], [ -7.582721544922075, 41.77271548899089 ], [ -7.582721544922075, 41.773142715988065 ], [ -7.584942192824601, 41.773142715988065 ], [ -7.584942192824601, 41.77271548899089 ], [ -7.585682408792109, 41.77271548899089 ], [ -7.585682408792109, 41.772288259148141 ], [ -7.586422624759618, 41.772288259148141 ], [ -7.586422624759618, 41.771861026459831 ], [ -7.587162840727125, 41.771861026459831 ], [ -7.587162840727125, 41.771433790925961 ], [ -7.587903056694633, 41.771433790925961 ], [ -7.587903056694633, 41.771006552546545 ], [ -7.590123704597159, 41.771006552546545 ], [ -7.590123704597159, 41.771433790925961 ], [ -7.591604136532175, 41.771433790925961 ], [ -7.591604136532175, 41.771861026459831 ], [ -7.592344352499683, 41.771861026459831 ], [ -7.592344352499683, 41.772288259148141 ], [ -7.593824784434701, 41.772288259148141 ], [ -7.593824784434701, 41.771861026459831 ], [ -7.594565000402209, 41.771861026459831 ], [ -7.594565000402209, 41.771433790925961 ], [ -7.595305216369718, 41.771433790925961 ], [ -7.595305216369718, 41.771006552546545 ], [ -7.596045432337224, 41.771006552546545 ], [ -7.596045432337224, 41.770579311321569 ], [ -7.597525864272242, 41.770579311321569 ], [ -7.597525864272242, 41.770152067251047 ], [ -7.599006296207259, 41.770152067251047 ], [ -7.599006296207259, 41.770579311321569 ], [ -7.604928023947326, 41.770579311321569 ], [ -7.604928023947326, 41.770152067251047 ], [ -7.606408455882341, 41.770152067251047 ], [ -7.606408455882341, 41.769724820335 ], [ -7.607888887817359, 41.769724820335 ], [ -7.607888887817359, 41.7692975705734 ], [ -7.609369319752376, 41.7692975705734 ], [ -7.609369319752376, 41.768870317966282 ], [ -7.608629103784867, 41.768870317966282 ], [ -7.608629103784867, 41.767161279082593 ], [ -7.607888887817359, 41.767161279082593 ], [ -7.607888887817359, 41.765452194670814 ], [ -7.60714867184985, 41.765452194670814 ], [ -7.60714867184985, 41.765024916454131 ], [ -7.607888887817359, 41.765024916454131 ], [ -7.607888887817359, 41.763743064731237 ], [ -7.608629103784867, 41.763743064731237 ], [ -7.608629103784867, 41.762461187399133 ], [ -7.609369319752376, 41.762461187399133 ], [ -7.609369319752376, 41.761179284457953 ], [ -7.610109535719883, 41.761179284457953 ], [ -7.610109535719883, 41.759470040700251 ], [ -7.610849751687391, 41.759470040700251 ], [ -7.610849751687391, 41.757760751415844 ], [ -7.610109535719883, 41.757760751415844 ], [ -7.610109535719883, 41.756906089701218 ], [ -7.609369319752376, 41.756906089701218 ], [ -7.609369319752376, 41.752205246826428 ], [ -7.610109535719883, 41.752205246826428 ], [ -7.610109535719883, 41.751350511132337 ], [ -7.610849751687391, 41.751350511132337 ], [ -7.610849751687391, 41.75049576405695 ], [ -7.611589967654901, 41.75049576405695 ], [ -7.611589967654901, 41.750068386251272 ], [ -7.612330183622409, 41.750068386251272 ], [ -7.612330183622409, 41.74921362210398 ], [ -7.613070399589917, 41.74921362210398 ], [ -7.613070399589917, 41.748786235762388 ], [ -7.61603126345995, 41.748786235762388 ], [ -7.61603126345995, 41.747931454543298 ], [ -7.615291047492441, 41.747931454543298 ], [ -7.615291047492441, 41.746649261374998 ], [ -7.614550831524934, 41.746649261374998 ], [ -7.614550831524934, 41.741947667339467 ], [ -7.615291047492441, 41.741947667339467 ], [ -7.615291047492441, 41.74152023262846 ], [ -7.61603126345995, 41.74152023262846 ], [ -7.61603126345995, 41.740665354670782 ], [ -7.616771479427458, 41.740665354670782 ], [ -7.616771479427458, 41.740237911424124 ], [ -7.617511695394967, 41.740237911424124 ], [ -7.617511695394967, 41.739810465332269 ], [ -7.618251911362474, 41.739810465332269 ], [ -7.618251911362474, 41.739383016395223 ], [ -7.618992127329983, 41.739383016395223 ], [ -7.618992127329983, 41.738955564612979 ], [ -7.621212775232508, 41.738955564612979 ], [ -7.621212775232508, 41.739383016395223 ], [ -7.621952991200017, 41.739383016395223 ], [ -7.621952991200017, 41.739810465332269 ], [ -7.622693207167525, 41.739810465332269 ], [ -7.622693207167525, 41.740237911424124 ], [ -7.623433423135034, 41.740237911424124 ], [ -7.623433423135034, 41.738955564612979 ], [ -7.624173639102543, 41.738955564612979 ], [ -7.624173639102543, 41.737673192195146 ], [ -7.624913855070049, 41.737673192195146 ], [ -7.624913855070049, 41.736390794170767 ], [ -7.625654071037558, 41.736390794170767 ], [ -7.625654071037558, 41.735108370539962 ], [ -7.626394287005067, 41.735108370539962 ], [ -7.626394287005067, 41.733825921302866 ], [ -7.628614934907592, 41.733825921302866 ], [ -7.628614934907592, 41.734253407227037 ], [ -7.631575798777625, 41.734253407227037 ], [ -7.631575798777625, 41.734680890306066 ], [ -7.63453666264766, 41.734680890306066 ], [ -7.63453666264766, 41.735108370539962 ], [ -7.638977958452709, 41.735108370539962 ], [ -7.638977958452709, 41.734680890306066 ], [ -7.639718174420216, 41.734680890306066 ], [ -7.639718174420216, 41.734253407227037 ], [ -7.641198606355235, 41.734253407227037 ], [ -7.641198606355235, 41.733825921302866 ], [ -7.642679038290251, 41.733825921302866 ], [ -7.642679038290251, 41.733398432533576 ], [ -7.643419254257759, 41.733398432533576 ], [ -7.643419254257759, 41.732970940919152 ], [ -7.646380118127792, 41.732970940919152 ], [ -7.646380118127792, 41.733398432533576 ], [ -7.6471203340953, 41.733398432533576 ], [ -7.6471203340953, 41.734253407227037 ], [ -7.647860550062809, 41.734253407227037 ], [ -7.647860550062809, 41.734680890306066 ], [ -7.648600766030317, 41.734680890306066 ], [ -7.648600766030317, 41.735108370539962 ], [ -7.649340981997826, 41.735108370539962 ], [ -7.649340981997826, 41.735535847928716 ], [ -7.650081197965333, 41.735535847928716 ], [ -7.650081197965333, 41.735963322472315 ], [ -7.650821413932842, 41.735963322472315 ], [ -7.650821413932842, 41.736390794170767 ], [ -7.65156162990035, 41.736390794170767 ], [ -7.65156162990035, 41.736818263024055 ], [ -7.652301845867859, 41.736818263024055 ], [ -7.652301845867859, 41.737673192195146 ], [ -7.653042061835368, 41.737673192195146 ], [ -7.653042061835368, 41.738100652512934 ], [ -7.653782277802874, 41.738100652512934 ], [ -7.653782277802874, 41.738528109985552 ], [ -7.654522493770383, 41.738528109985552 ], [ -7.654522493770383, 41.738955564612979 ], [ -7.655262709737892, 41.738955564612979 ], [ -7.655262709737892, 41.739383016395223 ], [ -7.6560029257054, 41.739383016395223 ], [ -7.6560029257054, 41.739810465332269 ], [ -7.656743141672909, 41.739810465332269 ], [ -7.656743141672909, 41.740665354670782 ], [ -7.657483357640417, 41.740665354670782 ], [ -7.657483357640417, 41.74109279507222 ], [ -7.658223573607924, 41.74109279507222 ], [ -7.658223573607924, 41.74152023262846 ], [ -7.658963789575433, 41.74152023262846 ], [ -7.658963789575433, 41.741947667339467 ], [ -7.659704005542943, 41.741947667339467 ], [ -7.659704005542943, 41.742802528225845 ], [ -7.658963789575433, 41.742802528225845 ], [ -7.658963789575433, 41.745794451703105 ], [ -7.658223573607924, 41.745794451703105 ], [ -7.658223573607924, 41.748358846575485 ], [ -7.658963789575433, 41.748358846575485 ], [ -7.658963789575433, 41.748786235762388 ], [ -7.659704005542943, 41.748786235762388 ], [ -7.659704005542943, 41.749641005600289 ], [ -7.66044422151045, 41.749641005600289 ], [ -7.66044422151045, 41.750068386251272 ], [ -7.661184437477959, 41.750068386251272 ], [ -7.661184437477959, 41.752205246826428 ], [ -7.66044422151045, 41.752205246826428 ], [ -7.66044422151045, 41.75605141660504 ], [ -7.659704005542943, 41.75605141660504 ], [ -7.659704005542943, 41.756478754575816 ], [ -7.658963789575433, 41.756478754575816 ], [ -7.658963789575433, 41.756906089701218 ], [ -7.656743141672909, 41.756906089701218 ], [ -7.656743141672909, 41.75733342198123 ], [ -7.654522493770383, 41.75733342198123 ], [ -7.654522493770383, 41.757760751415844 ], [ -7.653782277802874, 41.757760751415844 ], [ -7.653782277802874, 41.75733342198123 ], [ -7.653042061835368, 41.75733342198123 ], [ -7.653042061835368, 41.756478754575816 ], [ -7.652301845867859, 41.756478754575816 ], [ -7.652301845867859, 41.755624075788866 ], [ -7.65156162990035, 41.755624075788866 ], [ -7.65156162990035, 41.754769385620428 ], [ -7.650821413932842, 41.754769385620428 ], [ -7.650821413932842, 41.754342036268142 ], [ -7.650081197965333, 41.754342036268142 ], [ -7.650081197965333, 41.755196732127331 ], [ -7.649340981997826, 41.755196732127331 ], [ -7.649340981997826, 41.755624075788866 ], [ -7.648600766030317, 41.755624075788866 ], [ -7.648600766030317, 41.756478754575816 ], [ -7.647860550062809, 41.756478754575816 ], [ -7.647860550062809, 41.75733342198123 ], [ -7.6471203340953, 41.75733342198123 ], [ -7.6471203340953, 41.757760751415844 ], [ -7.646380118127792, 41.757760751415844 ], [ -7.646380118127792, 41.758615401748862 ], [ -7.645639902160283, 41.758615401748862 ], [ -7.645639902160283, 41.759042722647266 ], [ -7.644899686192775, 41.759042722647266 ], [ -7.644899686192775, 41.759897355907803 ], [ -7.644159470225266, 41.759897355907803 ], [ -7.644159470225266, 41.760751977786661 ], [ -7.643419254257759, 41.760751977786661 ], [ -7.643419254257759, 41.761179284457953 ], [ -7.642679038290251, 41.761179284457953 ], [ -7.642679038290251, 41.761606588283776 ], [ -7.641938822322742, 41.761606588283776 ], [ -7.641938822322742, 41.762033889264181 ], [ -7.640458390387725, 41.762033889264181 ], [ -7.640458390387725, 41.762461187399133 ], [ -7.638977958452709, 41.762461187399133 ], [ -7.638977958452709, 41.762888482688624 ], [ -7.637497526517691, 41.762888482688624 ], [ -7.637497526517691, 41.763315775132668 ], [ -7.636017094582675, 41.763315775132668 ], [ -7.636017094582675, 41.763743064731237 ], [ -7.63453666264766, 41.763743064731237 ], [ -7.63453666264766, 41.763315775132668 ], [ -7.632316014745134, 41.763315775132668 ], [ -7.632316014745134, 41.762888482688624 ], [ -7.630095366842609, 41.762888482688624 ], [ -7.630095366842609, 41.762461187399133 ], [ -7.629355150875099, 41.762461187399133 ], [ -7.629355150875099, 41.762888482688624 ], [ -7.628614934907592, 41.762888482688624 ], [ -7.628614934907592, 41.763743064731237 ], [ -7.627874718940084, 41.763743064731237 ], [ -7.627874718940084, 41.764597635391979 ], [ -7.627134502972575, 41.764597635391979 ], [ -7.627134502972575, 41.765024916454131 ], [ -7.625654071037558, 41.765024916454131 ], [ -7.625654071037558, 41.765452194670814 ], [ -7.624173639102543, 41.765452194670814 ], [ -7.624173639102543, 41.765879470041995 ], [ -7.622693207167525, 41.765879470041995 ], [ -7.622693207167525, 41.766306742567693 ], [ -7.624173639102543, 41.766306742567693 ], [ -7.624173639102543, 41.766734012247902 ], [ -7.625654071037558, 41.766734012247902 ], [ -7.625654071037558, 41.768015804215466 ], [ -7.626394287005067, 41.768015804215466 ], [ -7.626394287005067, 41.770579311321569 ], [ -7.627134502972575, 41.770579311321569 ], [ -7.627134502972575, 41.771861026459831 ], [ -7.627874718940084, 41.771861026459831 ], [ -7.627874718940084, 41.772288259148141 ], [ -7.628614934907592, 41.772288259148141 ], [ -7.628614934907592, 41.77271548899089 ], [ -7.629355150875099, 41.77271548899089 ], [ -7.629355150875099, 41.773142715988065 ], [ -7.630095366842609, 41.773142715988065 ], [ -7.630095366842609, 41.772288259148141 ], [ -7.630835582810118, 41.772288259148141 ], [ -7.630835582810118, 41.771006552546545 ], [ -7.631575798777625, 41.771006552546545 ], [ -7.631575798777625, 41.770579311321569 ], [ -7.632316014745134, 41.770579311321569 ], [ -7.632316014745134, 41.770152067251047 ], [ -7.633796446680151, 41.770152067251047 ], [ -7.633796446680151, 41.769724820335 ], [ -7.63453666264766, 41.769724820335 ], [ -7.63453666264766, 41.7692975705734 ], [ -7.636017094582675, 41.7692975705734 ], [ -7.636017094582675, 41.769724820335 ], [ -7.636757310550183, 41.769724820335 ], [ -7.636757310550183, 41.770152067251047 ], [ -7.637497526517691, 41.770152067251047 ], [ -7.637497526517691, 41.770579311321569 ], [ -7.638237742485201, 41.770579311321569 ], [ -7.638237742485201, 41.771006552546545 ], [ -7.638977958452709, 41.771006552546545 ], [ -7.638977958452709, 41.771861026459831 ], [ -7.639718174420216, 41.771861026459831 ], [ -7.639718174420216, 41.772288259148141 ], [ -7.640458390387725, 41.772288259148141 ], [ -7.640458390387725, 41.77271548899089 ], [ -7.641198606355235, 41.77271548899089 ], [ -7.641198606355235, 41.773142715988065 ], [ -7.641938822322742, 41.773142715988065 ], [ -7.641938822322742, 41.773569940139666 ], [ -7.642679038290251, 41.773569940139666 ], [ -7.642679038290251, 41.773997161445699 ], [ -7.643419254257759, 41.773997161445699 ], [ -7.643419254257759, 41.774424379906144 ], [ -7.644159470225266, 41.774424379906144 ], [ -7.644159470225266, 41.774851595521 ], [ -7.644899686192775, 41.774851595521 ], [ -7.644899686192775, 41.779550779474249 ], [ -7.644159470225266, 41.779550779474249 ], [ -7.644159470225266, 41.780405139563463 ], [ -7.643419254257759, 41.780405139563463 ], [ -7.643419254257759, 41.781259488270059 ], [ -7.642679038290251, 41.781259488270059 ], [ -7.642679038290251, 41.786812477408915 ], [ -7.641938822322742, 41.786812477408915 ], [ -7.641938822322742, 41.78766674074464 ], [ -7.641198606355235, 41.78766674074464 ], [ -7.641198606355235, 41.788520992697428 ], [ -7.641938822322742, 41.788520992697428 ], [ -7.641938822322742, 41.789802349283491 ], [ -7.642679038290251, 41.789802349283491 ], [ -7.642679038290251, 41.790656572778751 ], [ -7.643419254257759, 41.790656572778751 ], [ -7.643419254257759, 41.795781674704308 ], [ -7.642679038290251, 41.795781674704308 ], [ -7.642679038290251, 41.796635818517217 ], [ -7.641938822322742, 41.796635818517217 ], [ -7.641938822322742, 41.797062886154912 ], [ -7.641198606355235, 41.797062886154912 ], [ -7.641198606355235, 41.797917012892796 ], [ -7.640458390387725, 41.797917012892796 ], [ -7.640458390387725, 41.79834407199295 ], [ -7.639718174420216, 41.79834407199295 ], [ -7.639718174420216, 41.798771128247253 ], [ -7.638237742485201, 41.798771128247253 ], [ -7.638237742485201, 41.799198181655704 ], [ -7.636757310550183, 41.799198181655704 ], [ -7.636757310550183, 41.79962523221829 ], [ -7.635276878615166, 41.79962523221829 ], [ -7.635276878615166, 41.803041534267258 ], [ -7.63453666264766, 41.803041534267258 ], [ -7.63453666264766, 41.803895581320518 ], [ -7.633796446680151, 41.803895581320518 ], [ -7.633796446680151, 41.804749616990108 ], [ -7.633056230712642, 41.804749616990108 ], [ -7.633056230712642, 41.805176630556019 ], [ -7.632316014745134, 41.805176630556019 ], [ -7.632316014745134, 41.805603641275994 ], [ -7.627134502972575, 41.805603641275994 ], [ -7.627134502972575, 41.805176630556019 ], [ -7.626394287005067, 41.805176630556019 ], [ -7.626394287005067, 41.804322600578267 ], [ -7.624913855070049, 41.804322600578267 ], [ -7.624913855070049, 41.805176630556019 ], [ -7.624173639102543, 41.805176630556019 ], [ -7.624173639102543, 41.805603641275994 ], [ -7.623433423135034, 41.805603641275994 ], [ -7.623433423135034, 41.806030649150038 ], [ -7.622693207167525, 41.806030649150038 ], [ -7.622693207167525, 41.806457654178125 ], [ -7.621952991200017, 41.806457654178125 ], [ -7.621952991200017, 41.806884656360282 ], [ -7.621212775232508, 41.806884656360282 ], [ -7.621212775232508, 41.807311655696488 ], [ -7.620472559265001, 41.807311655696488 ], [ -7.620472559265001, 41.807738652186728 ], [ -7.618251911362474, 41.807738652186728 ], [ -7.618251911362474, 41.807311655696488 ], [ -7.616771479427458, 41.807311655696488 ], [ -7.616771479427458, 41.806884656360282 ], [ -7.61603126345995, 41.806884656360282 ], [ -7.61603126345995, 41.806457654178125 ], [ -7.610849751687391, 41.806457654178125 ], [ -7.610849751687391, 41.806884656360282 ] ] ], [ [ [ -7.522023835586391, 41.780832315339595 ], [ -7.521283619618884, 41.780832315339595 ], [ -7.521283619618884, 41.776133225292 ], [ -7.522023835586391, 41.776133225292 ], [ -7.522023835586391, 41.775706018213931 ], [ -7.5227640515539, 41.775706018213931 ], [ -7.5227640515539, 41.77527880829026 ], [ -7.523504267521408, 41.77527880829026 ], [ -7.523504267521408, 41.774851595521 ], [ -7.524244483488917, 41.774851595521 ], [ -7.524244483488917, 41.774424379906144 ], [ -7.524984699456426, 41.774424379906144 ], [ -7.524984699456426, 41.773997161445699 ], [ -7.525724915423933, 41.773997161445699 ], [ -7.525724915423933, 41.773569940139666 ], [ -7.526465131391442, 41.773569940139666 ], [ -7.526465131391442, 41.769724820335 ], [ -7.527205347358951, 41.769724820335 ], [ -7.527205347358951, 41.767588543071788 ], [ -7.527945563326458, 41.767588543071788 ], [ -7.527945563326458, 41.767161279082593 ], [ -7.529425995261475, 41.767161279082593 ], [ -7.529425995261475, 41.766734012247902 ], [ -7.530906427196491, 41.766734012247902 ], [ -7.530906427196491, 41.766306742567693 ], [ -7.531646643164001, 41.766306742567693 ], [ -7.531646643164001, 41.765879470041995 ], [ -7.532386859131508, 41.765879470041995 ], [ -7.532386859131508, 41.765452194670814 ], [ -7.533127075099017, 41.765452194670814 ], [ -7.533127075099017, 41.764597635391979 ], [ -7.533867291066525, 41.764597635391979 ], [ -7.533867291066525, 41.764170351484346 ], [ -7.534607507034033, 41.764170351484346 ], [ -7.534607507034033, 41.763315775132668 ], [ -7.535347723001542, 41.763315775132668 ], [ -7.535347723001542, 41.762461187399133 ], [ -7.538308586871575, 41.762461187399133 ], [ -7.538308586871575, 41.762888482688624 ], [ -7.540529234774099, 41.762888482688624 ], [ -7.540529234774099, 41.763315775132668 ], [ -7.542749882676626, 41.763315775132668 ], [ -7.542749882676626, 41.763743064731237 ], [ -7.545710746546659, 41.763743064731237 ], [ -7.545710746546659, 41.764170351484346 ], [ -7.547191178481675, 41.764170351484346 ], [ -7.547191178481675, 41.765024916454131 ], [ -7.547931394449183, 41.765024916454131 ], [ -7.547931394449183, 41.766734012247902 ], [ -7.54867161041669, 41.766734012247902 ], [ -7.54867161041669, 41.7692975705734 ], [ -7.547931394449183, 41.7692975705734 ], [ -7.547931394449183, 41.771006552546545 ], [ -7.547191178481675, 41.771006552546545 ], [ -7.547191178481675, 41.77271548899089 ], [ -7.546450962514166, 41.77271548899089 ], [ -7.546450962514166, 41.774851595521 ], [ -7.545710746546659, 41.774851595521 ], [ -7.545710746546659, 41.77527880829026 ], [ -7.54497053057915, 41.77527880829026 ], [ -7.54497053057915, 41.775706018213931 ], [ -7.544230314611642, 41.775706018213931 ], [ -7.544230314611642, 41.776133225292 ], [ -7.543490098644135, 41.776133225292 ], [ -7.543490098644135, 41.7769876309113 ], [ -7.542749882676626, 41.7769876309113 ], [ -7.542749882676626, 41.777414829452525 ], [ -7.542009666709117, 41.777414829452525 ], [ -7.542009666709117, 41.777842025148132 ], [ -7.537568370904066, 41.777842025148132 ], [ -7.537568370904066, 41.777414829452525 ], [ -7.534607507034033, 41.777414829452525 ], [ -7.534607507034033, 41.7769876309113 ], [ -7.531646643164001, 41.7769876309113 ], [ -7.531646643164001, 41.780405139563463 ], [ -7.530906427196491, 41.780405139563463 ], [ -7.530906427196491, 41.782540989987446 ], [ -7.529425995261475, 41.782540989987446 ], [ -7.529425995261475, 41.782968151535236 ], [ -7.527205347358951, 41.782968151535236 ], [ -7.527205347358951, 41.783395310237324 ], [ -7.524244483488917, 41.783395310237324 ], [ -7.524244483488917, 41.782968151535236 ], [ -7.523504267521408, 41.782968151535236 ], [ -7.523504267521408, 41.782540989987446 ], [ -7.5227640515539, 41.782540989987446 ], [ -7.5227640515539, 41.781686658354857 ], [ -7.522023835586391, 41.781686658354857 ], [ -7.522023835586391, 41.780832315339595 ] ] ], [ [ [ 4.452449870795934, 35.883007721304899 ], [ 4.453190086763442, 35.883007721304899 ], [ 4.453190086763442, 35.877437932708382 ], [ 4.452449870795934, 35.877437932708382 ], [ 4.452449870795934, 35.876973765979955 ], [ 4.451709654828425, 35.876973765979955 ], [ 4.451709654828425, 35.876509596531797 ], [ 4.450969438860917, 35.876509596531797 ], [ 4.450969438860917, 35.876045424363902 ], [ 4.450229222893409, 35.876045424363902 ], [ 4.450229222893409, 35.875581249476319 ], [ 4.449489006925901, 35.875581249476319 ], [ 4.449489006925901, 35.875117071869035 ], [ 4.448748790958392, 35.875117071869035 ], [ 4.448748790958392, 35.874652891542084 ], [ 4.448008574990883, 35.874652891542084 ], [ 4.448008574990883, 35.874188708495474 ], [ 4.447268359023375, 35.874188708495474 ], [ 4.447268359023375, 35.873724522729191 ], [ 4.446528143055867, 35.873724522729191 ], [ 4.446528143055867, 35.873260334243312 ], [ 4.445787927088358, 35.873260334243312 ], [ 4.445787927088358, 35.872796143037782 ], [ 4.44504771112085, 35.872796143037782 ], [ 4.44504771112085, 35.872331949112656 ], [ 4.444307495153342, 35.872331949112656 ], [ 4.444307495153342, 35.871867752467956 ], [ 4.442827063218325, 35.871867752467956 ], [ 4.442827063218325, 35.872331949112656 ], [ 4.442086847250817, 35.872331949112656 ], [ 4.442086847250817, 35.873260334243312 ], [ 4.441346631283309, 35.873260334243312 ], [ 4.441346631283309, 35.873724522729191 ], [ 4.4406064153158, 35.873724522729191 ], [ 4.4406064153158, 35.874188708495474 ], [ 4.439866199348292, 35.874188708495474 ], [ 4.439866199348292, 35.874652891542084 ], [ 4.439125983380783, 35.874652891542084 ], [ 4.439125983380783, 35.875117071869035 ], [ 4.438385767413275, 35.875117071869035 ], [ 4.438385767413275, 35.881151168623603 ], [ 4.439125983380783, 35.881151168623603 ], [ 4.439125983380783, 35.881615310873755 ], [ 4.439866199348292, 35.881615310873755 ], [ 4.439866199348292, 35.882543587214421 ], [ 4.4406064153158, 35.882543587214421 ], [ 4.4406064153158, 35.883007721304899 ], [ 4.441346631283309, 35.883007721304899 ], [ 4.441346631283309, 35.883471852675449 ], [ 4.442086847250817, 35.883471852675449 ], [ 4.442086847250817, 35.884400107256724 ], [ 4.442827063218325, 35.884400107256724 ], [ 4.442827063218325, 35.884864230467407 ], [ 4.443567279185833, 35.884864230467407 ], [ 4.443567279185833, 35.885328350958126 ], [ 4.450969438860917, 35.885328350958126 ], [ 4.450969438860917, 35.884400107256724 ], [ 4.451709654828425, 35.884400107256724 ], [ 4.451709654828425, 35.883935981326061 ], [ 4.452449870795934, 35.883935981326061 ], [ 4.452449870795934, 35.883007721304899 ] ] ], [ [ [ 3.750725133598033, 36.187817560404099 ], [ 3.75220556553305, 36.187817560404099 ], [ 3.75220556553305, 36.187355219123539 ], [ 3.753685997468065, 36.187355219123539 ], [ 3.753685997468065, 36.186892875113685 ], [ 3.754426213435575, 36.186892875113685 ], [ 3.754426213435575, 36.185505826708528 ], [ 3.755166429403083, 36.185505826708528 ], [ 3.755166429403083, 36.183656390625785 ], [ 3.755906645370591, 36.183656390625785 ], [ 3.755906645370591, 36.182269284907314 ], [ 3.756646861338099, 36.182269284907314 ], [ 3.756646861338099, 36.180882154626616 ], [ 3.757387077305608, 36.180882154626616 ], [ 3.757387077305608, 36.17903260937846 ], [ 3.756646861338099, 36.17903260937846 ], [ 3.756646861338099, 36.177183020465691 ], [ 3.755906645370591, 36.177183020465691 ], [ 3.755906645370591, 36.175795800126778 ], [ 3.755166429403083, 36.175795800126778 ], [ 3.755166429403083, 36.173946134803117 ], [ 3.754426213435575, 36.173946134803117 ], [ 3.754426213435575, 36.173483711649958 ], [ 3.752945781500558, 36.173483711649958 ], [ 3.752945781500558, 36.173021285767938 ], [ 3.75220556553305, 36.173021285767938 ], [ 3.75220556553305, 36.172558857157064 ], [ 3.751465349565541, 36.172558857157064 ], [ 3.751465349565541, 36.17209642581733 ], [ 3.749984917630524, 36.17209642581733 ], [ 3.749984917630524, 36.171633991748799 ], [ 3.749244701663016, 36.171633991748799 ], [ 3.749244701663016, 36.171171554951435 ], [ 3.748504485695508, 36.171171554951435 ], [ 3.748504485695508, 36.170709115425268 ], [ 3.746283837792983, 36.170709115425268 ], [ 3.746283837792983, 36.171171554951435 ], [ 3.745543621825474, 36.171171554951435 ], [ 3.745543621825474, 36.171633991748799 ], [ 3.744063189890458, 36.171633991748799 ], [ 3.744063189890458, 36.17209642581733 ], [ 3.743322973922949, 36.17209642581733 ], [ 3.743322973922949, 36.172558857157064 ], [ 3.741842541987933, 36.172558857157064 ], [ 3.741842541987933, 36.173021285767938 ], [ 3.740362110052916, 36.173021285767938 ], [ 3.740362110052916, 36.173483711649958 ], [ 3.739621894085408, 36.173483711649958 ], [ 3.739621894085408, 36.173946134803117 ], [ 3.738141462150391, 36.173946134803117 ], [ 3.738141462150391, 36.175333387889239 ], [ 3.737401246182882, 36.175333387889239 ], [ 3.737401246182882, 36.177183020465691 ], [ 3.736661030215375, 36.177183020465691 ], [ 3.736661030215375, 36.17949499978409 ], [ 3.737401246182882, 36.17949499978409 ], [ 3.737401246182882, 36.182731656209292 ], [ 3.738141462150391, 36.182731656209292 ], [ 3.738141462150391, 36.185968178906165 ], [ 3.738881678117899, 36.185968178906165 ], [ 3.738881678117899, 36.186892875113685 ], [ 3.740362110052916, 36.186892875113685 ], [ 3.740362110052916, 36.187355219123539 ], [ 3.741102326020424, 36.187355219123539 ], [ 3.741102326020424, 36.187817560404099 ], [ 3.742582757955441, 36.187817560404099 ], [ 3.742582757955441, 36.188279898955365 ], [ 3.743322973922949, 36.188279898955365 ], [ 3.743322973922949, 36.188742234777301 ], [ 3.744803405857966, 36.188742234777301 ], [ 3.744803405857966, 36.189204567869922 ], [ 3.747764269728, 36.189204567869922 ], [ 3.747764269728, 36.188742234777301 ], [ 3.749244701663016, 36.188742234777301 ], [ 3.749244701663016, 36.188279898955365 ], [ 3.750725133598033, 36.188279898955365 ], [ 3.750725133598033, 36.187817560404099 ] ] ], [ [ [ 3.140787176371165, 36.605575656796958 ], [ 3.141527392338674, 36.605575656796958 ], [ 3.141527392338674, 36.605115793904091 ], [ 3.142267608306182, 36.605115793904091 ], [ 3.142267608306182, 36.604196059893432 ], [ 3.14300782427369, 36.604196059893432 ], [ 3.14300782427369, 36.603736188775677 ], [ 3.143748040241198, 36.603736188775677 ], [ 3.143748040241198, 36.603276314916315 ], [ 3.144488256208707, 36.603276314916315 ], [ 3.144488256208707, 36.600057121136963 ], [ 3.145228472176215, 36.600057121136963 ], [ 3.145228472176215, 36.595917960319227 ], [ 3.144488256208707, 36.595917960319227 ], [ 3.144488256208707, 36.594538190701364 ], [ 3.143748040241198, 36.594538190701364 ], [ 3.143748040241198, 36.593158396411461 ], [ 3.14300782427369, 36.593158396411461 ], [ 3.14300782427369, 36.592238519845012 ], [ 3.141527392338674, 36.592238519845012 ], [ 3.141527392338674, 36.591778577449873 ], [ 3.140046960403657, 36.591778577449873 ], [ 3.140046960403657, 36.591318632313481 ], [ 3.13856652846864, 36.591318632313481 ], [ 3.13856652846864, 36.590858684435844 ], [ 3.136345880566116, 36.590858684435844 ], [ 3.136345880566116, 36.591318632313481 ], [ 3.134865448631099, 36.591318632313481 ], [ 3.134865448631099, 36.591778577449873 ], [ 3.132644800728573, 36.591778577449873 ], [ 3.132644800728573, 36.592238519845012 ], [ 3.131164368793557, 36.592238519845012 ], [ 3.131164368793557, 36.592698459498877 ], [ 3.12968393685854, 36.592698459498877 ], [ 3.12968393685854, 36.593158396411461 ], [ 3.128943720891032, 36.593158396411461 ], [ 3.128943720891032, 36.594998116648675 ], [ 3.128203504923524, 36.594998116648675 ], [ 3.128203504923524, 36.598677425537396 ], [ 3.127463288956015, 36.598677425537396 ], [ 3.127463288956015, 36.599137326812055 ], [ 3.128203504923524, 36.599137326812055 ], [ 3.128203504923524, 36.600517014187183 ], [ 3.128943720891032, 36.600517014187183 ], [ 3.128943720891032, 36.602356558972815 ], [ 3.12968393685854, 36.602356558972815 ], [ 3.12968393685854, 36.603736188775677 ], [ 3.130424152826048, 36.603736188775677 ], [ 3.130424152826048, 36.605115793904091 ], [ 3.131164368793557, 36.605115793904091 ], [ 3.131164368793557, 36.605575656796958 ], [ 3.132644800728573, 36.605575656796958 ], [ 3.132644800728573, 36.606035516948175 ], [ 3.134865448631099, 36.606035516948175 ], [ 3.134865448631099, 36.606495374357721 ], [ 3.137086096533624, 36.606495374357721 ], [ 3.137086096533624, 36.60695522902558 ], [ 3.139306744436149, 36.60695522902558 ], [ 3.139306744436149, 36.606495374357721 ], [ 3.140046960403657, 36.606495374357721 ], [ 3.140046960403657, 36.606035516948175 ], [ 3.140787176371165, 36.606035516948175 ], [ 3.140787176371165, 36.605575656796958 ] ] ], [ [ [ 4.666372285405842, 36.707138076731994 ], [ 4.66711250137335, 36.707138076731994 ], [ 4.66711250137335, 36.706219560656734 ], [ 4.667852717340859, 36.706219560656734 ], [ 4.667852717340859, 36.705760298502277 ], [ 4.668592933308368, 36.705760298502277 ], [ 4.668592933308368, 36.704841765959777 ], [ 4.669333149275875, 36.704841765959777 ], [ 4.669333149275875, 36.704382495571764 ], [ 4.670073365243384, 36.704382495571764 ], [ 4.670073365243384, 36.703463946562266 ], [ 4.670813581210892, 36.703463946562266 ], [ 4.670813581210892, 36.702545386574911 ], [ 4.6715537971784, 36.702545386574911 ], [ 4.6715537971784, 36.698871036848878 ], [ 4.670813581210892, 36.698871036848878 ], [ 4.670813581210892, 36.697493110419714 ], [ 4.670073365243384, 36.697493110419714 ], [ 4.670073365243384, 36.696574479078762 ], [ 4.669333149275875, 36.696574479078762 ], [ 4.669333149275875, 36.695655836760729 ], [ 4.668592933308368, 36.695655836760729 ], [ 4.668592933308368, 36.695196511485349 ], [ 4.667852717340859, 36.695196511485349 ], [ 4.667852717340859, 36.694277852701887 ], [ 4.663411421535809, 36.694277852701887 ], [ 4.663411421535809, 36.693818519193854 ], [ 4.656749477828233, 36.693818519193854 ], [ 4.656749477828233, 36.693359182941606 ], [ 4.654528829925709, 36.693359182941606 ], [ 4.654528829925709, 36.693818519193854 ], [ 4.6537886139582, 36.693818519193854 ], [ 4.6537886139582, 36.694277852701887 ], [ 4.653048397990692, 36.694277852701887 ], [ 4.653048397990692, 36.695196511485349 ], [ 4.652308182023184, 36.695196511485349 ], [ 4.652308182023184, 36.696115159291878 ], [ 4.651567966055675, 36.696115159291878 ], [ 4.651567966055675, 36.702545386574911 ], [ 4.652308182023184, 36.702545386574911 ], [ 4.652308182023184, 36.707138076731994 ], [ 4.653048397990692, 36.707138076731994 ], [ 4.653048397990692, 36.708056581828956 ], [ 4.6537886139582, 36.708056581828956 ], [ 4.6537886139582, 36.708515830260559 ], [ 4.654528829925709, 36.708515830260559 ], [ 4.654528829925709, 36.709434318889897 ], [ 4.664891853470825, 36.709434318889897 ], [ 4.664891853470825, 36.708515830260559 ], [ 4.665632069438333, 36.708515830260559 ], [ 4.665632069438333, 36.708056581828956 ], [ 4.666372285405842, 36.708056581828956 ], [ 4.666372285405842, 36.707138076731994 ] ] ], [ [ [ -3.743221321456344, 39.944543091108599 ], [ -3.743221321456344, 39.944103904206173 ], [ -3.741740889521328, 39.944103904206173 ], [ -3.741740889521328, 39.943664714484513 ], [ -3.741000673553819, 39.943664714484513 ], [ -3.741000673553819, 39.943225521943617 ], [ -3.739520241618802, 39.943225521943617 ], [ -3.739520241618802, 39.942786326583487 ], [ -3.738780025651294, 39.942786326583487 ], [ -3.738780025651294, 39.942347128404151 ], [ -3.738039809683786, 39.942347128404151 ], [ -3.738039809683786, 39.940590307494809 ], [ -3.737299593716278, 39.940590307494809 ], [ -3.737299593716278, 39.938394217926707 ], [ -3.736559377748769, 39.938394217926707 ], [ -3.736559377748769, 39.93531957412776 ], [ -3.737299593716278, 39.93531957412776 ], [ -3.737299593716278, 39.933123315412963 ], [ -3.738039809683786, 39.933123315412963 ], [ -3.738039809683786, 39.931366257698258 ], [ -3.738780025651294, 39.931366257698258 ], [ -3.738780025651294, 39.93048771192678 ], [ -3.739520241618802, 39.93048771192678 ], [ -3.739520241618802, 39.930048434812555 ], [ -3.740260457586311, 39.930048434812555 ], [ -3.740260457586311, 39.929609154879309 ], [ -3.741000673553819, 39.929609154879309 ], [ -3.741000673553819, 39.929169872127098 ], [ -3.742481105488836, 39.929169872127098 ], [ -3.742481105488836, 39.928730586555908 ], [ -3.743221321456344, 39.928730586555908 ], [ -3.743221321456344, 39.928291298165753 ], [ -3.743961537423853, 39.928291298165753 ], [ -3.743961537423853, 39.928730586555908 ], [ -3.746182185326378, 39.928730586555908 ], [ -3.746182185326378, 39.929169872127098 ], [ -3.747662617261394, 39.929169872127098 ], [ -3.747662617261394, 39.929609154879309 ], [ -3.749143049196411, 39.929609154879309 ], [ -3.749143049196411, 39.930048434812555 ], [ -3.750623481131427, 39.930048434812555 ], [ -3.750623481131427, 39.93048771192678 ], [ -3.751363697098936, 39.93048771192678 ], [ -3.751363697098936, 39.931366257698258 ], [ -3.752103913066444, 39.931366257698258 ], [ -3.752103913066444, 39.934441079099038 ], [ -3.752844129033953, 39.934441079099038 ], [ -3.752844129033953, 39.937076530356116 ], [ -3.753584345001461, 39.937076530356116 ], [ -3.753584345001461, 39.938833441478643 ], [ -3.752844129033953, 39.938833441478643 ], [ -3.752844129033953, 39.940151095219512 ], [ -3.752103913066444, 39.940151095219512 ], [ -3.752103913066444, 39.941468723587867 ], [ -3.751363697098936, 39.941468723587867 ], [ -3.751363697098936, 39.942786326583487 ], [ -3.750623481131427, 39.942786326583487 ], [ -3.750623481131427, 39.943664714484513 ], [ -3.749883265163919, 39.943664714484513 ], [ -3.749883265163919, 39.944103904206173 ], [ -3.748402833228903, 39.944103904206173 ], [ -3.748402833228903, 39.944543091108599 ], [ -3.746922401293885, 39.944543091108599 ], [ -3.746922401293885, 39.944982275191784 ], [ -3.746182185326378, 39.944982275191784 ], [ -3.746182185326378, 39.945421456455712 ], [ -3.745441969358869, 39.945421456455712 ], [ -3.745441969358869, 39.944982275191784 ], [ -3.743961537423853, 39.944982275191784 ], [ -3.743961537423853, 39.944543091108599 ], [ -3.743221321456344, 39.944543091108599 ] ] ], [ [ [ -3.468601197510752, 40.253030605299436 ], [ -3.468601197510752, 40.252156201901066 ], [ -3.467860981543244, 40.252156201901066 ], [ -3.467860981543244, 40.250844575619915 ], [ -3.467120765575736, 40.250844575619915 ], [ -3.467120765575736, 40.249970143976832 ], [ -3.466380549608227, 40.249970143976832 ], [ -3.466380549608227, 40.249095701035969 ], [ -3.465640333640719, 40.249095701035969 ], [ -3.465640333640719, 40.247784015441454 ], [ -3.46490011767321, 40.247784015441454 ], [ -3.46490011767321, 40.247346781261115 ], [ -3.463419685738194, 40.247346781261115 ], [ -3.463419685738194, 40.247784015441454 ], [ -3.461939253803177, 40.247784015441454 ], [ -3.461939253803177, 40.248221246797378 ], [ -3.460458821868161, 40.248221246797378 ], [ -3.460458821868161, 40.248658475328888 ], [ -3.458978389933144, 40.248658475328888 ], [ -3.458978389933144, 40.248221246797378 ], [ -3.458238173965635, 40.248221246797378 ], [ -3.458238173965635, 40.246909544256376 ], [ -3.457497957998127, 40.246909544256376 ], [ -3.457497957998127, 40.246035061773718 ], [ -3.456757742030619, 40.246035061773718 ], [ -3.456757742030619, 40.244723316866896 ], [ -3.45601752606311, 40.244723316866896 ], [ -3.45601752606311, 40.242099750795745 ], [ -3.456757742030619, 40.242099750795745 ], [ -3.456757742030619, 40.241225206177418 ], [ -3.457497957998127, 40.241225206177418 ], [ -3.457497957998127, 40.23991336806769 ], [ -3.458238173965635, 40.23991336806769 ], [ -3.458238173965635, 40.239038795206454 ], [ -3.458978389933144, 40.239038795206454 ], [ -3.458978389933144, 40.238601504539439 ], [ -3.464159901705703, 40.238601504539439 ], [ -3.464159901705703, 40.239038795206454 ], [ -3.46490011767321, 40.239038795206454 ], [ -3.46490011767321, 40.23991336806769 ], [ -3.465640333640719, 40.23991336806769 ], [ -3.465640333640719, 40.239038795206454 ], [ -3.466380549608227, 40.239038795206454 ], [ -3.466380549608227, 40.238164211048165 ], [ -3.467120765575736, 40.238164211048165 ], [ -3.467120765575736, 40.237726914732633 ], [ -3.467860981543244, 40.237726914732633 ], [ -3.467860981543244, 40.237289615592864 ], [ -3.469341413478261, 40.237289615592864 ], [ -3.469341413478261, 40.236852313628852 ], [ -3.470081629445768, 40.236852313628852 ], [ -3.470081629445768, 40.236415008840616 ], [ -3.471562061380785, 40.236415008840616 ], [ -3.471562061380785, 40.235977701228158 ], [ -3.474522925250819, 40.235977701228158 ], [ -3.474522925250819, 40.236415008840616 ], [ -3.47822400508836, 40.236415008840616 ], [ -3.47822400508836, 40.236852313628852 ], [ -3.481184868958394, 40.236852313628852 ], [ -3.481184868958394, 40.237289615592864 ], [ -3.481925084925902, 40.237289615592864 ], [ -3.481925084925902, 40.237726914732633 ], [ -3.482665300893411, 40.237726914732633 ], [ -3.482665300893411, 40.238601504539439 ], [ -3.483405516860918, 40.238601504539439 ], [ -3.483405516860918, 40.239476083049205 ], [ -3.484145732828428, 40.239476083049205 ], [ -3.484145732828428, 40.2407879296318 ], [ -3.484885948795936, 40.2407879296318 ], [ -3.484885948795936, 40.243411546540848 ], [ -3.485626164763444, 40.243411546540848 ], [ -3.485626164763444, 40.248221246797378 ], [ -3.484885948795936, 40.248221246797378 ], [ -3.484885948795936, 40.249970143976832 ], [ -3.484145732828428, 40.249970143976832 ], [ -3.484145732828428, 40.251281787204768 ], [ -3.483405516860918, 40.251281787204768 ], [ -3.483405516860918, 40.251718995965156 ], [ -3.482665300893411, 40.251718995965156 ], [ -3.482665300893411, 40.252156201901066 ], [ -3.481184868958394, 40.252156201901066 ], [ -3.481184868958394, 40.252593405012497 ], [ -3.479704437023377, 40.252593405012497 ], [ -3.479704437023377, 40.253030605299436 ], [ -3.478964221055869, 40.253030605299436 ], [ -3.478964221055869, 40.253467802761868 ], [ -3.477483789120852, 40.253467802761868 ], [ -3.477483789120852, 40.253904997399822 ], [ -3.470821845413277, 40.253904997399822 ], [ -3.470821845413277, 40.253467802761868 ], [ -3.469341413478261, 40.253467802761868 ], [ -3.469341413478261, 40.253030605299436 ], [ -3.468601197510752, 40.253030605299436 ] ] ], [ [ [ 1.667017185062072, 41.319546424455204 ], [ 1.667017185062072, 41.318685952030009 ], [ 1.66775740102958, 41.318685952030009 ], [ 1.66775740102958, 41.318255711557249 ], [ 1.668497616997088, 41.318255711557249 ], [ 1.668497616997088, 41.317395222091427 ], [ 1.669237832964597, 41.317395222091427 ], [ 1.669237832964597, 41.316534721265214 ], [ 1.669978048932105, 41.316534721265214 ], [ 1.669978048932105, 41.315674209078693 ], [ 1.670718264899614, 41.315674209078693 ], [ 1.670718264899614, 41.314383419498391 ], [ 1.669978048932105, 41.314383419498391 ], [ 1.669978048932105, 41.308359396826262 ], [ 1.669237832964597, 41.308359396826262 ], [ 1.669237832964597, 41.307929088192537 ], [ 1.668497616997088, 41.307929088192537 ], [ 1.668497616997088, 41.307068462405169 ], [ 1.66775740102958, 41.307068462405169 ], [ 1.66775740102958, 41.306207825257957 ], [ 1.667017185062072, 41.306207825257957 ], [ 1.667017185062072, 41.305777502424441 ], [ 1.661835673289513, 41.305777502424441 ], [ 1.661835673289513, 41.306207825257957 ], [ 1.659615025386988, 41.306207825257957 ], [ 1.659615025386988, 41.306638145251547 ], [ 1.65887480941948, 41.306638145251547 ], [ 1.65887480941948, 41.30749877671883 ], [ 1.658134593451972, 41.30749877671883 ], [ 1.658134593451972, 41.307929088192537 ], [ 1.657394377484463, 41.307929088192537 ], [ 1.657394377484463, 41.308359396826262 ], [ 1.656654161516955, 41.308359396826262 ], [ 1.656654161516955, 41.308789702620011 ], [ 1.655913945549446, 41.308789702620011 ], [ 1.655913945549446, 41.309650305687569 ], [ 1.655173729581938, 41.309650305687569 ], [ 1.655173729581938, 41.317395222091427 ], [ 1.655913945549446, 41.317395222091427 ], [ 1.655913945549446, 41.318255711557249 ], [ 1.656654161516955, 41.318255711557249 ], [ 1.656654161516955, 41.318685952030009 ], [ 1.657394377484463, 41.318685952030009 ], [ 1.657394377484463, 41.319546424455204 ], [ 1.658134593451972, 41.319546424455204 ], [ 1.658134593451972, 41.319976656407619 ], [ 1.659615025386988, 41.319976656407619 ], [ 1.659615025386988, 41.320406885519908 ], [ 1.66331610522453, 41.320406885519908 ], [ 1.66331610522453, 41.320837111792073 ], [ 1.665536753127055, 41.320837111792073 ], [ 1.665536753127055, 41.320406885519908 ], [ 1.666276969094563, 41.320406885519908 ], [ 1.666276969094563, 41.319546424455204 ], [ 1.667017185062072, 41.319546424455204 ] ] ], [ [ [ 0.18362438617537, 41.931447529982364 ], [ 0.184364602142878, 41.931447529982364 ], [ 0.184364602142878, 41.931021359016711 ], [ 0.185845034077895, 41.931021359016711 ], [ 0.185845034077895, 41.93059518520375 ], [ 0.187325466012912, 41.93059518520375 ], [ 0.187325466012912, 41.930169008543487 ], [ 0.18806568198042, 41.930169008543487 ], [ 0.18806568198042, 41.92761188878891 ], [ 0.188805897947928, 41.92761188878891 ], [ 0.188805897947928, 41.923349794750358 ], [ 0.18806568198042, 41.923349794750358 ], [ 0.18806568198042, 41.92207111101775 ], [ 0.187325466012912, 41.92207111101775 ], [ 0.187325466012912, 41.920792401660272 ], [ 0.186585250045403, 41.920792401660272 ], [ 0.186585250045403, 41.919939914519318 ], [ 0.185845034077895, 41.919939914519318 ], [ 0.185845034077895, 41.918661162453994 ], [ 0.185104818110386, 41.918661162453994 ], [ 0.185104818110386, 41.917808646841237 ], [ 0.18362438617537, 41.917808646841237 ], [ 0.18362438617537, 41.917382384764132 ], [ 0.182884170207862, 41.917382384764132 ], [ 0.182884170207862, 41.916956119839853 ], [ 0.182143954240353, 41.916956119839853 ], [ 0.182143954240353, 41.916529852068429 ], [ 0.179923306337828, 41.916529852068429 ], [ 0.179923306337828, 41.916956119839853 ], [ 0.17918309037032, 41.916956119839853 ], [ 0.17918309037032, 41.917382384764132 ], [ 0.177702658435303, 41.917382384764132 ], [ 0.177702658435303, 41.917808646841237 ], [ 0.176962442467795, 41.917808646841237 ], [ 0.176962442467795, 41.918234906071213 ], [ 0.176222226500287, 41.918234906071213 ], [ 0.176222226500287, 41.918661162453994 ], [ 0.175482010532778, 41.918661162453994 ], [ 0.175482010532778, 41.919087415989608 ], [ 0.174001578597761, 41.919087415989608 ], [ 0.174001578597761, 41.919513666678057 ], [ 0.173261362630253, 41.919513666678057 ], [ 0.173261362630253, 41.919939914519318 ], [ 0.172521146662745, 41.919939914519318 ], [ 0.172521146662745, 41.920366159513392 ], [ 0.171780930695237, 41.920366159513392 ], [ 0.171780930695237, 41.920792401660272 ], [ 0.172521146662745, 41.920792401660272 ], [ 0.172521146662745, 41.925907085340441 ], [ 0.173261362630253, 41.925907085340441 ], [ 0.173261362630253, 41.92931664668108 ], [ 0.174001578597761, 41.92931664668108 ], [ 0.174001578597761, 41.929742829035931 ], [ 0.17474179456527, 41.929742829035931 ], [ 0.17474179456527, 41.930169008543487 ], [ 0.175482010532778, 41.930169008543487 ], [ 0.175482010532778, 41.93059518520375 ], [ 0.176222226500287, 41.93059518520375 ], [ 0.176222226500287, 41.931021359016711 ], [ 0.176962442467795, 41.931021359016711 ], [ 0.176962442467795, 41.931447529982364 ], [ 0.178442874402812, 41.931447529982364 ], [ 0.178442874402812, 41.931873698100702 ], [ 0.17918309037032, 41.931873698100702 ], [ 0.17918309037032, 41.932299863371739 ], [ 0.179923306337828, 41.932299863371739 ], [ 0.179923306337828, 41.932726025795461 ], [ 0.180663522305336, 41.932726025795461 ], [ 0.180663522305336, 41.932299863371739 ], [ 0.182143954240353, 41.932299863371739 ], [ 0.182143954240353, 41.931873698100702 ], [ 0.18362438617537, 41.931873698100702 ], [ 0.18362438617537, 41.931447529982364 ] ] ], [ [ [ -0.862300775913907, 42.836503648241624 ], [ -0.862300775913907, 42.836083577016382 ], [ -0.86082034397889, 42.836083577016382 ], [ -0.86082034397889, 42.835663502935589 ], [ -0.860080128011381, 42.835663502935589 ], [ -0.860080128011381, 42.834823346207365 ], [ -0.859339912043873, 42.834823346207365 ], [ -0.859339912043873, 42.833983178056961 ], [ -0.858599696076365, 42.833983178056961 ], [ -0.858599696076365, 42.833142998484391 ], [ -0.857859480108856, 42.833142998484391 ], [ -0.857859480108856, 42.828521806665343 ], [ -0.858599696076365, 42.828521806665343 ], [ -0.858599696076365, 42.82810168118511 ], [ -0.859339912043873, 42.82810168118511 ], [ -0.859339912043873, 42.827681552849377 ], [ -0.860080128011381, 42.827681552849377 ], [ -0.860080128011381, 42.827261421658157 ], [ -0.86082034397889, 42.827261421658157 ], [ -0.86082034397889, 42.826841287611437 ], [ -0.861560559946398, 42.826841287611437 ], [ -0.861560559946398, 42.826421150709237 ], [ -0.862300775913907, 42.826421150709237 ], [ -0.862300775913907, 42.826001010951565 ], [ -0.863040991881415, 42.826001010951565 ], [ -0.863040991881415, 42.822219624636283 ], [ -0.863781207848923, 42.822219624636283 ], [ -0.863781207848923, 42.821799456323959 ], [ -0.864521423816431, 42.821799456323959 ], [ -0.864521423816431, 42.820959111132971 ], [ -0.86526163978394, 42.820959111132971 ], [ -0.86526163978394, 42.820118754520223 ], [ -0.866001855751448, 42.820118754520223 ], [ -0.866001855751448, 42.819698571930701 ], [ -0.866742071718956, 42.819698571930701 ], [ -0.866742071718956, 42.818858198185353 ], [ -0.867482287686465, 42.818858198185353 ], [ -0.867482287686465, 42.818438007029542 ], [ -0.875624663329057, 42.818438007029542 ], [ -0.875624663329057, 42.818017813018308 ], [ -0.879325743166598, 42.818017813018308 ], [ -0.879325743166598, 42.817597616151659 ], [ -0.880065959134107, 42.817597616151659 ], [ -0.880065959134107, 42.817177416429587 ], [ -0.880806175101615, 42.817177416429587 ], [ -0.880806175101615, 42.816757213852114 ], [ -0.881546391069123, 42.816757213852114 ], [ -0.881546391069123, 42.816337008419225 ], [ -0.882286607036631, 42.816337008419225 ], [ -0.882286607036631, 42.815916800130942 ], [ -0.884507254939156, 42.815916800130942 ], [ -0.884507254939156, 42.816337008419225 ], [ -0.885247470906665, 42.816337008419225 ], [ -0.885247470906665, 42.816757213852114 ], [ -0.886727902841681, 42.816757213852114 ], [ -0.886727902841681, 42.817177416429587 ], [ -0.88746811880919, 42.817177416429587 ], [ -0.88746811880919, 42.818017813018308 ], [ -0.888208334776698, 42.818017813018308 ], [ -0.888208334776698, 42.819278386485735 ], [ -0.888948550744206, 42.819278386485735 ], [ -0.888948550744206, 42.820538934254316 ], [ -0.889688766711715, 42.820538934254316 ], [ -0.889688766711715, 42.821799456323959 ], [ -0.890428982679223, 42.821799456323959 ], [ -0.890428982679223, 42.823059952694585 ], [ -0.891169198646731, 42.823059952694585 ], [ -0.891169198646731, 42.830622391233995 ], [ -0.890428982679223, 42.830622391233995 ], [ -0.890428982679223, 42.831462605072886 ], [ -0.889688766711715, 42.831462605072886 ], [ -0.889688766711715, 42.832722904414801 ], [ -0.888948550744206, 42.832722904414801 ], [ -0.888948550744206, 42.833563089698444 ], [ -0.888208334776698, 42.833563089698444 ], [ -0.888208334776698, 42.834403263559935 ], [ -0.88746811880919, 42.834403263559935 ], [ -0.88746811880919, 42.835663502935589 ], [ -0.886727902841681, 42.835663502935589 ], [ -0.886727902841681, 42.836503648241624 ], [ -0.885987686874173, 42.836503648241624 ], [ -0.885987686874173, 42.837343782125402 ], [ -0.864521423816431, 42.837343782125402 ], [ -0.864521423816431, 42.836923716611288 ], [ -0.863040991881415, 42.836923716611288 ], [ -0.863040991881415, 42.836503648241624 ], [ -0.862300775913907, 42.836503648241624 ] ] ] ] } }
]
}
