{
"type": "FeatureCollection",
"name": "spain_fires_nrt_ba",
"crs": { "type": "name", "properties": { "name": "urn:ogc:def:crs:OGC:1.3:CRS84" } },
"features": [
{ "type": "Feature", "properties": { }, "geometry": { "type": "MultiPolygon", "coordinates": [ [ [ [ -1.339740074956782, 35.31755068166477 ], [ -1.339740074956782, 35.31661582869917 ], [ -1.338999858989274, 35.31661582869917 ], [ -1.338999858989274, 35.316148398163833 ], [ -1.338259643021765, 35.316148398163833 ], [ -1.338259643021765, 35.315213528988217 ], [ -1.337519427054257, 35.315213528988217 ], [ -1.337519427054257, 35.314746090347946 ], [ -1.336779211086749, 35.314746090347946 ], [ -1.336779211086749, 35.31427864900607 ], [ -1.33603899511924, 35.31427864900607 ], [ -1.33603899511924, 35.309136615943153 ], [ -1.336779211086749, 35.309136615943153 ], [ -1.336779211086749, 35.308201665721619 ], [ -1.337519427054257, 35.308201665721619 ], [ -1.337519427054257, 35.307266704694499 ], [ -1.338259643021765, 35.307266704694499 ], [ -1.338259643021765, 35.306799220128873 ], [ -1.338999858989274, 35.306799220128873 ], [ -1.338999858989274, 35.305864242893584 ], [ -1.339740074956782, 35.305864242893584 ], [ -1.339740074956782, 35.305396750223949 ], [ -1.342700938826815, 35.305396750223949 ], [ -1.342700938826815, 35.304929254853015 ], [ -1.345661802696849, 35.304929254853015 ], [ -1.345661802696849, 35.304461756780782 ], [ -1.347142234631865, 35.304461756780782 ], [ -1.347142234631865, 35.304929254853015 ], [ -1.347882450599374, 35.304929254853015 ], [ -1.347882450599374, 35.305396750223949 ], [ -1.348622666566882, 35.305396750223949 ], [ -1.348622666566882, 35.306799220128873 ], [ -1.34936288253439, 35.306799220128873 ], [ -1.34936288253439, 35.307734186558754 ], [ -1.350103098501899, 35.307734186558754 ], [ -1.350103098501899, 35.308669142183099 ], [ -1.350843314469407, 35.308669142183099 ], [ -1.350843314469407, 35.311006483968946 ], [ -1.350103098501899, 35.311006483968946 ], [ -1.350103098501899, 35.313343758217513 ], [ -1.34936288253439, 35.313343758217513 ], [ -1.34936288253439, 35.315213528988217 ], [ -1.348622666566882, 35.315213528988217 ], [ -1.348622666566882, 35.316148398163833 ], [ -1.347882450599374, 35.316148398163833 ], [ -1.347882450599374, 35.317083256532818 ], [ -1.347142234631865, 35.317083256532818 ], [ -1.347142234631865, 35.31755068166477 ], [ -1.346402018664357, 35.31755068166477 ], [ -1.346402018664357, 35.31848552382354 ], [ -1.341220506891799, 35.31848552382354 ], [ -1.341220506891799, 35.318018104095017 ], [ -1.34048029092429, 35.318018104095017 ], [ -1.34048029092429, 35.31755068166477 ], [ -1.339740074956782, 35.31755068166477 ] ] ], [ [ [ -0.267907354004714, 35.53507655783536 ], [ -0.267907354004714, 35.5299485996741 ], [ -0.268647569972222, 35.5299485996741 ], [ -0.268647569972222, 35.529482405407087 ], [ -0.269387785939731, 35.529482405407087 ], [ -0.269387785939731, 35.529016208431422 ], [ -0.270128001907239, 35.529016208431422 ], [ -0.270128001907239, 35.528550008747118 ], [ -0.270868217874747, 35.528550008747118 ], [ -0.270868217874747, 35.528083806354168 ], [ -0.271608433842256, 35.528083806354168 ], [ -0.271608433842256, 35.527617601252622 ], [ -0.272348649809764, 35.527617601252622 ], [ -0.272348649809764, 35.527151393442459 ], [ -0.273088865777272, 35.527151393442459 ], [ -0.273088865777272, 35.526685182923728 ], [ -0.273829081744781, 35.526685182923728 ], [ -0.273829081744781, 35.52621896969643 ], [ -0.274569297712289, 35.52621896969643 ], [ -0.274569297712289, 35.525752753760564 ], [ -0.275309513679797, 35.525752753760564 ], [ -0.275309513679797, 35.525286535116166 ], [ -0.276049729647306, 35.525286535116166 ], [ -0.276049729647306, 35.524820313763243 ], [ -0.277530161582322, 35.524820313763243 ], [ -0.277530161582322, 35.524354089701824 ], [ -0.278270377549831, 35.524354089701824 ], [ -0.278270377549831, 35.523887862931907 ], [ -0.279750809484847, 35.523887862931907 ], [ -0.279750809484847, 35.524354089701824 ], [ -0.281231241419864, 35.524354089701824 ], [ -0.281231241419864, 35.524820313763243 ], [ -0.281971457387372, 35.524820313763243 ], [ -0.281971457387372, 35.525286535116166 ], [ -0.282711673354881, 35.525286535116166 ], [ -0.282711673354881, 35.525752753760564 ], [ -0.283451889322389, 35.525752753760564 ], [ -0.283451889322389, 35.528550008747118 ], [ -0.284192105289897, 35.528550008747118 ], [ -0.284192105289897, 35.532279530378716 ], [ -0.283451889322389, 35.532279530378716 ], [ -0.283451889322389, 35.53321188369943 ], [ -0.282711673354881, 35.53321188369943 ], [ -0.282711673354881, 35.533678056296615 ], [ -0.281971457387372, 35.533678056296615 ], [ -0.281971457387372, 35.534610393364595 ], [ -0.281231241419864, 35.534610393364595 ], [ -0.281231241419864, 35.53507655783536 ], [ -0.280491025452356, 35.53507655783536 ], [ -0.280491025452356, 35.536008878650335 ], [ -0.279750809484847, 35.536008878650335 ], [ -0.279750809484847, 35.536475034994524 ], [ -0.276789945614814, 35.536475034994524 ], [ -0.276789945614814, 35.536941188629832 ], [ -0.273088865777272, 35.536941188629832 ], [ -0.273088865777272, 35.537407339556246 ], [ -0.270128001907239, 35.537407339556246 ], [ -0.270128001907239, 35.536941188629832 ], [ -0.269387785939731, 35.536941188629832 ], [ -0.269387785939731, 35.536008878650335 ], [ -0.268647569972222, 35.536008878650335 ], [ -0.268647569972222, 35.53507655783536 ], [ -0.267907354004714, 35.53507655783536 ] ] ], [ [ [ -0.934841940729723, 35.573758764450957 ], [ -0.934841940729723, 35.57282688256965 ], [ -0.934101724762215, 35.57282688256965 ], [ -0.934101724762215, 35.572360937563893 ], [ -0.933361508794706, 35.572360937563893 ], [ -0.933361508794706, 35.571894989848083 ], [ -0.932621292827198, 35.571894989848083 ], [ -0.932621292827198, 35.570963086286405 ], [ -0.93188107685969, 35.570963086286405 ], [ -0.93188107685969, 35.570497130440543 ], [ -0.931140860892182, 35.570497130440543 ], [ -0.931140860892182, 35.5700311718847 ], [ -0.930400644924673, 35.5700311718847 ], [ -0.930400644924673, 35.56909924664312 ], [ -0.929660428957165, 35.56909924664312 ], [ -0.929660428957165, 35.563507467562687 ], [ -0.928920212989657, 35.563507467562687 ], [ -0.928920212989657, 35.56257546644526 ], [ -0.929660428957165, 35.56257546644526 ], [ -0.929660428957165, 35.56164345448888 ], [ -0.930400644924673, 35.56164345448888 ], [ -0.930400644924673, 35.561177444446159 ], [ -0.931140860892182, 35.561177444446159 ], [ -0.931140860892182, 35.560245416231631 ], [ -0.93188107685969, 35.560245416231631 ], [ -0.93188107685969, 35.559779398059881 ], [ -0.932621292827198, 35.559779398059881 ], [ -0.932621292827198, 35.559313377178498 ], [ -0.933361508794706, 35.559313377178498 ], [ -0.933361508794706, 35.558847353587474 ], [ -0.934841940729723, 35.558847353587474 ], [ -0.934841940729723, 35.558381327286853 ], [ -0.935582156697232, 35.558381327286853 ], [ -0.935582156697232, 35.557915298276626 ], [ -0.937062588632248, 35.557915298276626 ], [ -0.937062588632248, 35.557449266556823 ], [ -0.938543020567265, 35.557449266556823 ], [ -0.938543020567265, 35.557915298276626 ], [ -0.94076366846979, 35.557915298276626 ], [ -0.94076366846979, 35.558381327286853 ], [ -0.942244100404807, 35.558381327286853 ], [ -0.942244100404807, 35.558847353587474 ], [ -0.943724532339823, 35.558847353587474 ], [ -0.943724532339823, 35.559313377178498 ], [ -0.94520496427484, 35.559313377178498 ], [ -0.94520496427484, 35.559779398059881 ], [ -0.946685396209857, 35.559779398059881 ], [ -0.946685396209857, 35.56164345448888 ], [ -0.947425612177365, 35.56164345448888 ], [ -0.947425612177365, 35.56304146835884 ], [ -0.948165828144873, 35.56304146835884 ], [ -0.948165828144873, 35.564439457841075 ], [ -0.947425612177365, 35.564439457841075 ], [ -0.947425612177365, 35.568633279957403 ], [ -0.946685396209857, 35.568633279957403 ], [ -0.946685396209857, 35.5700311718847 ], [ -0.945945180242348, 35.5700311718847 ], [ -0.945945180242348, 35.571429039422256 ], [ -0.94520496427484, 35.571429039422256 ], [ -0.94520496427484, 35.572360937563893 ], [ -0.944464748307332, 35.572360937563893 ], [ -0.944464748307332, 35.573292824865341 ], [ -0.943724532339823, 35.573292824865341 ], [ -0.943724532339823, 35.574224701326465 ], [ -0.94076366846979, 35.574224701326465 ], [ -0.94076366846979, 35.574690635491883 ], [ -0.937802804599756, 35.574690635491883 ], [ -0.937802804599756, 35.575156566947186 ], [ -0.937062588632248, 35.575156566947186 ], [ -0.937062588632248, 35.574690635491883 ], [ -0.93632237266474, 35.574690635491883 ], [ -0.93632237266474, 35.574224701326465 ], [ -0.935582156697232, 35.574224701326465 ], [ -0.935582156697232, 35.573758764450957 ], [ -0.934841940729723, 35.573758764450957 ] ] ], [ [ [ -0.276049729647306, 35.824040934669902 ], [ -0.274569297712289, 35.824040934669902 ], [ -0.274569297712289, 35.8235764552674 ], [ -0.272348649809764, 35.8235764552674 ], [ -0.272348649809764, 35.82311197314683 ], [ -0.270128001907239, 35.82311197314683 ], [ -0.270128001907239, 35.822647488308213 ], [ -0.267167138037206, 35.822647488308213 ], [ -0.267167138037206, 35.822183000751579 ], [ -0.264946490134681, 35.822183000751579 ], [ -0.264946490134681, 35.821718510476927 ], [ -0.262725842232156, 35.821718510476927 ], [ -0.262725842232156, 35.821254017484272 ], [ -0.260505194329631, 35.821254017484272 ], [ -0.260505194329631, 35.820789521773627 ], [ -0.259764978362122, 35.820789521773627 ], [ -0.259764978362122, 35.819860522198454 ], [ -0.259024762394614, 35.819860522198454 ], [ -0.259024762394614, 35.818931511751508 ], [ -0.258284546427106, 35.818931511751508 ], [ -0.258284546427106, 35.818467002451158 ], [ -0.257544330459597, 35.818467002451158 ], [ -0.257544330459597, 35.81753797569678 ], [ -0.255323682557072, 35.81753797569678 ], [ -0.255323682557072, 35.817073458242774 ], [ -0.252362818687039, 35.817073458242774 ], [ -0.252362818687039, 35.816608938070921 ], [ -0.251622602719531, 35.816608938070921 ], [ -0.251622602719531, 35.815679889573708 ], [ -0.250882386752022, 35.815679889573708 ], [ -0.250882386752022, 35.815215361248384 ], [ -0.250142170784514, 35.815215361248384 ], [ -0.250142170784514, 35.814286296444358 ], [ -0.249401954817006, 35.814286296444358 ], [ -0.249401954817006, 35.813821759965677 ], [ -0.248661738849497, 35.813821759965677 ], [ -0.248661738849497, 35.812892678855093 ], [ -0.247921522881989, 35.812892678855093 ], [ -0.247921522881989, 35.812428134223211 ], [ -0.247181306914481, 35.812428134223211 ], [ -0.247181306914481, 35.811963586873631 ], [ -0.246441090946972, 35.811963586873631 ], [ -0.246441090946972, 35.811034484021377 ], [ -0.244960659011956, 35.811034484021377 ], [ -0.244960659011956, 35.810569928518746 ], [ -0.242740011109431, 35.810569928518746 ], [ -0.242740011109431, 35.810105370298473 ], [ -0.241999795141922, 35.810105370298473 ], [ -0.241999795141922, 35.812892678855093 ], [ -0.241259579174414, 35.812892678855093 ], [ -0.241259579174414, 35.813821759965677 ], [ -0.240519363206906, 35.813821759965677 ], [ -0.240519363206906, 35.814750830205249 ], [ -0.239779147239397, 35.814750830205249 ], [ -0.239779147239397, 35.815215361248384 ], [ -0.239038931271889, 35.815215361248384 ], [ -0.239038931271889, 35.815679889573708 ], [ -0.235337851434347, 35.815679889573708 ], [ -0.235337851434347, 35.815215361248384 ], [ -0.231636771596806, 35.815215361248384 ], [ -0.231636771596806, 35.814750830205249 ], [ -0.230896555629297, 35.814750830205249 ], [ -0.230896555629297, 35.813357220769255 ], [ -0.230156339661789, 35.813357220769255 ], [ -0.230156339661789, 35.812428134223211 ], [ -0.229416123694281, 35.812428134223211 ], [ -0.229416123694281, 35.811034484021377 ], [ -0.228675907726772, 35.811034484021377 ], [ -0.228675907726772, 35.810105370298473 ], [ -0.227935691759264, 35.810105370298473 ], [ -0.227935691759264, 35.809176245705025 ], [ -0.227195475791756, 35.809176245705025 ], [ -0.227195475791756, 35.80731796390701 ], [ -0.227935691759264, 35.80731796390701 ], [ -0.227935691759264, 35.805924224024189 ], [ -0.228675907726772, 35.805924224024189 ], [ -0.228675907726772, 35.804530459683846 ], [ -0.229416123694281, 35.804530459683846 ], [ -0.229416123694281, 35.803601269869652 ], [ -0.230156339661789, 35.803601269869652 ], [ -0.230156339661789, 35.803136670886389 ], [ -0.230896555629297, 35.803136670886389 ], [ -0.230896555629297, 35.802672069185711 ], [ -0.231636771596806, 35.802672069185711 ], [ -0.231636771596806, 35.80220746476764 ], [ -0.232376987564314, 35.80220746476764 ], [ -0.232376987564314, 35.801742857632192 ], [ -0.237558499336872, 35.801742857632192 ], [ -0.237558499336872, 35.80220746476764 ], [ -0.238298715304381, 35.80220746476764 ], [ -0.238298715304381, 35.802672069185711 ], [ -0.239038931271889, 35.802672069185711 ], [ -0.239038931271889, 35.803601269869652 ], [ -0.239779147239397, 35.803601269869652 ], [ -0.239779147239397, 35.801742857632192 ], [ -0.240519363206906, 35.801742857632192 ], [ -0.240519363206906, 35.800349019921647 ], [ -0.241999795141922, 35.800349019921647 ], [ -0.241999795141922, 35.799884401916799 ], [ -0.242740011109431, 35.799884401916799 ], [ -0.242740011109431, 35.799419781194644 ], [ -0.244220443044447, 35.799419781194644 ], [ -0.244220443044447, 35.798955157755167 ], [ -0.245700874979464, 35.798955157755167 ], [ -0.245700874979464, 35.798490531598425 ], [ -0.247181306914481, 35.798490531598425 ], [ -0.247181306914481, 35.798955157755167 ], [ -0.247921522881989, 35.798955157755167 ], [ -0.247921522881989, 35.799419781194644 ], [ -0.248661738849497, 35.799419781194644 ], [ -0.248661738849497, 35.799884401916799 ], [ -0.249401954817006, 35.799884401916799 ], [ -0.249401954817006, 35.800349019921647 ], [ -0.250142170784514, 35.800349019921647 ], [ -0.250142170784514, 35.800813635209181 ], [ -0.251622602719531, 35.800813635209181 ], [ -0.251622602719531, 35.800349019921647 ], [ -0.252362818687039, 35.800349019921647 ], [ -0.252362818687039, 35.799884401916799 ], [ -0.253103034654547, 35.799884401916799 ], [ -0.253103034654547, 35.799419781194644 ], [ -0.253843250622056, 35.799419781194644 ], [ -0.253843250622056, 35.798955157755167 ], [ -0.254583466589564, 35.798955157755167 ], [ -0.254583466589564, 35.798490531598425 ], [ -0.255323682557072, 35.798490531598425 ], [ -0.255323682557072, 35.798025902724412 ], [ -0.261245410297139, 35.798025902724412 ], [ -0.261245410297139, 35.798490531598425 ], [ -0.266426922069697, 35.798490531598425 ], [ -0.266426922069697, 35.799419781194644 ], [ -0.267167138037206, 35.799419781194644 ], [ -0.267167138037206, 35.799884401916799 ], [ -0.267907354004714, 35.799884401916799 ], [ -0.267907354004714, 35.800349019921647 ], [ -0.268647569972222, 35.800349019921647 ], [ -0.268647569972222, 35.801278247779365 ], [ -0.269387785939731, 35.801278247779365 ], [ -0.269387785939731, 35.801742857632192 ], [ -0.270128001907239, 35.801742857632192 ], [ -0.270128001907239, 35.80220746476764 ], [ -0.270868217874747, 35.80220746476764 ], [ -0.270868217874747, 35.803136670886389 ], [ -0.271608433842256, 35.803136670886389 ], [ -0.271608433842256, 35.803601269869652 ], [ -0.272348649809764, 35.803601269869652 ], [ -0.272348649809764, 35.804530459683846 ], [ -0.273088865777272, 35.804530459683846 ], [ -0.273088865777272, 35.804995050514783 ], [ -0.273829081744781, 35.804995050514783 ], [ -0.273829081744781, 35.804065866135467 ], [ -0.274569297712289, 35.804065866135467 ], [ -0.274569297712289, 35.803136670886389 ], [ -0.275309513679797, 35.803136670886389 ], [ -0.275309513679797, 35.80220746476764 ], [ -0.276049729647306, 35.80220746476764 ], [ -0.276049729647306, 35.801742857632192 ], [ -0.276789945614814, 35.801742857632192 ], [ -0.276789945614814, 35.801278247779365 ], [ -0.278270377549831, 35.801278247779365 ], [ -0.278270377549831, 35.800813635209181 ], [ -0.279010593517339, 35.800813635209181 ], [ -0.279010593517339, 35.800349019921647 ], [ -0.280491025452356, 35.800349019921647 ], [ -0.280491025452356, 35.800813635209181 ], [ -0.281231241419864, 35.800813635209181 ], [ -0.281231241419864, 35.801278247779365 ], [ -0.281971457387372, 35.801278247779365 ], [ -0.281971457387372, 35.801742857632192 ], [ -0.282711673354881, 35.801742857632192 ], [ -0.282711673354881, 35.80220746476764 ], [ -0.283451889322389, 35.80220746476764 ], [ -0.283451889322389, 35.802672069185711 ], [ -0.284192105289897, 35.802672069185711 ], [ -0.284192105289897, 35.803601269869652 ], [ -0.284932321257406, 35.803601269869652 ], [ -0.284932321257406, 35.804995050514783 ], [ -0.285672537224914, 35.804995050514783 ], [ -0.285672537224914, 35.811499036806339 ], [ -0.286412753192422, 35.811499036806339 ], [ -0.286412753192422, 35.81753797569678 ], [ -0.287152969159931, 35.81753797569678 ], [ -0.287152969159931, 35.821254017484272 ], [ -0.286412753192422, 35.821254017484272 ], [ -0.286412753192422, 35.822183000751579 ], [ -0.285672537224914, 35.822183000751579 ], [ -0.285672537224914, 35.822647488308213 ], [ -0.284932321257406, 35.822647488308213 ], [ -0.284932321257406, 35.82311197314683 ], [ -0.284192105289897, 35.82311197314683 ], [ -0.284192105289897, 35.8235764552674 ], [ -0.283451889322389, 35.8235764552674 ], [ -0.283451889322389, 35.824040934669902 ], [ -0.282711673354881, 35.824040934669902 ], [ -0.282711673354881, 35.824505411354338 ], [ -0.281971457387372, 35.824505411354338 ], [ -0.281971457387372, 35.824969885320684 ], [ -0.281231241419864, 35.824969885320684 ], [ -0.281231241419864, 35.82543435656892 ], [ -0.280491025452356, 35.82543435656892 ], [ -0.280491025452356, 35.825898825099053 ], [ -0.278270377549831, 35.825898825099053 ], [ -0.278270377549831, 35.82543435656892 ], [ -0.277530161582322, 35.82543435656892 ], [ -0.277530161582322, 35.824969885320684 ], [ -0.276789945614814, 35.824969885320684 ], [ -0.276789945614814, 35.824505411354338 ], [ -0.276049729647306, 35.824505411354338 ], [ -0.276049729647306, 35.824040934669902 ] ] ], [ [ [ -3.126621420521901, 36.770030289841685 ], [ -3.125881204554394, 36.770030289841685 ], [ -3.125881204554394, 36.768653639990944 ], [ -3.125140988586885, 36.768653639990944 ], [ -3.125140988586885, 36.767735859692152 ], [ -3.124400772619377, 36.767735859692152 ], [ -3.124400772619377, 36.766359168646787 ], [ -3.123660556651868, 36.766359168646787 ], [ -3.123660556651868, 36.765441360885248 ], [ -3.12292034068436, 36.765441360885248 ], [ -3.12292034068436, 36.764064628646246 ], [ -3.122180124716852, 36.764064628646246 ], [ -3.122180124716852, 36.763605712407504 ], [ -3.12292034068436, 36.763605712407504 ], [ -3.12292034068436, 36.762687871691519 ], [ -3.123660556651868, 36.762687871691519 ], [ -3.123660556651868, 36.761311090021429 ], [ -3.124400772619377, 36.761311090021429 ], [ -3.124400772619377, 36.760393221844112 ], [ -3.125140988586885, 36.760393221844112 ], [ -3.125140988586885, 36.759475342682457 ], [ -3.125881204554394, 36.759475342682457 ], [ -3.125881204554394, 36.758557452536543 ], [ -3.126621420521901, 36.758557452536543 ], [ -3.126621420521901, 36.757639551406506 ], [ -3.12736163648941, 36.757639551406506 ], [ -3.12736163648941, 36.757180596722471 ], [ -3.128101852456918, 36.757180596722471 ], [ -3.128101852456918, 36.756721639292422 ], [ -3.129582284391935, 36.756721639292422 ], [ -3.129582284391935, 36.756262679116404 ], [ -3.130322500359444, 36.756262679116404 ], [ -3.130322500359444, 36.755803716194414 ], [ -3.131062716326952, 36.755803716194414 ], [ -3.131062716326952, 36.756262679116404 ], [ -3.132543148261968, 36.756262679116404 ], [ -3.132543148261968, 36.757180596722471 ], [ -3.133283364229476, 36.757180596722471 ], [ -3.133283364229476, 36.757639551406506 ], [ -3.134023580196985, 36.757639551406506 ], [ -3.134023580196985, 36.758098503344534 ], [ -3.134763796164493, 36.758098503344534 ], [ -3.134763796164493, 36.758557452536543 ], [ -3.135504012132002, 36.758557452536543 ], [ -3.135504012132002, 36.759016398982531 ], [ -3.136984444067018, 36.759016398982531 ], [ -3.136984444067018, 36.758557452536543 ], [ -3.14068552390456, 36.758557452536543 ], [ -3.14068552390456, 36.759016398982531 ], [ -3.141425739872068, 36.759016398982531 ], [ -3.141425739872068, 36.759934283636319 ], [ -3.142165955839576, 36.759934283636319 ], [ -3.142165955839576, 36.760852157305827 ], [ -3.142906171807085, 36.760852157305827 ], [ -3.142906171807085, 36.761311090021429 ], [ -3.143646387774594, 36.761311090021429 ], [ -3.143646387774594, 36.765441360885248 ], [ -3.142906171807085, 36.765441360885248 ], [ -3.142906171807085, 36.766359168646787 ], [ -3.142165955839576, 36.766359168646787 ], [ -3.142165955839576, 36.766818068408192 ], [ -3.141425739872068, 36.766818068408192 ], [ -3.141425739872068, 36.767276965423314 ], [ -3.14068552390456, 36.767276965423314 ], [ -3.14068552390456, 36.767735859692152 ], [ -3.139945307937052, 36.767735859692152 ], [ -3.139945307937052, 36.768194751214693 ], [ -3.139205091969543, 36.768194751214693 ], [ -3.139205091969543, 36.768653639990944 ], [ -3.137724660034527, 36.768653639990944 ], [ -3.137724660034527, 36.769112526020869 ], [ -3.136984444067018, 36.769112526020869 ], [ -3.136984444067018, 36.76957140930444 ], [ -3.13624422809951, 36.76957140930444 ], [ -3.13624422809951, 36.770030289841685 ], [ -3.135504012132002, 36.770030289841685 ], [ -3.135504012132002, 36.770489167632569 ], [ -3.134763796164493, 36.770489167632569 ], [ -3.134763796164493, 36.770948042677077 ], [ -3.134023580196985, 36.770948042677077 ], [ -3.134023580196985, 36.771406914975202 ], [ -3.133283364229476, 36.771406914975202 ], [ -3.133283364229476, 36.771865784526916 ], [ -3.132543148261968, 36.771865784526916 ], [ -3.132543148261968, 36.772324651332227 ], [ -3.128101852456918, 36.772324651332227 ], [ -3.128101852456918, 36.771865784526916 ], [ -3.12736163648941, 36.771865784526916 ], [ -3.12736163648941, 36.770948042677077 ], [ -3.126621420521901, 36.770948042677077 ], [ -3.126621420521901, 36.770030289841685 ] ] ], [ [ [ -0.911895245736965, 37.578386678298244 ], [ -0.911895245736965, 37.577932681215501 ], [ -0.910414813801948, 37.577932681215501 ], [ -0.910414813801948, 37.577478681364632 ], [ -0.908934381866931, 37.577478681364632 ], [ -0.908934381866931, 37.577024678745616 ], [ -0.907453949931915, 37.577024678745616 ], [ -0.907453949931915, 37.576570673358482 ], [ -0.906713733964406, 37.576570673358482 ], [ -0.906713733964406, 37.57566265427986 ], [ -0.905973517996898, 37.57566265427986 ], [ -0.905973517996898, 37.5747546241289 ], [ -0.90523330202939, 37.5747546241289 ], [ -0.90523330202939, 37.57430060490131 ], [ -0.904493086061882, 37.57430060490131 ], [ -0.904493086061882, 37.569760260384321 ], [ -0.90523330202939, 37.569760260384321 ], [ -0.90523330202939, 37.568852158265301 ], [ -0.905973517996898, 37.568852158265301 ], [ -0.905973517996898, 37.567489984327416 ], [ -0.906713733964406, 37.567489984327416 ], [ -0.906713733964406, 37.56658185452941 ], [ -0.907453949931915, 37.56658185452941 ], [ -0.907453949931915, 37.565673713659976 ], [ -0.908194165899423, 37.565673713659976 ], [ -0.908194165899423, 37.564765561719206 ], [ -0.908934381866931, 37.564765561719206 ], [ -0.908934381866931, 37.564311481597102 ], [ -0.90967459783444, 37.564311481597102 ], [ -0.90967459783444, 37.563857398707192 ], [ -0.910414813801948, 37.563857398707192 ], [ -0.910414813801948, 37.563403313049498 ], [ -0.911155029769457, 37.563403313049498 ], [ -0.911155029769457, 37.562949224624035 ], [ -0.911895245736965, 37.562949224624035 ], [ -0.911895245736965, 37.562495133430801 ], [ -0.916336541542015, 37.562495133430801 ], [ -0.916336541542015, 37.562041039469818 ], [ -0.919297405412048, 37.562041039469818 ], [ -0.919297405412048, 37.562495133430801 ], [ -0.920777837347065, 37.562495133430801 ], [ -0.920777837347065, 37.562949224624035 ], [ -0.921518053314573, 37.562949224624035 ], [ -0.921518053314573, 37.563403313049498 ], [ -0.922258269282082, 37.563403313049498 ], [ -0.922258269282082, 37.563857398707192 ], [ -0.92299848524959, 37.563857398707192 ], [ -0.92299848524959, 37.564311481597102 ], [ -0.923738701217098, 37.564311481597102 ], [ -0.923738701217098, 37.564765561719206 ], [ -0.924478917184607, 37.564765561719206 ], [ -0.924478917184607, 37.565219639073504 ], [ -0.925219133152115, 37.565219639073504 ], [ -0.925219133152115, 37.565673713659976 ], [ -0.925959349119623, 37.565673713659976 ], [ -0.925959349119623, 37.56658185452941 ], [ -0.926699565087131, 37.56658185452941 ], [ -0.926699565087131, 37.567489984327416 ], [ -0.92743978105464, 37.567489984327416 ], [ -0.92743978105464, 37.568852158265301 ], [ -0.928179997022148, 37.568852158265301 ], [ -0.928179997022148, 37.570214307291934 ], [ -0.928920212989657, 37.570214307291934 ], [ -0.928920212989657, 37.571122392803304 ], [ -0.929660428957165, 37.571122392803304 ], [ -0.929660428957165, 37.576570673358482 ], [ -0.928920212989657, 37.576570673358482 ], [ -0.928920212989657, 37.577478681364632 ], [ -0.928179997022148, 37.577478681364632 ], [ -0.928179997022148, 37.577932681215501 ], [ -0.92743978105464, 37.577932681215501 ], [ -0.92743978105464, 37.57884067261282 ], [ -0.926699565087131, 37.57884067261282 ], [ -0.926699565087131, 37.579294664159207 ], [ -0.925219133152115, 37.579294664159207 ], [ -0.925219133152115, 37.57884067261282 ], [ -0.913375677671982, 37.57884067261282 ], [ -0.913375677671982, 37.578386678298244 ], [ -0.911895245736965, 37.578386678298244 ] ] ], [ [ [ -9.007637282375619, 38.929649852880601 ], [ -9.007637282375619, 38.928758585041741 ], [ -9.006897066408111, 38.928758585041741 ], [ -9.006897066408111, 38.927867306004288 ], [ -9.006156850440602, 38.927867306004288 ], [ -9.006156850440602, 38.926976015768297 ], [ -9.005416634473093, 38.926976015768297 ], [ -9.005416634473093, 38.92608471433384 ], [ -9.004676418505586, 38.92608471433384 ], [ -9.004676418505586, 38.925193401701009 ], [ -9.003936202538076, 38.925193401701009 ], [ -9.003936202538076, 38.918062497505481 ], [ -9.004676418505586, 38.918062497505481 ], [ -9.004676418505586, 38.917171084090562 ], [ -9.005416634473093, 38.917171084090562 ], [ -9.005416634473093, 38.916725373183986 ], [ -9.006156850440602, 38.916725373183986 ], [ -9.006156850440602, 38.916279659478015 ], [ -9.006897066408111, 38.916279659478015 ], [ -9.006897066408111, 38.915388223667904 ], [ -9.007637282375619, 38.915388223667904 ], [ -9.007637282375619, 38.914942501563786 ], [ -9.014299226083194, 38.914942501563786 ], [ -9.014299226083194, 38.915388223667904 ], [ -9.018000305920735, 38.915388223667904 ], [ -9.018000305920735, 38.916725373183986 ], [ -9.018740521888244, 38.916725373183986 ], [ -9.018740521888244, 38.917616792197727 ], [ -9.019480737855751, 38.917616792197727 ], [ -9.019480737855751, 38.918953899722688 ], [ -9.020220953823259, 38.918953899722688 ], [ -9.020220953823259, 38.91984529074211 ], [ -9.020961169790768, 38.91984529074211 ], [ -9.020961169790768, 38.921182356275246 ], [ -9.020220953823259, 38.921182356275246 ], [ -9.020220953823259, 38.922519396612934 ], [ -9.019480737855751, 38.922519396612934 ], [ -9.019480737855751, 38.924302077869861 ], [ -9.018740521888244, 38.924302077869861 ], [ -9.018740521888244, 38.925639059417215 ], [ -9.018000305920735, 38.925639059417215 ], [ -9.018000305920735, 38.927421662286093 ], [ -9.017260089953226, 38.927421662286093 ], [ -9.017260089953226, 38.928312946922837 ], [ -9.016519873985718, 38.928312946922837 ], [ -9.016519873985718, 38.929204220361015 ], [ -9.015779658018211, 38.929204220361015 ], [ -9.015779658018211, 38.929649852880601 ], [ -9.015039442050702, 38.929649852880601 ], [ -9.015039442050702, 38.93054110952076 ], [ -9.011338362213161, 38.93054110952076 ], [ -9.011338362213161, 38.930095482600521 ], [ -9.008377498343128, 38.930095482600521 ], [ -9.008377498343128, 38.929649852880601 ], [ -9.007637282375619, 38.929649852880601 ] ] ], [ [ [ -0.243480227076939, 39.670383728522836 ], [ -0.243480227076939, 39.669501842176466 ], [ -0.242740011109431, 39.669501842176466 ], [ -0.242740011109431, 39.66906089478185 ], [ -0.241999795141922, 39.66906089478185 ], [ -0.241999795141922, 39.668178991549773 ], [ -0.241259579174414, 39.668178991549773 ], [ -0.241259579174414, 39.667297077060631 ], [ -0.240519363206906, 39.667297077060631 ], [ -0.240519363206906, 39.666856115594676 ], [ -0.239779147239397, 39.666856115594676 ], [ -0.239779147239397, 39.662005353731132 ], [ -0.240519363206906, 39.662005353731132 ], [ -0.240519363206906, 39.661123360444378 ], [ -0.241259579174414, 39.661123360444378 ], [ -0.241259579174414, 39.659800349408272 ], [ -0.241999795141922, 39.659800349408272 ], [ -0.241999795141922, 39.658918327980295 ], [ -0.242740011109431, 39.658918327980295 ], [ -0.242740011109431, 39.658036295295943 ], [ -0.243480227076939, 39.658036295295943 ], [ -0.243480227076939, 39.65715425135528 ], [ -0.244220443044447, 39.65715425135528 ], [ -0.244220443044447, 39.656713225163855 ], [ -0.252362818687039, 39.656713225163855 ], [ -0.252362818687039, 39.65759527473265 ], [ -0.253103034654547, 39.65759527473265 ], [ -0.253103034654547, 39.658036295295943 ], [ -0.253843250622056, 39.658036295295943 ], [ -0.253843250622056, 39.658918327980295 ], [ -0.254583466589564, 39.658918327980295 ], [ -0.254583466589564, 39.666415151314489 ], [ -0.253843250622056, 39.666415151314489 ], [ -0.253843250622056, 39.666856115594676 ], [ -0.253103034654547, 39.666856115594676 ], [ -0.253103034654547, 39.667738035712318 ], [ -0.252362818687039, 39.667738035712318 ], [ -0.252362818687039, 39.668619944572953 ], [ -0.251622602719531, 39.668619944572953 ], [ -0.251622602719531, 39.669501842176466 ], [ -0.250882386752022, 39.669501842176466 ], [ -0.250882386752022, 39.670383728522836 ], [ -0.250142170784514, 39.670383728522836 ], [ -0.250142170784514, 39.671265603611971 ], [ -0.244960659011956, 39.671265603611971 ], [ -0.244960659011956, 39.670824667474562 ], [ -0.244220443044447, 39.670824667474562 ], [ -0.244220443044447, 39.670383728522836 ], [ -0.243480227076939, 39.670383728522836 ] ] ], [ [ [ -3.741000673553819, 39.943664714484513 ], [ -3.740260457586311, 39.943664714484513 ], [ -3.740260457586311, 39.942786326583487 ], [ -3.739520241618802, 39.942786326583487 ], [ -3.739520241618802, 39.942347128404151 ], [ -3.738780025651294, 39.942347128404151 ], [ -3.738780025651294, 39.941907927405616 ], [ -3.738039809683786, 39.941907927405616 ], [ -3.738039809683786, 39.941029516950934 ], [ -3.737299593716278, 39.941029516950934 ], [ -3.737299593716278, 39.932684055212832 ], [ -3.738039809683786, 39.932684055212832 ], [ -3.738039809683786, 39.931805526355475 ], [ -3.738780025651294, 39.931805526355475 ], [ -3.738780025651294, 39.930926986222019 ], [ -3.739520241618802, 39.930926986222019 ], [ -3.739520241618802, 39.930048434812555 ], [ -3.740260457586311, 39.930048434812555 ], [ -3.740260457586311, 39.929169872127098 ], [ -3.749883265163919, 39.929169872127098 ], [ -3.749883265163919, 39.930048434812555 ], [ -3.750623481131427, 39.930048434812555 ], [ -3.750623481131427, 39.930926986222019 ], [ -3.751363697098936, 39.930926986222019 ], [ -3.751363697098936, 39.932244792193679 ], [ -3.752103913066444, 39.932244792193679 ], [ -3.752103913066444, 39.933562572794045 ], [ -3.752844129033953, 39.933562572794045 ], [ -3.752844129033953, 39.936637295527682 ], [ -3.752103913066444, 39.936637295527682 ], [ -3.752103913066444, 39.939272662211422 ], [ -3.751363697098936, 39.939272662211422 ], [ -3.751363697098936, 39.941468723587867 ], [ -3.750623481131427, 39.941468723587867 ], [ -3.750623481131427, 39.942347128404151 ], [ -3.749883265163919, 39.942347128404151 ], [ -3.749883265163919, 39.943225521943617 ], [ -3.749143049196411, 39.943225521943617 ], [ -3.749143049196411, 39.944103904206173 ], [ -3.748402833228903, 39.944103904206173 ], [ -3.748402833228903, 39.944982275191784 ], [ -3.743961537423853, 39.944982275191784 ], [ -3.743961537423853, 39.944543091108599 ], [ -3.741740889521328, 39.944543091108599 ], [ -3.741740889521328, 39.944103904206173 ], [ -3.741000673553819, 39.944103904206173 ], [ -3.741000673553819, 39.943664714484513 ] ] ], [ [ [ -3.470821845413277, 40.252156201901066 ], [ -3.470821845413277, 40.251718995965156 ], [ -3.470081629445768, 40.251718995965156 ], [ -3.470081629445768, 40.251281787204768 ], [ -3.469341413478261, 40.251281787204768 ], [ -3.469341413478261, 40.250407361210598 ], [ -3.468601197510752, 40.250407361210598 ], [ -3.468601197510752, 40.249970143976832 ], [ -3.467860981543244, 40.249970143976832 ], [ -3.467860981543244, 40.249532923918622 ], [ -3.467120765575736, 40.249532923918622 ], [ -3.467120765575736, 40.249095701035969 ], [ -3.466380549608227, 40.249095701035969 ], [ -3.466380549608227, 40.248658475328888 ], [ -3.465640333640719, 40.248658475328888 ], [ -3.465640333640719, 40.247346781261115 ], [ -3.46490011767321, 40.247346781261115 ], [ -3.46490011767321, 40.247784015441454 ], [ -3.464159901705703, 40.247784015441454 ], [ -3.464159901705703, 40.248221246797378 ], [ -3.462679469770686, 40.248221246797378 ], [ -3.462679469770686, 40.248658475328888 ], [ -3.461939253803177, 40.248658475328888 ], [ -3.461939253803177, 40.249095701035969 ], [ -3.461199037835669, 40.249095701035969 ], [ -3.461199037835669, 40.248658475328888 ], [ -3.459718605900652, 40.248658475328888 ], [ -3.459718605900652, 40.248221246797378 ], [ -3.458978389933144, 40.248221246797378 ], [ -3.458978389933144, 40.247784015441454 ], [ -3.457497957998127, 40.247784015441454 ], [ -3.457497957998127, 40.247346781261115 ], [ -3.456757742030619, 40.247346781261115 ], [ -3.456757742030619, 40.245160567993537 ], [ -3.45601752606311, 40.245160567993537 ], [ -3.45601752606311, 40.241662479898736 ], [ -3.456757742030619, 40.241662479898736 ], [ -3.456757742030619, 40.23991336806769 ], [ -3.457497957998127, 40.23991336806769 ], [ -3.457497957998127, 40.239476083049205 ], [ -3.458238173965635, 40.239476083049205 ], [ -3.458238173965635, 40.239038795206454 ], [ -3.458978389933144, 40.239038795206454 ], [ -3.458978389933144, 40.238601504539439 ], [ -3.460458821868161, 40.238601504539439 ], [ -3.460458821868161, 40.238164211048165 ], [ -3.462679469770686, 40.238164211048165 ], [ -3.462679469770686, 40.238601504539439 ], [ -3.463419685738194, 40.238601504539439 ], [ -3.463419685738194, 40.239038795206454 ], [ -3.464159901705703, 40.239038795206454 ], [ -3.464159901705703, 40.239476083049205 ], [ -3.465640333640719, 40.239476083049205 ], [ -3.465640333640719, 40.2407879296318 ], [ -3.466380549608227, 40.2407879296318 ], [ -3.466380549608227, 40.240350650261888 ], [ -3.467120765575736, 40.240350650261888 ], [ -3.467120765575736, 40.238601504539439 ], [ -3.467860981543244, 40.238601504539439 ], [ -3.467860981543244, 40.237726914732633 ], [ -3.468601197510752, 40.237726914732633 ], [ -3.468601197510752, 40.237289615592864 ], [ -3.469341413478261, 40.237289615592864 ], [ -3.469341413478261, 40.236415008840616 ], [ -3.476003357185836, 40.236415008840616 ], [ -3.476003357185836, 40.236852313628852 ], [ -3.481184868958394, 40.236852313628852 ], [ -3.481184868958394, 40.237289615592864 ], [ -3.481925084925902, 40.237289615592864 ], [ -3.481925084925902, 40.237726914732633 ], [ -3.482665300893411, 40.237726914732633 ], [ -3.482665300893411, 40.238601504539439 ], [ -3.483405516860918, 40.238601504539439 ], [ -3.483405516860918, 40.239476083049205 ], [ -3.484145732828428, 40.239476083049205 ], [ -3.484145732828428, 40.241225206177418 ], [ -3.484885948795936, 40.241225206177418 ], [ -3.484885948795936, 40.246035061773718 ], [ -3.485626164763444, 40.246035061773718 ], [ -3.485626164763444, 40.248658475328888 ], [ -3.484885948795936, 40.248658475328888 ], [ -3.484885948795936, 40.249970143976832 ], [ -3.484145732828428, 40.249970143976832 ], [ -3.484145732828428, 40.250844575619915 ], [ -3.483405516860918, 40.250844575619915 ], [ -3.483405516860918, 40.251718995965156 ], [ -3.482665300893411, 40.251718995965156 ], [ -3.482665300893411, 40.252593405012497 ], [ -3.480444652990886, 40.252593405012497 ], [ -3.480444652990886, 40.253030605299436 ], [ -3.477483789120852, 40.253030605299436 ], [ -3.477483789120852, 40.253467802761868 ], [ -3.473042493315802, 40.253467802761868 ], [ -3.473042493315802, 40.253030605299436 ], [ -3.472302277348294, 40.253030605299436 ], [ -3.472302277348294, 40.252593405012497 ], [ -3.471562061380785, 40.252593405012497 ], [ -3.471562061380785, 40.252156201901066 ], [ -3.470821845413277, 40.252156201901066 ] ], [ [ -3.465640333640719, 40.246909544256376 ], [ -3.466380549608227, 40.246909544256376 ], [ -3.466380549608227, 40.246035061773718 ], [ -3.465640333640719, 40.246035061773718 ], [ -3.465640333640719, 40.246909544256376 ] ] ], [ [ [ -7.831434110004875, 41.530448553758461 ], [ -7.831434110004875, 41.530019714114516 ], [ -7.82921346210235, 41.530019714114516 ], [ -7.82921346210235, 41.530448553758461 ], [ -7.828473246134843, 41.530448553758461 ], [ -7.828473246134843, 41.530877390559667 ], [ -7.826252598232317, 41.530877390559667 ], [ -7.826252598232317, 41.530448553758461 ], [ -7.824772166297301, 41.530448553758461 ], [ -7.824772166297301, 41.530019714114516 ], [ -7.824031950329791, 41.530019714114516 ], [ -7.824031950329791, 41.529590871627825 ], [ -7.823291734362284, 41.529590871627825 ], [ -7.823291734362284, 41.529162026298401 ], [ -7.822551518394777, 41.529162026298401 ], [ -7.822551518394777, 41.526588894624751 ], [ -7.821811302427268, 41.526588894624751 ], [ -7.821811302427268, 41.523586778329495 ], [ -7.821071086459759, 41.523586778329495 ], [ -7.821071086459759, 41.521013424926842 ], [ -7.82033087049225, 41.521013424926842 ], [ -7.82033087049225, 41.520584522743839 ], [ -7.821071086459759, 41.520584522743839 ], [ -7.821071086459759, 41.518439969189508 ], [ -7.821811302427268, 41.518439969189508 ], [ -7.821811302427268, 41.516724275179222 ], [ -7.822551518394777, 41.516724275179222 ], [ -7.822551518394777, 41.516295344570203 ], [ -7.824031950329791, 41.516295344570203 ], [ -7.824031950329791, 41.515866411118594 ], [ -7.824772166297301, 41.515866411118594 ], [ -7.824772166297301, 41.515437474824431 ], [ -7.827733030167334, 41.515437474824431 ], [ -7.827733030167334, 41.515866411118594 ], [ -7.828473246134843, 41.515866411118594 ], [ -7.828473246134843, 41.516295344570203 ], [ -7.82921346210235, 41.516295344570203 ], [ -7.82921346210235, 41.516724275179222 ], [ -7.831434110004875, 41.516724275179222 ], [ -7.831434110004875, 41.516295344570203 ], [ -7.832174325972384, 41.516295344570203 ], [ -7.832174325972384, 41.515866411118594 ], [ -7.835135189842418, 41.515866411118594 ], [ -7.835135189842418, 41.516295344570203 ], [ -7.835875405809925, 41.516295344570203 ], [ -7.835875405809925, 41.516724275179222 ], [ -7.836615621777434, 41.516724275179222 ], [ -7.836615621777434, 41.517153202945671 ], [ -7.83809605371245, 41.517153202945671 ], [ -7.83809605371245, 41.519726709849941 ], [ -7.838836269679959, 41.519726709849941 ], [ -7.838836269679959, 41.522300114420077 ], [ -7.839576485647468, 41.522300114420077 ], [ -7.839576485647468, 41.527017757010462 ], [ -7.838836269679959, 41.527017757010462 ], [ -7.838836269679959, 41.529590871627825 ], [ -7.83809605371245, 41.529590871627825 ], [ -7.83809605371245, 41.530019714114516 ], [ -7.837355837744941, 41.530019714114516 ], [ -7.837355837744941, 41.530448553758461 ], [ -7.836615621777434, 41.530448553758461 ], [ -7.836615621777434, 41.530877390559667 ], [ -7.835135189842418, 41.530877390559667 ], [ -7.835135189842418, 41.531306224518111 ], [ -7.832914541939894, 41.531306224518111 ], [ -7.832914541939894, 41.530877390559667 ], [ -7.832174325972384, 41.530877390559667 ], [ -7.832174325972384, 41.530448553758461 ], [ -7.831434110004875, 41.530448553758461 ] ] ], [ [ [ -0.322683335600331, 42.275286544650974 ], [ -0.321943119632822, 42.275286544650974 ], [ -0.321943119632822, 42.27486267858847 ], [ -0.321202903665314, 42.27486267858847 ], [ -0.321202903665314, 42.274014937911126 ], [ -0.320462687697806, 42.274014937911126 ], [ -0.320462687697806, 42.273591063296323 ], [ -0.319722471730297, 42.273591063296323 ], [ -0.319722471730297, 42.273167185830744 ], [ -0.318982255762789, 42.273167185830744 ], [ -0.318982255762789, 42.272743305514403 ], [ -0.318242039795281, 42.272743305514403 ], [ -0.318242039795281, 42.272319422347316 ], [ -0.316761607860264, 42.272319422347316 ], [ -0.316761607860264, 42.271895536329474 ], [ -0.315281175925247, 42.271895536329474 ], [ -0.315281175925247, 42.271471647460892 ], [ -0.313800743990231, 42.271471647460892 ], [ -0.313800743990231, 42.270199963750706 ], [ -0.313060528022722, 42.270199963750706 ], [ -0.313060528022722, 42.26850434556026 ], [ -0.312320312055214, 42.26850434556026 ], [ -0.312320312055214, 42.265960832753258 ], [ -0.313060528022722, 42.265960832753258 ], [ -0.313060528022722, 42.263417217321468 ], [ -0.313800743990231, 42.263417217321468 ], [ -0.313800743990231, 42.261297459401639 ], [ -0.314540959957739, 42.261297459401639 ], [ -0.314540959957739, 42.260449536279161 ], [ -0.315281175925247, 42.260449536279161 ], [ -0.315281175925247, 42.260025570441968 ], [ -0.316021391892756, 42.260025570441968 ], [ -0.316021391892756, 42.259601601754142 ], [ -0.316761607860264, 42.259601601754142 ], [ -0.316761607860264, 42.259177630215689 ], [ -0.317501823827772, 42.259177630215689 ], [ -0.317501823827772, 42.258329678586911 ], [ -0.318242039795281, 42.258329678586911 ], [ -0.318242039795281, 42.257057729764135 ], [ -0.318982255762789, 42.257057729764135 ], [ -0.318982255762789, 42.25451375515236 ], [ -0.319722471730297, 42.25451375515236 ], [ -0.319722471730297, 42.253665740810426 ], [ -0.320462687697806, 42.253665740810426 ], [ -0.320462687697806, 42.253241729363602 ], [ -0.322683335600331, 42.253241729363602 ], [ -0.322683335600331, 42.2528177150662 ], [ -0.324163767535347, 42.2528177150662 ], [ -0.324163767535347, 42.252393697918237 ], [ -0.326384415437872, 42.252393697918237 ], [ -0.326384415437872, 42.253241729363602 ], [ -0.327124631405381, 42.253241729363602 ], [ -0.327124631405381, 42.254089749406688 ], [ -0.327864847372889, 42.254089749406688 ], [ -0.327864847372889, 42.254937758047468 ], [ -0.328605063340398, 42.254937758047468 ], [ -0.328605063340398, 42.255785755285913 ], [ -0.329345279307906, 42.255785755285913 ], [ -0.329345279307906, 42.256633741121995 ], [ -0.332306143177939, 42.256633741121995 ], [ -0.332306143177939, 42.257057729764135 ], [ -0.336747438982989, 42.257057729764135 ], [ -0.336747438982989, 42.257481715555663 ], [ -0.337487654950497, 42.257481715555663 ], [ -0.337487654950497, 42.258329678586911 ], [ -0.338227870918006, 42.258329678586911 ], [ -0.338227870918006, 42.259177630215689 ], [ -0.338968086885514, 42.259177630215689 ], [ -0.338968086885514, 42.259601601754142 ], [ -0.339708302853023, 42.259601601754142 ], [ -0.339708302853023, 42.262569322705495 ], [ -0.338968086885514, 42.262569322705495 ], [ -0.338968086885514, 42.265960832753258 ], [ -0.338227870918006, 42.265960832753258 ], [ -0.338227870918006, 42.269352160356924 ], [ -0.337487654950497, 42.269352160356924 ], [ -0.337487654950497, 42.270623861171501 ], [ -0.336007223015481, 42.270623861171501 ], [ -0.336007223015481, 42.27104775574157 ], [ -0.334526791080464, 42.27104775574157 ], [ -0.334526791080464, 42.271471647460892 ], [ -0.333046359145447, 42.271471647460892 ], [ -0.333046359145447, 42.271895536329474 ], [ -0.332306143177939, 42.271895536329474 ], [ -0.332306143177939, 42.272319422347316 ], [ -0.330825711242922, 42.272319422347316 ], [ -0.330825711242922, 42.273167185830744 ], [ -0.330085495275414, 42.273167185830744 ], [ -0.330085495275414, 42.274438809675189 ], [ -0.329345279307906, 42.274438809675189 ], [ -0.329345279307906, 42.275710407862704 ], [ -0.327864847372889, 42.275710407862704 ], [ -0.327864847372889, 42.27613426822365 ], [ -0.327124631405381, 42.27613426822365 ], [ -0.327124631405381, 42.276558125733814 ], [ -0.325644199470364, 42.276558125733814 ], [ -0.325644199470364, 42.276981980393181 ], [ -0.324163767535347, 42.276981980393181 ], [ -0.324163767535347, 42.27613426822365 ], [ -0.323423551567839, 42.27613426822365 ], [ -0.323423551567839, 42.275710407862704 ], [ -0.322683335600331, 42.275710407862704 ], [ -0.322683335600331, 42.275286544650974 ] ] ], [ [ [ -6.769224196630416, 42.560323590330576 ], [ -6.768483980662907, 42.560323590330576 ], [ -6.768483980662907, 42.559901646571909 ], [ -6.767743764695399, 42.559901646571909 ], [ -6.767743764695399, 42.559479699959915 ], [ -6.767003548727891, 42.559479699959915 ], [ -6.767003548727891, 42.559057750494581 ], [ -6.765523116792874, 42.559057750494581 ], [ -6.765523116792874, 42.558635798175914 ], [ -6.764782900825367, 42.558635798175914 ], [ -6.764782900825367, 42.558213843003912 ], [ -6.764042684857857, 42.558213843003912 ], [ -6.764042684857857, 42.557791884978592 ], [ -6.763302468890348, 42.557791884978592 ], [ -6.763302468890348, 42.556525993782721 ], [ -6.76256225292284, 42.556525993782721 ], [ -6.76256225292284, 42.554838098908569 ], [ -6.761822036955333, 42.554838098908569 ], [ -6.761822036955333, 42.551884173027034 ], [ -6.76256225292284, 42.551884173027034 ], [ -6.76256225292284, 42.54935212527954 ], [ -6.763302468890348, 42.54935212527954 ], [ -6.763302468890348, 42.547664036382848 ], [ -6.764042684857857, 42.547664036382848 ], [ -6.764042684857857, 42.547242007025581 ], [ -6.764782900825367, 42.547242007025581 ], [ -6.764782900825367, 42.546819974815079 ], [ -6.765523116792874, 42.546819974815079 ], [ -6.765523116792874, 42.546397939751351 ], [ -6.766263332760382, 42.546397939751351 ], [ -6.766263332760382, 42.545975901834403 ], [ -6.767003548727891, 42.545975901834403 ], [ -6.767003548727891, 42.545553861064228 ], [ -6.768483980662907, 42.545553861064228 ], [ -6.768483980662907, 42.54513181744084 ], [ -6.769224196630416, 42.54513181744084 ], [ -6.769224196630416, 42.545553861064228 ], [ -6.770704628565432, 42.545553861064228 ], [ -6.770704628565432, 42.545975901834403 ], [ -6.772925276467958, 42.545975901834403 ], [ -6.772925276467958, 42.546397939751351 ], [ -6.774405708402975, 42.546397939751351 ], [ -6.774405708402975, 42.546819974815079 ], [ -6.775145924370483, 42.546819974815079 ], [ -6.775145924370483, 42.548930107335231 ], [ -6.775886140337991, 42.548930107335231 ], [ -6.775886140337991, 42.551462172202271 ], [ -6.776626356305498, 42.551462172202271 ], [ -6.776626356305498, 42.553572147793325 ], [ -6.777366572273007, 42.553572147793325 ], [ -6.777366572273007, 42.557791884978592 ], [ -6.776626356305498, 42.557791884978592 ], [ -6.776626356305498, 42.559901646571909 ], [ -6.775886140337991, 42.559901646571909 ], [ -6.775886140337991, 42.560323590330576 ], [ -6.774405708402975, 42.560323590330576 ], [ -6.774405708402975, 42.560745531235895 ], [ -6.773665492435466, 42.560745531235895 ], [ -6.773665492435466, 42.561167469287867 ], [ -6.772925276467958, 42.561167469287867 ], [ -6.772925276467958, 42.561589404486483 ], [ -6.77144484453294, 42.561589404486483 ], [ -6.77144484453294, 42.561167469287867 ], [ -6.770704628565432, 42.561167469287867 ], [ -6.770704628565432, 42.560745531235895 ], [ -6.769224196630416, 42.560745531235895 ], [ -6.769224196630416, 42.560323590330576 ] ] ], [ [ [ -5.72255881857363, 43.536112471851069 ], [ -5.72255881857363, 43.535697187634213 ], [ -5.721818602606122, 43.535697187634213 ], [ -5.721818602606122, 43.535281900557365 ], [ -5.721078386638613, 43.535281900557365 ], [ -5.721078386638613, 43.534451317823752 ], [ -5.720338170671106, 43.534451317823752 ], [ -5.720338170671106, 43.53403602216698 ], [ -5.719597954703597, 43.53403602216698 ], [ -5.719597954703597, 43.533205422273518 ], [ -5.718857738736089, 43.533205422273518 ], [ -5.718857738736089, 43.532790118036843 ], [ -5.718117522768581, 43.532790118036843 ], [ -5.718117522768581, 43.531959500983589 ], [ -5.717377306801072, 43.531959500983589 ], [ -5.717377306801072, 43.531544188167018 ], [ -5.716637090833564, 43.531544188167018 ], [ -5.716637090833564, 43.531128872490477 ], [ -5.715896874866057, 43.531128872490477 ], [ -5.715896874866057, 43.526144861296039 ], [ -5.716637090833564, 43.526144861296039 ], [ -5.716637090833564, 43.524898794148825 ], [ -5.717377306801072, 43.524898794148825 ], [ -5.717377306801072, 43.523652701262279 ], [ -5.718117522768581, 43.523652701262279 ], [ -5.718117522768581, 43.521991204041377 ], [ -5.718857738736089, 43.521991204041377 ], [ -5.718857738736089, 43.520745051096618 ], [ -5.719597954703597, 43.520745051096618 ], [ -5.719597954703597, 43.519914268167263 ], [ -5.720338170671106, 43.519914268167263 ], [ -5.720338170671106, 43.519498872412733 ], [ -5.721818602606122, 43.519498872412733 ], [ -5.721818602606122, 43.519083473798304 ], [ -5.72255881857363, 43.519083473798304 ], [ -5.72255881857363, 43.518668072323983 ], [ -5.724039250508648, 43.518668072323983 ], [ -5.724039250508648, 43.517837260795666 ], [ -5.724779466476156, 43.517837260795666 ], [ -5.724779466476156, 43.517006437827789 ], [ -5.725519682443664, 43.517006437827789 ], [ -5.725519682443664, 43.516175603420372 ], [ -5.726259898411173, 43.516175603420372 ], [ -5.726259898411173, 43.514929330360154 ], [ -5.727000114378681, 43.514929330360154 ], [ -5.727000114378681, 43.514513900287 ], [ -5.728480546313697, 43.514513900287 ], [ -5.728480546313697, 43.514929330360154 ], [ -5.730701194216222, 43.514929330360154 ], [ -5.730701194216222, 43.51534475757343 ], [ -5.732921842118747, 43.51534475757343 ], [ -5.732921842118747, 43.515760181926844 ], [ -5.735142490021273, 43.515760181926844 ], [ -5.735142490021273, 43.516175603420372 ], [ -5.738103353891305, 43.516175603420372 ], [ -5.738103353891305, 43.516591022054023 ], [ -5.739583785826321, 43.516591022054023 ], [ -5.739583785826321, 43.517006437827789 ], [ -5.74032400179383, 43.517006437827789 ], [ -5.74032400179383, 43.517837260795666 ], [ -5.741064217761339, 43.517837260795666 ], [ -5.741064217761339, 43.519083473798304 ], [ -5.741804433728848, 43.519083473798304 ], [ -5.741804433728848, 43.520329661061893 ], [ -5.744025081631372, 43.520329661061893 ], [ -5.744025081631372, 43.519914268167263 ], [ -5.744765297598882, 43.519914268167263 ], [ -5.744765297598882, 43.519498872412733 ], [ -5.746245729533897, 43.519498872412733 ], [ -5.746245729533897, 43.519914268167263 ], [ -5.747726161468914, 43.519914268167263 ], [ -5.747726161468914, 43.520329661061893 ], [ -5.748466377436422, 43.520329661061893 ], [ -5.748466377436422, 43.520745051096618 ], [ -5.74920659340393, 43.520745051096618 ], [ -5.74920659340393, 43.521160438271444 ], [ -5.749946809371439, 43.521160438271444 ], [ -5.749946809371439, 43.522406582636464 ], [ -5.750687025338948, 43.522406582636464 ], [ -5.750687025338948, 43.524068068417712 ], [ -5.751427241306456, 43.524068068417712 ], [ -5.751427241306456, 43.525729508440229 ], [ -5.750687025338948, 43.525729508440229 ], [ -5.750687025338948, 43.527390902703871 ], [ -5.749946809371439, 43.527390902703871 ], [ -5.749946809371439, 43.528636918372264 ], [ -5.74920659340393, 43.528636918372264 ], [ -5.74920659340393, 43.529052251208505 ], [ -5.748466377436422, 43.529052251208505 ], [ -5.748466377436422, 43.529467581184797 ], [ -5.746985945501407, 43.529467581184797 ], [ -5.746985945501407, 43.529882908301154 ], [ -5.746245729533897, 43.529882908301154 ], [ -5.746245729533897, 43.530298232557548 ], [ -5.744765297598882, 43.530298232557548 ], [ -5.744765297598882, 43.529882908301154 ], [ -5.744025081631372, 43.529882908301154 ], [ -5.744025081631372, 43.529467581184797 ], [ -5.743284865663864, 43.529467581184797 ], [ -5.743284865663864, 43.529052251208505 ], [ -5.742544649696356, 43.529052251208505 ], [ -5.742544649696356, 43.528636918372264 ], [ -5.741804433728848, 43.528636918372264 ], [ -5.741804433728848, 43.529467581184797 ], [ -5.741064217761339, 43.529467581184797 ], [ -5.741064217761339, 43.530298232557548 ], [ -5.74032400179383, 43.530298232557548 ], [ -5.74032400179383, 43.531128872490477 ], [ -5.739583785826321, 43.531128872490477 ], [ -5.739583785826321, 43.53237481094019 ], [ -5.738843569858814, 43.53237481094019 ], [ -5.738843569858814, 43.533205422273518 ], [ -5.738103353891305, 43.533205422273518 ], [ -5.738103353891305, 43.53403602216698 ], [ -5.737363137923798, 43.53403602216698 ], [ -5.737363137923798, 43.534866610620547 ], [ -5.73662292195629, 43.534866610620547 ], [ -5.73662292195629, 43.535697187634213 ], [ -5.735142490021273, 43.535697187634213 ], [ -5.735142490021273, 43.536112471851069 ], [ -5.732921842118747, 43.536112471851069 ], [ -5.732921842118747, 43.536527753207956 ], [ -5.730701194216222, 43.536527753207956 ], [ -5.730701194216222, 43.536943031704851 ], [ -5.728480546313697, 43.536943031704851 ], [ -5.728480546313697, 43.537358307341755 ], [ -5.727000114378681, 43.537358307341755 ], [ -5.727000114378681, 43.536943031704851 ], [ -5.724039250508648, 43.536943031704851 ], [ -5.724039250508648, 43.536527753207956 ], [ -5.723299034541139, 43.536527753207956 ], [ -5.723299034541139, 43.536112471851069 ], [ -5.72255881857363, 43.536112471851069 ] ] ], [ [ [ -5.824708622089781, 43.546908857629347 ], [ -5.824708622089781, 43.54607843505606 ], [ -5.823968406122273, 43.54607843505606 ], [ -5.823968406122273, 43.545663219479366 ], [ -5.823228190154764, 43.545663219479366 ], [ -5.823228190154764, 43.544832779745889 ], [ -5.822487974187256, 43.544832779745889 ], [ -5.822487974187256, 43.544002328572311 ], [ -5.821747758219748, 43.544002328572311 ], [ -5.821747758219748, 43.543171865958641 ], [ -5.821007542252239, 43.543171865958641 ], [ -5.821007542252239, 43.542756630361758 ], [ -5.82026732628473, 43.542756630361758 ], [ -5.82026732628473, 43.541095659374164 ], [ -5.819527110317222, 43.541095659374164 ], [ -5.819527110317222, 43.539434642626411 ], [ -5.818786894349714, 43.539434642626411 ], [ -5.818786894349714, 43.538188850035603 ], [ -5.819527110317222, 43.538188850035603 ], [ -5.819527110317222, 43.536112471851069 ], [ -5.82026732628473, 43.536112471851069 ], [ -5.82026732628473, 43.534866610620547 ], [ -5.821007542252239, 43.534866610620547 ], [ -5.821007542252239, 43.534451317823752 ], [ -5.822487974187256, 43.534451317823752 ], [ -5.822487974187256, 43.53403602216698 ], [ -5.823228190154764, 43.53403602216698 ], [ -5.823228190154764, 43.533620723650237 ], [ -5.824708622089781, 43.533620723650237 ], [ -5.824708622089781, 43.533205422273518 ], [ -5.82544883805729, 43.533205422273518 ], [ -5.82544883805729, 43.532790118036843 ], [ -5.826189054024797, 43.532790118036843 ], [ -5.826189054024797, 43.53237481094019 ], [ -5.826929269992306, 43.53237481094019 ], [ -5.826929269992306, 43.531959500983589 ], [ -5.827669485959815, 43.531959500983589 ], [ -5.827669485959815, 43.531128872490477 ], [ -5.828409701927322, 43.531128872490477 ], [ -5.828409701927322, 43.530713553953994 ], [ -5.829149917894831, 43.530713553953994 ], [ -5.829149917894831, 43.530298232557548 ], [ -5.829890133862339, 43.530298232557548 ], [ -5.829890133862339, 43.529467581184797 ], [ -5.830630349829847, 43.529467581184797 ], [ -5.830630349829847, 43.529052251208505 ], [ -5.831370565797356, 43.529052251208505 ], [ -5.831370565797356, 43.528636918372264 ], [ -5.832850997732372, 43.528636918372264 ], [ -5.832850997732372, 43.529052251208505 ], [ -5.833591213699881, 43.529052251208505 ], [ -5.833591213699881, 43.529882908301154 ], [ -5.834331429667389, 43.529882908301154 ], [ -5.834331429667389, 43.530298232557548 ], [ -5.835071645634897, 43.530298232557548 ], [ -5.835071645634897, 43.530713553953994 ], [ -5.835811861602406, 43.530713553953994 ], [ -5.835811861602406, 43.531544188167018 ], [ -5.836552077569914, 43.531544188167018 ], [ -5.836552077569914, 43.531959500983589 ], [ -5.837292293537423, 43.531959500983589 ], [ -5.837292293537423, 43.53237481094019 ], [ -5.838032509504931, 43.53237481094019 ], [ -5.838032509504931, 43.533205422273518 ], [ -5.83877272547244, 43.533205422273518 ], [ -5.83877272547244, 43.533620723650237 ], [ -5.839512941439948, 43.533620723650237 ], [ -5.839512941439948, 43.53403602216698 ], [ -5.840253157407456, 43.53403602216698 ], [ -5.840253157407456, 43.534451317823752 ], [ -5.840993373374964, 43.534451317823752 ], [ -5.840993373374964, 43.535281900557365 ], [ -5.841733589342473, 43.535281900557365 ], [ -5.841733589342473, 43.535697187634213 ], [ -5.842473805309981, 43.535697187634213 ], [ -5.842473805309981, 43.537358307341755 ], [ -5.843214021277489, 43.537358307341755 ], [ -5.843214021277489, 43.539849901103352 ], [ -5.843954237244998, 43.539849901103352 ], [ -5.843954237244998, 43.544832779745889 ], [ -5.843214021277489, 43.544832779745889 ], [ -5.843214021277489, 43.54607843505606 ], [ -5.842473805309981, 43.54607843505606 ], [ -5.842473805309981, 43.546493647772721 ], [ -5.841733589342473, 43.546493647772721 ], [ -5.841733589342473, 43.546908857629347 ], [ -5.840993373374964, 43.546908857629347 ], [ -5.840993373374964, 43.54773926876247 ], [ -5.840253157407456, 43.54773926876247 ], [ -5.840253157407456, 43.54815447003898 ], [ -5.839512941439948, 43.54815447003898 ], [ -5.839512941439948, 43.548569668455436 ], [ -5.83877272547244, 43.548569668455436 ], [ -5.83877272547244, 43.548984864011857 ], [ -5.826929269992306, 43.548984864011857 ], [ -5.826929269992306, 43.548569668455436 ], [ -5.826189054024797, 43.548569668455436 ], [ -5.826189054024797, 43.54773926876247 ], [ -5.82544883805729, 43.54773926876247 ], [ -5.82544883805729, 43.546908857629347 ], [ -5.824708622089781, 43.546908857629347 ] ] ], [ [ [ 0.546330210254454, 35.787803380056921 ], [ 0.547070426221962, 35.787803380056921 ], [ 0.547070426221962, 35.786873994605742 ], [ 0.54781064218947, 35.786873994605742 ], [ 0.54781064218947, 35.77897377950292 ], [ 0.547070426221962, 35.77897377950292 ], [ 0.547070426221962, 35.778509036516901 ], [ 0.546330210254454, 35.778509036516901 ], [ 0.546330210254454, 35.777579542394932 ], [ 0.545589994286945, 35.777579542394932 ], [ 0.545589994286945, 35.776650037406554 ], [ 0.537447618644354, 35.776650037406554 ], [ 0.537447618644354, 35.777579542394932 ], [ 0.536707402676845, 35.777579542394932 ], [ 0.536707402676845, 35.778044290814222 ], [ 0.535967186709337, 35.778044290814222 ], [ 0.535967186709337, 35.778509036516901 ], [ 0.535226970741829, 35.778509036516901 ], [ 0.535226970741829, 35.77897377950292 ], [ 0.53448675477432, 35.77897377950292 ], [ 0.53448675477432, 35.779438519772313 ], [ 0.533746538806812, 35.779438519772313 ], [ 0.533746538806812, 35.779903257325017 ], [ 0.533006322839304, 35.779903257325017 ], [ 0.533006322839304, 35.78129745368301 ], [ 0.532266106871795, 35.78129745368301 ], [ 0.532266106871795, 35.787803380056921 ], [ 0.533006322839304, 35.787803380056921 ], [ 0.533006322839304, 35.788732754640378 ], [ 0.533746538806812, 35.788732754640378 ], [ 0.533746538806812, 35.789197437856686 ], [ 0.53448675477432, 35.789197437856686 ], [ 0.53448675477432, 35.790126796138338 ], [ 0.544849778319437, 35.790126796138338 ], [ 0.544849778319437, 35.789197437856686 ], [ 0.545589994286945, 35.789197437856686 ], [ 0.545589994286945, 35.788732754640378 ], [ 0.546330210254454, 35.788732754640378 ], [ 0.546330210254454, 35.787803380056921 ] ] ], [ [ [ 1.246574515517338, 36.135555728038689 ], [ 1.247314731484846, 36.135555728038689 ], [ 1.247314731484846, 36.13370511326643 ], [ 1.248054947452355, 36.13370511326643 ], [ 1.248054947452355, 36.132317123546741 ], [ 1.248795163419863, 36.132317123546741 ], [ 1.248795163419863, 36.130466432400581 ], [ 1.249535379387371, 36.130466432400581 ], [ 1.249535379387371, 36.129078385401499 ], [ 1.25027559535488, 36.129078385401499 ], [ 1.25027559535488, 36.126764919186158 ], [ 1.249535379387371, 36.126764919186158 ], [ 1.249535379387371, 36.124914097119721 ], [ 1.248795163419863, 36.124914097119721 ], [ 1.248795163419863, 36.123525951932208 ], [ 1.248054947452355, 36.123525951932208 ], [ 1.248054947452355, 36.121675053499345 ], [ 1.247314731484846, 36.121675053499345 ], [ 1.247314731484846, 36.120286851038067 ], [ 1.246574515517338, 36.120286851038067 ], [ 1.246574515517338, 36.119824111429786 ], [ 1.245834299549829, 36.119824111429786 ], [ 1.245834299549829, 36.119361369094264 ], [ 1.244353867614813, 36.119361369094264 ], [ 1.244353867614813, 36.118898624031523 ], [ 1.243613651647304, 36.118898624031523 ], [ 1.243613651647304, 36.11843587624157 ], [ 1.242133219712288, 36.11843587624157 ], [ 1.242133219712288, 36.118898624031523 ], [ 1.24139300374478, 36.118898624031523 ], [ 1.24139300374478, 36.119361369094264 ], [ 1.240652787777271, 36.119361369094264 ], [ 1.240652787777271, 36.119824111429786 ], [ 1.239172355842254, 36.119824111429786 ], [ 1.239172355842254, 36.120286851038067 ], [ 1.238432139874746, 36.120286851038067 ], [ 1.238432139874746, 36.120749587919107 ], [ 1.237691923907238, 36.120749587919107 ], [ 1.237691923907238, 36.121212322072857 ], [ 1.236951707939729, 36.121212322072857 ], [ 1.236951707939729, 36.118898624031523 ], [ 1.236211491972221, 36.118898624031523 ], [ 1.236211491972221, 36.116122096384153 ], [ 1.234731060037205, 36.116122096384153 ], [ 1.234731060037205, 36.115659332231232 ], [ 1.232510412134679, 36.115659332231232 ], [ 1.232510412134679, 36.115196565351212 ], [ 1.228809332297138, 36.115196565351212 ], [ 1.228809332297138, 36.116122096384153 ], [ 1.22806911632963, 36.116122096384153 ], [ 1.22806911632963, 36.117047616508593 ], [ 1.227328900362121, 36.117047616508593 ], [ 1.227328900362121, 36.117510372480098 ], [ 1.226588684394613, 36.117510372480098 ], [ 1.226588684394613, 36.122600508170429 ], [ 1.227328900362121, 36.122600508170429 ], [ 1.227328900362121, 36.123063231414996 ], [ 1.22806911632963, 36.123063231414996 ], [ 1.22806911632963, 36.123988669722088 ], [ 1.228809332297138, 36.123988669722088 ], [ 1.228809332297138, 36.124451384784592 ], [ 1.229549548264646, 36.124451384784592 ], [ 1.229549548264646, 36.124914097119721 ], [ 1.232510412134679, 36.124914097119721 ], [ 1.232510412134679, 36.124451384784592 ], [ 1.233990844069696, 36.124451384784592 ], [ 1.233990844069696, 36.124914097119721 ], [ 1.233250628102188, 36.124914097119721 ], [ 1.233250628102188, 36.125839513607794 ], [ 1.232510412134679, 36.125839513607794 ], [ 1.232510412134679, 36.127227617884188 ], [ 1.231770196167171, 36.127227617884188 ], [ 1.231770196167171, 36.128153007097822 ], [ 1.231029980199663, 36.128153007097822 ], [ 1.231029980199663, 36.129541070462068 ], [ 1.231770196167171, 36.129541070462068 ], [ 1.231770196167171, 36.131391783428839 ], [ 1.232510412134679, 36.131391783428839 ], [ 1.232510412134679, 36.132779789514281 ], [ 1.233250628102188, 36.132779789514281 ], [ 1.233250628102188, 36.134167771051025 ], [ 1.233990844069696, 36.134167771051025 ], [ 1.233990844069696, 36.135093078437173 ], [ 1.234731060037205, 36.135093078437173 ], [ 1.234731060037205, 36.135555728038689 ], [ 1.235471276004713, 36.135555728038689 ], [ 1.235471276004713, 36.136018374912496 ], [ 1.236211491972221, 36.136018374912496 ], [ 1.236211491972221, 36.136481019058579 ], [ 1.236951707939729, 36.136481019058579 ], [ 1.236951707939729, 36.136943660476909 ], [ 1.237691923907238, 36.136943660476909 ], [ 1.237691923907238, 36.13740629916748 ], [ 1.239172355842254, 36.13740629916748 ], [ 1.239172355842254, 36.137868935130264 ], [ 1.239912571809763, 36.137868935130264 ], [ 1.239912571809763, 36.138331568365288 ], [ 1.242873435679796, 36.138331568365288 ], [ 1.242873435679796, 36.137868935130264 ], [ 1.244353867614813, 36.137868935130264 ], [ 1.244353867614813, 36.13740629916748 ], [ 1.245094083582321, 36.13740629916748 ], [ 1.245094083582321, 36.136943660476909 ], [ 1.246574515517338, 36.136943660476909 ], [ 1.246574515517338, 36.135555728038689 ] ] ], [ [ [ 2.93426692143634, 36.145270739546369 ], [ 2.935007137403848, 36.145270739546369 ], [ 2.935007137403848, 36.143420353912397 ], [ 2.935747353371357, 36.143420353912397 ], [ 2.935747353371357, 36.141107310491023 ], [ 2.936487569338865, 36.141107310491023 ], [ 2.936487569338865, 36.13740629916748 ], [ 2.935747353371357, 36.13740629916748 ], [ 2.935747353371357, 36.135555728038689 ], [ 2.935007137403848, 36.135555728038689 ], [ 2.935007137403848, 36.134167771051025 ], [ 2.93426692143634, 36.134167771051025 ], [ 2.93426692143634, 36.13370511326643 ], [ 2.932046273533815, 36.13370511326643 ], [ 2.932046273533815, 36.133242452754182 ], [ 2.930565841598798, 36.133242452754182 ], [ 2.930565841598798, 36.132779789514281 ], [ 2.929085409663781, 36.132779789514281 ], [ 2.929085409663781, 36.132317123546741 ], [ 2.927604977728765, 36.132317123546741 ], [ 2.927604977728765, 36.130929109278505 ], [ 2.926864761761257, 36.130929109278505 ], [ 2.926864761761257, 36.130003752795091 ], [ 2.926124545793748, 36.130003752795091 ], [ 2.926124545793748, 36.129078385401499 ], [ 2.92538432982624, 36.129078385401499 ], [ 2.92538432982624, 36.128153007097822 ], [ 2.920202818053682, 36.128153007097822 ], [ 2.920202818053682, 36.129078385401499 ], [ 2.919462602086173, 36.129078385401499 ], [ 2.919462602086173, 36.130003752795091 ], [ 2.918722386118665, 36.130003752795091 ], [ 2.918722386118665, 36.130929109278505 ], [ 2.917982170151157, 36.130929109278505 ], [ 2.917982170151157, 36.132317123546741 ], [ 2.917241954183648, 36.132317123546741 ], [ 2.917241954183648, 36.13463042610794 ], [ 2.917982170151157, 36.13463042610794 ], [ 2.917982170151157, 36.135555728038689 ], [ 2.918722386118665, 36.135555728038689 ], [ 2.918722386118665, 36.136481019058579 ], [ 2.919462602086173, 36.136481019058579 ], [ 2.919462602086173, 36.137868935130264 ], [ 2.920202818053682, 36.137868935130264 ], [ 2.920202818053682, 36.139719451703449 ], [ 2.92094303402119, 36.139719451703449 ], [ 2.92094303402119, 36.142495144727611 ], [ 2.921683249988698, 36.142495144727611 ], [ 2.921683249988698, 36.145270739546369 ], [ 2.922423465956207, 36.145270739546369 ], [ 2.922423465956207, 36.14573332913487 ], [ 2.923903897891223, 36.14573332913487 ], [ 2.923903897891223, 36.146195915995342 ], [ 2.92538432982624, 36.146195915995342 ], [ 2.92538432982624, 36.146658500127771 ], [ 2.926864761761257, 36.146658500127771 ], [ 2.926864761761257, 36.147121081532141 ], [ 2.929085409663781, 36.147121081532141 ], [ 2.929085409663781, 36.146658500127771 ], [ 2.931306057566307, 36.146658500127771 ], [ 2.931306057566307, 36.146195915995342 ], [ 2.932786489501323, 36.146195915995342 ], [ 2.932786489501323, 36.14573332913487 ], [ 2.93426692143634, 36.14573332913487 ], [ 2.93426692143634, 36.145270739546369 ] ] ], [ [ [ 3.750725133598033, 36.186892875113685 ], [ 3.751465349565541, 36.186892875113685 ], [ 3.751465349565541, 36.186430528374551 ], [ 3.75220556553305, 36.186430528374551 ], [ 3.75220556553305, 36.185968178906165 ], [ 3.752945781500558, 36.185968178906165 ], [ 3.752945781500558, 36.185043471781654 ], [ 3.753685997468065, 36.185043471781654 ], [ 3.753685997468065, 36.184581114125564 ], [ 3.754426213435575, 36.184581114125564 ], [ 3.754426213435575, 36.184118753740272 ], [ 3.755166429403083, 36.184118753740272 ], [ 3.755166429403083, 36.180419772408193 ], [ 3.755906645370591, 36.180419772408193 ], [ 3.755906645370591, 36.175795800126778 ], [ 3.755166429403083, 36.175795800126778 ], [ 3.755166429403083, 36.174870972922768 ], [ 3.754426213435575, 36.174870972922768 ], [ 3.754426213435575, 36.173483711649958 ], [ 3.753685997468065, 36.173483711649958 ], [ 3.753685997468065, 36.173021285767938 ], [ 3.75220556553305, 36.173021285767938 ], [ 3.75220556553305, 36.172558857157064 ], [ 3.750725133598033, 36.172558857157064 ], [ 3.750725133598033, 36.17209642581733 ], [ 3.749244701663016, 36.17209642581733 ], [ 3.749244701663016, 36.171633991748799 ], [ 3.747024053760491, 36.171633991748799 ], [ 3.747024053760491, 36.171171554951435 ], [ 3.744803405857966, 36.171171554951435 ], [ 3.744803405857966, 36.17209642581733 ], [ 3.744063189890458, 36.17209642581733 ], [ 3.744063189890458, 36.172558857157064 ], [ 3.743322973922949, 36.172558857157064 ], [ 3.743322973922949, 36.173483711649958 ], [ 3.742582757955441, 36.173483711649958 ], [ 3.742582757955441, 36.174408555227394 ], [ 3.741842541987933, 36.174408555227394 ], [ 3.741842541987933, 36.175333387889239 ], [ 3.741102326020424, 36.175333387889239 ], [ 3.741102326020424, 36.175795800126778 ], [ 3.740362110052916, 36.175795800126778 ], [ 3.740362110052916, 36.176720616415025 ], [ 3.739621894085408, 36.176720616415025 ], [ 3.739621894085408, 36.177645421787389 ], [ 3.738881678117899, 36.177645421787389 ], [ 3.738881678117899, 36.178570216243784 ], [ 3.738141462150391, 36.178570216243784 ], [ 3.738141462150391, 36.17903260937846 ], [ 3.737401246182882, 36.17903260937846 ], [ 3.737401246182882, 36.185043471781654 ], [ 3.738141462150391, 36.185043471781654 ], [ 3.738141462150391, 36.185968178906165 ], [ 3.738881678117899, 36.185968178906165 ], [ 3.738881678117899, 36.186430528374551 ], [ 3.739621894085408, 36.186430528374551 ], [ 3.739621894085408, 36.187355219123539 ], [ 3.740362110052916, 36.187355219123539 ], [ 3.740362110052916, 36.187817560404099 ], [ 3.741842541987933, 36.187817560404099 ], [ 3.741842541987933, 36.188279898955365 ], [ 3.744803405857966, 36.188279898955365 ], [ 3.744803405857966, 36.188742234777301 ], [ 3.748504485695508, 36.188742234777301 ], [ 3.748504485695508, 36.188279898955365 ], [ 3.749244701663016, 36.188279898955365 ], [ 3.749244701663016, 36.187817560404099 ], [ 3.749984917630524, 36.187817560404099 ], [ 3.749984917630524, 36.187355219123539 ], [ 3.750725133598033, 36.187355219123539 ], [ 3.750725133598033, 36.186892875113685 ] ] ], [ [ [ 3.866939040496842, 36.208620092988198 ], [ 3.869159688399366, 36.208620092988198 ], [ 3.869159688399366, 36.20815787454012 ], [ 3.870640120334383, 36.20815787454012 ], [ 3.870640120334383, 36.207695653362137 ], [ 3.871380336301891, 36.207695653362137 ], [ 3.871380336301891, 36.206308973448799 ], [ 3.872120552269399, 36.206308973448799 ], [ 3.872120552269399, 36.204922268966712 ], [ 3.872860768236908, 36.204922268966712 ], [ 3.872860768236908, 36.203073291439821 ], [ 3.872120552269399, 36.203073291439821 ], [ 3.872120552269399, 36.201686529632077 ], [ 3.871380336301891, 36.201686529632077 ], [ 3.871380336301891, 36.200299743256828 ], [ 3.870640120334383, 36.200299743256828 ], [ 3.870640120334383, 36.198450656541034 ], [ 3.869899904366874, 36.198450656541034 ], [ 3.869899904366874, 36.197063812843062 ], [ 3.869159688399366, 36.197063812843062 ], [ 3.869159688399366, 36.19613923672982 ], [ 3.868419472431857, 36.19613923672982 ], [ 3.868419472431857, 36.195676944578857 ], [ 3.866939040496842, 36.195676944578857 ], [ 3.866939040496842, 36.195214649698372 ], [ 3.866198824529333, 36.195214649698372 ], [ 3.866198824529333, 36.194752352088322 ], [ 3.864718392594316, 36.194752352088322 ], [ 3.864718392594316, 36.19429005174878 ], [ 3.863237960659299, 36.19429005174878 ], [ 3.863237960659299, 36.193827748679738 ], [ 3.862497744691792, 36.193827748679738 ], [ 3.862497744691792, 36.193365442881202 ], [ 3.859536880821758, 36.193365442881202 ], [ 3.859536880821758, 36.193827748679738 ], [ 3.85879666485425, 36.193827748679738 ], [ 3.85879666485425, 36.19429005174878 ], [ 3.857316232919233, 36.19429005174878 ], [ 3.857316232919233, 36.194752352088322 ], [ 3.856576016951724, 36.194752352088322 ], [ 3.856576016951724, 36.195214649698372 ], [ 3.855095585016708, 36.195214649698372 ], [ 3.855095585016708, 36.195676944578857 ], [ 3.8543553690492, 36.195676944578857 ], [ 3.8543553690492, 36.19613923672982 ], [ 3.853615153081691, 36.19613923672982 ], [ 3.853615153081691, 36.196601526151227 ], [ 3.852874937114183, 36.196601526151227 ], [ 3.852874937114183, 36.198450656541034 ], [ 3.852134721146674, 36.198450656541034 ], [ 3.852134721146674, 36.203073291439821 ], [ 3.852874937114183, 36.203073291439821 ], [ 3.852874937114183, 36.204922268966712 ], [ 3.853615153081691, 36.204922268966712 ], [ 3.853615153081691, 36.20584674135128 ], [ 3.8543553690492, 36.20584674135128 ], [ 3.8543553690492, 36.206771202816455 ], [ 3.855095585016708, 36.206771202816455 ], [ 3.855095585016708, 36.207695653362137 ], [ 3.855835800984216, 36.207695653362137 ], [ 3.855835800984216, 36.208620092988198 ], [ 3.856576016951724, 36.208620092988198 ], [ 3.856576016951724, 36.209082308706328 ], [ 3.857316232919233, 36.209082308706328 ], [ 3.857316232919233, 36.209544521694525 ], [ 3.858056448886741, 36.209544521694525 ], [ 3.858056448886741, 36.210006731952745 ], [ 3.859536880821758, 36.210006731952745 ], [ 3.859536880821758, 36.210468939481004 ], [ 3.861757528724283, 36.210468939481004 ], [ 3.861757528724283, 36.210006731952745 ], [ 3.863237960659299, 36.210006731952745 ], [ 3.863237960659299, 36.209544521694525 ], [ 3.865458608561824, 36.209544521694525 ], [ 3.865458608561824, 36.209082308706328 ], [ 3.866939040496842, 36.209082308706328 ], [ 3.866939040496842, 36.208620092988198 ] ] ], [ [ [ 4.268876310853867, 36.572458521662405 ], [ 4.271096958756392, 36.572458521662405 ], [ 4.271096958756392, 36.571538398407291 ], [ 4.2718371747239, 36.571538398407291 ], [ 4.2718371747239, 36.569238042308001 ], [ 4.272577390691408, 36.569238042308001 ], [ 4.272577390691408, 36.566937617693576 ], [ 4.273317606658916, 36.566937617693576 ], [ 4.273317606658916, 36.564637124565685 ], [ 4.274057822626425, 36.564637124565685 ], [ 4.274057822626425, 36.563256795803177 ], [ 4.273317606658916, 36.563256795803177 ], [ 4.273317606658916, 36.561876442376793 ], [ 4.272577390691408, 36.561876442376793 ], [ 4.272577390691408, 36.560035932776174 ], [ 4.271096958756392, 36.560035932776174 ], [ 4.271096958756392, 36.559575798525152 ], [ 4.270356742788883, 36.559575798525152 ], [ 4.270356742788883, 36.559115661533795 ], [ 4.268876310853867, 36.559115661533795 ], [ 4.268876310853867, 36.558655521802123 ], [ 4.26739587891885, 36.558655521802123 ], [ 4.26739587891885, 36.559115661533795 ], [ 4.265915446983834, 36.559115661533795 ], [ 4.265915446983834, 36.559575798525152 ], [ 4.265175231016325, 36.559575798525152 ], [ 4.265175231016325, 36.560035932776174 ], [ 4.262214367146291, 36.560035932776174 ], [ 4.262214367146291, 36.559575798525152 ], [ 4.259993719243767, 36.559575798525152 ], [ 4.259993719243767, 36.559115661533795 ], [ 4.259253503276258, 36.559115661533795 ], [ 4.259253503276258, 36.558655521802123 ], [ 4.25851328730875, 36.558655521802123 ], [ 4.25851328730875, 36.557735234117892 ], [ 4.257773071341242, 36.557735234117892 ], [ 4.257773071341242, 36.55727508616539 ], [ 4.257032855373733, 36.55727508616539 ], [ 4.257032855373733, 36.55635478203957 ], [ 4.252591559568684, 36.55635478203957 ], [ 4.252591559568684, 36.556814935472602 ], [ 4.251851343601174, 36.556814935472602 ], [ 4.251851343601174, 36.55727508616539 ], [ 4.251111127633667, 36.55727508616539 ], [ 4.251111127633667, 36.557735234117892 ], [ 4.250370911666158, 36.557735234117892 ], [ 4.250370911666158, 36.558655521802123 ], [ 4.24963069569865, 36.558655521802123 ], [ 4.24963069569865, 36.559575798525152 ], [ 4.248890479731142, 36.559575798525152 ], [ 4.248890479731142, 36.563716908131134 ], [ 4.24963069569865, 36.563716908131134 ], [ 4.24963069569865, 36.565557330038352 ], [ 4.250370911666158, 36.565557330038352 ], [ 4.250370911666158, 36.566937617693576 ], [ 4.251111127633667, 36.566937617693576 ], [ 4.251111127633667, 36.568777962866271 ], [ 4.251851343601174, 36.568777962866271 ], [ 4.251851343601174, 36.570158192969622 ], [ 4.252591559568684, 36.570158192969622 ], [ 4.252591559568684, 36.570618264189505 ], [ 4.253331775536191, 36.570618264189505 ], [ 4.253331775536191, 36.571078332668719 ], [ 4.254071991503699, 36.571078332668719 ], [ 4.254071991503699, 36.571538398407291 ], [ 4.254812207471208, 36.571538398407291 ], [ 4.254812207471208, 36.571998461405187 ], [ 4.255552423438716, 36.571998461405187 ], [ 4.255552423438716, 36.572458521662405 ], [ 4.257032855373733, 36.572458521662405 ], [ 4.257032855373733, 36.572918579178904 ], [ 4.257773071341242, 36.572918579178904 ], [ 4.257773071341242, 36.573378633954711 ], [ 4.25851328730875, 36.573378633954711 ], [ 4.25851328730875, 36.573838685989791 ], [ 4.259253503276258, 36.573838685989791 ], [ 4.259253503276258, 36.574298735284124 ], [ 4.262214367146291, 36.574298735284124 ], [ 4.262214367146291, 36.573838685989791 ], [ 4.264435015048816, 36.573838685989791 ], [ 4.264435015048816, 36.573378633954711 ], [ 4.266655662951342, 36.573378633954711 ], [ 4.266655662951342, 36.572918579178904 ], [ 4.268876310853867, 36.572918579178904 ], [ 4.268876310853867, 36.572458521662405 ] ] ], [ [ [ 3.143748040241198, 36.603276314916315 ], [ 3.144488256208707, 36.603276314916315 ], [ 3.144488256208707, 36.600517014187183 ], [ 3.145228472176215, 36.600517014187183 ], [ 3.145228472176215, 36.598217521521264 ], [ 3.144488256208707, 36.598217521521264 ], [ 3.144488256208707, 36.595917960319227 ], [ 3.143748040241198, 36.595917960319227 ], [ 3.143748040241198, 36.594078262012708 ], [ 3.14300782427369, 36.594078262012708 ], [ 3.14300782427369, 36.593618330582743 ], [ 3.142267608306182, 36.593618330582743 ], [ 3.142267608306182, 36.593158396411461 ], [ 3.141527392338674, 36.593158396411461 ], [ 3.141527392338674, 36.592698459498877 ], [ 3.140787176371165, 36.592698459498877 ], [ 3.140787176371165, 36.592238519845012 ], [ 3.140046960403657, 36.592238519845012 ], [ 3.140046960403657, 36.591778577449873 ], [ 3.139306744436149, 36.591778577449873 ], [ 3.139306744436149, 36.591318632313481 ], [ 3.13856652846864, 36.591318632313481 ], [ 3.13856652846864, 36.590858684435844 ], [ 3.137826312501132, 36.590858684435844 ], [ 3.137826312501132, 36.591318632313481 ], [ 3.135605664598607, 36.591318632313481 ], [ 3.135605664598607, 36.591778577449873 ], [ 3.13412523266359, 36.591778577449873 ], [ 3.13412523266359, 36.592238519845012 ], [ 3.132644800728573, 36.592238519845012 ], [ 3.132644800728573, 36.593158396411461 ], [ 3.131904584761065, 36.593158396411461 ], [ 3.131904584761065, 36.594078262012708 ], [ 3.131164368793557, 36.594078262012708 ], [ 3.131164368793557, 36.594538190701364 ], [ 3.130424152826048, 36.594538190701364 ], [ 3.130424152826048, 36.595458039854627 ], [ 3.12968393685854, 36.595458039854627 ], [ 3.12968393685854, 36.596377878042439 ], [ 3.128943720891032, 36.596377878042439 ], [ 3.128943720891032, 36.599137326812055 ], [ 3.12968393685854, 36.599137326812055 ], [ 3.12968393685854, 36.604196059893432 ], [ 3.130424152826048, 36.604196059893432 ], [ 3.130424152826048, 36.604655928269572 ], [ 3.131164368793557, 36.604655928269572 ], [ 3.131164368793557, 36.605575656796958 ], [ 3.131904584761065, 36.605575656796958 ], [ 3.131904584761065, 36.606035516948175 ], [ 3.132644800728573, 36.606035516948175 ], [ 3.132644800728573, 36.606495374357721 ], [ 3.141527392338674, 36.606495374357721 ], [ 3.141527392338674, 36.605575656796958 ], [ 3.142267608306182, 36.605575656796958 ], [ 3.142267608306182, 36.605115793904091 ], [ 3.14300782427369, 36.605115793904091 ], [ 3.14300782427369, 36.604196059893432 ], [ 3.143748040241198, 36.604196059893432 ], [ 3.143748040241198, 36.603276314916315 ] ] ], [ [ [ 2.891334395320857, 36.608794620279923 ], [ 2.891334395320857, 36.606035516948175 ], [ 2.890594179353348, 36.606035516948175 ], [ 2.890594179353348, 36.604655928269572 ], [ 2.891334395320857, 36.604655928269572 ], [ 2.891334395320857, 36.605115793904091 ], [ 2.892814827255873, 36.605115793904091 ], [ 2.892814827255873, 36.605575656796958 ], [ 2.893555043223381, 36.605575656796958 ], [ 2.893555043223381, 36.606035516948175 ], [ 2.895035475158398, 36.606035516948175 ], [ 2.895035475158398, 36.605575656796958 ], [ 2.895775691125907, 36.605575656796958 ], [ 2.895775691125907, 36.605115793904091 ], [ 2.896515907093415, 36.605115793904091 ], [ 2.896515907093415, 36.604655928269572 ], [ 2.897256123060923, 36.604655928269572 ], [ 2.897256123060923, 36.604196059893432 ], [ 2.897996339028431, 36.604196059893432 ], [ 2.897996339028431, 36.603736188775677 ], [ 2.89873655499594, 36.603736188775677 ], [ 2.89873655499594, 36.603276314916315 ], [ 2.899476770963448, 36.603276314916315 ], [ 2.899476770963448, 36.602816438315351 ], [ 2.900216986930956, 36.602816438315351 ], [ 2.900216986930956, 36.602356558972815 ], [ 2.901697418865973, 36.602356558972815 ], [ 2.901697418865973, 36.601896676888721 ], [ 2.902437634833482, 36.601896676888721 ], [ 2.902437634833482, 36.600057121136963 ], [ 2.90317785080099, 36.600057121136963 ], [ 2.90317785080099, 36.598217521521264 ], [ 2.903918066768498, 36.598217521521264 ], [ 2.903918066768498, 36.597757614763687 ], [ 2.90317785080099, 36.597757614763687 ], [ 2.90317785080099, 36.596377878042439 ], [ 2.902437634833482, 36.596377878042439 ], [ 2.902437634833482, 36.595458039854627 ], [ 2.901697418865973, 36.595458039854627 ], [ 2.901697418865973, 36.594078262012708 ], [ 2.900957202898465, 36.594078262012708 ], [ 2.900957202898465, 36.593158396411461 ], [ 2.900216986930956, 36.593158396411461 ], [ 2.900216986930956, 36.592698459498877 ], [ 2.899476770963448, 36.592698459498877 ], [ 2.899476770963448, 36.593158396411461 ], [ 2.896515907093415, 36.593158396411461 ], [ 2.896515907093415, 36.593618330582743 ], [ 2.89429525919089, 36.593618330582743 ], [ 2.89429525919089, 36.594078262012708 ], [ 2.891334395320857, 36.594078262012708 ], [ 2.891334395320857, 36.594538190701364 ], [ 2.889113747418332, 36.594538190701364 ], [ 2.889113747418332, 36.596377878042439 ], [ 2.888373531450823, 36.596377878042439 ], [ 2.888373531450823, 36.598217521521264 ], [ 2.887633315483315, 36.598217521521264 ], [ 2.887633315483315, 36.598677425537396 ], [ 2.888373531450823, 36.598677425537396 ], [ 2.888373531450823, 36.600976904495894 ], [ 2.889113747418332, 36.600976904495894 ], [ 2.889113747418332, 36.601896676888721 ], [ 2.887633315483315, 36.601896676888721 ], [ 2.887633315483315, 36.601436792063076 ], [ 2.886893099515807, 36.601436792063076 ], [ 2.886893099515807, 36.600976904495894 ], [ 2.88541266758079, 36.600976904495894 ], [ 2.88541266758079, 36.599597225345263 ], [ 2.886152883548299, 36.599597225345263 ], [ 2.886152883548299, 36.598677425537396 ], [ 2.886893099515807, 36.598677425537396 ], [ 2.886893099515807, 36.597757614763687 ], [ 2.887633315483315, 36.597757614763687 ], [ 2.887633315483315, 36.596377878042439 ], [ 2.886893099515807, 36.596377878042439 ], [ 2.886893099515807, 36.594538190701364 ], [ 2.886152883548299, 36.594538190701364 ], [ 2.886152883548299, 36.592698459498877 ], [ 2.88541266758079, 36.592698459498877 ], [ 2.88541266758079, 36.592238519845012 ], [ 2.884672451613281, 36.592238519845012 ], [ 2.884672451613281, 36.591318632313481 ], [ 2.883932235645773, 36.591318632313481 ], [ 2.883932235645773, 36.590858684435844 ], [ 2.883192019678265, 36.590858684435844 ], [ 2.883192019678265, 36.58993878045689 ], [ 2.882451803710757, 36.58993878045689 ], [ 2.882451803710757, 36.589478824355602 ], [ 2.881711587743248, 36.589478824355602 ], [ 2.881711587743248, 36.589018865513104 ], [ 2.88097137177574, 36.589018865513104 ], [ 2.88097137177574, 36.588558903929453 ], [ 2.879490939840723, 36.588558903929453 ], [ 2.879490939840723, 36.589018865513104 ], [ 2.875789860003182, 36.589018865513104 ], [ 2.875789860003182, 36.589478824355602 ], [ 2.873569212100656, 36.589478824355602 ], [ 2.873569212100656, 36.58993878045689 ], [ 2.872828996133148, 36.58993878045689 ], [ 2.872828996133148, 36.590858684435844 ], [ 2.87208878016564, 36.590858684435844 ], [ 2.87208878016564, 36.591778577449873 ], [ 2.871348564198132, 36.591778577449873 ], [ 2.871348564198132, 36.592238519845012 ], [ 2.870608348230624, 36.592238519845012 ], [ 2.870608348230624, 36.593158396411461 ], [ 2.869868132263115, 36.593158396411461 ], [ 2.869868132263115, 36.594078262012708 ], [ 2.869127916295606, 36.594078262012708 ], [ 2.869127916295606, 36.594998116648675 ], [ 2.868387700328098, 36.594998116648675 ], [ 2.868387700328098, 36.598217521521264 ], [ 2.86764748436059, 36.598217521521264 ], [ 2.86764748436059, 36.601896676888721 ], [ 2.868387700328098, 36.601896676888721 ], [ 2.868387700328098, 36.602816438315351 ], [ 2.869127916295606, 36.602816438315351 ], [ 2.869127916295606, 36.603736188775677 ], [ 2.869868132263115, 36.603736188775677 ], [ 2.869868132263115, 36.604655928269572 ], [ 2.870608348230624, 36.604655928269572 ], [ 2.870608348230624, 36.605575656796958 ], [ 2.871348564198132, 36.605575656796958 ], [ 2.871348564198132, 36.606035516948175 ], [ 2.878010507905707, 36.606035516948175 ], [ 2.878010507905707, 36.605575656796958 ], [ 2.878750723873215, 36.605575656796958 ], [ 2.878750723873215, 36.605115793904091 ], [ 2.880231155808231, 36.605115793904091 ], [ 2.880231155808231, 36.604655928269572 ], [ 2.88097137177574, 36.604655928269572 ], [ 2.88097137177574, 36.609254461239168 ], [ 2.881711587743248, 36.609254461239168 ], [ 2.881711587743248, 36.609714299456655 ], [ 2.882451803710757, 36.609714299456655 ], [ 2.882451803710757, 36.610633967666281 ], [ 2.883192019678265, 36.610633967666281 ], [ 2.883192019678265, 36.611553624908673 ], [ 2.888373531450823, 36.611553624908673 ], [ 2.888373531450823, 36.611093797658391 ], [ 2.889113747418332, 36.611093797658391 ], [ 2.889113747418332, 36.610633967666281 ], [ 2.88985396338584, 36.610633967666281 ], [ 2.88985396338584, 36.609714299456655 ], [ 2.890594179353348, 36.609714299456655 ], [ 2.890594179353348, 36.608794620279923 ], [ 2.891334395320857, 36.608794620279923 ] ], [ [ 2.88541266758079, 36.601436792063076 ], [ 2.884672451613281, 36.601436792063076 ], [ 2.884672451613281, 36.600976904495894 ], [ 2.88541266758079, 36.600976904495894 ], [ 2.88541266758079, 36.601436792063076 ] ], [ [ 2.88097137177574, 36.604196059893432 ], [ 2.881711587743248, 36.604196059893432 ], [ 2.881711587743248, 36.604655928269572 ], [ 2.88097137177574, 36.604655928269572 ], [ 2.88097137177574, 36.604196059893432 ] ] ], [ [ [ 3.126723072988507, 36.687387561947112 ], [ 3.128203504923524, 36.687387561947112 ], [ 3.128203504923524, 36.68692818727758 ], [ 3.128943720891032, 36.68692818727758 ], [ 3.128943720891032, 36.686468809864046 ], [ 3.12968393685854, 36.686468809864046 ], [ 3.12968393685854, 36.685550046805048 ], [ 3.130424152826048, 36.685550046805048 ], [ 3.130424152826048, 36.684631272770233 ], [ 3.131164368793557, 36.684631272770233 ], [ 3.131164368793557, 36.683712487759699 ], [ 3.131904584761065, 36.683712487759699 ], [ 3.131904584761065, 36.677740117665422 ], [ 3.132644800728573, 36.677740117665422 ], [ 3.132644800728573, 36.675442928775055 ], [ 3.131904584761065, 36.675442928775055 ], [ 3.131904584761065, 36.674983482765938 ], [ 3.131164368793557, 36.674983482765938 ], [ 3.131164368793557, 36.674064582516735 ], [ 3.130424152826048, 36.674064582516735 ], [ 3.130424152826048, 36.673605128276698 ], [ 3.12968393685854, 36.673605128276698 ], [ 3.12968393685854, 36.672686211565782 ], [ 3.121541561215949, 36.672686211565782 ], [ 3.121541561215949, 36.672226749094932 ], [ 3.120801345248441, 36.672226749094932 ], [ 3.120801345248441, 36.672686211565782 ], [ 3.119320913313424, 36.672686211565782 ], [ 3.119320913313424, 36.673145671293035 ], [ 3.117840481378407, 36.673145671293035 ], [ 3.117840481378407, 36.673605128276698 ], [ 3.117100265410898, 36.673605128276698 ], [ 3.117100265410898, 36.674064582516735 ], [ 3.115619833475882, 36.674064582516735 ], [ 3.115619833475882, 36.67452403401316 ], [ 3.114879617508374, 36.67452403401316 ], [ 3.114879617508374, 36.674983482765938 ], [ 3.113399185573357, 36.674983482765938 ], [ 3.113399185573357, 36.675442928775055 ], [ 3.112658969605848, 36.675442928775055 ], [ 3.112658969605848, 36.675902372040525 ], [ 3.111178537670832, 36.675902372040525 ], [ 3.111178537670832, 36.677280685374775 ], [ 3.110438321703324, 36.677280685374775 ], [ 3.110438321703324, 36.679118398074984 ], [ 3.109698105735816, 36.679118398074984 ], [ 3.109698105735816, 36.684631272770233 ], [ 3.110438321703324, 36.684631272770233 ], [ 3.110438321703324, 36.68692818727758 ], [ 3.111178537670832, 36.68692818727758 ], [ 3.111178537670832, 36.687387561947112 ], [ 3.11191875363834, 36.687387561947112 ], [ 3.11191875363834, 36.688306303054155 ], [ 3.112658969605848, 36.688306303054155 ], [ 3.112658969605848, 36.688765669491623 ], [ 3.113399185573357, 36.688765669491623 ], [ 3.113399185573357, 36.689225033185046 ], [ 3.124502425085982, 36.689225033185046 ], [ 3.124502425085982, 36.688765669491623 ], [ 3.12524264105349, 36.688765669491623 ], [ 3.12524264105349, 36.688306303054155 ], [ 3.125982857020999, 36.688306303054155 ], [ 3.125982857020999, 36.687846933872635 ], [ 3.126723072988507, 36.687846933872635 ], [ 3.126723072988507, 36.687387561947112 ] ] ], [ [ [ 4.505745420456534, 36.749836948331236 ], [ 4.505745420456534, 36.748459936001332 ], [ 4.506485636424041, 36.748459936001332 ], [ 4.506485636424041, 36.748918942857074 ], [ 4.50722585239155, 36.748918942857074 ], [ 4.50722585239155, 36.749377946967037 ], [ 4.507966068359059, 36.749377946967037 ], [ 4.507966068359059, 36.750295946949642 ], [ 4.508706284326567, 36.750295946949642 ], [ 4.508706284326567, 36.750754942822262 ], [ 4.509446500294075, 36.750754942822262 ], [ 4.509446500294075, 36.751672926330023 ], [ 4.512407364164109, 36.751672926330023 ], [ 4.512407364164109, 36.75121393594906 ], [ 4.514628012066634, 36.75121393594906 ], [ 4.514628012066634, 36.750754942822262 ], [ 4.51610844400165, 36.750754942822262 ], [ 4.51610844400165, 36.750295946949642 ], [ 4.516848659969158, 36.750295946949642 ], [ 4.516848659969158, 36.749377946967037 ], [ 4.517588875936666, 36.749377946967037 ], [ 4.517588875936666, 36.748459936001332 ], [ 4.518329091904175, 36.748459936001332 ], [ 4.518329091904175, 36.74754191405264 ], [ 4.519069307871684, 36.74754191405264 ], [ 4.519069307871684, 36.746623881121046 ], [ 4.519809523839192, 36.746623881121046 ], [ 4.519809523839192, 36.745705837206678 ], [ 4.5205497398067, 36.745705837206678 ], [ 4.5205497398067, 36.744787782309629 ], [ 4.521289955774209, 36.744787782309629 ], [ 4.521289955774209, 36.743869716429998 ], [ 4.522030171741717, 36.743869716429998 ], [ 4.522030171741717, 36.742951639567913 ], [ 4.522770387709225, 36.742951639567913 ], [ 4.522770387709225, 36.742033551723452 ], [ 4.523510603676733, 36.742033551723452 ], [ 4.523510603676733, 36.738820157783188 ], [ 4.522770387709225, 36.738820157783188 ], [ 4.522770387709225, 36.735606629314681 ], [ 4.522030171741717, 36.735606629314681 ], [ 4.522030171741717, 36.735147542837545 ], [ 4.521289955774209, 36.735147542837545 ], [ 4.521289955774209, 36.734688453615036 ], [ 4.5205497398067, 36.734688453615036 ], [ 4.5205497398067, 36.734229361647174 ], [ 4.519809523839192, 36.734229361647174 ], [ 4.519809523839192, 36.733770266933959 ], [ 4.519069307871684, 36.733770266933959 ], [ 4.519069307871684, 36.733311169475435 ], [ 4.518329091904175, 36.733311169475435 ], [ 4.518329091904175, 36.732852069271566 ], [ 4.517588875936666, 36.732852069271566 ], [ 4.517588875936666, 36.731933860627962 ], [ 4.516848659969158, 36.731933860627962 ], [ 4.516848659969158, 36.731015641003239 ], [ 4.51610844400165, 36.731015641003239 ], [ 4.51610844400165, 36.729638290976787 ], [ 4.515368228034141, 36.729638290976787 ], [ 4.515368228034141, 36.728720043899735 ], [ 4.514628012066634, 36.728720043899735 ], [ 4.514628012066634, 36.728260916243428 ], [ 4.505745420456534, 36.728260916243428 ], [ 4.505745420456534, 36.728720043899735 ], [ 4.505005204489025, 36.728720043899735 ], [ 4.505005204489025, 36.729179168810866 ], [ 4.503524772554009, 36.729179168810866 ], [ 4.503524772554009, 36.729638290976787 ], [ 4.502784556586501, 36.729638290976787 ], [ 4.502784556586501, 36.730097410397498 ], [ 4.502044340618992, 36.730097410397498 ], [ 4.502044340618992, 36.730556527072991 ], [ 4.501304124651484, 36.730556527072991 ], [ 4.501304124651484, 36.729638290976787 ], [ 4.500563908683975, 36.729638290976787 ], [ 4.500563908683975, 36.726424378166556 ], [ 4.499823692716467, 36.726424378166556 ], [ 4.499823692716467, 36.725965236784504 ], [ 4.49834326078145, 36.725965236784504 ], [ 4.49834326078145, 36.725506092657341 ], [ 4.496122612878925, 36.725506092657341 ], [ 4.496122612878925, 36.725046945785088 ], [ 4.493161749008892, 36.725046945785088 ], [ 4.493161749008892, 36.725506092657341 ], [ 4.492421533041384, 36.725506092657341 ], [ 4.492421533041384, 36.726424378166556 ], [ 4.491681317073875, 36.726424378166556 ], [ 4.491681317073875, 36.726883516803483 ], [ 4.490941101106367, 36.726883516803483 ], [ 4.490941101106367, 36.731933860627962 ], [ 4.491681317073875, 36.731933860627962 ], [ 4.491681317073875, 36.733311169475435 ], [ 4.490941101106367, 36.733311169475435 ], [ 4.490941101106367, 36.734688453615036 ], [ 4.490200885138858, 36.734688453615036 ], [ 4.490200885138858, 36.736065713046429 ], [ 4.48946066917135, 36.736065713046429 ], [ 4.48946066917135, 36.73698387227374 ], [ 4.488720453203842, 36.73698387227374 ], [ 4.488720453203842, 36.738361090524002 ], [ 4.487980237236333, 36.738361090524002 ], [ 4.487980237236333, 36.739738284065112 ], [ 4.487240021268826, 36.739738284065112 ], [ 4.487240021268826, 36.742492597018455 ], [ 4.487980237236333, 36.742492597018455 ], [ 4.487980237236333, 36.744328750742632 ], [ 4.488720453203842, 36.744328750742632 ], [ 4.488720453203842, 36.746164860536709 ], [ 4.48946066917135, 36.746164860536709 ], [ 4.48946066917135, 36.74754191405264 ], [ 4.490200885138858, 36.74754191405264 ], [ 4.490200885138858, 36.748918942857074 ], [ 4.491681317073875, 36.748918942857074 ], [ 4.491681317073875, 36.749377946967037 ], [ 4.492421533041384, 36.749377946967037 ], [ 4.492421533041384, 36.749836948331236 ], [ 4.493161749008892, 36.749836948331236 ], [ 4.493161749008892, 36.750295946949642 ], [ 4.494642180943909, 36.750295946949642 ], [ 4.494642180943909, 36.750754942822262 ], [ 4.495382396911417, 36.750754942822262 ], [ 4.495382396911417, 36.75121393594906 ], [ 4.496862828846433, 36.75121393594906 ], [ 4.496862828846433, 36.751672926330023 ], [ 4.497603044813942, 36.751672926330023 ], [ 4.497603044813942, 36.752131913965158 ], [ 4.501304124651484, 36.752131913965158 ], [ 4.501304124651484, 36.751672926330023 ], [ 4.502784556586501, 36.751672926330023 ], [ 4.502784556586501, 36.75121393594906 ], [ 4.504264988521517, 36.75121393594906 ], [ 4.504264988521517, 36.750754942822262 ], [ 4.505005204489025, 36.750754942822262 ], [ 4.505005204489025, 36.749836948331236 ], [ 4.505745420456534, 36.749836948331236 ] ] ], [ [ [ 3.089712274613091, 36.753049880997843 ], [ 3.089712274613091, 36.748000926399854 ], [ 3.088972058645582, 36.748000926399854 ], [ 3.088972058645582, 36.746623881121046 ], [ 3.088231842678073, 36.746623881121046 ], [ 3.088231842678073, 36.745705837206678 ], [ 3.087491626710565, 36.745705837206678 ], [ 3.087491626710565, 36.744328750742632 ], [ 3.086751410743056, 36.744328750742632 ], [ 3.086751410743056, 36.743410679371763 ], [ 3.086011194775548, 36.743410679371763 ], [ 3.086011194775548, 36.742951639567913 ], [ 3.08527097880804, 36.742951639567913 ], [ 3.08527097880804, 36.742492597018455 ], [ 3.084530762840532, 36.742492597018455 ], [ 3.084530762840532, 36.742033551723452 ], [ 3.083050330905515, 36.742033551723452 ], [ 3.083050330905515, 36.741574503682855 ], [ 3.08082968300299, 36.741574503682855 ], [ 3.08082968300299, 36.742033551723452 ], [ 3.079349251067974, 36.742033551723452 ], [ 3.079349251067974, 36.742492597018455 ], [ 3.078609035100465, 36.742492597018455 ], [ 3.078609035100465, 36.742951639567913 ], [ 3.077128603165448, 36.742951639567913 ], [ 3.077128603165448, 36.743410679371763 ], [ 3.07638838719794, 36.743410679371763 ], [ 3.07638838719794, 36.743869716429998 ], [ 3.074907955262923, 36.743869716429998 ], [ 3.074907955262923, 36.74524681113099 ], [ 3.074167739295415, 36.74524681113099 ], [ 3.074167739295415, 36.748459936001332 ], [ 3.073427523327906, 36.748459936001332 ], [ 3.073427523327906, 36.75121393594906 ], [ 3.074167739295415, 36.75121393594906 ], [ 3.074167739295415, 36.752131913965158 ], [ 3.074907955262923, 36.752131913965158 ], [ 3.074907955262923, 36.752590898854436 ], [ 3.075648171230431, 36.752590898854436 ], [ 3.075648171230431, 36.753508860395392 ], [ 3.07638838719794, 36.753508860395392 ], [ 3.07638838719794, 36.753967837047014 ], [ 3.079349251067974, 36.753967837047014 ], [ 3.079349251067974, 36.754426810952772 ], [ 3.081569898970499, 36.754426810952772 ], [ 3.081569898970499, 36.754885782112567 ], [ 3.084530762840532, 36.754885782112567 ], [ 3.084530762840532, 36.755344750526469 ], [ 3.086751410743056, 36.755344750526469 ], [ 3.086751410743056, 36.754885782112567 ], [ 3.087491626710565, 36.754885782112567 ], [ 3.087491626710565, 36.754426810952772 ], [ 3.088231842678073, 36.754426810952772 ], [ 3.088231842678073, 36.753508860395392 ], [ 3.088972058645582, 36.753508860395392 ], [ 3.088972058645582, 36.753049880997843 ], [ 3.089712274613091, 36.753049880997843 ] ] ], [ [ [ 1.667017185062072, 41.319976656407619 ], [ 1.66775740102958, 41.319976656407619 ], [ 1.66775740102958, 41.319116189662658 ], [ 1.668497616997088, 41.319116189662658 ], [ 1.668497616997088, 41.317395222091427 ], [ 1.669237832964597, 41.317395222091427 ], [ 1.669237832964597, 41.315674209078693 ], [ 1.669978048932105, 41.315674209078693 ], [ 1.669978048932105, 41.31395315062484 ], [ 1.670718264899614, 41.31395315062484 ], [ 1.670718264899614, 41.312232046730209 ], [ 1.669978048932105, 41.312232046730209 ], [ 1.669978048932105, 41.31051089739514 ], [ 1.669237832964597, 41.31051089739514 ], [ 1.669237832964597, 41.308789702620011 ], [ 1.668497616997088, 41.308789702620011 ], [ 1.668497616997088, 41.30749877671883 ], [ 1.66775740102958, 41.30749877671883 ], [ 1.66775740102958, 41.307068462405169 ], [ 1.667017185062072, 41.307068462405169 ], [ 1.667017185062072, 41.306638145251547 ], [ 1.666276969094563, 41.306638145251547 ], [ 1.666276969094563, 41.306207825257957 ], [ 1.665536753127055, 41.306207825257957 ], [ 1.665536753127055, 41.305777502424441 ], [ 1.661835673289513, 41.305777502424441 ], [ 1.661835673289513, 41.306207825257957 ], [ 1.661095457322005, 41.306207825257957 ], [ 1.661095457322005, 41.306638145251547 ], [ 1.659615025386988, 41.306638145251547 ], [ 1.659615025386988, 41.307068462405169 ], [ 1.658134593451972, 41.307068462405169 ], [ 1.658134593451972, 41.30749877671883 ], [ 1.657394377484463, 41.30749877671883 ], [ 1.657394377484463, 41.307929088192537 ], [ 1.656654161516955, 41.307929088192537 ], [ 1.656654161516955, 41.308359396826262 ], [ 1.655913945549446, 41.308359396826262 ], [ 1.655913945549446, 41.309650305687569 ], [ 1.655173729581938, 41.309650305687569 ], [ 1.655173729581938, 41.311371477742703 ], [ 1.65443351361443, 41.311371477742703 ], [ 1.65443351361443, 41.312232046730209 ], [ 1.655173729581938, 41.312232046730209 ], [ 1.655173729581938, 41.314383419498391 ], [ 1.655913945549446, 41.314383419498391 ], [ 1.655913945549446, 41.316964973098372 ], [ 1.656654161516955, 41.316964973098372 ], [ 1.656654161516955, 41.318685952030009 ], [ 1.657394377484463, 41.318685952030009 ], [ 1.657394377484463, 41.319116189662658 ], [ 1.65887480941948, 41.319116189662658 ], [ 1.65887480941948, 41.319546424455204 ], [ 1.659615025386988, 41.319546424455204 ], [ 1.659615025386988, 41.319976656407619 ], [ 1.660355241354497, 41.319976656407619 ], [ 1.660355241354497, 41.320406885519908 ], [ 1.661835673289513, 41.320406885519908 ], [ 1.661835673289513, 41.320837111792073 ], [ 1.662575889257022, 41.320837111792073 ], [ 1.662575889257022, 41.321267335224093 ], [ 1.664796537159547, 41.321267335224093 ], [ 1.664796537159547, 41.320837111792073 ], [ 1.665536753127055, 41.320837111792073 ], [ 1.665536753127055, 41.320406885519908 ], [ 1.667017185062072, 41.320406885519908 ], [ 1.667017185062072, 41.319976656407619 ] ] ], [ [ [ 0.453062998348404, 42.462356187696031 ], [ 0.453803214315912, 42.462356187696031 ], [ 0.453803214315912, 42.46193358206019 ], [ 0.45454343028342, 42.46193358206019 ], [ 0.45454343028342, 42.461510973571876 ], [ 0.455283646250928, 42.461510973571876 ], [ 0.455283646250928, 42.46108836223106 ], [ 0.456023862218437, 42.46108836223106 ], [ 0.456023862218437, 42.459820511093746 ], [ 0.455283646250928, 42.459820511093746 ], [ 0.455283646250928, 42.455171503950794 ], [ 0.45454343028342, 42.455171503950794 ], [ 0.45454343028342, 42.45136751411497 ], [ 0.453803214315912, 42.45136751411497 ], [ 0.453803214315912, 42.450099466159784 ], [ 0.453062998348404, 42.450099466159784 ], [ 0.453062998348404, 42.448831392533123 ], [ 0.452322782380895, 42.448831392533123 ], [ 0.452322782380895, 42.447985995853479 ], [ 0.451582566413387, 42.447985995853479 ], [ 0.451582566413387, 42.44671787944128 ], [ 0.450842350445879, 42.44671787944128 ], [ 0.450842350445879, 42.445449737357904 ], [ 0.45010213447837, 42.445449737357904 ], [ 0.45010213447837, 42.444604295040591 ], [ 0.449361918510862, 42.444604295040591 ], [ 0.449361918510862, 42.443336110172119 ], [ 0.446401054640829, 42.443336110172119 ], [ 0.446401054640829, 42.443758841313951 ], [ 0.444920622705812, 42.443758841313951 ], [ 0.444920622705812, 42.44418156960343 ], [ 0.442699974803287, 42.44418156960343 ], [ 0.442699974803287, 42.444604295040591 ], [ 0.44121954286827, 42.444604295040591 ], [ 0.44121954286827, 42.445027017625421 ], [ 0.439739110933254, 42.445027017625421 ], [ 0.439739110933254, 42.445449737357904 ], [ 0.438258678998237, 42.445449737357904 ], [ 0.438258678998237, 42.445872454238042 ], [ 0.430116303355645, 42.445872454238042 ], [ 0.430116303355645, 42.44671787944128 ], [ 0.429376087388137, 42.44671787944128 ], [ 0.429376087388137, 42.44714058776438 ], [ 0.428635871420629, 42.44714058776438 ], [ 0.428635871420629, 42.447563293235106 ], [ 0.42789565545312, 42.447563293235106 ], [ 0.42789565545312, 42.447985995853479 ], [ 0.427155439485612, 42.447985995853479 ], [ 0.427155439485612, 42.448408695619484 ], [ 0.426415223518103, 42.448408695619484 ], [ 0.426415223518103, 42.448831392533123 ], [ 0.425675007550595, 42.448831392533123 ], [ 0.425675007550595, 42.449254086594394 ], [ 0.424934791583087, 42.449254086594394 ], [ 0.424934791583087, 42.449676777803276 ], [ 0.424194575615579, 42.449676777803276 ], [ 0.424194575615579, 42.450099466159784 ], [ 0.42345435964807, 42.450099466159784 ], [ 0.42345435964807, 42.450522151663897 ], [ 0.422714143680562, 42.450522151663897 ], [ 0.422714143680562, 42.450944834315635 ], [ 0.421973927713053, 42.450944834315635 ], [ 0.421973927713053, 42.45136751411497 ], [ 0.421233711745545, 42.45136751411497 ], [ 0.421233711745545, 42.451790191061924 ], [ 0.420493495778037, 42.451790191061924 ], [ 0.420493495778037, 42.458130002976084 ], [ 0.421233711745545, 42.458130002976084 ], [ 0.421233711745545, 42.460243130991991 ], [ 0.421973927713053, 42.460243130991991 ], [ 0.421973927713053, 42.46108836223106 ], [ 0.422714143680562, 42.46108836223106 ], [ 0.422714143680562, 42.461510973571876 ], [ 0.42345435964807, 42.461510973571876 ], [ 0.42345435964807, 42.462356187696031 ], [ 0.429376087388137, 42.462356187696031 ], [ 0.429376087388137, 42.461510973571876 ], [ 0.430116303355645, 42.461510973571876 ], [ 0.430116303355645, 42.460665748037762 ], [ 0.430856519323154, 42.460665748037762 ], [ 0.430856519323154, 42.459820511093746 ], [ 0.43233695125817, 42.459820511093746 ], [ 0.43233695125817, 42.460243130991991 ], [ 0.433817383193187, 42.460243130991991 ], [ 0.433817383193187, 42.460665748037762 ], [ 0.435297815128204, 42.460665748037762 ], [ 0.435297815128204, 42.46108836223106 ], [ 0.43677824706322, 42.46108836223106 ], [ 0.43677824706322, 42.461510973571876 ], [ 0.437518463030728, 42.461510973571876 ], [ 0.437518463030728, 42.46108836223106 ], [ 0.439739110933254, 42.46108836223106 ], [ 0.439739110933254, 42.460665748037762 ], [ 0.441959758835779, 42.460665748037762 ], [ 0.441959758835779, 42.460243130991991 ], [ 0.444920622705812, 42.460243130991991 ], [ 0.444920622705812, 42.460665748037762 ], [ 0.44566083867332, 42.460665748037762 ], [ 0.44566083867332, 42.46108836223106 ], [ 0.446401054640829, 42.46108836223106 ], [ 0.446401054640829, 42.46193358206019 ], [ 0.447141270608337, 42.46193358206019 ], [ 0.447141270608337, 42.462356187696031 ], [ 0.447881486575845, 42.462356187696031 ], [ 0.447881486575845, 42.462778790479376 ], [ 0.448621702543353, 42.462778790479376 ], [ 0.448621702543353, 42.463623987488582 ], [ 0.449361918510862, 42.463623987488582 ], [ 0.449361918510862, 42.46404658171442 ], [ 0.451582566413387, 42.46404658171442 ], [ 0.451582566413387, 42.463623987488582 ], [ 0.452322782380895, 42.463623987488582 ], [ 0.452322782380895, 42.463201390410227 ], [ 0.453062998348404, 42.463201390410227 ], [ 0.453062998348404, 42.462356187696031 ] ] ], [ [ [ 0.771355864376987, 42.585213221552657 ], [ 0.771355864376987, 42.584791446147328 ], [ 0.772096080344496, 42.584791446147328 ], [ 0.772096080344496, 42.584369667888453 ], [ 0.77431672824702, 42.584369667888453 ], [ 0.77431672824702, 42.584791446147328 ], [ 0.775056944214529, 42.584791446147328 ], [ 0.775056944214529, 42.585213221552657 ], [ 0.776537376149546, 42.585213221552657 ], [ 0.776537376149546, 42.585634994104439 ], [ 0.777277592117054, 42.585634994104439 ], [ 0.777277592117054, 42.586056763802652 ], [ 0.780238455987087, 42.586056763802652 ], [ 0.780238455987087, 42.585634994104439 ], [ 0.780978671954596, 42.585634994104439 ], [ 0.780978671954596, 42.585213221552657 ], [ 0.781718887922104, 42.585213221552657 ], [ 0.781718887922104, 42.584791446147328 ], [ 0.782459103889612, 42.584791446147328 ], [ 0.782459103889612, 42.584369667888453 ], [ 0.783199319857121, 42.584369667888453 ], [ 0.783199319857121, 42.583947886776031 ], [ 0.783939535824629, 42.583947886776031 ], [ 0.783939535824629, 42.583526102810062 ], [ 0.784679751792137, 42.583526102810062 ], [ 0.784679751792137, 42.58310431599056 ], [ 0.785419967759646, 42.58310431599056 ], [ 0.785419967759646, 42.582682526317519 ], [ 0.786160183727154, 42.582682526317519 ], [ 0.786160183727154, 42.582260733790939 ], [ 0.786900399694662, 42.582260733790939 ], [ 0.786900399694662, 42.581838938410847 ], [ 0.787640615662171, 42.581838938410847 ], [ 0.787640615662171, 42.581417140177216 ], [ 0.788380831629679, 42.581417140177216 ], [ 0.788380831629679, 42.580995339090066 ], [ 0.789121047597187, 42.580995339090066 ], [ 0.789121047597187, 42.579308106206341 ], [ 0.789861263564696, 42.579308106206341 ], [ 0.789861263564696, 42.574667980362733 ], [ 0.789121047597187, 42.574667980362733 ], [ 0.789121047597187, 42.57382428402326 ], [ 0.788380831629679, 42.57382428402326 ], [ 0.788380831629679, 42.573402431573349 ], [ 0.787640615662171, 42.573402431573349 ], [ 0.787640615662171, 42.572980576269977 ], [ 0.786900399694662, 42.572980576269977 ], [ 0.786900399694662, 42.57255871811315 ], [ 0.786160183727154, 42.57255871811315 ], [ 0.786160183727154, 42.572136857102876 ], [ 0.785419967759646, 42.572136857102876 ], [ 0.785419967759646, 42.571714993239169 ], [ 0.784679751792137, 42.571714993239169 ], [ 0.784679751792137, 42.571293126522015 ], [ 0.783939535824629, 42.571293126522015 ], [ 0.783939535824629, 42.569183750134791 ], [ 0.783199319857121, 42.569183750134791 ], [ 0.783199319857121, 42.567496197663459 ], [ 0.782459103889612, 42.567496197663459 ], [ 0.782459103889612, 42.567074302412117 ], [ 0.781718887922104, 42.567074302412117 ], [ 0.781718887922104, 42.566652404307369 ], [ 0.780978671954596, 42.566652404307369 ], [ 0.780978671954596, 42.566230503349217 ], [ 0.779498240019579, 42.566230503349217 ], [ 0.779498240019579, 42.565808599537682 ], [ 0.778758024052071, 42.565808599537682 ], [ 0.778758024052071, 42.565386692872764 ], [ 0.778017808084562, 42.565386692872764 ], [ 0.778017808084562, 42.564964783354441 ], [ 0.777277592117054, 42.564964783354441 ], [ 0.777277592117054, 42.564542870982748 ], [ 0.775056944214529, 42.564542870982748 ], [ 0.775056944214529, 42.564964783354441 ], [ 0.77431672824702, 42.564964783354441 ], [ 0.77431672824702, 42.565386692872764 ], [ 0.773576512279512, 42.565386692872764 ], [ 0.773576512279512, 42.565808599537682 ], [ 0.771355864376987, 42.565808599537682 ], [ 0.771355864376987, 42.564964783354441 ], [ 0.770615648409479, 42.564964783354441 ], [ 0.770615648409479, 42.564542870982748 ], [ 0.769875432441971, 42.564542870982748 ], [ 0.769875432441971, 42.563699037679221 ], [ 0.769135216474462, 42.563699037679221 ], [ 0.769135216474462, 42.563277116747408 ], [ 0.768395000506954, 42.563277116747408 ], [ 0.768395000506954, 42.562433266323673 ], [ 0.762473272766887, 42.562433266323673 ], [ 0.762473272766887, 42.563277116747408 ], [ 0.761733056799379, 42.563277116747408 ], [ 0.761733056799379, 42.564120955757673 ], [ 0.760992840831871, 42.564120955757673 ], [ 0.760992840831871, 42.564542870982748 ], [ 0.760252624864362, 42.564542870982748 ], [ 0.760252624864362, 42.567074302412117 ], [ 0.759512408896854, 42.567074302412117 ], [ 0.759512408896854, 42.571293126522015 ], [ 0.760252624864362, 42.571293126522015 ], [ 0.760252624864362, 42.572980576269977 ], [ 0.760992840831871, 42.572980576269977 ], [ 0.760992840831871, 42.574246133619731 ], [ 0.761733056799379, 42.574246133619731 ], [ 0.761733056799379, 42.574667980362733 ], [ 0.763213488734395, 42.574667980362733 ], [ 0.763213488734395, 42.575089824252274 ], [ 0.763953704701904, 42.575089824252274 ], [ 0.763953704701904, 42.575511665288339 ], [ 0.764693920669412, 42.575511665288339 ], [ 0.764693920669412, 42.575933503470942 ], [ 0.765434136636921, 42.575933503470942 ], [ 0.765434136636921, 42.576355338800063 ], [ 0.766174352604429, 42.576355338800063 ], [ 0.766174352604429, 42.577199000897878 ], [ 0.765434136636921, 42.577199000897878 ], [ 0.765434136636921, 42.57762082766655 ], [ 0.764693920669412, 42.57762082766655 ], [ 0.764693920669412, 42.578464472643439 ], [ 0.763953704701904, 42.578464472643439 ], [ 0.763953704701904, 42.578886290851635 ], [ 0.763213488734395, 42.578886290851635 ], [ 0.763213488734395, 42.58310431599056 ], [ 0.763953704701904, 42.58310431599056 ], [ 0.763953704701904, 42.585213221552657 ], [ 0.764693920669412, 42.585213221552657 ], [ 0.764693920669412, 42.585634994104439 ], [ 0.765434136636921, 42.585634994104439 ], [ 0.765434136636921, 42.586056763802652 ], [ 0.766174352604429, 42.586056763802652 ], [ 0.766174352604429, 42.586478530647305 ], [ 0.767654784539446, 42.586478530647305 ], [ 0.767654784539446, 42.586900294638404 ], [ 0.769135216474462, 42.586900294638404 ], [ 0.769135216474462, 42.586478530647305 ], [ 0.769875432441971, 42.586478530647305 ], [ 0.769875432441971, 42.585634994104439 ], [ 0.770615648409479, 42.585634994104439 ], [ 0.770615648409479, 42.585213221552657 ], [ 0.771355864376987, 42.585213221552657 ] ] ], [ [ [ 0.741747225676654, 42.701093153523928 ], [ 0.741747225676654, 42.700672162977241 ], [ 0.742487441644162, 42.700672162977241 ], [ 0.742487441644162, 42.700251169576056 ], [ 0.743227657611671, 42.700251169576056 ], [ 0.743227657611671, 42.69940917421021 ], [ 0.743967873579179, 42.69940917421021 ], [ 0.743967873579179, 42.698988172245535 ], [ 0.744708089546687, 42.698988172245535 ], [ 0.744708089546687, 42.698567167426383 ], [ 0.745448305514195, 42.698567167426383 ], [ 0.745448305514195, 42.696883119604948 ], [ 0.746188521481704, 42.696883119604948 ], [ 0.746188521481704, 42.694777995602578 ], [ 0.746928737449212, 42.694777995602578 ], [ 0.746928737449212, 42.69393592602043 ], [ 0.747668953416721, 42.69393592602043 ], [ 0.747668953416721, 42.693514886947682 ], [ 0.748409169384229, 42.693514886947682 ], [ 0.748409169384229, 42.692672800238846 ], [ 0.749149385351737, 42.692672800238846 ], [ 0.749149385351737, 42.692251752602779 ], [ 0.749889601319246, 42.692251752602779 ], [ 0.749889601319246, 42.686777873581562 ], [ 0.749149385351737, 42.686777873581562 ], [ 0.749149385351737, 42.686356785983719 ], [ 0.748409169384229, 42.686356785983719 ], [ 0.748409169384229, 42.685514602224885 ], [ 0.747668953416721, 42.685514602224885 ], [ 0.747668953416721, 42.684672407048524 ], [ 0.744708089546687, 42.684672407048524 ], [ 0.744708089546687, 42.685093506063893 ], [ 0.741007009709145, 42.685093506063893 ], [ 0.741007009709145, 42.684672407048524 ], [ 0.740266793741637, 42.684672407048524 ], [ 0.740266793741637, 42.684251305178783 ], [ 0.73878636180662, 42.684251305178783 ], [ 0.73878636180662, 42.683830200454665 ], [ 0.737305929871604, 42.683830200454665 ], [ 0.737305929871604, 42.684251305178783 ], [ 0.736565713904096, 42.684251305178783 ], [ 0.736565713904096, 42.684672407048524 ], [ 0.735825497936587, 42.684672407048524 ], [ 0.735825497936587, 42.685093506063893 ], [ 0.735085281969079, 42.685093506063893 ], [ 0.735085281969079, 42.685514602224885 ], [ 0.73434506600157, 42.685514602224885 ], [ 0.73434506600157, 42.685935695531491 ], [ 0.733604850034062, 42.685935695531491 ], [ 0.733604850034062, 42.686356785983719 ], [ 0.732864634066554, 42.686356785983719 ], [ 0.732864634066554, 42.687198958325013 ], [ 0.732124418099046, 42.687198958325013 ], [ 0.732124418099046, 42.688462195428997 ], [ 0.731384202131537, 42.688462195428997 ], [ 0.731384202131537, 42.689725406843344 ], [ 0.730643986164029, 42.689725406843344 ], [ 0.730643986164029, 42.690567533514184 ], [ 0.72990377019652, 42.690567533514184 ], [ 0.72990377019652, 42.691830702112277 ], [ 0.729163554229012, 42.691830702112277 ], [ 0.729163554229012, 42.693093845020478 ], [ 0.728423338261504, 42.693093845020478 ], [ 0.728423338261504, 42.694356962238729 ], [ 0.729163554229012, 42.694356962238729 ], [ 0.729163554229012, 42.695199026111972 ], [ 0.72990377019652, 42.695199026111972 ], [ 0.72990377019652, 42.696462100513408 ], [ 0.730643986164029, 42.696462100513408 ], [ 0.730643986164029, 42.697725149224624 ], [ 0.731384202131537, 42.697725149224624 ], [ 0.731384202131537, 42.698567167426383 ], [ 0.732124418099046, 42.698567167426383 ], [ 0.732124418099046, 42.699830173320379 ], [ 0.732864634066554, 42.699830173320379 ], [ 0.732864634066554, 42.700672162977241 ], [ 0.733604850034062, 42.700672162977241 ], [ 0.733604850034062, 42.701935126053762 ], [ 0.73434506600157, 42.701935126053762 ], [ 0.73434506600157, 42.702356108036916 ], [ 0.739526577774129, 42.702356108036916 ], [ 0.739526577774129, 42.701935126053762 ], [ 0.740266793741637, 42.701935126053762 ], [ 0.740266793741637, 42.701514141216094 ], [ 0.741007009709145, 42.701514141216094 ], [ 0.741007009709145, 42.701093153523928 ], [ 0.741747225676654, 42.701093153523928 ] ] ] ] } }
]
}
