{
"type": "FeatureCollection",
"name": "spain_fires_nrt_ba",
"crs": { "type": "name", "properties": { "name": "urn:ogc:def:crs:OGC:1.3:CRS84" } },
"features": [
{ "type": "Feature", "properties": { }, "geometry": { "type": "MultiPolygon", "coordinates": [ [ [ [ -5.772893504364196, 35.56956521061889 ], [ -5.772893504364196, 35.56909924664312 ], [ -5.771413072429181, 35.56909924664312 ], [ -5.771413072429181, 35.56956521061889 ], [ -5.769932640494164, 35.56956521061889 ], [ -5.769932640494164, 35.5700311718847 ], [ -5.768452208559149, 35.5700311718847 ], [ -5.768452208559149, 35.56956521061889 ], [ -5.767711992591639, 35.56956521061889 ], [ -5.767711992591639, 35.56909924664312 ], [ -5.76697177662413, 35.56909924664312 ], [ -5.76697177662413, 35.568633279957403 ], [ -5.765491344689115, 35.568633279957403 ], [ -5.765491344689115, 35.568167310561769 ], [ -5.764751128721605, 35.568167310561769 ], [ -5.764751128721605, 35.56770133845621 ], [ -5.764010912754097, 35.56770133845621 ], [ -5.764010912754097, 35.567235363640762 ], [ -5.76327069678659, 35.567235363640762 ], [ -5.76327069678659, 35.566769386115425 ], [ -5.761790264851572, 35.566769386115425 ], [ -5.761790264851572, 35.566303405880227 ], [ -5.761050048884065, 35.566303405880227 ], [ -5.761050048884065, 35.565837422935175 ], [ -5.760309832916556, 35.565837422935175 ], [ -5.760309832916556, 35.565371437280291 ], [ -5.759569616949047, 35.565371437280291 ], [ -5.759569616949047, 35.563507467562687 ], [ -5.758829400981539, 35.563507467562687 ], [ -5.758829400981539, 35.562109461821933 ], [ -5.758089185014031, 35.562109461821933 ], [ -5.758089185014031, 35.56164345448888 ], [ -5.758829400981539, 35.56164345448888 ], [ -5.758829400981539, 35.559779398059881 ], [ -5.759569616949047, 35.559779398059881 ], [ -5.759569616949047, 35.556051155140075 ], [ -5.758829400981539, 35.556051155140075 ], [ -5.758829400981539, 35.55372091525529 ], [ -5.759569616949047, 35.55372091525529 ], [ -5.759569616949047, 35.549992390549335 ], [ -5.760309832916556, 35.549992390549335 ], [ -5.760309832916556, 35.547195883227815 ], [ -5.761050048884065, 35.547195883227815 ], [ -5.761050048884065, 35.546263692446608 ], [ -5.761790264851572, 35.546263692446608 ], [ -5.761790264851572, 35.545797592992201 ], [ -5.76253048081908, 35.545797592992201 ], [ -5.76253048081908, 35.544865385955823 ], [ -5.76327069678659, 35.544865385955823 ], [ -5.76327069678659, 35.543933168082816 ], [ -5.764010912754097, 35.543933168082816 ], [ -5.764010912754097, 35.543000939373307 ], [ -5.764751128721605, 35.543000939373307 ], [ -5.764751128721605, 35.542534820954891 ], [ -5.765491344689115, 35.542534820954891 ], [ -5.765491344689115, 35.540670320190564 ], [ -5.766231560656622, 35.540670320190564 ], [ -5.766231560656622, 35.537873487773723 ], [ -5.76697177662413, 35.537873487773723 ], [ -5.76697177662413, 35.536941188629832 ], [ -5.767711992591639, 35.536941188629832 ], [ -5.767711992591639, 35.536475034994524 ], [ -5.769932640494164, 35.536475034994524 ], [ -5.769932640494164, 35.536008878650335 ], [ -5.771413072429181, 35.536008878650335 ], [ -5.771413072429181, 35.535542719597274 ], [ -5.773633720331706, 35.535542719597274 ], [ -5.773633720331706, 35.53507655783536 ], [ -5.775114152266722, 35.53507655783536 ], [ -5.775114152266722, 35.534610393364595 ], [ -5.77659458420174, 35.534610393364595 ], [ -5.77659458420174, 35.534144226185013 ], [ -5.778815232104265, 35.534144226185013 ], [ -5.778815232104265, 35.533678056296615 ], [ -5.78029566403928, 35.533678056296615 ], [ -5.78029566403928, 35.53321188369943 ], [ -5.782516311941805, 35.53321188369943 ], [ -5.782516311941805, 35.532745708393463 ], [ -5.783996743876822, 35.532745708393463 ], [ -5.783996743876822, 35.532279530378716 ], [ -5.785477175811839, 35.532279530378716 ], [ -5.785477175811839, 35.531813349655238 ], [ -5.787697823714364, 35.531813349655238 ], [ -5.787697823714364, 35.532279530378716 ], [ -5.791398903551905, 35.532279530378716 ], [ -5.791398903551905, 35.532745708393463 ], [ -5.795840199356956, 35.532745708393463 ], [ -5.795840199356956, 35.53321188369943 ], [ -5.797320631291973, 35.53321188369943 ], [ -5.797320631291973, 35.533678056296615 ], [ -5.798060847259481, 35.533678056296615 ], [ -5.798060847259481, 35.534610393364595 ], [ -5.798801063226989, 35.534610393364595 ], [ -5.798801063226989, 35.535542719597274 ], [ -5.799541279194496, 35.535542719597274 ], [ -5.799541279194496, 35.544399278373895 ], [ -5.798801063226989, 35.544399278373895 ], [ -5.798801063226989, 35.544865385955823 ], [ -5.798060847259481, 35.544865385955823 ], [ -5.798060847259481, 35.545331490828602 ], [ -5.797320631291973, 35.545331490828602 ], [ -5.797320631291973, 35.545797592992201 ], [ -5.796580415324465, 35.545797592992201 ], [ -5.796580415324465, 35.546729789191822 ], [ -5.795840199356956, 35.546729789191822 ], [ -5.795840199356956, 35.547195883227815 ], [ -5.795099983389448, 35.547195883227815 ], [ -5.795099983389448, 35.547661974554565 ], [ -5.79435976742194, 35.547661974554565 ], [ -5.79435976742194, 35.548128063172072 ], [ -5.795099983389448, 35.548128063172072 ], [ -5.795099983389448, 35.550458465620366 ], [ -5.795840199356956, 35.550458465620366 ], [ -5.795840199356956, 35.555585112582101 ], [ -5.795099983389448, 35.555585112582101 ], [ -5.795099983389448, 35.557915298276626 ], [ -5.79435976742194, 35.557915298276626 ], [ -5.79435976742194, 35.558381327286853 ], [ -5.793619551454431, 35.558381327286853 ], [ -5.793619551454431, 35.558847353587474 ], [ -5.792879335486922, 35.558847353587474 ], [ -5.792879335486922, 35.559313377178498 ], [ -5.792139119519415, 35.559313377178498 ], [ -5.792139119519415, 35.559779398059881 ], [ -5.791398903551905, 35.559779398059881 ], [ -5.791398903551905, 35.560245416231631 ], [ -5.790658687584397, 35.560245416231631 ], [ -5.790658687584397, 35.560711431693733 ], [ -5.789918471616889, 35.560711431693733 ], [ -5.789918471616889, 35.561177444446159 ], [ -5.78917825564938, 35.561177444446159 ], [ -5.78917825564938, 35.56257546644526 ], [ -5.788438039681872, 35.56257546644526 ], [ -5.788438039681872, 35.563973464056765 ], [ -5.787697823714364, 35.563973464056765 ], [ -5.787697823714364, 35.565371437280291 ], [ -5.786957607746857, 35.565371437280291 ], [ -5.786957607746857, 35.566769386115425 ], [ -5.786217391779348, 35.566769386115425 ], [ -5.786217391779348, 35.568167310561769 ], [ -5.785477175811839, 35.568167310561769 ], [ -5.785477175811839, 35.568633279957403 ], [ -5.783996743876822, 35.568633279957403 ], [ -5.783996743876822, 35.56909924664312 ], [ -5.782516311941805, 35.56909924664312 ], [ -5.782516311941805, 35.56956521061889 ], [ -5.78029566403928, 35.56956521061889 ], [ -5.78029566403928, 35.5700311718847 ], [ -5.778075016136755, 35.5700311718847 ], [ -5.778075016136755, 35.570497130440543 ], [ -5.77585436823423, 35.570497130440543 ], [ -5.77585436823423, 35.5700311718847 ], [ -5.774373936299214, 35.5700311718847 ], [ -5.774373936299214, 35.56956521061889 ], [ -5.772893504364196, 35.56956521061889 ] ] ], [ [ [ -6.41614118012894, 37.259912162457006 ], [ -6.41614118012894, 37.259456230559039 ], [ -6.415400964161432, 37.259456230559039 ], [ -6.415400964161432, 37.259000295901238 ], [ -6.414660748193924, 37.259000295901238 ], [ -6.414660748193924, 37.258544358483633 ], [ -6.413920532226415, 37.258544358483633 ], [ -6.413920532226415, 37.25808841830623 ], [ -6.413180316258907, 37.25808841830623 ], [ -6.413180316258907, 37.252616920917696 ], [ -6.413920532226415, 37.252616920917696 ], [ -6.413920532226415, 37.251704966050767 ], [ -6.414660748193924, 37.251704966050767 ], [ -6.414660748193924, 37.251248984477876 ], [ -6.415400964161432, 37.251248984477876 ], [ -6.415400964161432, 37.250337013053297 ], [ -6.419102043998973, 37.250337013053297 ], [ -6.419102043998973, 37.247145026141226 ], [ -6.419842259966481, 37.247145026141226 ], [ -6.419842259966481, 37.245320972910953 ], [ -6.42058247593399, 37.245320972910953 ], [ -6.42058247593399, 37.244864952704738 ], [ -6.422803123836515, 37.244864952704738 ], [ -6.422803123836515, 37.244408929739095 ], [ -6.425023771739041, 37.244408929739095 ], [ -6.425023771739041, 37.243952904014044 ], [ -6.426504203674057, 37.243952904014044 ], [ -6.426504203674057, 37.244408929739095 ], [ -6.427244419641565, 37.244408929739095 ], [ -6.427244419641565, 37.245320972910953 ], [ -6.427984635609074, 37.245320972910953 ], [ -6.427984635609074, 37.245776990357712 ], [ -6.428724851576582, 37.245776990357712 ], [ -6.428724851576582, 37.246689016972866 ], [ -6.42946506754409, 37.246689016972866 ], [ -6.42946506754409, 37.248057036199462 ], [ -6.430205283511597, 37.248057036199462 ], [ -6.430205283511597, 37.250337013053297 ], [ -6.430945499479106, 37.250337013053297 ], [ -6.430945499479106, 37.252160944864045 ], [ -6.431685715446616, 37.252160944864045 ], [ -6.431685715446616, 37.254440797535786 ], [ -6.432425931414123, 37.254440797535786 ], [ -6.432425931414123, 37.254896759791137 ], [ -6.431685715446616, 37.254896759791137 ], [ -6.431685715446616, 37.255808676022696 ], [ -6.430945499479106, 37.255808676022696 ], [ -6.430945499479106, 37.257176529672087 ], [ -6.430205283511597, 37.257176529672087 ], [ -6.430205283511597, 37.25808841830623 ], [ -6.42946506754409, 37.25808841830623 ], [ -6.42946506754409, 37.259456230559039 ], [ -6.427984635609074, 37.259456230559039 ], [ -6.427984635609074, 37.259912162457006 ], [ -6.424283555771532, 37.259912162457006 ], [ -6.424283555771532, 37.260368091595154 ], [ -6.419842259966481, 37.260368091595154 ], [ -6.419842259966481, 37.260824017973448 ], [ -6.417621612063957, 37.260824017973448 ], [ -6.417621612063957, 37.260368091595154 ], [ -6.416881396096448, 37.260368091595154 ], [ -6.416881396096448, 37.259912162457006 ], [ -6.41614118012894, 37.259912162457006 ] ] ], [ [ [ -8.930654821754752, 38.507727969991208 ], [ -8.930654821754752, 38.507279698864743 ], [ -8.929914605787243, 38.507279698864743 ], [ -8.929914605787243, 38.506383148240374 ], [ -8.929174389819734, 38.506383148240374 ], [ -8.929174389819734, 38.498313690346649 ], [ -8.929914605787243, 38.498313690346649 ], [ -8.929914605787243, 38.496968692802099 ], [ -8.930654821754752, 38.496968692802099 ], [ -8.930654821754752, 38.496072013821113 ], [ -8.931395037722259, 38.496072013821113 ], [ -8.931395037722259, 38.495623670145257 ], [ -8.932135253689768, 38.495623670145257 ], [ -8.932135253689768, 38.495175323679177 ], [ -8.934355901592292, 38.495175323679177 ], [ -8.934355901592292, 38.494726974422882 ], [ -8.93657654949482, 38.494726974422882 ], [ -8.93657654949482, 38.494278622376385 ], [ -8.938056981429837, 38.494278622376385 ], [ -8.938056981429837, 38.495175323679177 ], [ -8.938797197397344, 38.495175323679177 ], [ -8.938797197397344, 38.495623670145257 ], [ -8.939537413364851, 38.495623670145257 ], [ -8.939537413364851, 38.496520354706732 ], [ -8.94027762933236, 38.496520354706732 ], [ -8.94027762933236, 38.497417028107222 ], [ -8.941017845299868, 38.497417028107222 ], [ -8.941017845299868, 38.503245133155907 ], [ -8.941758061267377, 38.503245133155907 ], [ -8.941758061267377, 38.50503830137535 ], [ -8.941017845299868, 38.50503830137535 ], [ -8.941017845299868, 38.50548658645414 ], [ -8.94027762933236, 38.50548658645414 ], [ -8.94027762933236, 38.505934868742486 ], [ -8.939537413364851, 38.505934868742486 ], [ -8.939537413364851, 38.506831424947798 ], [ -8.938797197397344, 38.506831424947798 ], [ -8.938797197397344, 38.507279698864743 ], [ -8.938056981429837, 38.507279698864743 ], [ -8.938056981429837, 38.50817623832716 ], [ -8.937316765462327, 38.50817623832716 ], [ -8.937316765462327, 38.508624503872618 ], [ -8.93657654949482, 38.508624503872618 ], [ -8.93657654949482, 38.509072766627547 ], [ -8.932135253689768, 38.509072766627547 ], [ -8.932135253689768, 38.508624503872618 ], [ -8.931395037722259, 38.508624503872618 ], [ -8.931395037722259, 38.507727969991208 ], [ -8.930654821754752, 38.507727969991208 ] ] ], [ [ [ -5.664821973107981, 38.928312946922837 ], [ -5.663341541172964, 38.928312946922837 ], [ -5.663341541172964, 38.927867306004288 ], [ -5.662601325205456, 38.927867306004288 ], [ -5.662601325205456, 38.92608471433384 ], [ -5.661861109237947, 38.92608471433384 ], [ -5.661861109237947, 38.922073719299874 ], [ -5.662601325205456, 38.922073719299874 ], [ -5.662601325205456, 38.91984529074211 ], [ -5.663341541172964, 38.91984529074211 ], [ -5.663341541172964, 38.917616792197727 ], [ -5.664081757140473, 38.917616792197727 ], [ -5.664081757140473, 38.916725373183986 ], [ -5.664821973107981, 38.916725373183986 ], [ -5.664821973107981, 38.916279659478015 ], [ -5.666302405042998, 38.916279659478015 ], [ -5.666302405042998, 38.915833942972647 ], [ -5.667042621010506, 38.915833942972647 ], [ -5.667042621010506, 38.915388223667904 ], [ -5.66926326891303, 38.915388223667904 ], [ -5.66926326891303, 38.915833942972647 ], [ -5.670743700848047, 38.915833942972647 ], [ -5.670743700848047, 38.916279659478015 ], [ -5.672964348750573, 38.916279659478015 ], [ -5.672964348750573, 38.916725373183986 ], [ -5.674444780685589, 38.916725373183986 ], [ -5.674444780685589, 38.917171084090562 ], [ -5.675925212620605, 38.917171084090562 ], [ -5.675925212620605, 38.917616792197727 ], [ -5.676665428588114, 38.917616792197727 ], [ -5.676665428588114, 38.918062497505481 ], [ -5.677405644555622, 38.918062497505481 ], [ -5.677405644555622, 38.919399596632125 ], [ -5.67814586052313, 38.919399596632125 ], [ -5.67814586052313, 38.921182356275246 ], [ -5.678886076490638, 38.921182356275246 ], [ -5.678886076490638, 38.921628039187318 ], [ -5.67814586052313, 38.921628039187318 ], [ -5.67814586052313, 38.92385641175494 ], [ -5.677405644555622, 38.92385641175494 ], [ -5.677405644555622, 38.92608471433384 ], [ -5.676665428588114, 38.92608471433384 ], [ -5.676665428588114, 38.927867306004288 ], [ -5.675925212620605, 38.927867306004288 ], [ -5.675925212620605, 38.928758585041741 ], [ -5.675184996653098, 38.928758585041741 ], [ -5.675184996653098, 38.929204220361015 ], [ -5.674444780685589, 38.929204220361015 ], [ -5.674444780685589, 38.929649852880601 ], [ -5.672964348750573, 38.929649852880601 ], [ -5.672964348750573, 38.930095482600521 ], [ -5.670003484880539, 38.930095482600521 ], [ -5.670003484880539, 38.929649852880601 ], [ -5.668523052945521, 38.929649852880601 ], [ -5.668523052945521, 38.929204220361015 ], [ -5.667042621010506, 38.929204220361015 ], [ -5.667042621010506, 38.928758585041741 ], [ -5.664821973107981, 38.928758585041741 ], [ -5.664821973107981, 38.928312946922837 ] ] ], [ [ [ -9.007637282375619, 38.928312946922837 ], [ -9.006897066408111, 38.928312946922837 ], [ -9.006897066408111, 38.926976015768297 ], [ -9.006156850440602, 38.926976015768297 ], [ -9.006156850440602, 38.92608471433384 ], [ -9.005416634473093, 38.92608471433384 ], [ -9.005416634473093, 38.924747741185215 ], [ -9.004676418505586, 38.924747741185215 ], [ -9.004676418505586, 38.923410742840474 ], [ -9.003936202538076, 38.923410742840474 ], [ -9.003936202538076, 38.918062497505481 ], [ -9.004676418505586, 38.918062497505481 ], [ -9.004676418505586, 38.917171084090562 ], [ -9.005416634473093, 38.917171084090562 ], [ -9.005416634473093, 38.916725373183986 ], [ -9.006156850440602, 38.916725373183986 ], [ -9.006156850440602, 38.916279659478015 ], [ -9.006897066408111, 38.916279659478015 ], [ -9.006897066408111, 38.915388223667904 ], [ -9.007637282375619, 38.915388223667904 ], [ -9.007637282375619, 38.914942501563786 ], [ -9.014299226083194, 38.914942501563786 ], [ -9.014299226083194, 38.915388223667904 ], [ -9.018000305920735, 38.915388223667904 ], [ -9.018000305920735, 38.916725373183986 ], [ -9.018740521888244, 38.916725373183986 ], [ -9.018740521888244, 38.917616792197727 ], [ -9.019480737855751, 38.917616792197727 ], [ -9.019480737855751, 38.918953899722688 ], [ -9.020220953823259, 38.918953899722688 ], [ -9.020220953823259, 38.91984529074211 ], [ -9.020961169790768, 38.91984529074211 ], [ -9.020961169790768, 38.921182356275246 ], [ -9.020220953823259, 38.921182356275246 ], [ -9.020220953823259, 38.922519396612934 ], [ -9.019480737855751, 38.922519396612934 ], [ -9.019480737855751, 38.924302077869861 ], [ -9.018740521888244, 38.924302077869861 ], [ -9.018740521888244, 38.925639059417215 ], [ -9.018000305920735, 38.925639059417215 ], [ -9.018000305920735, 38.927421662286093 ], [ -9.017260089953226, 38.927421662286093 ], [ -9.017260089953226, 38.928312946922837 ], [ -9.016519873985718, 38.928312946922837 ], [ -9.016519873985718, 38.929204220361015 ], [ -9.015779658018211, 38.929204220361015 ], [ -9.015779658018211, 38.929649852880601 ], [ -9.015039442050702, 38.929649852880601 ], [ -9.015039442050702, 38.93054110952076 ], [ -9.011338362213161, 38.93054110952076 ], [ -9.011338362213161, 38.930095482600521 ], [ -9.008377498343128, 38.930095482600521 ], [ -9.008377498343128, 38.929204220361015 ], [ -9.007637282375619, 38.929204220361015 ], [ -9.007637282375619, 38.928312946922837 ] ] ], [ [ [ -4.973460259455197, 39.213392312221821 ], [ -4.973460259455197, 39.209397611107676 ], [ -4.97197982752018, 39.209397611107676 ], [ -4.97197982752018, 39.209841478008826 ], [ -4.971239611552671, 39.209841478008826 ], [ -4.971239611552671, 39.209397611107676 ], [ -4.969759179617654, 39.209397611107676 ], [ -4.969759179617654, 39.208953741401125 ], [ -4.969018963650146, 39.208953741401125 ], [ -4.969018963650146, 39.208509868889152 ], [ -4.96753853171513, 39.208509868889152 ], [ -4.96753853171513, 39.208065993571779 ], [ -4.966798315747621, 39.208065993571779 ], [ -4.966798315747621, 39.20673435078735 ], [ -4.966058099780113, 39.20673435078735 ], [ -4.966058099780113, 39.205402682754624 ], [ -4.965317883812605, 39.205402682754624 ], [ -4.965317883812605, 39.204514890039448 ], [ -4.964577667845096, 39.204514890039448 ], [ -4.964577667845096, 39.203183179926782 ], [ -4.963837451877589, 39.203183179926782 ], [ -4.963837451877589, 39.202295359158519 ], [ -4.963097235910079, 39.202295359158519 ], [ -4.963097235910079, 39.200963606966589 ], [ -4.96235701994257, 39.200963606966589 ], [ -4.96235701994257, 39.20051968395876 ], [ -4.963097235910079, 39.20051968395876 ], [ -4.963097235910079, 39.199187898103887 ], [ -4.963837451877589, 39.199187898103887 ], [ -4.963837451877589, 39.198300026841224 ], [ -4.964577667845096, 39.198300026841224 ], [ -4.964577667845096, 39.19696819890828 ], [ -4.965317883812605, 39.19696819890828 ], [ -4.965317883812605, 39.196080299593788 ], [ -4.966058099780113, 39.196080299593788 ], [ -4.966058099780113, 39.195636345728808 ], [ -4.971239611552671, 39.195636345728808 ], [ -4.971239611552671, 39.19652425065361 ], [ -4.97197982752018, 39.19652425065361 ], [ -4.97197982752018, 39.19696819890828 ], [ -4.972720043487688, 39.19696819890828 ], [ -4.972720043487688, 39.19741214435777 ], [ -4.973460259455197, 39.19741214435777 ], [ -4.973460259455197, 39.19652425065361 ], [ -4.974200475422704, 39.19652425065361 ], [ -4.974200475422704, 39.196080299593788 ], [ -4.974940691390213, 39.196080299593788 ], [ -4.974940691390213, 39.19519238905869 ], [ -4.975680907357722, 39.19519238905869 ], [ -4.975680907357722, 39.193860502217575 ], [ -4.976421123325229, 39.193860502217575 ], [ -4.976421123325229, 39.1916406347137 ], [ -4.977161339292738, 39.1916406347137 ], [ -4.977161339292738, 39.190308680550558 ], [ -4.977901555260247, 39.190308680550558 ], [ -4.977901555260247, 39.18986469021943 ], [ -4.978641771227754, 39.18986469021943 ], [ -4.978641771227754, 39.189420697083278 ], [ -4.979381987195262, 39.189420697083278 ], [ -4.979381987195262, 39.188976701142103 ], [ -4.980122203162771, 39.188976701142103 ], [ -4.980122203162771, 39.188532702395925 ], [ -4.980862419130279, 39.188532702395925 ], [ -4.980862419130279, 39.188088700844744 ], [ -4.982342851065297, 39.188088700844744 ], [ -4.982342851065297, 39.187644696488569 ], [ -4.983083067032804, 39.187644696488569 ], [ -4.983083067032804, 39.187200689327426 ], [ -4.985303714935329, 39.187200689327426 ], [ -4.985303714935329, 39.187644696488569 ], [ -4.986043930902838, 39.187644696488569 ], [ -4.986043930902838, 39.188088700844744 ], [ -4.987524362837854, 39.188088700844744 ], [ -4.987524362837854, 39.188532702395925 ], [ -4.988264578805363, 39.188532702395925 ], [ -4.988264578805363, 39.189420697083278 ], [ -4.989004794772871, 39.189420697083278 ], [ -4.989004794772871, 39.190308680550558 ], [ -4.98974501074038, 39.190308680550558 ], [ -4.98974501074038, 39.191196652797707 ], [ -4.990485226707888, 39.191196652797707 ], [ -4.990485226707888, 39.192084613824633 ], [ -4.991225442675396, 39.192084613824633 ], [ -4.991225442675396, 39.1925285901305 ], [ -4.991965658642905, 39.1925285901305 ], [ -4.991965658642905, 39.192972563631272 ], [ -4.993446090577921, 39.192972563631272 ], [ -4.993446090577921, 39.1925285901305 ], [ -4.997887386382971, 39.1925285901305 ], [ -4.997887386382971, 39.192084613824633 ], [ -5.002328682188021, 39.192084613824633 ], [ -5.002328682188021, 39.1916406347137 ], [ -5.003809114123038, 39.1916406347137 ], [ -5.003809114123038, 39.192084613824633 ], [ -5.004549330090547, 39.192084613824633 ], [ -5.004549330090547, 39.1925285901305 ], [ -5.005289546058054, 39.1925285901305 ], [ -5.005289546058054, 39.192972563631272 ], [ -5.006029762025562, 39.192972563631272 ], [ -5.006029762025562, 39.193416534326971 ], [ -5.006769977993072, 39.193416534326971 ], [ -5.006769977993072, 39.194304467303063 ], [ -5.00751019396058, 39.194304467303063 ], [ -5.00751019396058, 39.194748429583441 ], [ -5.008250409928088, 39.194748429583441 ], [ -5.008250409928088, 39.19519238905869 ], [ -5.008990625895596, 39.19519238905869 ], [ -5.008990625895596, 39.195636345728808 ], [ -5.009730841863105, 39.195636345728808 ], [ -5.009730841863105, 39.19652425065361 ], [ -5.010471057830613, 39.19652425065361 ], [ -5.010471057830613, 39.200075758145701 ], [ -5.009730841863105, 39.200075758145701 ], [ -5.009730841863105, 39.202739270945287 ], [ -5.008250409928088, 39.202739270945287 ], [ -5.008250409928088, 39.203183179926782 ], [ -5.006769977993072, 39.203183179926782 ], [ -5.006769977993072, 39.203627086102976 ], [ -5.004549330090547, 39.203627086102976 ], [ -5.004549330090547, 39.204070989473863 ], [ -5.003809114123038, 39.204070989473863 ], [ -5.003809114123038, 39.204958787799697 ], [ -5.003068898155529, 39.204958787799697 ], [ -5.003068898155529, 39.205846574904221 ], [ -5.002328682188021, 39.205846574904221 ], [ -5.002328682188021, 39.207178234520867 ], [ -5.001588466220513, 39.207178234520867 ], [ -5.001588466220513, 39.208065993571779 ], [ -4.997147170415463, 39.208065993571779 ], [ -4.997147170415463, 39.208953741401125 ], [ -4.996406954447955, 39.208953741401125 ], [ -4.996406954447955, 39.212060770432949 ], [ -4.995666738480446, 39.212060770432949 ], [ -4.995666738480446, 39.213392312221821 ], [ -4.99418630654543, 39.213392312221821 ], [ -4.99418630654543, 39.2138361538738 ], [ -4.993446090577921, 39.2138361538738 ], [ -4.993446090577921, 39.214279992720265 ], [ -4.991965658642905, 39.214279992720265 ], [ -4.991965658642905, 39.214723828761208 ], [ -4.991225442675396, 39.214723828761208 ], [ -4.991225442675396, 39.214279992720265 ], [ -4.98974501074038, 39.214279992720265 ], [ -4.98974501074038, 39.2138361538738 ], [ -4.989004794772871, 39.2138361538738 ], [ -4.989004794772871, 39.213392312221821 ], [ -4.988264578805363, 39.213392312221821 ], [ -4.988264578805363, 39.212948467764349 ], [ -4.987524362837854, 39.212948467764349 ], [ -4.987524362837854, 39.212060770432949 ], [ -4.986784146870346, 39.212060770432949 ], [ -4.986784146870346, 39.209397611107676 ], [ -4.986043930902838, 39.209397611107676 ], [ -4.986043930902838, 39.208953741401125 ], [ -4.985303714935329, 39.208953741401125 ], [ -4.985303714935329, 39.208509868889152 ], [ -4.983823283000313, 39.208509868889152 ], [ -4.983823283000313, 39.211616917559027 ], [ -4.983083067032804, 39.211616917559027 ], [ -4.983083067032804, 39.214279992720265 ], [ -4.982342851065297, 39.214279992720265 ], [ -4.982342851065297, 39.214723828761208 ], [ -4.980122203162771, 39.214723828761208 ], [ -4.980122203162771, 39.215167661996631 ], [ -4.977901555260247, 39.215167661996631 ], [ -4.977901555260247, 39.215611492426525 ], [ -4.975680907357722, 39.215611492426525 ], [ -4.975680907357722, 39.214723828761208 ], [ -4.974940691390213, 39.214723828761208 ], [ -4.974940691390213, 39.2138361538738 ], [ -4.974200475422704, 39.2138361538738 ], [ -4.974200475422704, 39.213392312221821 ], [ -4.973460259455197, 39.213392312221821 ] ] ], [ [ [ -6.319172888385348, 39.841256670617959 ], [ -6.319172888385348, 39.840816821407884 ], [ -6.31843267241784, 39.840816821407884 ], [ -6.31843267241784, 39.840376969380401 ], [ -6.317692456450331, 39.840376969380401 ], [ -6.317692456450331, 39.83993711453553 ], [ -6.316952240482823, 39.83993711453553 ], [ -6.316952240482823, 39.839057396393606 ], [ -6.316212024515315, 39.839057396393606 ], [ -6.316212024515315, 39.835098525295741 ], [ -6.316952240482823, 39.835098525295741 ], [ -6.316952240482823, 39.834218745172322 ], [ -6.317692456450331, 39.834218745172322 ], [ -6.317692456450331, 39.833338953779744 ], [ -6.31843267241784, 39.833338953779744 ], [ -6.31843267241784, 39.832899053857552 ], [ -6.317692456450331, 39.832899053857552 ], [ -6.317692456450331, 39.83245915111808 ], [ -6.316952240482823, 39.83245915111808 ], [ -6.316952240482823, 39.832019245561341 ], [ -6.315471808547807, 39.832019245561341 ], [ -6.315471808547807, 39.831579337187378 ], [ -6.314731592580298, 39.831579337187378 ], [ -6.314731592580298, 39.831139425996149 ], [ -6.313251160645282, 39.831139425996149 ], [ -6.313251160645282, 39.830699511987703 ], [ -6.312510944677773, 39.830699511987703 ], [ -6.312510944677773, 39.830259595162019 ], [ -6.311770728710265, 39.830259595162019 ], [ -6.311770728710265, 39.829819675519126 ], [ -6.311030512742757, 39.829819675519126 ], [ -6.311030512742757, 39.828939827781696 ], [ -6.310290296775248, 39.828939827781696 ], [ -6.310290296775248, 39.828499899687202 ], [ -6.30955008080774, 39.828499899687202 ], [ -6.30955008080774, 39.827620035046628 ], [ -6.308809864840232, 39.827620035046628 ], [ -6.308809864840232, 39.825860271959513 ], [ -6.30955008080774, 39.825860271959513 ], [ -6.30955008080774, 39.820140730635075 ], [ -6.310290296775248, 39.820140730635075 ], [ -6.310290296775248, 39.819260758944559 ], [ -6.311030512742757, 39.819260758944559 ], [ -6.311030512742757, 39.818380775985958 ], [ -6.311770728710265, 39.818380775985958 ], [ -6.311770728710265, 39.81750078175935 ], [ -6.312510944677773, 39.81750078175935 ], [ -6.312510944677773, 39.817060780420547 ], [ -6.32287396822289, 39.817060780420547 ], [ -6.32287396822289, 39.81662077626477 ], [ -6.324354400157906, 39.81662077626477 ], [ -6.324354400157906, 39.817060780420547 ], [ -6.325094616125415, 39.817060780420547 ], [ -6.325094616125415, 39.81750078175935 ], [ -6.325834832092924, 39.81750078175935 ], [ -6.325834832092924, 39.817940780281148 ], [ -6.326575048060431, 39.817940780281148 ], [ -6.326575048060431, 39.818380775985958 ], [ -6.32731526402794, 39.818380775985958 ], [ -6.32731526402794, 39.818820768873771 ], [ -6.328055479995448, 39.818820768873771 ], [ -6.328055479995448, 39.819260758944559 ], [ -6.331016343865481, 39.819260758944559 ], [ -6.331016343865481, 39.818820768873771 ], [ -6.333236991768006, 39.818820768873771 ], [ -6.333236991768006, 39.818380775985958 ], [ -6.333977207735515, 39.818380775985958 ], [ -6.333977207735515, 39.813980692173935 ], [ -6.334717423703023, 39.813980692173935 ], [ -6.334717423703023, 39.813100641608159 ], [ -6.335457639670532, 39.813100641608159 ], [ -6.335457639670532, 39.812220579774753 ], [ -6.336197855638041, 39.812220579774753 ], [ -6.336197855638041, 39.811780544632704 ], [ -6.336938071605549, 39.811780544632704 ], [ -6.336938071605549, 39.811340506673766 ], [ -6.339158719508074, 39.811340506673766 ], [ -6.339158719508074, 39.807820101595304 ], [ -6.339898935475582, 39.807820101595304 ], [ -6.339898935475582, 39.80693997215738 ], [ -6.34063915144309, 39.80693997215738 ], [ -6.34063915144309, 39.806059831452259 ], [ -6.341379367410598, 39.806059831452259 ], [ -6.341379367410598, 39.805619756874513 ], [ -6.342119583378107, 39.805619756874513 ], [ -6.342119583378107, 39.804739599268721 ], [ -6.347301095150666, 39.804739599268721 ], [ -6.347301095150666, 39.805179679479998 ], [ -6.348041311118173, 39.805179679479998 ], [ -6.348041311118173, 39.806059831452259 ], [ -6.348781527085682, 39.806059831452259 ], [ -6.348781527085682, 39.806499903213208 ], [ -6.349521743053189, 39.806499903213208 ], [ -6.349521743053189, 39.807380038284741 ], [ -6.350261959020698, 39.807380038284741 ], [ -6.350261959020698, 39.807820101595304 ], [ -6.351002174988206, 39.807820101595304 ], [ -6.351002174988206, 39.808700219765967 ], [ -6.351742390955714, 39.808700219765967 ], [ -6.351742390955714, 39.809140274626053 ], [ -6.352482606923223, 39.809140274626053 ], [ -6.352482606923223, 39.810020375895704 ], [ -6.353222822890732, 39.810020375895704 ], [ -6.353222822890732, 39.810460422305255 ], [ -6.35396303885824, 39.810460422305255 ], [ -6.35396303885824, 39.811340506673766 ], [ -6.356183686760765, 39.811340506673766 ], [ -6.356183686760765, 39.809580326669305 ], [ -6.356923902728273, 39.809580326669305 ], [ -6.356923902728273, 39.807820101595304 ], [ -6.357664118695782, 39.807820101595304 ], [ -6.357664118695782, 39.807380038284741 ], [ -6.359144550630798, 39.807380038284741 ], [ -6.359144550630798, 39.80693997215738 ], [ -6.359884766598306, 39.80693997215738 ], [ -6.359884766598306, 39.806499903213208 ], [ -6.362845630468341, 39.806499903213208 ], [ -6.362845630468341, 39.80693997215738 ], [ -6.363585846435849, 39.80693997215738 ], [ -6.363585846435849, 39.807820101595304 ], [ -6.364326062403356, 39.807820101595304 ], [ -6.364326062403356, 39.808260162089042 ], [ -6.365066278370866, 39.808260162089042 ], [ -6.365066278370866, 39.808700219765967 ], [ -6.365806494338374, 39.808700219765967 ], [ -6.365806494338374, 39.809140274626053 ], [ -6.366546710305881, 39.809140274626053 ], [ -6.366546710305881, 39.810020375895704 ], [ -6.36728692627339, 39.810020375895704 ], [ -6.36728692627339, 39.811780544632704 ], [ -6.369507574175914, 39.811780544632704 ], [ -6.369507574175914, 39.811340506673766 ], [ -6.370988006110932, 39.811340506673766 ], [ -6.370988006110932, 39.811780544632704 ], [ -6.37172822207844, 39.811780544632704 ], [ -6.37172822207844, 39.812220579774753 ], [ -6.373208654013458, 39.812220579774753 ], [ -6.373208654013458, 39.812660612099904 ], [ -6.373948869980965, 39.812660612099904 ], [ -6.373948869980965, 39.813100641608159 ], [ -6.374689085948473, 39.813100641608159 ], [ -6.374689085948473, 39.814860731471995 ], [ -6.375429301915982, 39.814860731471995 ], [ -6.375429301915982, 39.81662077626477 ], [ -6.37616951788349, 39.81662077626477 ], [ -6.37616951788349, 39.817060780420547 ], [ -6.375429301915982, 39.817060780420547 ], [ -6.375429301915982, 39.818820768873771 ], [ -6.374689085948473, 39.818820768873771 ], [ -6.374689085948473, 39.820580712254781 ], [ -6.373948869980965, 39.820580712254781 ], [ -6.373948869980965, 39.821020691057448 ], [ -6.373208654013458, 39.821020691057448 ], [ -6.373208654013458, 39.821460667043056 ], [ -6.37172822207844, 39.821460667043056 ], [ -6.37172822207844, 39.821900640211602 ], [ -6.370247790143424, 39.821900640211602 ], [ -6.370247790143424, 39.824100463798167 ], [ -6.369507574175914, 39.824100463798167 ], [ -6.369507574175914, 39.82674015913738 ], [ -6.368767358208406, 39.82674015913738 ], [ -6.368767358208406, 39.828939827781696 ], [ -6.368027142240899, 39.828939827781696 ], [ -6.368027142240899, 39.830699511987703 ], [ -6.36728692627339, 39.830699511987703 ], [ -6.36728692627339, 39.831139425996149 ], [ -6.366546710305881, 39.831139425996149 ], [ -6.366546710305881, 39.832019245561341 ], [ -6.365806494338374, 39.832019245561341 ], [ -6.365806494338374, 39.832899053857552 ], [ -6.365066278370866, 39.832899053857552 ], [ -6.365066278370866, 39.833778850884677 ], [ -6.364326062403356, 39.833778850884677 ], [ -6.364326062403356, 39.834658636642686 ], [ -6.363585846435849, 39.834658636642686 ], [ -6.363585846435849, 39.835538411131502 ], [ -6.362845630468341, 39.835538411131502 ], [ -6.362845630468341, 39.835978294149946 ], [ -6.362105414500832, 39.835978294149946 ], [ -6.362105414500832, 39.83641817435106 ], [ -6.359884766598306, 39.83641817435106 ], [ -6.359884766598306, 39.835978294149946 ], [ -6.347301095150666, 39.835978294149946 ], [ -6.347301095150666, 39.835538411131502 ], [ -6.345820663215648, 39.835538411131502 ], [ -6.345820663215648, 39.835098525295741 ], [ -6.34508044724814, 39.835098525295741 ], [ -6.34508044724814, 39.834658636642686 ], [ -6.344340231280632, 39.834658636642686 ], [ -6.344340231280632, 39.834218745172322 ], [ -6.337678287573057, 39.834218745172322 ], [ -6.337678287573057, 39.834658636642686 ], [ -6.335457639670532, 39.834658636642686 ], [ -6.335457639670532, 39.835978294149946 ], [ -6.334717423703023, 39.835978294149946 ], [ -6.334717423703023, 39.836858051734851 ], [ -6.333977207735515, 39.836858051734851 ], [ -6.333977207735515, 39.838177666982176 ], [ -6.333236991768006, 39.838177666982176 ], [ -6.333236991768006, 39.839057396393606 ], [ -6.332496775800498, 39.839057396393606 ], [ -6.332496775800498, 39.839497256873251 ], [ -6.33175655983299, 39.839497256873251 ], [ -6.33175655983299, 39.839057396393606 ], [ -6.329535911930465, 39.839057396393606 ], [ -6.329535911930465, 39.838617533096581 ], [ -6.326575048060431, 39.838617533096581 ], [ -6.326575048060431, 39.840376969380401 ], [ -6.325834832092924, 39.840376969380401 ], [ -6.325834832092924, 39.841256670617959 ], [ -6.324354400157906, 39.841256670617959 ], [ -6.324354400157906, 39.841696517010604 ], [ -6.323614184190399, 39.841696517010604 ], [ -6.323614184190399, 39.84213636058584 ], [ -6.322133752255382, 39.84213636058584 ], [ -6.322133752255382, 39.842576201343647 ], [ -6.321393536287873, 39.842576201343647 ], [ -6.321393536287873, 39.84213636058584 ], [ -6.320653320320365, 39.84213636058584 ], [ -6.320653320320365, 39.841696517010604 ], [ -6.319913104352857, 39.841696517010604 ], [ -6.319913104352857, 39.841256670617959 ], [ -6.319172888385348, 39.841256670617959 ] ] ], [ [ [ -6.276980578237374, 39.846974453961174 ], [ -6.276240362269866, 39.846974453961174 ], [ -6.276240362269866, 39.846094825977566 ], [ -6.275500146302357, 39.846094825977566 ], [ -6.275500146302357, 39.845215186723941 ], [ -6.274759930334849, 39.845215186723941 ], [ -6.274759930334849, 39.844335536200369 ], [ -6.27401971436734, 39.844335536200369 ], [ -6.27401971436734, 39.843895706712374 ], [ -6.273279498399831, 39.843895706712374 ], [ -6.273279498399831, 39.843455874406914 ], [ -6.272539282432323, 39.843455874406914 ], [ -6.272539282432323, 39.843016039284002 ], [ -6.271799066464815, 39.843016039284002 ], [ -6.271799066464815, 39.843455874406914 ], [ -6.271058850497305, 39.843455874406914 ], [ -6.271058850497305, 39.843895706712374 ], [ -6.270318634529798, 39.843895706712374 ], [ -6.270318634529798, 39.844335536200369 ], [ -6.26957841856229, 39.844335536200369 ], [ -6.26957841856229, 39.844775362870891 ], [ -6.268097986627273, 39.844775362870891 ], [ -6.268097986627273, 39.845215186723941 ], [ -6.267357770659765, 39.845215186723941 ], [ -6.267357770659765, 39.845655007759504 ], [ -6.266617554692258, 39.845655007759504 ], [ -6.266617554692258, 39.846094825977566 ], [ -6.264396906789731, 39.846094825977566 ], [ -6.264396906789731, 39.845655007759504 ], [ -6.263656690822224, 39.845655007759504 ], [ -6.263656690822224, 39.845215186723941 ], [ -6.262916474854714, 39.845215186723941 ], [ -6.262916474854714, 39.844775362870891 ], [ -6.262176258887206, 39.844775362870891 ], [ -6.262176258887206, 39.844335536200369 ], [ -6.261436042919699, 39.844335536200369 ], [ -6.261436042919699, 39.844775362870891 ], [ -6.26069582695219, 39.844775362870891 ], [ -6.26069582695219, 39.845215186723941 ], [ -6.259215395017174, 39.845215186723941 ], [ -6.259215395017174, 39.845655007759504 ], [ -6.258475179049666, 39.845655007759504 ], [ -6.258475179049666, 39.846094825977566 ], [ -6.256994747114648, 39.846094825977566 ], [ -6.256994747114648, 39.845655007759504 ], [ -6.254033883244615, 39.845655007759504 ], [ -6.254033883244615, 39.845215186723941 ], [ -6.251073019374582, 39.845215186723941 ], [ -6.251073019374582, 39.844775362870891 ], [ -6.248112155504549, 39.844775362870891 ], [ -6.248112155504549, 39.844335536200369 ], [ -6.245891507602023, 39.844335536200369 ], [ -6.245891507602023, 39.842576201343647 ], [ -6.245151291634516, 39.842576201343647 ], [ -6.245151291634516, 39.840816821407884 ], [ -6.244411075667006, 39.840816821407884 ], [ -6.244411075667006, 39.839057396393606 ], [ -6.243670859699498, 39.839057396393606 ], [ -6.243670859699498, 39.838177666982176 ], [ -6.244411075667006, 39.838177666982176 ], [ -6.244411075667006, 39.835978294149946 ], [ -6.245151291634516, 39.835978294149946 ], [ -6.245151291634516, 39.833338953779744 ], [ -6.245891507602023, 39.833338953779744 ], [ -6.245891507602023, 39.831139425996149 ], [ -6.24737193953704, 39.831139425996149 ], [ -6.24737193953704, 39.830699511987703 ], [ -6.248112155504549, 39.830699511987703 ], [ -6.248112155504549, 39.830259595162019 ], [ -6.248852371472057, 39.830259595162019 ], [ -6.248852371472057, 39.829819675519126 ], [ -6.253293667277107, 39.829819675519126 ], [ -6.253293667277107, 39.830259595162019 ], [ -6.256994747114648, 39.830259595162019 ], [ -6.256994747114648, 39.829379753059015 ], [ -6.257734963082156, 39.829379753059015 ], [ -6.257734963082156, 39.828499899687202 ], [ -6.258475179049666, 39.828499899687202 ], [ -6.258475179049666, 39.828059968775506 ], [ -6.259215395017174, 39.828059968775506 ], [ -6.259215395017174, 39.827180098500591 ], [ -6.259955610984681, 39.827180098500591 ], [ -6.259955610984681, 39.82674015913738 ], [ -6.26069582695219, 39.82674015913738 ], [ -6.26069582695219, 39.825860271959513 ], [ -6.261436042919699, 39.825860271959513 ], [ -6.261436042919699, 39.824980373513085 ], [ -6.262176258887206, 39.824980373513085 ], [ -6.262176258887206, 39.824540420064174 ], [ -6.262916474854714, 39.824540420064174 ], [ -6.262916474854714, 39.823660504715029 ], [ -6.263656690822224, 39.823660504715029 ], [ -6.263656690822224, 39.823220542814809 ], [ -6.264396906789731, 39.823220542814809 ], [ -6.264396906789731, 39.822340610563081 ], [ -6.265137122757239, 39.822340610563081 ], [ -6.265137122757239, 39.821900640211602 ], [ -6.265877338724748, 39.821900640211602 ], [ -6.265877338724748, 39.821460667043056 ], [ -6.267357770659765, 39.821460667043056 ], [ -6.267357770659765, 39.821900640211602 ], [ -6.273279498399831, 39.821900640211602 ], [ -6.273279498399831, 39.822340610563081 ], [ -6.275500146302357, 39.822340610563081 ], [ -6.275500146302357, 39.823220542814809 ], [ -6.276240362269866, 39.823220542814809 ], [ -6.276240362269866, 39.824540420064174 ], [ -6.276980578237374, 39.824540420064174 ], [ -6.276980578237374, 39.825860271959513 ], [ -6.277720794204882, 39.825860271959513 ], [ -6.277720794204882, 39.82674015913738 ], [ -6.278461010172389, 39.82674015913738 ], [ -6.278461010172389, 39.828059968775506 ], [ -6.281421874042422, 39.828059968775506 ], [ -6.281421874042422, 39.827620035046628 ], [ -6.284382737912457, 39.827620035046628 ], [ -6.284382737912457, 39.828499899687202 ], [ -6.285122953879966, 39.828499899687202 ], [ -6.285122953879966, 39.829819675519126 ], [ -6.285863169847473, 39.829819675519126 ], [ -6.285863169847473, 39.830699511987703 ], [ -6.286603385814981, 39.830699511987703 ], [ -6.286603385814981, 39.831139425996149 ], [ -6.28734360178249, 39.831139425996149 ], [ -6.28734360178249, 39.830699511987703 ], [ -6.290304465652524, 39.830699511987703 ], [ -6.290304465652524, 39.830259595162019 ], [ -6.29178489758754, 39.830259595162019 ], [ -6.29178489758754, 39.830699511987703 ], [ -6.292525113555049, 39.830699511987703 ], [ -6.292525113555049, 39.831139425996149 ], [ -6.293265329522557, 39.831139425996149 ], [ -6.293265329522557, 39.832019245561341 ], [ -6.294005545490065, 39.832019245561341 ], [ -6.294005545490065, 39.832899053857552 ], [ -6.294745761457574, 39.832899053857552 ], [ -6.294745761457574, 39.837737798050419 ], [ -6.294005545490065, 39.837737798050419 ], [ -6.294005545490065, 39.838617533096581 ], [ -6.293265329522557, 39.838617533096581 ], [ -6.293265329522557, 39.839057396393606 ], [ -6.292525113555049, 39.839057396393606 ], [ -6.292525113555049, 39.83993711453553 ], [ -6.29178489758754, 39.83993711453553 ], [ -6.29178489758754, 39.840816821407884 ], [ -6.292525113555049, 39.840816821407884 ], [ -6.292525113555049, 39.844775362870891 ], [ -6.293265329522557, 39.844775362870891 ], [ -6.293265329522557, 39.846094825977566 ], [ -6.292525113555049, 39.846094825977566 ], [ -6.292525113555049, 39.847854070674728 ], [ -6.29178489758754, 39.847854070674728 ], [ -6.29178489758754, 39.849173474613522 ], [ -6.291044681620031, 39.849173474613522 ], [ -6.291044681620031, 39.84961327029135 ], [ -6.288083817749998, 39.84961327029135 ], [ -6.288083817749998, 39.850053063151613 ], [ -6.285122953879966, 39.850053063151613 ], [ -6.285122953879966, 39.850492853194304 ], [ -6.281421874042422, 39.850492853194304 ], [ -6.281421874042422, 39.850932640419416 ], [ -6.279201226139898, 39.850932640419416 ], [ -6.279201226139898, 39.850053063151613 ], [ -6.278461010172389, 39.850053063151613 ], [ -6.278461010172389, 39.848733676118137 ], [ -6.277720794204882, 39.848733676118137 ], [ -6.277720794204882, 39.847854070674728 ], [ -6.276980578237374, 39.847854070674728 ], [ -6.276980578237374, 39.846974453961174 ] ] ], [ [ [ -3.740260457586311, 39.943664714484513 ], [ -3.740260457586311, 39.942786326583487 ], [ -3.739520241618802, 39.942786326583487 ], [ -3.739520241618802, 39.942347128404151 ], [ -3.738780025651294, 39.942347128404151 ], [ -3.738780025651294, 39.941907927405616 ], [ -3.738039809683786, 39.941907927405616 ], [ -3.738039809683786, 39.941029516950934 ], [ -3.737299593716278, 39.941029516950934 ], [ -3.737299593716278, 39.932684055212832 ], [ -3.738039809683786, 39.932684055212832 ], [ -3.738039809683786, 39.931805526355475 ], [ -3.738780025651294, 39.931805526355475 ], [ -3.738780025651294, 39.930926986222019 ], [ -3.739520241618802, 39.930926986222019 ], [ -3.739520241618802, 39.930048434812555 ], [ -3.740260457586311, 39.930048434812555 ], [ -3.740260457586311, 39.929169872127098 ], [ -3.749883265163919, 39.929169872127098 ], [ -3.749883265163919, 39.930048434812555 ], [ -3.750623481131427, 39.930048434812555 ], [ -3.750623481131427, 39.930926986222019 ], [ -3.751363697098936, 39.930926986222019 ], [ -3.751363697098936, 39.932244792193679 ], [ -3.752103913066444, 39.932244792193679 ], [ -3.752103913066444, 39.933562572794045 ], [ -3.752844129033953, 39.933562572794045 ], [ -3.752844129033953, 39.936637295527682 ], [ -3.752103913066444, 39.936637295527682 ], [ -3.752103913066444, 39.939272662211422 ], [ -3.751363697098936, 39.939272662211422 ], [ -3.751363697098936, 39.941468723587867 ], [ -3.750623481131427, 39.941468723587867 ], [ -3.750623481131427, 39.942347128404151 ], [ -3.749883265163919, 39.942347128404151 ], [ -3.749883265163919, 39.943225521943617 ], [ -3.749143049196411, 39.943225521943617 ], [ -3.749143049196411, 39.944103904206173 ], [ -3.748402833228903, 39.944103904206173 ], [ -3.748402833228903, 39.944982275191784 ], [ -3.743961537423853, 39.944982275191784 ], [ -3.743961537423853, 39.944543091108599 ], [ -3.741740889521328, 39.944543091108599 ], [ -3.741740889521328, 39.944103904206173 ], [ -3.741000673553819, 39.944103904206173 ], [ -3.741000673553819, 39.943664714484513 ], [ -3.740260457586311, 39.943664714484513 ] ] ], [ [ [ -3.470821845413277, 40.252156201901066 ], [ -3.470821845413277, 40.251718995965156 ], [ -3.470081629445768, 40.251718995965156 ], [ -3.470081629445768, 40.251281787204768 ], [ -3.469341413478261, 40.251281787204768 ], [ -3.469341413478261, 40.250407361210598 ], [ -3.468601197510752, 40.250407361210598 ], [ -3.468601197510752, 40.249970143976832 ], [ -3.467860981543244, 40.249970143976832 ], [ -3.467860981543244, 40.249532923918622 ], [ -3.467120765575736, 40.249532923918622 ], [ -3.467120765575736, 40.249095701035969 ], [ -3.466380549608227, 40.249095701035969 ], [ -3.466380549608227, 40.248658475328888 ], [ -3.465640333640719, 40.248658475328888 ], [ -3.465640333640719, 40.246909544256376 ], [ -3.46490011767321, 40.246909544256376 ], [ -3.46490011767321, 40.247784015441454 ], [ -3.464159901705703, 40.247784015441454 ], [ -3.464159901705703, 40.248658475328888 ], [ -3.458978389933144, 40.248658475328888 ], [ -3.458978389933144, 40.248221246797378 ], [ -3.458238173965635, 40.248221246797378 ], [ -3.458238173965635, 40.247346781261115 ], [ -3.457497957998127, 40.247346781261115 ], [ -3.457497957998127, 40.246909544256376 ], [ -3.456757742030619, 40.246909544256376 ], [ -3.456757742030619, 40.246035061773718 ], [ -3.45601752606311, 40.246035061773718 ], [ -3.45601752606311, 40.241225206177418 ], [ -3.456757742030619, 40.241225206177418 ], [ -3.456757742030619, 40.240350650261888 ], [ -3.457497957998127, 40.240350650261888 ], [ -3.457497957998127, 40.239476083049205 ], [ -3.458238173965635, 40.239476083049205 ], [ -3.458238173965635, 40.239038795206454 ], [ -3.458978389933144, 40.239038795206454 ], [ -3.458978389933144, 40.238601504539439 ], [ -3.464159901705703, 40.238601504539439 ], [ -3.464159901705703, 40.239476083049205 ], [ -3.46490011767321, 40.239476083049205 ], [ -3.46490011767321, 40.23991336806769 ], [ -3.465640333640719, 40.23991336806769 ], [ -3.465640333640719, 40.2407879296318 ], [ -3.467120765575736, 40.2407879296318 ], [ -3.467120765575736, 40.23991336806769 ], [ -3.467860981543244, 40.23991336806769 ], [ -3.467860981543244, 40.239476083049205 ], [ -3.468601197510752, 40.239476083049205 ], [ -3.468601197510752, 40.238601504539439 ], [ -3.469341413478261, 40.238601504539439 ], [ -3.469341413478261, 40.237726914732633 ], [ -3.470081629445768, 40.237726914732633 ], [ -3.470081629445768, 40.237289615592864 ], [ -3.470821845413277, 40.237289615592864 ], [ -3.470821845413277, 40.236415008840616 ], [ -3.475263141218327, 40.236415008840616 ], [ -3.475263141218327, 40.236852313628852 ], [ -3.481184868958394, 40.236852313628852 ], [ -3.481184868958394, 40.237289615592864 ], [ -3.481925084925902, 40.237289615592864 ], [ -3.481925084925902, 40.237726914732633 ], [ -3.482665300893411, 40.237726914732633 ], [ -3.482665300893411, 40.238601504539439 ], [ -3.483405516860918, 40.238601504539439 ], [ -3.483405516860918, 40.239476083049205 ], [ -3.484145732828428, 40.239476083049205 ], [ -3.484145732828428, 40.241225206177418 ], [ -3.484885948795936, 40.241225206177418 ], [ -3.484885948795936, 40.246035061773718 ], [ -3.485626164763444, 40.246035061773718 ], [ -3.485626164763444, 40.248658475328888 ], [ -3.484885948795936, 40.248658475328888 ], [ -3.484885948795936, 40.249970143976832 ], [ -3.484145732828428, 40.249970143976832 ], [ -3.484145732828428, 40.250844575619915 ], [ -3.483405516860918, 40.250844575619915 ], [ -3.483405516860918, 40.251718995965156 ], [ -3.482665300893411, 40.251718995965156 ], [ -3.482665300893411, 40.252593405012497 ], [ -3.480444652990886, 40.252593405012497 ], [ -3.480444652990886, 40.253030605299436 ], [ -3.477483789120852, 40.253030605299436 ], [ -3.477483789120852, 40.253467802761868 ], [ -3.473042493315802, 40.253467802761868 ], [ -3.473042493315802, 40.253030605299436 ], [ -3.472302277348294, 40.253030605299436 ], [ -3.472302277348294, 40.252593405012497 ], [ -3.471562061380785, 40.252593405012497 ], [ -3.471562061380785, 40.252156201901066 ], [ -3.470821845413277, 40.252156201901066 ] ] ], [ [ [ -4.68255538422442, 40.28056852889182 ], [ -4.681815168256913, 40.28056852889182 ], [ -4.681815168256913, 40.280131506562206 ], [ -4.681074952289404, 40.280131506562206 ], [ -4.681074952289404, 40.27838338899442 ], [ -4.680334736321896, 40.27838338899442 ], [ -4.680334736321896, 40.277072271156953 ], [ -4.679594520354387, 40.277072271156953 ], [ -4.679594520354387, 40.275324074491898 ], [ -4.678854304386879, 40.275324074491898 ], [ -4.678854304386879, 40.274012897332007 ], [ -4.679594520354387, 40.274012897332007 ], [ -4.679594520354387, 40.27182754556879 ], [ -4.680334736321896, 40.27182754556879 ], [ -4.680334736321896, 40.270516300613124 ], [ -4.68255538422442, 40.270516300613124 ], [ -4.68255538422442, 40.270079213311661 ], [ -4.685516248094454, 40.270079213311661 ], [ -4.685516248094454, 40.269642123185427 ], [ -4.688477111964487, 40.269642123185427 ], [ -4.688477111964487, 40.26920503023441 ], [ -4.692918407769538, 40.26920503023441 ], [ -4.692918407769538, 40.269642123185427 ], [ -4.693658623737046, 40.269642123185427 ], [ -4.693658623737046, 40.270079213311661 ], [ -4.695139055672063, 40.270079213311661 ], [ -4.695139055672063, 40.270516300613124 ], [ -4.695879271639571, 40.270516300613124 ], [ -4.695879271639571, 40.271390466741693 ], [ -4.696619487607079, 40.271390466741693 ], [ -4.696619487607079, 40.272264621571075 ], [ -4.697359703574588, 40.272264621571075 ], [ -4.697359703574588, 40.273138765101201 ], [ -4.698099919542096, 40.273138765101201 ], [ -4.698099919542096, 40.274012897332007 ], [ -4.698840135509604, 40.274012897332007 ], [ -4.698840135509604, 40.277509313261014 ], [ -4.698099919542096, 40.277509313261014 ], [ -4.698099919542096, 40.28056852889182 ], [ -4.697359703574588, 40.28056852889182 ], [ -4.697359703574588, 40.281005548396479 ], [ -4.696619487607079, 40.281005548396479 ], [ -4.696619487607079, 40.28144256507619 ], [ -4.695139055672063, 40.28144256507619 ], [ -4.695139055672063, 40.281879578930933 ], [ -4.694398839704554, 40.281879578930933 ], [ -4.694398839704554, 40.282316589960701 ], [ -4.692178191802029, 40.282316589960701 ], [ -4.692178191802029, 40.281879578930933 ], [ -4.689217327931996, 40.281879578930933 ], [ -4.689217327931996, 40.28144256507619 ], [ -4.685516248094454, 40.28144256507619 ], [ -4.685516248094454, 40.281005548396479 ], [ -4.68255538422442, 40.281005548396479 ], [ -4.68255538422442, 40.28056852889182 ] ] ], [ [ [ -8.470240489964569, 41.055279968079311 ], [ -8.470240489964569, 41.05484799335612 ], [ -8.46950027399706, 41.05484799335612 ], [ -8.46950027399706, 41.05441601579632 ], [ -8.468760058029552, 41.05441601579632 ], [ -8.468760058029552, 41.05484799335612 ], [ -8.468019842062043, 41.05484799335612 ], [ -8.468019842062043, 41.055279968079311 ], [ -8.467279626094536, 41.055279968079311 ], [ -8.467279626094536, 41.055711939965896 ], [ -8.466539410127027, 41.055711939965896 ], [ -8.466539410127027, 41.056143909015852 ], [ -8.465799194159519, 41.056143909015852 ], [ -8.465799194159519, 41.056575875229179 ], [ -8.463578546256993, 41.056575875229179 ], [ -8.463578546256993, 41.056143909015852 ], [ -8.462838330289484, 41.056143909015852 ], [ -8.462838330289484, 41.055711939965896 ], [ -8.461357898354468, 41.055711939965896 ], [ -8.461357898354468, 41.055279968079311 ], [ -8.460617682386959, 41.055279968079311 ], [ -8.460617682386959, 41.053984035399914 ], [ -8.459877466419451, 41.053984035399914 ], [ -8.459877466419451, 41.050528090111662 ], [ -8.459137250451944, 41.050528090111662 ], [ -8.459137250451944, 41.044479749030401 ], [ -8.459877466419451, 41.044479749030401 ], [ -8.459877466419451, 41.041887432663778 ], [ -8.460617682386959, 41.041887432663778 ], [ -8.460617682386959, 41.040159165024001 ], [ -8.461357898354468, 41.040159165024001 ], [ -8.461357898354468, 41.039727091023025 ], [ -8.462838330289484, 41.039727091023025 ], [ -8.462838330289484, 41.039295014185633 ], [ -8.463578546256993, 41.039295014185633 ], [ -8.463578546256993, 41.038862934511862 ], [ -8.465799194159519, 41.038862934511862 ], [ -8.465799194159519, 41.039295014185633 ], [ -8.466539410127027, 41.039295014185633 ], [ -8.466539410127027, 41.039727091023025 ], [ -8.467279626094536, 41.039727091023025 ], [ -8.467279626094536, 41.040159165024001 ], [ -8.468019842062043, 41.040159165024001 ], [ -8.468019842062043, 41.040591236188561 ], [ -8.46950027399706, 41.040591236188561 ], [ -8.46950027399706, 41.040159165024001 ], [ -8.470980705932076, 41.040159165024001 ], [ -8.470980705932076, 41.039727091023025 ], [ -8.471720921899584, 41.039727091023025 ], [ -8.471720921899584, 41.039295014185633 ], [ -8.472461137867093, 41.039295014185633 ], [ -8.472461137867093, 41.038862934511862 ], [ -8.473941569802109, 41.038862934511862 ], [ -8.473941569802109, 41.039295014185633 ], [ -8.475422001737126, 41.039295014185633 ], [ -8.475422001737126, 41.039727091023025 ], [ -8.476162217704635, 41.039727091023025 ], [ -8.476162217704635, 41.040159165024001 ], [ -8.477642649639652, 41.040159165024001 ], [ -8.477642649639652, 41.041455370008464 ], [ -8.478382865607159, 41.041455370008464 ], [ -8.478382865607159, 41.042319492482662 ], [ -8.479123081574667, 41.042319492482662 ], [ -8.479123081574667, 41.043183603611105 ], [ -8.479863297542176, 41.043183603611105 ], [ -8.479863297542176, 41.044047703393765 ], [ -8.480603513509685, 41.044047703393765 ], [ -8.480603513509685, 41.044911791830579 ], [ -8.481343729477194, 41.044911791830579 ], [ -8.481343729477194, 41.045775868921496 ], [ -8.482083945444701, 41.045775868921496 ], [ -8.482083945444701, 41.04750398906549 ], [ -8.481343729477194, 41.04750398906549 ], [ -8.481343729477194, 41.050960093200679 ], [ -8.480603513509685, 41.050960093200679 ], [ -8.480603513509685, 41.052256085448377 ], [ -8.479863297542176, 41.052256085448377 ], [ -8.479863297542176, 41.052688077191135 ], [ -8.479123081574667, 41.052688077191135 ], [ -8.479123081574667, 41.053120066097314 ], [ -8.478382865607159, 41.053120066097314 ], [ -8.478382865607159, 41.053984035399914 ], [ -8.477642649639652, 41.053984035399914 ], [ -8.477642649639652, 41.05441601579632 ], [ -8.476902433672143, 41.05441601579632 ], [ -8.476902433672143, 41.05484799335612 ], [ -8.476162217704635, 41.05484799335612 ], [ -8.476162217704635, 41.055279968079311 ], [ -8.475422001737126, 41.055279968079311 ], [ -8.475422001737126, 41.055711939965896 ], [ -8.474681785769617, 41.055711939965896 ], [ -8.474681785769617, 41.056143909015852 ], [ -8.473941569802109, 41.056143909015852 ], [ -8.473941569802109, 41.056575875229179 ], [ -8.472461137867093, 41.056575875229179 ], [ -8.472461137867093, 41.056143909015852 ], [ -8.471720921899584, 41.056143909015852 ], [ -8.471720921899584, 41.055711939965896 ], [ -8.470980705932076, 41.055711939965896 ], [ -8.470980705932076, 41.055279968079311 ], [ -8.470240489964569, 41.055279968079311 ] ] ], [ [ [ -6.242190427764482, 41.401669187023749 ], [ -6.240709995829465, 41.401669187023749 ], [ -6.240709995829465, 41.401239494793387 ], [ -6.239969779861957, 41.401239494793387 ], [ -6.239969779861957, 41.400809799721856 ], [ -6.238489347926939, 41.400809799721856 ], [ -6.238489347926939, 41.400380101809176 ], [ -6.237008915991923, 41.400380101809176 ], [ -6.237008915991923, 41.399950401055364 ], [ -6.236268700024414, 41.399950401055364 ], [ -6.236268700024414, 41.399520697460403 ], [ -6.235528484056907, 41.399520697460403 ], [ -6.235528484056907, 41.399090991024323 ], [ -6.234788268089399, 41.399090991024323 ], [ -6.234788268089399, 41.395653237255452 ], [ -6.23404805212189, 41.395653237255452 ], [ -6.23404805212189, 41.391785546922605 ], [ -6.233307836154382, 41.391785546922605 ], [ -6.233307836154382, 41.387917626465814 ], [ -6.232567620186874, 41.387917626465814 ], [ -6.232567620186874, 41.386198476841322 ], [ -6.233307836154382, 41.386198476841322 ], [ -6.233307836154382, 41.384909084792788 ], [ -6.23404805212189, 41.384909084792788 ], [ -6.23404805212189, 41.383619667175708 ], [ -6.234788268089399, 41.383619667175708 ], [ -6.234788268089399, 41.382760041226305 ], [ -6.235528484056907, 41.382760041226305 ], [ -6.235528484056907, 41.381470580995305 ], [ -6.237749131959432, 41.381470580995305 ], [ -6.237749131959432, 41.381900403913214 ], [ -6.240709995829465, 41.381900403913214 ], [ -6.240709995829465, 41.382330223990223 ], [ -6.244411075667006, 41.382330223990223 ], [ -6.244411075667006, 41.382760041226305 ], [ -6.245151291634516, 41.382760041226305 ], [ -6.245151291634516, 41.383189855621467 ], [ -6.245891507602023, 41.383189855621467 ], [ -6.245891507602023, 41.383619667175708 ], [ -6.246631723569531, 41.383619667175708 ], [ -6.246631723569531, 41.384049475889007 ], [ -6.248112155504549, 41.384049475889007 ], [ -6.248112155504549, 41.384479281761372 ], [ -6.248852371472057, 41.384479281761372 ], [ -6.248852371472057, 41.384909084792788 ], [ -6.249592587439565, 41.384909084792788 ], [ -6.249592587439565, 41.385768682332767 ], [ -6.250332803407073, 41.385768682332767 ], [ -6.250332803407073, 41.387487843321153 ], [ -6.251073019374582, 41.387487843321153 ], [ -6.251073019374582, 41.390496265672802 ], [ -6.250332803407073, 41.390496265672802 ], [ -6.250332803407073, 41.391785546922605 ], [ -6.249592587439565, 41.391785546922605 ], [ -6.249592587439565, 41.393074802603067 ], [ -6.248852371472057, 41.393074802603067 ], [ -6.248852371472057, 41.393934292184802 ], [ -6.249592587439565, 41.393934292184802 ], [ -6.249592587439565, 41.394793770402273 ], [ -6.250332803407073, 41.394793770402273 ], [ -6.250332803407073, 41.399950401055364 ], [ -6.249592587439565, 41.399950401055364 ], [ -6.249592587439565, 41.400380101809176 ], [ -6.248852371472057, 41.400380101809176 ], [ -6.248852371472057, 41.400809799721856 ], [ -6.248112155504549, 41.400809799721856 ], [ -6.248112155504549, 41.401239494793387 ], [ -6.24737193953704, 41.401239494793387 ], [ -6.24737193953704, 41.401669187023749 ], [ -6.246631723569531, 41.401669187023749 ], [ -6.246631723569531, 41.402528562961002 ], [ -6.245891507602023, 41.402528562961002 ], [ -6.245891507602023, 41.402958246667872 ], [ -6.244411075667006, 41.402958246667872 ], [ -6.244411075667006, 41.402528562961002 ], [ -6.243670859699498, 41.402528562961002 ], [ -6.243670859699498, 41.402098876412957 ], [ -6.242190427764482, 41.402098876412957 ], [ -6.242190427764482, 41.401669187023749 ] ] ], [ [ [ -6.308069648872723, 41.409832799574154 ], [ -6.307329432905214, 41.409832799574154 ], [ -6.307329432905214, 41.409403161326757 ], [ -6.306589216937707, 41.409403161326757 ], [ -6.306589216937707, 41.408973520238099 ], [ -6.305849000970198, 41.408973520238099 ], [ -6.305849000970198, 41.408543876308194 ], [ -6.304368569035181, 41.408543876308194 ], [ -6.304368569035181, 41.408114229537027 ], [ -6.301407705165149, 41.408114229537027 ], [ -6.301407705165149, 41.407684579924627 ], [ -6.299187057262623, 41.407684579924627 ], [ -6.299187057262623, 41.407254927470994 ], [ -6.298446841295115, 41.407254927470994 ], [ -6.298446841295115, 41.407684579924627 ], [ -6.297706625327606, 41.407684579924627 ], [ -6.297706625327606, 41.408543876308194 ], [ -6.296966409360098, 41.408543876308194 ], [ -6.296966409360098, 41.408973520238099 ], [ -6.29622619339259, 41.408973520238099 ], [ -6.29622619339259, 41.409403161326757 ], [ -6.295485977425082, 41.409403161326757 ], [ -6.295485977425082, 41.409832799574154 ], [ -6.294745761457574, 41.409832799574154 ], [ -6.294745761457574, 41.410262434980304 ], [ -6.294005545490065, 41.410262434980304 ], [ -6.294005545490065, 41.410692067545178 ], [ -6.293265329522557, 41.410692067545178 ], [ -6.293265329522557, 41.410262434980304 ], [ -6.29178489758754, 41.410262434980304 ], [ -6.29178489758754, 41.409832799574154 ], [ -6.290304465652524, 41.409832799574154 ], [ -6.290304465652524, 41.409403161326757 ], [ -6.288824033717506, 41.409403161326757 ], [ -6.288824033717506, 41.408973520238099 ], [ -6.28734360178249, 41.408973520238099 ], [ -6.28734360178249, 41.408543876308194 ], [ -6.286603385814981, 41.408543876308194 ], [ -6.286603385814981, 41.407684579924627 ], [ -6.285863169847473, 41.407684579924627 ], [ -6.285863169847473, 41.406825272176128 ], [ -6.285122953879966, 41.406825272176128 ], [ -6.285122953879966, 41.406395614040044 ], [ -6.284382737912457, 41.406395614040044 ], [ -6.284382737912457, 41.401669187023749 ], [ -6.285122953879966, 41.401669187023749 ], [ -6.285122953879966, 41.400809799721856 ], [ -6.285863169847473, 41.400809799721856 ], [ -6.285863169847473, 41.399950401055364 ], [ -6.286603385814981, 41.399950401055364 ], [ -6.286603385814981, 41.399090991024323 ], [ -6.28734360178249, 41.399090991024323 ], [ -6.28734360178249, 41.398661281747103 ], [ -6.288083817749998, 41.398661281747103 ], [ -6.288083817749998, 41.398231569628763 ], [ -6.293265329522557, 41.398231569628763 ], [ -6.293265329522557, 41.396942416227063 ], [ -6.292525113555049, 41.396942416227063 ], [ -6.292525113555049, 41.393934292184802 ], [ -6.293265329522557, 41.393934292184802 ], [ -6.293265329522557, 41.392645053550623 ], [ -6.294005545490065, 41.392645053550623 ], [ -6.294005545490065, 41.391355789347031 ], [ -6.294745761457574, 41.391355789347031 ], [ -6.294745761457574, 41.390496265672802 ], [ -6.295485977425082, 41.390496265672802 ], [ -6.295485977425082, 41.3896367306345 ], [ -6.297706625327606, 41.3896367306345 ], [ -6.297706625327606, 41.389206958853819 ], [ -6.299927273230131, 41.389206958853819 ], [ -6.299927273230131, 41.388777184232154 ], [ -6.302147921132656, 41.388777184232154 ], [ -6.302147921132656, 41.388347406769476 ], [ -6.302888137100165, 41.388347406769476 ], [ -6.302888137100165, 41.388777184232154 ], [ -6.303628353067674, 41.388777184232154 ], [ -6.303628353067674, 41.389206958853819 ], [ -6.304368569035181, 41.389206958853819 ], [ -6.304368569035181, 41.3896367306345 ], [ -6.30510878500269, 41.3896367306345 ], [ -6.30510878500269, 41.390066499574154 ], [ -6.305849000970198, 41.390066499574154 ], [ -6.305849000970198, 41.390496265672802 ], [ -6.306589216937707, 41.390496265672802 ], [ -6.306589216937707, 41.390926028930423 ], [ -6.307329432905214, 41.390926028930423 ], [ -6.307329432905214, 41.390496265672802 ], [ -6.308069648872723, 41.390496265672802 ], [ -6.308069648872723, 41.3896367306345 ], [ -6.308809864840232, 41.3896367306345 ], [ -6.308809864840232, 41.388777184232154 ], [ -6.30955008080774, 41.388777184232154 ], [ -6.30955008080774, 41.387917626465814 ], [ -6.310290296775248, 41.387917626465814 ], [ -6.310290296775248, 41.387487843321153 ], [ -6.315471808547807, 41.387487843321153 ], [ -6.315471808547807, 41.387917626465814 ], [ -6.316212024515315, 41.387917626465814 ], [ -6.316212024515315, 41.388347406769476 ], [ -6.316952240482823, 41.388347406769476 ], [ -6.316952240482823, 41.389206958853819 ], [ -6.317692456450331, 41.389206958853819 ], [ -6.317692456450331, 41.390066499574154 ], [ -6.319172888385348, 41.390066499574154 ], [ -6.319172888385348, 41.390496265672802 ], [ -6.321393536287873, 41.390496265672802 ], [ -6.321393536287873, 41.390926028930423 ], [ -6.32287396822289, 41.390926028930423 ], [ -6.32287396822289, 41.391355789347031 ], [ -6.323614184190399, 41.391355789347031 ], [ -6.323614184190399, 41.392215301657131 ], [ -6.324354400157906, 41.392215301657131 ], [ -6.324354400157906, 41.393504548814462 ], [ -6.325094616125415, 41.393504548814462 ], [ -6.325094616125415, 41.395223505249398 ], [ -6.325834832092924, 41.395223505249398 ], [ -6.325834832092924, 41.396942416227063 ], [ -6.325094616125415, 41.396942416227063 ], [ -6.325094616125415, 41.398661281747103 ], [ -6.324354400157906, 41.398661281747103 ], [ -6.324354400157906, 41.399950401055364 ], [ -6.323614184190399, 41.399950401055364 ], [ -6.323614184190399, 41.401669187023749 ], [ -6.324354400157906, 41.401669187023749 ], [ -6.324354400157906, 41.405965953062726 ], [ -6.323614184190399, 41.405965953062726 ], [ -6.323614184190399, 41.406825272176128 ], [ -6.32287396822289, 41.406825272176128 ], [ -6.32287396822289, 41.407254927470994 ], [ -6.322133752255382, 41.407254927470994 ], [ -6.322133752255382, 41.407684579924627 ], [ -6.321393536287873, 41.407684579924627 ], [ -6.321393536287873, 41.408543876308194 ], [ -6.320653320320365, 41.408543876308194 ], [ -6.320653320320365, 41.408973520238099 ], [ -6.319913104352857, 41.408973520238099 ], [ -6.319913104352857, 41.409832799574154 ], [ -6.319172888385348, 41.409832799574154 ], [ -6.319172888385348, 41.410262434980304 ], [ -6.31843267241784, 41.410262434980304 ], [ -6.31843267241784, 41.410692067545178 ], [ -6.316952240482823, 41.410692067545178 ], [ -6.316952240482823, 41.411121697268769 ], [ -6.311770728710265, 41.411121697268769 ], [ -6.311770728710265, 41.411551324151091 ], [ -6.310290296775248, 41.411551324151091 ], [ -6.310290296775248, 41.411121697268769 ], [ -6.30955008080774, 41.411121697268769 ], [ -6.30955008080774, 41.410692067545178 ], [ -6.308809864840232, 41.410692067545178 ], [ -6.308809864840232, 41.410262434980304 ], [ -6.308069648872723, 41.410262434980304 ], [ -6.308069648872723, 41.409832799574154 ] ] ], [ [ [ -7.307361205008974, 41.65982803860782 ], [ -7.307361205008974, 41.658544087366508 ], [ -7.306620989041465, 41.658544087366508 ], [ -7.306620989041465, 41.657688105650976 ], [ -7.307361205008974, 41.657688105650976 ], [ -7.307361205008974, 41.656832112558433 ], [ -7.308101420976484, 41.656832112558433 ], [ -7.308101420976484, 41.655548101587804 ], [ -7.308841636943991, 41.655548101587804 ], [ -7.308841636943991, 41.65426406501912 ], [ -7.3095818529115, 41.65426406501912 ], [ -7.3095818529115, 41.653836047141134 ], [ -7.308101420976484, 41.653836047141134 ], [ -7.308101420976484, 41.65340802641893 ], [ -7.306620989041465, 41.65340802641893 ], [ -7.306620989041465, 41.652980002852523 ], [ -7.305880773073959, 41.652980002852523 ], [ -7.305880773073959, 41.652123947187128 ], [ -7.30514055710645, 41.652123947187128 ], [ -7.30514055710645, 41.650411801726115 ], [ -7.304400341138942, 41.650411801726115 ], [ -7.304400341138942, 41.647843498209653 ], [ -7.30514055710645, 41.647843498209653 ], [ -7.30514055710645, 41.646559308055487 ], [ -7.305880773073959, 41.646559308055487 ], [ -7.305880773073959, 41.64570316706542 ], [ -7.306620989041465, 41.64570316706542 ], [ -7.306620989041465, 41.644418934249479 ], [ -7.30514055710645, 41.644418934249479 ], [ -7.30514055710645, 41.643990850955952 ], [ -7.303660125171433, 41.643990850955952 ], [ -7.303660125171433, 41.643562764818363 ], [ -7.302919909203924, 41.643562764818363 ], [ -7.302919909203924, 41.642278489341024 ], [ -7.302179693236416, 41.642278489341024 ], [ -7.302179693236416, 41.640994188267015 ], [ -7.301439477268909, 41.640994188267015 ], [ -7.301439477268909, 41.641422291469091 ], [ -7.299959045333891, 41.641422291469091 ], [ -7.299959045333891, 41.641850391827084 ], [ -7.299218829366383, 41.641850391827084 ], [ -7.299218829366383, 41.643134675836656 ], [ -7.298478613398874, 41.643134675836656 ], [ -7.298478613398874, 41.644418934249479 ], [ -7.297738397431368, 41.644418934249479 ], [ -7.297738397431368, 41.64570316706542 ], [ -7.296998181463858, 41.64570316706542 ], [ -7.296998181463858, 41.646131238982505 ], [ -7.297738397431368, 41.646131238982505 ], [ -7.297738397431368, 41.646559308055487 ], [ -7.298478613398874, 41.646559308055487 ], [ -7.298478613398874, 41.646987374284336 ], [ -7.299218829366383, 41.646987374284336 ], [ -7.299218829366383, 41.647415437669054 ], [ -7.299959045333891, 41.647415437669054 ], [ -7.299959045333891, 41.647843498209653 ], [ -7.3006992613014, 41.647843498209653 ], [ -7.3006992613014, 41.648271555906099 ], [ -7.301439477268909, 41.648271555906099 ], [ -7.301439477268909, 41.648699610758413 ], [ -7.302179693236416, 41.648699610758413 ], [ -7.302179693236416, 41.650411801726115 ], [ -7.301439477268909, 41.650411801726115 ], [ -7.301439477268909, 41.65340802641893 ], [ -7.3006992613014, 41.65340802641893 ], [ -7.3006992613014, 41.655548101587804 ], [ -7.301439477268909, 41.655548101587804 ], [ -7.301439477268909, 41.655976108088915 ], [ -7.302179693236416, 41.655976108088915 ], [ -7.302179693236416, 41.656404111745786 ], [ -7.303660125171433, 41.656404111745786 ], [ -7.303660125171433, 41.659400057705 ], [ -7.304400341138942, 41.659400057705 ], [ -7.304400341138942, 41.66282382528761 ], [ -7.30514055710645, 41.66282382528761 ], [ -7.30514055710645, 41.665391531513578 ], [ -7.305880773073959, 41.665391531513578 ], [ -7.305880773073959, 41.66581947259607 ], [ -7.306620989041465, 41.66581947259607 ], [ -7.306620989041465, 41.66624741083421 ], [ -7.307361205008974, 41.66624741083421 ], [ -7.307361205008974, 41.666675346228011 ], [ -7.308101420976484, 41.666675346228011 ], [ -7.308101420976484, 41.667531208482515 ], [ -7.308841636943991, 41.667531208482515 ], [ -7.308841636943991, 41.667959135343217 ], [ -7.3095818529115, 41.667959135343217 ], [ -7.3095818529115, 41.674377696926349 ], [ -7.310322068879008, 41.674377696926349 ], [ -7.310322068879008, 41.679084235332382 ], [ -7.3095818529115, 41.679084235332382 ], [ -7.3095818529115, 41.679512085393299 ], [ -7.308841636943991, 41.679512085393299 ], [ -7.308841636943991, 41.679939932609699 ], [ -7.308101420976484, 41.679939932609699 ], [ -7.308101420976484, 41.680367776981598 ], [ -7.307361205008974, 41.680367776981598 ], [ -7.307361205008974, 41.681223457191848 ], [ -7.306620989041465, 41.681223457191848 ], [ -7.306620989041465, 41.681651293030178 ], [ -7.305880773073959, 41.681651293030178 ], [ -7.305880773073959, 41.682079126023979 ], [ -7.303660125171433, 41.682079126023979 ], [ -7.303660125171433, 41.681651293030178 ], [ -7.299218829366383, 41.681651293030178 ], [ -7.299218829366383, 41.681223457191848 ], [ -7.297738397431368, 41.681223457191848 ], [ -7.297738397431368, 41.684646064251368 ], [ -7.299218829366383, 41.684646064251368 ], [ -7.299218829366383, 41.685073877333323 ], [ -7.3006992613014, 41.685073877333323 ], [ -7.3006992613014, 41.685501687570714 ], [ -7.301439477268909, 41.685501687570714 ], [ -7.301439477268909, 41.685929494963503 ], [ -7.302179693236416, 41.685929494963503 ], [ -7.302179693236416, 41.689351851700636 ], [ -7.302919909203924, 41.689351851700636 ], [ -7.302919909203924, 41.691918499779597 ], [ -7.302179693236416, 41.691918499779597 ], [ -7.302179693236416, 41.692774026382118 ], [ -7.301439477268909, 41.692774026382118 ], [ -7.301439477268909, 41.693629541605993 ], [ -7.3006992613014, 41.693629541605993 ], [ -7.3006992613014, 41.694057294950923 ], [ -7.299959045333891, 41.694057294950923 ], [ -7.299959045333891, 41.694485045451188 ], [ -7.296998181463858, 41.694485045451188 ], [ -7.29551774952884, 41.694485045451188 ], [ -7.29551774952884, 41.695768279883893 ], [ -7.294777533561333, 41.695768279883893 ], [ -7.294777533561333, 41.697051488714337 ], [ -7.294037317593825, 41.697051488714337 ], [ -7.294037317593825, 41.698762393995679 ], [ -7.293297101626316, 41.698762393995679 ], [ -7.293297101626316, 41.699617829567998 ], [ -7.292556885658807, 41.699617829567998 ], [ -7.292556885658807, 41.700045543087057 ], [ -7.2918166696913, 41.700045543087057 ], [ -7.2918166696913, 41.700473253761366 ], [ -7.290336237756283, 41.700473253761366 ], [ -7.290336237756283, 41.700900961590932 ], [ -7.289596021788776, 41.700900961590932 ], [ -7.289596021788776, 41.701328666575741 ], [ -7.288115589853758, 41.701328666575741 ], [ -7.288115589853758, 41.701756368715799 ], [ -7.286635157918742, 41.701756368715799 ], [ -7.286635157918742, 41.7021840680111 ], [ -7.285894941951232, 41.7021840680111 ], [ -7.285894941951232, 41.702611764461622 ], [ -7.284414510016216, 41.702611764461622 ], [ -7.284414510016216, 41.70303945806738 ], [ -7.282934078081201, 41.70303945806738 ], [ -7.282934078081201, 41.703467148828352 ], [ -7.282193862113692, 41.703467148828352 ], [ -7.282193862113692, 41.703894836744546 ], [ -7.279973214211166, 41.703894836744546 ], [ -7.279973214211166, 41.703467148828352 ], [ -7.274791702438608, 41.703467148828352 ], [ -7.274791702438608, 41.704322521815946 ], [ -7.275531918406117, 41.704322521815946 ], [ -7.275531918406117, 41.70731623766136 ], [ -7.276272134373625, 41.70731623766136 ], [ -7.276272134373625, 41.709454520777683 ], [ -7.277012350341132, 41.709454520777683 ], [ -7.277012350341132, 41.710309814110289 ], [ -7.277752566308641, 41.710309814110289 ], [ -7.277752566308641, 41.7107374565093 ], [ -7.278492782276149, 41.7107374565093 ], [ -7.278492782276149, 41.711592732772736 ], [ -7.279232998243658, 41.711592732772736 ], [ -7.279232998243658, 41.716296548811982 ], [ -7.278492782276149, 41.716296548811982 ], [ -7.278492782276149, 41.718006942024175 ], [ -7.279232998243658, 41.718006942024175 ], [ -7.279232998243658, 41.721855160321667 ], [ -7.279973214211166, 41.721855160321667 ], [ -7.279973214211166, 41.724848059678102 ], [ -7.279232998243658, 41.724848059678102 ], [ -7.279232998243658, 41.726985759581986 ], [ -7.278492782276149, 41.726985759581986 ], [ -7.278492782276149, 41.727840819628213 ], [ -7.277752566308641, 41.727840819628213 ], [ -7.277752566308641, 41.728268345383739 ], [ -7.277012350341132, 41.728268345383739 ], [ -7.277012350341132, 41.728695868294203 ], [ -7.276272134373625, 41.728695868294203 ], [ -7.276272134373625, 41.729123388359596 ], [ -7.275531918406117, 41.729123388359596 ], [ -7.275531918406117, 41.729550905579913 ], [ -7.274791702438608, 41.729550905579913 ], [ -7.274791702438608, 41.729978419955152 ], [ -7.274051486471099, 41.729978419955152 ], [ -7.274051486471099, 41.730833440170365 ], [ -7.273311270503592, 41.730833440170365 ], [ -7.273311270503592, 41.731688449005198 ], [ -7.272571054536084, 41.731688449005198 ], [ -7.272571054536084, 41.732970940919152 ], [ -7.271830838568575, 41.732970940919152 ], [ -7.271830838568575, 41.733825921302866 ], [ -7.271090622601067, 41.733825921302866 ], [ -7.271090622601067, 41.734680890306066 ], [ -7.270350406633558, 41.734680890306066 ], [ -7.270350406633558, 41.735108370539962 ], [ -7.268869974698541, 41.735108370539962 ], [ -7.268869974698541, 41.734680890306066 ], [ -7.267389542763524, 41.734680890306066 ], [ -7.267389542763524, 41.734253407227037 ], [ -7.265168894861, 41.734253407227037 ], [ -7.265168894861, 41.733825921302866 ], [ -7.264428678893493, 41.733825921302866 ], [ -7.264428678893493, 41.734253407227037 ], [ -7.262948246958475, 41.734253407227037 ], [ -7.262948246958475, 41.734680890306066 ], [ -7.262208030990966, 41.734680890306066 ], [ -7.262208030990966, 41.735108370539962 ], [ -7.26072759905595, 41.735108370539962 ], [ -7.26072759905595, 41.735535847928716 ], [ -7.259987383088441, 41.735535847928716 ], [ -7.259987383088441, 41.735963322472315 ], [ -7.258506951153424, 41.735963322472315 ], [ -7.258506951153424, 41.736390794170767 ], [ -7.257766735185917, 41.736390794170767 ], [ -7.257766735185917, 41.735963322472315 ], [ -7.2562863032509, 41.735963322472315 ], [ -7.2562863032509, 41.735535847928716 ], [ -7.254805871315884, 41.735535847928716 ], [ -7.254805871315884, 41.735963322472315 ], [ -7.254065655348375, 41.735963322472315 ], [ -7.254065655348375, 41.736390794170767 ], [ -7.253325439380866, 41.736390794170767 ], [ -7.253325439380866, 41.736818263024055 ], [ -7.252585223413358, 41.736818263024055 ], [ -7.252585223413358, 41.737245729032189 ], [ -7.25184500744585, 41.737245729032189 ], [ -7.25184500744585, 41.737673192195146 ], [ -7.250364575510833, 41.737673192195146 ], [ -7.250364575510833, 41.737245729032189 ], [ -7.249624359543326, 41.737245729032189 ], [ -7.249624359543326, 41.736818263024055 ], [ -7.248143927608307, 41.736818263024055 ], [ -7.248143927608307, 41.736390794170767 ], [ -7.2474037116408, 41.736390794170767 ], [ -7.2474037116408, 41.735963322472315 ], [ -7.246663495673292, 41.735963322472315 ], [ -7.246663495673292, 41.736818263024055 ], [ -7.245923279705783, 41.736818263024055 ], [ -7.245923279705783, 41.738528109985552 ], [ -7.245183063738274, 41.738528109985552 ], [ -7.245183063738274, 41.740237911424124 ], [ -7.244442847770767, 41.740237911424124 ], [ -7.244442847770767, 41.74152023262846 ], [ -7.243702631803258, 41.74152023262846 ], [ -7.243702631803258, 41.741947667339467 ], [ -7.242962415835749, 41.741947667339467 ], [ -7.242962415835749, 41.742802528225845 ], [ -7.242222199868242, 41.742802528225845 ], [ -7.242222199868242, 41.74322995440118 ], [ -7.241481983900733, 41.74322995440118 ], [ -7.241481983900733, 41.744084798216143 ], [ -7.240741767933224, 41.744084798216143 ], [ -7.240741767933224, 41.74493963065013 ], [ -7.234820040193158, 41.74493963065013 ], [ -7.234820040193158, 41.744084798216143 ], [ -7.234079824225649, 41.744084798216143 ], [ -7.234079824225649, 41.74322995440118 ], [ -7.233339608258142, 41.74322995440118 ], [ -7.233339608258142, 41.742802528225845 ], [ -7.232599392290632, 41.742802528225845 ], [ -7.232599392290632, 41.744084798216143 ], [ -7.231859176323125, 41.744084798216143 ], [ -7.231859176323125, 41.745367042599248 ], [ -7.231118960355618, 41.745367042599248 ], [ -7.231118960355618, 41.745794451703105 ], [ -7.228898312453092, 41.745794451703105 ], [ -7.228898312453092, 41.746221857961686 ], [ -7.226677664550566, 41.746221857961686 ], [ -7.226677664550566, 41.746649261374998 ], [ -7.225197232615549, 41.746649261374998 ], [ -7.225197232615549, 41.746221857961686 ], [ -7.224457016648041, 41.746221857961686 ], [ -7.224457016648041, 41.745367042599248 ], [ -7.223716800680534, 41.745367042599248 ], [ -7.223716800680534, 41.74493963065013 ], [ -7.222976584713025, 41.74493963065013 ], [ -7.222976584713025, 41.744084798216143 ], [ -7.222236368745516, 41.744084798216143 ], [ -7.222236368745516, 41.74152023262846 ], [ -7.221496152778008, 41.74152023262846 ], [ -7.221496152778008, 41.736818263024055 ], [ -7.220755936810501, 41.736818263024055 ], [ -7.220755936810501, 41.735963322472315 ], [ -7.221496152778008, 41.735963322472315 ], [ -7.221496152778008, 41.734680890306066 ], [ -7.222236368745516, 41.734680890306066 ], [ -7.222236368745516, 41.733398432533576 ], [ -7.222976584713025, 41.733398432533576 ], [ -7.222976584713025, 41.732115949154959 ], [ -7.222236368745516, 41.732115949154959 ], [ -7.222236368745516, 41.731688449005198 ], [ -7.221496152778008, 41.731688449005198 ], [ -7.221496152778008, 41.73126094601033 ], [ -7.220755936810501, 41.73126094601033 ], [ -7.220755936810501, 41.730405931485301 ], [ -7.220015720842992, 41.730405931485301 ], [ -7.220015720842992, 41.729978419955152 ], [ -7.219275504875482, 41.729978419955152 ], [ -7.219275504875482, 41.724420511162222 ], [ -7.218535288907975, 41.724420511162222 ], [ -7.218535288907975, 41.723565405595402 ], [ -7.217795072940467, 41.723565405595402 ], [ -7.217795072940467, 41.722282725907597 ], [ -7.217054856972958, 41.722282725907597 ], [ -7.217054856972958, 41.721427591890738 ], [ -7.21631464100545, 41.721427591890738 ], [ -7.21631464100545, 41.720144869528049 ], [ -7.215574425037941, 41.720144869528049 ], [ -7.215574425037941, 41.719289707061392 ], [ -7.214834209070432, 41.719289707061392 ], [ -7.214834209070432, 41.718006942024175 ], [ -7.214093993102924, 41.718006942024175 ], [ -7.214093993102924, 41.717151751107956 ], [ -7.213353777135417, 41.717151751107956 ], [ -7.213353777135417, 41.715868943396593 ], [ -7.212613561167908, 41.715868943396593 ], [ -7.212613561167908, 41.715013724031053 ], [ -7.210392913265384, 41.715013724031053 ], [ -7.210392913265384, 41.714586110080923 ], [ -7.206691833427841, 41.714586110080923 ], [ -7.206691833427841, 41.715013724031053 ], [ -7.205951617460333, 41.715013724031053 ], [ -7.205951617460333, 41.71544133513629 ], [ -7.205211401492824, 41.71544133513629 ], [ -7.205211401492824, 41.715868943396593 ], [ -7.204471185525317, 41.715868943396593 ], [ -7.204471185525317, 41.716296548811982 ], [ -7.203730969557808, 41.716296548811982 ], [ -7.203730969557808, 41.717151751107956 ], [ -7.201510321655284, 41.717151751107956 ], [ -7.201510321655284, 41.716724151382444 ], [ -7.200770105687774, 41.716724151382444 ], [ -7.200770105687774, 41.716296548811982 ], [ -7.199289673752759, 41.716296548811982 ], [ -7.199289673752759, 41.715868943396593 ], [ -7.19854945778525, 41.715868943396593 ], [ -7.19854945778525, 41.714586110080923 ], [ -7.19780924181774, 41.714586110080923 ], [ -7.19780924181774, 41.711165096063461 ], [ -7.197069025850233, 41.711165096063461 ], [ -7.197069025850233, 41.710309814110289 ], [ -7.195588593915216, 41.710309814110289 ], [ -7.195588593915216, 41.709882168866415 ], [ -7.1941081619802, 41.709882168866415 ], [ -7.1941081619802, 41.709454520777683 ], [ -7.192627730045183, 41.709454520777683 ], [ -7.192627730045183, 41.709882168866415 ], [ -7.189666866175149, 41.709882168866415 ], [ -7.189666866175149, 41.710309814110289 ], [ -7.186706002305116, 41.710309814110289 ], [ -7.186706002305116, 41.7107374565093 ], [ -7.183745138435084, 41.7107374565093 ], [ -7.183745138435084, 41.711165096063461 ], [ -7.182264706500066, 41.711165096063461 ], [ -7.182264706500066, 41.7107374565093 ], [ -7.181524490532558, 41.7107374565093 ], [ -7.181524490532558, 41.710309814110289 ], [ -7.180784274565049, 41.710309814110289 ], [ -7.180784274565049, 41.709882168866415 ], [ -7.178563626662525, 41.709882168866415 ], [ -7.178563626662525, 41.710309814110289 ], [ -7.177823410695016, 41.710309814110289 ], [ -7.177823410695016, 41.7107374565093 ], [ -7.177083194727508, 41.7107374565093 ], [ -7.177083194727508, 41.711165096063461 ], [ -7.175602762792492, 41.711165096063461 ], [ -7.175602762792492, 41.7107374565093 ], [ -7.174122330857474, 41.7107374565093 ], [ -7.174122330857474, 41.710309814110289 ], [ -7.173382114889967, 41.710309814110289 ], [ -7.173382114889967, 41.709882168866415 ], [ -7.171901682954949, 41.709882168866415 ], [ -7.171901682954949, 41.710309814110289 ], [ -7.170421251019932, 41.710309814110289 ], [ -7.170421251019932, 41.7107374565093 ], [ -7.169681035052425, 41.7107374565093 ], [ -7.169681035052425, 41.711165096063461 ], [ -7.167460387149899, 41.711165096063461 ], [ -7.167460387149899, 41.7107374565093 ], [ -7.166720171182392, 41.7107374565093 ], [ -7.166720171182392, 41.710309814110289 ], [ -7.165979955214883, 41.710309814110289 ], [ -7.165979955214883, 41.709882168866415 ], [ -7.164499523279865, 41.709882168866415 ], [ -7.164499523279865, 41.714158493285865 ], [ -7.165239739247374, 41.714158493285865 ], [ -7.165239739247374, 41.714586110080923 ], [ -7.164499523279865, 41.714586110080923 ], [ -7.164499523279865, 41.716296548811982 ], [ -7.163759307312358, 41.716296548811982 ], [ -7.163759307312358, 41.71757934798854 ], [ -7.165239739247374, 41.71757934798854 ], [ -7.165239739247374, 41.718006942024175 ], [ -7.166720171182392, 41.718006942024175 ], [ -7.166720171182392, 41.718434533214875 ], [ -7.168200603117408, 41.718434533214875 ], [ -7.168200603117408, 41.718862121560612 ], [ -7.170421251019932, 41.718862121560612 ], [ -7.170421251019932, 41.720572446493932 ], [ -7.171161466987441, 41.720572446493932 ], [ -7.171161466987441, 41.722710288648543 ], [ -7.171901682954949, 41.722710288648543 ], [ -7.171901682954949, 41.723137848544468 ], [ -7.177083194727508, 41.723137848544468 ], [ -7.177083194727508, 41.723565405595402 ], [ -7.182264706500066, 41.723565405595402 ], [ -7.182264706500066, 41.723992959801322 ], [ -7.187446218272625, 41.723992959801322 ], [ -7.187446218272625, 41.724420511162222 ], [ -7.189666866175149, 41.724420511162222 ], [ -7.189666866175149, 41.725275605348941 ], [ -7.190407082142658, 41.725275605348941 ], [ -7.190407082142658, 41.726130688155543 ], [ -7.191147298110166, 41.726130688155543 ], [ -7.191147298110166, 41.726985759581986 ], [ -7.191887514077675, 41.726985759581986 ], [ -7.191887514077675, 41.727840819628213 ], [ -7.192627730045183, 41.727840819628213 ], [ -7.192627730045183, 41.728695868294203 ], [ -7.193367946012691, 41.728695868294203 ], [ -7.193367946012691, 41.729978419955152 ], [ -7.1941081619802, 41.729978419955152 ], [ -7.1941081619802, 41.730833440170365 ], [ -7.194848377947709, 41.730833440170365 ], [ -7.194848377947709, 41.731688449005198 ], [ -7.195588593915216, 41.731688449005198 ], [ -7.195588593915216, 41.732543446459609 ], [ -7.19780924181774, 41.732543446459609 ], [ -7.19780924181774, 41.732115949154959 ], [ -7.200029889720266, 41.732115949154959 ], [ -7.200029889720266, 41.732543446459609 ], [ -7.200770105687774, 41.732543446459609 ], [ -7.200770105687774, 41.732970940919152 ], [ -7.202250537622793, 41.732970940919152 ], [ -7.202250537622793, 41.733398432533576 ], [ -7.2029907535903, 41.733398432533576 ], [ -7.2029907535903, 41.734253407227037 ], [ -7.203730969557808, 41.734253407227037 ], [ -7.203730969557808, 41.735963322472315 ], [ -7.204471185525317, 41.735963322472315 ], [ -7.204471185525317, 41.737245729032189 ], [ -7.205211401492824, 41.737245729032189 ], [ -7.205211401492824, 41.738955564612979 ], [ -7.205951617460333, 41.738955564612979 ], [ -7.205951617460333, 41.740665354670782 ], [ -7.206691833427841, 41.740665354670782 ], [ -7.206691833427841, 41.74152023262846 ], [ -7.205951617460333, 41.74152023262846 ], [ -7.205951617460333, 41.743657377731282 ], [ -7.205211401492824, 41.743657377731282 ], [ -7.205211401492824, 41.74493963065013 ], [ -7.204471185525317, 41.74493963065013 ], [ -7.204471185525317, 41.745367042599248 ], [ -7.203730969557808, 41.745367042599248 ], [ -7.203730969557808, 41.745794451703105 ], [ -7.2029907535903, 41.745794451703105 ], [ -7.2029907535903, 41.746221857961686 ], [ -7.202250537622793, 41.746221857961686 ], [ -7.202250537622793, 41.746649261374998 ], [ -7.201510321655284, 41.746649261374998 ], [ -7.201510321655284, 41.747076661943048 ], [ -7.200770105687774, 41.747076661943048 ], [ -7.200770105687774, 41.747504059665815 ], [ -7.200029889720266, 41.747504059665815 ], [ -7.200029889720266, 41.747931454543298 ], [ -7.199289673752759, 41.747931454543298 ], [ -7.199289673752759, 41.748358846575485 ], [ -7.19854945778525, 41.748358846575485 ], [ -7.19854945778525, 41.748786235762388 ], [ -7.19780924181774, 41.748786235762388 ], [ -7.19780924181774, 41.74921362210398 ], [ -7.197069025850233, 41.74921362210398 ], [ -7.197069025850233, 41.749641005600289 ], [ -7.196328809882724, 41.749641005600289 ], [ -7.196328809882724, 41.750068386251272 ], [ -7.195588593915216, 41.750068386251272 ], [ -7.195588593915216, 41.75049576405695 ], [ -7.1941081619802, 41.75049576405695 ], [ -7.1941081619802, 41.750068386251272 ], [ -7.192627730045183, 41.750068386251272 ], [ -7.192627730045183, 41.749641005600289 ], [ -7.191887514077675, 41.749641005600289 ], [ -7.191887514077675, 41.74921362210398 ], [ -7.191147298110166, 41.74921362210398 ], [ -7.191147298110166, 41.75092313901731 ], [ -7.190407082142658, 41.75092313901731 ], [ -7.190407082142658, 41.752632610405456 ], [ -7.189666866175149, 41.752632610405456 ], [ -7.189666866175149, 41.753914684070509 ], [ -7.188186434240133, 41.753914684070509 ], [ -7.188186434240133, 41.754342036268142 ], [ -7.187446218272625, 41.754342036268142 ], [ -7.187446218272625, 41.754769385620428 ], [ -7.185965786337607, 41.754769385620428 ], [ -7.185965786337607, 41.755196732127331 ], [ -7.1852255703701, 41.755196732127331 ], [ -7.1852255703701, 41.755624075788866 ], [ -7.177823410695016, 41.755624075788866 ], [ -7.177823410695016, 41.75605141660504 ], [ -7.175602762792492, 41.75605141660504 ], [ -7.175602762792492, 41.757760751415844 ], [ -7.174862546824983, 41.757760751415844 ], [ -7.174862546824983, 41.759470040700251 ], [ -7.174122330857474, 41.759470040700251 ], [ -7.174122330857474, 41.759897355907803 ], [ -7.172641898922458, 41.759897355907803 ], [ -7.172641898922458, 41.760324668269959 ], [ -7.171901682954949, 41.760324668269959 ], [ -7.171901682954949, 41.760751977786661 ], [ -7.171161466987441, 41.760751977786661 ], [ -7.171161466987441, 41.761179284457953 ], [ -7.169681035052425, 41.761179284457953 ], [ -7.169681035052425, 41.760751977786661 ], [ -7.168940819084917, 41.760751977786661 ], [ -7.168940819084917, 41.760324668269959 ], [ -7.168200603117408, 41.760324668269959 ], [ -7.168200603117408, 41.759470040700251 ], [ -7.167460387149899, 41.759470040700251 ], [ -7.167460387149899, 41.759042722647266 ], [ -7.166720171182392, 41.759042722647266 ], [ -7.166720171182392, 41.758615401748862 ], [ -7.165979955214883, 41.758615401748862 ], [ -7.165979955214883, 41.758188078005055 ], [ -7.165239739247374, 41.758188078005055 ], [ -7.165239739247374, 41.753059971139159 ], [ -7.165979955214883, 41.753059971139159 ], [ -7.165979955214883, 41.752205246826428 ], [ -7.166720171182392, 41.752205246826428 ], [ -7.166720171182392, 41.751350511132337 ], [ -7.167460387149899, 41.751350511132337 ], [ -7.167460387149899, 41.75092313901731 ], [ -7.166720171182392, 41.75092313901731 ], [ -7.166720171182392, 41.749641005600289 ], [ -7.165979955214883, 41.749641005600289 ], [ -7.165979955214883, 41.748786235762388 ], [ -7.165239739247374, 41.748786235762388 ], [ -7.165239739247374, 41.747504059665815 ], [ -7.164499523279865, 41.747504059665815 ], [ -7.164499523279865, 41.746221857961686 ], [ -7.163759307312358, 41.746221857961686 ], [ -7.163759307312358, 41.745367042599248 ], [ -7.16301909134485, 41.745367042599248 ], [ -7.16301909134485, 41.744512215855764 ], [ -7.163759307312358, 41.744512215855764 ], [ -7.163759307312358, 41.742802528225845 ], [ -7.164499523279865, 41.742802528225845 ], [ -7.164499523279865, 41.74109279507222 ], [ -7.165239739247374, 41.74109279507222 ], [ -7.165239739247374, 41.740665354670782 ], [ -7.166720171182392, 41.740665354670782 ], [ -7.166720171182392, 41.740237911424124 ], [ -7.167460387149899, 41.740237911424124 ], [ -7.167460387149899, 41.739810465332269 ], [ -7.168940819084917, 41.739810465332269 ], [ -7.168940819084917, 41.739383016395223 ], [ -7.169681035052425, 41.739383016395223 ], [ -7.169681035052425, 41.738955564612979 ], [ -7.170421251019932, 41.738955564612979 ], [ -7.170421251019932, 41.738528109985552 ], [ -7.169681035052425, 41.738528109985552 ], [ -7.169681035052425, 41.737673192195146 ], [ -7.168940819084917, 41.737673192195146 ], [ -7.168940819084917, 41.737245729032189 ], [ -7.168200603117408, 41.737245729032189 ], [ -7.168200603117408, 41.736390794170767 ], [ -7.167460387149899, 41.736390794170767 ], [ -7.167460387149899, 41.735963322472315 ], [ -7.166720171182392, 41.735963322472315 ], [ -7.166720171182392, 41.735108370539962 ], [ -7.165979955214883, 41.735108370539962 ], [ -7.165979955214883, 41.734253407227037 ], [ -7.165239739247374, 41.734253407227037 ], [ -7.165239739247374, 41.729550905579913 ], [ -7.165979955214883, 41.729550905579913 ], [ -7.165979955214883, 41.728695868294203 ], [ -7.166720171182392, 41.728695868294203 ], [ -7.166720171182392, 41.727840819628213 ], [ -7.162278875377341, 41.727840819628213 ], [ -7.162278875377341, 41.727413291027624 ], [ -7.157837579572292, 41.727413291027624 ], [ -7.157837579572292, 41.726985759581986 ], [ -7.157097363604783, 41.726985759581986 ], [ -7.157097363604783, 41.726130688155543 ], [ -7.156357147637274, 41.726130688155543 ], [ -7.156357147637274, 41.725703148174766 ], [ -7.155616931669766, 41.725703148174766 ], [ -7.155616931669766, 41.725275605348941 ], [ -7.154876715702257, 41.725275605348941 ], [ -7.154876715702257, 41.724848059678102 ], [ -7.154136499734749, 41.724848059678102 ], [ -7.154136499734749, 41.724420511162222 ], [ -7.153396283767242, 41.724420511162222 ], [ -7.153396283767242, 41.723992959801322 ], [ -7.152656067799733, 41.723992959801322 ], [ -7.152656067799733, 41.723565405595402 ], [ -7.151915851832224, 41.723565405595402 ], [ -7.151915851832224, 41.723137848544468 ], [ -7.151175635864717, 41.723137848544468 ], [ -7.151175635864717, 41.722710288648543 ], [ -7.150435419897208, 41.722710288648543 ], [ -7.150435419897208, 41.721855160321667 ], [ -7.149695203929699, 41.721855160321667 ], [ -7.149695203929699, 41.721427591890738 ], [ -7.148954987962191, 41.721427591890738 ], [ -7.148954987962191, 41.721000020614817 ], [ -7.148214771994683, 41.721000020614817 ], [ -7.148214771994683, 41.720572446493932 ], [ -7.147474556027174, 41.720572446493932 ], [ -7.147474556027174, 41.720144869528049 ], [ -7.146734340059665, 41.720144869528049 ], [ -7.146734340059665, 41.719717289717202 ], [ -7.145994124092158, 41.719717289717202 ], [ -7.145994124092158, 41.71757934798854 ], [ -7.146734340059665, 41.71757934798854 ], [ -7.146734340059665, 41.713730873645915 ], [ -7.147474556027174, 41.713730873645915 ], [ -7.147474556027174, 41.712875625831309 ], [ -7.148214771994683, 41.712875625831309 ], [ -7.148214771994683, 41.712447997656668 ], [ -7.148954987962191, 41.712447997656668 ], [ -7.148954987962191, 41.712020366637141 ], [ -7.149695203929699, 41.712020366637141 ], [ -7.149695203929699, 41.711592732772736 ], [ -7.150435419897208, 41.711592732772736 ], [ -7.150435419897208, 41.7107374565093 ], [ -7.151175635864717, 41.7107374565093 ], [ -7.151175635864717, 41.710309814110289 ], [ -7.151915851832224, 41.710309814110289 ], [ -7.151915851832224, 41.709454520777683 ], [ -7.147474556027174, 41.709454520777683 ], [ -7.147474556027174, 41.709026869844102 ], [ -7.143773476189633, 41.709026869844102 ], [ -7.143773476189633, 41.708599216065664 ], [ -7.140072396352092, 41.708599216065664 ], [ -7.140072396352092, 41.708171559442398 ], [ -7.135631100547041, 41.708171559442398 ], [ -7.135631100547041, 41.707743899974297 ], [ -7.1319300207095, 41.707743899974297 ], [ -7.1319300207095, 41.70731623766136 ], [ -7.131189804741991, 41.70731623766136 ], [ -7.131189804741991, 41.7107374565093 ], [ -7.130449588774483, 41.7107374565093 ], [ -7.130449588774483, 41.715868943396593 ], [ -7.129709372806975, 41.715868943396593 ], [ -7.129709372806975, 41.71757934798854 ], [ -7.128969156839466, 41.71757934798854 ], [ -7.128969156839466, 41.718006942024175 ], [ -7.128228940871957, 41.718006942024175 ], [ -7.128228940871957, 41.718434533214875 ], [ -7.12748872490445, 41.718434533214875 ], [ -7.12748872490445, 41.718862121560612 ], [ -7.126748508936942, 41.718862121560612 ], [ -7.126748508936942, 41.719289707061392 ], [ -7.126008292969432, 41.719289707061392 ], [ -7.126008292969432, 41.719717289717202 ], [ -7.125268077001924, 41.719717289717202 ], [ -7.125268077001924, 41.720144869528049 ], [ -7.124527861034417, 41.720144869528049 ], [ -7.124527861034417, 41.720572446493932 ], [ -7.123787645066908, 41.720572446493932 ], [ -7.123787645066908, 41.721000020614817 ], [ -7.123047429099399, 41.721000020614817 ], [ -7.123047429099399, 41.720572446493932 ], [ -7.117125701359333, 41.720572446493932 ], [ -7.117125701359333, 41.720144869528049 ], [ -7.1141648374893, 41.720144869528049 ], [ -7.1141648374893, 41.719717289717202 ], [ -7.113424621521792, 41.719717289717202 ], [ -7.113424621521792, 41.719289707061392 ], [ -7.112684405554282, 41.719289707061392 ], [ -7.112684405554282, 41.718434533214875 ], [ -7.111944189586774, 41.718434533214875 ], [ -7.111944189586774, 41.718006942024175 ], [ -7.111203973619267, 41.718006942024175 ], [ -7.111203973619267, 41.71757934798854 ], [ -7.110463757651758, 41.71757934798854 ], [ -7.110463757651758, 41.716724151382444 ], [ -7.109723541684249, 41.716724151382444 ], [ -7.109723541684249, 41.716296548811982 ], [ -7.108983325716741, 41.716296548811982 ], [ -7.108983325716741, 41.7107374565093 ], [ -7.109723541684249, 41.7107374565093 ], [ -7.109723541684249, 41.708599216065664 ], [ -7.108983325716741, 41.708599216065664 ], [ -7.108983325716741, 41.70731623766136 ], [ -7.108243109749234, 41.70731623766136 ], [ -7.108243109749234, 41.705605559961398 ], [ -7.107502893781724, 41.705605559961398 ], [ -7.107502893781724, 41.705177883424398 ], [ -7.106762677814216, 41.705177883424398 ], [ -7.106762677814216, 41.704750204042568 ], [ -7.106022461846709, 41.704750204042568 ], [ -7.106022461846709, 41.703894836744546 ], [ -7.1052822458792, 41.703894836744546 ], [ -7.1052822458792, 41.703467148828352 ], [ -7.104542029911691, 41.703467148828352 ], [ -7.104542029911691, 41.70303945806738 ], [ -7.103801813944183, 41.70303945806738 ], [ -7.103801813944183, 41.699617829567998 ], [ -7.103061597976675, 41.699617829567998 ], [ -7.103061597976675, 41.695340537917666 ], [ -7.102321382009166, 41.695340537917666 ], [ -7.102321382009166, 41.692774026382118 ], [ -7.103061597976675, 41.692774026382118 ], [ -7.103061597976675, 41.692346264503186 ], [ -7.103801813944183, 41.692346264503186 ], [ -7.103801813944183, 41.691918499779597 ], [ -7.104542029911691, 41.691918499779597 ], [ -7.104542029911691, 41.691490732211371 ], [ -7.1052822458792, 41.691490732211371 ], [ -7.1052822458792, 41.691062961798494 ], [ -7.106022461846709, 41.691062961798494 ], [ -7.106022461846709, 41.69063518854098 ], [ -7.106762677814216, 41.69063518854098 ], [ -7.106762677814216, 41.690207412438824 ], [ -7.107502893781724, 41.690207412438824 ], [ -7.107502893781724, 41.689351851700636 ], [ -7.108243109749234, 41.689351851700636 ], [ -7.108243109749234, 41.685501687570714 ], [ -7.108983325716741, 41.685501687570714 ], [ -7.108983325716741, 41.684646064251368 ], [ -7.109723541684249, 41.684646064251368 ], [ -7.109723541684249, 41.683790429553788 ], [ -7.110463757651758, 41.683790429553788 ], [ -7.110463757651758, 41.682934783477975 ], [ -7.111203973619267, 41.682934783477975 ], [ -7.111203973619267, 41.682506956173249 ], [ -7.116385485391825, 41.682506956173249 ], [ -7.116385485391825, 41.682079126023979 ], [ -7.119346349261858, 41.682079126023979 ], [ -7.119346349261858, 41.680795618508981 ], [ -7.11860613329435, 41.680795618508981 ], [ -7.11860613329435, 41.679939932609699 ], [ -7.117865917326841, 41.679939932609699 ], [ -7.117865917326841, 41.678656382426972 ], [ -7.117125701359333, 41.678656382426972 ], [ -7.117125701359333, 41.677372806643767 ], [ -7.116385485391825, 41.677372806643767 ], [ -7.116385485391825, 41.67608920526024 ], [ -7.115645269424316, 41.67608920526024 ], [ -7.115645269424316, 41.674805578276505 ], [ -7.116385485391825, 41.674805578276505 ], [ -7.116385485391825, 41.673521925692711 ], [ -7.117125701359333, 41.673521925692711 ], [ -7.117125701359333, 41.672666143081322 ], [ -7.117865917326841, 41.672666143081322 ], [ -7.117865917326841, 41.671382447831043 ], [ -7.11860613329435, 41.671382447831043 ], [ -7.11860613329435, 41.667959135343217 ], [ -7.119346349261858, 41.667959135343217 ], [ -7.119346349261858, 41.665391531513578 ], [ -7.120086565229366, 41.665391531513578 ], [ -7.120086565229366, 41.66496358758674 ], [ -7.120826781196874, 41.66496358758674 ], [ -7.120826781196874, 41.664535640815579 ], [ -7.121566997164383, 41.664535640815579 ], [ -7.121566997164383, 41.664107691200066 ], [ -7.122307213131891, 41.664107691200066 ], [ -7.122307213131891, 41.663679738740228 ], [ -7.123787645066908, 41.663679738740228 ], [ -7.123787645066908, 41.663251783436081 ], [ -7.124527861034417, 41.663251783436081 ], [ -7.124527861034417, 41.66282382528761 ], [ -7.125268077001924, 41.66282382528761 ], [ -7.125268077001924, 41.66239586429483 ], [ -7.126008292969432, 41.66239586429483 ], [ -7.126008292969432, 41.661967900457732 ], [ -7.12748872490445, 41.661967900457732 ], [ -7.12748872490445, 41.661539933776339 ], [ -7.128228940871957, 41.661539933776339 ], [ -7.128228940871957, 41.661111964250644 ], [ -7.128969156839466, 41.661111964250644 ], [ -7.128969156839466, 41.660683991880653 ], [ -7.129709372806975, 41.660683991880653 ], [ -7.129709372806975, 41.660256016666388 ], [ -7.131189804741991, 41.660256016666388 ], [ -7.131189804741991, 41.65982803860782 ], [ -7.133410452644516, 41.65982803860782 ], [ -7.133410452644516, 41.660256016666388 ], [ -7.137851748449566, 41.660256016666388 ], [ -7.137851748449566, 41.660683991880653 ], [ -7.141552828287108, 41.660683991880653 ], [ -7.141552828287108, 41.661111964250644 ], [ -7.142293044254616, 41.661111964250644 ], [ -7.142293044254616, 41.660683991880653 ], [ -7.143773476189633, 41.660683991880653 ], [ -7.143773476189633, 41.660256016666388 ], [ -7.144513692157142, 41.660256016666388 ], [ -7.144513692157142, 41.65982803860782 ], [ -7.14525390812465, 41.65982803860782 ], [ -7.14525390812465, 41.659400057705 ], [ -7.146734340059665, 41.659400057705 ], [ -7.146734340059665, 41.658972073957891 ], [ -7.148954987962191, 41.658972073957891 ], [ -7.148954987962191, 41.659400057705 ], [ -7.149695203929699, 41.659400057705 ], [ -7.149695203929699, 41.65982803860782 ], [ -7.151175635864717, 41.65982803860782 ], [ -7.151175635864717, 41.660256016666388 ], [ -7.151915851832224, 41.660256016666388 ], [ -7.151915851832224, 41.660683991880653 ], [ -7.152656067799733, 41.660683991880653 ], [ -7.152656067799733, 41.661111964250644 ], [ -7.153396283767242, 41.661111964250644 ], [ -7.153396283767242, 41.661539933776339 ], [ -7.154136499734749, 41.661539933776339 ], [ -7.154136499734749, 41.661967900457732 ], [ -7.154876715702257, 41.661967900457732 ], [ -7.154876715702257, 41.66239586429483 ], [ -7.155616931669766, 41.66239586429483 ], [ -7.155616931669766, 41.66282382528761 ], [ -7.156357147637274, 41.66282382528761 ], [ -7.156357147637274, 41.66239586429483 ], [ -7.157097363604783, 41.66239586429483 ], [ -7.157097363604783, 41.661967900457732 ], [ -7.157837579572292, 41.661967900457732 ], [ -7.157837579572292, 41.661111964250644 ], [ -7.1585777955398, 41.661111964250644 ], [ -7.1585777955398, 41.660683991880653 ], [ -7.160058227474816, 41.660683991880653 ], [ -7.160058227474816, 41.660256016666388 ], [ -7.164499523279865, 41.660256016666388 ], [ -7.164499523279865, 41.658116097930872 ], [ -7.165239739247374, 41.658116097930872 ], [ -7.165239739247374, 41.655976108088915 ], [ -7.165979955214883, 41.655976108088915 ], [ -7.165979955214883, 41.65340802641893 ], [ -7.166720171182392, 41.65340802641893 ], [ -7.166720171182392, 41.650839842357641 ], [ -7.167460387149899, 41.650839842357641 ], [ -7.167460387149899, 41.648271555906099 ], [ -7.168200603117408, 41.648271555906099 ], [ -7.168200603117408, 41.646559308055487 ], [ -7.168940819084917, 41.646559308055487 ], [ -7.168940819084917, 41.646131238982505 ], [ -7.170421251019932, 41.646131238982505 ], [ -7.170421251019932, 41.64570316706542 ], [ -7.171161466987441, 41.64570316706542 ], [ -7.171161466987441, 41.64527509230421 ], [ -7.173382114889967, 41.64527509230421 ], [ -7.173382114889967, 41.64570316706542 ], [ -7.174862546824983, 41.64570316706542 ], [ -7.174862546824983, 41.646131238982505 ], [ -7.176342978760001, 41.646131238982505 ], [ -7.176342978760001, 41.64570316706542 ], [ -7.177083194727508, 41.64570316706542 ], [ -7.177083194727508, 41.64527509230421 ], [ -7.178563626662525, 41.64527509230421 ], [ -7.178563626662525, 41.644847014698897 ], [ -7.179303842630032, 41.644847014698897 ], [ -7.179303842630032, 41.644418934249479 ], [ -7.180044058597542, 41.644418934249479 ], [ -7.180044058597542, 41.643990850955952 ], [ -7.180784274565049, 41.643990850955952 ], [ -7.180784274565049, 41.643562764818363 ], [ -7.181524490532558, 41.643562764818363 ], [ -7.181524490532558, 41.643134675836656 ], [ -7.183004922467575, 41.643134675836656 ], [ -7.183004922467575, 41.642706584010881 ], [ -7.183745138435084, 41.642706584010881 ], [ -7.183745138435084, 41.642278489341024 ], [ -7.184485354402592, 41.642278489341024 ], [ -7.184485354402592, 41.641850391827084 ], [ -7.185965786337607, 41.641850391827084 ], [ -7.185965786337607, 41.642278489341024 ], [ -7.187446218272625, 41.642278489341024 ], [ -7.187446218272625, 41.642706584010881 ], [ -7.188186434240133, 41.642706584010881 ], [ -7.188186434240133, 41.643134675836656 ], [ -7.189666866175149, 41.643134675836656 ], [ -7.189666866175149, 41.639709861596501 ], [ -7.190407082142658, 41.639709861596501 ], [ -7.190407082142658, 41.638853629595928 ], [ -7.191147298110166, 41.638853629595928 ], [ -7.191147298110166, 41.638425509329593 ], [ -7.191887514077675, 41.638425509329593 ], [ -7.191887514077675, 41.63756926026484 ], [ -7.192627730045183, 41.63756926026484 ], [ -7.192627730045183, 41.637141131466429 ], [ -7.1941081619802, 41.637141131466429 ], [ -7.1941081619802, 41.636712999824013 ], [ -7.195588593915216, 41.636712999824013 ], [ -7.195588593915216, 41.636284865337586 ], [ -7.19854945778525, 41.636284865337586 ], [ -7.19854945778525, 41.636712999824013 ], [ -7.200029889720266, 41.636712999824013 ], [ -7.200029889720266, 41.637141131466429 ], [ -7.201510321655284, 41.637141131466429 ], [ -7.201510321655284, 41.63756926026484 ], [ -7.2029907535903, 41.63756926026484 ], [ -7.2029907535903, 41.637997386219226 ], [ -7.204471185525317, 41.637997386219226 ], [ -7.204471185525317, 41.638425509329593 ], [ -7.205951617460333, 41.638425509329593 ], [ -7.205951617460333, 41.639709861596501 ], [ -7.206691833427841, 41.639709861596501 ], [ -7.206691833427841, 41.641422291469091 ], [ -7.20743204939535, 41.641422291469091 ], [ -7.20743204939535, 41.643134675836656 ], [ -7.206691833427841, 41.643134675836656 ], [ -7.206691833427841, 41.643990850955952 ], [ -7.205951617460333, 41.643990850955952 ], [ -7.205951617460333, 41.64527509230421 ], [ -7.205211401492824, 41.64527509230421 ], [ -7.205211401492824, 41.646559308055487 ], [ -7.205951617460333, 41.646559308055487 ], [ -7.205951617460333, 41.646987374284336 ], [ -7.20743204939535, 41.646987374284336 ], [ -7.20743204939535, 41.647415437669054 ], [ -7.208172265362857, 41.647415437669054 ], [ -7.208172265362857, 41.647843498209653 ], [ -7.209652697297875, 41.647843498209653 ], [ -7.209652697297875, 41.648271555906099 ], [ -7.211133129232891, 41.648271555906099 ], [ -7.211133129232891, 41.648699610758413 ], [ -7.212613561167908, 41.648699610758413 ], [ -7.212613561167908, 41.650411801726115 ], [ -7.213353777135417, 41.650411801726115 ], [ -7.213353777135417, 41.65340802641893 ], [ -7.214093993102924, 41.65340802641893 ], [ -7.214093993102924, 41.656404111745786 ], [ -7.214834209070432, 41.656404111745786 ], [ -7.214834209070432, 41.658116097930872 ], [ -7.214093993102924, 41.658116097930872 ], [ -7.214093993102924, 41.658544087366508 ], [ -7.213353777135417, 41.658544087366508 ], [ -7.213353777135417, 41.658972073957891 ], [ -7.212613561167908, 41.658972073957891 ], [ -7.212613561167908, 41.659400057705 ], [ -7.211873345200399, 41.659400057705 ], [ -7.211873345200399, 41.65982803860782 ], [ -7.211133129232891, 41.65982803860782 ], [ -7.211133129232891, 41.660256016666388 ], [ -7.210392913265384, 41.660256016666388 ], [ -7.210392913265384, 41.661111964250644 ], [ -7.208912481330366, 41.661111964250644 ], [ -7.208912481330366, 41.660683991880653 ], [ -7.20743204939535, 41.660683991880653 ], [ -7.20743204939535, 41.660256016666388 ], [ -7.205211401492824, 41.660256016666388 ], [ -7.205211401492824, 41.65982803860782 ], [ -7.203730969557808, 41.65982803860782 ], [ -7.203730969557808, 41.659400057705 ], [ -7.202250537622793, 41.659400057705 ], [ -7.202250537622793, 41.658972073957891 ], [ -7.201510321655284, 41.658972073957891 ], [ -7.201510321655284, 41.658116097930872 ], [ -7.200770105687774, 41.658116097930872 ], [ -7.200770105687774, 41.657260110526828 ], [ -7.200029889720266, 41.657260110526828 ], [ -7.200029889720266, 41.656404111745786 ], [ -7.199289673752759, 41.656404111745786 ], [ -7.199289673752759, 41.655548101587804 ], [ -7.19854945778525, 41.655548101587804 ], [ -7.19854945778525, 41.654692080052904 ], [ -7.19780924181774, 41.654692080052904 ], [ -7.19780924181774, 41.653836047141134 ], [ -7.197069025850233, 41.653836047141134 ], [ -7.197069025850233, 41.652980002852523 ], [ -7.196328809882724, 41.652980002852523 ], [ -7.196328809882724, 41.65426406501912 ], [ -7.195588593915216, 41.65426406501912 ], [ -7.195588593915216, 41.655548101587804 ], [ -7.194848377947709, 41.655548101587804 ], [ -7.194848377947709, 41.657260110526828 ], [ -7.1941081619802, 41.657260110526828 ], [ -7.1941081619802, 41.658544087366508 ], [ -7.193367946012691, 41.658544087366508 ], [ -7.193367946012691, 41.660256016666388 ], [ -7.192627730045183, 41.660256016666388 ], [ -7.192627730045183, 41.661539933776339 ], [ -7.191887514077675, 41.661539933776339 ], [ -7.191887514077675, 41.66239586429483 ], [ -7.191147298110166, 41.66239586429483 ], [ -7.191147298110166, 41.66282382528761 ], [ -7.189666866175149, 41.66282382528761 ], [ -7.189666866175149, 41.663251783436081 ], [ -7.188926650207642, 41.663251783436081 ], [ -7.188926650207642, 41.663679738740228 ], [ -7.185965786337607, 41.663679738740228 ], [ -7.185965786337607, 41.663251783436081 ], [ -7.183745138435084, 41.663251783436081 ], [ -7.183745138435084, 41.66282382528761 ], [ -7.180784274565049, 41.66282382528761 ], [ -7.180784274565049, 41.66239586429483 ], [ -7.177823410695016, 41.66239586429483 ], [ -7.177823410695016, 41.661967900457732 ], [ -7.177083194727508, 41.661967900457732 ], [ -7.177083194727508, 41.663251783436081 ], [ -7.176342978760001, 41.663251783436081 ], [ -7.176342978760001, 41.664107691200066 ], [ -7.175602762792492, 41.664107691200066 ], [ -7.175602762792492, 41.667103278777439 ], [ -7.176342978760001, 41.667103278777439 ], [ -7.176342978760001, 41.668814980531515 ], [ -7.177083194727508, 41.668814980531515 ], [ -7.177083194727508, 41.671382447831043 ], [ -7.176342978760001, 41.671382447831043 ], [ -7.176342978760001, 41.673094035809228 ], [ -7.177083194727508, 41.673094035809228 ], [ -7.177083194727508, 41.673521925692711 ], [ -7.177823410695016, 41.673521925692711 ], [ -7.177823410695016, 41.673949812731749 ], [ -7.178563626662525, 41.673949812731749 ], [ -7.178563626662525, 41.674377696926349 ], [ -7.180044058597542, 41.674377696926349 ], [ -7.180044058597542, 41.673949812731749 ], [ -7.181524490532558, 41.673949812731749 ], [ -7.181524490532558, 41.670954543725458 ], [ -7.182264706500066, 41.670954543725458 ], [ -7.182264706500066, 41.670526636775463 ], [ -7.183004922467575, 41.670526636775463 ], [ -7.183004922467575, 41.669670814342268 ], [ -7.183745138435084, 41.669670814342268 ], [ -7.183745138435084, 41.668814980531515 ], [ -7.184485354402592, 41.668814980531515 ], [ -7.184485354402592, 41.66838705935956 ], [ -7.189666866175149, 41.66838705935956 ], [ -7.189666866175149, 41.669242898859089 ], [ -7.190407082142658, 41.669242898859089 ], [ -7.190407082142658, 41.670098726981067 ], [ -7.191147298110166, 41.670098726981067 ], [ -7.191147298110166, 41.670954543725458 ], [ -7.191887514077675, 41.670954543725458 ], [ -7.191887514077675, 41.672238247508979 ], [ -7.193367946012691, 41.672238247508979 ], [ -7.193367946012691, 41.671810349092219 ], [ -7.195588593915216, 41.671810349092219 ], [ -7.195588593915216, 41.672238247508979 ], [ -7.197069025850233, 41.672238247508979 ], [ -7.197069025850233, 41.672666143081322 ], [ -7.19780924181774, 41.672666143081322 ], [ -7.19780924181774, 41.673094035809228 ], [ -7.19854945778525, 41.673094035809228 ], [ -7.19854945778525, 41.673521925692711 ], [ -7.199289673752759, 41.673521925692711 ], [ -7.199289673752759, 41.67608920526024 ], [ -7.200029889720266, 41.67608920526024 ], [ -7.200029889720266, 41.67822852667706 ], [ -7.201510321655284, 41.67822852667706 ], [ -7.201510321655284, 41.678656382426972 ], [ -7.202250537622793, 41.678656382426972 ], [ -7.202250537622793, 41.679084235332382 ], [ -7.203730969557808, 41.679084235332382 ], [ -7.203730969557808, 41.678656382426972 ], [ -7.204471185525317, 41.678656382426972 ], [ -7.204471185525317, 41.677800668082654 ], [ -7.205211401492824, 41.677800668082654 ], [ -7.205211401492824, 41.677372806643767 ], [ -7.205951617460333, 41.677372806643767 ], [ -7.205951617460333, 41.6769449423604 ], [ -7.208912481330366, 41.6769449423604 ], [ -7.208912481330366, 41.677372806643767 ], [ -7.211133129232891, 41.677372806643767 ], [ -7.211133129232891, 41.6769449423604 ], [ -7.211873345200399, 41.6769449423604 ], [ -7.211873345200399, 41.67608920526024 ], [ -7.212613561167908, 41.67608920526024 ], [ -7.212613561167908, 41.675661332443447 ], [ -7.213353777135417, 41.675661332443447 ], [ -7.213353777135417, 41.675233456782202 ], [ -7.214093993102924, 41.675233456782202 ], [ -7.214093993102924, 41.674377696926349 ], [ -7.214834209070432, 41.674377696926349 ], [ -7.214834209070432, 41.673949812731749 ], [ -7.217054856972958, 41.673949812731749 ], [ -7.217054856972958, 41.674377696926349 ], [ -7.217795072940467, 41.674377696926349 ], [ -7.217795072940467, 41.674805578276505 ], [ -7.218535288907975, 41.674805578276505 ], [ -7.218535288907975, 41.675233456782202 ], [ -7.219275504875482, 41.675233456782202 ], [ -7.219275504875482, 41.675661332443447 ], [ -7.221496152778008, 41.675661332443447 ], [ -7.221496152778008, 41.675233456782202 ], [ -7.222976584713025, 41.675233456782202 ], [ -7.222976584713025, 41.674805578276505 ], [ -7.225197232615549, 41.674805578276505 ], [ -7.225197232615549, 41.674377696926349 ], [ -7.227417880518075, 41.674377696926349 ], [ -7.227417880518075, 41.673949812731749 ], [ -7.228158096485584, 41.673949812731749 ], [ -7.228158096485584, 41.674377696926349 ], [ -7.229638528420599, 41.674377696926349 ], [ -7.229638528420599, 41.674805578276505 ], [ -7.230378744388108, 41.674805578276505 ], [ -7.230378744388108, 41.675233456782202 ], [ -7.231118960355618, 41.675233456782202 ], [ -7.231118960355618, 41.674805578276505 ], [ -7.231859176323125, 41.674805578276505 ], [ -7.231859176323125, 41.674377696926349 ], [ -7.232599392290632, 41.674377696926349 ], [ -7.232599392290632, 41.672666143081322 ], [ -7.231859176323125, 41.672666143081322 ], [ -7.231859176323125, 41.670954543725458 ], [ -7.232599392290632, 41.670954543725458 ], [ -7.232599392290632, 41.669242898859089 ], [ -7.233339608258142, 41.669242898859089 ], [ -7.233339608258142, 41.667959135343217 ], [ -7.234079824225649, 41.667959135343217 ], [ -7.234079824225649, 41.667531208482515 ], [ -7.234820040193158, 41.667531208482515 ], [ -7.234820040193158, 41.667103278777439 ], [ -7.236300472128176, 41.667103278777439 ], [ -7.236300472128176, 41.666675346228011 ], [ -7.237040688095683, 41.666675346228011 ], [ -7.237040688095683, 41.66624741083421 ], [ -7.2385211200307, 41.66624741083421 ], [ -7.2385211200307, 41.666675346228011 ], [ -7.239261335998209, 41.666675346228011 ], [ -7.239261335998209, 41.667103278777439 ], [ -7.240741767933224, 41.667103278777439 ], [ -7.240741767933224, 41.667531208482515 ], [ -7.241481983900733, 41.667531208482515 ], [ -7.241481983900733, 41.667959135343217 ], [ -7.242222199868242, 41.667959135343217 ], [ -7.242222199868242, 41.669670814342268 ], [ -7.242962415835749, 41.669670814342268 ], [ -7.242962415835749, 41.671382447831043 ], [ -7.248143927608307, 41.671382447831043 ], [ -7.248143927608307, 41.671810349092219 ], [ -7.252585223413358, 41.671810349092219 ], [ -7.252585223413358, 41.670526636775463 ], [ -7.253325439380866, 41.670526636775463 ], [ -7.253325439380866, 41.667531208482515 ], [ -7.254065655348375, 41.667531208482515 ], [ -7.254065655348375, 41.666675346228011 ], [ -7.255546087283391, 41.666675346228011 ], [ -7.255546087283391, 41.66624741083421 ], [ -7.2562863032509, 41.66624741083421 ], [ -7.2562863032509, 41.66581947259607 ], [ -7.257766735185917, 41.66581947259607 ], [ -7.257766735185917, 41.665391531513578 ], [ -7.258506951153424, 41.665391531513578 ], [ -7.258506951153424, 41.66496358758674 ], [ -7.259987383088441, 41.66496358758674 ], [ -7.259987383088441, 41.664535640815579 ], [ -7.26072759905595, 41.664535640815579 ], [ -7.26072759905595, 41.664107691200066 ], [ -7.262208030990966, 41.664107691200066 ], [ -7.262208030990966, 41.658116097930872 ], [ -7.261467815023457, 41.658116097930872 ], [ -7.261467815023457, 41.658544087366508 ], [ -7.26072759905595, 41.658544087366508 ], [ -7.26072759905595, 41.659400057705 ], [ -7.259987383088441, 41.659400057705 ], [ -7.259987383088441, 41.65982803860782 ], [ -7.255546087283391, 41.65982803860782 ], [ -7.255546087283391, 41.660256016666388 ], [ -7.254805871315884, 41.660256016666388 ], [ -7.254805871315884, 41.660683991880653 ], [ -7.254065655348375, 41.660683991880653 ], [ -7.254065655348375, 41.661111964250644 ], [ -7.252585223413358, 41.661111964250644 ], [ -7.252585223413358, 41.661539933776339 ], [ -7.250364575510833, 41.661539933776339 ], [ -7.250364575510833, 41.661111964250644 ], [ -7.249624359543326, 41.661111964250644 ], [ -7.249624359543326, 41.660683991880653 ], [ -7.248884143575816, 41.660683991880653 ], [ -7.248884143575816, 41.65982803860782 ], [ -7.248143927608307, 41.65982803860782 ], [ -7.248143927608307, 41.659400057705 ], [ -7.2474037116408, 41.659400057705 ], [ -7.2474037116408, 41.658972073957891 ], [ -7.246663495673292, 41.658972073957891 ], [ -7.246663495673292, 41.65340802641893 ], [ -7.2474037116408, 41.65340802641893 ], [ -7.2474037116408, 41.652980002852523 ], [ -7.248143927608307, 41.652980002852523 ], [ -7.248143927608307, 41.651695915088148 ], [ -7.2474037116408, 41.651695915088148 ], [ -7.2474037116408, 41.651267880144985 ], [ -7.246663495673292, 41.651267880144985 ], [ -7.246663495673292, 41.650839842357641 ], [ -7.245923279705783, 41.650839842357641 ], [ -7.245923279705783, 41.650411801726115 ], [ -7.244442847770767, 41.650411801726115 ], [ -7.244442847770767, 41.650839842357641 ], [ -7.242222199868242, 41.650839842357641 ], [ -7.242222199868242, 41.651267880144985 ], [ -7.239261335998209, 41.651267880144985 ], [ -7.239261335998209, 41.651695915088148 ], [ -7.235560256160666, 41.651695915088148 ], [ -7.235560256160666, 41.651267880144985 ], [ -7.234820040193158, 41.651267880144985 ], [ -7.234820040193158, 41.650411801726115 ], [ -7.234079824225649, 41.650411801726115 ], [ -7.234079824225649, 41.649555711930574 ], [ -7.233339608258142, 41.649555711930574 ], [ -7.233339608258142, 41.648699610758413 ], [ -7.232599392290632, 41.648699610758413 ], [ -7.232599392290632, 41.648271555906099 ], [ -7.228898312453092, 41.648271555906099 ], [ -7.228898312453092, 41.647843498209653 ], [ -7.227417880518075, 41.647843498209653 ], [ -7.227417880518075, 41.646987374284336 ], [ -7.226677664550566, 41.646987374284336 ], [ -7.226677664550566, 41.646559308055487 ], [ -7.225937448583058, 41.646559308055487 ], [ -7.225937448583058, 41.646131238982505 ], [ -7.222236368745516, 41.646131238982505 ], [ -7.222236368745516, 41.646559308055487 ], [ -7.220755936810501, 41.646559308055487 ], [ -7.220755936810501, 41.646131238982505 ], [ -7.220015720842992, 41.646131238982505 ], [ -7.220015720842992, 41.64570316706542 ], [ -7.219275504875482, 41.64570316706542 ], [ -7.219275504875482, 41.64527509230421 ], [ -7.218535288907975, 41.64527509230421 ], [ -7.218535288907975, 41.644847014698897 ], [ -7.217795072940467, 41.644847014698897 ], [ -7.217795072940467, 41.644418934249479 ], [ -7.217054856972958, 41.644418934249479 ], [ -7.217054856972958, 41.643990850955952 ], [ -7.21631464100545, 41.643990850955952 ], [ -7.21631464100545, 41.643562764818363 ], [ -7.215574425037941, 41.643562764818363 ], [ -7.215574425037941, 41.643134675836656 ], [ -7.214834209070432, 41.643134675836656 ], [ -7.214834209070432, 41.642706584010881 ], [ -7.214093993102924, 41.642706584010881 ], [ -7.214093993102924, 41.641850391827084 ], [ -7.213353777135417, 41.641850391827084 ], [ -7.213353777135417, 41.63756926026484 ], [ -7.214093993102924, 41.63756926026484 ], [ -7.214093993102924, 41.637141131466429 ], [ -7.214834209070432, 41.637141131466429 ], [ -7.214834209070432, 41.636284865337586 ], [ -7.215574425037941, 41.636284865337586 ], [ -7.215574425037941, 41.63542858783272 ], [ -7.21631464100545, 41.63542858783272 ], [ -7.21631464100545, 41.635000444814295 ], [ -7.219275504875482, 41.635000444814295 ], [ -7.219275504875482, 41.63542858783272 ], [ -7.220755936810501, 41.63542858783272 ], [ -7.220755936810501, 41.635856728007148 ], [ -7.222976584713025, 41.635856728007148 ], [ -7.222976584713025, 41.636284865337586 ], [ -7.224457016648041, 41.636284865337586 ], [ -7.224457016648041, 41.636712999824013 ], [ -7.225197232615549, 41.636712999824013 ], [ -7.225197232615549, 41.633715998695116 ], [ -7.225937448583058, 41.633715998695116 ], [ -7.225937448583058, 41.633287844300781 ], [ -7.226677664550566, 41.633287844300781 ], [ -7.226677664550566, 41.632431526980191 ], [ -7.227417880518075, 41.632431526980191 ], [ -7.227417880518075, 41.631575198283777 ], [ -7.232599392290632, 41.631575198283777 ], [ -7.232599392290632, 41.631147029669641 ], [ -7.2385211200307, 41.631147029669641 ], [ -7.2385211200307, 41.62643698721503 ], [ -7.239261335998209, 41.62643698721503 ], [ -7.239261335998209, 41.625152370460036 ], [ -7.240001551965716, 41.625152370460036 ], [ -7.240001551965716, 41.624724159187288 ], [ -7.240741767933224, 41.624724159187288 ], [ -7.240741767933224, 41.624295945070664 ], [ -7.241481983900733, 41.624295945070664 ], [ -7.241481983900733, 41.623867728110199 ], [ -7.242222199868242, 41.623867728110199 ], [ -7.242222199868242, 41.623011285657654 ], [ -7.242962415835749, 41.623011285657654 ], [ -7.242962415835749, 41.622583060165631 ], [ -7.243702631803258, 41.622583060165631 ], [ -7.243702631803258, 41.620441890047907 ], [ -7.244442847770767, 41.620441890047907 ], [ -7.244442847770767, 41.61958540209406 ], [ -7.242962415835749, 41.61958540209406 ], [ -7.242962415835749, 41.619157153851425 ], [ -7.239261335998209, 41.619157153851425 ], [ -7.239261335998209, 41.618728902764992 ], [ -7.235560256160666, 41.618728902764992 ], [ -7.235560256160666, 41.618300648834762 ], [ -7.234079824225649, 41.618300648834762 ], [ -7.234079824225649, 41.61744413244292 ], [ -7.233339608258142, 41.61744413244292 ], [ -7.233339608258142, 41.616159336526813 ], [ -7.232599392290632, 41.616159336526813 ], [ -7.232599392290632, 41.615302791697232 ], [ -7.231859176323125, 41.615302791697232 ], [ -7.231859176323125, 41.614017953124694 ], [ -7.231118960355618, 41.614017953124694 ], [ -7.231118960355618, 41.611876498629051 ], [ -7.231859176323125, 41.611876498629051 ], [ -7.231859176323125, 41.608450023563023 ], [ -7.232599392290632, 41.608450023563023 ], [ -7.232599392290632, 41.607165048492476 ], [ -7.233339608258142, 41.607165048492476 ], [ -7.233339608258142, 41.606308384227134 ], [ -7.234079824225649, 41.606308384227134 ], [ -7.234079824225649, 41.605451708587189 ], [ -7.234820040193158, 41.605451708587189 ], [ -7.234820040193158, 41.604595021572678 ], [ -7.235560256160666, 41.604595021572678 ], [ -7.235560256160666, 41.603738323183656 ], [ -7.236300472128176, 41.603738323183656 ], [ -7.236300472128176, 41.60245325427298 ], [ -7.237040688095683, 41.60245325427298 ], [ -7.237040688095683, 41.601596527447825 ], [ -7.237780904063192, 41.601596527447825 ], [ -7.237780904063192, 41.600739789248294 ], [ -7.2385211200307, 41.600739789248294 ], [ -7.2385211200307, 41.599883039674424 ], [ -7.239261335998209, 41.599883039674424 ], [ -7.239261335998209, 41.59859789398682 ], [ -7.2385211200307, 41.59859789398682 ], [ -7.2385211200307, 41.596027525835645 ], [ -7.239261335998209, 41.596027525835645 ], [ -7.239261335998209, 41.594313890197554 ], [ -7.240001551965716, 41.594313890197554 ], [ -7.240001551965716, 41.593028633612121 ], [ -7.239261335998209, 41.593028633612121 ], [ -7.239261335998209, 41.592171781671034 ], [ -7.2385211200307, 41.592171781671034 ], [ -7.2385211200307, 41.590886482433284 ], [ -7.237780904063192, 41.590886482433284 ], [ -7.237780904063192, 41.589601157604321 ], [ -7.237040688095683, 41.589601157604321 ], [ -7.237040688095683, 41.588744260167751 ], [ -7.237780904063192, 41.588744260167751 ], [ -7.237780904063192, 41.587887351357395 ], [ -7.2385211200307, 41.587887351357395 ], [ -7.2385211200307, 41.58660196681614 ], [ -7.239261335998209, 41.58660196681614 ], [ -7.239261335998209, 41.585745029571548 ], [ -7.240001551965716, 41.585745029571548 ], [ -7.240001551965716, 41.584459602379113 ], [ -7.240741767933224, 41.584459602379113 ], [ -7.240741767933224, 41.584031120961519 ], [ -7.25110479147834, 41.584031120961519 ], [ -7.25110479147834, 41.583602636700533 ], [ -7.25184500744585, 41.583602636700533 ], [ -7.25184500744585, 41.583174149596168 ], [ -7.252585223413358, 41.583174149596168 ], [ -7.252585223413358, 41.582745659648417 ], [ -7.253325439380866, 41.582745659648417 ], [ -7.253325439380866, 41.582317166857301 ], [ -7.254065655348375, 41.582317166857301 ], [ -7.254065655348375, 41.581888671222821 ], [ -7.254805871315884, 41.581888671222821 ], [ -7.254805871315884, 41.581460172744983 ], [ -7.2562863032509, 41.581460172744983 ], [ -7.2562863032509, 41.581888671222821 ], [ -7.257026519218409, 41.581888671222821 ], [ -7.257026519218409, 41.582745659648417 ], [ -7.257766735185917, 41.582745659648417 ], [ -7.257766735185917, 41.583174149596168 ], [ -7.258506951153424, 41.583174149596168 ], [ -7.258506951153424, 41.583602636700533 ], [ -7.259247167120933, 41.583602636700533 ], [ -7.259247167120933, 41.584031120961519 ], [ -7.259987383088441, 41.584031120961519 ], [ -7.259987383088441, 41.584888080953327 ], [ -7.26072759905595, 41.584888080953327 ], [ -7.26072759905595, 41.585316556684148 ], [ -7.261467815023457, 41.585316556684148 ], [ -7.261467815023457, 41.585745029571548 ], [ -7.262208030990966, 41.585745029571548 ], [ -7.262208030990966, 41.587887351357395 ], [ -7.262948246958475, 41.587887351357395 ], [ -7.262948246958475, 41.590029602057442 ], [ -7.263688462925984, 41.590029602057442 ], [ -7.263688462925984, 41.592171781671034 ], [ -7.264428678893493, 41.592171781671034 ], [ -7.264428678893493, 41.593028633612121 ], [ -7.263688462925984, 41.593028633612121 ], [ -7.263688462925984, 41.595170713703631 ], [ -7.262948246958475, 41.595170713703631 ], [ -7.262948246958475, 41.599454660622115 ], [ -7.263688462925984, 41.599454660622115 ], [ -7.263688462925984, 41.606308384227134 ], [ -7.262948246958475, 41.606308384227134 ], [ -7.262948246958475, 41.60802170138318 ], [ -7.262208030990966, 41.60802170138318 ], [ -7.262208030990966, 41.608878342899196 ], [ -7.26072759905595, 41.608878342899196 ], [ -7.26072759905595, 41.609306659391692 ], [ -7.259987383088441, 41.609306659391692 ], [ -7.259987383088441, 41.609734973040496 ], [ -7.259247167120933, 41.609734973040496 ], [ -7.259247167120933, 41.610163283845608 ], [ -7.258506951153424, 41.610163283845608 ], [ -7.258506951153424, 41.611448199198755 ], [ -7.262208030990966, 41.611448199198755 ], [ -7.262208030990966, 41.611876498629051 ], [ -7.271090622601067, 41.611876498629051 ], [ -7.271090622601067, 41.612304795215636 ], [ -7.271830838568575, 41.612304795215636 ], [ -7.271830838568575, 41.612733088958493 ], [ -7.272571054536084, 41.612733088958493 ], [ -7.272571054536084, 41.613161379857637 ], [ -7.273311270503592, 41.613161379857637 ], [ -7.273311270503592, 41.613589667913033 ], [ -7.274051486471099, 41.613589667913033 ], [ -7.274051486471099, 41.614017953124694 ], [ -7.274791702438608, 41.614017953124694 ], [ -7.274791702438608, 41.614446235492629 ], [ -7.277012350341132, 41.614446235492629 ], [ -7.277012350341132, 41.614017953124694 ], [ -7.279232998243658, 41.614017953124694 ], [ -7.279232998243658, 41.613589667913033 ], [ -7.280713430178675, 41.613589667913033 ], [ -7.280713430178675, 41.613161379857637 ], [ -7.283674294048708, 41.613161379857637 ], [ -7.283674294048708, 41.613589667913033 ], [ -7.284414510016216, 41.613589667913033 ], [ -7.284414510016216, 41.614446235492629 ], [ -7.285154725983725, 41.614446235492629 ], [ -7.285154725983725, 41.615302791697232 ], [ -7.285894941951232, 41.615302791697232 ], [ -7.285894941951232, 41.616159336526813 ], [ -7.286635157918742, 41.616159336526813 ], [ -7.286635157918742, 41.616587604675956 ], [ -7.287375373886249, 41.616587604675956 ], [ -7.287375373886249, 41.61744413244292 ], [ -7.288115589853758, 41.61744413244292 ], [ -7.288115589853758, 41.618300648834762 ], [ -7.288855805821266, 41.618300648834762 ], [ -7.288855805821266, 41.618728902764992 ], [ -7.290336237756283, 41.618728902764992 ], [ -7.290336237756283, 41.619157153851425 ], [ -7.2918166696913, 41.619157153851425 ], [ -7.2918166696913, 41.61958540209406 ], [ -7.294037317593825, 41.61958540209406 ], [ -7.294037317593825, 41.620870129759105 ], [ -7.294777533561333, 41.620870129759105 ], [ -7.294777533561333, 41.623011285657654 ], [ -7.29551774952884, 41.623011285657654 ], [ -7.29551774952884, 41.625152370460036 ], [ -7.294777533561333, 41.625152370460036 ], [ -7.294777533561333, 41.629006143939918 ], [ -7.29551774952884, 41.629006143939918 ], [ -7.29551774952884, 41.629434326773719 ], [ -7.296257965496349, 41.629434326773719 ], [ -7.296257965496349, 41.629006143939918 ], [ -7.296998181463858, 41.629006143939918 ], [ -7.296998181463858, 41.628577958262206 ], [ -7.297738397431368, 41.628577958262206 ], [ -7.297738397431368, 41.628149769740574 ], [ -7.298478613398874, 41.628149769740574 ], [ -7.298478613398874, 41.627721578375045 ], [ -7.299959045333891, 41.627721578375045 ], [ -7.299959045333891, 41.627293384165597 ], [ -7.3006992613014, 41.627293384165597 ], [ -7.3006992613014, 41.626865187112266 ], [ -7.301439477268909, 41.626865187112266 ], [ -7.301439477268909, 41.62643698721503 ], [ -7.302179693236416, 41.62643698721503 ], [ -7.302179693236416, 41.62600878447391 ], [ -7.302919909203924, 41.62600878447391 ], [ -7.302919909203924, 41.625580578888915 ], [ -7.303660125171433, 41.625580578888915 ], [ -7.303660125171433, 41.625152370460036 ], [ -7.30514055710645, 41.625152370460036 ], [ -7.30514055710645, 41.624724159187288 ], [ -7.305880773073959, 41.624724159187288 ], [ -7.305880773073959, 41.624295945070664 ], [ -7.307361205008974, 41.624295945070664 ], [ -7.307361205008974, 41.624724159187288 ], [ -7.310322068879008, 41.624724159187288 ], [ -7.310322068879008, 41.625152370460036 ], [ -7.311062284846517, 41.625152370460036 ], [ -7.311062284846517, 41.625580578888915 ], [ -7.311802500814026, 41.625580578888915 ], [ -7.311802500814026, 41.62643698721503 ], [ -7.312542716781533, 41.62643698721503 ], [ -7.312542716781533, 41.626865187112266 ], [ -7.313282932749041, 41.626865187112266 ], [ -7.313282932749041, 41.627293384165597 ], [ -7.31402314871655, 41.627293384165597 ], [ -7.31402314871655, 41.627721578375045 ], [ -7.314763364684058, 41.627721578375045 ], [ -7.314763364684058, 41.628577958262206 ], [ -7.315503580651567, 41.628577958262206 ], [ -7.315503580651567, 41.629006143939918 ], [ -7.316243796619077, 41.629006143939918 ], [ -7.316243796619077, 41.629434326773719 ], [ -7.317724228554091, 41.629434326773719 ], [ -7.317724228554091, 41.629006143939918 ], [ -7.319944876456617, 41.629006143939918 ], [ -7.319944876456617, 41.628577958262206 ], [ -7.322165524359141, 41.628577958262206 ], [ -7.322165524359141, 41.628149769740574 ], [ -7.325126388229175, 41.628149769740574 ], [ -7.325126388229175, 41.627721578375045 ], [ -7.326606820164192, 41.627721578375045 ], [ -7.326606820164192, 41.628149769740574 ], [ -7.328087252099208, 41.628149769740574 ], [ -7.328087252099208, 41.628577958262206 ], [ -7.328827468066716, 41.628577958262206 ], [ -7.328827468066716, 41.629006143939918 ], [ -7.33178833193675, 41.629006143939918 ], [ -7.33178833193675, 41.628577958262206 ], [ -7.334008979839275, 41.628577958262206 ], [ -7.334008979839275, 41.628149769740574 ], [ -7.335489411774292, 41.628149769740574 ], [ -7.335489411774292, 41.628577958262206 ], [ -7.336229627741799, 41.628577958262206 ], [ -7.336229627741799, 41.629006143939918 ], [ -7.336969843709308, 41.629006143939918 ], [ -7.336969843709308, 41.629434326773719 ], [ -7.337710059676816, 41.629434326773719 ], [ -7.337710059676816, 41.629862506763594 ], [ -7.338450275644325, 41.629862506763594 ], [ -7.338450275644325, 41.630290683909543 ], [ -7.339930707579341, 41.630290683909543 ], [ -7.339930707579341, 41.629862506763594 ], [ -7.34067092354685, 41.629862506763594 ], [ -7.34067092354685, 41.629434326773719 ], [ -7.341411139514359, 41.629434326773719 ], [ -7.341411139514359, 41.629006143939918 ], [ -7.342151355481866, 41.629006143939918 ], [ -7.342151355481866, 41.628577958262206 ], [ -7.343631787416883, 41.628577958262206 ], [ -7.343631787416883, 41.629006143939918 ], [ -7.344372003384392, 41.629006143939918 ], [ -7.344372003384392, 41.629434326773719 ], [ -7.345852435319407, 41.629434326773719 ], [ -7.345852435319407, 41.629862506763594 ], [ -7.346592651286916, 41.629862506763594 ], [ -7.346592651286916, 41.630290683909543 ], [ -7.347332867254425, 41.630290683909543 ], [ -7.347332867254425, 41.631575198283777 ], [ -7.348073083221933, 41.631575198283777 ], [ -7.348073083221933, 41.632859687062464 ], [ -7.348813299189442, 41.632859687062464 ], [ -7.348813299189442, 41.633715998695116 ], [ -7.34955351515695, 41.633715998695116 ], [ -7.34955351515695, 41.634144150245497 ], [ -7.350293731124458, 41.634144150245497 ], [ -7.350293731124458, 41.634572298951888 ], [ -7.351033947091967, 41.634572298951888 ], [ -7.351033947091967, 41.635000444814295 ], [ -7.351774163059476, 41.635000444814295 ], [ -7.351774163059476, 41.63542858783272 ], [ -7.352514379026983, 41.63542858783272 ], [ -7.352514379026983, 41.635856728007148 ], [ -7.353254594994493, 41.635856728007148 ], [ -7.353254594994493, 41.636284865337586 ], [ -7.353994810962, 41.636284865337586 ], [ -7.353994810962, 41.636712999824013 ], [ -7.354735026929507, 41.636712999824013 ], [ -7.354735026929507, 41.63756926026484 ], [ -7.355475242897016, 41.63756926026484 ], [ -7.355475242897016, 41.644847014698897 ], [ -7.354735026929507, 41.644847014698897 ], [ -7.354735026929507, 41.64527509230421 ], [ -7.353994810962, 41.64527509230421 ], [ -7.353994810962, 41.64570316706542 ], [ -7.353254594994493, 41.64570316706542 ], [ -7.353254594994493, 41.646559308055487 ], [ -7.352514379026983, 41.646559308055487 ], [ -7.352514379026983, 41.646987374284336 ], [ -7.351774163059476, 41.646987374284336 ], [ -7.351774163059476, 41.648271555906099 ], [ -7.352514379026983, 41.648271555906099 ], [ -7.352514379026983, 41.652123947187128 ], [ -7.353254594994493, 41.652123947187128 ], [ -7.353254594994493, 41.655548101587804 ], [ -7.352514379026983, 41.655548101587804 ], [ -7.352514379026983, 41.655976108088915 ], [ -7.351774163059476, 41.655976108088915 ], [ -7.351774163059476, 41.656404111745786 ], [ -7.351033947091967, 41.656404111745786 ], [ -7.351033947091967, 41.656832112558433 ], [ -7.350293731124458, 41.656832112558433 ], [ -7.350293731124458, 41.657260110526828 ], [ -7.34955351515695, 41.657260110526828 ], [ -7.34955351515695, 41.657688105650976 ], [ -7.348813299189442, 41.657688105650976 ], [ -7.348813299189442, 41.658116097930872 ], [ -7.348073083221933, 41.658116097930872 ], [ -7.348073083221933, 41.658544087366508 ], [ -7.347332867254425, 41.658544087366508 ], [ -7.347332867254425, 41.658972073957891 ], [ -7.345852435319407, 41.658972073957891 ], [ -7.345852435319407, 41.658544087366508 ], [ -7.344372003384392, 41.658544087366508 ], [ -7.344372003384392, 41.658116097930872 ], [ -7.343631787416883, 41.658116097930872 ], [ -7.343631787416883, 41.657688105650976 ], [ -7.342151355481866, 41.657688105650976 ], [ -7.342151355481866, 41.656404111745786 ], [ -7.341411139514359, 41.656404111745786 ], [ -7.341411139514359, 41.654692080052904 ], [ -7.339930707579341, 41.654692080052904 ], [ -7.339930707579341, 41.65512009224247 ], [ -7.337710059676816, 41.65512009224247 ], [ -7.337710059676816, 41.655548101587804 ], [ -7.335489411774292, 41.655548101587804 ], [ -7.335489411774292, 41.655976108088915 ], [ -7.334749195806785, 41.655976108088915 ], [ -7.334749195806785, 41.656832112558433 ], [ -7.334008979839275, 41.656832112558433 ], [ -7.334008979839275, 41.657688105650976 ], [ -7.333268763871766, 41.657688105650976 ], [ -7.333268763871766, 41.658544087366508 ], [ -7.332528547904259, 41.658544087366508 ], [ -7.332528547904259, 41.659400057705 ], [ -7.33178833193675, 41.659400057705 ], [ -7.33178833193675, 41.660256016666388 ], [ -7.331048115969241, 41.660256016666388 ], [ -7.331048115969241, 41.661111964250644 ], [ -7.330307900001734, 41.661111964250644 ], [ -7.330307900001734, 41.661967900457732 ], [ -7.329567684034225, 41.661967900457732 ], [ -7.329567684034225, 41.66239586429483 ], [ -7.327347036131699, 41.66239586429483 ], [ -7.327347036131699, 41.661967900457732 ], [ -7.323645956294158, 41.661967900457732 ], [ -7.323645956294158, 41.661539933776339 ], [ -7.319204660489108, 41.661539933776339 ], [ -7.319204660489108, 41.661111964250644 ], [ -7.316984012586582, 41.661111964250644 ], [ -7.316984012586582, 41.661539933776339 ], [ -7.316243796619077, 41.661539933776339 ], [ -7.316243796619077, 41.66239586429483 ], [ -7.315503580651567, 41.66239586429483 ], [ -7.315503580651567, 41.663251783436081 ], [ -7.310322068879008, 41.663251783436081 ], [ -7.310322068879008, 41.66282382528761 ], [ -7.3095818529115, 41.66282382528761 ], [ -7.3095818529115, 41.661967900457732 ], [ -7.308841636943991, 41.661967900457732 ], [ -7.308841636943991, 41.660683991880653 ], [ -7.308101420976484, 41.660683991880653 ], [ -7.308101420976484, 41.65982803860782 ], [ -7.307361205008974, 41.65982803860782 ] ], [ [ -7.313282932749041, 41.643562764818363 ], [ -7.311802500814026, 41.643562764818363 ], [ -7.311802500814026, 41.643990850955952 ], [ -7.312542716781533, 41.643990850955952 ], [ -7.312542716781533, 41.644418934249479 ], [ -7.314763364684058, 41.644418934249479 ], [ -7.314763364684058, 41.644847014698897 ], [ -7.317724228554091, 41.644847014698897 ], [ -7.317724228554091, 41.644418934249479 ], [ -7.316984012586582, 41.644418934249479 ], [ -7.316984012586582, 41.643134675836656 ], [ -7.315503580651567, 41.643134675836656 ], [ -7.315503580651567, 41.642706584010881 ], [ -7.314763364684058, 41.642706584010881 ], [ -7.314763364684058, 41.643134675836656 ], [ -7.313282932749041, 41.643134675836656 ], [ -7.313282932749041, 41.643562764818363 ] ], [ [ -7.286635157918742, 41.641422291469091 ], [ -7.288115589853758, 41.641422291469091 ], [ -7.288115589853758, 41.641850391827084 ], [ -7.288855805821266, 41.641850391827084 ], [ -7.288855805821266, 41.6405660822209 ], [ -7.288115589853758, 41.6405660822209 ], [ -7.288115589853758, 41.640994188267015 ], [ -7.286635157918742, 41.640994188267015 ], [ -7.286635157918742, 41.641422291469091 ] ], [ [ -7.259987383088441, 41.649983758250436 ], [ -7.259987383088441, 41.650411801726115 ], [ -7.26072759905595, 41.650411801726115 ], [ -7.26072759905595, 41.649983758250436 ], [ -7.259987383088441, 41.649983758250436 ] ], [ [ -7.259987383088441, 41.649555711930574 ], [ -7.259247167120933, 41.649555711930574 ], [ -7.259247167120933, 41.649983758250436 ], [ -7.259987383088441, 41.649983758250436 ], [ -7.259987383088441, 41.649555711930574 ] ], [ [ -7.261467815023457, 41.651267880144985 ], [ -7.261467815023457, 41.650839842357641 ], [ -7.26072759905595, 41.650839842357641 ], [ -7.26072759905595, 41.651267880144985 ], [ -7.261467815023457, 41.651267880144985 ] ], [ [ -7.261467815023457, 41.651695915088148 ], [ -7.262208030990966, 41.651695915088148 ], [ -7.262208030990966, 41.652123947187128 ], [ -7.262948246958475, 41.652123947187128 ], [ -7.262948246958475, 41.656404111745786 ], [ -7.263688462925984, 41.656404111745786 ], [ -7.263688462925984, 41.65512009224247 ], [ -7.264428678893493, 41.65512009224247 ], [ -7.264428678893493, 41.65426406501912 ], [ -7.265168894861, 41.65426406501912 ], [ -7.265168894861, 41.65340802641893 ], [ -7.265909110828508, 41.65340802641893 ], [ -7.265909110828508, 41.652551976441927 ], [ -7.266649326796015, 41.652551976441927 ], [ -7.266649326796015, 41.651695915088148 ], [ -7.265168894861, 41.651695915088148 ], [ -7.265168894861, 41.651267880144985 ], [ -7.261467815023457, 41.651267880144985 ], [ -7.261467815023457, 41.651695915088148 ] ], [ [ -7.263688462925984, 41.675233456782202 ], [ -7.263688462925984, 41.674805578276505 ], [ -7.262208030990966, 41.674805578276505 ], [ -7.262208030990966, 41.675233456782202 ], [ -7.259987383088441, 41.675233456782202 ], [ -7.259987383088441, 41.675661332443447 ], [ -7.257766735185917, 41.675661332443447 ], [ -7.257766735185917, 41.677372806643767 ], [ -7.259247167120933, 41.677372806643767 ], [ -7.259247167120933, 41.677800668082654 ], [ -7.259987383088441, 41.677800668082654 ], [ -7.259987383088441, 41.67822852667706 ], [ -7.261467815023457, 41.67822852667706 ], [ -7.261467815023457, 41.678656382426972 ], [ -7.262208030990966, 41.678656382426972 ], [ -7.262208030990966, 41.679084235332382 ], [ -7.263688462925984, 41.679084235332382 ], [ -7.263688462925984, 41.679512085393299 ], [ -7.265168894861, 41.679512085393299 ], [ -7.265168894861, 41.67822852667706 ], [ -7.264428678893493, 41.67822852667706 ], [ -7.264428678893493, 41.675233456782202 ], [ -7.263688462925984, 41.675233456782202 ] ], [ [ -7.285894941951232, 41.684218248324861 ], [ -7.287375373886249, 41.684218248324861 ], [ -7.287375373886249, 41.682934783477975 ], [ -7.286635157918742, 41.682934783477975 ], [ -7.286635157918742, 41.683790429553788 ], [ -7.285894941951232, 41.683790429553788 ], [ -7.285894941951232, 41.684218248324861 ] ], [ [ -7.195588593915216, 41.648699610758413 ], [ -7.195588593915216, 41.648271555906099 ], [ -7.194848377947709, 41.648271555906099 ], [ -7.194848377947709, 41.648699610758413 ], [ -7.195588593915216, 41.648699610758413 ] ], [ [ -7.195588593915216, 41.649983758250436 ], [ -7.196328809882724, 41.649983758250436 ], [ -7.196328809882724, 41.651267880144985 ], [ -7.197069025850233, 41.651267880144985 ], [ -7.197069025850233, 41.649127662766567 ], [ -7.196328809882724, 41.649127662766567 ], [ -7.196328809882724, 41.648699610758413 ], [ -7.195588593915216, 41.648699610758413 ], [ -7.195588593915216, 41.649983758250436 ] ], [ [ -7.239261335998209, 41.713730873645915 ], [ -7.239261335998209, 41.713303251161058 ], [ -7.240001551965716, 41.713303251161058 ], [ -7.240001551965716, 41.712875625831309 ], [ -7.242962415835749, 41.712875625831309 ], [ -7.242962415835749, 41.713303251161058 ], [ -7.243702631803258, 41.713303251161058 ], [ -7.243702631803258, 41.713730873645915 ], [ -7.244442847770767, 41.713730873645915 ], [ -7.244442847770767, 41.712875625831309 ], [ -7.245183063738274, 41.712875625831309 ], [ -7.245183063738274, 41.7107374565093 ], [ -7.245923279705783, 41.7107374565093 ], [ -7.245923279705783, 41.708599216065664 ], [ -7.246663495673292, 41.708599216065664 ], [ -7.246663495673292, 41.706460904501007 ], [ -7.2474037116408, 41.706460904501007 ], [ -7.2474037116408, 41.703894836744546 ], [ -7.245923279705783, 41.703894836744546 ], [ -7.245923279705783, 41.704322521815946 ], [ -7.243702631803258, 41.704322521815946 ], [ -7.243702631803258, 41.704750204042568 ], [ -7.241481983900733, 41.704750204042568 ], [ -7.241481983900733, 41.704322521815946 ], [ -7.240741767933224, 41.704322521815946 ], [ -7.240741767933224, 41.703894836744546 ], [ -7.240001551965716, 41.703894836744546 ], [ -7.240001551965716, 41.70303945806738 ], [ -7.239261335998209, 41.70303945806738 ], [ -7.239261335998209, 41.702611764461622 ], [ -7.2385211200307, 41.702611764461622 ], [ -7.2385211200307, 41.701756368715799 ], [ -7.237780904063192, 41.701756368715799 ], [ -7.237780904063192, 41.701328666575741 ], [ -7.237040688095683, 41.701328666575741 ], [ -7.237040688095683, 41.700900961590932 ], [ -7.236300472128176, 41.700900961590932 ], [ -7.236300472128176, 41.700045543087057 ], [ -7.235560256160666, 41.700045543087057 ], [ -7.235560256160666, 41.699617829567998 ], [ -7.234820040193158, 41.699617829567998 ], [ -7.234820040193158, 41.698762393995679 ], [ -7.234079824225649, 41.698762393995679 ], [ -7.234079824225649, 41.698334671942419 ], [ -7.233339608258142, 41.698334671942419 ], [ -7.233339608258142, 41.697051488714337 ], [ -7.232599392290632, 41.697051488714337 ], [ -7.232599392290632, 41.695340537917666 ], [ -7.231859176323125, 41.695340537917666 ], [ -7.231859176323125, 41.693201785416385 ], [ -7.231118960355618, 41.693201785416385 ], [ -7.231118960355618, 41.692774026382118 ], [ -7.231859176323125, 41.692774026382118 ], [ -7.231859176323125, 41.691062961798494 ], [ -7.231118960355618, 41.691062961798494 ], [ -7.231118960355618, 41.691490732211371 ], [ -7.230378744388108, 41.691490732211371 ], [ -7.230378744388108, 41.691918499779597 ], [ -7.229638528420599, 41.691918499779597 ], [ -7.229638528420599, 41.692774026382118 ], [ -7.228898312453092, 41.692774026382118 ], [ -7.228898312453092, 41.693201785416385 ], [ -7.228158096485584, 41.693201785416385 ], [ -7.228158096485584, 41.693629541605993 ], [ -7.227417880518075, 41.693629541605993 ], [ -7.227417880518075, 41.694485045451188 ], [ -7.226677664550566, 41.694485045451188 ], [ -7.226677664550566, 41.694912793106781 ], [ -7.225937448583058, 41.694912793106781 ], [ -7.225937448583058, 41.695340537917666 ], [ -7.225197232615549, 41.695340537917666 ], [ -7.225197232615549, 41.695768279883893 ], [ -7.224457016648041, 41.695768279883893 ], [ -7.224457016648041, 41.696196019005406 ], [ -7.223716800680534, 41.696196019005406 ], [ -7.223716800680534, 41.696623755282225 ], [ -7.221496152778008, 41.696623755282225 ], [ -7.221496152778008, 41.697051488714337 ], [ -7.220015720842992, 41.697051488714337 ], [ -7.220015720842992, 41.697479219301755 ], [ -7.218535288907975, 41.697479219301755 ], [ -7.218535288907975, 41.697906947044451 ], [ -7.215574425037941, 41.697906947044451 ], [ -7.215574425037941, 41.697479219301755 ], [ -7.214834209070432, 41.697479219301755 ], [ -7.214834209070432, 41.697051488714337 ], [ -7.214093993102924, 41.697051488714337 ], [ -7.214093993102924, 41.696623755282225 ], [ -7.213353777135417, 41.696623755282225 ], [ -7.213353777135417, 41.698762393995679 ], [ -7.214093993102924, 41.698762393995679 ], [ -7.214093993102924, 41.699617829567998 ], [ -7.21631464100545, 41.699617829567998 ], [ -7.21631464100545, 41.700045543087057 ], [ -7.220755936810501, 41.700045543087057 ], [ -7.220755936810501, 41.700473253761366 ], [ -7.221496152778008, 41.700473253761366 ], [ -7.221496152778008, 41.700900961590932 ], [ -7.222236368745516, 41.700900961590932 ], [ -7.222236368745516, 41.701328666575741 ], [ -7.222976584713025, 41.701328666575741 ], [ -7.222976584713025, 41.7021840680111 ], [ -7.223716800680534, 41.7021840680111 ], [ -7.223716800680534, 41.70303945806738 ], [ -7.224457016648041, 41.70303945806738 ], [ -7.224457016648041, 41.704322521815946 ], [ -7.225197232615549, 41.704322521815946 ], [ -7.225197232615549, 41.705605559961398 ], [ -7.225937448583058, 41.705605559961398 ], [ -7.225937448583058, 41.70731623766136 ], [ -7.226677664550566, 41.70731623766136 ], [ -7.226677664550566, 41.708599216065664 ], [ -7.227417880518075, 41.708599216065664 ], [ -7.227417880518075, 41.709882168866415 ], [ -7.228158096485584, 41.709882168866415 ], [ -7.228158096485584, 41.711165096063461 ], [ -7.228898312453092, 41.711165096063461 ], [ -7.228898312453092, 41.712447997656668 ], [ -7.229638528420599, 41.712447997656668 ], [ -7.229638528420599, 41.714158493285865 ], [ -7.230378744388108, 41.714158493285865 ], [ -7.230378744388108, 41.713730873645915 ], [ -7.231118960355618, 41.713730873645915 ], [ -7.231118960355618, 41.713303251161058 ], [ -7.232599392290632, 41.713303251161058 ], [ -7.232599392290632, 41.712875625831309 ], [ -7.234079824225649, 41.712875625831309 ], [ -7.234079824225649, 41.713303251161058 ], [ -7.234820040193158, 41.713303251161058 ], [ -7.234820040193158, 41.713730873645915 ], [ -7.235560256160666, 41.713730873645915 ], [ -7.235560256160666, 41.714158493285865 ], [ -7.236300472128176, 41.714158493285865 ], [ -7.236300472128176, 41.714586110080923 ], [ -7.237780904063192, 41.714586110080923 ], [ -7.237780904063192, 41.714158493285865 ], [ -7.2385211200307, 41.714158493285865 ], [ -7.2385211200307, 41.713730873645915 ], [ -7.239261335998209, 41.713730873645915 ] ], [ [ -7.231118960355618, 41.728268345383739 ], [ -7.231118960355618, 41.727840819628213 ], [ -7.230378744388108, 41.727840819628213 ], [ -7.230378744388108, 41.722710288648543 ], [ -7.229638528420599, 41.722710288648543 ], [ -7.229638528420599, 41.721855160321667 ], [ -7.228898312453092, 41.721855160321667 ], [ -7.228898312453092, 41.722282725907597 ], [ -7.228158096485584, 41.722282725907597 ], [ -7.228158096485584, 41.724420511162222 ], [ -7.228898312453092, 41.724420511162222 ], [ -7.228898312453092, 41.726130688155543 ], [ -7.229638528420599, 41.726130688155543 ], [ -7.229638528420599, 41.728695868294203 ], [ -7.228898312453092, 41.728695868294203 ], [ -7.228898312453092, 41.730405931485301 ], [ -7.228158096485584, 41.730405931485301 ], [ -7.228158096485584, 41.731688449005198 ], [ -7.229638528420599, 41.731688449005198 ], [ -7.229638528420599, 41.730833440170365 ], [ -7.230378744388108, 41.730833440170365 ], [ -7.230378744388108, 41.728268345383739 ], [ -7.231118960355618, 41.728268345383739 ] ] ], [ [ [ -8.391037381441175, 42.071928415942139 ], [ -8.391037381441175, 42.071077950872287 ], [ -8.390297165473667, 42.071077950872287 ], [ -8.390297165473667, 42.070227474407346 ], [ -8.38955694950616, 42.070227474407346 ], [ -8.38955694950616, 42.069802231901754 ], [ -8.388816733538652, 42.069802231901754 ], [ -8.388816733538652, 42.068951738344282 ], [ -8.388076517571143, 42.068951738344282 ], [ -8.388076517571143, 42.068101233391836 ], [ -8.387336301603634, 42.068101233391836 ], [ -8.387336301603634, 42.066825454597662 ], [ -8.386596085636127, 42.066825454597662 ], [ -8.386596085636127, 42.064699099632946 ], [ -8.385855869668617, 42.064699099632946 ], [ -8.385855869668617, 42.064273820093881 ], [ -8.383635221766092, 42.064273820093881 ], [ -8.383635221766092, 42.064699099632946 ], [ -8.381414573863568, 42.064699099632946 ], [ -8.381414573863568, 42.064273820093881 ], [ -8.38067435789606, 42.064273820093881 ], [ -8.38067435789606, 42.063848537706114 ], [ -8.379934141928551, 42.063848537706114 ], [ -8.379934141928551, 42.062997964384515 ], [ -8.379193925961044, 42.062997964384515 ], [ -8.379193925961044, 42.062147379668176 ], [ -8.378453709993536, 42.062147379668176 ], [ -8.378453709993536, 42.057043632082625 ], [ -8.379193925961044, 42.057043632082625 ], [ -8.379193925961044, 42.056192967604098 ], [ -8.379934141928551, 42.056192967604098 ], [ -8.379934141928551, 42.055767631091911 ], [ -8.38067435789606, 42.055767631091911 ], [ -8.38067435789606, 42.054916949521719 ], [ -8.381414573863568, 42.054916949521719 ], [ -8.381414573863568, 42.054491604463713 ], [ -8.385855869668617, 42.054491604463713 ], [ -8.385855869668617, 42.054916949521719 ], [ -8.386596085636127, 42.054916949521719 ], [ -8.386596085636127, 42.055767631091911 ], [ -8.387336301603634, 42.055767631091911 ], [ -8.387336301603634, 42.056618301267669 ], [ -8.388076517571143, 42.056618301267669 ], [ -8.388076517571143, 42.057468960048951 ], [ -8.388816733538652, 42.057468960048951 ], [ -8.388816733538652, 42.057043632082625 ], [ -8.38955694950616, 42.057043632082625 ], [ -8.38955694950616, 42.056618301267669 ], [ -8.390297165473667, 42.056618301267669 ], [ -8.390297165473667, 42.055767631091911 ], [ -8.391037381441175, 42.055767631091911 ], [ -8.391037381441175, 42.055342291731122 ], [ -8.391777597408684, 42.055342291731122 ], [ -8.391777597408684, 42.054916949521719 ], [ -8.392517813376193, 42.054916949521719 ], [ -8.392517813376193, 42.054491604463713 ], [ -8.393998245311209, 42.054491604463713 ], [ -8.393998245311209, 42.054916949521719 ], [ -8.394738461278719, 42.054916949521719 ], [ -8.394738461278719, 42.055342291731122 ], [ -8.395478677246228, 42.055342291731122 ], [ -8.395478677246228, 42.055767631091911 ], [ -8.396218893213735, 42.055767631091911 ], [ -8.396218893213735, 42.056192967604098 ], [ -8.396959109181244, 42.056192967604098 ], [ -8.396959109181244, 42.056618301267669 ], [ -8.397699325148752, 42.056618301267669 ], [ -8.397699325148752, 42.057043632082625 ], [ -8.399179757083768, 42.057043632082625 ], [ -8.399179757083768, 42.053640905801913 ], [ -8.399919973051277, 42.053640905801913 ], [ -8.399919973051277, 42.052790195745771 ], [ -8.400660189018785, 42.052790195745771 ], [ -8.400660189018785, 42.051939474295295 ], [ -8.401400404986292, 42.051939474295295 ], [ -8.401400404986292, 42.051514109297202 ], [ -8.402140620953801, 42.051514109297202 ], [ -8.402140620953801, 42.050663370755323 ], [ -8.40732213272636, 42.050663370755323 ], [ -8.40732213272636, 42.051514109297202 ], [ -8.408062348693868, 42.051514109297202 ], [ -8.408062348693868, 42.052790195745771 ], [ -8.408802564661375, 42.052790195745771 ], [ -8.408802564661375, 42.053640905801913 ], [ -8.409542780628884, 42.053640905801913 ], [ -8.409542780628884, 42.054916949521719 ], [ -8.410282996596392, 42.054916949521719 ], [ -8.410282996596392, 42.057043632082625 ], [ -8.409542780628884, 42.057043632082625 ], [ -8.409542780628884, 42.05874492685615 ], [ -8.408802564661375, 42.05874492685615 ], [ -8.408802564661375, 42.060020868025589 ], [ -8.40732213272636, 42.060020868025589 ], [ -8.40732213272636, 42.060446176051435 ], [ -8.406581916758851, 42.060446176051435 ], [ -8.406581916758851, 42.061722083036997 ], [ -8.40732213272636, 42.061722083036997 ], [ -8.40732213272636, 42.064699099632946 ], [ -8.408062348693868, 42.064699099632946 ], [ -8.408062348693868, 42.066825454597662 ], [ -8.40732213272636, 42.066825454597662 ], [ -8.40732213272636, 42.067250717044445 ], [ -8.406581916758851, 42.067250717044445 ], [ -8.406581916758851, 42.068101233391836 ], [ -8.405841700791342, 42.068101233391836 ], [ -8.405841700791342, 42.068526487292431 ], [ -8.405101484823835, 42.068526487292431 ], [ -8.405101484823835, 42.069376986547397 ], [ -8.404361268856325, 42.069376986547397 ], [ -8.404361268856325, 42.069802231901754 ], [ -8.403621052888818, 42.069802231901754 ], [ -8.403621052888818, 42.070652714064202 ], [ -8.402880836921309, 42.070652714064202 ], [ -8.402880836921309, 42.071077950872287 ], [ -8.402140620953801, 42.071077950872287 ], [ -8.402140620953801, 42.071928415942139 ], [ -8.401400404986292, 42.071928415942139 ], [ -8.401400404986292, 42.072353644203901 ], [ -8.400660189018785, 42.072353644203901 ], [ -8.400660189018785, 42.073204092181101 ], [ -8.397699325148752, 42.073204092181101 ], [ -8.397699325148752, 42.072778869616904 ], [ -8.395478677246228, 42.072778869616904 ], [ -8.395478677246228, 42.072353644203901 ], [ -8.3932580293437, 42.072353644203901 ], [ -8.3932580293437, 42.071928415942139 ], [ -8.391037381441175, 42.071928415942139 ] ] ], [ [ [ -6.768483980662907, 42.560323590330576 ], [ -6.768483980662907, 42.559901646571909 ], [ -6.767743764695399, 42.559901646571909 ], [ -6.767743764695399, 42.559479699959915 ], [ -6.767003548727891, 42.559479699959915 ], [ -6.767003548727891, 42.559057750494581 ], [ -6.765523116792874, 42.559057750494581 ], [ -6.765523116792874, 42.558635798175914 ], [ -6.764782900825367, 42.558635798175914 ], [ -6.764782900825367, 42.558213843003912 ], [ -6.764042684857857, 42.558213843003912 ], [ -6.764042684857857, 42.557791884978592 ], [ -6.763302468890348, 42.557791884978592 ], [ -6.763302468890348, 42.555682052052248 ], [ -6.76256225292284, 42.555682052052248 ], [ -6.76256225292284, 42.552728166116736 ], [ -6.761822036955333, 42.552728166116736 ], [ -6.761822036955333, 42.550618161992951 ], [ -6.76256225292284, 42.550618161992951 ], [ -6.76256225292284, 42.548930107335231 ], [ -6.763302468890348, 42.548930107335231 ], [ -6.763302468890348, 42.547664036382848 ], [ -6.764042684857857, 42.547664036382848 ], [ -6.764042684857857, 42.547242007025581 ], [ -6.764782900825367, 42.547242007025581 ], [ -6.764782900825367, 42.546819974815079 ], [ -6.765523116792874, 42.546819974815079 ], [ -6.765523116792874, 42.546397939751351 ], [ -6.766263332760382, 42.546397939751351 ], [ -6.766263332760382, 42.545975901834403 ], [ -6.767003548727891, 42.545975901834403 ], [ -6.767003548727891, 42.545553861064228 ], [ -6.768483980662907, 42.545553861064228 ], [ -6.768483980662907, 42.54513181744084 ], [ -6.769224196630416, 42.54513181744084 ], [ -6.769224196630416, 42.545553861064228 ], [ -6.770704628565432, 42.545553861064228 ], [ -6.770704628565432, 42.545975901834403 ], [ -6.772925276467958, 42.545975901834403 ], [ -6.772925276467958, 42.546397939751351 ], [ -6.774405708402975, 42.546397939751351 ], [ -6.774405708402975, 42.546819974815079 ], [ -6.775145924370483, 42.546819974815079 ], [ -6.775145924370483, 42.548930107335231 ], [ -6.775886140337991, 42.548930107335231 ], [ -6.775886140337991, 42.551462172202271 ], [ -6.776626356305498, 42.551462172202271 ], [ -6.776626356305498, 42.553572147793325 ], [ -6.777366572273007, 42.553572147793325 ], [ -6.777366572273007, 42.557791884978592 ], [ -6.776626356305498, 42.557791884978592 ], [ -6.776626356305498, 42.559901646571909 ], [ -6.775886140337991, 42.559901646571909 ], [ -6.775886140337991, 42.560323590330576 ], [ -6.774405708402975, 42.560323590330576 ], [ -6.774405708402975, 42.560745531235895 ], [ -6.773665492435466, 42.560745531235895 ], [ -6.773665492435466, 42.561167469287867 ], [ -6.772925276467958, 42.561167469287867 ], [ -6.772925276467958, 42.561589404486483 ], [ -6.77144484453294, 42.561589404486483 ], [ -6.77144484453294, 42.561167469287867 ], [ -6.770704628565432, 42.561167469287867 ], [ -6.770704628565432, 42.560745531235895 ], [ -6.769224196630416, 42.560745531235895 ], [ -6.769224196630416, 42.560323590330576 ], [ -6.768483980662907, 42.560323590330576 ] ] ], [ [ [ -6.75812095711779, 42.730976186022666 ], [ -6.75812095711779, 42.730134607430976 ], [ -6.756640525182775, 42.730134607430976 ], [ -6.756640525182775, 42.729713813853024 ], [ -6.755160093247757, 42.729713813853024 ], [ -6.755160093247757, 42.729293017420346 ], [ -6.752939445345231, 42.729293017420346 ], [ -6.752939445345231, 42.728872218132935 ], [ -6.751459013410216, 42.728872218132935 ], [ -6.751459013410216, 42.72845141599079 ], [ -6.749238365507691, 42.72845141599079 ], [ -6.749238365507691, 42.728030610993933 ], [ -6.748498149540183, 42.728030610993933 ], [ -6.748498149540183, 42.725505721063776 ], [ -6.747757933572674, 42.725505721063776 ], [ -6.747757933572674, 42.722139041293836 ], [ -6.747017717605166, 42.722139041293836 ], [ -6.747017717605166, 42.718772178824828 ], [ -6.746277501637658, 42.718772178824828 ], [ -6.746277501637658, 42.719193046624746 ], [ -6.745537285670149, 42.719193046624746 ], [ -6.745537285670149, 42.719613911570029 ], [ -6.74479706970264, 42.719613911570029 ], [ -6.74479706970264, 42.72003477366065 ], [ -6.744056853735132, 42.72003477366065 ], [ -6.744056853735132, 42.720455632896609 ], [ -6.738875341962574, 42.720455632896609 ], [ -6.738875341962574, 42.72003477366065 ], [ -6.738135125995067, 42.72003477366065 ], [ -6.738135125995067, 42.719193046624746 ], [ -6.737394910027557, 42.719193046624746 ], [ -6.737394910027557, 42.718351308170263 ], [ -6.736654694060048, 42.718351308170263 ], [ -6.736654694060048, 42.717509558297202 ], [ -6.735914478092541, 42.717509558297202 ], [ -6.735914478092541, 42.716667797005591 ], [ -6.735174262125033, 42.716667797005591 ], [ -6.735174262125033, 42.71582602429546 ], [ -6.734434046157523, 42.71582602429546 ], [ -6.734434046157523, 42.715405133658464 ], [ -6.733693830190016, 42.715405133658464 ], [ -6.733693830190016, 42.714563343820615 ], [ -6.732953614222508, 42.714563343820615 ], [ -6.732953614222508, 42.713721542564308 ], [ -6.732213398254999, 42.713721542564308 ], [ -6.732213398254999, 42.712879729889586 ], [ -6.731473182287491, 42.712879729889586 ], [ -6.731473182287491, 42.712037905796464 ], [ -6.730732966319983, 42.712037905796464 ], [ -6.730732966319983, 42.711196070284963 ], [ -6.729992750352474, 42.711196070284963 ], [ -6.729992750352474, 42.710775148247336 ], [ -6.728512318417457, 42.710775148247336 ], [ -6.728512318417457, 42.711196070284963 ], [ -6.727772102449949, 42.711196070284963 ], [ -6.727772102449949, 42.711616989468006 ], [ -6.72703188648244, 42.711616989468006 ], [ -6.72703188648244, 42.712037905796464 ], [ -6.726291670514932, 42.712037905796464 ], [ -6.726291670514932, 42.712458819270317 ], [ -6.725551454547424, 42.712458819270317 ], [ -6.725551454547424, 42.712879729889586 ], [ -6.724811238579916, 42.712879729889586 ], [ -6.724811238579916, 42.71330063765425 ], [ -6.723330806644899, 42.71330063765425 ], [ -6.723330806644899, 42.712458819270317 ], [ -6.722590590677391, 42.712458819270317 ], [ -6.722590590677391, 42.712037905796464 ], [ -6.721850374709882, 42.712037905796464 ], [ -6.721850374709882, 42.711616989468006 ], [ -6.721110158742374, 42.711616989468006 ], [ -6.721110158742374, 42.711196070284963 ], [ -6.720369942774866, 42.711196070284963 ], [ -6.720369942774866, 42.710775148247336 ], [ -6.719629726807357, 42.710775148247336 ], [ -6.719629726807357, 42.710354223355125 ], [ -6.718889510839849, 42.710354223355125 ], [ -6.718889510839849, 42.698567167426383 ], [ -6.719629726807357, 42.698567167426383 ], [ -6.719629726807357, 42.697725149224624 ], [ -6.720369942774866, 42.697725149224624 ], [ -6.720369942774866, 42.697304135842025 ], [ -6.721110158742374, 42.697304135842025 ], [ -6.721110158742374, 42.696462100513408 ], [ -6.722590590677391, 42.696462100513408 ], [ -6.722590590677391, 42.696041078567404 ], [ -6.724811238579916, 42.696041078567404 ], [ -6.724811238579916, 42.695620053766916 ], [ -6.725551454547424, 42.695620053766916 ], [ -6.725551454547424, 42.690988592567969 ], [ -6.726291670514932, 42.690988592567969 ], [ -6.726291670514932, 42.690567533514184 ], [ -6.72703188648244, 42.690567533514184 ], [ -6.72703188648244, 42.690146471605971 ], [ -6.729252534384965, 42.690146471605971 ], [ -6.729252534384965, 42.689725406843344 ], [ -6.731473182287491, 42.689725406843344 ], [ -6.731473182287491, 42.689304339226304 ], [ -6.732213398254999, 42.689304339226304 ], [ -6.732213398254999, 42.689725406843344 ], [ -6.732953614222508, 42.689725406843344 ], [ -6.732953614222508, 42.690146471605971 ], [ -6.733693830190016, 42.690146471605971 ], [ -6.733693830190016, 42.690988592567969 ], [ -6.734434046157523, 42.690988592567969 ], [ -6.734434046157523, 42.691830702112277 ], [ -6.735174262125033, 42.691830702112277 ], [ -6.735174262125033, 42.688883268754857 ], [ -6.734434046157523, 42.688883268754857 ], [ -6.734434046157523, 42.684672407048524 ], [ -6.733693830190016, 42.684672407048524 ], [ -6.733693830190016, 42.683409092876197 ], [ -6.734434046157523, 42.683409092876197 ], [ -6.734434046157523, 42.682145753014602 ], [ -6.735174262125033, 42.682145753014602 ], [ -6.735174262125033, 42.681303512168441 ], [ -6.735914478092541, 42.681303512168441 ], [ -6.735914478092541, 42.680040129491609 ], [ -6.736654694060048, 42.680040129491609 ], [ -6.736654694060048, 42.679197860102036 ], [ -6.737394910027557, 42.679197860102036 ], [ -6.737394910027557, 42.67877672112575 ], [ -6.739615557930082, 42.67877672112575 ], [ -6.739615557930082, 42.679197860102036 ], [ -6.742576421800115, 42.679197860102036 ], [ -6.742576421800115, 42.67877672112575 ], [ -6.743316637767625, 42.67877672112575 ], [ -6.743316637767625, 42.677934434610215 ], [ -6.744056853735132, 42.677934434610215 ], [ -6.744056853735132, 42.677513287070973 ], [ -6.74479706970264, 42.677513287070973 ], [ -6.74479706970264, 42.677092136677409 ], [ -6.745537285670149, 42.677092136677409 ], [ -6.745537285670149, 42.676670983429531 ], [ -6.746277501637658, 42.676670983429531 ], [ -6.746277501637658, 42.676249827327354 ], [ -6.747757933572674, 42.676249827327354 ], [ -6.747757933572674, 42.676670983429531 ], [ -6.749238365507691, 42.676670983429531 ], [ -6.749238365507691, 42.677092136677409 ], [ -6.749978581475199, 42.677092136677409 ], [ -6.749978581475199, 42.677513287070973 ], [ -6.750718797442707, 42.677513287070973 ], [ -6.750718797442707, 42.677934434610215 ], [ -6.751459013410216, 42.677934434610215 ], [ -6.751459013410216, 42.678355579295143 ], [ -6.752199229377724, 42.678355579295143 ], [ -6.752199229377724, 42.67877672112575 ], [ -6.752939445345231, 42.67877672112575 ], [ -6.752939445345231, 42.679197860102036 ], [ -6.754419877280249, 42.679197860102036 ], [ -6.754419877280249, 42.679618996223986 ], [ -6.755160093247757, 42.679618996223986 ], [ -6.755160093247757, 42.680040129491609 ], [ -6.755900309215265, 42.680040129491609 ], [ -6.755900309215265, 42.680461259904895 ], [ -6.756640525182775, 42.680461259904895 ], [ -6.756640525182775, 42.680882387463832 ], [ -6.757380741150283, 42.680882387463832 ], [ -6.757380741150283, 42.681303512168441 ], [ -6.75812095711779, 42.681303512168441 ], [ -6.75812095711779, 42.680461259904895 ], [ -6.758861173085299, 42.680461259904895 ], [ -6.758861173085299, 42.679618996223986 ], [ -6.759601389052808, 42.679618996223986 ], [ -6.759601389052808, 42.67877672112575 ], [ -6.760341605020315, 42.67877672112575 ], [ -6.760341605020315, 42.677934434610215 ], [ -6.761081820987823, 42.677934434610215 ], [ -6.761081820987823, 42.677092136677409 ], [ -6.761822036955333, 42.677092136677409 ], [ -6.761822036955333, 42.676670983429531 ], [ -6.769964412597924, 42.676670983429531 ], [ -6.769964412597924, 42.677092136677409 ], [ -6.77144484453294, 42.677092136677409 ], [ -6.77144484453294, 42.677513287070973 ], [ -6.772185060500449, 42.677513287070973 ], [ -6.772185060500449, 42.677934434610215 ], [ -6.773665492435466, 42.677934434610215 ], [ -6.773665492435466, 42.67877672112575 ], [ -6.774405708402975, 42.67877672112575 ], [ -6.774405708402975, 42.680461259904895 ], [ -6.775145924370483, 42.680461259904895 ], [ -6.775145924370483, 42.6817246340187 ], [ -6.781067652110549, 42.6817246340187 ], [ -6.781067652110549, 42.682566869156162 ], [ -6.781807868078057, 42.682566869156162 ], [ -6.781807868078057, 42.683409092876197 ], [ -6.782548084045566, 42.683409092876197 ], [ -6.782548084045566, 42.684672407048524 ], [ -6.783288300013075, 42.684672407048524 ], [ -6.783288300013075, 42.685514602224885 ], [ -6.784028515980582, 42.685514602224885 ], [ -6.784028515980582, 42.686356785983719 ], [ -6.784768731948091, 42.686356785983719 ], [ -6.784768731948091, 42.687198958325013 ], [ -6.785508947915599, 42.687198958325013 ], [ -6.785508947915599, 42.68804111924873 ], [ -6.786249163883107, 42.68804111924873 ], [ -6.786249163883107, 42.688883268754857 ], [ -6.786989379850615, 42.688883268754857 ], [ -6.786989379850615, 42.692672800238846 ], [ -6.786249163883107, 42.692672800238846 ], [ -6.786249163883107, 42.695620053766916 ], [ -6.785508947915599, 42.695620053766916 ], [ -6.785508947915599, 42.696462100513408 ], [ -6.786249163883107, 42.696462100513408 ], [ -6.786249163883107, 42.696883119604948 ], [ -6.786989379850615, 42.696883119604948 ], [ -6.786989379850615, 42.697304135842025 ], [ -6.788469811785633, 42.697304135842025 ], [ -6.788469811785633, 42.697725149224624 ], [ -6.78921002775314, 42.697725149224624 ], [ -6.78921002775314, 42.698146159752746 ], [ -6.790690459688158, 42.698146159752746 ], [ -6.790690459688158, 42.698567167426383 ], [ -6.792170891623174, 42.698567167426383 ], [ -6.792170891623174, 42.700251169576056 ], [ -6.792911107590683, 42.700251169576056 ], [ -6.792911107590683, 42.701935126053762 ], [ -6.793651323558191, 42.701935126053762 ], [ -6.793651323558191, 42.703198063439686 ], [ -6.792911107590683, 42.703198063439686 ], [ -6.792911107590683, 42.704881939990912 ], [ -6.792170891623174, 42.704881939990912 ], [ -6.792170891623174, 42.706565770869567 ], [ -6.792911107590683, 42.706565770869567 ], [ -6.792911107590683, 42.70740766918162 ], [ -6.793651323558191, 42.70740766918162 ], [ -6.793651323558191, 42.708249556075451 ], [ -6.794391539525699, 42.708249556075451 ], [ -6.794391539525699, 42.712458819270317 ], [ -6.793651323558191, 42.712458819270317 ], [ -6.793651323558191, 42.71330063765425 ], [ -6.792911107590683, 42.71330063765425 ], [ -6.792911107590683, 42.713721542564308 ], [ -6.792170891623174, 42.713721542564308 ], [ -6.792170891623174, 42.714142444619768 ], [ -6.791430675655666, 42.714142444619768 ], [ -6.791430675655666, 42.714984240166849 ], [ -6.790690459688158, 42.714984240166849 ], [ -6.790690459688158, 42.715405133658464 ], [ -6.789950243720649, 42.715405133658464 ], [ -6.789950243720649, 42.716246912077835 ], [ -6.790690459688158, 42.716246912077835 ], [ -6.790690459688158, 42.716667797005591 ], [ -6.791430675655666, 42.716667797005591 ], [ -6.791430675655666, 42.717088679078707 ], [ -6.792170891623174, 42.717088679078707 ], [ -6.792170891623174, 42.717509558297202 ], [ -6.792911107590683, 42.717509558297202 ], [ -6.792911107590683, 42.717930434661042 ], [ -6.793651323558191, 42.717930434661042 ], [ -6.793651323558191, 42.718351308170263 ], [ -6.794391539525699, 42.718351308170263 ], [ -6.794391539525699, 42.723401567617707 ], [ -6.793651323558191, 42.723401567617707 ], [ -6.793651323558191, 42.723822404016296 ], [ -6.792911107590683, 42.723822404016296 ], [ -6.792911107590683, 42.724664068249425 ], [ -6.792170891623174, 42.724664068249425 ], [ -6.792170891623174, 42.725505721063776 ], [ -6.791430675655666, 42.725505721063776 ], [ -6.791430675655666, 42.725926543188905 ], [ -6.789950243720649, 42.725926543188905 ], [ -6.789950243720649, 42.725505721063776 ], [ -6.787729595818124, 42.725505721063776 ], [ -6.787729595818124, 42.725084896083935 ], [ -6.784768731948091, 42.725084896083935 ], [ -6.784768731948091, 42.725505721063776 ], [ -6.783288300013075, 42.725505721063776 ], [ -6.783288300013075, 42.725926543188905 ], [ -6.781067652110549, 42.725926543188905 ], [ -6.781067652110549, 42.725505721063776 ], [ -6.779587220175531, 42.725505721063776 ], [ -6.779587220175531, 42.725084896083935 ], [ -6.778106788240516, 42.725084896083935 ], [ -6.778106788240516, 42.725505721063776 ], [ -6.777366572273007, 42.725505721063776 ], [ -6.777366572273007, 42.726347362459329 ], [ -6.776626356305498, 42.726347362459329 ], [ -6.776626356305498, 42.726768178875055 ], [ -6.775886140337991, 42.726768178875055 ], [ -6.775886140337991, 42.727188992436055 ], [ -6.775145924370483, 42.727188992436055 ], [ -6.775145924370483, 42.72760980314235 ], [ -6.773665492435466, 42.72760980314235 ], [ -6.773665492435466, 42.728030610993933 ], [ -6.772925276467958, 42.728030610993933 ], [ -6.772925276467958, 42.72845141599079 ], [ -6.77144484453294, 42.72845141599079 ], [ -6.77144484453294, 42.728872218132935 ], [ -6.769964412597924, 42.728872218132935 ], [ -6.769964412597924, 42.729293017420346 ], [ -6.769224196630416, 42.729293017420346 ], [ -6.769224196630416, 42.729713813853024 ], [ -6.768483980662907, 42.729713813853024 ], [ -6.768483980662907, 42.730555398154188 ], [ -6.767743764695399, 42.730555398154188 ], [ -6.767743764695399, 42.731817753195379 ], [ -6.767003548727891, 42.731817753195379 ], [ -6.767003548727891, 42.733080082543808 ], [ -6.766263332760382, 42.733080082543808 ], [ -6.766263332760382, 42.734342386199415 ], [ -6.760341605020315, 42.734342386199415 ], [ -6.760341605020315, 42.733080082543808 ], [ -6.759601389052808, 42.733080082543808 ], [ -6.759601389052808, 42.732238532499608 ], [ -6.758861173085299, 42.732238532499608 ], [ -6.758861173085299, 42.730976186022666 ], [ -6.75812095711779, 42.730976186022666 ] ] ], [ [ [ -1.339740074956782, 35.31755068166477 ], [ -1.339740074956782, 35.31661582869917 ], [ -1.338999858989274, 35.31661582869917 ], [ -1.338999858989274, 35.316148398163833 ], [ -1.338259643021765, 35.316148398163833 ], [ -1.338259643021765, 35.315213528988217 ], [ -1.337519427054257, 35.315213528988217 ], [ -1.337519427054257, 35.314746090347946 ], [ -1.336779211086749, 35.314746090347946 ], [ -1.336779211086749, 35.31427864900607 ], [ -1.33603899511924, 35.31427864900607 ], [ -1.33603899511924, 35.309136615943153 ], [ -1.336779211086749, 35.309136615943153 ], [ -1.336779211086749, 35.308201665721619 ], [ -1.337519427054257, 35.308201665721619 ], [ -1.337519427054257, 35.307734186558754 ], [ -1.338259643021765, 35.307734186558754 ], [ -1.338259643021765, 35.307266704694499 ], [ -1.338999858989274, 35.307266704694499 ], [ -1.338999858989274, 35.306331732861899 ], [ -1.339740074956782, 35.306331732861899 ], [ -1.339740074956782, 35.305864242893584 ], [ -1.34048029092429, 35.305864242893584 ], [ -1.34048029092429, 35.305396750223949 ], [ -1.341220506891799, 35.305396750223949 ], [ -1.341220506891799, 35.304929254853015 ], [ -1.34492158672934, 35.304929254853015 ], [ -1.34492158672934, 35.304461756780782 ], [ -1.347142234631865, 35.304461756780782 ], [ -1.347142234631865, 35.304929254853015 ], [ -1.347882450599374, 35.304929254853015 ], [ -1.347882450599374, 35.305396750223949 ], [ -1.348622666566882, 35.305396750223949 ], [ -1.348622666566882, 35.306799220128873 ], [ -1.34936288253439, 35.306799220128873 ], [ -1.34936288253439, 35.307734186558754 ], [ -1.350103098501899, 35.307734186558754 ], [ -1.350103098501899, 35.308669142183099 ], [ -1.350843314469407, 35.308669142183099 ], [ -1.350843314469407, 35.311006483968946 ], [ -1.350103098501899, 35.311006483968946 ], [ -1.350103098501899, 35.313343758217513 ], [ -1.34936288253439, 35.313343758217513 ], [ -1.34936288253439, 35.315213528988217 ], [ -1.348622666566882, 35.315213528988217 ], [ -1.348622666566882, 35.316148398163833 ], [ -1.347882450599374, 35.316148398163833 ], [ -1.347882450599374, 35.317083256532818 ], [ -1.347142234631865, 35.317083256532818 ], [ -1.347142234631865, 35.31755068166477 ], [ -1.346402018664357, 35.31755068166477 ], [ -1.346402018664357, 35.31848552382354 ], [ -1.341220506891799, 35.31848552382354 ], [ -1.341220506891799, 35.318018104095017 ], [ -1.34048029092429, 35.318018104095017 ], [ -1.34048029092429, 35.31755068166477 ], [ -1.339740074956782, 35.31755068166477 ] ] ], [ [ [ -0.934841940729723, 35.573758764450957 ], [ -0.934841940729723, 35.57282688256965 ], [ -0.934101724762215, 35.57282688256965 ], [ -0.934101724762215, 35.572360937563893 ], [ -0.933361508794706, 35.572360937563893 ], [ -0.933361508794706, 35.571894989848083 ], [ -0.932621292827198, 35.571894989848083 ], [ -0.932621292827198, 35.570963086286405 ], [ -0.93188107685969, 35.570963086286405 ], [ -0.93188107685969, 35.570497130440543 ], [ -0.931140860892182, 35.570497130440543 ], [ -0.931140860892182, 35.5700311718847 ], [ -0.930400644924673, 35.5700311718847 ], [ -0.930400644924673, 35.56909924664312 ], [ -0.929660428957165, 35.56909924664312 ], [ -0.929660428957165, 35.563507467562687 ], [ -0.928920212989657, 35.563507467562687 ], [ -0.928920212989657, 35.56257546644526 ], [ -0.929660428957165, 35.56257546644526 ], [ -0.929660428957165, 35.56164345448888 ], [ -0.930400644924673, 35.56164345448888 ], [ -0.930400644924673, 35.561177444446159 ], [ -0.931140860892182, 35.561177444446159 ], [ -0.931140860892182, 35.560245416231631 ], [ -0.93188107685969, 35.560245416231631 ], [ -0.93188107685969, 35.559779398059881 ], [ -0.932621292827198, 35.559779398059881 ], [ -0.932621292827198, 35.559313377178498 ], [ -0.933361508794706, 35.559313377178498 ], [ -0.933361508794706, 35.558847353587474 ], [ -0.934841940729723, 35.558847353587474 ], [ -0.934841940729723, 35.558381327286853 ], [ -0.935582156697232, 35.558381327286853 ], [ -0.935582156697232, 35.557915298276626 ], [ -0.937062588632248, 35.557915298276626 ], [ -0.937062588632248, 35.557449266556823 ], [ -0.938543020567265, 35.557449266556823 ], [ -0.938543020567265, 35.557915298276626 ], [ -0.94076366846979, 35.557915298276626 ], [ -0.94076366846979, 35.558381327286853 ], [ -0.942244100404807, 35.558381327286853 ], [ -0.942244100404807, 35.558847353587474 ], [ -0.943724532339823, 35.558847353587474 ], [ -0.943724532339823, 35.559313377178498 ], [ -0.94520496427484, 35.559313377178498 ], [ -0.94520496427484, 35.559779398059881 ], [ -0.946685396209857, 35.559779398059881 ], [ -0.946685396209857, 35.56164345448888 ], [ -0.947425612177365, 35.56164345448888 ], [ -0.947425612177365, 35.56304146835884 ], [ -0.948165828144873, 35.56304146835884 ], [ -0.948165828144873, 35.564439457841075 ], [ -0.947425612177365, 35.564439457841075 ], [ -0.947425612177365, 35.568633279957403 ], [ -0.946685396209857, 35.568633279957403 ], [ -0.946685396209857, 35.5700311718847 ], [ -0.945945180242348, 35.5700311718847 ], [ -0.945945180242348, 35.571429039422256 ], [ -0.94520496427484, 35.571429039422256 ], [ -0.94520496427484, 35.572360937563893 ], [ -0.944464748307332, 35.572360937563893 ], [ -0.944464748307332, 35.573292824865341 ], [ -0.943724532339823, 35.573292824865341 ], [ -0.943724532339823, 35.574224701326465 ], [ -0.94076366846979, 35.574224701326465 ], [ -0.94076366846979, 35.574690635491883 ], [ -0.937802804599756, 35.574690635491883 ], [ -0.937802804599756, 35.575156566947186 ], [ -0.937062588632248, 35.575156566947186 ], [ -0.937062588632248, 35.574690635491883 ], [ -0.93632237266474, 35.574690635491883 ], [ -0.93632237266474, 35.574224701326465 ], [ -0.935582156697232, 35.574224701326465 ], [ -0.935582156697232, 35.573758764450957 ], [ -0.934841940729723, 35.573758764450957 ] ] ], [ [ [ 0.545589994286945, 35.789197437856686 ], [ 0.545589994286945, 35.788732754640378 ], [ 0.546330210254454, 35.788732754640378 ], [ 0.546330210254454, 35.788268068707133 ], [ 0.547070426221962, 35.788268068707133 ], [ 0.547070426221962, 35.785015191100669 ], [ 0.54781064218947, 35.785015191100669 ], [ 0.54781064218947, 35.779903257325017 ], [ 0.547070426221962, 35.779903257325017 ], [ 0.547070426221962, 35.778044290814222 ], [ 0.546330210254454, 35.778044290814222 ], [ 0.546330210254454, 35.777579542394932 ], [ 0.545589994286945, 35.777579542394932 ], [ 0.545589994286945, 35.777114791259052 ], [ 0.54336934638442, 35.777114791259052 ], [ 0.54336934638442, 35.776650037406554 ], [ 0.541888914449404, 35.776650037406554 ], [ 0.541888914449404, 35.776185280837481 ], [ 0.539668266546879, 35.776185280837481 ], [ 0.539668266546879, 35.776650037406554 ], [ 0.538187834611862, 35.776650037406554 ], [ 0.538187834611862, 35.777114791259052 ], [ 0.537447618644354, 35.777114791259052 ], [ 0.537447618644354, 35.777579542394932 ], [ 0.535967186709337, 35.777579542394932 ], [ 0.535967186709337, 35.778044290814222 ], [ 0.535226970741829, 35.778044290814222 ], [ 0.535226970741829, 35.778509036516901 ], [ 0.533746538806812, 35.778509036516901 ], [ 0.533746538806812, 35.779903257325017 ], [ 0.533006322839304, 35.779903257325017 ], [ 0.533006322839304, 35.781762180368901 ], [ 0.532266106871795, 35.781762180368901 ], [ 0.532266106871795, 35.783621059944963 ], [ 0.533006322839304, 35.783621059944963 ], [ 0.533006322839304, 35.785479896052223 ], [ 0.533746538806812, 35.785479896052223 ], [ 0.533746538806812, 35.787803380056921 ], [ 0.53448675477432, 35.787803380056921 ], [ 0.53448675477432, 35.788732754640378 ], [ 0.535226970741829, 35.788732754640378 ], [ 0.535226970741829, 35.789197437856686 ], [ 0.536707402676845, 35.789197437856686 ], [ 0.536707402676845, 35.789662118356006 ], [ 0.538187834611862, 35.789662118356006 ], [ 0.538187834611862, 35.790126796138338 ], [ 0.539668266546879, 35.790126796138338 ], [ 0.539668266546879, 35.790591471203676 ], [ 0.542629130416912, 35.790591471203676 ], [ 0.542629130416912, 35.790126796138338 ], [ 0.54336934638442, 35.790126796138338 ], [ 0.54336934638442, 35.789662118356006 ], [ 0.544849778319437, 35.789662118356006 ], [ 0.544849778319437, 35.789197437856686 ], [ 0.545589994286945, 35.789197437856686 ] ] ], [ [ [ -0.276049729647306, 35.824040934669902 ], [ -0.274569297712289, 35.824040934669902 ], [ -0.274569297712289, 35.8235764552674 ], [ -0.272348649809764, 35.8235764552674 ], [ -0.272348649809764, 35.82311197314683 ], [ -0.270128001907239, 35.82311197314683 ], [ -0.270128001907239, 35.822647488308213 ], [ -0.267167138037206, 35.822647488308213 ], [ -0.267167138037206, 35.822183000751579 ], [ -0.264946490134681, 35.822183000751579 ], [ -0.264946490134681, 35.821718510476927 ], [ -0.262725842232156, 35.821718510476927 ], [ -0.262725842232156, 35.821254017484272 ], [ -0.260505194329631, 35.821254017484272 ], [ -0.260505194329631, 35.820789521773627 ], [ -0.259764978362122, 35.820789521773627 ], [ -0.259764978362122, 35.819860522198454 ], [ -0.259024762394614, 35.819860522198454 ], [ -0.259024762394614, 35.818931511751508 ], [ -0.258284546427106, 35.818931511751508 ], [ -0.258284546427106, 35.818467002451158 ], [ -0.257544330459597, 35.818467002451158 ], [ -0.257544330459597, 35.81753797569678 ], [ -0.255323682557072, 35.81753797569678 ], [ -0.255323682557072, 35.817073458242774 ], [ -0.252362818687039, 35.817073458242774 ], [ -0.252362818687039, 35.816608938070921 ], [ -0.251622602719531, 35.816608938070921 ], [ -0.251622602719531, 35.815679889573708 ], [ -0.250882386752022, 35.815679889573708 ], [ -0.250882386752022, 35.815215361248384 ], [ -0.250142170784514, 35.815215361248384 ], [ -0.250142170784514, 35.814286296444358 ], [ -0.249401954817006, 35.814286296444358 ], [ -0.249401954817006, 35.813821759965677 ], [ -0.248661738849497, 35.813821759965677 ], [ -0.248661738849497, 35.812892678855093 ], [ -0.247921522881989, 35.812892678855093 ], [ -0.247921522881989, 35.812428134223211 ], [ -0.247181306914481, 35.812428134223211 ], [ -0.247181306914481, 35.811963586873631 ], [ -0.246441090946972, 35.811963586873631 ], [ -0.246441090946972, 35.811034484021377 ], [ -0.244960659011956, 35.811034484021377 ], [ -0.244960659011956, 35.810569928518746 ], [ -0.243480227076939, 35.810569928518746 ], [ -0.243480227076939, 35.810105370298473 ], [ -0.241999795141922, 35.810105370298473 ], [ -0.241999795141922, 35.812892678855093 ], [ -0.241259579174414, 35.812892678855093 ], [ -0.241259579174414, 35.813821759965677 ], [ -0.240519363206906, 35.813821759965677 ], [ -0.240519363206906, 35.814750830205249 ], [ -0.239779147239397, 35.814750830205249 ], [ -0.239779147239397, 35.815215361248384 ], [ -0.239038931271889, 35.815215361248384 ], [ -0.239038931271889, 35.815679889573708 ], [ -0.235337851434347, 35.815679889573708 ], [ -0.235337851434347, 35.815215361248384 ], [ -0.231636771596806, 35.815215361248384 ], [ -0.231636771596806, 35.814750830205249 ], [ -0.230896555629297, 35.814750830205249 ], [ -0.230896555629297, 35.813357220769255 ], [ -0.230156339661789, 35.813357220769255 ], [ -0.230156339661789, 35.812428134223211 ], [ -0.229416123694281, 35.812428134223211 ], [ -0.229416123694281, 35.811034484021377 ], [ -0.228675907726772, 35.811034484021377 ], [ -0.228675907726772, 35.810105370298473 ], [ -0.227935691759264, 35.810105370298473 ], [ -0.227935691759264, 35.809176245705025 ], [ -0.227195475791756, 35.809176245705025 ], [ -0.227195475791756, 35.80731796390701 ], [ -0.227935691759264, 35.80731796390701 ], [ -0.227935691759264, 35.805924224024189 ], [ -0.228675907726772, 35.805924224024189 ], [ -0.228675907726772, 35.804530459683846 ], [ -0.229416123694281, 35.804530459683846 ], [ -0.229416123694281, 35.803601269869652 ], [ -0.230156339661789, 35.803601269869652 ], [ -0.230156339661789, 35.803136670886389 ], [ -0.230896555629297, 35.803136670886389 ], [ -0.230896555629297, 35.802672069185711 ], [ -0.231636771596806, 35.802672069185711 ], [ -0.231636771596806, 35.80220746476764 ], [ -0.232376987564314, 35.80220746476764 ], [ -0.232376987564314, 35.801742857632192 ], [ -0.237558499336872, 35.801742857632192 ], [ -0.237558499336872, 35.80220746476764 ], [ -0.238298715304381, 35.80220746476764 ], [ -0.238298715304381, 35.802672069185711 ], [ -0.239038931271889, 35.802672069185711 ], [ -0.239038931271889, 35.803601269869652 ], [ -0.239779147239397, 35.803601269869652 ], [ -0.239779147239397, 35.802672069185711 ], [ -0.240519363206906, 35.802672069185711 ], [ -0.240519363206906, 35.801742857632192 ], [ -0.241259579174414, 35.801742857632192 ], [ -0.241259579174414, 35.800349019921647 ], [ -0.241999795141922, 35.800349019921647 ], [ -0.241999795141922, 35.799419781194644 ], [ -0.247921522881989, 35.799419781194644 ], [ -0.247921522881989, 35.800349019921647 ], [ -0.248661738849497, 35.800349019921647 ], [ -0.248661738849497, 35.800813635209181 ], [ -0.249401954817006, 35.800813635209181 ], [ -0.249401954817006, 35.801278247779365 ], [ -0.250882386752022, 35.801278247779365 ], [ -0.250882386752022, 35.800813635209181 ], [ -0.251622602719531, 35.800813635209181 ], [ -0.251622602719531, 35.800349019921647 ], [ -0.252362818687039, 35.800349019921647 ], [ -0.252362818687039, 35.799884401916799 ], [ -0.253103034654547, 35.799884401916799 ], [ -0.253103034654547, 35.799419781194644 ], [ -0.253843250622056, 35.799419781194644 ], [ -0.253843250622056, 35.798955157755167 ], [ -0.254583466589564, 35.798955157755167 ], [ -0.254583466589564, 35.798490531598425 ], [ -0.255323682557072, 35.798490531598425 ], [ -0.255323682557072, 35.798025902724412 ], [ -0.261245410297139, 35.798025902724412 ], [ -0.261245410297139, 35.798490531598425 ], [ -0.266426922069697, 35.798490531598425 ], [ -0.266426922069697, 35.799419781194644 ], [ -0.267167138037206, 35.799419781194644 ], [ -0.267167138037206, 35.799884401916799 ], [ -0.267907354004714, 35.799884401916799 ], [ -0.267907354004714, 35.800349019921647 ], [ -0.268647569972222, 35.800349019921647 ], [ -0.268647569972222, 35.801278247779365 ], [ -0.269387785939731, 35.801278247779365 ], [ -0.269387785939731, 35.801742857632192 ], [ -0.270128001907239, 35.801742857632192 ], [ -0.270128001907239, 35.80220746476764 ], [ -0.270868217874747, 35.80220746476764 ], [ -0.270868217874747, 35.803136670886389 ], [ -0.271608433842256, 35.803136670886389 ], [ -0.271608433842256, 35.803601269869652 ], [ -0.272348649809764, 35.803601269869652 ], [ -0.272348649809764, 35.804530459683846 ], [ -0.273088865777272, 35.804530459683846 ], [ -0.273088865777272, 35.804995050514783 ], [ -0.273829081744781, 35.804995050514783 ], [ -0.273829081744781, 35.804065866135467 ], [ -0.274569297712289, 35.804065866135467 ], [ -0.274569297712289, 35.803136670886389 ], [ -0.275309513679797, 35.803136670886389 ], [ -0.275309513679797, 35.80220746476764 ], [ -0.276049729647306, 35.80220746476764 ], [ -0.276049729647306, 35.801742857632192 ], [ -0.276789945614814, 35.801742857632192 ], [ -0.276789945614814, 35.801278247779365 ], [ -0.278270377549831, 35.801278247779365 ], [ -0.278270377549831, 35.800813635209181 ], [ -0.279010593517339, 35.800813635209181 ], [ -0.279010593517339, 35.800349019921647 ], [ -0.280491025452356, 35.800349019921647 ], [ -0.280491025452356, 35.800813635209181 ], [ -0.281231241419864, 35.800813635209181 ], [ -0.281231241419864, 35.801278247779365 ], [ -0.281971457387372, 35.801278247779365 ], [ -0.281971457387372, 35.801742857632192 ], [ -0.282711673354881, 35.801742857632192 ], [ -0.282711673354881, 35.80220746476764 ], [ -0.283451889322389, 35.80220746476764 ], [ -0.283451889322389, 35.802672069185711 ], [ -0.284192105289897, 35.802672069185711 ], [ -0.284192105289897, 35.803601269869652 ], [ -0.284932321257406, 35.803601269869652 ], [ -0.284932321257406, 35.804995050514783 ], [ -0.285672537224914, 35.804995050514783 ], [ -0.285672537224914, 35.811499036806339 ], [ -0.286412753192422, 35.811499036806339 ], [ -0.286412753192422, 35.81753797569678 ], [ -0.287152969159931, 35.81753797569678 ], [ -0.287152969159931, 35.821254017484272 ], [ -0.286412753192422, 35.821254017484272 ], [ -0.286412753192422, 35.822183000751579 ], [ -0.285672537224914, 35.822183000751579 ], [ -0.285672537224914, 35.822647488308213 ], [ -0.284932321257406, 35.822647488308213 ], [ -0.284932321257406, 35.82311197314683 ], [ -0.284192105289897, 35.82311197314683 ], [ -0.284192105289897, 35.8235764552674 ], [ -0.283451889322389, 35.8235764552674 ], [ -0.283451889322389, 35.824040934669902 ], [ -0.282711673354881, 35.824040934669902 ], [ -0.282711673354881, 35.824505411354338 ], [ -0.281971457387372, 35.824505411354338 ], [ -0.281971457387372, 35.824969885320684 ], [ -0.281231241419864, 35.824969885320684 ], [ -0.281231241419864, 35.82543435656892 ], [ -0.280491025452356, 35.82543435656892 ], [ -0.280491025452356, 35.825898825099053 ], [ -0.278270377549831, 35.825898825099053 ], [ -0.278270377549831, 35.82543435656892 ], [ -0.277530161582322, 35.82543435656892 ], [ -0.277530161582322, 35.824969885320684 ], [ -0.276789945614814, 35.824969885320684 ], [ -0.276789945614814, 35.824505411354338 ], [ -0.276049729647306, 35.824505411354338 ], [ -0.276049729647306, 35.824040934669902 ] ] ], [ [ [ 1.245834299549829, 36.13463042610794 ], [ 1.246574515517338, 36.13463042610794 ], [ 1.246574515517338, 36.13370511326643 ], [ 1.247314731484846, 36.13370511326643 ], [ 1.247314731484846, 36.132779789514281 ], [ 1.248054947452355, 36.132779789514281 ], [ 1.248054947452355, 36.131854454851599 ], [ 1.248795163419863, 36.131854454851599 ], [ 1.248795163419863, 36.130929109278505 ], [ 1.249535379387371, 36.130929109278505 ], [ 1.249535379387371, 36.130003752795091 ], [ 1.25027559535488, 36.130003752795091 ], [ 1.25027559535488, 36.127690313854742 ], [ 1.249535379387371, 36.127690313854742 ], [ 1.249535379387371, 36.123988669722088 ], [ 1.248795163419863, 36.123988669722088 ], [ 1.248795163419863, 36.123063231414996 ], [ 1.248054947452355, 36.123063231414996 ], [ 1.248054947452355, 36.122137782198543 ], [ 1.247314731484846, 36.122137782198543 ], [ 1.247314731484846, 36.121212322072857 ], [ 1.246574515517338, 36.121212322072857 ], [ 1.246574515517338, 36.120286851038067 ], [ 1.245834299549829, 36.120286851038067 ], [ 1.245834299549829, 36.119361369094264 ], [ 1.245094083582321, 36.119361369094264 ], [ 1.245094083582321, 36.118898624031523 ], [ 1.239912571809763, 36.118898624031523 ], [ 1.239912571809763, 36.119361369094264 ], [ 1.239172355842254, 36.119361369094264 ], [ 1.239172355842254, 36.119824111429786 ], [ 1.238432139874746, 36.119824111429786 ], [ 1.238432139874746, 36.120286851038067 ], [ 1.237691923907238, 36.120286851038067 ], [ 1.237691923907238, 36.120749587919107 ], [ 1.236951707939729, 36.120749587919107 ], [ 1.236951707939729, 36.118898624031523 ], [ 1.236211491972221, 36.118898624031523 ], [ 1.236211491972221, 36.116122096384153 ], [ 1.234731060037205, 36.116122096384153 ], [ 1.234731060037205, 36.115659332231232 ], [ 1.232510412134679, 36.115659332231232 ], [ 1.232510412134679, 36.115196565351212 ], [ 1.228809332297138, 36.115196565351212 ], [ 1.228809332297138, 36.116122096384153 ], [ 1.22806911632963, 36.116122096384153 ], [ 1.22806911632963, 36.117047616508593 ], [ 1.227328900362121, 36.117047616508593 ], [ 1.227328900362121, 36.117510372480098 ], [ 1.226588684394613, 36.117510372480098 ], [ 1.226588684394613, 36.122600508170429 ], [ 1.227328900362121, 36.122600508170429 ], [ 1.227328900362121, 36.123063231414996 ], [ 1.22806911632963, 36.123063231414996 ], [ 1.22806911632963, 36.123988669722088 ], [ 1.228809332297138, 36.123988669722088 ], [ 1.228809332297138, 36.124451384784592 ], [ 1.229549548264646, 36.124451384784592 ], [ 1.229549548264646, 36.124914097119721 ], [ 1.232510412134679, 36.124914097119721 ], [ 1.232510412134679, 36.124451384784592 ], [ 1.233250628102188, 36.124451384784592 ], [ 1.233250628102188, 36.125376806727459 ], [ 1.232510412134679, 36.125376806727459 ], [ 1.232510412134679, 36.126302217760696 ], [ 1.231770196167171, 36.126302217760696 ], [ 1.231770196167171, 36.131854454851599 ], [ 1.232510412134679, 36.131854454851599 ], [ 1.232510412134679, 36.132779789514281 ], [ 1.233250628102188, 36.132779789514281 ], [ 1.233250628102188, 36.13370511326643 ], [ 1.233990844069696, 36.13370511326643 ], [ 1.233990844069696, 36.13463042610794 ], [ 1.234731060037205, 36.13463042610794 ], [ 1.234731060037205, 36.135555728038689 ], [ 1.235471276004713, 36.135555728038689 ], [ 1.235471276004713, 36.136481019058579 ], [ 1.236211491972221, 36.136481019058579 ], [ 1.236211491972221, 36.13740629916748 ], [ 1.237691923907238, 36.13740629916748 ], [ 1.237691923907238, 36.137868935130264 ], [ 1.242133219712288, 36.137868935130264 ], [ 1.242133219712288, 36.138331568365288 ], [ 1.243613651647304, 36.138331568365288 ], [ 1.243613651647304, 36.13740629916748 ], [ 1.244353867614813, 36.13740629916748 ], [ 1.244353867614813, 36.136481019058579 ], [ 1.245094083582321, 36.136481019058579 ], [ 1.245094083582321, 36.135555728038689 ], [ 1.245834299549829, 36.135555728038689 ], [ 1.245834299549829, 36.13463042610794 ] ] ], [ [ [ 2.93426692143634, 36.145270739546369 ], [ 2.935007137403848, 36.145270739546369 ], [ 2.935007137403848, 36.143420353912397 ], [ 2.935747353371357, 36.143420353912397 ], [ 2.935747353371357, 36.141107310491023 ], [ 2.936487569338865, 36.141107310491023 ], [ 2.936487569338865, 36.13740629916748 ], [ 2.935747353371357, 36.13740629916748 ], [ 2.935747353371357, 36.135555728038689 ], [ 2.935007137403848, 36.135555728038689 ], [ 2.935007137403848, 36.134167771051025 ], [ 2.93426692143634, 36.134167771051025 ], [ 2.93426692143634, 36.13370511326643 ], [ 2.932046273533815, 36.13370511326643 ], [ 2.932046273533815, 36.133242452754182 ], [ 2.930565841598798, 36.133242452754182 ], [ 2.930565841598798, 36.132779789514281 ], [ 2.929085409663781, 36.132779789514281 ], [ 2.929085409663781, 36.132317123546741 ], [ 2.927604977728765, 36.132317123546741 ], [ 2.927604977728765, 36.130929109278505 ], [ 2.926864761761257, 36.130929109278505 ], [ 2.926864761761257, 36.130003752795091 ], [ 2.926124545793748, 36.130003752795091 ], [ 2.926124545793748, 36.129078385401499 ], [ 2.92538432982624, 36.129078385401499 ], [ 2.92538432982624, 36.128153007097822 ], [ 2.920202818053682, 36.128153007097822 ], [ 2.920202818053682, 36.129078385401499 ], [ 2.919462602086173, 36.129078385401499 ], [ 2.919462602086173, 36.130003752795091 ], [ 2.918722386118665, 36.130003752795091 ], [ 2.918722386118665, 36.130929109278505 ], [ 2.917982170151157, 36.130929109278505 ], [ 2.917982170151157, 36.132317123546741 ], [ 2.917241954183648, 36.132317123546741 ], [ 2.917241954183648, 36.13463042610794 ], [ 2.917982170151157, 36.13463042610794 ], [ 2.917982170151157, 36.135555728038689 ], [ 2.918722386118665, 36.135555728038689 ], [ 2.918722386118665, 36.136481019058579 ], [ 2.919462602086173, 36.136481019058579 ], [ 2.919462602086173, 36.137868935130264 ], [ 2.920202818053682, 36.137868935130264 ], [ 2.920202818053682, 36.139719451703449 ], [ 2.92094303402119, 36.139719451703449 ], [ 2.92094303402119, 36.142495144727611 ], [ 2.921683249988698, 36.142495144727611 ], [ 2.921683249988698, 36.145270739546369 ], [ 2.922423465956207, 36.145270739546369 ], [ 2.922423465956207, 36.14573332913487 ], [ 2.923903897891223, 36.14573332913487 ], [ 2.923903897891223, 36.146195915995342 ], [ 2.92538432982624, 36.146195915995342 ], [ 2.92538432982624, 36.146658500127771 ], [ 2.926864761761257, 36.146658500127771 ], [ 2.926864761761257, 36.147121081532141 ], [ 2.929085409663781, 36.147121081532141 ], [ 2.929085409663781, 36.146658500127771 ], [ 2.931306057566307, 36.146658500127771 ], [ 2.931306057566307, 36.146195915995342 ], [ 2.932786489501323, 36.146195915995342 ], [ 2.932786489501323, 36.14573332913487 ], [ 2.93426692143634, 36.14573332913487 ], [ 2.93426692143634, 36.145270739546369 ] ] ], [ [ [ 3.749984917630524, 36.186430528374551 ], [ 3.751465349565541, 36.186430528374551 ], [ 3.751465349565541, 36.185968178906165 ], [ 3.753685997468065, 36.185968178906165 ], [ 3.753685997468065, 36.185043471781654 ], [ 3.754426213435575, 36.185043471781654 ], [ 3.754426213435575, 36.183656390625785 ], [ 3.755166429403083, 36.183656390625785 ], [ 3.755166429403083, 36.182269284907314 ], [ 3.755906645370591, 36.182269284907314 ], [ 3.755906645370591, 36.180419772408193 ], [ 3.756646861338099, 36.180419772408193 ], [ 3.756646861338099, 36.17903260937846 ], [ 3.755906645370591, 36.17903260937846 ], [ 3.755906645370591, 36.177645421787389 ], [ 3.755166429403083, 36.177645421787389 ], [ 3.755166429403083, 36.175795800126778 ], [ 3.754426213435575, 36.175795800126778 ], [ 3.754426213435575, 36.173946134803117 ], [ 3.753685997468065, 36.173946134803117 ], [ 3.753685997468065, 36.173021285767938 ], [ 3.752945781500558, 36.173021285767938 ], [ 3.752945781500558, 36.172558857157064 ], [ 3.751465349565541, 36.172558857157064 ], [ 3.751465349565541, 36.17209642581733 ], [ 3.750725133598033, 36.17209642581733 ], [ 3.750725133598033, 36.171633991748799 ], [ 3.749244701663016, 36.171633991748799 ], [ 3.749244701663016, 36.171171554951435 ], [ 3.748504485695508, 36.171171554951435 ], [ 3.748504485695508, 36.170709115425268 ], [ 3.747024053760491, 36.170709115425268 ], [ 3.747024053760491, 36.171171554951435 ], [ 3.746283837792983, 36.171171554951435 ], [ 3.746283837792983, 36.171633991748799 ], [ 3.745543621825474, 36.171633991748799 ], [ 3.745543621825474, 36.17209642581733 ], [ 3.744803405857966, 36.17209642581733 ], [ 3.744803405857966, 36.172558857157064 ], [ 3.744063189890458, 36.172558857157064 ], [ 3.744063189890458, 36.173021285767938 ], [ 3.743322973922949, 36.173021285767938 ], [ 3.743322973922949, 36.173483711649958 ], [ 3.742582757955441, 36.173483711649958 ], [ 3.742582757955441, 36.173946134803117 ], [ 3.741842541987933, 36.173946134803117 ], [ 3.741842541987933, 36.174408555227394 ], [ 3.741102326020424, 36.174408555227394 ], [ 3.741102326020424, 36.175333387889239 ], [ 3.740362110052916, 36.175333387889239 ], [ 3.740362110052916, 36.176258209635364 ], [ 3.739621894085408, 36.176258209635364 ], [ 3.739621894085408, 36.177183020465691 ], [ 3.738881678117899, 36.177183020465691 ], [ 3.738881678117899, 36.178107820380092 ], [ 3.738141462150391, 36.178107820380092 ], [ 3.738141462150391, 36.17903260937846 ], [ 3.737401246182882, 36.17903260937846 ], [ 3.737401246182882, 36.181344534115965 ], [ 3.738141462150391, 36.181344534115965 ], [ 3.738141462150391, 36.185505826708528 ], [ 3.738881678117899, 36.185505826708528 ], [ 3.738881678117899, 36.186892875113685 ], [ 3.739621894085408, 36.186892875113685 ], [ 3.739621894085408, 36.187355219123539 ], [ 3.741102326020424, 36.187355219123539 ], [ 3.741102326020424, 36.187817560404099 ], [ 3.741842541987933, 36.187817560404099 ], [ 3.741842541987933, 36.188279898955365 ], [ 3.744063189890458, 36.188279898955365 ], [ 3.744063189890458, 36.187817560404099 ], [ 3.745543621825474, 36.187817560404099 ], [ 3.745543621825474, 36.187355219123539 ], [ 3.747764269728, 36.187355219123539 ], [ 3.747764269728, 36.186892875113685 ], [ 3.749984917630524, 36.186892875113685 ], [ 3.749984917630524, 36.186430528374551 ] ] ], [ [ [ 3.866939040496842, 36.208620092988198 ], [ 3.869159688399366, 36.208620092988198 ], [ 3.869159688399366, 36.20815787454012 ], [ 3.870640120334383, 36.20815787454012 ], [ 3.870640120334383, 36.207695653362137 ], [ 3.871380336301891, 36.207695653362137 ], [ 3.871380336301891, 36.206308973448799 ], [ 3.872120552269399, 36.206308973448799 ], [ 3.872120552269399, 36.204922268966712 ], [ 3.872860768236908, 36.204922268966712 ], [ 3.872860768236908, 36.203073291439821 ], [ 3.872120552269399, 36.203073291439821 ], [ 3.872120552269399, 36.201686529632077 ], [ 3.871380336301891, 36.201686529632077 ], [ 3.871380336301891, 36.200299743256828 ], [ 3.870640120334383, 36.200299743256828 ], [ 3.870640120334383, 36.198450656541034 ], [ 3.869899904366874, 36.198450656541034 ], [ 3.869899904366874, 36.197063812843062 ], [ 3.869159688399366, 36.197063812843062 ], [ 3.869159688399366, 36.19613923672982 ], [ 3.868419472431857, 36.19613923672982 ], [ 3.868419472431857, 36.195676944578857 ], [ 3.866939040496842, 36.195676944578857 ], [ 3.866939040496842, 36.195214649698372 ], [ 3.866198824529333, 36.195214649698372 ], [ 3.866198824529333, 36.194752352088322 ], [ 3.864718392594316, 36.194752352088322 ], [ 3.864718392594316, 36.19429005174878 ], [ 3.863237960659299, 36.19429005174878 ], [ 3.863237960659299, 36.193827748679738 ], [ 3.862497744691792, 36.193827748679738 ], [ 3.862497744691792, 36.193365442881202 ], [ 3.859536880821758, 36.193365442881202 ], [ 3.859536880821758, 36.193827748679738 ], [ 3.85879666485425, 36.193827748679738 ], [ 3.85879666485425, 36.19429005174878 ], [ 3.857316232919233, 36.19429005174878 ], [ 3.857316232919233, 36.194752352088322 ], [ 3.856576016951724, 36.194752352088322 ], [ 3.856576016951724, 36.195214649698372 ], [ 3.855095585016708, 36.195214649698372 ], [ 3.855095585016708, 36.195676944578857 ], [ 3.8543553690492, 36.195676944578857 ], [ 3.8543553690492, 36.19613923672982 ], [ 3.853615153081691, 36.19613923672982 ], [ 3.853615153081691, 36.196601526151227 ], [ 3.852874937114183, 36.196601526151227 ], [ 3.852874937114183, 36.198450656541034 ], [ 3.852134721146674, 36.198450656541034 ], [ 3.852134721146674, 36.203073291439821 ], [ 3.852874937114183, 36.203073291439821 ], [ 3.852874937114183, 36.204922268966712 ], [ 3.853615153081691, 36.204922268966712 ], [ 3.853615153081691, 36.20584674135128 ], [ 3.8543553690492, 36.20584674135128 ], [ 3.8543553690492, 36.206771202816455 ], [ 3.855095585016708, 36.206771202816455 ], [ 3.855095585016708, 36.207695653362137 ], [ 3.855835800984216, 36.207695653362137 ], [ 3.855835800984216, 36.208620092988198 ], [ 3.856576016951724, 36.208620092988198 ], [ 3.856576016951724, 36.209082308706328 ], [ 3.857316232919233, 36.209082308706328 ], [ 3.857316232919233, 36.209544521694525 ], [ 3.858056448886741, 36.209544521694525 ], [ 3.858056448886741, 36.210006731952745 ], [ 3.859536880821758, 36.210006731952745 ], [ 3.859536880821758, 36.210468939481004 ], [ 3.861757528724283, 36.210468939481004 ], [ 3.861757528724283, 36.210006731952745 ], [ 3.863237960659299, 36.210006731952745 ], [ 3.863237960659299, 36.209544521694525 ], [ 3.865458608561824, 36.209544521694525 ], [ 3.865458608561824, 36.209082308706328 ], [ 3.866939040496842, 36.209082308706328 ], [ 3.866939040496842, 36.208620092988198 ] ] ], [ [ [ 2.935007137403848, 36.593158396411461 ], [ 2.935007137403848, 36.590398733816969 ], [ 2.935747353371357, 36.590398733816969 ], [ 2.935747353371357, 36.586259054893922 ], [ 2.935007137403848, 36.586259054893922 ], [ 2.935007137403848, 36.584419126325649 ], [ 2.93426692143634, 36.584419126325649 ], [ 2.93426692143634, 36.58257915390066 ], [ 2.933526705468831, 36.58257915390066 ], [ 2.933526705468831, 36.582119153941889 ], [ 2.932786489501323, 36.582119153941889 ], [ 2.932786489501323, 36.581659151242164 ], [ 2.92982562563129, 36.581659151242164 ], [ 2.92982562563129, 36.581199145801456 ], [ 2.926124545793748, 36.581199145801456 ], [ 2.926124545793748, 36.580739137619801 ], [ 2.923903897891223, 36.580739137619801 ], [ 2.923903897891223, 36.581199145801456 ], [ 2.923163681923715, 36.581199145801456 ], [ 2.923163681923715, 36.581659151242164 ], [ 2.922423465956207, 36.581659151242164 ], [ 2.922423465956207, 36.582119153941889 ], [ 2.921683249988698, 36.582119153941889 ], [ 2.921683249988698, 36.58257915390066 ], [ 2.92094303402119, 36.58257915390066 ], [ 2.92094303402119, 36.583039151118435 ], [ 2.920202818053682, 36.583039151118435 ], [ 2.920202818053682, 36.584879112579316 ], [ 2.919462602086173, 36.584879112579316 ], [ 2.919462602086173, 36.587179002731524 ], [ 2.918722386118665, 36.587179002731524 ], [ 2.918722386118665, 36.589478824355602 ], [ 2.919462602086173, 36.589478824355602 ], [ 2.919462602086173, 36.591318632313481 ], [ 2.920202818053682, 36.591318632313481 ], [ 2.920202818053682, 36.592238519845012 ], [ 2.92094303402119, 36.592238519845012 ], [ 2.92094303402119, 36.592698459498877 ], [ 2.923163681923715, 36.592698459498877 ], [ 2.923163681923715, 36.593158396411461 ], [ 2.924644113858732, 36.593158396411461 ], [ 2.924644113858732, 36.593618330582743 ], [ 2.926124545793748, 36.593618330582743 ], [ 2.926124545793748, 36.594078262012708 ], [ 2.928345193696273, 36.594078262012708 ], [ 2.928345193696273, 36.594538190701364 ], [ 2.92982562563129, 36.594538190701364 ], [ 2.92982562563129, 36.594998116648675 ], [ 2.931306057566307, 36.594998116648675 ], [ 2.931306057566307, 36.594538190701364 ], [ 2.932046273533815, 36.594538190701364 ], [ 2.932046273533815, 36.594078262012708 ], [ 2.933526705468831, 36.594078262012708 ], [ 2.933526705468831, 36.593618330582743 ], [ 2.93426692143634, 36.593618330582743 ], [ 2.93426692143634, 36.593158396411461 ], [ 2.935007137403848, 36.593158396411461 ] ] ], [ [ [ 3.143748040241198, 36.604196059893432 ], [ 3.143748040241198, 36.602356558972815 ], [ 3.144488256208707, 36.602356558972815 ], [ 3.144488256208707, 36.600057121136963 ], [ 3.145228472176215, 36.600057121136963 ], [ 3.145228472176215, 36.598677425537396 ], [ 3.144488256208707, 36.598677425537396 ], [ 3.144488256208707, 36.596837793024264 ], [ 3.143748040241198, 36.596837793024264 ], [ 3.143748040241198, 36.594998116648675 ], [ 3.14300782427369, 36.594998116648675 ], [ 3.14300782427369, 36.593158396411461 ], [ 3.142267608306182, 36.593158396411461 ], [ 3.142267608306182, 36.592238519845012 ], [ 3.140787176371165, 36.592238519845012 ], [ 3.140787176371165, 36.591778577449873 ], [ 3.139306744436149, 36.591778577449873 ], [ 3.139306744436149, 36.591318632313481 ], [ 3.13856652846864, 36.591318632313481 ], [ 3.13856652846864, 36.590858684435844 ], [ 3.136345880566116, 36.590858684435844 ], [ 3.136345880566116, 36.591318632313481 ], [ 3.135605664598607, 36.591318632313481 ], [ 3.135605664598607, 36.591778577449873 ], [ 3.134865448631099, 36.591778577449873 ], [ 3.134865448631099, 36.592238519845012 ], [ 3.133385016696082, 36.592238519845012 ], [ 3.133385016696082, 36.592698459498877 ], [ 3.132644800728573, 36.592698459498877 ], [ 3.132644800728573, 36.593158396411461 ], [ 3.131904584761065, 36.593158396411461 ], [ 3.131904584761065, 36.593618330582743 ], [ 3.131164368793557, 36.593618330582743 ], [ 3.131164368793557, 36.594538190701364 ], [ 3.130424152826048, 36.594538190701364 ], [ 3.130424152826048, 36.595917960319227 ], [ 3.12968393685854, 36.595917960319227 ], [ 3.12968393685854, 36.597297705264687 ], [ 3.128943720891032, 36.597297705264687 ], [ 3.128943720891032, 36.600517014187183 ], [ 3.12968393685854, 36.600517014187183 ], [ 3.12968393685854, 36.602356558972815 ], [ 3.130424152826048, 36.602356558972815 ], [ 3.130424152826048, 36.604196059893432 ], [ 3.131164368793557, 36.604196059893432 ], [ 3.131164368793557, 36.604655928269572 ], [ 3.131904584761065, 36.604655928269572 ], [ 3.131904584761065, 36.605115793904091 ], [ 3.132644800728573, 36.605115793904091 ], [ 3.132644800728573, 36.605575656796958 ], [ 3.13412523266359, 36.605575656796958 ], [ 3.13412523266359, 36.606035516948175 ], [ 3.135605664598607, 36.606035516948175 ], [ 3.135605664598607, 36.606495374357721 ], [ 3.137086096533624, 36.606495374357721 ], [ 3.137086096533624, 36.606035516948175 ], [ 3.139306744436149, 36.606035516948175 ], [ 3.139306744436149, 36.605575656796958 ], [ 3.140787176371165, 36.605575656796958 ], [ 3.140787176371165, 36.605115793904091 ], [ 3.14300782427369, 36.605115793904091 ], [ 3.14300782427369, 36.604196059893432 ], [ 3.143748040241198, 36.604196059893432 ] ] ], [ [ [ 2.891334395320857, 36.608794620279923 ], [ 2.891334395320857, 36.606035516948175 ], [ 2.890594179353348, 36.606035516948175 ], [ 2.890594179353348, 36.604655928269572 ], [ 2.891334395320857, 36.604655928269572 ], [ 2.891334395320857, 36.605115793904091 ], [ 2.892814827255873, 36.605115793904091 ], [ 2.892814827255873, 36.605575656796958 ], [ 2.893555043223381, 36.605575656796958 ], [ 2.893555043223381, 36.606035516948175 ], [ 2.895035475158398, 36.606035516948175 ], [ 2.895035475158398, 36.605575656796958 ], [ 2.895775691125907, 36.605575656796958 ], [ 2.895775691125907, 36.605115793904091 ], [ 2.896515907093415, 36.605115793904091 ], [ 2.896515907093415, 36.604655928269572 ], [ 2.897256123060923, 36.604655928269572 ], [ 2.897256123060923, 36.604196059893432 ], [ 2.897996339028431, 36.604196059893432 ], [ 2.897996339028431, 36.603736188775677 ], [ 2.89873655499594, 36.603736188775677 ], [ 2.89873655499594, 36.603276314916315 ], [ 2.899476770963448, 36.603276314916315 ], [ 2.899476770963448, 36.602816438315351 ], [ 2.900216986930956, 36.602816438315351 ], [ 2.900216986930956, 36.602356558972815 ], [ 2.901697418865973, 36.602356558972815 ], [ 2.901697418865973, 36.601896676888721 ], [ 2.902437634833482, 36.601896676888721 ], [ 2.902437634833482, 36.600057121136963 ], [ 2.90317785080099, 36.600057121136963 ], [ 2.90317785080099, 36.598217521521264 ], [ 2.903918066768498, 36.598217521521264 ], [ 2.903918066768498, 36.597757614763687 ], [ 2.90317785080099, 36.597757614763687 ], [ 2.90317785080099, 36.596377878042439 ], [ 2.902437634833482, 36.596377878042439 ], [ 2.902437634833482, 36.595458039854627 ], [ 2.901697418865973, 36.595458039854627 ], [ 2.901697418865973, 36.594078262012708 ], [ 2.900957202898465, 36.594078262012708 ], [ 2.900957202898465, 36.593158396411461 ], [ 2.900216986930956, 36.593158396411461 ], [ 2.900216986930956, 36.592698459498877 ], [ 2.899476770963448, 36.592698459498877 ], [ 2.899476770963448, 36.593158396411461 ], [ 2.896515907093415, 36.593158396411461 ], [ 2.896515907093415, 36.593618330582743 ], [ 2.89429525919089, 36.593618330582743 ], [ 2.89429525919089, 36.594078262012708 ], [ 2.891334395320857, 36.594078262012708 ], [ 2.891334395320857, 36.594538190701364 ], [ 2.889113747418332, 36.594538190701364 ], [ 2.889113747418332, 36.596377878042439 ], [ 2.888373531450823, 36.596377878042439 ], [ 2.888373531450823, 36.598217521521264 ], [ 2.887633315483315, 36.598217521521264 ], [ 2.887633315483315, 36.598677425537396 ], [ 2.888373531450823, 36.598677425537396 ], [ 2.888373531450823, 36.600976904495894 ], [ 2.889113747418332, 36.600976904495894 ], [ 2.889113747418332, 36.601896676888721 ], [ 2.887633315483315, 36.601896676888721 ], [ 2.887633315483315, 36.601436792063076 ], [ 2.886893099515807, 36.601436792063076 ], [ 2.886893099515807, 36.600976904495894 ], [ 2.88541266758079, 36.600976904495894 ], [ 2.88541266758079, 36.599597225345263 ], [ 2.886152883548299, 36.599597225345263 ], [ 2.886152883548299, 36.598677425537396 ], [ 2.886893099515807, 36.598677425537396 ], [ 2.886893099515807, 36.597757614763687 ], [ 2.887633315483315, 36.597757614763687 ], [ 2.887633315483315, 36.596377878042439 ], [ 2.886893099515807, 36.596377878042439 ], [ 2.886893099515807, 36.594538190701364 ], [ 2.886152883548299, 36.594538190701364 ], [ 2.886152883548299, 36.592698459498877 ], [ 2.88541266758079, 36.592698459498877 ], [ 2.88541266758079, 36.592238519845012 ], [ 2.884672451613281, 36.592238519845012 ], [ 2.884672451613281, 36.591318632313481 ], [ 2.883932235645773, 36.591318632313481 ], [ 2.883932235645773, 36.590858684435844 ], [ 2.883192019678265, 36.590858684435844 ], [ 2.883192019678265, 36.58993878045689 ], [ 2.882451803710757, 36.58993878045689 ], [ 2.882451803710757, 36.589478824355602 ], [ 2.881711587743248, 36.589478824355602 ], [ 2.881711587743248, 36.589018865513104 ], [ 2.88097137177574, 36.589018865513104 ], [ 2.88097137177574, 36.588558903929453 ], [ 2.879490939840723, 36.588558903929453 ], [ 2.879490939840723, 36.589018865513104 ], [ 2.875789860003182, 36.589018865513104 ], [ 2.875789860003182, 36.589478824355602 ], [ 2.873569212100656, 36.589478824355602 ], [ 2.873569212100656, 36.58993878045689 ], [ 2.872828996133148, 36.58993878045689 ], [ 2.872828996133148, 36.590858684435844 ], [ 2.87208878016564, 36.590858684435844 ], [ 2.87208878016564, 36.591778577449873 ], [ 2.871348564198132, 36.591778577449873 ], [ 2.871348564198132, 36.592238519845012 ], [ 2.870608348230624, 36.592238519845012 ], [ 2.870608348230624, 36.593158396411461 ], [ 2.869868132263115, 36.593158396411461 ], [ 2.869868132263115, 36.594078262012708 ], [ 2.869127916295606, 36.594078262012708 ], [ 2.869127916295606, 36.594998116648675 ], [ 2.868387700328098, 36.594998116648675 ], [ 2.868387700328098, 36.598217521521264 ], [ 2.86764748436059, 36.598217521521264 ], [ 2.86764748436059, 36.601896676888721 ], [ 2.868387700328098, 36.601896676888721 ], [ 2.868387700328098, 36.602816438315351 ], [ 2.869127916295606, 36.602816438315351 ], [ 2.869127916295606, 36.603736188775677 ], [ 2.869868132263115, 36.603736188775677 ], [ 2.869868132263115, 36.604655928269572 ], [ 2.870608348230624, 36.604655928269572 ], [ 2.870608348230624, 36.605575656796958 ], [ 2.871348564198132, 36.605575656796958 ], [ 2.871348564198132, 36.606035516948175 ], [ 2.878010507905707, 36.606035516948175 ], [ 2.878010507905707, 36.605575656796958 ], [ 2.878750723873215, 36.605575656796958 ], [ 2.878750723873215, 36.605115793904091 ], [ 2.880231155808231, 36.605115793904091 ], [ 2.880231155808231, 36.604655928269572 ], [ 2.88097137177574, 36.604655928269572 ], [ 2.88097137177574, 36.609254461239168 ], [ 2.881711587743248, 36.609254461239168 ], [ 2.881711587743248, 36.609714299456655 ], [ 2.882451803710757, 36.609714299456655 ], [ 2.882451803710757, 36.610633967666281 ], [ 2.883192019678265, 36.610633967666281 ], [ 2.883192019678265, 36.611553624908673 ], [ 2.888373531450823, 36.611553624908673 ], [ 2.888373531450823, 36.611093797658391 ], [ 2.889113747418332, 36.611093797658391 ], [ 2.889113747418332, 36.610633967666281 ], [ 2.88985396338584, 36.610633967666281 ], [ 2.88985396338584, 36.609714299456655 ], [ 2.890594179353348, 36.609714299456655 ], [ 2.890594179353348, 36.608794620279923 ], [ 2.891334395320857, 36.608794620279923 ] ], [ [ 2.88541266758079, 36.601436792063076 ], [ 2.884672451613281, 36.601436792063076 ], [ 2.884672451613281, 36.600976904495894 ], [ 2.88541266758079, 36.600976904495894 ], [ 2.88541266758079, 36.601436792063076 ] ], [ [ 2.88097137177574, 36.604196059893432 ], [ 2.881711587743248, 36.604196059893432 ], [ 2.881711587743248, 36.604655928269572 ], [ 2.88097137177574, 36.604655928269572 ], [ 2.88097137177574, 36.604196059893432 ] ] ], [ [ [ 3.126723072988507, 36.687387561947112 ], [ 3.128203504923524, 36.687387561947112 ], [ 3.128203504923524, 36.68692818727758 ], [ 3.128943720891032, 36.68692818727758 ], [ 3.128943720891032, 36.686468809864046 ], [ 3.12968393685854, 36.686468809864046 ], [ 3.12968393685854, 36.685550046805048 ], [ 3.130424152826048, 36.685550046805048 ], [ 3.130424152826048, 36.684631272770233 ], [ 3.131164368793557, 36.684631272770233 ], [ 3.131164368793557, 36.683712487759699 ], [ 3.131904584761065, 36.683712487759699 ], [ 3.131904584761065, 36.677740117665422 ], [ 3.132644800728573, 36.677740117665422 ], [ 3.132644800728573, 36.675442928775055 ], [ 3.131904584761065, 36.675442928775055 ], [ 3.131904584761065, 36.674983482765938 ], [ 3.131164368793557, 36.674983482765938 ], [ 3.131164368793557, 36.674064582516735 ], [ 3.130424152826048, 36.674064582516735 ], [ 3.130424152826048, 36.673605128276698 ], [ 3.12968393685854, 36.673605128276698 ], [ 3.12968393685854, 36.672686211565782 ], [ 3.121541561215949, 36.672686211565782 ], [ 3.121541561215949, 36.672226749094932 ], [ 3.120801345248441, 36.672226749094932 ], [ 3.120801345248441, 36.672686211565782 ], [ 3.119320913313424, 36.672686211565782 ], [ 3.119320913313424, 36.673145671293035 ], [ 3.117840481378407, 36.673145671293035 ], [ 3.117840481378407, 36.673605128276698 ], [ 3.117100265410898, 36.673605128276698 ], [ 3.117100265410898, 36.674064582516735 ], [ 3.115619833475882, 36.674064582516735 ], [ 3.115619833475882, 36.67452403401316 ], [ 3.114879617508374, 36.67452403401316 ], [ 3.114879617508374, 36.674983482765938 ], [ 3.113399185573357, 36.674983482765938 ], [ 3.113399185573357, 36.675442928775055 ], [ 3.112658969605848, 36.675442928775055 ], [ 3.112658969605848, 36.675902372040525 ], [ 3.111178537670832, 36.675902372040525 ], [ 3.111178537670832, 36.677280685374775 ], [ 3.110438321703324, 36.677280685374775 ], [ 3.110438321703324, 36.679118398074984 ], [ 3.109698105735816, 36.679118398074984 ], [ 3.109698105735816, 36.684631272770233 ], [ 3.110438321703324, 36.684631272770233 ], [ 3.110438321703324, 36.68692818727758 ], [ 3.111178537670832, 36.68692818727758 ], [ 3.111178537670832, 36.687387561947112 ], [ 3.11191875363834, 36.687387561947112 ], [ 3.11191875363834, 36.688306303054155 ], [ 3.112658969605848, 36.688306303054155 ], [ 3.112658969605848, 36.688765669491623 ], [ 3.113399185573357, 36.688765669491623 ], [ 3.113399185573357, 36.689225033185046 ], [ 3.117100265410898, 36.689225033185046 ], [ 3.117100265410898, 36.688765669491623 ], [ 3.12524264105349, 36.688765669491623 ], [ 3.12524264105349, 36.688306303054155 ], [ 3.125982857020999, 36.688306303054155 ], [ 3.125982857020999, 36.687846933872635 ], [ 3.126723072988507, 36.687846933872635 ], [ 3.126723072988507, 36.687387561947112 ] ] ], [ [ [ 4.505745420456534, 36.749836948331236 ], [ 4.505745420456534, 36.748918942857074 ], [ 4.506485636424041, 36.748918942857074 ], [ 4.506485636424041, 36.743869716429998 ], [ 4.50722585239155, 36.743869716429998 ], [ 4.50722585239155, 36.742951639567913 ], [ 4.507966068359059, 36.742951639567913 ], [ 4.507966068359059, 36.742492597018455 ], [ 4.508706284326567, 36.742492597018455 ], [ 4.508706284326567, 36.742033551723452 ], [ 4.509446500294075, 36.742033551723452 ], [ 4.509446500294075, 36.741574503682855 ], [ 4.510186716261583, 36.741574503682855 ], [ 4.510186716261583, 36.741115452896715 ], [ 4.510926932229093, 36.741115452896715 ], [ 4.510926932229093, 36.735147542837545 ], [ 4.510186716261583, 36.735147542837545 ], [ 4.510186716261583, 36.733770266933959 ], [ 4.509446500294075, 36.733770266933959 ], [ 4.509446500294075, 36.732392966322408 ], [ 4.508706284326567, 36.732392966322408 ], [ 4.508706284326567, 36.731933860627962 ], [ 4.507966068359059, 36.731933860627962 ], [ 4.507966068359059, 36.731474752188234 ], [ 4.50722585239155, 36.731474752188234 ], [ 4.50722585239155, 36.731015641003239 ], [ 4.506485636424041, 36.731015641003239 ], [ 4.506485636424041, 36.730556527072991 ], [ 4.502044340618992, 36.730556527072991 ], [ 4.502044340618992, 36.731015641003239 ], [ 4.501304124651484, 36.731015641003239 ], [ 4.501304124651484, 36.729638290976787 ], [ 4.500563908683975, 36.729638290976787 ], [ 4.500563908683975, 36.726424378166556 ], [ 4.499823692716467, 36.726424378166556 ], [ 4.499823692716467, 36.725965236784504 ], [ 4.499083476748958, 36.725965236784504 ], [ 4.499083476748958, 36.725506092657341 ], [ 4.49834326078145, 36.725506092657341 ], [ 4.49834326078145, 36.725046945785088 ], [ 4.496862828846433, 36.725046945785088 ], [ 4.496862828846433, 36.724587796167739 ], [ 4.495382396911417, 36.724587796167739 ], [ 4.495382396911417, 36.725046945785088 ], [ 4.494642180943909, 36.725046945785088 ], [ 4.494642180943909, 36.725506092657341 ], [ 4.4939019649764, 36.725506092657341 ], [ 4.4939019649764, 36.725965236784504 ], [ 4.493161749008892, 36.725965236784504 ], [ 4.493161749008892, 36.726424378166556 ], [ 4.492421533041384, 36.726424378166556 ], [ 4.492421533041384, 36.726883516803483 ], [ 4.491681317073875, 36.726883516803483 ], [ 4.491681317073875, 36.727342652695285 ], [ 4.490941101106367, 36.727342652695285 ], [ 4.490941101106367, 36.731933860627962 ], [ 4.491681317073875, 36.731933860627962 ], [ 4.491681317073875, 36.733311169475435 ], [ 4.490941101106367, 36.733311169475435 ], [ 4.490941101106367, 36.734229361647174 ], [ 4.490200885138858, 36.734229361647174 ], [ 4.490200885138858, 36.735147542837545 ], [ 4.48946066917135, 36.735147542837545 ], [ 4.48946066917135, 36.736524794032796 ], [ 4.488720453203842, 36.736524794032796 ], [ 4.488720453203842, 36.737442947769267 ], [ 4.487980237236333, 36.737442947769267 ], [ 4.487980237236333, 36.738361090524002 ], [ 4.487240021268826, 36.738361090524002 ], [ 4.487240021268826, 36.743410679371763 ], [ 4.487980237236333, 36.743410679371763 ], [ 4.487980237236333, 36.744328750742632 ], [ 4.488720453203842, 36.744328750742632 ], [ 4.488720453203842, 36.745705837206678 ], [ 4.48946066917135, 36.745705837206678 ], [ 4.48946066917135, 36.746623881121046 ], [ 4.490200885138858, 36.746623881121046 ], [ 4.490200885138858, 36.748000926399854 ], [ 4.490941101106367, 36.748000926399854 ], [ 4.490941101106367, 36.748918942857074 ], [ 4.491681317073875, 36.748918942857074 ], [ 4.491681317073875, 36.749836948331236 ], [ 4.492421533041384, 36.749836948331236 ], [ 4.492421533041384, 36.750295946949642 ], [ 4.4939019649764, 36.750295946949642 ], [ 4.4939019649764, 36.750754942822262 ], [ 4.494642180943909, 36.750754942822262 ], [ 4.494642180943909, 36.75121393594906 ], [ 4.495382396911417, 36.75121393594906 ], [ 4.495382396911417, 36.751672926330023 ], [ 4.496862828846433, 36.751672926330023 ], [ 4.496862828846433, 36.752131913965158 ], [ 4.502044340618992, 36.752131913965158 ], [ 4.502044340618992, 36.751672926330023 ], [ 4.503524772554009, 36.751672926330023 ], [ 4.503524772554009, 36.75121393594906 ], [ 4.504264988521517, 36.75121393594906 ], [ 4.504264988521517, 36.750754942822262 ], [ 4.505005204489025, 36.750754942822262 ], [ 4.505005204489025, 36.749836948331236 ], [ 4.505745420456534, 36.749836948331236 ] ] ], [ [ [ 3.088972058645582, 36.750295946949642 ], [ 3.089712274613091, 36.750295946949642 ], [ 3.089712274613091, 36.748000926399854 ], [ 3.088972058645582, 36.748000926399854 ], [ 3.088972058645582, 36.746623881121046 ], [ 3.088231842678073, 36.746623881121046 ], [ 3.088231842678073, 36.745705837206678 ], [ 3.087491626710565, 36.745705837206678 ], [ 3.087491626710565, 36.744328750742632 ], [ 3.086751410743056, 36.744328750742632 ], [ 3.086751410743056, 36.743410679371763 ], [ 3.086011194775548, 36.743410679371763 ], [ 3.086011194775548, 36.742951639567913 ], [ 3.08527097880804, 36.742951639567913 ], [ 3.08527097880804, 36.742492597018455 ], [ 3.084530762840532, 36.742492597018455 ], [ 3.084530762840532, 36.742033551723452 ], [ 3.083050330905515, 36.742033551723452 ], [ 3.083050330905515, 36.741574503682855 ], [ 3.08082968300299, 36.741574503682855 ], [ 3.08082968300299, 36.742033551723452 ], [ 3.079349251067974, 36.742033551723452 ], [ 3.079349251067974, 36.742492597018455 ], [ 3.077868819132957, 36.742492597018455 ], [ 3.077868819132957, 36.742951639567913 ], [ 3.07638838719794, 36.742951639567913 ], [ 3.07638838719794, 36.743410679371763 ], [ 3.075648171230431, 36.743410679371763 ], [ 3.075648171230431, 36.744328750742632 ], [ 3.074907955262923, 36.744328750742632 ], [ 3.074907955262923, 36.745705837206678 ], [ 3.074167739295415, 36.745705837206678 ], [ 3.074167739295415, 36.74708289895969 ], [ 3.073427523327906, 36.74708289895969 ], [ 3.073427523327906, 36.748000926399854 ], [ 3.072687307360398, 36.748000926399854 ], [ 3.072687307360398, 36.749377946967037 ], [ 3.073427523327906, 36.749377946967037 ], [ 3.073427523327906, 36.750754942822262 ], [ 3.074167739295415, 36.750754942822262 ], [ 3.074167739295415, 36.752590898854436 ], [ 3.075648171230431, 36.752590898854436 ], [ 3.075648171230431, 36.753049880997843 ], [ 3.07638838719794, 36.753049880997843 ], [ 3.07638838719794, 36.753508860395392 ], [ 3.077868819132957, 36.753508860395392 ], [ 3.077868819132957, 36.753967837047014 ], [ 3.079349251067974, 36.753967837047014 ], [ 3.079349251067974, 36.754426810952772 ], [ 3.08082968300299, 36.754426810952772 ], [ 3.08082968300299, 36.754885782112567 ], [ 3.082310114938007, 36.754885782112567 ], [ 3.082310114938007, 36.755344750526469 ], [ 3.083050330905515, 36.755344750526469 ], [ 3.083050330905515, 36.755803716194414 ], [ 3.08527097880804, 36.755803716194414 ], [ 3.08527097880804, 36.755344750526469 ], [ 3.086751410743056, 36.755344750526469 ], [ 3.086751410743056, 36.754885782112567 ], [ 3.087491626710565, 36.754885782112567 ], [ 3.087491626710565, 36.754426810952772 ], [ 3.088231842678073, 36.754426810952772 ], [ 3.088231842678073, 36.753967837047014 ], [ 3.088972058645582, 36.753967837047014 ], [ 3.088972058645582, 36.750295946949642 ] ] ], [ [ [ -0.911895245736965, 37.577932681215501 ], [ -0.910414813801948, 37.577932681215501 ], [ -0.910414813801948, 37.577478681364632 ], [ -0.908934381866931, 37.577478681364632 ], [ -0.908934381866931, 37.577024678745616 ], [ -0.907453949931915, 37.577024678745616 ], [ -0.907453949931915, 37.576570673358482 ], [ -0.906713733964406, 37.576570673358482 ], [ -0.906713733964406, 37.57566265427986 ], [ -0.905973517996898, 37.57566265427986 ], [ -0.905973517996898, 37.5747546241289 ], [ -0.90523330202939, 37.5747546241289 ], [ -0.90523330202939, 37.57430060490131 ], [ -0.904493086061882, 37.57430060490131 ], [ -0.904493086061882, 37.569760260384321 ], [ -0.90523330202939, 37.569760260384321 ], [ -0.90523330202939, 37.568852158265301 ], [ -0.905973517996898, 37.568852158265301 ], [ -0.905973517996898, 37.567489984327416 ], [ -0.906713733964406, 37.567489984327416 ], [ -0.906713733964406, 37.56658185452941 ], [ -0.907453949931915, 37.56658185452941 ], [ -0.907453949931915, 37.565673713659976 ], [ -0.908194165899423, 37.565673713659976 ], [ -0.908194165899423, 37.564765561719206 ], [ -0.908934381866931, 37.564765561719206 ], [ -0.908934381866931, 37.564311481597102 ], [ -0.90967459783444, 37.564311481597102 ], [ -0.90967459783444, 37.563857398707192 ], [ -0.910414813801948, 37.563857398707192 ], [ -0.910414813801948, 37.563403313049498 ], [ -0.911155029769457, 37.563403313049498 ], [ -0.911155029769457, 37.562949224624035 ], [ -0.911895245736965, 37.562949224624035 ], [ -0.911895245736965, 37.562495133430801 ], [ -0.916336541542015, 37.562495133430801 ], [ -0.916336541542015, 37.562041039469818 ], [ -0.919297405412048, 37.562041039469818 ], [ -0.919297405412048, 37.562495133430801 ], [ -0.920777837347065, 37.562495133430801 ], [ -0.920777837347065, 37.562949224624035 ], [ -0.921518053314573, 37.562949224624035 ], [ -0.921518053314573, 37.563403313049498 ], [ -0.922258269282082, 37.563403313049498 ], [ -0.922258269282082, 37.563857398707192 ], [ -0.92299848524959, 37.563857398707192 ], [ -0.92299848524959, 37.564311481597102 ], [ -0.923738701217098, 37.564311481597102 ], [ -0.923738701217098, 37.564765561719206 ], [ -0.924478917184607, 37.564765561719206 ], [ -0.924478917184607, 37.565219639073504 ], [ -0.925219133152115, 37.565219639073504 ], [ -0.925219133152115, 37.565673713659976 ], [ -0.925959349119623, 37.565673713659976 ], [ -0.925959349119623, 37.56658185452941 ], [ -0.926699565087131, 37.56658185452941 ], [ -0.926699565087131, 37.567489984327416 ], [ -0.92743978105464, 37.567489984327416 ], [ -0.92743978105464, 37.568852158265301 ], [ -0.928179997022148, 37.568852158265301 ], [ -0.928179997022148, 37.570214307291934 ], [ -0.928920212989657, 37.570214307291934 ], [ -0.928920212989657, 37.571122392803304 ], [ -0.929660428957165, 37.571122392803304 ], [ -0.929660428957165, 37.576570673358482 ], [ -0.928920212989657, 37.576570673358482 ], [ -0.928920212989657, 37.577478681364632 ], [ -0.928179997022148, 37.577478681364632 ], [ -0.928179997022148, 37.577932681215501 ], [ -0.92743978105464, 37.577932681215501 ], [ -0.92743978105464, 37.57884067261282 ], [ -0.926699565087131, 37.57884067261282 ], [ -0.926699565087131, 37.579294664159207 ], [ -0.925219133152115, 37.579294664159207 ], [ -0.925219133152115, 37.57884067261282 ], [ -0.913375677671982, 37.57884067261282 ], [ -0.913375677671982, 37.578386678298244 ], [ -0.911895245736965, 37.578386678298244 ], [ -0.911895245736965, 37.577932681215501 ] ] ], [ [ [ -0.244220443044447, 39.670383728522836 ], [ -0.244220443044447, 39.669942786756799 ], [ -0.243480227076939, 39.669942786756799 ], [ -0.243480227076939, 39.669501842176466 ], [ -0.242740011109431, 39.669501842176466 ], [ -0.242740011109431, 39.66906089478185 ], [ -0.241999795141922, 39.66906089478185 ], [ -0.241999795141922, 39.668619944572953 ], [ -0.241259579174414, 39.668619944572953 ], [ -0.241259579174414, 39.667738035712318 ], [ -0.240519363206906, 39.667738035712318 ], [ -0.240519363206906, 39.665974184220062 ], [ -0.239779147239397, 39.665974184220062 ], [ -0.239779147239397, 39.662887335761269 ], [ -0.240519363206906, 39.662887335761269 ], [ -0.240519363206906, 39.661123360444378 ], [ -0.241259579174414, 39.661123360444378 ], [ -0.241259579174414, 39.659359340101325 ], [ -0.241999795141922, 39.659359340101325 ], [ -0.241999795141922, 39.658036295295943 ], [ -0.242740011109431, 39.658036295295943 ], [ -0.242740011109431, 39.65759527473265 ], [ -0.244220443044447, 39.65759527473265 ], [ -0.244220443044447, 39.65715425135528 ], [ -0.246441090946972, 39.65715425135528 ], [ -0.246441090946972, 39.656713225163855 ], [ -0.247921522881989, 39.656713225163855 ], [ -0.247921522881989, 39.656272196158376 ], [ -0.250882386752022, 39.656272196158376 ], [ -0.250882386752022, 39.656713225163855 ], [ -0.251622602719531, 39.656713225163855 ], [ -0.251622602719531, 39.65715425135528 ], [ -0.252362818687039, 39.65715425135528 ], [ -0.252362818687039, 39.65759527473265 ], [ -0.253843250622056, 39.65759527473265 ], [ -0.253843250622056, 39.658918327980295 ], [ -0.254583466589564, 39.658918327980295 ], [ -0.254583466589564, 39.660682359579802 ], [ -0.255323682557072, 39.660682359579802 ], [ -0.255323682557072, 39.662887335761269 ], [ -0.254583466589564, 39.662887335761269 ], [ -0.254583466589564, 39.664651266051479 ], [ -0.253843250622056, 39.664651266051479 ], [ -0.253843250622056, 39.666856115594676 ], [ -0.253103034654547, 39.666856115594676 ], [ -0.253103034654547, 39.668178991549773 ], [ -0.252362818687039, 39.668178991549773 ], [ -0.252362818687039, 39.668619944572953 ], [ -0.251622602719531, 39.668619944572953 ], [ -0.251622602719531, 39.66906089478185 ], [ -0.250882386752022, 39.66906089478185 ], [ -0.250882386752022, 39.669501842176466 ], [ -0.250142170784514, 39.669501842176466 ], [ -0.250142170784514, 39.669942786756799 ], [ -0.249401954817006, 39.669942786756799 ], [ -0.249401954817006, 39.670383728522836 ], [ -0.248661738849497, 39.670383728522836 ], [ -0.248661738849497, 39.670824667474562 ], [ -0.247921522881989, 39.670824667474562 ], [ -0.247921522881989, 39.671265603611971 ], [ -0.245700874979464, 39.671265603611971 ], [ -0.245700874979464, 39.670824667474562 ], [ -0.244960659011956, 39.670824667474562 ], [ -0.244960659011956, 39.670383728522836 ], [ -0.244220443044447, 39.670383728522836 ] ] ], [ [ [ 1.666276969094563, 41.319116189662658 ], [ 1.666276969094563, 41.318255711557249 ], [ 1.667017185062072, 41.318255711557249 ], [ 1.667017185062072, 41.317825468244379 ], [ 1.66775740102958, 41.317825468244379 ], [ 1.66775740102958, 41.316964973098372 ], [ 1.668497616997088, 41.316964973098372 ], [ 1.668497616997088, 41.316534721265214 ], [ 1.669237832964597, 41.316534721265214 ], [ 1.669237832964597, 41.315674209078693 ], [ 1.669978048932105, 41.315674209078693 ], [ 1.669978048932105, 41.315243948725325 ], [ 1.670718264899614, 41.315243948725325 ], [ 1.670718264899614, 41.310941188988927 ], [ 1.669978048932105, 41.310941188988927 ], [ 1.669978048932105, 41.310080602961357 ], [ 1.669237832964597, 41.310080602961357 ], [ 1.669237832964597, 41.309220005573778 ], [ 1.668497616997088, 41.309220005573778 ], [ 1.668497616997088, 41.308359396826262 ], [ 1.66775740102958, 41.308359396826262 ], [ 1.66775740102958, 41.30749877671883 ], [ 1.667017185062072, 41.30749877671883 ], [ 1.667017185062072, 41.307068462405169 ], [ 1.666276969094563, 41.307068462405169 ], [ 1.666276969094563, 41.306638145251547 ], [ 1.658134593451972, 41.306638145251547 ], [ 1.658134593451972, 41.307068462405169 ], [ 1.657394377484463, 41.307068462405169 ], [ 1.657394377484463, 41.307929088192537 ], [ 1.656654161516955, 41.307929088192537 ], [ 1.656654161516955, 41.308789702620011 ], [ 1.655913945549446, 41.308789702620011 ], [ 1.655913945549446, 41.309220005573778 ], [ 1.655173729581938, 41.309220005573778 ], [ 1.655173729581938, 41.314813685531881 ], [ 1.655913945549446, 41.314813685531881 ], [ 1.655913945549446, 41.315674209078693 ], [ 1.656654161516955, 41.315674209078693 ], [ 1.656654161516955, 41.316534721265214 ], [ 1.657394377484463, 41.316534721265214 ], [ 1.657394377484463, 41.317395222091427 ], [ 1.658134593451972, 41.317395222091427 ], [ 1.658134593451972, 41.318255711557249 ], [ 1.65887480941948, 41.318255711557249 ], [ 1.65887480941948, 41.318685952030009 ], [ 1.659615025386988, 41.318685952030009 ], [ 1.659615025386988, 41.319546424455204 ], [ 1.660355241354497, 41.319546424455204 ], [ 1.660355241354497, 41.319976656407619 ], [ 1.664796537159547, 41.319976656407619 ], [ 1.664796537159547, 41.319546424455204 ], [ 1.665536753127055, 41.319546424455204 ], [ 1.665536753127055, 41.319116189662658 ], [ 1.666276969094563, 41.319116189662658 ] ] ], [ [ [ 0.453062998348404, 42.462356187696031 ], [ 0.453803214315912, 42.462356187696031 ], [ 0.453803214315912, 42.46193358206019 ], [ 0.45454343028342, 42.46193358206019 ], [ 0.45454343028342, 42.461510973571876 ], [ 0.455283646250928, 42.461510973571876 ], [ 0.455283646250928, 42.46108836223106 ], [ 0.456023862218437, 42.46108836223106 ], [ 0.456023862218437, 42.459820511093746 ], [ 0.455283646250928, 42.459820511093746 ], [ 0.455283646250928, 42.455171503950794 ], [ 0.45454343028342, 42.455171503950794 ], [ 0.45454343028342, 42.45136751411497 ], [ 0.453803214315912, 42.45136751411497 ], [ 0.453803214315912, 42.450099466159784 ], [ 0.453062998348404, 42.450099466159784 ], [ 0.453062998348404, 42.448831392533123 ], [ 0.452322782380895, 42.448831392533123 ], [ 0.452322782380895, 42.447985995853479 ], [ 0.451582566413387, 42.447985995853479 ], [ 0.451582566413387, 42.44671787944128 ], [ 0.450842350445879, 42.44671787944128 ], [ 0.450842350445879, 42.445449737357904 ], [ 0.45010213447837, 42.445449737357904 ], [ 0.45010213447837, 42.444604295040591 ], [ 0.449361918510862, 42.444604295040591 ], [ 0.449361918510862, 42.443336110172119 ], [ 0.446401054640829, 42.443336110172119 ], [ 0.446401054640829, 42.443758841313951 ], [ 0.444920622705812, 42.443758841313951 ], [ 0.444920622705812, 42.44418156960343 ], [ 0.442699974803287, 42.44418156960343 ], [ 0.442699974803287, 42.444604295040591 ], [ 0.44121954286827, 42.444604295040591 ], [ 0.44121954286827, 42.445027017625421 ], [ 0.439739110933254, 42.445027017625421 ], [ 0.439739110933254, 42.445449737357904 ], [ 0.438258678998237, 42.445449737357904 ], [ 0.438258678998237, 42.445872454238042 ], [ 0.430116303355645, 42.445872454238042 ], [ 0.430116303355645, 42.44671787944128 ], [ 0.429376087388137, 42.44671787944128 ], [ 0.429376087388137, 42.44714058776438 ], [ 0.428635871420629, 42.44714058776438 ], [ 0.428635871420629, 42.447563293235106 ], [ 0.42789565545312, 42.447563293235106 ], [ 0.42789565545312, 42.447985995853479 ], [ 0.427155439485612, 42.447985995853479 ], [ 0.427155439485612, 42.448408695619484 ], [ 0.426415223518103, 42.448408695619484 ], [ 0.426415223518103, 42.448831392533123 ], [ 0.425675007550595, 42.448831392533123 ], [ 0.425675007550595, 42.449254086594394 ], [ 0.424934791583087, 42.449254086594394 ], [ 0.424934791583087, 42.449676777803276 ], [ 0.424194575615579, 42.449676777803276 ], [ 0.424194575615579, 42.450099466159784 ], [ 0.42345435964807, 42.450099466159784 ], [ 0.42345435964807, 42.450522151663897 ], [ 0.422714143680562, 42.450522151663897 ], [ 0.422714143680562, 42.450944834315635 ], [ 0.421973927713053, 42.450944834315635 ], [ 0.421973927713053, 42.45136751411497 ], [ 0.421233711745545, 42.45136751411497 ], [ 0.421233711745545, 42.451790191061924 ], [ 0.420493495778037, 42.451790191061924 ], [ 0.420493495778037, 42.458130002976084 ], [ 0.421233711745545, 42.458130002976084 ], [ 0.421233711745545, 42.460243130991991 ], [ 0.421973927713053, 42.460243130991991 ], [ 0.421973927713053, 42.46108836223106 ], [ 0.422714143680562, 42.46108836223106 ], [ 0.422714143680562, 42.461510973571876 ], [ 0.42345435964807, 42.461510973571876 ], [ 0.42345435964807, 42.462356187696031 ], [ 0.429376087388137, 42.462356187696031 ], [ 0.429376087388137, 42.461510973571876 ], [ 0.430116303355645, 42.461510973571876 ], [ 0.430116303355645, 42.460665748037762 ], [ 0.430856519323154, 42.460665748037762 ], [ 0.430856519323154, 42.459820511093746 ], [ 0.433077167225678, 42.459820511093746 ], [ 0.433077167225678, 42.460243130991991 ], [ 0.433817383193187, 42.460243130991991 ], [ 0.433817383193187, 42.460665748037762 ], [ 0.435297815128204, 42.460665748037762 ], [ 0.435297815128204, 42.46108836223106 ], [ 0.43677824706322, 42.46108836223106 ], [ 0.43677824706322, 42.461510973571876 ], [ 0.437518463030728, 42.461510973571876 ], [ 0.437518463030728, 42.46108836223106 ], [ 0.440479326900762, 42.46108836223106 ], [ 0.440479326900762, 42.460665748037762 ], [ 0.442699974803287, 42.460665748037762 ], [ 0.442699974803287, 42.460243130991991 ], [ 0.444920622705812, 42.460243130991991 ], [ 0.444920622705812, 42.460665748037762 ], [ 0.44566083867332, 42.460665748037762 ], [ 0.44566083867332, 42.46193358206019 ], [ 0.446401054640829, 42.46193358206019 ], [ 0.446401054640829, 42.462778790479376 ], [ 0.447141270608337, 42.462778790479376 ], [ 0.447141270608337, 42.463201390410227 ], [ 0.447881486575845, 42.463201390410227 ], [ 0.447881486575845, 42.463623987488582 ], [ 0.449361918510862, 42.463623987488582 ], [ 0.449361918510862, 42.46404658171442 ], [ 0.451582566413387, 42.46404658171442 ], [ 0.451582566413387, 42.463623987488582 ], [ 0.452322782380895, 42.463623987488582 ], [ 0.452322782380895, 42.463201390410227 ], [ 0.453062998348404, 42.463201390410227 ], [ 0.453062998348404, 42.462356187696031 ] ] ], [ [ [ 0.772836296312004, 42.582682526317519 ], [ 0.775056944214529, 42.582682526317519 ], [ 0.775056944214529, 42.58310431599056 ], [ 0.775797160182037, 42.58310431599056 ], [ 0.775797160182037, 42.583526102810062 ], [ 0.776537376149546, 42.583526102810062 ], [ 0.776537376149546, 42.58310431599056 ], [ 0.778017808084562, 42.58310431599056 ], [ 0.778017808084562, 42.582682526317519 ], [ 0.779498240019579, 42.582682526317519 ], [ 0.779498240019579, 42.582260733790939 ], [ 0.780978671954596, 42.582260733790939 ], [ 0.780978671954596, 42.581838938410847 ], [ 0.782459103889612, 42.581838938410847 ], [ 0.782459103889612, 42.581417140177216 ], [ 0.783939535824629, 42.581417140177216 ], [ 0.783939535824629, 42.580995339090066 ], [ 0.785419967759646, 42.580995339090066 ], [ 0.785419967759646, 42.578886290851635 ], [ 0.786160183727154, 42.578886290851635 ], [ 0.786160183727154, 42.575089824252274 ], [ 0.785419967759646, 42.575089824252274 ], [ 0.785419967759646, 42.573402431573349 ], [ 0.784679751792137, 42.573402431573349 ], [ 0.784679751792137, 42.572980576269977 ], [ 0.781718887922104, 42.572980576269977 ], [ 0.781718887922104, 42.57255871811315 ], [ 0.779498240019579, 42.57255871811315 ], [ 0.779498240019579, 42.571293126522015 ], [ 0.778758024052071, 42.571293126522015 ], [ 0.778758024052071, 42.568339979605945 ], [ 0.778017808084562, 42.568339979605945 ], [ 0.778017808084562, 42.567496197663459 ], [ 0.777277592117054, 42.567496197663459 ], [ 0.777277592117054, 42.567074302412117 ], [ 0.775056944214529, 42.567074302412117 ], [ 0.775056944214529, 42.566652404307369 ], [ 0.772836296312004, 42.566652404307369 ], [ 0.772836296312004, 42.566230503349217 ], [ 0.772096080344496, 42.566230503349217 ], [ 0.772096080344496, 42.565808599537682 ], [ 0.771355864376987, 42.565808599537682 ], [ 0.771355864376987, 42.565386692872764 ], [ 0.770615648409479, 42.565386692872764 ], [ 0.770615648409479, 42.564964783354441 ], [ 0.769875432441971, 42.564964783354441 ], [ 0.769875432441971, 42.564120955757673 ], [ 0.769135216474462, 42.564120955757673 ], [ 0.769135216474462, 42.563699037679221 ], [ 0.768395000506954, 42.563699037679221 ], [ 0.768395000506954, 42.563277116747408 ], [ 0.767654784539446, 42.563277116747408 ], [ 0.767654784539446, 42.562855192962218 ], [ 0.766914568571937, 42.562855192962218 ], [ 0.766914568571937, 42.562433266323673 ], [ 0.766174352604429, 42.562433266323673 ], [ 0.766174352604429, 42.562011336831766 ], [ 0.764693920669412, 42.562011336831766 ], [ 0.764693920669412, 42.562433266323673 ], [ 0.763953704701904, 42.562433266323673 ], [ 0.763953704701904, 42.562855192962218 ], [ 0.763213488734395, 42.562855192962218 ], [ 0.763213488734395, 42.563277116747408 ], [ 0.762473272766887, 42.563277116747408 ], [ 0.762473272766887, 42.563699037679221 ], [ 0.761733056799379, 42.563699037679221 ], [ 0.761733056799379, 42.564120955757673 ], [ 0.760992840831871, 42.564120955757673 ], [ 0.760992840831871, 42.564964783354441 ], [ 0.760252624864362, 42.564964783354441 ], [ 0.760252624864362, 42.567074302412117 ], [ 0.759512408896854, 42.567074302412117 ], [ 0.759512408896854, 42.571293126522015 ], [ 0.760252624864362, 42.571293126522015 ], [ 0.760252624864362, 42.572980576269977 ], [ 0.760992840831871, 42.572980576269977 ], [ 0.760992840831871, 42.574246133619731 ], [ 0.761733056799379, 42.574246133619731 ], [ 0.761733056799379, 42.574667980362733 ], [ 0.763213488734395, 42.574667980362733 ], [ 0.763213488734395, 42.575089824252274 ], [ 0.763953704701904, 42.575089824252274 ], [ 0.763953704701904, 42.575511665288339 ], [ 0.764693920669412, 42.575511665288339 ], [ 0.764693920669412, 42.575933503470942 ], [ 0.765434136636921, 42.575933503470942 ], [ 0.765434136636921, 42.576355338800063 ], [ 0.766174352604429, 42.576355338800063 ], [ 0.766174352604429, 42.577199000897878 ], [ 0.765434136636921, 42.577199000897878 ], [ 0.765434136636921, 42.57762082766655 ], [ 0.764693920669412, 42.57762082766655 ], [ 0.764693920669412, 42.578464472643439 ], [ 0.763953704701904, 42.578464472643439 ], [ 0.763953704701904, 42.578886290851635 ], [ 0.763213488734395, 42.578886290851635 ], [ 0.763213488734395, 42.58310431599056 ], [ 0.763953704701904, 42.58310431599056 ], [ 0.763953704701904, 42.585213221552657 ], [ 0.764693920669412, 42.585213221552657 ], [ 0.764693920669412, 42.585634994104439 ], [ 0.766174352604429, 42.585634994104439 ], [ 0.766174352604429, 42.586056763802652 ], [ 0.768395000506954, 42.586056763802652 ], [ 0.768395000506954, 42.586478530647305 ], [ 0.770615648409479, 42.586478530647305 ], [ 0.770615648409479, 42.586056763802652 ], [ 0.771355864376987, 42.586056763802652 ], [ 0.771355864376987, 42.584791446147328 ], [ 0.772096080344496, 42.584791446147328 ], [ 0.772096080344496, 42.583947886776031 ], [ 0.772836296312004, 42.583947886776031 ], [ 0.772836296312004, 42.582682526317519 ] ] ], [ [ [ 0.742487441644162, 42.698146159752746 ], [ 0.743227657611671, 42.698146159752746 ], [ 0.743227657611671, 42.697725149224624 ], [ 0.743967873579179, 42.697725149224624 ], [ 0.743967873579179, 42.695199026111972 ], [ 0.744708089546687, 42.695199026111972 ], [ 0.744708089546687, 42.692672800238846 ], [ 0.745448305514195, 42.692672800238846 ], [ 0.745448305514195, 42.689725406843344 ], [ 0.744708089546687, 42.689725406843344 ], [ 0.744708089546687, 42.687620040214071 ], [ 0.743967873579179, 42.687620040214071 ], [ 0.743967873579179, 42.686777873581562 ], [ 0.742487441644162, 42.686777873581562 ], [ 0.742487441644162, 42.686356785983719 ], [ 0.741007009709145, 42.686356785983719 ], [ 0.741007009709145, 42.685935695531491 ], [ 0.739526577774129, 42.685935695531491 ], [ 0.739526577774129, 42.685514602224885 ], [ 0.738046145839112, 42.685514602224885 ], [ 0.738046145839112, 42.685093506063893 ], [ 0.735825497936587, 42.685093506063893 ], [ 0.735825497936587, 42.685514602224885 ], [ 0.735085281969079, 42.685514602224885 ], [ 0.735085281969079, 42.685935695531491 ], [ 0.73434506600157, 42.685935695531491 ], [ 0.73434506600157, 42.686356785983719 ], [ 0.732864634066554, 42.686356785983719 ], [ 0.732864634066554, 42.687620040214071 ], [ 0.732124418099046, 42.687620040214071 ], [ 0.732124418099046, 42.690146471605971 ], [ 0.731384202131537, 42.690146471605971 ], [ 0.731384202131537, 42.693093845020478 ], [ 0.732124418099046, 42.693093845020478 ], [ 0.732124418099046, 42.694777995602578 ], [ 0.732864634066554, 42.694777995602578 ], [ 0.732864634066554, 42.696041078567404 ], [ 0.733604850034062, 42.696041078567404 ], [ 0.733604850034062, 42.697725149224624 ], [ 0.73434506600157, 42.697725149224624 ], [ 0.73434506600157, 42.698567167426383 ], [ 0.735825497936587, 42.698567167426383 ], [ 0.735825497936587, 42.698988172245535 ], [ 0.736565713904096, 42.698988172245535 ], [ 0.736565713904096, 42.69940917421021 ], [ 0.737305929871604, 42.69940917421021 ], [ 0.737305929871604, 42.699830173320379 ], [ 0.739526577774129, 42.699830173320379 ], [ 0.739526577774129, 42.69940917421021 ], [ 0.740266793741637, 42.69940917421021 ], [ 0.740266793741637, 42.698988172245535 ], [ 0.741747225676654, 42.698988172245535 ], [ 0.741747225676654, 42.698567167426383 ], [ 0.742487441644162, 42.698567167426383 ], [ 0.742487441644162, 42.698146159752746 ] ] ] ] } }
]
}
