{
"type": "FeatureCollection",
"name": "spain_fires_nrt_ba",
"crs": { "type": "name", "properties": { "name": "urn:ogc:def:crs:OGC:1.3:CRS84" } },
"features": [
{ "type": "Feature", "properties": { }, "geometry": { "type": "MultiPolygon", "coordinates": [ [ [ [ -5.91353453819078, 36.743869716429998 ], [ -5.912794322223273, 36.743869716429998 ], [ -5.912794322223273, 36.742033551723452 ], [ -5.912054106255765, 36.742033551723452 ], [ -5.912054106255765, 36.740197343087821 ], [ -5.911313890288255, 36.740197343087821 ], [ -5.911313890288255, 36.739738284065112 ], [ -5.912054106255765, 36.739738284065112 ], [ -5.912054106255765, 36.732852069271566 ], [ -5.911313890288255, 36.732852069271566 ], [ -5.911313890288255, 36.731474752188234 ], [ -5.910573674320747, 36.731474752188234 ], [ -5.910573674320747, 36.730097410397498 ], [ -5.90983345835324, 36.730097410397498 ], [ -5.90983345835324, 36.729179168810866 ], [ -5.910573674320747, 36.729179168810866 ], [ -5.910573674320747, 36.728260916243428 ], [ -5.911313890288255, 36.728260916243428 ], [ -5.911313890288255, 36.726883516803483 ], [ -5.912054106255765, 36.726883516803483 ], [ -5.912054106255765, 36.725965236784504 ], [ -5.912794322223273, 36.725965236784504 ], [ -5.912794322223273, 36.724587796167739 ], [ -5.917975833995831, 36.724587796167739 ], [ -5.917975833995831, 36.725046945785088 ], [ -5.918716049963339, 36.725046945785088 ], [ -5.918716049963339, 36.725965236784504 ], [ -5.919456265930847, 36.725965236784504 ], [ -5.919456265930847, 36.727342652695285 ], [ -5.920196481898357, 36.727342652695285 ], [ -5.920196481898357, 36.728260916243428 ], [ -5.920936697865864, 36.728260916243428 ], [ -5.920936697865864, 36.729638290976787 ], [ -5.923157345768389, 36.729638290976787 ], [ -5.923157345768389, 36.730097410397498 ], [ -5.924637777703406, 36.730097410397498 ], [ -5.924637777703406, 36.730556527072991 ], [ -5.925377993670915, 36.730556527072991 ], [ -5.925377993670915, 36.731015641003239 ], [ -5.926118209638423, 36.731015641003239 ], [ -5.926118209638423, 36.731474752188234 ], [ -5.926858425605932, 36.731474752188234 ], [ -5.926858425605932, 36.732392966322408 ], [ -5.927598641573439, 36.732392966322408 ], [ -5.927598641573439, 36.732852069271566 ], [ -5.928338857540948, 36.732852069271566 ], [ -5.928338857540948, 36.733311169475435 ], [ -5.929079073508456, 36.733311169475435 ], [ -5.929079073508456, 36.734229361647174 ], [ -5.929819289475963, 36.734229361647174 ], [ -5.929819289475963, 36.736065713046429 ], [ -5.930559505443473, 36.736065713046429 ], [ -5.930559505443473, 36.73790202051935 ], [ -5.931299721410981, 36.73790202051935 ], [ -5.931299721410981, 36.738361090524002 ], [ -5.930559505443473, 36.738361090524002 ], [ -5.930559505443473, 36.739738284065112 ], [ -5.929819289475963, 36.739738284065112 ], [ -5.929819289475963, 36.741574503682855 ], [ -5.929079073508456, 36.741574503682855 ], [ -5.929079073508456, 36.742033551723452 ], [ -5.927598641573439, 36.742033551723452 ], [ -5.927598641573439, 36.742492597018455 ], [ -5.926118209638423, 36.742492597018455 ], [ -5.926118209638423, 36.742951639567913 ], [ -5.925377993670915, 36.742951639567913 ], [ -5.925377993670915, 36.743410679371763 ], [ -5.923897561735897, 36.743410679371763 ], [ -5.923897561735897, 36.743869716429998 ], [ -5.922417129800881, 36.743869716429998 ], [ -5.922417129800881, 36.744328750742632 ], [ -5.920936697865864, 36.744328750742632 ], [ -5.920936697865864, 36.744787782309629 ], [ -5.919456265930847, 36.744787782309629 ], [ -5.919456265930847, 36.74524681113099 ], [ -5.915755186093306, 36.74524681113099 ], [ -5.915755186093306, 36.744787782309629 ], [ -5.915014970125798, 36.744787782309629 ], [ -5.915014970125798, 36.744328750742632 ], [ -5.91353453819078, 36.744328750742632 ], [ -5.91353453819078, 36.743869716429998 ] ] ], [ [ [ -6.302147921132656, 36.842957352877669 ], [ -6.299927273230131, 36.842957352877669 ], [ -6.299927273230131, 36.841582013522675 ], [ -6.299187057262623, 36.841582013522675 ], [ -6.299187057262623, 36.840665106877431 ], [ -6.298446841295115, 36.840665106877431 ], [ -6.298446841295115, 36.839289726296961 ], [ -6.297706625327606, 36.839289726296961 ], [ -6.297706625327606, 36.838372792168386 ], [ -6.296966409360098, 36.838372792168386 ], [ -6.296966409360098, 36.836997370363399 ], [ -6.297706625327606, 36.836997370363399 ], [ -6.297706625327606, 36.835163436147987 ], [ -6.298446841295115, 36.835163436147987 ], [ -6.298446841295115, 36.83378795663031 ], [ -6.299187057262623, 36.83378795663031 ], [ -6.299187057262623, 36.833329457961419 ], [ -6.299927273230131, 36.833329457961419 ], [ -6.299927273230131, 36.832870956544376 ], [ -6.30066748919764, 36.832870956544376 ], [ -6.30066748919764, 36.832412452379202 ], [ -6.301407705165149, 36.832412452379202 ], [ -6.301407705165149, 36.831953945465905 ], [ -6.302147921132656, 36.831953945465905 ], [ -6.302147921132656, 36.831495435804499 ], [ -6.302888137100165, 36.831495435804499 ], [ -6.302888137100165, 36.831036923395004 ], [ -6.303628353067674, 36.831036923395004 ], [ -6.303628353067674, 36.830578408237436 ], [ -6.304368569035181, 36.830578408237436 ], [ -6.304368569035181, 36.829661369678071 ], [ -6.310290296775248, 36.829661369678071 ], [ -6.310290296775248, 36.830578408237436 ], [ -6.311030512742757, 36.830578408237436 ], [ -6.311030512742757, 36.831495435804499 ], [ -6.311770728710265, 36.831495435804499 ], [ -6.311770728710265, 36.832870956544376 ], [ -6.312510944677773, 36.832870956544376 ], [ -6.312510944677773, 36.83378795663031 ], [ -6.313251160645282, 36.83378795663031 ], [ -6.313251160645282, 36.836997370363399 ], [ -6.312510944677773, 36.836997370363399 ], [ -6.312510944677773, 36.841123561574236 ], [ -6.311770728710265, 36.841123561574236 ], [ -6.311770728710265, 36.841582013522675 ], [ -6.311030512742757, 36.841582013522675 ], [ -6.311030512742757, 36.842040462722721 ], [ -6.310290296775248, 36.842040462722721 ], [ -6.310290296775248, 36.842498909174395 ], [ -6.30955008080774, 36.842498909174395 ], [ -6.30955008080774, 36.842957352877669 ], [ -6.308809864840232, 36.842957352877669 ], [ -6.308809864840232, 36.843874232038935 ], [ -6.308069648872723, 36.843874232038935 ], [ -6.308069648872723, 36.844332667496914 ], [ -6.305849000970198, 36.844332667496914 ], [ -6.305849000970198, 36.843874232038935 ], [ -6.303628353067674, 36.843874232038935 ], [ -6.303628353067674, 36.843415793832506 ], [ -6.302147921132656, 36.843415793832506 ], [ -6.302147921132656, 36.842957352877669 ] ] ], [ [ [ -6.365066278370866, 37.29364346354987 ], [ -6.365066278370866, 37.293187735912348 ], [ -6.363585846435849, 37.293187735912348 ], [ -6.363585846435849, 37.292732005514111 ], [ -6.362105414500832, 37.292732005514111 ], [ -6.362105414500832, 37.292276272355167 ], [ -6.360624982565815, 37.292276272355167 ], [ -6.360624982565815, 37.29182053643553 ], [ -6.359144550630798, 37.29182053643553 ], [ -6.359144550630798, 37.2913647977552 ], [ -6.35840433466329, 37.2913647977552 ], [ -6.35840433466329, 37.289997565150259 ], [ -6.357664118695782, 37.289997565150259 ], [ -6.357664118695782, 37.288630307699599 ], [ -6.356923902728273, 37.288630307699599 ], [ -6.356923902728273, 37.286807259117083 ], [ -6.357664118695782, 37.286807259117083 ], [ -6.357664118695782, 37.284984166365774 ], [ -6.35840433466329, 37.284984166365774 ], [ -6.35840433466329, 37.283616817816984 ], [ -6.359144550630798, 37.283616817816984 ], [ -6.359144550630798, 37.28316102944644 ], [ -6.359884766598306, 37.28316102944644 ], [ -6.359884766598306, 37.282249444424018 ], [ -6.360624982565815, 37.282249444424018 ], [ -6.360624982565815, 37.281793647772162 ], [ -6.361365198533323, 37.281793647772162 ], [ -6.361365198533323, 37.280882046187195 ], [ -6.362105414500832, 37.280882046187195 ], [ -6.362105414500832, 37.280426241254119 ], [ -6.362845630468341, 37.280426241254119 ], [ -6.362845630468341, 37.279514623106849 ], [ -6.363585846435849, 37.279514623106849 ], [ -6.363585846435849, 37.279058809892668 ], [ -6.364326062403356, 37.279058809892668 ], [ -6.364326062403356, 37.278602993918142 ], [ -6.368027142240899, 37.278602993918142 ], [ -6.368027142240899, 37.279058809892668 ], [ -6.37172822207844, 37.279058809892668 ], [ -6.37172822207844, 37.279514623106849 ], [ -6.374689085948473, 37.279514623106849 ], [ -6.374689085948473, 37.279970433560663 ], [ -6.375429301915982, 37.279970433560663 ], [ -6.375429301915982, 37.280882046187195 ], [ -6.37616951788349, 37.280882046187195 ], [ -6.37616951788349, 37.281793647772162 ], [ -6.376909733850998, 37.281793647772162 ], [ -6.376909733850998, 37.282249444424018 ], [ -6.377649949818506, 37.282249444424018 ], [ -6.377649949818506, 37.283616817816984 ], [ -6.376909733850998, 37.283616817816984 ], [ -6.376909733850998, 37.286807259117083 ], [ -6.37616951788349, 37.286807259117083 ], [ -6.37616951788349, 37.289541815427327 ], [ -6.375429301915982, 37.289541815427327 ], [ -6.375429301915982, 37.292276272355167 ], [ -6.374689085948473, 37.292276272355167 ], [ -6.374689085948473, 37.292732005514111 ], [ -6.373208654013458, 37.292732005514111 ], [ -6.373208654013458, 37.293187735912348 ], [ -6.372468438045948, 37.293187735912348 ], [ -6.372468438045948, 37.29364346354987 ], [ -6.37172822207844, 37.29364346354987 ], [ -6.37172822207844, 37.29409918842665 ], [ -6.370988006110932, 37.29409918842665 ], [ -6.370988006110932, 37.294554910542708 ], [ -6.368027142240899, 37.294554910542708 ], [ -6.368027142240899, 37.29409918842665 ], [ -6.366546710305881, 37.29409918842665 ], [ -6.366546710305881, 37.29364346354987 ], [ -6.365066278370866, 37.29364346354987 ] ] ], [ [ [ -8.431749259654135, 37.404303405988543 ], [ -8.431009043686625, 37.404303405988543 ], [ -8.431009043686625, 37.403848349562864 ], [ -8.430268827719118, 37.403848349562864 ], [ -8.430268827719118, 37.402028096223859 ], [ -8.429528611751611, 37.402028096223859 ], [ -8.429528611751611, 37.394746640700951 ], [ -8.428788395784101, 37.394746640700951 ], [ -8.428788395784101, 37.393836409018384 ], [ -8.428048179816592, 37.393836409018384 ], [ -8.428048179816592, 37.392926166282308 ], [ -8.427307963849083, 37.392926166282308 ], [ -8.427307963849083, 37.392471040769244 ], [ -8.425087315946559, 37.392471040769244 ], [ -8.425087315946559, 37.394291526241354 ], [ -8.42434709997905, 37.394291526241354 ], [ -8.42434709997905, 37.398387456894255 ], [ -8.423606884011543, 37.398387456894255 ], [ -8.423606884011543, 37.399297633307874 ], [ -8.422866668044033, 37.399297633307874 ], [ -8.422866668044033, 37.399752717369402 ], [ -8.422126452076526, 37.399752717369402 ], [ -8.422126452076526, 37.40020779866741 ], [ -8.420646020141509, 37.40020779866741 ], [ -8.420646020141509, 37.40066287720186 ], [ -8.419905804174, 37.40066287720186 ], [ -8.419905804174, 37.401117952972768 ], [ -8.419165588206493, 37.401117952972768 ], [ -8.419165588206493, 37.401573025980106 ], [ -8.418425372238985, 37.401573025980106 ], [ -8.418425372238985, 37.402028096223859 ], [ -8.417685156271476, 37.402028096223859 ], [ -8.417685156271476, 37.402483163704034 ], [ -8.41176342853141, 37.402483163704034 ], [ -8.41176342853141, 37.401573025980106 ], [ -8.411023212563901, 37.401573025980106 ], [ -8.411023212563901, 37.40066287720186 ], [ -8.410282996596392, 37.40066287720186 ], [ -8.410282996596392, 37.399752717369402 ], [ -8.408802564661375, 37.399752717369402 ], [ -8.408802564661375, 37.40020779866741 ], [ -8.40732213272636, 37.40020779866741 ], [ -8.40732213272636, 37.40066287720186 ], [ -8.405841700791342, 37.40066287720186 ], [ -8.405841700791342, 37.40020779866741 ], [ -8.405101484823835, 37.40020779866741 ], [ -8.405101484823835, 37.399752717369402 ], [ -8.403621052888818, 37.399752717369402 ], [ -8.403621052888818, 37.399297633307874 ], [ -8.402880836921309, 37.399297633307874 ], [ -8.402880836921309, 37.398842546482811 ], [ -8.402140620953801, 37.398842546482811 ], [ -8.402140620953801, 37.397022171547654 ], [ -8.401400404986292, 37.397022171547654 ], [ -8.401400404986292, 37.393836409018384 ], [ -8.402140620953801, 37.393836409018384 ], [ -8.402140620953801, 37.392926166282308 ], [ -8.402880836921309, 37.392926166282308 ], [ -8.402880836921309, 37.391560781453087 ], [ -8.403621052888818, 37.391560781453087 ], [ -8.403621052888818, 37.390650511083678 ], [ -8.402140620953801, 37.390650511083678 ], [ -8.402140620953801, 37.390195371754025 ], [ -8.400660189018785, 37.390195371754025 ], [ -8.400660189018785, 37.389740229661093 ], [ -8.399919973051277, 37.389740229661093 ], [ -8.399919973051277, 37.388374786802729 ], [ -8.399179757083768, 37.388374786802729 ], [ -8.399179757083768, 37.386554157639708 ], [ -8.398439541116259, 37.386554157639708 ], [ -8.398439541116259, 37.385188656753954 ], [ -8.399179757083768, 37.385188656753954 ], [ -8.399179757083768, 37.383367950222258 ], [ -8.399919973051277, 37.383367950222258 ], [ -8.399919973051277, 37.382002391310884 ], [ -8.400660189018785, 37.382002391310884 ], [ -8.400660189018785, 37.381547199480941 ], [ -8.402140620953801, 37.381547199480941 ], [ -8.402140620953801, 37.381092004887947 ], [ -8.402880836921309, 37.381092004887947 ], [ -8.402880836921309, 37.380636807531907 ], [ -8.403621052888818, 37.380636807531907 ], [ -8.403621052888818, 37.380181607412844 ], [ -8.404361268856325, 37.380181607412844 ], [ -8.404361268856325, 37.377450348675495 ], [ -8.405101484823835, 37.377450348675495 ], [ -8.405101484823835, 37.375629454258195 ], [ -8.406581916758851, 37.375629454258195 ], [ -8.406581916758851, 37.37517422374659 ], [ -8.40732213272636, 37.37517422374659 ], [ -8.40732213272636, 37.374718990472104 ], [ -8.408802564661375, 37.374718990472104 ], [ -8.408802564661375, 37.374263754434743 ], [ -8.411023212563901, 37.374263754434743 ], [ -8.411023212563901, 37.374718990472104 ], [ -8.415464508368952, 37.374718990472104 ], [ -8.415464508368952, 37.37517422374659 ], [ -8.418425372238985, 37.37517422374659 ], [ -8.418425372238985, 37.374718990472104 ], [ -8.419165588206493, 37.374718990472104 ], [ -8.419165588206493, 37.374263754434743 ], [ -8.419905804174, 37.374263754434743 ], [ -8.419905804174, 37.373808515634522 ], [ -8.420646020141509, 37.373808515634522 ], [ -8.420646020141509, 37.373353274071448 ], [ -8.421386236109019, 37.373353274071448 ], [ -8.421386236109019, 37.372442782656805 ], [ -8.423606884011543, 37.372442782656805 ], [ -8.423606884011543, 37.372898029745542 ], [ -8.42434709997905, 37.372898029745542 ], [ -8.42434709997905, 37.373353274071448 ], [ -8.425827531914068, 37.373353274071448 ], [ -8.425827531914068, 37.373808515634522 ], [ -8.426567747881576, 37.373808515634522 ], [ -8.426567747881576, 37.374718990472104 ], [ -8.427307963849083, 37.374718990472104 ], [ -8.427307963849083, 37.376084682006905 ], [ -8.428048179816592, 37.376084682006905 ], [ -8.428048179816592, 37.37653990699269 ], [ -8.432489475621644, 37.37653990699269 ], [ -8.432489475621644, 37.376995129215565 ], [ -8.433229691589151, 37.376995129215565 ], [ -8.433229691589151, 37.377905565372494 ], [ -8.43396990755666, 37.377905565372494 ], [ -8.43396990755666, 37.378815990477591 ], [ -8.434710123524168, 37.378815990477591 ], [ -8.434710123524168, 37.379271198885675 ], [ -8.435450339491677, 37.379271198885675 ], [ -8.435450339491677, 37.383823130999872 ], [ -8.434710123524168, 37.383823130999872 ], [ -8.434710123524168, 37.38473348426573 ], [ -8.43396990755666, 37.38473348426573 ], [ -8.43396990755666, 37.385188656753954 ], [ -8.433229691589151, 37.385188656753954 ], [ -8.433229691589151, 37.386098993440967 ], [ -8.434710123524168, 37.386098993440967 ], [ -8.434710123524168, 37.386554157639708 ], [ -8.435450339491677, 37.386554157639708 ], [ -8.435450339491677, 37.387009319075268 ], [ -8.436930771426693, 37.387009319075268 ], [ -8.436930771426693, 37.388374786802729 ], [ -8.437670987394201, 37.388374786802729 ], [ -8.437670987394201, 37.389285084804889 ], [ -8.43841120336171, 37.389285084804889 ], [ -8.43841120336171, 37.390195371754025 ], [ -8.439151419329217, 37.390195371754025 ], [ -8.439151419329217, 37.391105647650036 ], [ -8.439891635296727, 37.391105647650036 ], [ -8.439891635296727, 37.392471040769244 ], [ -8.440631851264234, 37.392471040769244 ], [ -8.440631851264234, 37.396111967499273 ], [ -8.439891635296727, 37.396111967499273 ], [ -8.439891635296727, 37.401117952972768 ], [ -8.439151419329217, 37.401117952972768 ], [ -8.439151419329217, 37.404303405988543 ], [ -8.43841120336171, 37.404303405988543 ], [ -8.43841120336171, 37.40475845965058 ], [ -8.436930771426693, 37.40475845965058 ], [ -8.436930771426693, 37.405213510548954 ], [ -8.436190555459184, 37.405213510548954 ], [ -8.436190555459184, 37.405668558683651 ], [ -8.43396990755666, 37.405668558683651 ], [ -8.43396990755666, 37.405213510548954 ], [ -8.432489475621644, 37.405213510548954 ], [ -8.432489475621644, 37.40475845965058 ], [ -8.431749259654135, 37.40475845965058 ], [ -8.431749259654135, 37.404303405988543 ] ] ], [ [ [ -8.798156163570761, 37.962378568367143 ], [ -8.795935515668235, 37.962378568367143 ], [ -8.795935515668235, 37.961926922781323 ], [ -8.794455083733217, 37.961926922781323 ], [ -8.794455083733217, 37.960571969357538 ], [ -8.79371486776571, 37.960571969357538 ], [ -8.79371486776571, 37.959216990934443 ], [ -8.7929746517982, 37.959216990934443 ], [ -8.7929746517982, 37.957410314149698 ], [ -8.792234435830693, 37.957410314149698 ], [ -8.792234435830693, 37.956055277396075 ], [ -8.791494219863186, 37.956055277396075 ], [ -8.791494219863186, 37.954700215644124 ], [ -8.790754003895676, 37.954700215644124 ], [ -8.790754003895676, 37.952893427755782 ], [ -8.790013787928167, 37.952893427755782 ], [ -8.790013787928167, 37.951538307675598 ], [ -8.78927357196066, 37.951538307675598 ], [ -8.78927357196066, 37.947472797452335 ], [ -8.790013787928167, 37.947472797452335 ], [ -8.790013787928167, 37.944762332320835 ], [ -8.790754003895676, 37.944762332320835 ], [ -8.790754003895676, 37.944310578411582 ], [ -8.7929746517982, 37.944310578411582 ], [ -8.7929746517982, 37.943858821725037 ], [ -8.795195299700726, 37.943858821725037 ], [ -8.795195299700726, 37.943407062261187 ], [ -8.797415947603252, 37.943407062261187 ], [ -8.797415947603252, 37.944310578411582 ], [ -8.798156163570761, 37.944310578411582 ], [ -8.798156163570761, 37.944762332320835 ], [ -8.798896379538268, 37.944762332320835 ], [ -8.798896379538268, 37.945214083452775 ], [ -8.799636595505778, 37.945214083452775 ], [ -8.799636595505778, 37.945665831807368 ], [ -8.800376811473285, 37.945665831807368 ], [ -8.800376811473285, 37.946117577384648 ], [ -8.801117027440792, 37.946117577384648 ], [ -8.801117027440792, 37.946569320184565 ], [ -8.801857243408302, 37.946569320184565 ], [ -8.801857243408302, 37.947021060207135 ], [ -8.802597459375811, 37.947021060207135 ], [ -8.802597459375811, 37.947472797452335 ], [ -8.804077891310827, 37.947472797452335 ], [ -8.804077891310827, 37.947021060207135 ], [ -8.805558323245844, 37.947021060207135 ], [ -8.805558323245844, 37.946569320184565 ], [ -8.806298539213351, 37.946569320184565 ], [ -8.806298539213351, 37.946117577384648 ], [ -8.807778971148368, 37.946117577384648 ], [ -8.807778971148368, 37.946569320184565 ], [ -8.809999619050894, 37.946569320184565 ], [ -8.809999619050894, 37.947021060207135 ], [ -8.811480050985908, 37.947021060207135 ], [ -8.811480050985908, 37.947472797452335 ], [ -8.812220266953418, 37.947472797452335 ], [ -8.812220266953418, 37.947924531920144 ], [ -8.812960482920927, 37.947924531920144 ], [ -8.812960482920927, 37.948827992523576 ], [ -8.813700698888436, 37.948827992523576 ], [ -8.813700698888436, 37.949731442017359 ], [ -8.814440914855945, 37.949731442017359 ], [ -8.814440914855945, 37.953345128894163 ], [ -8.813700698888436, 37.953345128894163 ], [ -8.813700698888436, 37.956055277396075 ], [ -8.812960482920927, 37.956055277396075 ], [ -8.812960482920927, 37.956506959091541 ], [ -8.812220266953418, 37.956506959091541 ], [ -8.812220266953418, 37.956958638009432 ], [ -8.810739835018401, 37.956958638009432 ], [ -8.810739835018401, 37.957410314149698 ], [ -8.809999619050894, 37.957410314149698 ], [ -8.809999619050894, 37.95831365809736 ], [ -8.809259403083384, 37.95831365809736 ], [ -8.809259403083384, 37.959216990934443 ], [ -8.808519187115875, 37.959216990934443 ], [ -8.808519187115875, 37.960120312660855 ], [ -8.807778971148368, 37.960120312660855 ], [ -8.807778971148368, 37.961475274417779 ], [ -8.80703875518086, 37.961475274417779 ], [ -8.80703875518086, 37.962378568367143 ], [ -8.806298539213351, 37.962378568367143 ], [ -8.806298539213351, 37.963281851205529 ], [ -8.805558323245844, 37.963281851205529 ], [ -8.805558323245844, 37.963733488458075 ], [ -8.803337675343318, 37.963733488458075 ], [ -8.803337675343318, 37.963281851205529 ], [ -8.801117027440792, 37.963281851205529 ], [ -8.801117027440792, 37.962830211175209 ], [ -8.798156163570761, 37.962830211175209 ], [ -8.798156163570761, 37.962378568367143 ] ] ], [ [ [ -9.005416634473093, 38.92608471433384 ], [ -9.004676418505586, 38.92608471433384 ], [ -9.004676418505586, 38.925193401701009 ], [ -9.003936202538076, 38.925193401701009 ], [ -9.003936202538076, 38.918062497505481 ], [ -9.004676418505586, 38.918062497505481 ], [ -9.004676418505586, 38.917171084090562 ], [ -9.005416634473093, 38.917171084090562 ], [ -9.005416634473093, 38.916279659478015 ], [ -9.006156850440602, 38.916279659478015 ], [ -9.006156850440602, 38.915833942972647 ], [ -9.006897066408111, 38.915833942972647 ], [ -9.006897066408111, 38.915388223667904 ], [ -9.007637282375619, 38.915388223667904 ], [ -9.007637282375619, 38.914942501563786 ], [ -9.009117714310635, 38.914942501563786 ], [ -9.009117714310635, 38.914496776660307 ], [ -9.009857930278143, 38.914496776660307 ], [ -9.009857930278143, 38.914051048957482 ], [ -9.010598146245652, 38.914051048957482 ], [ -9.010598146245652, 38.913605318455303 ], [ -9.012078578180668, 38.913605318455303 ], [ -9.012078578180668, 38.914051048957482 ], [ -9.013559010115685, 38.914051048957482 ], [ -9.013559010115685, 38.914496776660307 ], [ -9.015039442050702, 38.914496776660307 ], [ -9.015039442050702, 38.914942501563786 ], [ -9.016519873985718, 38.914942501563786 ], [ -9.016519873985718, 38.915388223667904 ], [ -9.018000305920735, 38.915388223667904 ], [ -9.018000305920735, 38.915833942972647 ], [ -9.018740521888244, 38.915833942972647 ], [ -9.018740521888244, 38.916279659478015 ], [ -9.020220953823259, 38.916279659478015 ], [ -9.020220953823259, 38.916725373183986 ], [ -9.021701385758277, 38.916725373183986 ], [ -9.021701385758277, 38.918062497505481 ], [ -9.022441601725784, 38.918062497505481 ], [ -9.022441601725784, 38.922073719299874 ], [ -9.023181817693294, 38.922073719299874 ], [ -9.023181817693294, 38.92296507112647 ], [ -9.022441601725784, 38.92296507112647 ], [ -9.022441601725784, 38.923410742840474 ], [ -9.021701385758277, 38.923410742840474 ], [ -9.021701385758277, 38.924302077869861 ], [ -9.020961169790768, 38.924302077869861 ], [ -9.020961169790768, 38.924747741185215 ], [ -9.020220953823259, 38.924747741185215 ], [ -9.020220953823259, 38.925193401701009 ], [ -9.019480737855751, 38.925193401701009 ], [ -9.019480737855751, 38.925639059417215 ], [ -9.018740521888244, 38.925639059417215 ], [ -9.018740521888244, 38.926530366450876 ], [ -9.018000305920735, 38.926530366450876 ], [ -9.018000305920735, 38.926976015768297 ], [ -9.017260089953226, 38.926976015768297 ], [ -9.017260089953226, 38.927421662286093 ], [ -9.016519873985718, 38.927421662286093 ], [ -9.016519873985718, 38.927867306004288 ], [ -9.015779658018211, 38.927867306004288 ], [ -9.015779658018211, 38.928312946922837 ], [ -9.006897066408111, 38.928312946922837 ], [ -9.006897066408111, 38.927421662286093 ], [ -9.006156850440602, 38.927421662286093 ], [ -9.006156850440602, 38.926530366450876 ], [ -9.005416634473093, 38.926530366450876 ], [ -9.005416634473093, 38.92608471433384 ] ] ], [ [ [ -8.416944940303967, 40.294551751827093 ], [ -8.415464508368952, 40.294551751827093 ], [ -8.415464508368952, 40.294114819899406 ], [ -8.414724292401443, 40.294114819899406 ], [ -8.414724292401443, 40.29367788514655 ], [ -8.413243860466427, 40.29367788514655 ], [ -8.413243860466427, 40.29193011788356 ], [ -8.412503644498917, 40.29193011788356 ], [ -8.412503644498917, 40.290182305418405 ], [ -8.41176342853141, 40.290182305418405 ], [ -8.41176342853141, 40.289308382235163 ], [ -8.412503644498917, 40.289308382235163 ], [ -8.412503644498917, 40.287997476272118 ], [ -8.413243860466427, 40.287997476272118 ], [ -8.413243860466427, 40.28668654488343 ], [ -8.413984076433936, 40.28668654488343 ], [ -8.413984076433936, 40.2853755880693 ], [ -8.414724292401443, 40.2853755880693 ], [ -8.414724292401443, 40.284064605829919 ], [ -8.415464508368952, 40.284064605829919 ], [ -8.415464508368952, 40.283627606100119 ], [ -8.41620472433646, 40.283627606100119 ], [ -8.41620472433646, 40.2831906035453 ], [ -8.417685156271476, 40.2831906035453 ], [ -8.417685156271476, 40.282753598165492 ], [ -8.418425372238985, 40.282753598165492 ], [ -8.418425372238985, 40.282316589960701 ], [ -8.421386236109019, 40.282316589960701 ], [ -8.421386236109019, 40.282753598165492 ], [ -8.422866668044033, 40.282753598165492 ], [ -8.422866668044033, 40.2831906035453 ], [ -8.423606884011543, 40.2831906035453 ], [ -8.423606884011543, 40.283627606100119 ], [ -8.42434709997905, 40.283627606100119 ], [ -8.42434709997905, 40.284501602734736 ], [ -8.425087315946559, 40.284501602734736 ], [ -8.425087315946559, 40.285812576499055 ], [ -8.425827531914068, 40.285812576499055 ], [ -8.425827531914068, 40.28668654488343 ], [ -8.426567747881576, 40.28668654488343 ], [ -8.426567747881576, 40.287997476272118 ], [ -8.427307963849083, 40.287997476272118 ], [ -8.427307963849083, 40.289745345239332 ], [ -8.426567747881576, 40.289745345239332 ], [ -8.426567747881576, 40.292804007165358 ], [ -8.425827531914068, 40.292804007165358 ], [ -8.425827531914068, 40.294551751827093 ], [ -8.425087315946559, 40.294551751827093 ], [ -8.425087315946559, 40.294988680929592 ], [ -8.42434709997905, 40.294988680929592 ], [ -8.42434709997905, 40.295425607206923 ], [ -8.422866668044033, 40.295425607206923 ], [ -8.422866668044033, 40.295862530659043 ], [ -8.419905804174, 40.295862530659043 ], [ -8.419905804174, 40.295425607206923 ], [ -8.418425372238985, 40.295425607206923 ], [ -8.418425372238985, 40.294988680929592 ], [ -8.416944940303967, 40.294988680929592 ], [ -8.416944940303967, 40.294551751827093 ] ] ], [ [ [ -6.486461697042232, 40.630150191261208 ], [ -6.486461697042232, 40.629715436781858 ], [ -6.485721481074724, 40.629715436781858 ], [ -6.485721481074724, 40.627976390559908 ], [ -6.484981265107216, 40.627976390559908 ], [ -6.484981265107216, 40.625802519097704 ], [ -6.484241049139707, 40.625802519097704 ], [ -6.484241049139707, 40.623628576875404 ], [ -6.483500833172198, 40.623628576875404 ], [ -6.483500833172198, 40.621454563893835 ], [ -6.48276061720469, 40.621454563893835 ], [ -6.48276061720469, 40.617541162216341 ], [ -6.483500833172198, 40.617541162216341 ], [ -6.483500833172198, 40.615801798994376 ], [ -6.484241049139707, 40.615801798994376 ], [ -6.484241049139707, 40.614932100401859 ], [ -6.484981265107216, 40.614932100401859 ], [ -6.484981265107216, 40.614062390488392 ], [ -6.485721481074724, 40.614062390488392 ], [ -6.485721481074724, 40.613627531286319 ], [ -6.486461697042232, 40.613627531286319 ], [ -6.486461697042232, 40.612757804391528 ], [ -6.48720191300974, 40.612757804391528 ], [ -6.48720191300974, 40.611888066175908 ], [ -6.487942128977249, 40.611888066175908 ], [ -6.487942128977249, 40.611453192822808 ], [ -6.488682344944757, 40.611453192822808 ], [ -6.488682344944757, 40.610583437626062 ], [ -6.489422560912264, 40.610583437626062 ], [ -6.489422560912264, 40.61014855578243 ], [ -6.490902992847282, 40.61014855578243 ], [ -6.490902992847282, 40.610583437626062 ], [ -6.493123640749808, 40.610583437626062 ], [ -6.493123640749808, 40.61101831663953 ], [ -6.494604072684823, 40.61101831663953 ], [ -6.494604072684823, 40.607974104111925 ], [ -6.495344288652332, 40.607974104111925 ], [ -6.495344288652332, 40.607539205287395 ], [ -6.496084504619841, 40.607539205287395 ], [ -6.496084504619841, 40.606669399147982 ], [ -6.496824720587348, 40.606669399147982 ], [ -6.496824720587348, 40.60579958168811 ], [ -6.497564936554856, 40.60579958168811 ], [ -6.497564936554856, 40.605364668713023 ], [ -6.502006232359907, 40.605364668713023 ], [ -6.502006232359907, 40.60492975290785 ], [ -6.507187744132465, 40.60492975290785 ], [ -6.507187744132465, 40.60579958168811 ], [ -6.507927960099973, 40.60579958168811 ], [ -6.507927960099973, 40.606669399147982 ], [ -6.508668176067482, 40.606669399147982 ], [ -6.508668176067482, 40.607974104111925 ], [ -6.50940839203499, 40.607974104111925 ], [ -6.50940839203499, 40.608843893270567 ], [ -6.510148608002498, 40.608843893270567 ], [ -6.510148608002498, 40.61101831663953 ], [ -6.50940839203499, 40.61101831663953 ], [ -6.50940839203499, 40.612757804391528 ], [ -6.508668176067482, 40.612757804391528 ], [ -6.508668176067482, 40.614062390488392 ], [ -6.507927960099973, 40.614062390488392 ], [ -6.507927960099973, 40.614497246860239 ], [ -6.507187744132465, 40.614497246860239 ], [ -6.507187744132465, 40.615366951113238 ], [ -6.506447528164957, 40.615366951113238 ], [ -6.506447528164957, 40.615801798994376 ], [ -6.505707312197449, 40.615801798994376 ], [ -6.505707312197449, 40.616671486265886 ], [ -6.50496709622994, 40.616671486265886 ], [ -6.50496709622994, 40.617106325656245 ], [ -6.504226880262432, 40.617106325656245 ], [ -6.504226880262432, 40.617975995946139 ], [ -6.503486664294925, 40.617975995946139 ], [ -6.503486664294925, 40.62101975280649 ], [ -6.504226880262432, 40.62101975280649 ], [ -6.504226880262432, 40.623628576875404 ], [ -6.50496709622994, 40.623628576875404 ], [ -6.50496709622994, 40.624932950699943 ], [ -6.504226880262432, 40.624932950699943 ], [ -6.504226880262432, 40.626672076173847 ], [ -6.503486664294925, 40.626672076173847 ], [ -6.503486664294925, 40.628411156361068 ], [ -6.502006232359907, 40.628411156361068 ], [ -6.502006232359907, 40.628845919331788 ], [ -6.499785584457381, 40.628845919331788 ], [ -6.499785584457381, 40.629280679472053 ], [ -6.497564936554856, 40.629280679472053 ], [ -6.497564936554856, 40.629715436781858 ], [ -6.496084504619841, 40.629715436781858 ], [ -6.496084504619841, 40.630150191261208 ], [ -6.493863856717316, 40.630150191261208 ], [ -6.493863856717316, 40.630584942910076 ], [ -6.492383424782298, 40.630584942910076 ], [ -6.492383424782298, 40.631019691728483 ], [ -6.490162776879773, 40.631019691728483 ], [ -6.490162776879773, 40.631454437716407 ], [ -6.489422560912264, 40.631454437716407 ], [ -6.489422560912264, 40.631019691728483 ], [ -6.488682344944757, 40.631019691728483 ], [ -6.488682344944757, 40.630584942910076 ], [ -6.48720191300974, 40.630584942910076 ], [ -6.48720191300974, 40.630150191261208 ], [ -6.486461697042232, 40.630150191261208 ] ] ], [ [ [ -6.530874655092732, 40.656230280025312 ], [ -6.530874655092732, 40.655361107915439 ], [ -6.530134439125224, 40.655361107915439 ], [ -6.530134439125224, 40.653188128100979 ], [ -6.529394223157715, 40.653188128100979 ], [ -6.529394223157715, 40.648841956161476 ], [ -6.528654007190207, 40.648841956161476 ], [ -6.528654007190207, 40.644930159386377 ], [ -6.527913791222699, 40.644930159386377 ], [ -6.527913791222699, 40.644060840076335 ], [ -6.528654007190207, 40.644060840076335 ], [ -6.528654007190207, 40.643191509443561 ], [ -6.529394223157715, 40.643191509443561 ], [ -6.529394223157715, 40.64275683988118 ], [ -6.530134439125224, 40.64275683988118 ], [ -6.530134439125224, 40.641887492264424 ], [ -6.530874655092732, 40.641887492264424 ], [ -6.530874655092732, 40.641018133325083 ], [ -6.533095302995257, 40.641018133325083 ], [ -6.533095302995257, 40.640583449609458 ], [ -6.53605616686529, 40.640583449609458 ], [ -6.53605616686529, 40.640148763063195 ], [ -6.539017030735324, 40.640148763063195 ], [ -6.539017030735324, 40.640583449609458 ], [ -6.539757246702831, 40.640583449609458 ], [ -6.539757246702831, 40.641018133325083 ], [ -6.54049746267034, 40.641018133325083 ], [ -6.54049746267034, 40.641452814210069 ], [ -6.541237678637849, 40.641452814210069 ], [ -6.541237678637849, 40.642322167488132 ], [ -6.541977894605356, 40.642322167488132 ], [ -6.541977894605356, 40.64275683988118 ], [ -6.542718110572865, 40.64275683988118 ], [ -6.542718110572865, 40.643191509443561 ], [ -6.543458326540374, 40.643191509443561 ], [ -6.543458326540374, 40.648407323398295 ], [ -6.544198542507881, 40.648407323398295 ], [ -6.544198542507881, 40.64927658609394 ], [ -6.54493875847539, 40.64927658609394 ], [ -6.54493875847539, 40.654926517614221 ], [ -6.544198542507881, 40.654926517614221 ], [ -6.544198542507881, 40.655361107915439 ], [ -6.543458326540374, 40.655361107915439 ], [ -6.543458326540374, 40.656230280025312 ], [ -6.542718110572865, 40.656230280025312 ], [ -6.542718110572865, 40.65709944081172 ], [ -6.539017030735324, 40.65709944081172 ], [ -6.539017030735324, 40.657534016958621 ], [ -6.533835518962765, 40.657534016958621 ], [ -6.533835518962765, 40.657968590274614 ], [ -6.533095302995257, 40.657968590274614 ], [ -6.533095302995257, 40.657534016958621 ], [ -6.532355087027749, 40.657534016958621 ], [ -6.532355087027749, 40.656664861833953 ], [ -6.53161487106024, 40.656664861833953 ], [ -6.53161487106024, 40.656230280025312 ], [ -6.530874655092732, 40.656230280025312 ] ] ], [ [ [ -8.130481360878242, 41.104506491053591 ], [ -8.130481360878242, 41.104074839742516 ], [ -8.129741144910733, 41.104074839742516 ], [ -8.129741144910733, 41.103211528608533 ], [ -8.129000928943226, 41.103211528608533 ], [ -8.129000928943226, 41.102348206125463 ], [ -8.128260712975717, 41.102348206125463 ], [ -8.128260712975717, 41.101484872293369 ], [ -8.127520497008208, 41.101484872293369 ], [ -8.127520497008208, 41.101053201121459 ], [ -8.1267802810407, 41.101053201121459 ], [ -8.1267802810407, 41.099758170582298 ], [ -8.127520497008208, 41.099758170582298 ], [ -8.127520497008208, 41.095872925755465 ], [ -8.128260712975717, 41.095872925755465 ], [ -8.128260712975717, 41.095009506807152 ], [ -8.127520497008208, 41.095009506807152 ], [ -8.127520497008208, 41.09198745111793 ], [ -8.1267802810407, 41.09198745111793 ], [ -8.1267802810407, 41.088533502960537 ], [ -8.127520497008208, 41.088533502960537 ], [ -8.127520497008208, 41.08766998755037 ], [ -8.128260712975717, 41.08766998755037 ], [ -8.128260712975717, 41.086806460791983 ], [ -8.129000928943226, 41.086806460791983 ], [ -8.129000928943226, 41.085942922685405 ], [ -8.129741144910733, 41.085942922685405 ], [ -8.129741144910733, 41.085079373230698 ], [ -8.130481360878242, 41.085079373230698 ], [ -8.130481360878242, 41.084215812427892 ], [ -8.13122157684575, 41.084215812427892 ], [ -8.13122157684575, 41.083352240277058 ], [ -8.131961792813259, 41.083352240277058 ], [ -8.131961792813259, 41.08292044994613 ], [ -8.135662872650801, 41.08292044994613 ], [ -8.135662872650801, 41.08248865677821 ], [ -8.138623736520834, 41.08248865677821 ], [ -8.138623736520834, 41.082056860773321 ], [ -8.143805248293392, 41.082056860773321 ], [ -8.143805248293392, 41.08292044994613 ], [ -8.144545464260901, 41.08292044994613 ], [ -8.144545464260901, 41.083352240277058 ], [ -8.145285680228408, 41.083352240277058 ], [ -8.145285680228408, 41.084215812427892 ], [ -8.146025896195917, 41.084215812427892 ], [ -8.146025896195917, 41.089397007022427 ], [ -8.146766112163425, 41.089397007022427 ], [ -8.146766112163425, 41.089828754797736 ], [ -8.147506328130934, 41.089828754797736 ], [ -8.147506328130934, 41.090692241837125 ], [ -8.148246544098441, 41.090692241837125 ], [ -8.148246544098441, 41.09112398110117 ], [ -8.14898676006595, 41.09112398110117 ], [ -8.14898676006595, 41.091555717528109 ], [ -8.14972697603346, 41.091555717528109 ], [ -8.14972697603346, 41.09198745111793 ], [ -8.150467192000969, 41.09198745111793 ], [ -8.150467192000969, 41.096736333355096 ], [ -8.14972697603346, 41.096736333355096 ], [ -8.14972697603346, 41.097168032899141 ], [ -8.14898676006595, 41.097168032899141 ], [ -8.14898676006595, 41.098031423475675 ], [ -8.148246544098441, 41.098031423475675 ], [ -8.148246544098441, 41.098894802703406 ], [ -8.147506328130934, 41.098894802703406 ], [ -8.147506328130934, 41.09932648806145 ], [ -8.146766112163425, 41.09932648806145 ], [ -8.146766112163425, 41.099758170582298 ], [ -8.145285680228408, 41.099758170582298 ], [ -8.145285680228408, 41.10018985026592 ], [ -8.143805248293392, 41.10018985026592 ], [ -8.143805248293392, 41.100621527112303 ], [ -8.143065032325884, 41.100621527112303 ], [ -8.143065032325884, 41.101053201121459 ], [ -8.141584600390868, 41.101053201121459 ], [ -8.141584600390868, 41.101484872293369 ], [ -8.14084438442336, 41.101484872293369 ], [ -8.14084438442336, 41.104506491053591 ], [ -8.140104168455851, 41.104506491053591 ], [ -8.140104168455851, 41.10536978516388 ], [ -8.139363952488344, 41.10536978516388 ], [ -8.139363952488344, 41.106233067924975 ], [ -8.138623736520834, 41.106233067924975 ], [ -8.138623736520834, 41.10666470504956 ], [ -8.137883520553325, 41.10666470504956 ], [ -8.137883520553325, 41.107096339336834 ], [ -8.132702008780768, 41.107096339336834 ], [ -8.132702008780768, 41.106233067924975 ], [ -8.131961792813259, 41.106233067924975 ], [ -8.131961792813259, 41.10536978516388 ], [ -8.13122157684575, 41.10536978516388 ], [ -8.13122157684575, 41.104506491053591 ], [ -8.130481360878242, 41.104506491053591 ] ] ], [ [ [ -7.861042748705209, 41.146794554948762 ], [ -7.861042748705209, 41.14636318171943 ], [ -7.859562316770193, 41.14636318171943 ], [ -7.859562316770193, 41.14593180565226 ], [ -7.858081884835176, 41.14593180565226 ], [ -7.858081884835176, 41.145500426747226 ], [ -7.857341668867667, 41.145500426747226 ], [ -7.857341668867667, 41.143343489654633 ], [ -7.85660145290016, 41.143343489654633 ], [ -7.85660145290016, 41.140323658537149 ], [ -7.85586123693265, 41.140323658537149 ], [ -7.85586123693265, 41.139892242740672 ], [ -7.855121020965142, 41.139892242740672 ], [ -7.855121020965142, 41.139460824106429 ], [ -7.853640589030126, 41.139460824106429 ], [ -7.853640589030126, 41.138166551177186 ], [ -7.852900373062616, 41.138166551177186 ], [ -7.852900373062616, 41.136440814209848 ], [ -7.852160157095109, 41.136440814209848 ], [ -7.852160157095109, 41.132557740027451 ], [ -7.852900373062616, 41.132557740027451 ], [ -7.852900373062616, 41.128674435994178 ], [ -7.853640589030126, 41.128674435994178 ], [ -7.853640589030126, 41.124790902114292 ], [ -7.854380804997633, 41.124790902114292 ], [ -7.854380804997633, 41.12306481327974 ], [ -7.85586123693265, 41.12306481327974 ], [ -7.85586123693265, 41.122633283977237 ], [ -7.85660145290016, 41.122633283977237 ], [ -7.85660145290016, 41.122201751837217 ], [ -7.858081884835176, 41.122201751837217 ], [ -7.858081884835176, 41.121770216859666 ], [ -7.858822100802684, 41.121770216859666 ], [ -7.858822100802684, 41.121338679044584 ], [ -7.8603025327377, 41.121338679044584 ], [ -7.8603025327377, 41.120907138391999 ], [ -7.861042748705209, 41.120907138391999 ], [ -7.861042748705209, 41.120475594901912 ], [ -7.861782964672718, 41.120475594901912 ], [ -7.861782964672718, 41.120044048574314 ], [ -7.863263396607733, 41.120044048574314 ], [ -7.863263396607733, 41.119612499409222 ], [ -7.867704692412784, 41.119612499409222 ], [ -7.867704692412784, 41.120044048574314 ], [ -7.868444908380293, 41.120044048574314 ], [ -7.868444908380293, 41.120475594901912 ], [ -7.8691851243478, 41.120475594901912 ], [ -7.8691851243478, 41.121338679044584 ], [ -7.86992534031531, 41.121338679044584 ], [ -7.86992534031531, 41.122201751837217 ], [ -7.870665556282817, 41.122201751837217 ], [ -7.870665556282817, 41.122633283977237 ], [ -7.871405772250324, 41.122633283977237 ], [ -7.871405772250324, 41.123496339744698 ], [ -7.872145988217834, 41.123496339744698 ], [ -7.872145988217834, 41.12435938416197 ], [ -7.872886204185342, 41.12435938416197 ], [ -7.872886204185342, 41.124790902114292 ], [ -7.873626420152851, 41.124790902114292 ], [ -7.873626420152851, 41.125653929506228 ], [ -7.874366636120359, 41.125653929506228 ], [ -7.874366636120359, 41.12651694554787 ], [ -7.875106852087868, 41.12651694554787 ], [ -7.875106852087868, 41.13212627315211 ], [ -7.875847068055377, 41.13212627315211 ], [ -7.875847068055377, 41.133852123627449 ], [ -7.876587284022884, 41.133852123627449 ], [ -7.876587284022884, 41.135146481688288 ], [ -7.877327499990392, 41.135146481688288 ], [ -7.877327499990392, 41.136872252708272 ], [ -7.878067715957901, 41.136872252708272 ], [ -7.878067715957901, 41.137735121191952 ], [ -7.877327499990392, 41.137735121191952 ], [ -7.877327499990392, 41.13859797832469 ], [ -7.876587284022884, 41.13859797832469 ], [ -7.876587284022884, 41.139892242740672 ], [ -7.875847068055377, 41.139892242740672 ], [ -7.875847068055377, 41.140755071495867 ], [ -7.875106852087868, 41.140755071495867 ], [ -7.875106852087868, 41.141617888899951 ], [ -7.874366636120359, 41.141617888899951 ], [ -7.874366636120359, 41.142480694952887 ], [ -7.873626420152851, 41.142480694952887 ], [ -7.873626420152851, 41.143774882748794 ], [ -7.872886204185342, 41.143774882748794 ], [ -7.872886204185342, 41.144637660423662 ], [ -7.872145988217834, 41.144637660423662 ], [ -7.872145988217834, 41.145500426747226 ], [ -7.871405772250324, 41.145500426747226 ], [ -7.871405772250324, 41.14636318171943 ], [ -7.870665556282817, 41.14636318171943 ], [ -7.870665556282817, 41.146794554948762 ], [ -7.86992534031531, 41.146794554948762 ], [ -7.86992534031531, 41.147225925340237 ], [ -7.8691851243478, 41.147225925340237 ], [ -7.8691851243478, 41.147657292893854 ], [ -7.867704692412784, 41.147657292893854 ], [ -7.867704692412784, 41.148088657609591 ], [ -7.86548404451026, 41.148088657609591 ], [ -7.86548404451026, 41.147657292893854 ], [ -7.864003612575242, 41.147657292893854 ], [ -7.864003612575242, 41.147225925340237 ], [ -7.862523180640224, 41.147225925340237 ], [ -7.862523180640224, 41.146794554948762 ], [ -7.861042748705209, 41.146794554948762 ] ] ], [ [ [ -8.580532669123309, 41.282535852242994 ], [ -8.580532669123309, 41.282105373220801 ], [ -8.579792453155802, 41.282105373220801 ], [ -8.579792453155802, 41.281674891358975 ], [ -8.579052237188293, 41.281674891358975 ], [ -8.579052237188293, 41.2812444066575 ], [ -8.578312021220784, 41.2812444066575 ], [ -8.578312021220784, 41.280813919116419 ], [ -8.577571805253276, 41.280813919116419 ], [ -8.577571805253276, 41.27909194055588 ], [ -8.576831589285769, 41.27909194055588 ], [ -8.576831589285769, 41.277369916561767 ], [ -8.57609137331826, 41.277369916561767 ], [ -8.57609137331826, 41.271773024809477 ], [ -8.576831589285769, 41.271773024809477 ], [ -8.576831589285769, 41.270050807726591 ], [ -8.577571805253276, 41.270050807726591 ], [ -8.577571805253276, 41.26962024635715 ], [ -8.578312021220784, 41.26962024635715 ], [ -8.578312021220784, 41.26875911509984 ], [ -8.579052237188293, 41.26875911509984 ], [ -8.579052237188293, 41.267897972484668 ], [ -8.584973964928359, 41.267897972484668 ], [ -8.584973964928359, 41.26875911509984 ], [ -8.585714180895868, 41.26875911509984 ], [ -8.585714180895868, 41.26918968214823 ], [ -8.586454396863378, 41.26918968214823 ], [ -8.586454396863378, 41.270050807726591 ], [ -8.587194612830887, 41.270050807726591 ], [ -8.587194612830887, 41.27048136625654 ], [ -8.587934828798394, 41.27048136625654 ], [ -8.587934828798394, 41.271342474797997 ], [ -8.588675044765901, 41.271342474797997 ], [ -8.588675044765901, 41.271773024809477 ], [ -8.589415260733411, 41.271773024809477 ], [ -8.589415260733411, 41.272203571981457 ], [ -8.590155476700918, 41.272203571981457 ], [ -8.590155476700918, 41.272634116313917 ], [ -8.591635908635935, 41.272634116313917 ], [ -8.591635908635935, 41.273064657806863 ], [ -8.593116340570951, 41.273064657806863 ], [ -8.593116340570951, 41.273495196460289 ], [ -8.59385655653846, 41.273495196460289 ], [ -8.59385655653846, 41.274786795383392 ], [ -8.594596772505968, 41.274786795383392 ], [ -8.594596772505968, 41.276508887527228 ], [ -8.595336988473477, 41.276508887527228 ], [ -8.595336988473477, 41.278230934237996 ], [ -8.594596772505968, 41.278230934237996 ], [ -8.594596772505968, 41.279952935515368 ], [ -8.59385655653846, 41.279952935515368 ], [ -8.59385655653846, 41.2812444066575 ], [ -8.593116340570951, 41.2812444066575 ], [ -8.593116340570951, 41.281674891358975 ], [ -8.591635908635935, 41.281674891358975 ], [ -8.591635908635935, 41.282105373220801 ], [ -8.590155476700918, 41.282105373220801 ], [ -8.590155476700918, 41.282535852242994 ], [ -8.589415260733411, 41.282535852242994 ], [ -8.589415260733411, 41.282966328425545 ], [ -8.587934828798394, 41.282966328425545 ], [ -8.587934828798394, 41.28339680176844 ], [ -8.586454396863378, 41.28339680176844 ], [ -8.586454396863378, 41.283827272271687 ], [ -8.583493532993343, 41.283827272271687 ], [ -8.583493532993343, 41.28339680176844 ], [ -8.582753317025835, 41.28339680176844 ], [ -8.582753317025835, 41.282966328425545 ], [ -8.582013101058326, 41.282966328425545 ], [ -8.582013101058326, 41.282535852242994 ], [ -8.580532669123309, 41.282535852242994 ] ] ], [ [ [ -7.275531918406117, 41.706033233653613 ], [ -7.275531918406117, 41.705177883424398 ], [ -7.274791702438608, 41.705177883424398 ], [ -7.274791702438608, 41.700045543087057 ], [ -7.275531918406117, 41.700045543087057 ], [ -7.275531918406117, 41.69919011320421 ], [ -7.276272134373625, 41.69919011320421 ], [ -7.276272134373625, 41.698334671942419 ], [ -7.275531918406117, 41.698334671942419 ], [ -7.275531918406117, 41.697906947044451 ], [ -7.274791702438608, 41.697906947044451 ], [ -7.274791702438608, 41.697479219301755 ], [ -7.274051486471099, 41.697479219301755 ], [ -7.274051486471099, 41.696623755282225 ], [ -7.273311270503592, 41.696623755282225 ], [ -7.273311270503592, 41.696196019005406 ], [ -7.272571054536084, 41.696196019005406 ], [ -7.272571054536084, 41.691490732211371 ], [ -7.273311270503592, 41.691490732211371 ], [ -7.273311270503592, 41.69063518854098 ], [ -7.274051486471099, 41.69063518854098 ], [ -7.274051486471099, 41.689779633492044 ], [ -7.274791702438608, 41.689779633492044 ], [ -7.274791702438608, 41.688924067064612 ], [ -7.278492782276149, 41.688924067064612 ], [ -7.278492782276149, 41.689351851700636 ], [ -7.282934078081201, 41.689351851700636 ], [ -7.282934078081201, 41.688924067064612 ], [ -7.284414510016216, 41.688924067064612 ], [ -7.284414510016216, 41.68849627958398 ], [ -7.286635157918742, 41.68849627958398 ], [ -7.286635157918742, 41.688068489258725 ], [ -7.288115589853758, 41.688068489258725 ], [ -7.288115589853758, 41.68764069608887 ], [ -7.289596021788776, 41.68764069608887 ], [ -7.289596021788776, 41.687212900074421 ], [ -7.292556885658807, 41.687212900074421 ], [ -7.292556885658807, 41.688068489258725 ], [ -7.293297101626316, 41.688068489258725 ], [ -7.293297101626316, 41.688924067064612 ], [ -7.294037317593825, 41.688924067064612 ], [ -7.294037317593825, 41.689779633492044 ], [ -7.294777533561333, 41.689779633492044 ], [ -7.294777533561333, 41.691918499779597 ], [ -7.29551774952884, 41.691918499779597 ], [ -7.29551774952884, 41.696196019005406 ], [ -7.296257965496349, 41.696196019005406 ], [ -7.296257965496349, 41.700473253761366 ], [ -7.296998181463858, 41.700473253761366 ], [ -7.296998181463858, 41.703467148828352 ], [ -7.296257965496349, 41.703467148828352 ], [ -7.296257965496349, 41.703894836744546 ], [ -7.29551774952884, 41.703894836744546 ], [ -7.29551774952884, 41.704750204042568 ], [ -7.294777533561333, 41.704750204042568 ], [ -7.294777533561333, 41.705605559961398 ], [ -7.294037317593825, 41.705605559961398 ], [ -7.294037317593825, 41.706033233653613 ], [ -7.292556885658807, 41.706033233653613 ], [ -7.292556885658807, 41.705605559961398 ], [ -7.289596021788776, 41.705605559961398 ], [ -7.289596021788776, 41.705177883424398 ], [ -7.286635157918742, 41.705177883424398 ], [ -7.286635157918742, 41.704750204042568 ], [ -7.285154725983725, 41.704750204042568 ], [ -7.285154725983725, 41.705177883424398 ], [ -7.284414510016216, 41.705177883424398 ], [ -7.284414510016216, 41.706033233653613 ], [ -7.283674294048708, 41.706033233653613 ], [ -7.283674294048708, 41.706888572503601 ], [ -7.282934078081201, 41.706888572503601 ], [ -7.282934078081201, 41.70731623766136 ], [ -7.282193862113692, 41.70731623766136 ], [ -7.282193862113692, 41.707743899974297 ], [ -7.277752566308641, 41.707743899974297 ], [ -7.277752566308641, 41.70731623766136 ], [ -7.277012350341132, 41.70731623766136 ], [ -7.277012350341132, 41.706460904501007 ], [ -7.276272134373625, 41.706460904501007 ], [ -7.276272134373625, 41.706033233653613 ], [ -7.275531918406117, 41.706033233653613 ] ] ], [ [ [ -7.835135189842418, 41.944657417630097 ], [ -7.835135189842418, 41.944231334933122 ], [ -7.834394973874908, 41.944231334933122 ], [ -7.834394973874908, 41.943805249388696 ], [ -7.832174325972384, 41.943805249388696 ], [ -7.832174325972384, 41.944231334933122 ], [ -7.826252598232317, 41.944231334933122 ], [ -7.826252598232317, 41.943805249388696 ], [ -7.825512382264808, 41.943805249388696 ], [ -7.825512382264808, 41.943379160996827 ], [ -7.824772166297301, 41.943379160996827 ], [ -7.824772166297301, 41.942953069757536 ], [ -7.824031950329791, 41.942953069757536 ], [ -7.824031950329791, 41.942100878736653 ], [ -7.823291734362284, 41.942100878736653 ], [ -7.823291734362284, 41.941248676326076 ], [ -7.822551518394777, 41.941248676326076 ], [ -7.822551518394777, 41.939544237336001 ], [ -7.821811302427268, 41.939544237336001 ], [ -7.821811302427268, 41.9382658781958 ], [ -7.821071086459759, 41.9382658781958 ], [ -7.821071086459759, 41.936987493429157 ], [ -7.82033087049225, 41.936987493429157 ], [ -7.82033087049225, 41.935282940543829 ], [ -7.819590654524741, 41.935282940543829 ], [ -7.819590654524741, 41.934004495982656 ], [ -7.818850438557233, 41.934004495982656 ], [ -7.818850438557233, 41.933152185371853 ], [ -7.8158895746872, 41.933152185371853 ], [ -7.8158895746872, 41.933578342100922 ], [ -7.813668926784676, 41.933578342100922 ], [ -7.813668926784676, 41.932726025795461 ], [ -7.812928710817167, 41.932726025795461 ], [ -7.812928710817167, 41.932299863371739 ], [ -7.812188494849659, 41.932299863371739 ], [ -7.812188494849659, 41.931447529982364 ], [ -7.81144827888215, 41.931447529982364 ], [ -7.81144827888215, 41.93059518520375 ], [ -7.810708062914642, 41.93059518520375 ], [ -7.810708062914642, 41.929742829035931 ], [ -7.81144827888215, 41.929742829035931 ], [ -7.81144827888215, 41.925907085340441 ], [ -7.812188494849659, 41.925907085340441 ], [ -7.812188494849659, 41.924628452857952 ], [ -7.812928710817167, 41.924628452857952 ], [ -7.812928710817167, 41.924202236335979 ], [ -7.813668926784676, 41.924202236335979 ], [ -7.813668926784676, 41.923776016966784 ], [ -7.815149358719691, 41.923776016966784 ], [ -7.815149358719691, 41.923349794750358 ], [ -7.8158895746872, 41.923349794750358 ], [ -7.8158895746872, 41.922923569686702 ], [ -7.81662979065471, 41.922923569686702 ], [ -7.81662979065471, 41.923349794750358 ], [ -7.818110222589726, 41.923349794750358 ], [ -7.818110222589726, 41.923776016966784 ], [ -7.818850438557233, 41.923776016966784 ], [ -7.818850438557233, 41.923349794750358 ], [ -7.819590654524741, 41.923349794750358 ], [ -7.819590654524741, 41.922497341775838 ], [ -7.82033087049225, 41.922497341775838 ], [ -7.82033087049225, 41.92207111101775 ], [ -7.821071086459759, 41.92207111101775 ], [ -7.821071086459759, 41.921218640959964 ], [ -7.821811302427268, 41.921218640959964 ], [ -7.821811302427268, 41.920792401660272 ], [ -7.822551518394777, 41.920792401660272 ], [ -7.822551518394777, 41.919939914519318 ], [ -7.823291734362284, 41.919939914519318 ], [ -7.823291734362284, 41.919513666678057 ], [ -7.824031950329791, 41.919513666678057 ], [ -7.824031950329791, 41.918661162453994 ], [ -7.824772166297301, 41.918661162453994 ], [ -7.824772166297301, 41.918234906071213 ], [ -7.825512382264808, 41.918234906071213 ], [ -7.825512382264808, 41.917808646841237 ], [ -7.826252598232317, 41.917808646841237 ], [ -7.826252598232317, 41.917382384764132 ], [ -7.826992814199825, 41.917382384764132 ], [ -7.826992814199825, 41.916956119839853 ], [ -7.827733030167334, 41.916956119839853 ], [ -7.827733030167334, 41.916529852068429 ], [ -7.828473246134843, 41.916529852068429 ], [ -7.828473246134843, 41.916103581449839 ], [ -7.82921346210235, 41.916103581449839 ], [ -7.82921346210235, 41.915677307984119 ], [ -7.829953678069859, 41.915677307984119 ], [ -7.829953678069859, 41.915251031671261 ], [ -7.830693894037368, 41.915251031671261 ], [ -7.830693894037368, 41.914824752511258 ], [ -7.831434110004875, 41.914824752511258 ], [ -7.831434110004875, 41.914398470504132 ], [ -7.832174325972384, 41.914398470504132 ], [ -7.832174325972384, 41.913972185649875 ], [ -7.832914541939894, 41.913972185649875 ], [ -7.832914541939894, 41.911840718671883 ], [ -7.832174325972384, 41.911840718671883 ], [ -7.832174325972384, 41.908856545324682 ], [ -7.832914541939894, 41.908856545324682 ], [ -7.832914541939894, 41.908430223458211 ], [ -7.833654757907399, 41.908430223458211 ], [ -7.833654757907399, 41.907577571184092 ], [ -7.834394973874908, 41.907577571184092 ], [ -7.834394973874908, 41.906724907521763 ], [ -7.835135189842418, 41.906724907521763 ], [ -7.835135189842418, 41.906298571420017 ], [ -7.836615621777434, 41.906298571420017 ], [ -7.836615621777434, 41.906724907521763 ], [ -7.838836269679959, 41.906724907521763 ], [ -7.838836269679959, 41.90715124077645 ], [ -7.841056917582485, 41.90715124077645 ], [ -7.841056917582485, 41.907577571184092 ], [ -7.84327756548501, 41.907577571184092 ], [ -7.84327756548501, 41.908003898744688 ], [ -7.845498213387533, 41.908003898744688 ], [ -7.845498213387533, 41.908430223458211 ], [ -7.850679725160092, 41.908430223458211 ], [ -7.850679725160092, 41.908003898744688 ], [ -7.854380804997633, 41.908003898744688 ], [ -7.854380804997633, 41.908856545324682 ], [ -7.855121020965142, 41.908856545324682 ], [ -7.855121020965142, 41.909709180516423 ], [ -7.85586123693265, 41.909709180516423 ], [ -7.85586123693265, 41.910135493841686 ], [ -7.85660145290016, 41.910135493841686 ], [ -7.85660145290016, 41.912693314004407 ], [ -7.859562316770193, 41.912693314004407 ], [ -7.859562316770193, 41.912267017761693 ], [ -7.861782964672718, 41.912267017761693 ], [ -7.861782964672718, 41.911840718671883 ], [ -7.864003612575242, 41.911840718671883 ], [ -7.864003612575242, 41.913119607400013 ], [ -7.864743828542751, 41.913119607400013 ], [ -7.864743828542751, 41.913972185649875 ], [ -7.86548404451026, 41.913972185649875 ], [ -7.86548404451026, 41.915251031671261 ], [ -7.866224260477767, 41.915251031671261 ], [ -7.866224260477767, 41.916103581449839 ], [ -7.866964476445275, 41.916103581449839 ], [ -7.866964476445275, 41.917808646841237 ], [ -7.866224260477767, 41.917808646841237 ], [ -7.866224260477767, 41.920792401660272 ], [ -7.86548404451026, 41.920792401660272 ], [ -7.86548404451026, 41.923349794750358 ], [ -7.864743828542751, 41.923349794750358 ], [ -7.864743828542751, 41.925054666532688 ], [ -7.864003612575242, 41.925054666532688 ], [ -7.864003612575242, 41.925907085340441 ], [ -7.863263396607733, 41.925907085340441 ], [ -7.863263396607733, 41.926333290473444 ], [ -7.862523180640224, 41.926333290473444 ], [ -7.862523180640224, 41.926759492759189 ], [ -7.861782964672718, 41.926759492759189 ], [ -7.861782964672718, 41.92761188878891 ], [ -7.861042748705209, 41.92761188878891 ], [ -7.861042748705209, 41.934430647017059 ], [ -7.861782964672718, 41.934430647017059 ], [ -7.861782964672718, 41.936135222681209 ], [ -7.861042748705209, 41.936135222681209 ], [ -7.861042748705209, 41.936987493429157 ], [ -7.8603025327377, 41.936987493429157 ], [ -7.8603025327377, 41.937839752787625 ], [ -7.859562316770193, 41.937839752787625 ], [ -7.859562316770193, 41.938692000756582 ], [ -7.858822100802684, 41.938692000756582 ], [ -7.858822100802684, 41.939544237336001 ], [ -7.858081884835176, 41.939544237336001 ], [ -7.858081884835176, 41.939970351354631 ], [ -7.857341668867667, 41.939970351354631 ], [ -7.857341668867667, 41.940822570849669 ], [ -7.85660145290016, 41.940822570849669 ], [ -7.85660145290016, 41.941674778955068 ], [ -7.85586123693265, 41.941674778955068 ], [ -7.85586123693265, 41.942100878736653 ], [ -7.850679725160092, 41.942100878736653 ], [ -7.850679725160092, 41.941674778955068 ], [ -7.847718861290059, 41.941674778955068 ], [ -7.847718861290059, 41.942100878736653 ], [ -7.846978645322551, 41.942100878736653 ], [ -7.846978645322551, 41.942526975670802 ], [ -7.846238429355042, 41.942526975670802 ], [ -7.846238429355042, 41.942953069757536 ], [ -7.845498213387533, 41.942953069757536 ], [ -7.845498213387533, 41.943379160996827 ], [ -7.844757997420025, 41.943379160996827 ], [ -7.844757997420025, 41.943805249388696 ], [ -7.84327756548501, 41.943805249388696 ], [ -7.84327756548501, 41.944231334933122 ], [ -7.842537349517501, 41.944231334933122 ], [ -7.842537349517501, 41.944657417630097 ], [ -7.841797133549992, 41.944657417630097 ], [ -7.841797133549992, 41.945083497479615 ], [ -7.841056917582485, 41.945083497479615 ], [ -7.841056917582485, 41.94550957448169 ], [ -7.839576485647468, 41.94550957448169 ], [ -7.839576485647468, 41.945935648636308 ], [ -7.837355837744941, 41.945935648636308 ], [ -7.837355837744941, 41.94550957448169 ], [ -7.836615621777434, 41.94550957448169 ], [ -7.836615621777434, 41.945083497479615 ], [ -7.835875405809925, 41.945083497479615 ], [ -7.835875405809925, 41.944657417630097 ], [ -7.835135189842418, 41.944657417630097 ] ] ], [ [ [ -7.16301909134485, 42.260025570441968 ], [ -7.16301909134485, 42.259601601754142 ], [ -7.162278875377341, 42.259601601754142 ], [ -7.162278875377341, 42.258329678586911 ], [ -7.161538659409833, 42.258329678586911 ], [ -7.161538659409833, 42.257481715555663 ], [ -7.160798443442325, 42.257481715555663 ], [ -7.160798443442325, 42.256209749629257 ], [ -7.160058227474816, 42.256209749629257 ], [ -7.160058227474816, 42.254937758047468 ], [ -7.159318011507308, 42.254937758047468 ], [ -7.159318011507308, 42.254089749406688 ], [ -7.1585777955398, 42.254089749406688 ], [ -7.1585777955398, 42.2528177150662 ], [ -7.157837579572292, 42.2528177150662 ], [ -7.157837579572292, 42.25154565507065 ], [ -7.157097363604783, 42.25154565507065 ], [ -7.157097363604783, 42.251121629371028 ], [ -7.157837579572292, 42.251121629371028 ], [ -7.157837579572292, 42.248577415311907 ], [ -7.1585777955398, 42.248577415311907 ], [ -7.1585777955398, 42.245609035877536 ], [ -7.159318011507308, 42.245609035877536 ], [ -7.159318011507308, 42.243488679338057 ], [ -7.160058227474816, 42.243488679338057 ], [ -7.160058227474816, 42.243064599478728 ], [ -7.160798443442325, 42.243064599478728 ], [ -7.160798443442325, 42.24264051676893 ], [ -7.161538659409833, 42.24264051676893 ], [ -7.161538659409833, 42.242216431208654 ], [ -7.16301909134485, 42.242216431208654 ], [ -7.16301909134485, 42.241792342797922 ], [ -7.164499523279865, 42.241792342797922 ], [ -7.164499523279865, 42.242216431208654 ], [ -7.165239739247374, 42.242216431208654 ], [ -7.165239739247374, 42.24264051676893 ], [ -7.166720171182392, 42.24264051676893 ], [ -7.166720171182392, 42.243064599478728 ], [ -7.167460387149899, 42.243064599478728 ], [ -7.167460387149899, 42.243488679338057 ], [ -7.168200603117408, 42.243488679338057 ], [ -7.168200603117408, 42.243912756346916 ], [ -7.169681035052425, 42.243912756346916 ], [ -7.169681035052425, 42.244336830505304 ], [ -7.170421251019932, 42.244336830505304 ], [ -7.170421251019932, 42.244760901813201 ], [ -7.171161466987441, 42.244760901813201 ], [ -7.171161466987441, 42.245184970270607 ], [ -7.172641898922458, 42.245184970270607 ], [ -7.172641898922458, 42.246033098633966 ], [ -7.173382114889967, 42.246033098633966 ], [ -7.173382114889967, 42.247305269800229 ], [ -7.174122330857474, 42.247305269800229 ], [ -7.174122330857474, 42.248577415311907 ], [ -7.174862546824983, 42.248577415311907 ], [ -7.174862546824983, 42.249849535168877 ], [ -7.175602762792492, 42.249849535168877 ], [ -7.175602762792492, 42.251121629371028 ], [ -7.176342978760001, 42.251121629371028 ], [ -7.176342978760001, 42.252393697918237 ], [ -7.177083194727508, 42.252393697918237 ], [ -7.177083194727508, 42.253665740810426 ], [ -7.177823410695016, 42.253665740810426 ], [ -7.177823410695016, 42.25451375515236 ], [ -7.177083194727508, 42.25451375515236 ], [ -7.177083194727508, 42.256209749629257 ], [ -7.176342978760001, 42.256209749629257 ], [ -7.176342978760001, 42.257905698496593 ], [ -7.175602762792492, 42.257905698496593 ], [ -7.175602762792492, 42.258329678586911 ], [ -7.174122330857474, 42.258329678586911 ], [ -7.174122330857474, 42.258753655826617 ], [ -7.173382114889967, 42.258753655826617 ], [ -7.173382114889967, 42.259177630215689 ], [ -7.172641898922458, 42.259177630215689 ], [ -7.172641898922458, 42.259601601754142 ], [ -7.171161466987441, 42.259601601754142 ], [ -7.171161466987441, 42.260025570441968 ], [ -7.170421251019932, 42.260025570441968 ], [ -7.170421251019932, 42.260449536279161 ], [ -7.169681035052425, 42.260449536279161 ], [ -7.169681035052425, 42.260873499265713 ], [ -7.168200603117408, 42.260873499265713 ], [ -7.168200603117408, 42.261297459401639 ], [ -7.165979955214883, 42.261297459401639 ], [ -7.165979955214883, 42.260873499265713 ], [ -7.164499523279865, 42.260873499265713 ], [ -7.164499523279865, 42.260449536279161 ], [ -7.163759307312358, 42.260449536279161 ], [ -7.163759307312358, 42.260025570441968 ], [ -7.16301909134485, 42.260025570441968 ] ] ], [ [ [ -6.764042684857857, 42.557369924099952 ], [ -6.763302468890348, 42.557369924099952 ], [ -6.763302468890348, 42.556947960367992 ], [ -6.76256225292284, 42.556947960367992 ], [ -6.76256225292284, 42.556525993782721 ], [ -6.761822036955333, 42.556525993782721 ], [ -6.761822036955333, 42.555682052052248 ], [ -6.761081820987823, 42.555682052052248 ], [ -6.761081820987823, 42.555260076907061 ], [ -6.760341605020315, 42.555260076907061 ], [ -6.760341605020315, 42.553150158381676 ], [ -6.761081820987823, 42.553150158381676 ], [ -6.761081820987823, 42.54935212527954 ], [ -6.761822036955333, 42.54935212527954 ], [ -6.761822036955333, 42.54850808653768 ], [ -6.76256225292284, 42.54850808653768 ], [ -6.76256225292284, 42.548086062886881 ], [ -6.763302468890348, 42.548086062886881 ], [ -6.763302468890348, 42.547664036382848 ], [ -6.764042684857857, 42.547664036382848 ], [ -6.764042684857857, 42.547242007025581 ], [ -6.764782900825367, 42.547242007025581 ], [ -6.764782900825367, 42.546397939751351 ], [ -6.765523116792874, 42.546397939751351 ], [ -6.765523116792874, 42.545975901834403 ], [ -6.766263332760382, 42.545975901834403 ], [ -6.766263332760382, 42.545553861064228 ], [ -6.767003548727891, 42.545553861064228 ], [ -6.767003548727891, 42.54513181744084 ], [ -6.775886140337991, 42.54513181744084 ], [ -6.775886140337991, 42.545553861064228 ], [ -6.776626356305498, 42.545553861064228 ], [ -6.776626356305498, 42.545975901834403 ], [ -6.777366572273007, 42.545975901834403 ], [ -6.777366572273007, 42.546397939751351 ], [ -6.778106788240516, 42.546397939751351 ], [ -6.778106788240516, 42.547242007025581 ], [ -6.778847004208023, 42.547242007025581 ], [ -6.778847004208023, 42.548086062886881 ], [ -6.779587220175531, 42.548086062886881 ], [ -6.779587220175531, 42.54850808653768 ], [ -6.780327436143041, 42.54850808653768 ], [ -6.780327436143041, 42.54935212527954 ], [ -6.781067652110549, 42.54935212527954 ], [ -6.781067652110549, 42.550196152608407 ], [ -6.780327436143041, 42.550196152608407 ], [ -6.780327436143041, 42.554416118056778 ], [ -6.779587220175531, 42.554416118056778 ], [ -6.779587220175531, 42.556947960367992 ], [ -6.778847004208023, 42.556947960367992 ], [ -6.778847004208023, 42.557791884978592 ], [ -6.778106788240516, 42.557791884978592 ], [ -6.778106788240516, 42.558635798175914 ], [ -6.777366572273007, 42.558635798175914 ], [ -6.777366572273007, 42.559057750494581 ], [ -6.776626356305498, 42.559057750494581 ], [ -6.776626356305498, 42.559479699959915 ], [ -6.767003548727891, 42.559479699959915 ], [ -6.767003548727891, 42.559057750494581 ], [ -6.765523116792874, 42.559057750494581 ], [ -6.765523116792874, 42.558635798175914 ], [ -6.764782900825367, 42.558635798175914 ], [ -6.764782900825367, 42.558213843003912 ], [ -6.764042684857857, 42.558213843003912 ], [ -6.764042684857857, 42.557369924099952 ] ] ], [ [ [ -5.72255881857363, 43.535697187634213 ], [ -5.721818602606122, 43.535697187634213 ], [ -5.721818602606122, 43.534866610620547 ], [ -5.721078386638613, 43.534866610620547 ], [ -5.721078386638613, 43.533620723650237 ], [ -5.720338170671106, 43.533620723650237 ], [ -5.720338170671106, 43.532790118036843 ], [ -5.719597954703597, 43.532790118036843 ], [ -5.719597954703597, 43.531959500983589 ], [ -5.718857738736089, 43.531959500983589 ], [ -5.718857738736089, 43.530713553953994 ], [ -5.718117522768581, 43.530713553953994 ], [ -5.718117522768581, 43.529882908301154 ], [ -5.717377306801072, 43.529882908301154 ], [ -5.717377306801072, 43.529052251208505 ], [ -5.716637090833564, 43.529052251208505 ], [ -5.716637090833564, 43.527806244119944 ], [ -5.715896874866057, 43.527806244119944 ], [ -5.715896874866057, 43.526975558427864 ], [ -5.715156658898548, 43.526975558427864 ], [ -5.715156658898548, 43.525314152724491 ], [ -5.715896874866057, 43.525314152724491 ], [ -5.715896874866057, 43.521575822586357 ], [ -5.716637090833564, 43.521575822586357 ], [ -5.716637090833564, 43.520329661061893 ], [ -5.717377306801072, 43.520329661061893 ], [ -5.717377306801072, 43.519914268167263 ], [ -5.718117522768581, 43.519914268167263 ], [ -5.718117522768581, 43.519498872412733 ], [ -5.718857738736089, 43.519498872412733 ], [ -5.718857738736089, 43.519083473798304 ], [ -5.719597954703597, 43.519083473798304 ], [ -5.719597954703597, 43.518252667989771 ], [ -5.720338170671106, 43.518252667989771 ], [ -5.720338170671106, 43.517837260795666 ], [ -5.721078386638613, 43.517837260795666 ], [ -5.721078386638613, 43.51742185074167 ], [ -5.721818602606122, 43.51742185074167 ], [ -5.721818602606122, 43.517006437827789 ], [ -5.723299034541139, 43.517006437827789 ], [ -5.723299034541139, 43.516591022054023 ], [ -5.724779466476156, 43.516591022054023 ], [ -5.724779466476156, 43.516175603420372 ], [ -5.726259898411173, 43.516175603420372 ], [ -5.726259898411173, 43.515760181926844 ], [ -5.727740330346189, 43.515760181926844 ], [ -5.727740330346189, 43.51534475757343 ], [ -5.729220762281205, 43.51534475757343 ], [ -5.729220762281205, 43.514929330360154 ], [ -5.729960978248714, 43.514929330360154 ], [ -5.729960978248714, 43.514513900287 ], [ -5.73144141018373, 43.514513900287 ], [ -5.73144141018373, 43.514098467353968 ], [ -5.732921842118747, 43.514098467353968 ], [ -5.732921842118747, 43.513683031561072 ], [ -5.734402274053765, 43.513683031561072 ], [ -5.734402274053765, 43.514098467353968 ], [ -5.73662292195629, 43.514098467353968 ], [ -5.73662292195629, 43.514513900287 ], [ -5.738843569858814, 43.514513900287 ], [ -5.738843569858814, 43.514929330360154 ], [ -5.74032400179383, 43.514929330360154 ], [ -5.74032400179383, 43.51534475757343 ], [ -5.741064217761339, 43.51534475757343 ], [ -5.741064217761339, 43.515760181926844 ], [ -5.741804433728848, 43.515760181926844 ], [ -5.741804433728848, 43.516591022054023 ], [ -5.742544649696356, 43.516591022054023 ], [ -5.742544649696356, 43.51742185074167 ], [ -5.743284865663864, 43.51742185074167 ], [ -5.743284865663864, 43.518252667989771 ], [ -5.744025081631372, 43.518252667989771 ], [ -5.744025081631372, 43.519083473798304 ], [ -5.744765297598882, 43.519083473798304 ], [ -5.744765297598882, 43.519498872412733 ], [ -5.745505513566389, 43.519498872412733 ], [ -5.745505513566389, 43.520329661061893 ], [ -5.746245729533897, 43.520329661061893 ], [ -5.746245729533897, 43.523652701262279 ], [ -5.745505513566389, 43.523652701262279 ], [ -5.745505513566389, 43.529052251208505 ], [ -5.744765297598882, 43.529052251208505 ], [ -5.744765297598882, 43.531128872490477 ], [ -5.744025081631372, 43.531128872490477 ], [ -5.744025081631372, 43.531544188167018 ], [ -5.743284865663864, 43.531544188167018 ], [ -5.743284865663864, 43.531959500983589 ], [ -5.742544649696356, 43.531959500983589 ], [ -5.742544649696356, 43.53237481094019 ], [ -5.741804433728848, 43.53237481094019 ], [ -5.741804433728848, 43.532790118036843 ], [ -5.741064217761339, 43.532790118036843 ], [ -5.741064217761339, 43.533205422273518 ], [ -5.74032400179383, 43.533205422273518 ], [ -5.74032400179383, 43.533620723650237 ], [ -5.739583785826321, 43.533620723650237 ], [ -5.739583785826321, 43.53403602216698 ], [ -5.738843569858814, 43.53403602216698 ], [ -5.738843569858814, 43.534451317823752 ], [ -5.738103353891305, 43.534451317823752 ], [ -5.738103353891305, 43.534866610620547 ], [ -5.737363137923798, 43.534866610620547 ], [ -5.737363137923798, 43.535281900557365 ], [ -5.73662292195629, 43.535281900557365 ], [ -5.73662292195629, 43.535697187634213 ], [ -5.73588270598878, 43.535697187634213 ], [ -5.73588270598878, 43.536112471851069 ], [ -5.735142490021273, 43.536112471851069 ], [ -5.735142490021273, 43.536527753207956 ], [ -5.734402274053765, 43.536527753207956 ], [ -5.734402274053765, 43.536943031704851 ], [ -5.733662058086256, 43.536943031704851 ], [ -5.733662058086256, 43.537358307341755 ], [ -5.732921842118747, 43.537358307341755 ], [ -5.732921842118747, 43.537773580118674 ], [ -5.729960978248714, 43.537773580118674 ], [ -5.729960978248714, 43.537358307341755 ], [ -5.727000114378681, 43.537358307341755 ], [ -5.727000114378681, 43.536943031704851 ], [ -5.724039250508648, 43.536943031704851 ], [ -5.724039250508648, 43.536527753207956 ], [ -5.72255881857363, 43.536527753207956 ], [ -5.72255881857363, 43.535697187634213 ] ] ], [ [ [ -5.85135639692008, 43.55770331002217 ], [ -5.85135639692008, 43.556873036172156 ], [ -5.850616180952573, 43.556873036172156 ], [ -5.850616180952573, 43.552306325501249 ], [ -5.849875964985064, 43.552306325501249 ], [ -5.849875964985064, 43.550230433520795 ], [ -5.849135749017555, 43.550230433520795 ], [ -5.849135749017555, 43.550645617637002 ], [ -5.847655317082539, 43.550645617637002 ], [ -5.847655317082539, 43.551060798893154 ], [ -5.846915101115031, 43.551060798893154 ], [ -5.846915101115031, 43.551475977289243 ], [ -5.844694453212505, 43.551475977289243 ], [ -5.844694453212505, 43.551060798893154 ], [ -5.842473805309981, 43.551060798893154 ], [ -5.842473805309981, 43.550645617637002 ], [ -5.840253157407456, 43.550645617637002 ], [ -5.840253157407456, 43.550230433520795 ], [ -5.83877272547244, 43.550230433520795 ], [ -5.83877272547244, 43.549815246544526 ], [ -5.836552077569914, 43.549815246544526 ], [ -5.836552077569914, 43.549400056708208 ], [ -5.835071645634897, 43.549400056708208 ], [ -5.835071645634897, 43.548984864011857 ], [ -5.832850997732372, 43.548984864011857 ], [ -5.832850997732372, 43.548569668455436 ], [ -5.832110781764865, 43.548569668455436 ], [ -5.832110781764865, 43.548984864011857 ], [ -5.831370565797356, 43.548984864011857 ], [ -5.831370565797356, 43.549815246544526 ], [ -5.830630349829847, 43.549815246544526 ], [ -5.830630349829847, 43.550230433520795 ], [ -5.829890133862339, 43.550230433520795 ], [ -5.829890133862339, 43.550645617637002 ], [ -5.829149917894831, 43.550645617637002 ], [ -5.829149917894831, 43.551475977289243 ], [ -5.828409701927322, 43.551475977289243 ], [ -5.828409701927322, 43.551891152825284 ], [ -5.822487974187256, 43.551891152825284 ], [ -5.822487974187256, 43.551060798893154 ], [ -5.821747758219748, 43.551060798893154 ], [ -5.821747758219748, 43.550230433520795 ], [ -5.821007542252239, 43.550230433520795 ], [ -5.821007542252239, 43.549400056708208 ], [ -5.82026732628473, 43.549400056708208 ], [ -5.82026732628473, 43.546908857629347 ], [ -5.819527110317222, 43.546908857629347 ], [ -5.819527110317222, 43.54192615058799 ], [ -5.818786894349714, 43.54192615058799 ], [ -5.818786894349714, 43.541510906411077 ], [ -5.818046678382206, 43.541510906411077 ], [ -5.818046678382206, 43.541095659374164 ], [ -5.817306462414698, 43.541095659374164 ], [ -5.817306462414698, 43.540680409477226 ], [ -5.816566246447189, 43.540680409477226 ], [ -5.816566246447189, 43.539434642626411 ], [ -5.815826030479681, 43.539434642626411 ], [ -5.815826030479681, 43.537773580118674 ], [ -5.815085814512173, 43.537773580118674 ], [ -5.815085814512173, 43.536527753207956 ], [ -5.815826030479681, 43.536527753207956 ], [ -5.815826030479681, 43.535281900557365 ], [ -5.816566246447189, 43.535281900557365 ], [ -5.816566246447189, 43.53403602216698 ], [ -5.817306462414698, 43.53403602216698 ], [ -5.817306462414698, 43.533205422273518 ], [ -5.818046678382206, 43.533205422273518 ], [ -5.818046678382206, 43.531959500983589 ], [ -5.821007542252239, 43.531959500983589 ], [ -5.821007542252239, 43.53237481094019 ], [ -5.823968406122273, 43.53237481094019 ], [ -5.823968406122273, 43.531959500983589 ], [ -5.824708622089781, 43.531959500983589 ], [ -5.824708622089781, 43.531544188167018 ], [ -5.82544883805729, 43.531544188167018 ], [ -5.82544883805729, 43.531128872490477 ], [ -5.826189054024797, 43.531128872490477 ], [ -5.826189054024797, 43.530713553953994 ], [ -5.827669485959815, 43.530713553953994 ], [ -5.827669485959815, 43.530298232557548 ], [ -5.828409701927322, 43.530298232557548 ], [ -5.828409701927322, 43.529882908301154 ], [ -5.829149917894831, 43.529882908301154 ], [ -5.829149917894831, 43.529467581184797 ], [ -5.829890133862339, 43.529467581184797 ], [ -5.829890133862339, 43.529052251208505 ], [ -5.830630349829847, 43.529052251208505 ], [ -5.830630349829847, 43.528636918372264 ], [ -5.832110781764865, 43.528636918372264 ], [ -5.832110781764865, 43.529052251208505 ], [ -5.832850997732372, 43.529052251208505 ], [ -5.832850997732372, 43.529467581184797 ], [ -5.833591213699881, 43.529467581184797 ], [ -5.833591213699881, 43.529882908301154 ], [ -5.834331429667389, 43.529882908301154 ], [ -5.834331429667389, 43.530298232557548 ], [ -5.835071645634897, 43.530298232557548 ], [ -5.835071645634897, 43.530713553953994 ], [ -5.835811861602406, 43.530713553953994 ], [ -5.835811861602406, 43.531544188167018 ], [ -5.836552077569914, 43.531544188167018 ], [ -5.836552077569914, 43.531959500983589 ], [ -5.837292293537423, 43.531959500983589 ], [ -5.837292293537423, 43.53237481094019 ], [ -5.838032509504931, 43.53237481094019 ], [ -5.838032509504931, 43.532790118036843 ], [ -5.83877272547244, 43.532790118036843 ], [ -5.83877272547244, 43.533205422273518 ], [ -5.841733589342473, 43.533205422273518 ], [ -5.841733589342473, 43.532790118036843 ], [ -5.842473805309981, 43.532790118036843 ], [ -5.842473805309981, 43.53237481094019 ], [ -5.843954237244998, 43.53237481094019 ], [ -5.843954237244998, 43.531959500983589 ], [ -5.846174885147523, 43.531959500983589 ], [ -5.846174885147523, 43.53237481094019 ], [ -5.846915101115031, 43.53237481094019 ], [ -5.846915101115031, 43.532790118036843 ], [ -5.847655317082539, 43.532790118036843 ], [ -5.847655317082539, 43.533620723650237 ], [ -5.848395533050048, 43.533620723650237 ], [ -5.848395533050048, 43.53403602216698 ], [ -5.849135749017555, 43.53403602216698 ], [ -5.849135749017555, 43.534451317823752 ], [ -5.849875964985064, 43.534451317823752 ], [ -5.849875964985064, 43.534866610620547 ], [ -5.850616180952573, 43.534866610620547 ], [ -5.850616180952573, 43.535281900557365 ], [ -5.85135639692008, 43.535281900557365 ], [ -5.85135639692008, 43.536943031704851 ], [ -5.852096612887589, 43.536943031704851 ], [ -5.852096612887589, 43.542756630361758 ], [ -5.852836828855097, 43.542756630361758 ], [ -5.852836828855097, 43.544002328572311 ], [ -5.852096612887589, 43.544002328572311 ], [ -5.852096612887589, 43.545248001042651 ], [ -5.855797692725131, 43.545248001042651 ], [ -5.855797692725131, 43.545663219479366 ], [ -5.859498772562672, 43.545663219479366 ], [ -5.859498772562672, 43.54607843505606 ], [ -5.860979204497688, 43.54607843505606 ], [ -5.860979204497688, 43.546493647772721 ], [ -5.861719420465197, 43.546493647772721 ], [ -5.861719420465197, 43.546908857629347 ], [ -5.862459636432706, 43.546908857629347 ], [ -5.862459636432706, 43.547324064625933 ], [ -5.863199852400214, 43.547324064625933 ], [ -5.863199852400214, 43.54773926876247 ], [ -5.863940068367723, 43.54773926876247 ], [ -5.863940068367723, 43.54815447003898 ], [ -5.864680284335232, 43.54815447003898 ], [ -5.864680284335232, 43.548569668455436 ], [ -5.86542050030274, 43.548569668455436 ], [ -5.86542050030274, 43.548984864011857 ], [ -5.866160716270247, 43.548984864011857 ], [ -5.866160716270247, 43.556873036172156 ], [ -5.86542050030274, 43.556873036172156 ], [ -5.86542050030274, 43.55770331002217 ], [ -5.864680284335232, 43.55770331002217 ], [ -5.864680284335232, 43.558533572431813 ], [ -5.863940068367723, 43.558533572431813 ], [ -5.863940068367723, 43.558948699346487 ], [ -5.863199852400214, 43.558948699346487 ], [ -5.863199852400214, 43.55977894459555 ], [ -5.853577044822605, 43.55977894459555 ], [ -5.853577044822605, 43.559363823401071 ], [ -5.852836828855097, 43.559363823401071 ], [ -5.852836828855097, 43.558533572431813 ], [ -5.852096612887589, 43.558533572431813 ], [ -5.852096612887589, 43.55770331002217 ], [ -5.85135639692008, 43.55770331002217 ] ] ], [ [ [ -1.34048029092429, 35.31755068166477 ], [ -1.34048029092429, 35.317083256532818 ], [ -1.339740074956782, 35.317083256532818 ], [ -1.339740074956782, 35.31661582869917 ], [ -1.338999858989274, 35.31661582869917 ], [ -1.338999858989274, 35.316148398163833 ], [ -1.338259643021765, 35.316148398163833 ], [ -1.338259643021765, 35.315213528988217 ], [ -1.337519427054257, 35.315213528988217 ], [ -1.337519427054257, 35.314746090347946 ], [ -1.336779211086749, 35.314746090347946 ], [ -1.336779211086749, 35.31427864900607 ], [ -1.33603899511924, 35.31427864900607 ], [ -1.33603899511924, 35.30960408700178 ], [ -1.336779211086749, 35.30960408700178 ], [ -1.336779211086749, 35.308669142183099 ], [ -1.337519427054257, 35.308669142183099 ], [ -1.337519427054257, 35.307734186558754 ], [ -1.338259643021765, 35.307734186558754 ], [ -1.338259643021765, 35.306799220128873 ], [ -1.338999858989274, 35.306799220128873 ], [ -1.338999858989274, 35.305864242893584 ], [ -1.339740074956782, 35.305864242893584 ], [ -1.339740074956782, 35.304929254853015 ], [ -1.34492158672934, 35.304929254853015 ], [ -1.34492158672934, 35.305396750223949 ], [ -1.345661802696849, 35.305396750223949 ], [ -1.345661802696849, 35.305864242893584 ], [ -1.346402018664357, 35.305864242893584 ], [ -1.346402018664357, 35.306799220128873 ], [ -1.347142234631865, 35.306799220128873 ], [ -1.347142234631865, 35.307266704694499 ], [ -1.347882450599374, 35.307266704694499 ], [ -1.347882450599374, 35.307734186558754 ], [ -1.348622666566882, 35.307734186558754 ], [ -1.348622666566882, 35.308201665721619 ], [ -1.34936288253439, 35.308201665721619 ], [ -1.34936288253439, 35.308669142183099 ], [ -1.350103098501899, 35.308669142183099 ], [ -1.350103098501899, 35.30960408700178 ], [ -1.350843314469407, 35.30960408700178 ], [ -1.350843314469407, 35.310071555358974 ], [ -1.351583530436915, 35.310071555358974 ], [ -1.351583530436915, 35.314746090347946 ], [ -1.350843314469407, 35.314746090347946 ], [ -1.350843314469407, 35.315213528988217 ], [ -1.350103098501899, 35.315213528988217 ], [ -1.350103098501899, 35.316148398163833 ], [ -1.34936288253439, 35.316148398163833 ], [ -1.34936288253439, 35.317083256532818 ], [ -1.348622666566882, 35.317083256532818 ], [ -1.348622666566882, 35.31755068166477 ], [ -1.347882450599374, 35.31755068166477 ], [ -1.347882450599374, 35.31848552382354 ], [ -1.347142234631865, 35.31848552382354 ], [ -1.347142234631865, 35.31895294085033 ], [ -1.341960722859307, 35.31895294085033 ], [ -1.341960722859307, 35.31848552382354 ], [ -1.341220506891799, 35.31848552382354 ], [ -1.341220506891799, 35.31755068166477 ], [ -1.34048029092429, 35.31755068166477 ] ] ], [ [ [ -0.934101724762215, 35.571429039422256 ], [ -0.933361508794706, 35.571429039422256 ], [ -0.933361508794706, 35.570963086286405 ], [ -0.932621292827198, 35.570963086286405 ], [ -0.932621292827198, 35.570497130440543 ], [ -0.93188107685969, 35.570497130440543 ], [ -0.93188107685969, 35.56956521061889 ], [ -0.931140860892182, 35.56956521061889 ], [ -0.931140860892182, 35.564439457841075 ], [ -0.93188107685969, 35.564439457841075 ], [ -0.93188107685969, 35.563973464056765 ], [ -0.932621292827198, 35.563973464056765 ], [ -0.932621292827198, 35.56304146835884 ], [ -0.933361508794706, 35.56304146835884 ], [ -0.933361508794706, 35.562109461821933 ], [ -0.934101724762215, 35.562109461821933 ], [ -0.934101724762215, 35.56164345448888 ], [ -0.934841940729723, 35.56164345448888 ], [ -0.934841940729723, 35.560711431693733 ], [ -0.935582156697232, 35.560711431693733 ], [ -0.935582156697232, 35.559779398059881 ], [ -0.93632237266474, 35.559779398059881 ], [ -0.93632237266474, 35.559313377178498 ], [ -0.938543020567265, 35.559313377178498 ], [ -0.938543020567265, 35.558847353587474 ], [ -0.942244100404807, 35.558847353587474 ], [ -0.942244100404807, 35.559779398059881 ], [ -0.942984316372315, 35.559779398059881 ], [ -0.942984316372315, 35.560245416231631 ], [ -0.943724532339823, 35.560245416231631 ], [ -0.943724532339823, 35.560711431693733 ], [ -0.944464748307332, 35.560711431693733 ], [ -0.944464748307332, 35.561177444446159 ], [ -0.94520496427484, 35.561177444446159 ], [ -0.94520496427484, 35.56164345448888 ], [ -0.945945180242348, 35.56164345448888 ], [ -0.945945180242348, 35.562109461821933 ], [ -0.946685396209857, 35.562109461821933 ], [ -0.946685396209857, 35.563973464056765 ], [ -0.945945180242348, 35.563973464056765 ], [ -0.945945180242348, 35.571429039422256 ], [ -0.94520496427484, 35.571429039422256 ], [ -0.94520496427484, 35.572360937563893 ], [ -0.944464748307332, 35.572360937563893 ], [ -0.944464748307332, 35.57282688256965 ], [ -0.943724532339823, 35.57282688256965 ], [ -0.943724532339823, 35.573758764450957 ], [ -0.935582156697232, 35.573758764450957 ], [ -0.935582156697232, 35.57282688256965 ], [ -0.934841940729723, 35.57282688256965 ], [ -0.934841940729723, 35.572360937563893 ], [ -0.934101724762215, 35.572360937563893 ], [ -0.934101724762215, 35.571429039422256 ] ] ], [ [ [ -0.276049729647306, 35.824505411354338 ], [ -0.276049729647306, 35.824040934669902 ], [ -0.273088865777272, 35.824040934669902 ], [ -0.273088865777272, 35.8235764552674 ], [ -0.268647569972222, 35.8235764552674 ], [ -0.268647569972222, 35.82311197314683 ], [ -0.264946490134681, 35.82311197314683 ], [ -0.264946490134681, 35.822647488308213 ], [ -0.264206274167172, 35.822647488308213 ], [ -0.264206274167172, 35.822183000751579 ], [ -0.263466058199664, 35.822183000751579 ], [ -0.263466058199664, 35.821718510476927 ], [ -0.262725842232156, 35.821718510476927 ], [ -0.262725842232156, 35.821254017484272 ], [ -0.261985626264647, 35.821254017484272 ], [ -0.261985626264647, 35.820789521773627 ], [ -0.260505194329631, 35.820789521773627 ], [ -0.260505194329631, 35.820325023345006 ], [ -0.259764978362122, 35.820325023345006 ], [ -0.259764978362122, 35.819860522198454 ], [ -0.259024762394614, 35.819860522198454 ], [ -0.259024762394614, 35.81939601833394 ], [ -0.258284546427106, 35.81939601833394 ], [ -0.258284546427106, 35.818931511751508 ], [ -0.256804114492089, 35.818931511751508 ], [ -0.256804114492089, 35.818467002451158 ], [ -0.255323682557072, 35.818467002451158 ], [ -0.255323682557072, 35.818002490432896 ], [ -0.253103034654547, 35.818002490432896 ], [ -0.253103034654547, 35.81753797569678 ], [ -0.251622602719531, 35.81753797569678 ], [ -0.251622602719531, 35.817073458242774 ], [ -0.250142170784514, 35.817073458242774 ], [ -0.250142170784514, 35.816608938070921 ], [ -0.247921522881989, 35.816608938070921 ], [ -0.247921522881989, 35.817073458242774 ], [ -0.247181306914481, 35.817073458242774 ], [ -0.247181306914481, 35.81753797569678 ], [ -0.245700874979464, 35.81753797569678 ], [ -0.245700874979464, 35.818002490432896 ], [ -0.244960659011956, 35.818002490432896 ], [ -0.244960659011956, 35.818467002451158 ], [ -0.244220443044447, 35.818467002451158 ], [ -0.244220443044447, 35.818931511751508 ], [ -0.242740011109431, 35.818931511751508 ], [ -0.242740011109431, 35.81939601833394 ], [ -0.239779147239397, 35.81939601833394 ], [ -0.239779147239397, 35.818931511751508 ], [ -0.237558499336872, 35.818931511751508 ], [ -0.237558499336872, 35.818467002451158 ], [ -0.236078067401856, 35.818467002451158 ], [ -0.236078067401856, 35.818002490432896 ], [ -0.234597635466839, 35.818002490432896 ], [ -0.234597635466839, 35.81753797569678 ], [ -0.232376987564314, 35.81753797569678 ], [ -0.232376987564314, 35.817073458242774 ], [ -0.231636771596806, 35.817073458242774 ], [ -0.231636771596806, 35.816144415181228 ], [ -0.230896555629297, 35.816144415181228 ], [ -0.230896555629297, 35.815215361248384 ], [ -0.230156339661789, 35.815215361248384 ], [ -0.230156339661789, 35.814286296444358 ], [ -0.229416123694281, 35.814286296444358 ], [ -0.229416123694281, 35.813821759965677 ], [ -0.228675907726772, 35.813821759965677 ], [ -0.228675907726772, 35.813357220769255 ], [ -0.227195475791756, 35.813357220769255 ], [ -0.227195475791756, 35.812892678855093 ], [ -0.225715043856739, 35.812892678855093 ], [ -0.225715043856739, 35.812428134223211 ], [ -0.224234611921722, 35.812428134223211 ], [ -0.224234611921722, 35.810569928518746 ], [ -0.223494395954214, 35.810569928518746 ], [ -0.223494395954214, 35.805924224024189 ], [ -0.224234611921722, 35.805924224024189 ], [ -0.224234611921722, 35.803601269869652 ], [ -0.224974827889231, 35.803601269869652 ], [ -0.224974827889231, 35.803136670886389 ], [ -0.225715043856739, 35.803136670886389 ], [ -0.225715043856739, 35.80220746476764 ], [ -0.226455259824247, 35.80220746476764 ], [ -0.226455259824247, 35.801742857632192 ], [ -0.227195475791756, 35.801742857632192 ], [ -0.227195475791756, 35.801278247779365 ], [ -0.227935691759264, 35.801278247779365 ], [ -0.227935691759264, 35.800813635209181 ], [ -0.230896555629297, 35.800813635209181 ], [ -0.230896555629297, 35.800349019921647 ], [ -0.233117203531822, 35.800349019921647 ], [ -0.233117203531822, 35.799884401916799 ], [ -0.234597635466839, 35.799884401916799 ], [ -0.234597635466839, 35.800349019921647 ], [ -0.235337851434347, 35.800349019921647 ], [ -0.235337851434347, 35.800813635209181 ], [ -0.236078067401856, 35.800813635209181 ], [ -0.236078067401856, 35.801278247779365 ], [ -0.236818283369364, 35.801278247779365 ], [ -0.236818283369364, 35.801742857632192 ], [ -0.237558499336872, 35.801742857632192 ], [ -0.237558499336872, 35.80220746476764 ], [ -0.238298715304381, 35.80220746476764 ], [ -0.238298715304381, 35.802672069185711 ], [ -0.239038931271889, 35.802672069185711 ], [ -0.239038931271889, 35.800349019921647 ], [ -0.239779147239397, 35.800349019921647 ], [ -0.239779147239397, 35.798490531598425 ], [ -0.240519363206906, 35.798490531598425 ], [ -0.240519363206906, 35.798025902724412 ], [ -0.241999795141922, 35.798025902724412 ], [ -0.241999795141922, 35.797561271133148 ], [ -0.242740011109431, 35.797561271133148 ], [ -0.242740011109431, 35.797096636824634 ], [ -0.244960659011956, 35.797096636824634 ], [ -0.244960659011956, 35.797561271133148 ], [ -0.246441090946972, 35.797561271133148 ], [ -0.246441090946972, 35.798025902724412 ], [ -0.247181306914481, 35.798025902724412 ], [ -0.247181306914481, 35.798490531598425 ], [ -0.247921522881989, 35.798490531598425 ], [ -0.247921522881989, 35.798955157755167 ], [ -0.251622602719531, 35.798955157755167 ], [ -0.251622602719531, 35.798490531598425 ], [ -0.254583466589564, 35.798490531598425 ], [ -0.254583466589564, 35.798025902724412 ], [ -0.258284546427106, 35.798025902724412 ], [ -0.258284546427106, 35.797561271133148 ], [ -0.261985626264647, 35.797561271133148 ], [ -0.261985626264647, 35.798025902724412 ], [ -0.264206274167172, 35.798025902724412 ], [ -0.264206274167172, 35.798490531598425 ], [ -0.266426922069697, 35.798490531598425 ], [ -0.266426922069697, 35.798955157755167 ], [ -0.267167138037206, 35.798955157755167 ], [ -0.267167138037206, 35.799419781194644 ], [ -0.267907354004714, 35.799419781194644 ], [ -0.267907354004714, 35.799884401916799 ], [ -0.268647569972222, 35.799884401916799 ], [ -0.268647569972222, 35.800349019921647 ], [ -0.269387785939731, 35.800349019921647 ], [ -0.269387785939731, 35.800813635209181 ], [ -0.270128001907239, 35.800813635209181 ], [ -0.270128001907239, 35.801278247779365 ], [ -0.270868217874747, 35.801278247779365 ], [ -0.270868217874747, 35.801742857632192 ], [ -0.271608433842256, 35.801742857632192 ], [ -0.271608433842256, 35.80220746476764 ], [ -0.272348649809764, 35.80220746476764 ], [ -0.272348649809764, 35.803136670886389 ], [ -0.273088865777272, 35.803136670886389 ], [ -0.273088865777272, 35.803601269869652 ], [ -0.273829081744781, 35.803601269869652 ], [ -0.273829081744781, 35.804065866135467 ], [ -0.275309513679797, 35.804065866135467 ], [ -0.275309513679797, 35.803136670886389 ], [ -0.276049729647306, 35.803136670886389 ], [ -0.276049729647306, 35.80220746476764 ], [ -0.276789945614814, 35.80220746476764 ], [ -0.276789945614814, 35.801278247779365 ], [ -0.277530161582322, 35.801278247779365 ], [ -0.277530161582322, 35.800813635209181 ], [ -0.282711673354881, 35.800813635209181 ], [ -0.282711673354881, 35.801742857632192 ], [ -0.283451889322389, 35.801742857632192 ], [ -0.283451889322389, 35.802672069185711 ], [ -0.284192105289897, 35.802672069185711 ], [ -0.284192105289897, 35.803136670886389 ], [ -0.284932321257406, 35.803136670886389 ], [ -0.284932321257406, 35.804995050514783 ], [ -0.285672537224914, 35.804995050514783 ], [ -0.285672537224914, 35.811499036806339 ], [ -0.286412753192422, 35.811499036806339 ], [ -0.286412753192422, 35.81753797569678 ], [ -0.287152969159931, 35.81753797569678 ], [ -0.287152969159931, 35.821254017484272 ], [ -0.286412753192422, 35.821254017484272 ], [ -0.286412753192422, 35.822183000751579 ], [ -0.285672537224914, 35.822183000751579 ], [ -0.285672537224914, 35.822647488308213 ], [ -0.284932321257406, 35.822647488308213 ], [ -0.284932321257406, 35.82311197314683 ], [ -0.284192105289897, 35.82311197314683 ], [ -0.284192105289897, 35.8235764552674 ], [ -0.283451889322389, 35.8235764552674 ], [ -0.283451889322389, 35.824040934669902 ], [ -0.282711673354881, 35.824040934669902 ], [ -0.282711673354881, 35.824505411354338 ], [ -0.281971457387372, 35.824505411354338 ], [ -0.281971457387372, 35.824969885320684 ], [ -0.281231241419864, 35.824969885320684 ], [ -0.281231241419864, 35.82543435656892 ], [ -0.280491025452356, 35.82543435656892 ], [ -0.280491025452356, 35.825898825099053 ], [ -0.278270377549831, 35.825898825099053 ], [ -0.278270377549831, 35.82543435656892 ], [ -0.277530161582322, 35.82543435656892 ], [ -0.277530161582322, 35.824969885320684 ], [ -0.276789945614814, 35.824969885320684 ], [ -0.276789945614814, 35.824505411354338 ], [ -0.276049729647306, 35.824505411354338 ] ] ], [ [ [ 1.242133219712288, 36.135555728038689 ], [ 1.242133219712288, 36.135093078437173 ], [ 1.243613651647304, 36.135093078437173 ], [ 1.243613651647304, 36.13463042610794 ], [ 1.245094083582321, 36.13463042610794 ], [ 1.245094083582321, 36.134167771051025 ], [ 1.245834299549829, 36.134167771051025 ], [ 1.245834299549829, 36.13370511326643 ], [ 1.246574515517338, 36.13370511326643 ], [ 1.246574515517338, 36.132779789514281 ], [ 1.247314731484846, 36.132779789514281 ], [ 1.247314731484846, 36.130929109278505 ], [ 1.248054947452355, 36.130929109278505 ], [ 1.248054947452355, 36.129541070462068 ], [ 1.248795163419863, 36.129541070462068 ], [ 1.248795163419863, 36.123988669722088 ], [ 1.248054947452355, 36.123988669722088 ], [ 1.248054947452355, 36.122137782198543 ], [ 1.247314731484846, 36.122137782198543 ], [ 1.247314731484846, 36.121212322072857 ], [ 1.246574515517338, 36.121212322072857 ], [ 1.246574515517338, 36.120749587919107 ], [ 1.245834299549829, 36.120749587919107 ], [ 1.245834299549829, 36.119824111429786 ], [ 1.242133219712288, 36.119824111429786 ], [ 1.242133219712288, 36.120286851038067 ], [ 1.239912571809763, 36.120286851038067 ], [ 1.239912571809763, 36.120749587919107 ], [ 1.237691923907238, 36.120749587919107 ], [ 1.237691923907238, 36.121212322072857 ], [ 1.236951707939729, 36.121212322072857 ], [ 1.236951707939729, 36.122137782198543 ], [ 1.236211491972221, 36.122137782198543 ], [ 1.236211491972221, 36.122600508170429 ], [ 1.235471276004713, 36.122600508170429 ], [ 1.235471276004713, 36.123525951932208 ], [ 1.233990844069696, 36.123525951932208 ], [ 1.233990844069696, 36.123988669722088 ], [ 1.232510412134679, 36.123988669722088 ], [ 1.232510412134679, 36.124451384784592 ], [ 1.230289764232154, 36.124451384784592 ], [ 1.230289764232154, 36.124914097119721 ], [ 1.229549548264646, 36.124914097119721 ], [ 1.229549548264646, 36.127227617884188 ], [ 1.228809332297138, 36.127227617884188 ], [ 1.228809332297138, 36.129078385401499 ], [ 1.22806911632963, 36.129078385401499 ], [ 1.22806911632963, 36.132317123546741 ], [ 1.228809332297138, 36.132317123546741 ], [ 1.228809332297138, 36.13370511326643 ], [ 1.229549548264646, 36.13370511326643 ], [ 1.229549548264646, 36.13463042610794 ], [ 1.230289764232154, 36.13463042610794 ], [ 1.230289764232154, 36.135093078437173 ], [ 1.231770196167171, 36.135093078437173 ], [ 1.231770196167171, 36.135555728038689 ], [ 1.232510412134679, 36.135555728038689 ], [ 1.232510412134679, 36.136018374912496 ], [ 1.233990844069696, 36.136018374912496 ], [ 1.233990844069696, 36.136481019058579 ], [ 1.235471276004713, 36.136481019058579 ], [ 1.235471276004713, 36.136943660476909 ], [ 1.238432139874746, 36.136943660476909 ], [ 1.238432139874746, 36.136481019058579 ], [ 1.239172355842254, 36.136481019058579 ], [ 1.239172355842254, 36.136018374912496 ], [ 1.240652787777271, 36.136018374912496 ], [ 1.240652787777271, 36.135555728038689 ], [ 1.242133219712288, 36.135555728038689 ] ] ], [ [ [ 3.749244701663016, 36.186892875113685 ], [ 3.749244701663016, 36.186430528374551 ], [ 3.749984917630524, 36.186430528374551 ], [ 3.749984917630524, 36.185968178906165 ], [ 3.750725133598033, 36.185968178906165 ], [ 3.750725133598033, 36.185505826708528 ], [ 3.75220556553305, 36.185505826708528 ], [ 3.75220556553305, 36.185043471781654 ], [ 3.752945781500558, 36.185043471781654 ], [ 3.752945781500558, 36.184581114125564 ], [ 3.753685997468065, 36.184581114125564 ], [ 3.753685997468065, 36.184118753740272 ], [ 3.754426213435575, 36.184118753740272 ], [ 3.754426213435575, 36.183194024782118 ], [ 3.755166429403083, 36.183194024782118 ], [ 3.755166429403083, 36.181344534115965 ], [ 3.755906645370591, 36.181344534115965 ], [ 3.755906645370591, 36.17903260937846 ], [ 3.755166429403083, 36.17903260937846 ], [ 3.755166429403083, 36.178107820380092 ], [ 3.754426213435575, 36.178107820380092 ], [ 3.754426213435575, 36.176720616415025 ], [ 3.753685997468065, 36.176720616415025 ], [ 3.753685997468065, 36.175333387889239 ], [ 3.752945781500558, 36.175333387889239 ], [ 3.752945781500558, 36.174408555227394 ], [ 3.75220556553305, 36.174408555227394 ], [ 3.75220556553305, 36.173946134803117 ], [ 3.751465349565541, 36.173946134803117 ], [ 3.751465349565541, 36.173483711649958 ], [ 3.749244701663016, 36.173483711649958 ], [ 3.749244701663016, 36.173021285767938 ], [ 3.747024053760491, 36.173021285767938 ], [ 3.747024053760491, 36.172558857157064 ], [ 3.744803405857966, 36.172558857157064 ], [ 3.744803405857966, 36.17209642581733 ], [ 3.743322973922949, 36.17209642581733 ], [ 3.743322973922949, 36.172558857157064 ], [ 3.742582757955441, 36.172558857157064 ], [ 3.742582757955441, 36.173483711649958 ], [ 3.741842541987933, 36.173483711649958 ], [ 3.741842541987933, 36.173946134803117 ], [ 3.741102326020424, 36.173946134803117 ], [ 3.741102326020424, 36.174870972922768 ], [ 3.740362110052916, 36.174870972922768 ], [ 3.740362110052916, 36.182269284907314 ], [ 3.739621894085408, 36.182269284907314 ], [ 3.739621894085408, 36.183194024782118 ], [ 3.740362110052916, 36.183194024782118 ], [ 3.740362110052916, 36.185043471781654 ], [ 3.741102326020424, 36.185043471781654 ], [ 3.741102326020424, 36.186892875113685 ], [ 3.741842541987933, 36.186892875113685 ], [ 3.741842541987933, 36.187355219123539 ], [ 3.743322973922949, 36.187355219123539 ], [ 3.743322973922949, 36.187817560404099 ], [ 3.744063189890458, 36.187817560404099 ], [ 3.744063189890458, 36.188279898955365 ], [ 3.747024053760491, 36.188279898955365 ], [ 3.747024053760491, 36.187817560404099 ], [ 3.747764269728, 36.187817560404099 ], [ 3.747764269728, 36.187355219123539 ], [ 3.748504485695508, 36.187355219123539 ], [ 3.748504485695508, 36.186892875113685 ], [ 3.749244701663016, 36.186892875113685 ] ] ], [ [ [ 2.883192019678265, 36.601436792063076 ], [ 2.883192019678265, 36.600517014187183 ], [ 2.883932235645773, 36.600517014187183 ], [ 2.883932235645773, 36.599597225345263 ], [ 2.884672451613281, 36.599597225345263 ], [ 2.884672451613281, 36.598677425537396 ], [ 2.88541266758079, 36.598677425537396 ], [ 2.88541266758079, 36.597757614763687 ], [ 2.886152883548299, 36.597757614763687 ], [ 2.886152883548299, 36.593158396411461 ], [ 2.88541266758079, 36.593158396411461 ], [ 2.88541266758079, 36.592238519845012 ], [ 2.884672451613281, 36.592238519845012 ], [ 2.884672451613281, 36.591778577449873 ], [ 2.883932235645773, 36.591778577449873 ], [ 2.883932235645773, 36.590858684435844 ], [ 2.883192019678265, 36.590858684435844 ], [ 2.883192019678265, 36.58993878045689 ], [ 2.882451803710757, 36.58993878045689 ], [ 2.882451803710757, 36.589018865513104 ], [ 2.88097137177574, 36.589018865513104 ], [ 2.88097137177574, 36.589478824355602 ], [ 2.878750723873215, 36.589478824355602 ], [ 2.878750723873215, 36.58993878045689 ], [ 2.877270291938198, 36.58993878045689 ], [ 2.877270291938198, 36.590398733816969 ], [ 2.875049644035673, 36.590398733816969 ], [ 2.875049644035673, 36.591318632313481 ], [ 2.874309428068165, 36.591318632313481 ], [ 2.874309428068165, 36.591778577449873 ], [ 2.873569212100656, 36.591778577449873 ], [ 2.873569212100656, 36.592698459498877 ], [ 2.872828996133148, 36.592698459498877 ], [ 2.872828996133148, 36.593158396411461 ], [ 2.87208878016564, 36.593158396411461 ], [ 2.87208878016564, 36.593618330582743 ], [ 2.871348564198132, 36.593618330582743 ], [ 2.871348564198132, 36.594538190701364 ], [ 2.870608348230624, 36.594538190701364 ], [ 2.870608348230624, 36.599137326812055 ], [ 2.871348564198132, 36.599137326812055 ], [ 2.871348564198132, 36.600057121136963 ], [ 2.87208878016564, 36.600057121136963 ], [ 2.87208878016564, 36.600976904495894 ], [ 2.872828996133148, 36.600976904495894 ], [ 2.872828996133148, 36.601896676888721 ], [ 2.873569212100656, 36.601896676888721 ], [ 2.873569212100656, 36.602816438315351 ], [ 2.874309428068165, 36.602816438315351 ], [ 2.874309428068165, 36.603276314916315 ], [ 2.875049644035673, 36.603276314916315 ], [ 2.875049644035673, 36.603736188775677 ], [ 2.88097137177574, 36.603736188775677 ], [ 2.88097137177574, 36.603276314916315 ], [ 2.881711587743248, 36.603276314916315 ], [ 2.881711587743248, 36.602356558972815 ], [ 2.882451803710757, 36.602356558972815 ], [ 2.882451803710757, 36.601436792063076 ], [ 2.883192019678265, 36.601436792063076 ] ] ], [ [ [ 3.127463288956015, 36.687846933872635 ], [ 3.128943720891032, 36.687846933872635 ], [ 3.128943720891032, 36.686468809864046 ], [ 3.12968393685854, 36.686468809864046 ], [ 3.12968393685854, 36.685550046805048 ], [ 3.130424152826048, 36.685550046805048 ], [ 3.130424152826048, 36.684171881636921 ], [ 3.131164368793557, 36.684171881636921 ], [ 3.131164368793557, 36.683253091138575 ], [ 3.131904584761065, 36.683253091138575 ], [ 3.131904584761065, 36.681874884811897 ], [ 3.132644800728573, 36.681874884811897 ], [ 3.132644800728573, 36.680956066874856 ], [ 3.133385016696082, 36.680956066874856 ], [ 3.133385016696082, 36.679577819390644 ], [ 3.13412523266359, 36.679577819390644 ], [ 3.13412523266359, 36.676361812562291 ], [ 3.133385016696082, 36.676361812562291 ], [ 3.133385016696082, 36.67452403401316 ], [ 3.132644800728573, 36.67452403401316 ], [ 3.132644800728573, 36.674064582516735 ], [ 3.131164368793557, 36.674064582516735 ], [ 3.131164368793557, 36.673605128276698 ], [ 3.12968393685854, 36.673605128276698 ], [ 3.12968393685854, 36.673145671293035 ], [ 3.128943720891032, 36.673145671293035 ], [ 3.128943720891032, 36.672686211565782 ], [ 3.127463288956015, 36.672686211565782 ], [ 3.127463288956015, 36.672226749094932 ], [ 3.125982857020999, 36.672226749094932 ], [ 3.125982857020999, 36.671767283880513 ], [ 3.120061129280932, 36.671767283880513 ], [ 3.120061129280932, 36.672226749094932 ], [ 3.119320913313424, 36.672226749094932 ], [ 3.119320913313424, 36.672686211565782 ], [ 3.118580697345915, 36.672686211565782 ], [ 3.118580697345915, 36.673145671293035 ], [ 3.117840481378407, 36.673145671293035 ], [ 3.117840481378407, 36.674064582516735 ], [ 3.117100265410898, 36.674064582516735 ], [ 3.117100265410898, 36.67452403401316 ], [ 3.11636004944339, 36.67452403401316 ], [ 3.11636004944339, 36.674983482765938 ], [ 3.115619833475882, 36.674983482765938 ], [ 3.115619833475882, 36.675902372040525 ], [ 3.114879617508374, 36.675902372040525 ], [ 3.114879617508374, 36.676361812562291 ], [ 3.114139401540865, 36.676361812562291 ], [ 3.114139401540865, 36.676821250340389 ], [ 3.113399185573357, 36.676821250340389 ], [ 3.113399185573357, 36.677280685374775 ], [ 3.112658969605848, 36.677280685374775 ], [ 3.112658969605848, 36.678199547212365 ], [ 3.11191875363834, 36.678199547212365 ], [ 3.11191875363834, 36.678658974015555 ], [ 3.111178537670832, 36.678658974015555 ], [ 3.111178537670832, 36.679118398074984 ], [ 3.110438321703324, 36.679118398074984 ], [ 3.110438321703324, 36.684171881636921 ], [ 3.111178537670832, 36.684171881636921 ], [ 3.111178537670832, 36.684631272770233 ], [ 3.11191875363834, 36.684631272770233 ], [ 3.11191875363834, 36.685090661159613 ], [ 3.112658969605848, 36.685090661159613 ], [ 3.112658969605848, 36.685550046805048 ], [ 3.113399185573357, 36.685550046805048 ], [ 3.113399185573357, 36.68600942970653 ], [ 3.114139401540865, 36.68600942970653 ], [ 3.114139401540865, 36.686468809864046 ], [ 3.114879617508374, 36.686468809864046 ], [ 3.114879617508374, 36.68692818727758 ], [ 3.115619833475882, 36.68692818727758 ], [ 3.115619833475882, 36.687387561947112 ], [ 3.11636004944339, 36.687387561947112 ], [ 3.11636004944339, 36.687846933872635 ], [ 3.117100265410898, 36.687846933872635 ], [ 3.117100265410898, 36.688306303054155 ], [ 3.117840481378407, 36.688306303054155 ], [ 3.117840481378407, 36.688765669491623 ], [ 3.118580697345915, 36.688765669491623 ], [ 3.118580697345915, 36.689225033185046 ], [ 3.119320913313424, 36.689225033185046 ], [ 3.119320913313424, 36.689684394134424 ], [ 3.122281777183456, 36.689684394134424 ], [ 3.122281777183456, 36.689225033185046 ], [ 3.123762209118474, 36.689225033185046 ], [ 3.123762209118474, 36.688765669491623 ], [ 3.12524264105349, 36.688765669491623 ], [ 3.12524264105349, 36.688306303054155 ], [ 3.127463288956015, 36.688306303054155 ], [ 3.127463288956015, 36.687846933872635 ] ] ], [ [ [ 3.08527097880804, 36.754426810952772 ], [ 3.086751410743056, 36.754426810952772 ], [ 3.086751410743056, 36.753967837047014 ], [ 3.087491626710565, 36.753967837047014 ], [ 3.087491626710565, 36.753508860395392 ], [ 3.088231842678073, 36.753508860395392 ], [ 3.088231842678073, 36.752131913965158 ], [ 3.088972058645582, 36.752131913965158 ], [ 3.088972058645582, 36.750295946949642 ], [ 3.089712274613091, 36.750295946949642 ], [ 3.089712274613091, 36.749377946967037 ], [ 3.088972058645582, 36.749377946967037 ], [ 3.088972058645582, 36.74754191405264 ], [ 3.088231842678073, 36.74754191405264 ], [ 3.088231842678073, 36.746164860536709 ], [ 3.087491626710565, 36.746164860536709 ], [ 3.087491626710565, 36.744787782309629 ], [ 3.086751410743056, 36.744787782309629 ], [ 3.086751410743056, 36.743869716429998 ], [ 3.086011194775548, 36.743869716429998 ], [ 3.086011194775548, 36.743410679371763 ], [ 3.084530762840532, 36.743410679371763 ], [ 3.084530762840532, 36.742951639567913 ], [ 3.083050330905515, 36.742951639567913 ], [ 3.083050330905515, 36.742492597018455 ], [ 3.081569898970499, 36.742492597018455 ], [ 3.081569898970499, 36.742033551723452 ], [ 3.080089467035482, 36.742033551723452 ], [ 3.080089467035482, 36.741574503682855 ], [ 3.078609035100465, 36.741574503682855 ], [ 3.078609035100465, 36.742033551723452 ], [ 3.077128603165448, 36.742033551723452 ], [ 3.077128603165448, 36.742492597018455 ], [ 3.07638838719794, 36.742492597018455 ], [ 3.07638838719794, 36.742951639567913 ], [ 3.074907955262923, 36.742951639567913 ], [ 3.074907955262923, 36.744787782309629 ], [ 3.074167739295415, 36.744787782309629 ], [ 3.074167739295415, 36.74708289895969 ], [ 3.073427523327906, 36.74708289895969 ], [ 3.073427523327906, 36.749377946967037 ], [ 3.072687307360398, 36.749377946967037 ], [ 3.072687307360398, 36.750754942822262 ], [ 3.073427523327906, 36.750754942822262 ], [ 3.073427523327906, 36.752590898854436 ], [ 3.074167739295415, 36.752590898854436 ], [ 3.074167739295415, 36.753967837047014 ], [ 3.074907955262923, 36.753967837047014 ], [ 3.074907955262923, 36.754426810952772 ], [ 3.07638838719794, 36.754426810952772 ], [ 3.07638838719794, 36.754885782112567 ], [ 3.077868819132957, 36.754885782112567 ], [ 3.077868819132957, 36.755344750526469 ], [ 3.078609035100465, 36.755344750526469 ], [ 3.078609035100465, 36.755803716194414 ], [ 3.080089467035482, 36.755803716194414 ], [ 3.080089467035482, 36.756262679116404 ], [ 3.083050330905515, 36.756262679116404 ], [ 3.083050330905515, 36.755803716194414 ], [ 3.083790546873024, 36.755803716194414 ], [ 3.083790546873024, 36.755344750526469 ], [ 3.084530762840532, 36.755344750526469 ], [ 3.084530762840532, 36.754885782112567 ], [ 3.08527097880804, 36.754885782112567 ], [ 3.08527097880804, 36.754426810952772 ] ] ], [ [ [ -3.475263141218327, 40.253467802761868 ], [ -3.475263141218327, 40.253030605299436 ], [ -3.47378270928331, 40.253030605299436 ], [ -3.47378270928331, 40.252593405012497 ], [ -3.473042493315802, 40.252593405012497 ], [ -3.473042493315802, 40.252156201901066 ], [ -3.471562061380785, 40.252156201901066 ], [ -3.471562061380785, 40.251718995965156 ], [ -3.470081629445768, 40.251718995965156 ], [ -3.470081629445768, 40.251281787204768 ], [ -3.468601197510752, 40.251281787204768 ], [ -3.468601197510752, 40.250844575619915 ], [ -3.467860981543244, 40.250844575619915 ], [ -3.467860981543244, 40.249970143976832 ], [ -3.467120765575736, 40.249970143976832 ], [ -3.467120765575736, 40.248658475328888 ], [ -3.466380549608227, 40.248658475328888 ], [ -3.466380549608227, 40.246909544256376 ], [ -3.465640333640719, 40.246909544256376 ], [ -3.465640333640719, 40.24559781629582 ], [ -3.46490011767321, 40.24559781629582 ], [ -3.46490011767321, 40.243848806140534 ], [ -3.464159901705703, 40.243848806140534 ], [ -3.464159901705703, 40.241225206177418 ], [ -3.46490011767321, 40.241225206177418 ], [ -3.46490011767321, 40.239476083049205 ], [ -3.465640333640719, 40.239476083049205 ], [ -3.465640333640719, 40.238601504539439 ], [ -3.467120765575736, 40.238601504539439 ], [ -3.467120765575736, 40.238164211048165 ], [ -3.469341413478261, 40.238164211048165 ], [ -3.469341413478261, 40.237726914732633 ], [ -3.470821845413277, 40.237726914732633 ], [ -3.470821845413277, 40.237289615592864 ], [ -3.473042493315802, 40.237289615592864 ], [ -3.473042493315802, 40.236852313628852 ], [ -3.475263141218327, 40.236852313628852 ], [ -3.475263141218327, 40.236415008840616 ], [ -3.477483789120852, 40.236415008840616 ], [ -3.477483789120852, 40.236852313628852 ], [ -3.478964221055869, 40.236852313628852 ], [ -3.478964221055869, 40.237289615592864 ], [ -3.481184868958394, 40.237289615592864 ], [ -3.481184868958394, 40.237726914732633 ], [ -3.482665300893411, 40.237726914732633 ], [ -3.482665300893411, 40.238164211048165 ], [ -3.483405516860918, 40.238164211048165 ], [ -3.483405516860918, 40.239038795206454 ], [ -3.484145732828428, 40.239038795206454 ], [ -3.484145732828428, 40.239476083049205 ], [ -3.484885948795936, 40.239476083049205 ], [ -3.484885948795936, 40.240350650261888 ], [ -3.485626164763444, 40.240350650261888 ], [ -3.485626164763444, 40.243411546540848 ], [ -3.484885948795936, 40.243411546540848 ], [ -3.484885948795936, 40.247346781261115 ], [ -3.484145732828428, 40.247346781261115 ], [ -3.484145732828428, 40.250844575619915 ], [ -3.483405516860918, 40.250844575619915 ], [ -3.483405516860918, 40.253030605299436 ], [ -3.481925084925902, 40.253030605299436 ], [ -3.481925084925902, 40.253467802761868 ], [ -3.480444652990886, 40.253467802761868 ], [ -3.480444652990886, 40.253904997399822 ], [ -3.479704437023377, 40.253904997399822 ], [ -3.479704437023377, 40.25434218921324 ], [ -3.47822400508836, 40.25434218921324 ], [ -3.47822400508836, 40.253904997399822 ], [ -3.476743573153344, 40.253904997399822 ], [ -3.476743573153344, 40.253467802761868 ], [ -3.475263141218327, 40.253467802761868 ] ] ], [ [ [ 1.66775740102958, 41.317395222091427 ], [ 1.668497616997088, 41.317395222091427 ], [ 1.668497616997088, 41.316534721265214 ], [ 1.669237832964597, 41.316534721265214 ], [ 1.669237832964597, 41.315674209078693 ], [ 1.669978048932105, 41.315674209078693 ], [ 1.669978048932105, 41.310080602961357 ], [ 1.669237832964597, 41.310080602961357 ], [ 1.669237832964597, 41.309220005573778 ], [ 1.668497616997088, 41.309220005573778 ], [ 1.668497616997088, 41.308359396826262 ], [ 1.66775740102958, 41.308359396826262 ], [ 1.66775740102958, 41.30749877671883 ], [ 1.667017185062072, 41.30749877671883 ], [ 1.667017185062072, 41.306638145251547 ], [ 1.666276969094563, 41.306638145251547 ], [ 1.666276969094563, 41.305777502424441 ], [ 1.665536753127055, 41.305777502424441 ], [ 1.665536753127055, 41.305347176750963 ], [ 1.664056321192039, 41.305347176750963 ], [ 1.664056321192039, 41.304916848237561 ], [ 1.662575889257022, 41.304916848237561 ], [ 1.662575889257022, 41.304486516884211 ], [ 1.661095457322005, 41.304486516884211 ], [ 1.661095457322005, 41.304056182690942 ], [ 1.659615025386988, 41.304056182690942 ], [ 1.659615025386988, 41.304486516884211 ], [ 1.65887480941948, 41.304486516884211 ], [ 1.65887480941948, 41.304916848237561 ], [ 1.658134593451972, 41.304916848237561 ], [ 1.658134593451972, 41.305347176750963 ], [ 1.657394377484463, 41.305347176750963 ], [ 1.657394377484463, 41.305777502424441 ], [ 1.656654161516955, 41.305777502424441 ], [ 1.656654161516955, 41.306638145251547 ], [ 1.655913945549446, 41.306638145251547 ], [ 1.655913945549446, 41.307068462405169 ], [ 1.655173729581938, 41.307068462405169 ], [ 1.655173729581938, 41.30749877671883 ], [ 1.65443351361443, 41.30749877671883 ], [ 1.65443351361443, 41.311801763656462 ], [ 1.653693297646922, 41.311801763656462 ], [ 1.653693297646922, 41.314813685531881 ], [ 1.65443351361443, 41.314813685531881 ], [ 1.65443351361443, 41.315243948725325 ], [ 1.655173729581938, 41.315243948725325 ], [ 1.655173729581938, 41.316104466591995 ], [ 1.655913945549446, 41.316104466591995 ], [ 1.655913945549446, 41.316534721265214 ], [ 1.656654161516955, 41.316534721265214 ], [ 1.656654161516955, 41.317395222091427 ], [ 1.657394377484463, 41.317395222091427 ], [ 1.657394377484463, 41.318255711557249 ], [ 1.658134593451972, 41.318255711557249 ], [ 1.658134593451972, 41.318685952030009 ], [ 1.65887480941948, 41.318685952030009 ], [ 1.65887480941948, 41.319116189662658 ], [ 1.66331610522453, 41.319116189662658 ], [ 1.66331610522453, 41.319546424455204 ], [ 1.666276969094563, 41.319546424455204 ], [ 1.666276969094563, 41.318685952030009 ], [ 1.667017185062072, 41.318685952030009 ], [ 1.667017185062072, 41.317825468244379 ], [ 1.66775740102958, 41.317825468244379 ], [ 1.66775740102958, 41.317395222091427 ] ] ], [ [ [ 1.981608971253114, 41.463944484023486 ], [ 1.981608971253114, 41.463085920768989 ], [ 1.982349187220622, 41.463085920768989 ], [ 1.982349187220622, 41.462227346146804 ], [ 1.98308940318813, 41.462227346146804 ], [ 1.98308940318813, 41.461368760156972 ], [ 1.983829619155639, 41.461368760156972 ], [ 1.983829619155639, 41.460510162799537 ], [ 1.984569835123147, 41.460510162799537 ], [ 1.984569835123147, 41.459651554074533 ], [ 1.985310051090655, 41.459651554074533 ], [ 1.985310051090655, 41.458792933982011 ], [ 1.986050267058164, 41.458792933982011 ], [ 1.986050267058164, 41.457934302521998 ], [ 1.986790483025672, 41.457934302521998 ], [ 1.986790483025672, 41.454070320280536 ], [ 1.986050267058164, 41.454070320280536 ], [ 1.986050267058164, 41.451064841617743 ], [ 1.985310051090655, 41.451064841617743 ], [ 1.985310051090655, 41.450635476155917 ], [ 1.984569835123147, 41.450635476155917 ], [ 1.984569835123147, 41.450206107852324 ], [ 1.983829619155639, 41.450206107852324 ], [ 1.983829619155639, 41.449776736706959 ], [ 1.98308940318813, 41.449776736706959 ], [ 1.98308940318813, 41.449347362719848 ], [ 1.982349187220622, 41.449347362719848 ], [ 1.982349187220622, 41.448917985890979 ], [ 1.981608971253114, 41.448917985890979 ], [ 1.981608971253114, 41.448488606220351 ], [ 1.980868755285605, 41.448488606220351 ], [ 1.980868755285605, 41.448059223707993 ], [ 1.975687243513047, 41.448059223707993 ], [ 1.975687243513047, 41.448488606220351 ], [ 1.974947027545539, 41.448488606220351 ], [ 1.974947027545539, 41.449347362719848 ], [ 1.97420681157803, 41.449347362719848 ], [ 1.97420681157803, 41.450206107852324 ], [ 1.973466595610522, 41.450206107852324 ], [ 1.973466595610522, 41.450635476155917 ], [ 1.972726379643014, 41.450635476155917 ], [ 1.972726379643014, 41.451494204237804 ], [ 1.971986163675505, 41.451494204237804 ], [ 1.971986163675505, 41.462227346146804 ], [ 1.972726379643014, 41.462227346146804 ], [ 1.972726379643014, 41.462656634878854 ], [ 1.973466595610522, 41.462656634878854 ], [ 1.973466595610522, 41.463515203817195 ], [ 1.97420681157803, 41.463515203817195 ], [ 1.97420681157803, 41.464373761387826 ], [ 1.974947027545539, 41.464373761387826 ], [ 1.974947027545539, 41.464803035910236 ], [ 1.977167675448064, 41.464803035910236 ], [ 1.977167675448064, 41.464373761387826 ], [ 1.979388323350589, 41.464373761387826 ], [ 1.979388323350589, 41.463944484023486 ], [ 1.981608971253114, 41.463944484023486 ] ] ], [ [ [ -1.481861540718382, 41.4806841953082 ], [ -1.481861540718382, 41.47982585373213 ], [ -1.481121324750874, 41.47982585373213 ], [ -1.481121324750874, 41.478967500787547 ], [ -1.480381108783366, 41.478967500787547 ], [ -1.480381108783366, 41.478109136474494 ], [ -1.479640892815857, 41.478109136474494 ], [ -1.479640892815857, 41.472529491336047 ], [ -1.480381108783366, 41.472529491336047 ], [ -1.480381108783366, 41.471671041760793 ], [ -1.481121324750874, 41.471671041760793 ], [ -1.481121324750874, 41.47081258081743 ], [ -1.481861540718382, 41.47081258081743 ], [ -1.481861540718382, 41.469954108505995 ], [ -1.48260175668589, 41.469954108505995 ], [ -1.48260175668589, 41.469524868087262 ], [ -1.483341972653399, 41.469524868087262 ], [ -1.483341972653399, 41.468666378723803 ], [ -1.484822404588416, 41.468666378723803 ], [ -1.484822404588416, 41.468237129779084 ], [ -1.485562620555924, 41.468237129779084 ], [ -1.485562620555924, 41.467807877992371 ], [ -1.488523484425957, 41.467807877992371 ], [ -1.488523484425957, 41.468237129779084 ], [ -1.490003916360974, 41.468237129779084 ], [ -1.490003916360974, 41.468666378723803 ], [ -1.490744132328482, 41.468666378723803 ], [ -1.490744132328482, 41.469095624826537 ], [ -1.492224564263499, 41.469095624826537 ], [ -1.492224564263499, 41.469524868087262 ], [ -1.492964780231007, 41.469524868087262 ], [ -1.492964780231007, 41.469954108505995 ], [ -1.493704996198516, 41.469954108505995 ], [ -1.493704996198516, 41.47038334608272 ], [ -1.494445212166024, 41.47038334608272 ], [ -1.494445212166024, 41.471671041760793 ], [ -1.495185428133532, 41.471671041760793 ], [ -1.495185428133532, 41.473387929543144 ], [ -1.495925644101041, 41.473387929543144 ], [ -1.495925644101041, 41.476392373743145 ], [ -1.495185428133532, 41.476392373743145 ], [ -1.495185428133532, 41.478967500787547 ], [ -1.494445212166024, 41.478967500787547 ], [ -1.494445212166024, 41.479396678680899 ], [ -1.493704996198516, 41.479396678680899 ], [ -1.493704996198516, 41.480255025941226 ], [ -1.492964780231007, 41.480255025941226 ], [ -1.492964780231007, 41.481113361833017 ], [ -1.492224564263499, 41.481113361833017 ], [ -1.492224564263499, 41.4815425255157 ], [ -1.491484348295991, 41.4815425255157 ], [ -1.491484348295991, 41.481971686356232 ], [ -1.486302836523432, 41.481971686356232 ], [ -1.486302836523432, 41.4815425255157 ], [ -1.48260175668589, 41.4815425255157 ], [ -1.48260175668589, 41.4806841953082 ], [ -1.481861540718382, 41.4806841953082 ] ] ], [ [ [ 0.185845034077895, 41.931447529982364 ], [ 0.186585250045403, 41.931447529982364 ], [ 0.186585250045403, 41.931021359016711 ], [ 0.187325466012912, 41.931021359016711 ], [ 0.187325466012912, 41.930169008543487 ], [ 0.18806568198042, 41.930169008543487 ], [ 0.18806568198042, 41.92931664668108 ], [ 0.188805897947928, 41.92931664668108 ], [ 0.188805897947928, 41.928464273429555 ], [ 0.189546113915437, 41.928464273429555 ], [ 0.189546113915437, 41.923349794750358 ], [ 0.188805897947928, 41.923349794750358 ], [ 0.188805897947928, 41.922497341775838 ], [ 0.18806568198042, 41.922497341775838 ], [ 0.18806568198042, 41.921644877412461 ], [ 0.187325466012912, 41.921644877412461 ], [ 0.187325466012912, 41.921218640959964 ], [ 0.186585250045403, 41.921218640959964 ], [ 0.186585250045403, 41.920366159513392 ], [ 0.185845034077895, 41.920366159513392 ], [ 0.185845034077895, 41.919513666678057 ], [ 0.185104818110386, 41.919513666678057 ], [ 0.185104818110386, 41.918661162453994 ], [ 0.184364602142878, 41.918661162453994 ], [ 0.184364602142878, 41.918234906071213 ], [ 0.18362438617537, 41.918234906071213 ], [ 0.18362438617537, 41.917382384764132 ], [ 0.182884170207862, 41.917382384764132 ], [ 0.182884170207862, 41.916529852068429 ], [ 0.182143954240353, 41.916529852068429 ], [ 0.182143954240353, 41.916103581449839 ], [ 0.181403738272845, 41.916103581449839 ], [ 0.181403738272845, 41.915677307984119 ], [ 0.177702658435303, 41.915677307984119 ], [ 0.177702658435303, 41.916103581449839 ], [ 0.176222226500287, 41.916103581449839 ], [ 0.176222226500287, 41.916956119839853 ], [ 0.175482010532778, 41.916956119839853 ], [ 0.175482010532778, 41.917382384764132 ], [ 0.17474179456527, 41.917382384764132 ], [ 0.17474179456527, 41.918234906071213 ], [ 0.174001578597761, 41.918234906071213 ], [ 0.174001578597761, 41.918661162453994 ], [ 0.173261362630253, 41.918661162453994 ], [ 0.173261362630253, 41.919087415989608 ], [ 0.172521146662745, 41.919087415989608 ], [ 0.172521146662745, 41.919939914519318 ], [ 0.171780930695237, 41.919939914519318 ], [ 0.171780930695237, 41.920366159513392 ], [ 0.171040714727728, 41.920366159513392 ], [ 0.171040714727728, 41.928890461478971 ], [ 0.171780930695237, 41.928890461478971 ], [ 0.171780930695237, 41.92931664668108 ], [ 0.172521146662745, 41.92931664668108 ], [ 0.172521146662745, 41.930169008543487 ], [ 0.173261362630253, 41.930169008543487 ], [ 0.173261362630253, 41.931021359016711 ], [ 0.174001578597761, 41.931021359016711 ], [ 0.174001578597761, 41.931873698100702 ], [ 0.17474179456527, 41.931873698100702 ], [ 0.17474179456527, 41.932299863371739 ], [ 0.175482010532778, 41.932299863371739 ], [ 0.175482010532778, 41.933152185371853 ], [ 0.179923306337828, 41.933152185371853 ], [ 0.179923306337828, 41.933578342100922 ], [ 0.184364602142878, 41.933578342100922 ], [ 0.184364602142878, 41.933152185371853 ], [ 0.185104818110386, 41.933152185371853 ], [ 0.185104818110386, 41.932299863371739 ], [ 0.185845034077895, 41.932299863371739 ], [ 0.185845034077895, 41.931447529982364 ] ] ], [ [ [ 2.008996962050922, 42.722139041293836 ], [ 2.008996962050922, 42.721718193476534 ], [ 2.011217609953447, 42.721718193476534 ], [ 2.011217609953447, 42.721297342804554 ], [ 2.011957825920955, 42.721297342804554 ], [ 2.011957825920955, 42.718772178824828 ], [ 2.012698041888464, 42.718772178824828 ], [ 2.012698041888464, 42.714984240166849 ], [ 2.011957825920955, 42.714984240166849 ], [ 2.011957825920955, 42.714142444619768 ], [ 2.011217609953447, 42.714142444619768 ], [ 2.011217609953447, 42.713721542564308 ], [ 2.010477393985939, 42.713721542564308 ], [ 2.010477393985939, 42.712879729889586 ], [ 2.009737178018431, 42.712879729889586 ], [ 2.009737178018431, 42.712037905796464 ], [ 2.008996962050922, 42.712037905796464 ], [ 2.008996962050922, 42.711616989468006 ], [ 2.008256746083414, 42.711616989468006 ], [ 2.008256746083414, 42.710775148247336 ], [ 2.007516530115905, 42.710775148247336 ], [ 2.007516530115905, 42.710354223355125 ], [ 2.006776314148397, 42.710354223355125 ], [ 2.006776314148397, 42.709512365006972 ], [ 2.006036098180889, 42.709512365006972 ], [ 2.006036098180889, 42.70909143155103 ], [ 2.005295882213381, 42.70909143155103 ], [ 2.005295882213381, 42.708670495240526 ], [ 2.003815450278363, 42.708670495240526 ], [ 2.003815450278363, 42.708249556075451 ], [ 2.003075234310855, 42.708249556075451 ], [ 2.003075234310855, 42.707828614055813 ], [ 2.001594802375839, 42.707828614055813 ], [ 2.001594802375839, 42.70740766918162 ], [ 2.000114370440822, 42.70740766918162 ], [ 2.000114370440822, 42.706986721452878 ], [ 1.999374154473314, 42.706986721452878 ], [ 1.999374154473314, 42.706565770869567 ], [ 1.997893722538297, 42.706565770869567 ], [ 1.997893722538297, 42.706144817431721 ], [ 1.997153506570789, 42.706144817431721 ], [ 1.997153506570789, 42.706565770869567 ], [ 1.995673074635772, 42.706565770869567 ], [ 1.995673074635772, 42.706986721452878 ], [ 1.994932858668264, 42.706986721452878 ], [ 1.994932858668264, 42.70740766918162 ], [ 1.994192642700756, 42.70740766918162 ], [ 1.994192642700756, 42.707828614055813 ], [ 1.993452426733247, 42.707828614055813 ], [ 1.993452426733247, 42.708670495240526 ], [ 1.992712210765739, 42.708670495240526 ], [ 1.992712210765739, 42.70993329560833 ], [ 1.99197199479823, 42.70993329560833 ], [ 1.99197199479823, 42.711616989468006 ], [ 1.991231778830722, 42.711616989468006 ], [ 1.991231778830722, 42.712458819270317 ], [ 1.990491562863214, 42.712458819270317 ], [ 1.990491562863214, 42.71330063765425 ], [ 1.989751346895706, 42.71330063765425 ], [ 1.989751346895706, 42.713721542564308 ], [ 1.989011130928197, 42.713721542564308 ], [ 1.989011130928197, 42.714142444619768 ], [ 1.988270914960689, 42.714142444619768 ], [ 1.988270914960689, 42.714563343820615 ], [ 1.98753069899318, 42.714563343820615 ], [ 1.98753069899318, 42.715405133658464 ], [ 1.986790483025672, 42.715405133658464 ], [ 1.986790483025672, 42.716246912077835 ], [ 1.98753069899318, 42.716246912077835 ], [ 1.98753069899318, 42.719613911570029 ], [ 1.988270914960689, 42.719613911570029 ], [ 1.988270914960689, 42.721297342804554 ], [ 1.989751346895706, 42.721297342804554 ], [ 1.989751346895706, 42.721718193476534 ], [ 1.992712210765739, 42.721718193476534 ], [ 1.992712210765739, 42.722139041293836 ], [ 1.995673074635772, 42.722139041293836 ], [ 1.995673074635772, 42.722559886256469 ], [ 1.998633938505805, 42.722559886256469 ], [ 1.998633938505805, 42.722980728364426 ], [ 2.004555666245873, 42.722980728364426 ], [ 2.004555666245873, 42.722559886256469 ], [ 2.006776314148397, 42.722559886256469 ], [ 2.006776314148397, 42.722139041293836 ], [ 2.008996962050922, 42.722139041293836 ] ] ], [ [ [ 1.504169672210238, 42.909972134255163 ], [ 1.504169672210238, 42.909132988489333 ], [ 1.504909888177747, 42.909132988489333 ], [ 1.504909888177747, 42.908713411322275 ], [ 1.505650104145255, 42.908713411322275 ], [ 1.505650104145255, 42.908293831299119 ], [ 1.506390320112763, 42.908293831299119 ], [ 1.506390320112763, 42.907454662684536 ], [ 1.507130536080271, 42.907454662684536 ], [ 1.507130536080271, 42.907035074093123 ], [ 1.50787075204778, 42.907035074093123 ], [ 1.50787075204778, 42.906615482645627 ], [ 1.510091399950305, 42.906615482645627 ], [ 1.510091399950305, 42.907035074093123 ], [ 1.51231204785283, 42.907035074093123 ], [ 1.51231204785283, 42.907454662684536 ], [ 1.513792479787847, 42.907454662684536 ], [ 1.513792479787847, 42.907035074093123 ], [ 1.514532695755355, 42.907035074093123 ], [ 1.514532695755355, 42.906615482645627 ], [ 1.516013127690371, 42.906615482645627 ], [ 1.516013127690371, 42.90619588834204 ], [ 1.51675334365788, 42.90619588834204 ], [ 1.51675334365788, 42.905776291182399 ], [ 1.517493559625388, 42.905776291182399 ], [ 1.517493559625388, 42.902419411086825 ], [ 1.518233775592897, 42.902419411086825 ], [ 1.518233775592897, 42.896544431089147 ], [ 1.517493559625388, 42.896544431089147 ], [ 1.517493559625388, 42.89570510253607 ], [ 1.51675334365788, 42.89570510253607 ], [ 1.51675334365788, 42.894865762558986 ], [ 1.516013127690371, 42.894865762558986 ], [ 1.516013127690371, 42.894026411157938 ], [ 1.515272911722863, 42.894026411157938 ], [ 1.515272911722863, 42.893606731173428 ], [ 1.514532695755355, 42.893606731173428 ], [ 1.514532695755355, 42.892767362636476 ], [ 1.513792479787847, 42.892767362636476 ], [ 1.513792479787847, 42.891927982675604 ], [ 1.509351183982796, 42.891927982675604 ], [ 1.509351183982796, 42.892347674084029 ], [ 1.504909888177747, 42.892347674084029 ], [ 1.504909888177747, 42.892767362636476 ], [ 1.502689240275221, 42.892767362636476 ], [ 1.502689240275221, 42.89318704833294 ], [ 1.501949024307713, 42.89318704833294 ], [ 1.501949024307713, 42.894026411157938 ], [ 1.501208808340205, 42.894026411157938 ], [ 1.501208808340205, 42.894446088286458 ], [ 1.499728376405188, 42.894446088286458 ], [ 1.499728376405188, 42.894026411157938 ], [ 1.49898816043768, 42.894026411157938 ], [ 1.49898816043768, 42.893606731173428 ], [ 1.496027296567646, 42.893606731173428 ], [ 1.496027296567646, 42.894026411157938 ], [ 1.495287080600138, 42.894026411157938 ], [ 1.495287080600138, 42.894446088286458 ], [ 1.49454686463263, 42.894446088286458 ], [ 1.49454686463263, 42.894865762558986 ], [ 1.493806648665121, 42.894865762558986 ], [ 1.493806648665121, 42.895285433975523 ], [ 1.493066432697613, 42.895285433975523 ], [ 1.493066432697613, 42.898642702491721 ], [ 1.492326216730105, 42.898642702491721 ], [ 1.492326216730105, 42.901160533926102 ], [ 1.493066432697613, 42.901160533926102 ], [ 1.493066432697613, 42.901580162502384 ], [ 1.493806648665121, 42.901580162502384 ], [ 1.493806648665121, 42.902419411086825 ], [ 1.49454686463263, 42.902419411086825 ], [ 1.49454686463263, 42.902839031094977 ], [ 1.495287080600138, 42.902839031094977 ], [ 1.495287080600138, 42.903258648247061 ], [ 1.496027296567646, 42.903258648247061 ], [ 1.496027296567646, 42.90367826254311 ], [ 1.496767512535155, 42.90367826254311 ], [ 1.496767512535155, 42.90619588834204 ], [ 1.497507728502663, 42.90619588834204 ], [ 1.497507728502663, 42.909132988489333 ], [ 1.498247944470172, 42.909132988489333 ], [ 1.498247944470172, 42.9095525628003 ], [ 1.49898816043768, 42.9095525628003 ], [ 1.49898816043768, 42.909972134255163 ], [ 1.499728376405188, 42.909972134255163 ], [ 1.499728376405188, 42.910391702853921 ], [ 1.501208808340205, 42.910391702853921 ], [ 1.501208808340205, 42.910811268596582 ], [ 1.502689240275221, 42.910811268596582 ], [ 1.502689240275221, 42.910391702853921 ], [ 1.50342945624273, 42.910391702853921 ], [ 1.50342945624273, 42.909972134255163 ], [ 1.504169672210238, 42.909972134255163 ] ] ], [ [ [ -5.555270009916747, 43.033202274328815 ], [ -5.554529793949239, 43.033202274328815 ], [ -5.554529793949239, 43.031946070863157 ], [ -5.55378957798173, 43.031946070863157 ], [ -5.55378957798173, 43.031108587601217 ], [ -5.553049362014222, 43.031108587601217 ], [ -5.553049362014222, 43.030271092911441 ], [ -5.552309146046714, 43.030271092911441 ], [ -5.552309146046714, 43.026502225388533 ], [ -5.551568930079205, 43.026502225388533 ], [ -5.551568930079205, 43.023570723993728 ], [ -5.552309146046714, 43.023570723993728 ], [ -5.552309146046714, 43.022733126454419 ], [ -5.553049362014222, 43.022733126454419 ], [ -5.553049362014222, 43.022314323399414 ], [ -5.55378957798173, 43.022314323399414 ], [ -5.55378957798173, 43.021895517487501 ], [ -5.554529793949239, 43.021895517487501 ], [ -5.554529793949239, 43.021476708718701 ], [ -5.555270009916747, 43.021476708718701 ], [ -5.555270009916747, 43.021057897093009 ], [ -5.556010225884255, 43.021057897093009 ], [ -5.556010225884255, 43.020639082610423 ], [ -5.556750441851764, 43.020639082610423 ], [ -5.556750441851764, 43.020220265270936 ], [ -5.557490657819272, 43.020220265270936 ], [ -5.557490657819272, 43.020639082610423 ], [ -5.558230873786781, 43.020639082610423 ], [ -5.558230873786781, 43.021057897093009 ], [ -5.558971089754289, 43.021057897093009 ], [ -5.558971089754289, 43.021476708718701 ], [ -5.559711305721796, 43.021476708718701 ], [ -5.559711305721796, 43.021895517487501 ], [ -5.560451521689306, 43.021895517487501 ], [ -5.560451521689306, 43.022314323399414 ], [ -5.561931953624321, 43.022314323399414 ], [ -5.561931953624321, 43.021895517487501 ], [ -5.56267216959183, 43.021895517487501 ], [ -5.56267216959183, 43.021476708718701 ], [ -5.564892817494355, 43.021476708718701 ], [ -5.564892817494355, 43.021895517487501 ], [ -5.567113465396881, 43.021895517487501 ], [ -5.567113465396881, 43.022314323399414 ], [ -5.569334113299405, 43.022314323399414 ], [ -5.569334113299405, 43.023570723993728 ], [ -5.570074329266913, 43.023570723993728 ], [ -5.570074329266913, 43.025245884789413 ], [ -5.570814545234422, 43.025245884789413 ], [ -5.570814545234422, 43.028177306190337 ], [ -5.570074329266913, 43.028177306190337 ], [ -5.570074329266913, 43.030689841684811 ], [ -5.569334113299405, 43.030689841684811 ], [ -5.569334113299405, 43.031527330660673 ], [ -5.568593897331898, 43.031527330660673 ], [ -5.568593897331898, 43.032364808208683 ], [ -5.567853681364389, 43.032364808208683 ], [ -5.567853681364389, 43.032783542697238 ], [ -5.567113465396881, 43.032783542697238 ], [ -5.567113465396881, 43.033621003103427 ], [ -5.566373249429372, 43.033621003103427 ], [ -5.566373249429372, 43.034458452081701 ], [ -5.565633033461864, 43.034458452081701 ], [ -5.565633033461864, 43.035295889632046 ], [ -5.564892817494355, 43.035295889632046 ], [ -5.564892817494355, 43.036133315754434 ], [ -5.564152601526846, 43.036133315754434 ], [ -5.564152601526846, 43.036552024530138 ], [ -5.561931953624321, 43.036552024530138 ], [ -5.561931953624321, 43.036970730448857 ], [ -5.557490657819272, 43.036970730448857 ], [ -5.557490657819272, 43.036133315754434 ], [ -5.556750441851764, 43.036133315754434 ], [ -5.556750441851764, 43.03487717228537 ], [ -5.556010225884255, 43.03487717228537 ], [ -5.556010225884255, 43.034039729021053 ], [ -5.555270009916747, 43.034039729021053 ], [ -5.555270009916747, 43.033202274328815 ] ] ], [ [ [ -2.216895996454158, 43.045344248849148 ], [ -2.215415564519142, 43.045344248849148 ], [ -2.215415564519142, 43.044925600070989 ], [ -2.213194916616617, 43.044925600070989 ], [ -2.213194916616617, 43.044506948435782 ], [ -2.212454700649109, 43.044506948435782 ], [ -2.212454700649109, 43.043250976387839 ], [ -2.2117144846816, 43.043250976387839 ], [ -2.2117144846816, 43.040320274946268 ], [ -2.210974268714092, 43.040320274946268 ], [ -2.210974268714092, 43.035295889632046 ], [ -2.2117144846816, 43.035295889632046 ], [ -2.2117144846816, 43.031946070863157 ], [ -2.212454700649109, 43.031946070863157 ], [ -2.212454700649109, 43.029433586793843 ], [ -2.213194916616617, 43.029433586793843 ], [ -2.213194916616617, 43.029014829449622 ], [ -2.213935132584125, 43.029014829449622 ], [ -2.213935132584125, 43.028596069248458 ], [ -2.215415564519142, 43.028596069248458 ], [ -2.215415564519142, 43.028177306190337 ], [ -2.21615578048665, 43.028177306190337 ], [ -2.21615578048665, 43.027758540275293 ], [ -2.218376428389175, 43.027758540275293 ], [ -2.218376428389175, 43.028177306190337 ], [ -2.2205970762917, 43.028177306190337 ], [ -2.2205970762917, 43.028596069248458 ], [ -2.222817724194225, 43.028596069248458 ], [ -2.222817724194225, 43.029014829449622 ], [ -2.22503837209675, 43.029014829449622 ], [ -2.22503837209675, 43.029433586793843 ], [ -2.225778588064259, 43.029433586793843 ], [ -2.225778588064259, 43.030689841684811 ], [ -2.226518804031767, 43.030689841684811 ], [ -2.226518804031767, 43.031527330660673 ], [ -2.227259019999275, 43.031527330660673 ], [ -2.227259019999275, 43.032783542697238 ], [ -2.227999235966783, 43.032783542697238 ], [ -2.227999235966783, 43.033621003103427 ], [ -2.228739451934292, 43.033621003103427 ], [ -2.228739451934292, 43.03487717228537 ], [ -2.2294796679018, 43.03487717228537 ], [ -2.2294796679018, 43.036133315754434 ], [ -2.230219883869309, 43.036133315754434 ], [ -2.230219883869309, 43.036970730448857 ], [ -2.230960099836817, 43.036970730448857 ], [ -2.230960099836817, 43.038226831062964 ], [ -2.230219883869309, 43.038226831062964 ], [ -2.230219883869309, 43.041994978626512 ], [ -2.2294796679018, 43.041994978626512 ], [ -2.2294796679018, 43.043250976387839 ], [ -2.228739451934292, 43.043250976387839 ], [ -2.228739451934292, 43.043669636594203 ], [ -2.227999235966783, 43.043669636594203 ], [ -2.227999235966783, 43.04408829394351 ], [ -2.227259019999275, 43.04408829394351 ], [ -2.227259019999275, 43.044506948435782 ], [ -2.225778588064259, 43.044506948435782 ], [ -2.225778588064259, 43.044925600070989 ], [ -2.22503837209675, 43.044925600070989 ], [ -2.22503837209675, 43.045344248849148 ], [ -2.224298156129242, 43.045344248849148 ], [ -2.224298156129242, 43.045762894770256 ], [ -2.223557940161733, 43.045762894770256 ], [ -2.223557940161733, 43.0461815378343 ], [ -2.222817724194225, 43.0461815378343 ], [ -2.222817724194225, 43.046600178041274 ], [ -2.2205970762917, 43.046600178041274 ], [ -2.2205970762917, 43.0461815378343 ], [ -2.218376428389175, 43.0461815378343 ], [ -2.218376428389175, 43.045762894770256 ], [ -2.216895996454158, 43.045762894770256 ], [ -2.216895996454158, 43.045344248849148 ] ] ] ] } }
]
}
