{
"type": "FeatureCollection",
"name": "spain_fires_nrt_ba",
"crs": { "type": "name", "properties": { "name": "urn:ogc:def:crs:OGC:1.3:CRS84" } },
"features": [
{ "type": "Feature", "properties": { }, "geometry": { "type": "MultiPolygon", "coordinates": [ [ [ [ -5.653718733595356, 35.725975584775966 ], [ -5.652978517627846, 35.725975584775966 ], [ -5.652978517627846, 35.725045476885427 ], [ -5.652238301660338, 35.725045476885427 ], [ -5.652238301660338, 35.724115358135123 ], [ -5.651498085692831, 35.724115358135123 ], [ -5.651498085692831, 35.723185228525175 ], [ -5.650757869725322, 35.723185228525175 ], [ -5.650757869725322, 35.722720159647871 ], [ -5.650017653757813, 35.722720159647871 ], [ -5.650017653757813, 35.721790013748659 ], [ -5.649277437790306, 35.721790013748659 ], [ -5.649277437790306, 35.712487957511797 ], [ -5.650017653757813, 35.712487957511797 ], [ -5.650017653757813, 35.711557692166224 ], [ -5.650757869725322, 35.711557692166224 ], [ -5.650757869725322, 35.711092555421672 ], [ -5.651498085692831, 35.711092555421672 ], [ -5.651498085692831, 35.710627415962612 ], [ -5.652238301660338, 35.710627415962612 ], [ -5.652238301660338, 35.710162273789081 ], [ -5.652978517627846, 35.710162273789081 ], [ -5.652978517627846, 35.709697128901077 ], [ -5.653718733595356, 35.709697128901077 ], [ -5.653718733595356, 35.709231981298608 ], [ -5.654458949562865, 35.709231981298608 ], [ -5.654458949562865, 35.708766830981716 ], [ -5.655199165530372, 35.708766830981716 ], [ -5.655199165530372, 35.708301677950395 ], [ -5.655939381497881, 35.708301677950395 ], [ -5.655939381497881, 35.70783652220468 ], [ -5.658900245367914, 35.70783652220468 ], [ -5.658900245367914, 35.707371363744535 ], [ -5.662601325205456, 35.707371363744535 ], [ -5.662601325205456, 35.706906202570032 ], [ -5.666302405042998, 35.706906202570032 ], [ -5.666302405042998, 35.707371363744535 ], [ -5.667042621010506, 35.707371363744535 ], [ -5.667042621010506, 35.708301677950395 ], [ -5.667782836978014, 35.708301677950395 ], [ -5.667782836978014, 35.708766830981716 ], [ -5.668523052945521, 35.708766830981716 ], [ -5.668523052945521, 35.709697128901077 ], [ -5.66926326891303, 35.709697128901077 ], [ -5.66926326891303, 35.710627415962612 ], [ -5.670003484880539, 35.710627415962612 ], [ -5.670003484880539, 35.711557692166224 ], [ -5.670743700848047, 35.711557692166224 ], [ -5.670743700848047, 35.712022826196275 ], [ -5.671483916815555, 35.712022826196275 ], [ -5.671483916815555, 35.712953086112769 ], [ -5.672224132783064, 35.712953086112769 ], [ -5.672224132783064, 35.713883335171033 ], [ -5.672964348750573, 35.713883335171033 ], [ -5.672964348750573, 35.71853441758482 ], [ -5.672224132783064, 35.71853441758482 ], [ -5.672224132783064, 35.722720159647871 ], [ -5.671483916815555, 35.722720159647871 ], [ -5.671483916815555, 35.723650294687594 ], [ -5.670743700848047, 35.723650294687594 ], [ -5.670743700848047, 35.724115358135123 ], [ -5.670003484880539, 35.724115358135123 ], [ -5.670003484880539, 35.725045476885427 ], [ -5.661861109237947, 35.725045476885427 ], [ -5.661861109237947, 35.724580418867738 ], [ -5.661120893270438, 35.724580418867738 ], [ -5.661120893270438, 35.725045476885427 ], [ -5.66038067730293, 35.725045476885427 ], [ -5.66038067730293, 35.725975584775966 ], [ -5.659640461335422, 35.725975584775966 ], [ -5.659640461335422, 35.726440634648782 ], [ -5.658900245367914, 35.726440634648782 ], [ -5.658900245367914, 35.726905681806628 ], [ -5.654458949562865, 35.726905681806628 ], [ -5.654458949562865, 35.726440634648782 ], [ -5.653718733595356, 35.726440634648782 ], [ -5.653718733595356, 35.725975584775966 ] ] ], [ [ [ -7.770736400669193, 39.845655007759504 ], [ -7.770736400669193, 39.845215186723941 ], [ -7.769255968734176, 39.845215186723941 ], [ -7.769255968734176, 39.844775362870891 ], [ -7.767775536799158, 39.844775362870891 ], [ -7.767775536799158, 39.843895706712374 ], [ -7.76703532083165, 39.843895706712374 ], [ -7.76703532083165, 39.843455874406914 ], [ -7.766295104864143, 39.843455874406914 ], [ -7.766295104864143, 39.842576201343647 ], [ -7.765554888896633, 39.842576201343647 ], [ -7.765554888896633, 39.839057396393606 ], [ -7.764814672929126, 39.839057396393606 ], [ -7.764814672929126, 39.839497256873251 ], [ -7.761853809059093, 39.839497256873251 ], [ -7.761853809059093, 39.839057396393606 ], [ -7.761113593091584, 39.839057396393606 ], [ -7.761113593091584, 39.838617533096581 ], [ -7.759633161156566, 39.838617533096581 ], [ -7.759633161156566, 39.838177666982176 ], [ -7.758892945189059, 39.838177666982176 ], [ -7.758892945189059, 39.836858051734851 ], [ -7.75815272922155, 39.836858051734851 ], [ -7.75815272922155, 39.835098525295741 ], [ -7.757412513254041, 39.835098525295741 ], [ -7.757412513254041, 39.833778850884677 ], [ -7.75815272922155, 39.833778850884677 ], [ -7.75815272922155, 39.83245915111808 ], [ -7.758892945189059, 39.83245915111808 ], [ -7.758892945189059, 39.831579337187378 ], [ -7.759633161156566, 39.831579337187378 ], [ -7.759633161156566, 39.830259595162019 ], [ -7.760373377124075, 39.830259595162019 ], [ -7.760373377124075, 39.829379753059015 ], [ -7.763334240994108, 39.829379753059015 ], [ -7.763334240994108, 39.829819675519126 ], [ -7.765554888896633, 39.829819675519126 ], [ -7.765554888896633, 39.830259595162019 ], [ -7.76703532083165, 39.830259595162019 ], [ -7.76703532083165, 39.830699511987703 ], [ -7.767775536799158, 39.830699511987703 ], [ -7.767775536799158, 39.832899053857552 ], [ -7.768515752766667, 39.832899053857552 ], [ -7.768515752766667, 39.834218745172322 ], [ -7.769255968734176, 39.834218745172322 ], [ -7.769255968734176, 39.833778850884677 ], [ -7.771476616636701, 39.833778850884677 ], [ -7.771476616636701, 39.833338953779744 ], [ -7.772957048571717, 39.833338953779744 ], [ -7.772957048571717, 39.832899053857552 ], [ -7.77591791244175, 39.832899053857552 ], [ -7.77591791244175, 39.833338953779744 ], [ -7.776658128409258, 39.833338953779744 ], [ -7.776658128409258, 39.833778850884677 ], [ -7.777398344376767, 39.833778850884677 ], [ -7.777398344376767, 39.834218745172322 ], [ -7.778878776311784, 39.834218745172322 ], [ -7.778878776311784, 39.834658636642686 ], [ -7.779618992279292, 39.834658636642686 ], [ -7.779618992279292, 39.835098525295741 ], [ -7.780359208246801, 39.835098525295741 ], [ -7.780359208246801, 39.83641817435106 ], [ -7.78109942421431, 39.83641817435106 ], [ -7.78109942421431, 39.838617533096581 ], [ -7.781839640181818, 39.838617533096581 ], [ -7.781839640181818, 39.83993711453553 ], [ -7.78109942421431, 39.83993711453553 ], [ -7.78109942421431, 39.841696517010604 ], [ -7.780359208246801, 39.841696517010604 ], [ -7.780359208246801, 39.843455874406914 ], [ -7.779618992279292, 39.843455874406914 ], [ -7.779618992279292, 39.845215186723941 ], [ -7.778878776311784, 39.845215186723941 ], [ -7.778878776311784, 39.845655007759504 ], [ -7.777398344376767, 39.845655007759504 ], [ -7.777398344376767, 39.846094825977566 ], [ -7.776658128409258, 39.846094825977566 ], [ -7.776658128409258, 39.846534641378135 ], [ -7.773697264539225, 39.846534641378135 ], [ -7.773697264539225, 39.846094825977566 ], [ -7.772216832604208, 39.846094825977566 ], [ -7.772216832604208, 39.845655007759504 ], [ -7.770736400669193, 39.845655007759504 ] ] ], [ [ [ -3.474522925250819, 40.253030605299436 ], [ -3.474522925250819, 40.252593405012497 ], [ -3.472302277348294, 40.252593405012497 ], [ -3.472302277348294, 40.252156201901066 ], [ -3.469341413478261, 40.252156201901066 ], [ -3.469341413478261, 40.251281787204768 ], [ -3.468601197510752, 40.251281787204768 ], [ -3.468601197510752, 40.250407361210598 ], [ -3.467860981543244, 40.250407361210598 ], [ -3.467860981543244, 40.249532923918622 ], [ -3.467120765575736, 40.249532923918622 ], [ -3.467120765575736, 40.248658475328888 ], [ -3.466380549608227, 40.248658475328888 ], [ -3.466380549608227, 40.248221246797378 ], [ -3.465640333640719, 40.248221246797378 ], [ -3.465640333640719, 40.247346781261115 ], [ -3.46490011767321, 40.247346781261115 ], [ -3.46490011767321, 40.242974284116798 ], [ -3.465640333640719, 40.242974284116798 ], [ -3.465640333640719, 40.2407879296318 ], [ -3.466380549608227, 40.2407879296318 ], [ -3.466380549608227, 40.240350650261888 ], [ -3.467120765575736, 40.240350650261888 ], [ -3.467120765575736, 40.239476083049205 ], [ -3.467860981543244, 40.239476083049205 ], [ -3.467860981543244, 40.238601504539439 ], [ -3.468601197510752, 40.238601504539439 ], [ -3.468601197510752, 40.237726914732633 ], [ -3.470081629445768, 40.237726914732633 ], [ -3.470081629445768, 40.237289615592864 ], [ -3.471562061380785, 40.237289615592864 ], [ -3.471562061380785, 40.236852313628852 ], [ -3.475263141218327, 40.236852313628852 ], [ -3.475263141218327, 40.237289615592864 ], [ -3.477483789120852, 40.237289615592864 ], [ -3.477483789120852, 40.237726914732633 ], [ -3.478964221055869, 40.237726914732633 ], [ -3.478964221055869, 40.238164211048165 ], [ -3.481184868958394, 40.238164211048165 ], [ -3.481184868958394, 40.238601504539439 ], [ -3.482665300893411, 40.238601504539439 ], [ -3.482665300893411, 40.239038795206454 ], [ -3.483405516860918, 40.239038795206454 ], [ -3.483405516860918, 40.23991336806769 ], [ -3.484145732828428, 40.23991336806769 ], [ -3.484145732828428, 40.241225206177418 ], [ -3.484885948795936, 40.241225206177418 ], [ -3.484885948795936, 40.242537018868425 ], [ -3.485626164763444, 40.242537018868425 ], [ -3.485626164763444, 40.243411546540848 ], [ -3.486366380730952, 40.243411546540848 ], [ -3.486366380730952, 40.24428606291589 ], [ -3.485626164763444, 40.24428606291589 ], [ -3.485626164763444, 40.247784015441454 ], [ -3.484885948795936, 40.247784015441454 ], [ -3.484885948795936, 40.250844575619915 ], [ -3.484145732828428, 40.250844575619915 ], [ -3.484145732828428, 40.251718995965156 ], [ -3.483405516860918, 40.251718995965156 ], [ -3.483405516860918, 40.252593405012497 ], [ -3.482665300893411, 40.252593405012497 ], [ -3.482665300893411, 40.253030605299436 ], [ -3.481925084925902, 40.253030605299436 ], [ -3.481925084925902, 40.253904997399822 ], [ -3.479704437023377, 40.253904997399822 ], [ -3.479704437023377, 40.253467802761868 ], [ -3.477483789120852, 40.253467802761868 ], [ -3.477483789120852, 40.253030605299436 ], [ -3.474522925250819, 40.253030605299436 ] ] ], [ [ [ -7.672287676990583, 41.037566678472224 ], [ -7.672287676990583, 41.037134587452933 ], [ -7.671547461023076, 41.037134587452933 ], [ -7.671547461023076, 41.03497408981108 ], [ -7.670807245055567, 41.03497408981108 ], [ -7.670807245055567, 41.032813521260856 ], [ -7.670067029088058, 41.032813521260856 ], [ -7.670067029088058, 41.031085015367125 ], [ -7.668586597153041, 41.031085015367125 ], [ -7.668586597153041, 41.03238139904186 ], [ -7.667846381185534, 41.03238139904186 ], [ -7.667846381185534, 41.033245640643528 ], [ -7.667106165218026, 41.033245640643528 ], [ -7.667106165218026, 41.033677757189906 ], [ -7.66562573328301, 41.033677757189906 ], [ -7.66562573328301, 41.033245640643528 ], [ -7.663405085380483, 41.033245640643528 ], [ -7.663405085380483, 41.032813521260856 ], [ -7.661184437477959, 41.032813521260856 ], [ -7.661184437477959, 41.03238139904186 ], [ -7.66044422151045, 41.03238139904186 ], [ -7.66044422151045, 41.031085015367125 ], [ -7.659704005542943, 41.031085015367125 ], [ -7.659704005542943, 41.029356464092892 ], [ -7.658963789575433, 41.029356464092892 ], [ -7.658963789575433, 41.027627867438518 ], [ -7.658223573607924, 41.027627867438518 ], [ -7.658223573607924, 41.025899225404402 ], [ -7.657483357640417, 41.025899225404402 ], [ -7.657483357640417, 41.024602714098577 ], [ -7.656743141672909, 41.024602714098577 ], [ -7.656743141672909, 41.021577421785217 ], [ -7.657483357640417, 41.021577421785217 ], [ -7.657483357640417, 41.020713027027391 ], [ -7.658223573607924, 41.020713027027391 ], [ -7.658223573607924, 41.019416413619609 ], [ -7.658963789575433, 41.019416413619609 ], [ -7.658963789575433, 41.018551990500484 ], [ -7.659704005542943, 41.018551990500484 ], [ -7.659704005542943, 41.017255334550988 ], [ -7.66044422151045, 41.017255334550988 ], [ -7.66044422151045, 41.014229704739265 ], [ -7.661184437477959, 41.014229704739265 ], [ -7.661184437477959, 41.010339405071825 ], [ -7.662664869412974, 41.010339405071825 ], [ -7.662664869412974, 41.009907135373169 ], [ -7.664145301347991, 41.009907135373169 ], [ -7.664145301347991, 41.009474862838523 ], [ -7.66562573328301, 41.009474862838523 ], [ -7.66562573328301, 41.009042587467896 ], [ -7.667846381185534, 41.009042587467896 ], [ -7.667846381185534, 41.008610309261279 ], [ -7.66932681312055, 41.008610309261279 ], [ -7.66932681312055, 41.008178028218708 ], [ -7.672287676990583, 41.008178028218708 ], [ -7.672287676990583, 41.008610309261279 ], [ -7.674508324893108, 41.008610309261279 ], [ -7.674508324893108, 41.009042587467896 ], [ -7.676728972795632, 41.009042587467896 ], [ -7.676728972795632, 41.009474862838523 ], [ -7.677469188763141, 41.009474862838523 ], [ -7.677469188763141, 41.009907135373169 ], [ -7.678209404730651, 41.009907135373169 ], [ -7.678209404730651, 41.010339405071825 ], [ -7.678949620698158, 41.010339405071825 ], [ -7.678949620698158, 41.010771671934485 ], [ -7.679689836665667, 41.010771671934485 ], [ -7.679689836665667, 41.011203935961149 ], [ -7.680430052633175, 41.011203935961149 ], [ -7.680430052633175, 41.011636197151809 ], [ -7.681910484568193, 41.011636197151809 ], [ -7.681910484568193, 41.012068455506451 ], [ -7.682650700535701, 41.012068455506451 ], [ -7.682650700535701, 41.012500711025076 ], [ -7.683390916503209, 41.012500711025076 ], [ -7.683390916503209, 41.013365213554245 ], [ -7.684131132470718, 41.013365213554245 ], [ -7.684131132470718, 41.014661946077709 ], [ -7.684871348438225, 41.014661946077709 ], [ -7.684871348438225, 41.015958653076673 ], [ -7.685611564405734, 41.015958653076673 ], [ -7.685611564405734, 41.017255334550988 ], [ -7.686351780373242, 41.017255334550988 ], [ -7.686351780373242, 41.018551990500484 ], [ -7.687091996340749, 41.018551990500484 ], [ -7.687091996340749, 41.019848620924996 ], [ -7.687832212308258, 41.019848620924996 ], [ -7.687832212308258, 41.021145225824377 ], [ -7.688572428275767, 41.021145225824377 ], [ -7.688572428275767, 41.023738359047066 ], [ -7.687832212308258, 41.023738359047066 ], [ -7.687832212308258, 41.027627867438518 ], [ -7.687091996340749, 41.027627867438518 ], [ -7.687091996340749, 41.029356464092892 ], [ -7.686351780373242, 41.029356464092892 ], [ -7.686351780373242, 41.030652881802979 ], [ -7.685611564405734, 41.030652881802979 ], [ -7.685611564405734, 41.031517146094991 ], [ -7.684871348438225, 41.031517146094991 ], [ -7.684871348438225, 41.032813521260856 ], [ -7.684131132470718, 41.032813521260856 ], [ -7.684131132470718, 41.033677757189906 ], [ -7.683390916503209, 41.033677757189906 ], [ -7.683390916503209, 41.034541981773685 ], [ -7.682650700535701, 41.034541981773685 ], [ -7.682650700535701, 41.03540619501215 ], [ -7.681910484568193, 41.03540619501215 ], [ -7.681910484568193, 41.036270396905252 ], [ -7.681170268600684, 41.036270396905252 ], [ -7.681170268600684, 41.037134587452933 ], [ -7.680430052633175, 41.037134587452933 ], [ -7.680430052633175, 41.037566678472224 ], [ -7.679689836665667, 41.037566678472224 ], [ -7.679689836665667, 41.03799876665515 ], [ -7.678209404730651, 41.03799876665515 ], [ -7.678209404730651, 41.038430852001703 ], [ -7.677469188763141, 41.038430852001703 ], [ -7.677469188763141, 41.038862934511862 ], [ -7.675248540860617, 41.038862934511862 ], [ -7.675248540860617, 41.038430852001703 ], [ -7.673768108925601, 41.038430852001703 ], [ -7.673768108925601, 41.03799876665515 ], [ -7.673027892958092, 41.03799876665515 ], [ -7.673027892958092, 41.037566678472224 ], [ -7.672287676990583, 41.037566678472224 ] ] ], [ [ [ -8.132702008780768, 41.096736333355096 ], [ -8.129741144910733, 41.096736333355096 ], [ -8.129741144910733, 41.096304630973869 ], [ -8.129000928943226, 41.096304630973869 ], [ -8.129000928943226, 41.095441217699893 ], [ -8.128260712975717, 41.095441217699893 ], [ -8.128260712975717, 41.095009506807152 ], [ -8.127520497008208, 41.095009506807152 ], [ -8.127520497008208, 41.094146076510221 ], [ -8.1267802810407, 41.094146076510221 ], [ -8.1267802810407, 41.088533502960537 ], [ -8.127520497008208, 41.088533502960537 ], [ -8.127520497008208, 41.08766998755037 ], [ -8.128260712975717, 41.08766998755037 ], [ -8.128260712975717, 41.086806460791983 ], [ -8.129000928943226, 41.086806460791983 ], [ -8.129000928943226, 41.085942922685405 ], [ -8.129741144910733, 41.085942922685405 ], [ -8.129741144910733, 41.085079373230698 ], [ -8.130481360878242, 41.085079373230698 ], [ -8.130481360878242, 41.084215812427892 ], [ -8.13122157684575, 41.084215812427892 ], [ -8.13122157684575, 41.083352240277058 ], [ -8.131961792813259, 41.083352240277058 ], [ -8.131961792813259, 41.08292044994613 ], [ -8.141584600390868, 41.08292044994613 ], [ -8.141584600390868, 41.083352240277058 ], [ -8.142324816358375, 41.083352240277058 ], [ -8.142324816358375, 41.083784027770974 ], [ -8.143065032325884, 41.083784027770974 ], [ -8.143065032325884, 41.084215812427892 ], [ -8.144545464260901, 41.084215812427892 ], [ -8.144545464260901, 41.087238225589708 ], [ -8.145285680228408, 41.087238225589708 ], [ -8.145285680228408, 41.092850909786236 ], [ -8.146025896195917, 41.092850909786236 ], [ -8.146025896195917, 41.09371435710603 ], [ -8.145285680228408, 41.09371435710603 ], [ -8.145285680228408, 41.095009506807152 ], [ -8.144545464260901, 41.095009506807152 ], [ -8.144545464260901, 41.095872925755465 ], [ -8.143805248293392, 41.095872925755465 ], [ -8.143805248293392, 41.097168032899141 ], [ -8.143065032325884, 41.097168032899141 ], [ -8.143065032325884, 41.098031423475675 ], [ -8.142324816358375, 41.098031423475675 ], [ -8.142324816358375, 41.098463114508135 ], [ -8.140104168455851, 41.098463114508135 ], [ -8.140104168455851, 41.098031423475675 ], [ -8.137143304585818, 41.098031423475675 ], [ -8.137143304585818, 41.097599729605996 ], [ -8.134922656683292, 41.097599729605996 ], [ -8.134922656683292, 41.097168032899141 ], [ -8.132702008780768, 41.097168032899141 ], [ -8.132702008780768, 41.096736333355096 ] ] ], [ [ [ -8.580532669123309, 41.282105373220801 ], [ -8.579792453155802, 41.282105373220801 ], [ -8.579792453155802, 41.281674891358975 ], [ -8.579052237188293, 41.281674891358975 ], [ -8.579052237188293, 41.2812444066575 ], [ -8.578312021220784, 41.2812444066575 ], [ -8.578312021220784, 41.280813919116419 ], [ -8.577571805253276, 41.280813919116419 ], [ -8.577571805253276, 41.27909194055588 ], [ -8.576831589285769, 41.27909194055588 ], [ -8.576831589285769, 41.277369916561767 ], [ -8.57609137331826, 41.277369916561767 ], [ -8.57609137331826, 41.271773024809477 ], [ -8.576831589285769, 41.271773024809477 ], [ -8.576831589285769, 41.270050807726591 ], [ -8.577571805253276, 41.270050807726591 ], [ -8.577571805253276, 41.26962024635715 ], [ -8.578312021220784, 41.26962024635715 ], [ -8.578312021220784, 41.26875911509984 ], [ -8.579052237188293, 41.26875911509984 ], [ -8.579052237188293, 41.267897972484668 ], [ -8.584973964928359, 41.267897972484668 ], [ -8.584973964928359, 41.26875911509984 ], [ -8.585714180895868, 41.26875911509984 ], [ -8.585714180895868, 41.26918968214823 ], [ -8.586454396863378, 41.26918968214823 ], [ -8.586454396863378, 41.270050807726591 ], [ -8.587194612830887, 41.270050807726591 ], [ -8.587194612830887, 41.27048136625654 ], [ -8.587934828798394, 41.27048136625654 ], [ -8.587934828798394, 41.271342474797997 ], [ -8.588675044765901, 41.271342474797997 ], [ -8.588675044765901, 41.271773024809477 ], [ -8.589415260733411, 41.271773024809477 ], [ -8.589415260733411, 41.272203571981457 ], [ -8.590155476700918, 41.272203571981457 ], [ -8.590155476700918, 41.272634116313917 ], [ -8.591635908635935, 41.272634116313917 ], [ -8.591635908635935, 41.273064657806863 ], [ -8.593116340570951, 41.273064657806863 ], [ -8.593116340570951, 41.273495196460289 ], [ -8.59385655653846, 41.273495196460289 ], [ -8.59385655653846, 41.274786795383392 ], [ -8.594596772505968, 41.274786795383392 ], [ -8.594596772505968, 41.276508887527228 ], [ -8.595336988473477, 41.276508887527228 ], [ -8.595336988473477, 41.278230934237996 ], [ -8.594596772505968, 41.278230934237996 ], [ -8.594596772505968, 41.279952935515368 ], [ -8.59385655653846, 41.279952935515368 ], [ -8.59385655653846, 41.2812444066575 ], [ -8.593116340570951, 41.2812444066575 ], [ -8.593116340570951, 41.281674891358975 ], [ -8.591635908635935, 41.281674891358975 ], [ -8.591635908635935, 41.282105373220801 ], [ -8.590155476700918, 41.282105373220801 ], [ -8.590155476700918, 41.282535852242994 ], [ -8.589415260733411, 41.282535852242994 ], [ -8.589415260733411, 41.282966328425545 ], [ -8.587934828798394, 41.282966328425545 ], [ -8.587934828798394, 41.28339680176844 ], [ -8.586454396863378, 41.28339680176844 ], [ -8.586454396863378, 41.283827272271687 ], [ -8.583493532993343, 41.283827272271687 ], [ -8.583493532993343, 41.28339680176844 ], [ -8.582753317025835, 41.28339680176844 ], [ -8.582753317025835, 41.282966328425545 ], [ -8.582013101058326, 41.282966328425545 ], [ -8.582013101058326, 41.282535852242994 ], [ -8.580532669123309, 41.282535852242994 ], [ -8.580532669123309, 41.282105373220801 ] ] ], [ [ [ -8.497628480762376, 41.293727310088748 ], [ -8.497628480762376, 41.292866496869678 ], [ -8.496888264794867, 41.292866496869678 ], [ -8.496888264794867, 41.291575255742757 ], [ -8.49614804882736, 41.291575255742757 ], [ -8.49614804882736, 41.290714414125993 ], [ -8.495407832859851, 41.290714414125993 ], [ -8.495407832859851, 41.288131821121894 ], [ -8.49614804882736, 41.288131821121894 ], [ -8.49614804882736, 41.287270934069397 ], [ -8.496888264794867, 41.287270934069397 ], [ -8.496888264794867, 41.285979582192901 ], [ -8.497628480762376, 41.285979582192901 ], [ -8.497628480762376, 41.284688204759199 ], [ -8.496888264794867, 41.284688204759199 ], [ -8.496888264794867, 41.284257739935278 ], [ -8.49614804882736, 41.284257739935278 ], [ -8.49614804882736, 41.283827272271687 ], [ -8.495407832859851, 41.283827272271687 ], [ -8.495407832859851, 41.28339680176844 ], [ -8.494667616892343, 41.28339680176844 ], [ -8.494667616892343, 41.282966328425545 ], [ -8.493927400924834, 41.282966328425545 ], [ -8.493927400924834, 41.282105373220801 ], [ -8.493187184957325, 41.282105373220801 ], [ -8.493187184957325, 41.277800426819674 ], [ -8.493927400924834, 41.277800426819674 ], [ -8.493927400924834, 41.277369916561767 ], [ -8.494667616892343, 41.277369916561767 ], [ -8.494667616892343, 41.276508887527228 ], [ -8.495407832859851, 41.276508887527228 ], [ -8.495407832859851, 41.275647847134415 ], [ -8.49614804882736, 41.275647847134415 ], [ -8.49614804882736, 41.275217322678678 ], [ -8.499108912697393, 41.275217322678678 ], [ -8.499108912697393, 41.275647847134415 ], [ -8.501329560599919, 41.275647847134415 ], [ -8.501329560599919, 41.276078368750596 ], [ -8.502809992534935, 41.276078368750596 ], [ -8.502809992534935, 41.276939403464283 ], [ -8.503550208502443, 41.276939403464283 ], [ -8.503550208502443, 41.278661438816741 ], [ -8.504290424469952, 41.278661438816741 ], [ -8.504290424469952, 41.2812444066575 ], [ -8.503550208502443, 41.2812444066575 ], [ -8.503550208502443, 41.282535852242994 ], [ -8.502809992534935, 41.282535852242994 ], [ -8.502809992534935, 41.28339680176844 ], [ -8.502069776567428, 41.28339680176844 ], [ -8.502069776567428, 41.284688204759199 ], [ -8.503550208502443, 41.284688204759199 ], [ -8.503550208502443, 41.285118666743436 ], [ -8.504290424469952, 41.285118666743436 ], [ -8.504290424469952, 41.285549125888011 ], [ -8.505030640437459, 41.285549125888011 ], [ -8.505030640437459, 41.285118666743436 ], [ -8.505770856404968, 41.285118666743436 ], [ -8.505770856404968, 41.284688204759199 ], [ -8.507251288339985, 41.284688204759199 ], [ -8.507251288339985, 41.282966328425545 ], [ -8.506511072372477, 41.282966328425545 ], [ -8.506511072372477, 41.281674891358975 ], [ -8.505770856404968, 41.281674891358975 ], [ -8.505770856404968, 41.27909194055588 ], [ -8.506511072372477, 41.27909194055588 ], [ -8.506511072372477, 41.277800426819674 ], [ -8.507251288339985, 41.277800426819674 ], [ -8.507251288339985, 41.276939403464283 ], [ -8.507991504307492, 41.276939403464283 ], [ -8.507991504307492, 41.275647847134415 ], [ -8.508731720275001, 41.275647847134415 ], [ -8.508731720275001, 41.274356265248564 ], [ -8.509471936242511, 41.274356265248564 ], [ -8.509471936242511, 41.273925732274193 ], [ -8.510212152210018, 41.273925732274193 ], [ -8.510212152210018, 41.273495196460289 ], [ -8.514653448015068, 41.273495196460289 ], [ -8.514653448015068, 41.273925732274193 ], [ -8.515393663982575, 41.273925732274193 ], [ -8.515393663982575, 41.274786795383392 ], [ -8.516133879950084, 41.274786795383392 ], [ -8.516133879950084, 41.275647847134415 ], [ -8.516874095917593, 41.275647847134415 ], [ -8.516874095917593, 41.276078368750596 ], [ -8.517614311885103, 41.276078368750596 ], [ -8.517614311885103, 41.277800426819674 ], [ -8.516874095917593, 41.277800426819674 ], [ -8.516874095917593, 41.280813919116419 ], [ -8.516133879950084, 41.280813919116419 ], [ -8.516133879950084, 41.28339680176844 ], [ -8.516874095917593, 41.28339680176844 ], [ -8.516874095917593, 41.284257739935278 ], [ -8.517614311885103, 41.284257739935278 ], [ -8.517614311885103, 41.285118666743436 ], [ -8.51835452785261, 41.285118666743436 ], [ -8.51835452785261, 41.285549125888011 ], [ -8.519094743820117, 41.285549125888011 ], [ -8.519094743820117, 41.286410035658086 ], [ -8.519834959787627, 41.286410035658086 ], [ -8.519834959787627, 41.287270934069397 ], [ -8.520575175755136, 41.287270934069397 ], [ -8.520575175755136, 41.292436086000471 ], [ -8.519834959787627, 41.292436086000471 ], [ -8.519834959787627, 41.293296904899108 ], [ -8.519094743820117, 41.293296904899108 ], [ -8.519094743820117, 41.293727310088748 ], [ -8.51835452785261, 41.293727310088748 ], [ -8.51835452785261, 41.29458811194867 ], [ -8.517614311885103, 41.29458811194867 ], [ -8.517614311885103, 41.295018508618931 ], [ -8.515393663982575, 41.295018508618931 ], [ -8.515393663982575, 41.295448902449394 ], [ -8.508731720275001, 41.295448902449394 ], [ -8.508731720275001, 41.295018508618931 ], [ -8.502809992534935, 41.295018508618931 ], [ -8.502809992534935, 41.29458811194867 ], [ -8.498368696729885, 41.29458811194867 ], [ -8.498368696729885, 41.293727310088748 ], [ -8.497628480762376, 41.293727310088748 ] ] ], [ [ [ -8.151207407968478, 41.530877390559667 ], [ -8.150467192000969, 41.530877390559667 ], [ -8.150467192000969, 41.530019714114516 ], [ -8.14972697603346, 41.530019714114516 ], [ -8.14972697603346, 41.529590871627825 ], [ -8.14898676006595, 41.529590871627825 ], [ -8.14898676006595, 41.529162026298401 ], [ -8.148246544098441, 41.529162026298401 ], [ -8.148246544098441, 41.528304327111378 ], [ -8.147506328130934, 41.528304327111378 ], [ -8.147506328130934, 41.527875473253786 ], [ -8.146766112163425, 41.527875473253786 ], [ -8.146766112163425, 41.527017757010462 ], [ -8.146025896195917, 41.527017757010462 ], [ -8.146025896195917, 41.526588894624751 ], [ -8.145285680228408, 41.526588894624751 ], [ -8.145285680228408, 41.526160029396337 ], [ -8.144545464260901, 41.526160029396337 ], [ -8.144545464260901, 41.523157893202345 ], [ -8.145285680228408, 41.523157893202345 ], [ -8.145285680228408, 41.517582127869545 ], [ -8.146025896195917, 41.517582127869545 ], [ -8.146025896195917, 41.517153202945671 ], [ -8.146766112163425, 41.517153202945671 ], [ -8.146766112163425, 41.516295344570203 ], [ -8.147506328130934, 41.516295344570203 ], [ -8.147506328130934, 41.515866411118594 ], [ -8.148246544098441, 41.515866411118594 ], [ -8.148246544098441, 41.515437474824431 ], [ -8.14898676006595, 41.515437474824431 ], [ -8.14898676006595, 41.515008535687706 ], [ -8.14972697603346, 41.515008535687706 ], [ -8.14972697603346, 41.514579593708405 ], [ -8.151947623935985, 41.514579593708405 ], [ -8.151947623935985, 41.515008535687706 ], [ -8.154168271838509, 41.515008535687706 ], [ -8.154168271838509, 41.515437474824431 ], [ -8.156388919741033, 41.515437474824431 ], [ -8.156388919741033, 41.515866411118594 ], [ -8.157869351676052, 41.515866411118594 ], [ -8.157869351676052, 41.516295344570203 ], [ -8.160089999578576, 41.516295344570203 ], [ -8.160089999578576, 41.516724275179222 ], [ -8.162310647481101, 41.516724275179222 ], [ -8.162310647481101, 41.517153202945671 ], [ -8.163791079416116, 41.517153202945671 ], [ -8.163791079416116, 41.517582127869545 ], [ -8.166011727318642, 41.517582127869545 ], [ -8.166011727318642, 41.518011049950822 ], [ -8.16749215925366, 41.518011049950822 ], [ -8.16749215925366, 41.518439969189508 ], [ -8.168232375221168, 41.518439969189508 ], [ -8.168232375221168, 41.521442324267234 ], [ -8.168972591188677, 41.521442324267234 ], [ -8.168972591188677, 41.524873416654962 ], [ -8.168232375221168, 41.524873416654962 ], [ -8.168232375221168, 41.525731161325233 ], [ -8.16749215925366, 41.525731161325233 ], [ -8.16749215925366, 41.526588894624751 ], [ -8.166751943286151, 41.526588894624751 ], [ -8.166751943286151, 41.527446616553476 ], [ -8.166011727318642, 41.527446616553476 ], [ -8.166011727318642, 41.528304327111378 ], [ -8.165271511351134, 41.528304327111378 ], [ -8.165271511351134, 41.529590871627825 ], [ -8.164531295383625, 41.529590871627825 ], [ -8.164531295383625, 41.530448553758461 ], [ -8.163791079416116, 41.530448553758461 ], [ -8.163791079416116, 41.531306224518111 ], [ -8.163050863448609, 41.531306224518111 ], [ -8.163050863448609, 41.531735055633817 ], [ -8.160089999578576, 41.531735055633817 ], [ -8.160089999578576, 41.532163883906755 ], [ -8.157129135708542, 41.532163883906755 ], [ -8.157129135708542, 41.532592709336924 ], [ -8.154908487806019, 41.532592709336924 ], [ -8.154908487806019, 41.533021531924341 ], [ -8.153428055871002, 41.533021531924341 ], [ -8.153428055871002, 41.532592709336924 ], [ -8.152687839903493, 41.532592709336924 ], [ -8.152687839903493, 41.531735055633817 ], [ -8.151947623935985, 41.531735055633817 ], [ -8.151947623935985, 41.531306224518111 ], [ -8.151207407968478, 41.531306224518111 ], [ -8.151207407968478, 41.530877390559667 ] ] ], [ [ [ -8.023150045589533, 41.752632610405456 ], [ -8.022409829622026, 41.752632610405456 ], [ -8.022409829622026, 41.752205246826428 ], [ -8.021669613654517, 41.752205246826428 ], [ -8.021669613654517, 41.751350511132337 ], [ -8.020929397687009, 41.751350511132337 ], [ -8.020929397687009, 41.75049576405695 ], [ -8.0201891817195, 41.75049576405695 ], [ -8.0201891817195, 41.749641005600289 ], [ -8.019448965751993, 41.749641005600289 ], [ -8.019448965751993, 41.748786235762388 ], [ -8.018708749784485, 41.748786235762388 ], [ -8.018708749784485, 41.747931454543298 ], [ -8.017968533816976, 41.747931454543298 ], [ -8.017968533816976, 41.74493963065013 ], [ -8.018708749784485, 41.74493963065013 ], [ -8.018708749784485, 41.74152023262846 ], [ -8.019448965751993, 41.74152023262846 ], [ -8.019448965751993, 41.74109279507222 ], [ -8.020929397687009, 41.74109279507222 ], [ -8.020929397687009, 41.740665354670782 ], [ -8.021669613654517, 41.740665354670782 ], [ -8.021669613654517, 41.740237911424124 ], [ -8.022409829622026, 41.740237911424124 ], [ -8.022409829622026, 41.739810465332269 ], [ -8.023890261557041, 41.739810465332269 ], [ -8.023890261557041, 41.739383016395223 ], [ -8.02463047752455, 41.739383016395223 ], [ -8.02463047752455, 41.738955564612979 ], [ -8.025370693492059, 41.738955564612979 ], [ -8.025370693492059, 41.738528109985552 ], [ -8.034993501069668, 41.738528109985552 ], [ -8.034993501069668, 41.738955564612979 ], [ -8.035733717037175, 41.738955564612979 ], [ -8.035733717037175, 41.739383016395223 ], [ -8.036473933004684, 41.739383016395223 ], [ -8.036473933004684, 41.740237911424124 ], [ -8.037214148972193, 41.740237911424124 ], [ -8.037214148972193, 41.74109279507222 ], [ -8.037954364939701, 41.74109279507222 ], [ -8.037954364939701, 41.74152023262846 ], [ -8.038694580907208, 41.74152023262846 ], [ -8.038694580907208, 41.742375099205269 ], [ -8.037954364939701, 41.742375099205269 ], [ -8.037954364939701, 41.746649261374998 ], [ -8.037214148972193, 41.746649261374998 ], [ -8.037214148972193, 41.75092313901731 ], [ -8.036473933004684, 41.75092313901731 ], [ -8.036473933004684, 41.751777880402045 ], [ -8.035733717037175, 41.751777880402045 ], [ -8.035733717037175, 41.752205246826428 ], [ -8.034993501069668, 41.752205246826428 ], [ -8.034993501069668, 41.753059971139159 ], [ -8.034253285102158, 41.753059971139159 ], [ -8.034253285102158, 41.753914684070509 ], [ -8.033513069134651, 41.753914684070509 ], [ -8.033513069134651, 41.754769385620428 ], [ -8.031292421232127, 41.754769385620428 ], [ -8.031292421232127, 41.754342036268142 ], [ -8.025370693492059, 41.754342036268142 ], [ -8.025370693492059, 41.753914684070509 ], [ -8.023890261557041, 41.753914684070509 ], [ -8.023890261557041, 41.7534873290275 ], [ -8.023150045589533, 41.7534873290275 ], [ -8.023150045589533, 41.752632610405456 ] ] ], [ [ [ -3.24727662322576, 42.544287721634426 ], [ -3.24727662322576, 42.543443614415196 ], [ -3.246536407258251, 42.543443614415196 ], [ -3.246536407258251, 42.543021556525773 ], [ -3.245796191290743, 42.543021556525773 ], [ -3.245796191290743, 42.542599495783165 ], [ -3.245055975323235, 42.542599495783165 ], [ -3.245055975323235, 42.53964499069572 ], [ -3.245796191290743, 42.53964499069572 ], [ -3.245796191290743, 42.536268242263034 ], [ -3.246536407258251, 42.536268242263034 ], [ -3.246536407258251, 42.535846135869789 ], [ -3.248016839193268, 42.535846135869789 ], [ -3.248016839193268, 42.535424026623424 ], [ -3.245796191290743, 42.535424026623424 ], [ -3.245796191290743, 42.53457979957129 ], [ -3.245055975323235, 42.53457979957129 ], [ -3.245055975323235, 42.534157681765542 ], [ -3.244315759355727, 42.534157681765542 ], [ -3.244315759355727, 42.53373556110666 ], [ -3.243575543388218, 42.53373556110666 ], [ -3.243575543388218, 42.533313437594678 ], [ -3.24283532742071, 42.533313437594678 ], [ -3.24283532742071, 42.532891311229577 ], [ -3.242095111453202, 42.532891311229577 ], [ -3.242095111453202, 42.527403408851789 ], [ -3.24283532742071, 42.527403408851789 ], [ -3.24283532742071, 42.526559073382153 ], [ -3.243575543388218, 42.526559073382153 ], [ -3.243575543388218, 42.525714726500325 ], [ -3.244315759355727, 42.525714726500325 ], [ -3.244315759355727, 42.525292548779845 ], [ -3.245055975323235, 42.525292548779845 ], [ -3.245055975323235, 42.524448184779736 ], [ -3.245796191290743, 42.524448184779736 ], [ -3.245796191290743, 42.523603809367494 ], [ -3.246536407258251, 42.523603809367494 ], [ -3.246536407258251, 42.522759422543139 ], [ -3.24727662322576, 42.522759422543139 ], [ -3.24727662322576, 42.521915024306708 ], [ -3.248016839193268, 42.521915024306708 ], [ -3.248016839193268, 42.521070614658214 ], [ -3.250237487095794, 42.521070614658214 ], [ -3.250237487095794, 42.521492820908961 ], [ -3.252458134998319, 42.521492820908961 ], [ -3.252458134998319, 42.521915024306708 ], [ -3.254678782900843, 42.521915024306708 ], [ -3.254678782900843, 42.522337224851434 ], [ -3.255418998868352, 42.522337224851434 ], [ -3.255418998868352, 42.524870368206308 ], [ -3.25615921483586, 42.524870368206308 ], [ -3.25615921483586, 42.527403408851789 ], [ -3.256899430803368, 42.527403408851789 ], [ -3.256899430803368, 42.528669890658243 ], [ -3.257639646770877, 42.528669890658243 ], [ -3.257639646770877, 42.527825572307002 ], [ -3.258379862738385, 42.527825572307002 ], [ -3.258379862738385, 42.526981242543499 ], [ -3.259860294673402, 42.526981242543499 ], [ -3.259860294673402, 42.526559073382153 ], [ -3.26060051064091, 42.526559073382153 ], [ -3.26060051064091, 42.526136901367771 ], [ -3.261340726608418, 42.526136901367771 ], [ -3.261340726608418, 42.525714726500325 ], [ -3.263561374510944, 42.525714726500325 ], [ -3.263561374510944, 42.526136901367771 ], [ -3.264301590478452, 42.526136901367771 ], [ -3.264301590478452, 42.526981242543499 ], [ -3.26504180644596, 42.526981242543499 ], [ -3.26504180644596, 42.527403408851789 ], [ -3.265782022413469, 42.527403408851789 ], [ -3.265782022413469, 42.527825572307002 ], [ -3.266522238380977, 42.527825572307002 ], [ -3.266522238380977, 42.528247732909158 ], [ -3.267262454348485, 42.528247732909158 ], [ -3.267262454348485, 42.528669890658243 ], [ -3.268002670315993, 42.528669890658243 ], [ -3.268002670315993, 42.533313437594678 ], [ -3.267262454348485, 42.533313437594678 ], [ -3.267262454348485, 42.534157681765542 ], [ -3.266522238380977, 42.534157681765542 ], [ -3.266522238380977, 42.53457979957129 ], [ -3.265782022413469, 42.53457979957129 ], [ -3.265782022413469, 42.535424026623424 ], [ -3.26504180644596, 42.535424026623424 ], [ -3.26504180644596, 42.535846135869789 ], [ -3.264301590478452, 42.535846135869789 ], [ -3.264301590478452, 42.536268242263034 ], [ -3.26504180644596, 42.536268242263034 ], [ -3.26504180644596, 42.540911224280833 ], [ -3.264301590478452, 42.540911224280833 ], [ -3.264301590478452, 42.541755365738368 ], [ -3.263561374510944, 42.541755365738368 ], [ -3.263561374510944, 42.542599495783165 ], [ -3.262821158543435, 42.542599495783165 ], [ -3.262821158543435, 42.543443614415196 ], [ -3.261340726608418, 42.543443614415196 ], [ -3.261340726608418, 42.543865669451414 ], [ -3.259120078705893, 42.543865669451414 ], [ -3.259120078705893, 42.544287721634426 ], [ -3.256899430803368, 42.544287721634426 ], [ -3.256899430803368, 42.544709770964246 ], [ -3.253938566933335, 42.544709770964246 ], [ -3.253938566933335, 42.54513181744084 ], [ -3.25171791903081, 42.54513181744084 ], [ -3.25171791903081, 42.545553861064228 ], [ -3.249497271128285, 42.545553861064228 ], [ -3.249497271128285, 42.54513181744084 ], [ -3.248757055160777, 42.54513181744084 ], [ -3.248757055160777, 42.544709770964246 ], [ -3.248016839193268, 42.544709770964246 ], [ -3.248016839193268, 42.544287721634426 ], [ -3.24727662322576, 42.544287721634426 ] ] ], [ [ [ -3.179916970182502, 42.541755365738368 ], [ -3.179916970182502, 42.541333296436193 ], [ -3.179176754214994, 42.541333296436193 ], [ -3.179176754214994, 42.539222907127673 ], [ -3.178436538247485, 42.539222907127673 ], [ -3.178436538247485, 42.537112446490099 ], [ -3.177696322279977, 42.537112446490099 ], [ -3.177696322279977, 42.535001914523917 ], [ -3.176956106312468, 42.535001914523917 ], [ -3.176956106312468, 42.53373556110666 ], [ -3.177696322279977, 42.53373556110666 ], [ -3.177696322279977, 42.532469182011376 ], [ -3.178436538247485, 42.532469182011376 ], [ -3.178436538247485, 42.531624915015648 ], [ -3.179176754214994, 42.531624915015648 ], [ -3.179176754214994, 42.530358493123842 ], [ -3.179916970182502, 42.530358493123842 ], [ -3.179916970182502, 42.529514197597209 ], [ -3.18065718615001, 42.529514197597209 ], [ -3.18065718615001, 42.529092045554265 ], [ -3.18509848195506, 42.529092045554265 ], [ -3.18509848195506, 42.529514197597209 ], [ -3.185838697922568, 42.529514197597209 ], [ -3.185838697922568, 42.530358493123842 ], [ -3.186578913890076, 42.530358493123842 ], [ -3.186578913890076, 42.530780636607538 ], [ -3.187319129857585, 42.530780636607538 ], [ -3.187319129857585, 42.531624915015648 ], [ -3.188059345825093, 42.531624915015648 ], [ -3.188059345825093, 42.532047049940061 ], [ -3.190279993727618, 42.532047049940061 ], [ -3.190279993727618, 42.532469182011376 ], [ -3.191760425662635, 42.532469182011376 ], [ -3.191760425662635, 42.529514197597209 ], [ -3.192500641630143, 42.529514197597209 ], [ -3.192500641630143, 42.528669890658243 ], [ -3.193240857597652, 42.528669890658243 ], [ -3.193240857597652, 42.527825572307002 ], [ -3.19398107356516, 42.527825572307002 ], [ -3.19398107356516, 42.526981242543499 ], [ -3.195461505500177, 42.526981242543499 ], [ -3.195461505500177, 42.526559073382153 ], [ -3.199162585337718, 42.526559073382153 ], [ -3.199162585337718, 42.526981242543499 ], [ -3.199902801305227, 42.526981242543499 ], [ -3.199902801305227, 42.527403408851789 ], [ -3.200643017272736, 42.527403408851789 ], [ -3.200643017272736, 42.528247732909158 ], [ -3.201383233240243, 42.528247732909158 ], [ -3.201383233240243, 42.529092045554265 ], [ -3.202123449207751, 42.529092045554265 ], [ -3.202123449207751, 42.529936346787068 ], [ -3.20286366517526, 42.529936346787068 ], [ -3.20286366517526, 42.53373556110666 ], [ -3.202123449207751, 42.53373556110666 ], [ -3.202123449207751, 42.53457979957129 ], [ -3.201383233240243, 42.53457979957129 ], [ -3.201383233240243, 42.535424026623424 ], [ -3.200643017272736, 42.535424026623424 ], [ -3.200643017272736, 42.536268242263034 ], [ -3.199902801305227, 42.536268242263034 ], [ -3.199902801305227, 42.536690345803137 ], [ -3.194721289532668, 42.536690345803137 ], [ -3.194721289532668, 42.536268242263034 ], [ -3.19398107356516, 42.536268242263034 ], [ -3.19398107356516, 42.538378731432111 ], [ -3.193240857597652, 42.538378731432111 ], [ -3.193240857597652, 42.540489149272304 ], [ -3.192500641630143, 42.540489149272304 ], [ -3.192500641630143, 42.540911224280833 ], [ -3.191020209695127, 42.540911224280833 ], [ -3.191020209695127, 42.541333296436193 ], [ -3.18953977776011, 42.541333296436193 ], [ -3.18953977776011, 42.541755365738368 ], [ -3.188059345825093, 42.541755365738368 ], [ -3.188059345825093, 42.542177432187358 ], [ -3.186578913890076, 42.542177432187358 ], [ -3.186578913890076, 42.542599495783165 ], [ -3.18509848195506, 42.542599495783165 ], [ -3.18509848195506, 42.543021556525773 ], [ -3.182877834052535, 42.543021556525773 ], [ -3.182877834052535, 42.542599495783165 ], [ -3.182137618085027, 42.542599495783165 ], [ -3.182137618085027, 42.542177432187358 ], [ -3.18065718615001, 42.542177432187358 ], [ -3.18065718615001, 42.541755365738368 ], [ -3.179916970182502, 42.541755365738368 ] ] ], [ [ [ -6.764782900825367, 42.557369924099952 ], [ -6.764042684857857, 42.557369924099952 ], [ -6.764042684857857, 42.556525993782721 ], [ -6.763302468890348, 42.556525993782721 ], [ -6.763302468890348, 42.555682052052248 ], [ -6.76256225292284, 42.555682052052248 ], [ -6.76256225292284, 42.554838098908569 ], [ -6.761822036955333, 42.554838098908569 ], [ -6.761822036955333, 42.549774140370594 ], [ -6.76256225292284, 42.549774140370594 ], [ -6.76256225292284, 42.54935212527954 ], [ -6.763302468890348, 42.54935212527954 ], [ -6.763302468890348, 42.54850808653768 ], [ -6.764042684857857, 42.54850808653768 ], [ -6.764042684857857, 42.547664036382848 ], [ -6.764782900825367, 42.547664036382848 ], [ -6.764782900825367, 42.546819974815079 ], [ -6.765523116792874, 42.546819974815079 ], [ -6.765523116792874, 42.546397939751351 ], [ -6.766263332760382, 42.546397939751351 ], [ -6.766263332760382, 42.545553861064228 ], [ -6.767003548727891, 42.545553861064228 ], [ -6.767003548727891, 42.54513181744084 ], [ -6.770704628565432, 42.54513181744084 ], [ -6.770704628565432, 42.544709770964246 ], [ -6.773665492435466, 42.544709770964246 ], [ -6.773665492435466, 42.54513181744084 ], [ -6.774405708402975, 42.54513181744084 ], [ -6.774405708402975, 42.545553861064228 ], [ -6.775145924370483, 42.545553861064228 ], [ -6.775145924370483, 42.545975901834403 ], [ -6.776626356305498, 42.545975901834403 ], [ -6.776626356305498, 42.546397939751351 ], [ -6.777366572273007, 42.546397939751351 ], [ -6.777366572273007, 42.546819974815079 ], [ -6.778106788240516, 42.546819974815079 ], [ -6.778106788240516, 42.547242007025581 ], [ -6.778847004208023, 42.547242007025581 ], [ -6.778847004208023, 42.547664036382848 ], [ -6.779587220175531, 42.547664036382848 ], [ -6.779587220175531, 42.548930107335231 ], [ -6.780327436143041, 42.548930107335231 ], [ -6.780327436143041, 42.552728166116736 ], [ -6.781067652110549, 42.552728166116736 ], [ -6.781067652110549, 42.553572147793325 ], [ -6.780327436143041, 42.553572147793325 ], [ -6.780327436143041, 42.554416118056778 ], [ -6.779587220175531, 42.554416118056778 ], [ -6.779587220175531, 42.555260076907061 ], [ -6.778847004208023, 42.555260076907061 ], [ -6.778847004208023, 42.555682052052248 ], [ -6.778106788240516, 42.555682052052248 ], [ -6.778106788240516, 42.556525993782721 ], [ -6.777366572273007, 42.556525993782721 ], [ -6.777366572273007, 42.557369924099952 ], [ -6.776626356305498, 42.557369924099952 ], [ -6.776626356305498, 42.558213843003912 ], [ -6.775886140337991, 42.558213843003912 ], [ -6.775886140337991, 42.558635798175914 ], [ -6.775145924370483, 42.558635798175914 ], [ -6.775145924370483, 42.559057750494581 ], [ -6.774405708402975, 42.559057750494581 ], [ -6.774405708402975, 42.559479699959915 ], [ -6.77144484453294, 42.559479699959915 ], [ -6.77144484453294, 42.559057750494581 ], [ -6.765523116792874, 42.559057750494581 ], [ -6.765523116792874, 42.558635798175914 ], [ -6.764782900825367, 42.558635798175914 ], [ -6.764782900825367, 42.557369924099952 ] ] ], [ [ [ -8.984690587382859, 42.660243780435692 ], [ -8.984690587382859, 42.65897996962056 ], [ -8.983950371415352, 42.65897996962056 ], [ -8.983950371415352, 42.658137414806312 ], [ -8.983210155447843, 42.658137414806312 ], [ -8.983210155447843, 42.656873561178763 ], [ -8.983950371415352, 42.656873561178763 ], [ -8.983950371415352, 42.656030977822986 ], [ -8.984690587382859, 42.656030977822986 ], [ -8.984690587382859, 42.654767081383277 ], [ -8.985430803350368, 42.654767081383277 ], [ -8.985430803350368, 42.653924469486149 ], [ -8.986171019317878, 42.653924469486149 ], [ -8.986171019317878, 42.652660530234535 ], [ -8.986911235285385, 42.652660530234535 ], [ -8.986911235285385, 42.65181788979622 ], [ -8.987651451252894, 42.65181788979622 ], [ -8.987651451252894, 42.650975237941488 ], [ -8.988391667220402, 42.650975237941488 ], [ -8.988391667220402, 42.65055390773297 ], [ -8.989131883187911, 42.65055390773297 ], [ -8.989131883187911, 42.650132574670351 ], [ -8.98987209915542, 42.650132574670351 ], [ -8.98987209915542, 42.649711238753653 ], [ -8.991352531090435, 42.649711238753653 ], [ -8.991352531090435, 42.649289899982847 ], [ -8.997274258830503, 42.649289899982847 ], [ -8.997274258830503, 42.649711238753653 ], [ -9.003195986570567, 42.649711238753653 ], [ -9.003195986570567, 42.650132574670351 ], [ -9.006156850440602, 42.650132574670351 ], [ -9.006156850440602, 42.650975237941488 ], [ -9.006897066408111, 42.650975237941488 ], [ -9.006897066408111, 42.651396565295904 ], [ -9.007637282375619, 42.651396565295904 ], [ -9.007637282375619, 42.652239211442435 ], [ -9.008377498343128, 42.652239211442435 ], [ -9.008377498343128, 42.653081846172512 ], [ -9.009117714310635, 42.653081846172512 ], [ -9.009117714310635, 42.657294848575425 ], [ -9.008377498343128, 42.657294848575425 ], [ -9.008377498343128, 42.658137414806312 ], [ -9.007637282375619, 42.658137414806312 ], [ -9.007637282375619, 42.658558693640522 ], [ -9.006897066408111, 42.658558693640522 ], [ -9.006897066408111, 42.659401242746441 ], [ -9.006156850440602, 42.659401242746441 ], [ -9.006156850440602, 42.660243780435692 ], [ -8.99357317899296, 42.660243780435692 ], [ -8.99357317899296, 42.660665044999064 ], [ -8.992832963025453, 42.660665044999064 ], [ -8.992832963025453, 42.661507565563262 ], [ -8.992092747057944, 42.661507565563262 ], [ -8.992092747057944, 42.662350074710709 ], [ -8.986171019317878, 42.662350074710709 ], [ -8.986171019317878, 42.661086306708256 ], [ -8.985430803350368, 42.661086306708256 ], [ -8.985430803350368, 42.660243780435692 ], [ -8.984690587382859, 42.660243780435692 ] ] ], [ [ [ -5.72255881857363, 43.536527753207956 ], [ -5.72255881857363, 43.535697187634213 ], [ -5.721818602606122, 43.535697187634213 ], [ -5.721818602606122, 43.534866610620547 ], [ -5.721078386638613, 43.534866610620547 ], [ -5.721078386638613, 43.533620723650237 ], [ -5.720338170671106, 43.533620723650237 ], [ -5.720338170671106, 43.532790118036843 ], [ -5.719597954703597, 43.532790118036843 ], [ -5.719597954703597, 43.531959500983589 ], [ -5.718857738736089, 43.531959500983589 ], [ -5.718857738736089, 43.530713553953994 ], [ -5.718117522768581, 43.530713553953994 ], [ -5.718117522768581, 43.529882908301154 ], [ -5.717377306801072, 43.529882908301154 ], [ -5.717377306801072, 43.529052251208505 ], [ -5.716637090833564, 43.529052251208505 ], [ -5.716637090833564, 43.527806244119944 ], [ -5.715896874866057, 43.527806244119944 ], [ -5.715896874866057, 43.526975558427864 ], [ -5.715156658898548, 43.526975558427864 ], [ -5.715156658898548, 43.525314152724491 ], [ -5.715896874866057, 43.525314152724491 ], [ -5.715896874866057, 43.521575822586357 ], [ -5.716637090833564, 43.521575822586357 ], [ -5.716637090833564, 43.520745051096618 ], [ -5.717377306801072, 43.520745051096618 ], [ -5.717377306801072, 43.520329661061893 ], [ -5.718117522768581, 43.520329661061893 ], [ -5.718117522768581, 43.519914268167263 ], [ -5.718857738736089, 43.519914268167263 ], [ -5.718857738736089, 43.519498872412733 ], [ -5.719597954703597, 43.519498872412733 ], [ -5.719597954703597, 43.519083473798304 ], [ -5.720338170671106, 43.519083473798304 ], [ -5.720338170671106, 43.518668072323983 ], [ -5.721078386638613, 43.518668072323983 ], [ -5.721078386638613, 43.518252667989771 ], [ -5.72255881857363, 43.518252667989771 ], [ -5.72255881857363, 43.517837260795666 ], [ -5.723299034541139, 43.517837260795666 ], [ -5.723299034541139, 43.51742185074167 ], [ -5.724039250508648, 43.51742185074167 ], [ -5.724039250508648, 43.517006437827789 ], [ -5.724779466476156, 43.517006437827789 ], [ -5.724779466476156, 43.516591022054023 ], [ -5.725519682443664, 43.516591022054023 ], [ -5.725519682443664, 43.516175603420372 ], [ -5.727000114378681, 43.516175603420372 ], [ -5.727000114378681, 43.515760181926844 ], [ -5.727740330346189, 43.515760181926844 ], [ -5.727740330346189, 43.51534475757343 ], [ -5.728480546313697, 43.51534475757343 ], [ -5.728480546313697, 43.514929330360154 ], [ -5.732181626151239, 43.514929330360154 ], [ -5.732181626151239, 43.514513900287 ], [ -5.73588270598878, 43.514513900287 ], [ -5.73588270598878, 43.514098467353968 ], [ -5.739583785826321, 43.514098467353968 ], [ -5.739583785826321, 43.514929330360154 ], [ -5.74032400179383, 43.514929330360154 ], [ -5.74032400179383, 43.515760181926844 ], [ -5.741064217761339, 43.515760181926844 ], [ -5.741064217761339, 43.517006437827789 ], [ -5.741804433728848, 43.517006437827789 ], [ -5.741804433728848, 43.517837260795666 ], [ -5.742544649696356, 43.517837260795666 ], [ -5.742544649696356, 43.518668072323983 ], [ -5.743284865663864, 43.518668072323983 ], [ -5.743284865663864, 43.519498872412733 ], [ -5.744025081631372, 43.519498872412733 ], [ -5.744025081631372, 43.520745051096618 ], [ -5.744765297598882, 43.520745051096618 ], [ -5.744765297598882, 43.529052251208505 ], [ -5.744025081631372, 43.529052251208505 ], [ -5.744025081631372, 43.529882908301154 ], [ -5.743284865663864, 43.529882908301154 ], [ -5.743284865663864, 43.530713553953994 ], [ -5.742544649696356, 43.530713553953994 ], [ -5.742544649696356, 43.531544188167018 ], [ -5.741804433728848, 43.531544188167018 ], [ -5.741804433728848, 43.531959500983589 ], [ -5.741064217761339, 43.531959500983589 ], [ -5.741064217761339, 43.532790118036843 ], [ -5.74032400179383, 43.532790118036843 ], [ -5.74032400179383, 43.533620723650237 ], [ -5.739583785826321, 43.533620723650237 ], [ -5.739583785826321, 43.53403602216698 ], [ -5.738843569858814, 43.53403602216698 ], [ -5.738843569858814, 43.534451317823752 ], [ -5.738103353891305, 43.534451317823752 ], [ -5.738103353891305, 43.534866610620547 ], [ -5.737363137923798, 43.534866610620547 ], [ -5.737363137923798, 43.535281900557365 ], [ -5.73662292195629, 43.535281900557365 ], [ -5.73662292195629, 43.535697187634213 ], [ -5.73588270598878, 43.535697187634213 ], [ -5.73588270598878, 43.536112471851069 ], [ -5.735142490021273, 43.536112471851069 ], [ -5.735142490021273, 43.536527753207956 ], [ -5.734402274053765, 43.536527753207956 ], [ -5.734402274053765, 43.536943031704851 ], [ -5.733662058086256, 43.536943031704851 ], [ -5.733662058086256, 43.537358307341755 ], [ -5.732921842118747, 43.537358307341755 ], [ -5.732921842118747, 43.537773580118674 ], [ -5.729960978248714, 43.537773580118674 ], [ -5.729960978248714, 43.537358307341755 ], [ -5.727000114378681, 43.537358307341755 ], [ -5.727000114378681, 43.536943031704851 ], [ -5.724039250508648, 43.536943031704851 ], [ -5.724039250508648, 43.536527753207956 ], [ -5.72255881857363, 43.536527753207956 ] ] ], [ [ [ -5.82026732628473, 43.549400056708208 ], [ -5.82026732628473, 43.546908857629347 ], [ -5.819527110317222, 43.546908857629347 ], [ -5.819527110317222, 43.54192615058799 ], [ -5.818786894349714, 43.54192615058799 ], [ -5.818786894349714, 43.541510906411077 ], [ -5.818046678382206, 43.541510906411077 ], [ -5.818046678382206, 43.541095659374164 ], [ -5.817306462414698, 43.541095659374164 ], [ -5.817306462414698, 43.540680409477226 ], [ -5.816566246447189, 43.540680409477226 ], [ -5.816566246447189, 43.539434642626411 ], [ -5.815826030479681, 43.539434642626411 ], [ -5.815826030479681, 43.537773580118674 ], [ -5.815085814512173, 43.537773580118674 ], [ -5.815085814512173, 43.536527753207956 ], [ -5.815826030479681, 43.536527753207956 ], [ -5.815826030479681, 43.535281900557365 ], [ -5.816566246447189, 43.535281900557365 ], [ -5.816566246447189, 43.53403602216698 ], [ -5.817306462414698, 43.53403602216698 ], [ -5.817306462414698, 43.533205422273518 ], [ -5.818046678382206, 43.533205422273518 ], [ -5.818046678382206, 43.531959500983589 ], [ -5.821007542252239, 43.531959500983589 ], [ -5.821007542252239, 43.53237481094019 ], [ -5.823968406122273, 43.53237481094019 ], [ -5.823968406122273, 43.531959500983589 ], [ -5.824708622089781, 43.531959500983589 ], [ -5.824708622089781, 43.531544188167018 ], [ -5.82544883805729, 43.531544188167018 ], [ -5.82544883805729, 43.531128872490477 ], [ -5.826189054024797, 43.531128872490477 ], [ -5.826189054024797, 43.530713553953994 ], [ -5.827669485959815, 43.530713553953994 ], [ -5.827669485959815, 43.530298232557548 ], [ -5.828409701927322, 43.530298232557548 ], [ -5.828409701927322, 43.529882908301154 ], [ -5.829149917894831, 43.529882908301154 ], [ -5.829149917894831, 43.529467581184797 ], [ -5.829890133862339, 43.529467581184797 ], [ -5.829890133862339, 43.529052251208505 ], [ -5.830630349829847, 43.529052251208505 ], [ -5.830630349829847, 43.528636918372264 ], [ -5.832110781764865, 43.528636918372264 ], [ -5.832110781764865, 43.529052251208505 ], [ -5.832850997732372, 43.529052251208505 ], [ -5.832850997732372, 43.529467581184797 ], [ -5.833591213699881, 43.529467581184797 ], [ -5.833591213699881, 43.529882908301154 ], [ -5.834331429667389, 43.529882908301154 ], [ -5.834331429667389, 43.530298232557548 ], [ -5.835071645634897, 43.530298232557548 ], [ -5.835071645634897, 43.530713553953994 ], [ -5.835811861602406, 43.530713553953994 ], [ -5.835811861602406, 43.531544188167018 ], [ -5.836552077569914, 43.531544188167018 ], [ -5.836552077569914, 43.531959500983589 ], [ -5.837292293537423, 43.531959500983589 ], [ -5.837292293537423, 43.53237481094019 ], [ -5.838032509504931, 43.53237481094019 ], [ -5.838032509504931, 43.532790118036843 ], [ -5.83877272547244, 43.532790118036843 ], [ -5.83877272547244, 43.533205422273518 ], [ -5.841733589342473, 43.533205422273518 ], [ -5.841733589342473, 43.532790118036843 ], [ -5.842473805309981, 43.532790118036843 ], [ -5.842473805309981, 43.53237481094019 ], [ -5.843954237244998, 43.53237481094019 ], [ -5.843954237244998, 43.531959500983589 ], [ -5.846174885147523, 43.531959500983589 ], [ -5.846174885147523, 43.53237481094019 ], [ -5.846915101115031, 43.53237481094019 ], [ -5.846915101115031, 43.532790118036843 ], [ -5.847655317082539, 43.532790118036843 ], [ -5.847655317082539, 43.533620723650237 ], [ -5.848395533050048, 43.533620723650237 ], [ -5.848395533050048, 43.53403602216698 ], [ -5.849135749017555, 43.53403602216698 ], [ -5.849135749017555, 43.534451317823752 ], [ -5.849875964985064, 43.534451317823752 ], [ -5.849875964985064, 43.534866610620547 ], [ -5.850616180952573, 43.534866610620547 ], [ -5.850616180952573, 43.535281900557365 ], [ -5.85135639692008, 43.535281900557365 ], [ -5.85135639692008, 43.536943031704851 ], [ -5.852096612887589, 43.536943031704851 ], [ -5.852096612887589, 43.542756630361758 ], [ -5.852836828855097, 43.542756630361758 ], [ -5.852836828855097, 43.544002328572311 ], [ -5.852096612887589, 43.544002328572311 ], [ -5.852096612887589, 43.54607843505606 ], [ -5.85135639692008, 43.54607843505606 ], [ -5.85135639692008, 43.54773926876247 ], [ -5.850616180952573, 43.54773926876247 ], [ -5.850616180952573, 43.549400056708208 ], [ -5.849875964985064, 43.549400056708208 ], [ -5.849875964985064, 43.550230433520795 ], [ -5.849135749017555, 43.550230433520795 ], [ -5.849135749017555, 43.550645617637002 ], [ -5.847655317082539, 43.550645617637002 ], [ -5.847655317082539, 43.551060798893154 ], [ -5.846915101115031, 43.551060798893154 ], [ -5.846915101115031, 43.551475977289243 ], [ -5.844694453212505, 43.551475977289243 ], [ -5.844694453212505, 43.551060798893154 ], [ -5.842473805309981, 43.551060798893154 ], [ -5.842473805309981, 43.550645617637002 ], [ -5.840993373374964, 43.550645617637002 ], [ -5.840993373374964, 43.550230433520795 ], [ -5.83877272547244, 43.550230433520795 ], [ -5.83877272547244, 43.549815246544526 ], [ -5.837292293537423, 43.549815246544526 ], [ -5.837292293537423, 43.549400056708208 ], [ -5.835071645634897, 43.549400056708208 ], [ -5.835071645634897, 43.548984864011857 ], [ -5.833591213699881, 43.548984864011857 ], [ -5.833591213699881, 43.548569668455436 ], [ -5.831370565797356, 43.548569668455436 ], [ -5.831370565797356, 43.54815447003898 ], [ -5.830630349829847, 43.54815447003898 ], [ -5.830630349829847, 43.549400056708208 ], [ -5.829890133862339, 43.549400056708208 ], [ -5.829890133862339, 43.550230433520795 ], [ -5.829149917894831, 43.550230433520795 ], [ -5.829149917894831, 43.551060798893154 ], [ -5.828409701927322, 43.551060798893154 ], [ -5.828409701927322, 43.551891152825284 ], [ -5.822487974187256, 43.551891152825284 ], [ -5.822487974187256, 43.551060798893154 ], [ -5.821747758219748, 43.551060798893154 ], [ -5.821747758219748, 43.550230433520795 ], [ -5.821007542252239, 43.550230433520795 ], [ -5.821007542252239, 43.549400056708208 ], [ -5.82026732628473, 43.549400056708208 ] ] ], [ [ [ -0.93632237266474, 35.573292824865341 ], [ -0.93632237266474, 35.57282688256965 ], [ -0.935582156697232, 35.57282688256965 ], [ -0.935582156697232, 35.572360937563893 ], [ -0.934101724762215, 35.572360937563893 ], [ -0.934101724762215, 35.571894989848083 ], [ -0.933361508794706, 35.571894989848083 ], [ -0.933361508794706, 35.571429039422256 ], [ -0.932621292827198, 35.571429039422256 ], [ -0.932621292827198, 35.570963086286405 ], [ -0.93188107685969, 35.570963086286405 ], [ -0.93188107685969, 35.567235363640762 ], [ -0.931140860892182, 35.567235363640762 ], [ -0.931140860892182, 35.564439457841075 ], [ -0.93188107685969, 35.564439457841075 ], [ -0.93188107685969, 35.563507467562687 ], [ -0.932621292827198, 35.563507467562687 ], [ -0.932621292827198, 35.56257546644526 ], [ -0.933361508794706, 35.56257546644526 ], [ -0.933361508794706, 35.56164345448888 ], [ -0.934101724762215, 35.56164345448888 ], [ -0.934101724762215, 35.560711431693733 ], [ -0.934841940729723, 35.560711431693733 ], [ -0.934841940729723, 35.560245416231631 ], [ -0.93632237266474, 35.560245416231631 ], [ -0.93632237266474, 35.559779398059881 ], [ -0.937802804599756, 35.559779398059881 ], [ -0.937802804599756, 35.559313377178498 ], [ -0.940023452502281, 35.559313377178498 ], [ -0.940023452502281, 35.558847353587474 ], [ -0.942244100404807, 35.558847353587474 ], [ -0.942244100404807, 35.559313377178498 ], [ -0.942984316372315, 35.559313377178498 ], [ -0.942984316372315, 35.559779398059881 ], [ -0.944464748307332, 35.559779398059881 ], [ -0.944464748307332, 35.560245416231631 ], [ -0.94520496427484, 35.560245416231631 ], [ -0.94520496427484, 35.561177444446159 ], [ -0.945945180242348, 35.561177444446159 ], [ -0.945945180242348, 35.56304146835884 ], [ -0.946685396209857, 35.56304146835884 ], [ -0.946685396209857, 35.565371437280291 ], [ -0.945945180242348, 35.565371437280291 ], [ -0.945945180242348, 35.566769386115425 ], [ -0.94520496427484, 35.566769386115425 ], [ -0.94520496427484, 35.568633279957403 ], [ -0.944464748307332, 35.568633279957403 ], [ -0.944464748307332, 35.5700311718847 ], [ -0.943724532339823, 35.5700311718847 ], [ -0.943724532339823, 35.571894989848083 ], [ -0.942984316372315, 35.571894989848083 ], [ -0.942984316372315, 35.572360937563893 ], [ -0.942244100404807, 35.572360937563893 ], [ -0.942244100404807, 35.57282688256965 ], [ -0.941503884437298, 35.57282688256965 ], [ -0.941503884437298, 35.573292824865341 ], [ -0.940023452502281, 35.573292824865341 ], [ -0.940023452502281, 35.573758764450957 ], [ -0.939283236534773, 35.573758764450957 ], [ -0.939283236534773, 35.574224701326465 ], [ -0.937802804599756, 35.574224701326465 ], [ -0.937802804599756, 35.573758764450957 ], [ -0.937062588632248, 35.573758764450957 ], [ -0.937062588632248, 35.573292824865341 ], [ -0.93632237266474, 35.573292824865341 ] ] ], [ [ [ -0.276049729647306, 35.824505411354338 ], [ -0.276049729647306, 35.824040934669902 ], [ -0.274569297712289, 35.824040934669902 ], [ -0.274569297712289, 35.8235764552674 ], [ -0.271608433842256, 35.8235764552674 ], [ -0.271608433842256, 35.82311197314683 ], [ -0.269387785939731, 35.82311197314683 ], [ -0.269387785939731, 35.822647488308213 ], [ -0.266426922069697, 35.822647488308213 ], [ -0.266426922069697, 35.822183000751579 ], [ -0.264206274167172, 35.822183000751579 ], [ -0.264206274167172, 35.821718510476927 ], [ -0.261245410297139, 35.821718510476927 ], [ -0.261245410297139, 35.821254017484272 ], [ -0.260505194329631, 35.821254017484272 ], [ -0.260505194329631, 35.820325023345006 ], [ -0.259764978362122, 35.820325023345006 ], [ -0.259764978362122, 35.819860522198454 ], [ -0.259024762394614, 35.819860522198454 ], [ -0.259024762394614, 35.818931511751508 ], [ -0.258284546427106, 35.818931511751508 ], [ -0.258284546427106, 35.818467002451158 ], [ -0.257544330459597, 35.818467002451158 ], [ -0.257544330459597, 35.818002490432896 ], [ -0.256804114492089, 35.818002490432896 ], [ -0.256804114492089, 35.81753797569678 ], [ -0.253103034654547, 35.81753797569678 ], [ -0.253103034654547, 35.817073458242774 ], [ -0.248661738849497, 35.817073458242774 ], [ -0.248661738849497, 35.816608938070921 ], [ -0.246441090946972, 35.816608938070921 ], [ -0.246441090946972, 35.817073458242774 ], [ -0.245700874979464, 35.817073458242774 ], [ -0.245700874979464, 35.81753797569678 ], [ -0.244960659011956, 35.81753797569678 ], [ -0.244960659011956, 35.818002490432896 ], [ -0.244220443044447, 35.818002490432896 ], [ -0.244220443044447, 35.818467002451158 ], [ -0.243480227076939, 35.818467002451158 ], [ -0.243480227076939, 35.818931511751508 ], [ -0.242740011109431, 35.818931511751508 ], [ -0.242740011109431, 35.81939601833394 ], [ -0.239779147239397, 35.81939601833394 ], [ -0.239779147239397, 35.818931511751508 ], [ -0.237558499336872, 35.818931511751508 ], [ -0.237558499336872, 35.818467002451158 ], [ -0.236078067401856, 35.818467002451158 ], [ -0.236078067401856, 35.818002490432896 ], [ -0.234597635466839, 35.818002490432896 ], [ -0.234597635466839, 35.81753797569678 ], [ -0.232376987564314, 35.81753797569678 ], [ -0.232376987564314, 35.817073458242774 ], [ -0.231636771596806, 35.817073458242774 ], [ -0.231636771596806, 35.816144415181228 ], [ -0.230896555629297, 35.816144415181228 ], [ -0.230896555629297, 35.815215361248384 ], [ -0.230156339661789, 35.815215361248384 ], [ -0.230156339661789, 35.814286296444358 ], [ -0.229416123694281, 35.814286296444358 ], [ -0.229416123694281, 35.813821759965677 ], [ -0.228675907726772, 35.813821759965677 ], [ -0.228675907726772, 35.813357220769255 ], [ -0.227195475791756, 35.813357220769255 ], [ -0.227195475791756, 35.812892678855093 ], [ -0.225715043856739, 35.812892678855093 ], [ -0.225715043856739, 35.812428134223211 ], [ -0.224234611921722, 35.812428134223211 ], [ -0.224234611921722, 35.810569928518746 ], [ -0.223494395954214, 35.810569928518746 ], [ -0.223494395954214, 35.805924224024189 ], [ -0.224234611921722, 35.805924224024189 ], [ -0.224234611921722, 35.803601269869652 ], [ -0.224974827889231, 35.803601269869652 ], [ -0.224974827889231, 35.803136670886389 ], [ -0.225715043856739, 35.803136670886389 ], [ -0.225715043856739, 35.80220746476764 ], [ -0.226455259824247, 35.80220746476764 ], [ -0.226455259824247, 35.801742857632192 ], [ -0.227195475791756, 35.801742857632192 ], [ -0.227195475791756, 35.801278247779365 ], [ -0.227935691759264, 35.801278247779365 ], [ -0.227935691759264, 35.800813635209181 ], [ -0.230896555629297, 35.800813635209181 ], [ -0.230896555629297, 35.800349019921647 ], [ -0.233117203531822, 35.800349019921647 ], [ -0.233117203531822, 35.799884401916799 ], [ -0.234597635466839, 35.799884401916799 ], [ -0.234597635466839, 35.800349019921647 ], [ -0.235337851434347, 35.800349019921647 ], [ -0.235337851434347, 35.800813635209181 ], [ -0.236078067401856, 35.800813635209181 ], [ -0.236078067401856, 35.801278247779365 ], [ -0.236818283369364, 35.801278247779365 ], [ -0.236818283369364, 35.801742857632192 ], [ -0.237558499336872, 35.801742857632192 ], [ -0.237558499336872, 35.80220746476764 ], [ -0.238298715304381, 35.80220746476764 ], [ -0.238298715304381, 35.802672069185711 ], [ -0.239038931271889, 35.802672069185711 ], [ -0.239038931271889, 35.801278247779365 ], [ -0.239779147239397, 35.801278247779365 ], [ -0.239779147239397, 35.799884401916799 ], [ -0.240519363206906, 35.799884401916799 ], [ -0.240519363206906, 35.798955157755167 ], [ -0.241259579174414, 35.798955157755167 ], [ -0.241259579174414, 35.798490531598425 ], [ -0.241999795141922, 35.798490531598425 ], [ -0.241999795141922, 35.798025902724412 ], [ -0.243480227076939, 35.798025902724412 ], [ -0.243480227076939, 35.797561271133148 ], [ -0.246441090946972, 35.797561271133148 ], [ -0.246441090946972, 35.798025902724412 ], [ -0.247181306914481, 35.798025902724412 ], [ -0.247181306914481, 35.798490531598425 ], [ -0.247921522881989, 35.798490531598425 ], [ -0.247921522881989, 35.798955157755167 ], [ -0.251622602719531, 35.798955157755167 ], [ -0.251622602719531, 35.798490531598425 ], [ -0.254583466589564, 35.798490531598425 ], [ -0.254583466589564, 35.798025902724412 ], [ -0.258284546427106, 35.798025902724412 ], [ -0.258284546427106, 35.797561271133148 ], [ -0.261985626264647, 35.797561271133148 ], [ -0.261985626264647, 35.798025902724412 ], [ -0.264206274167172, 35.798025902724412 ], [ -0.264206274167172, 35.798490531598425 ], [ -0.266426922069697, 35.798490531598425 ], [ -0.266426922069697, 35.798955157755167 ], [ -0.267167138037206, 35.798955157755167 ], [ -0.267167138037206, 35.799419781194644 ], [ -0.267907354004714, 35.799419781194644 ], [ -0.267907354004714, 35.799884401916799 ], [ -0.268647569972222, 35.799884401916799 ], [ -0.268647569972222, 35.800349019921647 ], [ -0.269387785939731, 35.800349019921647 ], [ -0.269387785939731, 35.800813635209181 ], [ -0.270128001907239, 35.800813635209181 ], [ -0.270128001907239, 35.801278247779365 ], [ -0.270868217874747, 35.801278247779365 ], [ -0.270868217874747, 35.801742857632192 ], [ -0.271608433842256, 35.801742857632192 ], [ -0.271608433842256, 35.80220746476764 ], [ -0.272348649809764, 35.80220746476764 ], [ -0.272348649809764, 35.803136670886389 ], [ -0.273088865777272, 35.803136670886389 ], [ -0.273088865777272, 35.803601269869652 ], [ -0.273829081744781, 35.803601269869652 ], [ -0.273829081744781, 35.804065866135467 ], [ -0.275309513679797, 35.804065866135467 ], [ -0.275309513679797, 35.803136670886389 ], [ -0.276049729647306, 35.803136670886389 ], [ -0.276049729647306, 35.80220746476764 ], [ -0.276789945614814, 35.80220746476764 ], [ -0.276789945614814, 35.801278247779365 ], [ -0.277530161582322, 35.801278247779365 ], [ -0.277530161582322, 35.800813635209181 ], [ -0.282711673354881, 35.800813635209181 ], [ -0.282711673354881, 35.801742857632192 ], [ -0.283451889322389, 35.801742857632192 ], [ -0.283451889322389, 35.802672069185711 ], [ -0.284192105289897, 35.802672069185711 ], [ -0.284192105289897, 35.803136670886389 ], [ -0.284932321257406, 35.803136670886389 ], [ -0.284932321257406, 35.804995050514783 ], [ -0.285672537224914, 35.804995050514783 ], [ -0.285672537224914, 35.811499036806339 ], [ -0.286412753192422, 35.811499036806339 ], [ -0.286412753192422, 35.81753797569678 ], [ -0.287152969159931, 35.81753797569678 ], [ -0.287152969159931, 35.821254017484272 ], [ -0.286412753192422, 35.821254017484272 ], [ -0.286412753192422, 35.822183000751579 ], [ -0.285672537224914, 35.822183000751579 ], [ -0.285672537224914, 35.822647488308213 ], [ -0.284932321257406, 35.822647488308213 ], [ -0.284932321257406, 35.82311197314683 ], [ -0.284192105289897, 35.82311197314683 ], [ -0.284192105289897, 35.8235764552674 ], [ -0.283451889322389, 35.8235764552674 ], [ -0.283451889322389, 35.824040934669902 ], [ -0.282711673354881, 35.824040934669902 ], [ -0.282711673354881, 35.824505411354338 ], [ -0.281971457387372, 35.824505411354338 ], [ -0.281971457387372, 35.824969885320684 ], [ -0.281231241419864, 35.824969885320684 ], [ -0.281231241419864, 35.82543435656892 ], [ -0.280491025452356, 35.82543435656892 ], [ -0.280491025452356, 35.825898825099053 ], [ -0.278270377549831, 35.825898825099053 ], [ -0.278270377549831, 35.82543435656892 ], [ -0.277530161582322, 35.82543435656892 ], [ -0.277530161582322, 35.824969885320684 ], [ -0.276789945614814, 35.824969885320684 ], [ -0.276789945614814, 35.824505411354338 ], [ -0.276049729647306, 35.824505411354338 ] ] ], [ [ [ 0.132549484417295, 36.023051705596806 ], [ 0.132549484417295, 36.022125078837831 ], [ 0.133289700384803, 36.022125078837831 ], [ 0.133289700384803, 36.020271792629075 ], [ 0.134029916352311, 36.020271792629075 ], [ 0.134029916352311, 36.014711672484637 ], [ 0.133289700384803, 36.014711672484637 ], [ 0.133289700384803, 36.01378494765703 ], [ 0.132549484417295, 36.01378494765703 ], [ 0.132549484417295, 36.012858211933477 ], [ 0.131809268449787, 36.012858211933477 ], [ 0.131809268449787, 36.01239483998576 ], [ 0.131069052482278, 36.01239483998576 ], [ 0.131069052482278, 36.011468087918502 ], [ 0.13032883651477, 36.011468087918502 ], [ 0.13032883651477, 36.011004707799003 ], [ 0.12588754070972, 36.011004707799003 ], [ 0.12588754070972, 36.011468087918502 ], [ 0.122926676839686, 36.011468087918502 ], [ 0.122926676839686, 36.011931465314092 ], [ 0.122186460872178, 36.011931465314092 ], [ 0.122186460872178, 36.012858211933477 ], [ 0.12144624490467, 36.012858211933477 ], [ 0.12144624490467, 36.01378494765703 ], [ 0.120706028937161, 36.01378494765703 ], [ 0.120706028937161, 36.014711672484637 ], [ 0.119965812969653, 36.014711672484637 ], [ 0.119965812969653, 36.016101739295898 ], [ 0.119225597002145, 36.016101739295898 ], [ 0.119225597002145, 36.017491781590657 ], [ 0.119965812969653, 36.017491781590657 ], [ 0.119965812969653, 36.018881799368508 ], [ 0.120706028937161, 36.018881799368508 ], [ 0.120706028937161, 36.020271792629075 ], [ 0.12144624490467, 36.020271792629075 ], [ 0.12144624490467, 36.021661761371966 ], [ 0.122186460872178, 36.021661761371966 ], [ 0.122186460872178, 36.022125078837831 ], [ 0.123666892807195, 36.022125078837831 ], [ 0.123666892807195, 36.022588393579454 ], [ 0.124407108774703, 36.022588393579454 ], [ 0.124407108774703, 36.023051705596806 ], [ 0.125147324742211, 36.023051705596806 ], [ 0.125147324742211, 36.023515014889895 ], [ 0.126627756677228, 36.023515014889895 ], [ 0.126627756677228, 36.023978321458699 ], [ 0.127367972644737, 36.023978321458699 ], [ 0.127367972644737, 36.024441625303204 ], [ 0.129588620547261, 36.024441625303204 ], [ 0.129588620547261, 36.023978321458699 ], [ 0.13032883651477, 36.023978321458699 ], [ 0.13032883651477, 36.023515014889895 ], [ 0.131809268449787, 36.023515014889895 ], [ 0.131809268449787, 36.023051705596806 ], [ 0.132549484417295, 36.023051705596806 ] ] ], [ [ [ 2.882451803710757, 36.601896676888721 ], [ 2.883192019678265, 36.601896676888721 ], [ 2.883192019678265, 36.601436792063076 ], [ 2.883932235645773, 36.601436792063076 ], [ 2.883932235645773, 36.600057121136963 ], [ 2.884672451613281, 36.600057121136963 ], [ 2.884672451613281, 36.597297705264687 ], [ 2.88541266758079, 36.597297705264687 ], [ 2.88541266758079, 36.594538190701364 ], [ 2.884672451613281, 36.594538190701364 ], [ 2.884672451613281, 36.593158396411461 ], [ 2.883932235645773, 36.593158396411461 ], [ 2.883932235645773, 36.592238519845012 ], [ 2.883192019678265, 36.592238519845012 ], [ 2.883192019678265, 36.590858684435844 ], [ 2.882451803710757, 36.590858684435844 ], [ 2.882451803710757, 36.590398733816969 ], [ 2.878010507905707, 36.590398733816969 ], [ 2.878010507905707, 36.590858684435844 ], [ 2.874309428068165, 36.590858684435844 ], [ 2.874309428068165, 36.591318632313481 ], [ 2.873569212100656, 36.591318632313481 ], [ 2.873569212100656, 36.592238519845012 ], [ 2.872828996133148, 36.592238519845012 ], [ 2.872828996133148, 36.593158396411461 ], [ 2.87208878016564, 36.593158396411461 ], [ 2.87208878016564, 36.593618330582743 ], [ 2.871348564198132, 36.593618330582743 ], [ 2.871348564198132, 36.594538190701364 ], [ 2.870608348230624, 36.594538190701364 ], [ 2.870608348230624, 36.599137326812055 ], [ 2.871348564198132, 36.599137326812055 ], [ 2.871348564198132, 36.600057121136963 ], [ 2.87208878016564, 36.600057121136963 ], [ 2.87208878016564, 36.600976904495894 ], [ 2.872828996133148, 36.600976904495894 ], [ 2.872828996133148, 36.601896676888721 ], [ 2.873569212100656, 36.601896676888721 ], [ 2.873569212100656, 36.602816438315351 ], [ 2.874309428068165, 36.602816438315351 ], [ 2.874309428068165, 36.603276314916315 ], [ 2.875049644035673, 36.603276314916315 ], [ 2.875049644035673, 36.603736188775677 ], [ 2.88097137177574, 36.603736188775677 ], [ 2.88097137177574, 36.603276314916315 ], [ 2.881711587743248, 36.603276314916315 ], [ 2.881711587743248, 36.602816438315351 ], [ 2.882451803710757, 36.602816438315351 ], [ 2.882451803710757, 36.601896676888721 ] ] ], [ [ [ 3.12524264105349, 36.688306303054155 ], [ 3.127463288956015, 36.688306303054155 ], [ 3.127463288956015, 36.687846933872635 ], [ 3.128943720891032, 36.687846933872635 ], [ 3.128943720891032, 36.686468809864046 ], [ 3.12968393685854, 36.686468809864046 ], [ 3.12968393685854, 36.685550046805048 ], [ 3.130424152826048, 36.685550046805048 ], [ 3.130424152826048, 36.684171881636921 ], [ 3.131164368793557, 36.684171881636921 ], [ 3.131164368793557, 36.683253091138575 ], [ 3.131904584761065, 36.683253091138575 ], [ 3.131904584761065, 36.681874884811897 ], [ 3.132644800728573, 36.681874884811897 ], [ 3.132644800728573, 36.680956066874856 ], [ 3.133385016696082, 36.680956066874856 ], [ 3.133385016696082, 36.679577819390644 ], [ 3.13412523266359, 36.679577819390644 ], [ 3.13412523266359, 36.676361812562291 ], [ 3.133385016696082, 36.676361812562291 ], [ 3.133385016696082, 36.67452403401316 ], [ 3.132644800728573, 36.67452403401316 ], [ 3.132644800728573, 36.674064582516735 ], [ 3.131164368793557, 36.674064582516735 ], [ 3.131164368793557, 36.673605128276698 ], [ 3.12968393685854, 36.673605128276698 ], [ 3.12968393685854, 36.673145671293035 ], [ 3.128943720891032, 36.673145671293035 ], [ 3.128943720891032, 36.672686211565782 ], [ 3.127463288956015, 36.672686211565782 ], [ 3.127463288956015, 36.672226749094932 ], [ 3.125982857020999, 36.672226749094932 ], [ 3.125982857020999, 36.671767283880513 ], [ 3.120061129280932, 36.671767283880513 ], [ 3.120061129280932, 36.672226749094932 ], [ 3.119320913313424, 36.672226749094932 ], [ 3.119320913313424, 36.672686211565782 ], [ 3.118580697345915, 36.672686211565782 ], [ 3.118580697345915, 36.673145671293035 ], [ 3.117840481378407, 36.673145671293035 ], [ 3.117840481378407, 36.674064582516735 ], [ 3.117100265410898, 36.674064582516735 ], [ 3.117100265410898, 36.67452403401316 ], [ 3.11636004944339, 36.67452403401316 ], [ 3.11636004944339, 36.674983482765938 ], [ 3.115619833475882, 36.674983482765938 ], [ 3.115619833475882, 36.675902372040525 ], [ 3.114879617508374, 36.675902372040525 ], [ 3.114879617508374, 36.676361812562291 ], [ 3.114139401540865, 36.676361812562291 ], [ 3.114139401540865, 36.676821250340389 ], [ 3.113399185573357, 36.676821250340389 ], [ 3.113399185573357, 36.677280685374775 ], [ 3.112658969605848, 36.677280685374775 ], [ 3.112658969605848, 36.678199547212365 ], [ 3.11191875363834, 36.678199547212365 ], [ 3.11191875363834, 36.678658974015555 ], [ 3.111178537670832, 36.678658974015555 ], [ 3.111178537670832, 36.679118398074984 ], [ 3.110438321703324, 36.679118398074984 ], [ 3.110438321703324, 36.684171881636921 ], [ 3.111178537670832, 36.684171881636921 ], [ 3.111178537670832, 36.684631272770233 ], [ 3.11191875363834, 36.684631272770233 ], [ 3.11191875363834, 36.685090661159613 ], [ 3.112658969605848, 36.685090661159613 ], [ 3.112658969605848, 36.685550046805048 ], [ 3.113399185573357, 36.685550046805048 ], [ 3.113399185573357, 36.68600942970653 ], [ 3.114139401540865, 36.68600942970653 ], [ 3.114139401540865, 36.686468809864046 ], [ 3.114879617508374, 36.686468809864046 ], [ 3.114879617508374, 36.68692818727758 ], [ 3.115619833475882, 36.68692818727758 ], [ 3.115619833475882, 36.687387561947112 ], [ 3.11636004944339, 36.687387561947112 ], [ 3.11636004944339, 36.687846933872635 ], [ 3.117100265410898, 36.687846933872635 ], [ 3.117100265410898, 36.688306303054155 ], [ 3.117840481378407, 36.688306303054155 ], [ 3.117840481378407, 36.688765669491623 ], [ 3.118580697345915, 36.688765669491623 ], [ 3.118580697345915, 36.689225033185046 ], [ 3.119320913313424, 36.689225033185046 ], [ 3.119320913313424, 36.689684394134424 ], [ 3.122281777183456, 36.689684394134424 ], [ 3.122281777183456, 36.689225033185046 ], [ 3.123762209118474, 36.689225033185046 ], [ 3.123762209118474, 36.688765669491623 ], [ 3.12524264105349, 36.688765669491623 ], [ 3.12524264105349, 36.688306303054155 ] ] ], [ [ [ -1.900823778328099, 36.973501747137441 ], [ -1.900823778328099, 36.973044087250884 ], [ -1.899343346393083, 36.973044087250884 ], [ -1.899343346393083, 36.972586424612288 ], [ -1.898603130425575, 36.972586424612288 ], [ -1.898603130425575, 36.970755746537762 ], [ -1.897862914458066, 36.970755746537762 ], [ -1.897862914458066, 36.968925024431591 ], [ -1.897122698490558, 36.968925024431591 ], [ -1.897122698490558, 36.968467337025196 ], [ -1.897862914458066, 36.968467337025196 ], [ -1.897862914458066, 36.96572115479708 ], [ -1.898603130425575, 36.96572115479708 ], [ -1.898603130425575, 36.963432593931294 ], [ -1.899343346393083, 36.963432593931294 ], [ -1.899343346393083, 36.961143964271145 ], [ -1.900083562360591, 36.961143964271145 ], [ -1.900083562360591, 36.96068623008393 ], [ -1.900823778328099, 36.96068623008393 ], [ -1.900823778328099, 36.960228493144996 ], [ -1.901563994295608, 36.960228493144996 ], [ -1.901563994295608, 36.959770753454407 ], [ -1.902304210263116, 36.959770753454407 ], [ -1.902304210263116, 36.959313011012128 ], [ -1.903784642198133, 36.959313011012128 ], [ -1.903784642198133, 36.958855265818187 ], [ -1.904524858165641, 36.958855265818187 ], [ -1.904524858165641, 36.958397517872605 ], [ -1.906745506068166, 36.958397517872605 ], [ -1.906745506068166, 36.958855265818187 ], [ -1.907485722035675, 36.958855265818187 ], [ -1.907485722035675, 36.959313011012128 ], [ -1.908966153970691, 36.959313011012128 ], [ -1.908966153970691, 36.959770753454407 ], [ -1.9097063699382, 36.959770753454407 ], [ -1.9097063699382, 36.960228493144996 ], [ -1.910446585905708, 36.960228493144996 ], [ -1.910446585905708, 36.96068623008393 ], [ -1.911186801873216, 36.96068623008393 ], [ -1.911186801873216, 36.962517150322469 ], [ -1.911927017840724, 36.962517150322469 ], [ -1.911927017840724, 36.964348026533024 ], [ -1.912667233808233, 36.964348026533024 ], [ -1.912667233808233, 36.96617885871477 ], [ -1.913407449775741, 36.96617885871477 ], [ -1.913407449775741, 36.96709425829458 ], [ -1.912667233808233, 36.96709425829458 ], [ -1.912667233808233, 36.969382709086055 ], [ -1.911927017840724, 36.969382709086055 ], [ -1.911927017840724, 36.971671091079031 ], [ -1.911186801873216, 36.971671091079031 ], [ -1.911186801873216, 36.972586424612288 ], [ -1.908966153970691, 36.972586424612288 ], [ -1.908966153970691, 36.973044087250884 ], [ -1.907485722035675, 36.973044087250884 ], [ -1.907485722035675, 36.973501747137441 ], [ -1.906005290100658, 36.973501747137441 ], [ -1.906005290100658, 36.97395940427193 ], [ -1.904524858165641, 36.97395940427193 ], [ -1.904524858165641, 36.974417058654367 ], [ -1.902304210263116, 36.974417058654367 ], [ -1.902304210263116, 36.97395940427193 ], [ -1.901563994295608, 36.97395940427193 ], [ -1.901563994295608, 36.973501747137441 ], [ -1.900823778328099, 36.973501747137441 ] ] ], [ [ [ 3.825486946316374, 40.034516866703534 ], [ 3.825486946316374, 40.033639646289217 ], [ 3.826227162283883, 40.033639646289217 ], [ 3.826227162283883, 40.032323794511768 ], [ 3.82696737825139, 40.032323794511768 ], [ 3.82696737825139, 40.031007917347367 ], [ 3.8277075942189, 40.031007917347367 ], [ 3.8277075942189, 40.029692014796204 ], [ 3.831408674056441, 40.029692014796204 ], [ 3.831408674056441, 40.028814732325102 ], [ 3.832148890023949, 40.028814732325102 ], [ 3.832148890023949, 40.028376086858479 ], [ 3.832889105991457, 40.028376086858479 ], [ 3.832889105991457, 40.027498787463124 ], [ 3.833629321958966, 40.027498787463124 ], [ 3.833629321958966, 40.026621476785017 ], [ 3.834369537926474, 40.026621476785017 ], [ 3.834369537926474, 40.023989477054705 ], [ 3.835109753893983, 40.023989477054705 ], [ 3.835109753893983, 40.020918682364133 ], [ 3.835849969861492, 40.020918682364133 ], [ 3.835849969861492, 40.016531593057806 ], [ 3.835109753893983, 40.016531593057806 ], [ 3.835109753893983, 40.015654141350282 ], [ 3.834369537926474, 40.015654141350282 ], [ 3.834369537926474, 40.014337942635386 ], [ 3.833629321958966, 40.014337942635386 ], [ 3.833629321958966, 40.013021718536315 ], [ 3.832889105991457, 40.013021718536315 ], [ 3.832889105991457, 40.012144221701391 ], [ 3.832148890023949, 40.012144221701391 ], [ 3.832148890023949, 40.01126671358476 ], [ 3.829188026153916, 40.01126671358476 ], [ 3.829188026153916, 40.011705469053283 ], [ 3.826227162283883, 40.011705469053283 ], [ 3.826227162283883, 40.012144221701391 ], [ 3.823266298413849, 40.012144221701391 ], [ 3.823266298413849, 40.013021718536315 ], [ 3.822526082446341, 40.013021718536315 ], [ 3.822526082446341, 40.013460462723131 ], [ 3.821785866478833, 40.013460462723131 ], [ 3.821785866478833, 40.014337942635386 ], [ 3.821045650511324, 40.014337942635386 ], [ 3.821045650511324, 40.015215411265793 ], [ 3.820305434543816, 40.015215411265793 ], [ 3.820305434543816, 40.017409033483318 ], [ 3.819565218576308, 40.017409033483318 ], [ 3.819565218576308, 40.02047998612597 ], [ 3.818825002608799, 40.02047998612597 ], [ 3.818825002608799, 40.02311212124615 ], [ 3.818084786641291, 40.02311212124615 ], [ 3.818084786641291, 40.025744154824196 ], [ 3.817344570673783, 40.025744154824196 ], [ 3.817344570673783, 40.028376086858479 ], [ 3.816604354706274, 40.028376086858479 ], [ 3.816604354706274, 40.031446545889587 ], [ 3.817344570673783, 40.031446545889587 ], [ 3.817344570673783, 40.032762414591701 ], [ 3.818084786641291, 40.032762414591701 ], [ 3.818084786641291, 40.033639646289217 ], [ 3.818825002608799, 40.033639646289217 ], [ 3.818825002608799, 40.034955472679492 ], [ 3.819565218576308, 40.034955472679492 ], [ 3.819565218576308, 40.035394075834617 ], [ 3.820305434543816, 40.035394075834617 ], [ 3.820305434543816, 40.035832676168923 ], [ 3.824006514381358, 40.035832676168923 ], [ 3.824006514381358, 40.035394075834617 ], [ 3.824746730348866, 40.035394075834617 ], [ 3.824746730348866, 40.034516866703534 ], [ 3.825486946316374, 40.034516866703534 ] ] ], [ [ [ 1.981608971253114, 41.463944484023486 ], [ 1.981608971253114, 41.463085920768989 ], [ 1.982349187220622, 41.463085920768989 ], [ 1.982349187220622, 41.462227346146804 ], [ 1.98308940318813, 41.462227346146804 ], [ 1.98308940318813, 41.461368760156972 ], [ 1.983829619155639, 41.461368760156972 ], [ 1.983829619155639, 41.460510162799537 ], [ 1.984569835123147, 41.460510162799537 ], [ 1.984569835123147, 41.459651554074533 ], [ 1.985310051090655, 41.459651554074533 ], [ 1.985310051090655, 41.458792933982011 ], [ 1.986050267058164, 41.458792933982011 ], [ 1.986050267058164, 41.457934302521998 ], [ 1.986790483025672, 41.457934302521998 ], [ 1.986790483025672, 41.454070320280536 ], [ 1.986050267058164, 41.454070320280536 ], [ 1.986050267058164, 41.451064841617743 ], [ 1.985310051090655, 41.451064841617743 ], [ 1.985310051090655, 41.450635476155917 ], [ 1.984569835123147, 41.450635476155917 ], [ 1.984569835123147, 41.450206107852324 ], [ 1.983829619155639, 41.450206107852324 ], [ 1.983829619155639, 41.449776736706959 ], [ 1.98308940318813, 41.449776736706959 ], [ 1.98308940318813, 41.449347362719848 ], [ 1.982349187220622, 41.449347362719848 ], [ 1.982349187220622, 41.448917985890979 ], [ 1.981608971253114, 41.448917985890979 ], [ 1.981608971253114, 41.448488606220351 ], [ 1.980868755285605, 41.448488606220351 ], [ 1.980868755285605, 41.448059223707993 ], [ 1.975687243513047, 41.448059223707993 ], [ 1.975687243513047, 41.448488606220351 ], [ 1.974947027545539, 41.448488606220351 ], [ 1.974947027545539, 41.449347362719848 ], [ 1.97420681157803, 41.449347362719848 ], [ 1.97420681157803, 41.450206107852324 ], [ 1.973466595610522, 41.450206107852324 ], [ 1.973466595610522, 41.451064841617743 ], [ 1.972726379643014, 41.451064841617743 ], [ 1.972726379643014, 41.455358339937519 ], [ 1.973466595610522, 41.455358339937519 ], [ 1.973466595610522, 41.45664633401806 ], [ 1.972726379643014, 41.45664633401806 ], [ 1.972726379643014, 41.45836361967293 ], [ 1.971986163675505, 41.45836361967293 ], [ 1.971986163675505, 41.460939462899212 ], [ 1.972726379643014, 41.460939462899212 ], [ 1.972726379643014, 41.461798054572846 ], [ 1.973466595610522, 41.461798054572846 ], [ 1.973466595610522, 41.463085920768989 ], [ 1.97420681157803, 41.463085920768989 ], [ 1.97420681157803, 41.464373761387826 ], [ 1.974947027545539, 41.464373761387826 ], [ 1.974947027545539, 41.464803035910236 ], [ 1.977167675448064, 41.464803035910236 ], [ 1.977167675448064, 41.464373761387826 ], [ 1.979388323350589, 41.464373761387826 ], [ 1.979388323350589, 41.463944484023486 ], [ 1.981608971253114, 41.463944484023486 ] ] ], [ [ [ -1.484822404588416, 41.4815425255157 ], [ -1.484822404588416, 41.481113361833017 ], [ -1.483341972653399, 41.481113361833017 ], [ -1.483341972653399, 41.4806841953082 ], [ -1.481861540718382, 41.4806841953082 ], [ -1.481861540718382, 41.480255025941226 ], [ -1.481121324750874, 41.480255025941226 ], [ -1.481121324750874, 41.478967500787547 ], [ -1.480381108783366, 41.478967500787547 ], [ -1.480381108783366, 41.477679950054807 ], [ -1.479640892815857, 41.477679950054807 ], [ -1.479640892815857, 41.475963175955073 ], [ -1.478900676848349, 41.475963175955073 ], [ -1.478900676848349, 41.474675565538398 ], [ -1.479640892815857, 41.474675565538398 ], [ -1.479640892815857, 41.473387929543144 ], [ -1.480381108783366, 41.473387929543144 ], [ -1.480381108783366, 41.471671041760793 ], [ -1.481121324750874, 41.471671041760793 ], [ -1.481121324750874, 41.47038334608272 ], [ -1.481861540718382, 41.47038334608272 ], [ -1.481861540718382, 41.469954108505995 ], [ -1.48260175668589, 41.469954108505995 ], [ -1.48260175668589, 41.469524868087262 ], [ -1.484082188620908, 41.469524868087262 ], [ -1.484082188620908, 41.469095624826537 ], [ -1.486302836523432, 41.469095624826537 ], [ -1.486302836523432, 41.468666378723803 ], [ -1.487783268458449, 41.468666378723803 ], [ -1.487783268458449, 41.468237129779084 ], [ -1.490744132328482, 41.468237129779084 ], [ -1.490744132328482, 41.468666378723803 ], [ -1.491484348295991, 41.468666378723803 ], [ -1.491484348295991, 41.469095624826537 ], [ -1.492964780231007, 41.469095624826537 ], [ -1.492964780231007, 41.469524868087262 ], [ -1.493704996198516, 41.469524868087262 ], [ -1.493704996198516, 41.47038334608272 ], [ -1.494445212166024, 41.47038334608272 ], [ -1.494445212166024, 41.472100267969438 ], [ -1.495185428133532, 41.472100267969438 ], [ -1.495185428133532, 41.474246356382039 ], [ -1.495925644101041, 41.474246356382039 ], [ -1.495925644101041, 41.475533975324922 ], [ -1.495185428133532, 41.475533975324922 ], [ -1.495185428133532, 41.478109136474494 ], [ -1.494445212166024, 41.478109136474494 ], [ -1.494445212166024, 41.480255025941226 ], [ -1.493704996198516, 41.480255025941226 ], [ -1.493704996198516, 41.4806841953082 ], [ -1.492964780231007, 41.4806841953082 ], [ -1.492964780231007, 41.481113361833017 ], [ -1.491484348295991, 41.481113361833017 ], [ -1.491484348295991, 41.4815425255157 ], [ -1.490744132328482, 41.4815425255157 ], [ -1.490744132328482, 41.481971686356232 ], [ -1.490003916360974, 41.481971686356232 ], [ -1.490003916360974, 41.482400844354615 ], [ -1.487783268458449, 41.482400844354615 ], [ -1.487783268458449, 41.481971686356232 ], [ -1.486302836523432, 41.481971686356232 ], [ -1.486302836523432, 41.4815425255157 ], [ -1.484822404588416, 41.4815425255157 ] ] ], [ [ [ 0.185104818110386, 41.933152185371853 ], [ 0.185104818110386, 41.932726025795461 ], [ 0.185845034077895, 41.932726025795461 ], [ 0.185845034077895, 41.932299863371739 ], [ 0.186585250045403, 41.932299863371739 ], [ 0.186585250045403, 41.931021359016711 ], [ 0.187325466012912, 41.931021359016711 ], [ 0.187325466012912, 41.929742829035931 ], [ 0.18806568198042, 41.929742829035931 ], [ 0.18806568198042, 41.928464273429555 ], [ 0.188805897947928, 41.928464273429555 ], [ 0.188805897947928, 41.92761188878891 ], [ 0.189546113915437, 41.92761188878891 ], [ 0.189546113915437, 41.926333290473444 ], [ 0.190286329882945, 41.926333290473444 ], [ 0.190286329882945, 41.925480877360194 ], [ 0.189546113915437, 41.925480877360194 ], [ 0.189546113915437, 41.924202236335979 ], [ 0.188805897947928, 41.924202236335979 ], [ 0.188805897947928, 41.922923569686702 ], [ 0.18806568198042, 41.922923569686702 ], [ 0.18806568198042, 41.921644877412461 ], [ 0.187325466012912, 41.921644877412461 ], [ 0.187325466012912, 41.920366159513392 ], [ 0.186585250045403, 41.920366159513392 ], [ 0.186585250045403, 41.919087415989608 ], [ 0.185845034077895, 41.919087415989608 ], [ 0.185845034077895, 41.918661162453994 ], [ 0.185104818110386, 41.918661162453994 ], [ 0.185104818110386, 41.918234906071213 ], [ 0.184364602142878, 41.918234906071213 ], [ 0.184364602142878, 41.917808646841237 ], [ 0.18362438617537, 41.917808646841237 ], [ 0.18362438617537, 41.917382384764132 ], [ 0.182884170207862, 41.917382384764132 ], [ 0.182884170207862, 41.916956119839853 ], [ 0.182143954240353, 41.916956119839853 ], [ 0.182143954240353, 41.916529852068429 ], [ 0.181403738272845, 41.916529852068429 ], [ 0.181403738272845, 41.916103581449839 ], [ 0.180663522305336, 41.916103581449839 ], [ 0.180663522305336, 41.915677307984119 ], [ 0.178442874402812, 41.915677307984119 ], [ 0.178442874402812, 41.916103581449839 ], [ 0.177702658435303, 41.916103581449839 ], [ 0.177702658435303, 41.916529852068429 ], [ 0.176962442467795, 41.916529852068429 ], [ 0.176962442467795, 41.916956119839853 ], [ 0.176222226500287, 41.916956119839853 ], [ 0.176222226500287, 41.917382384764132 ], [ 0.175482010532778, 41.917382384764132 ], [ 0.175482010532778, 41.917808646841237 ], [ 0.17474179456527, 41.917808646841237 ], [ 0.17474179456527, 41.918234906071213 ], [ 0.174001578597761, 41.918234906071213 ], [ 0.174001578597761, 41.919087415989608 ], [ 0.173261362630253, 41.919087415989608 ], [ 0.173261362630253, 41.919513666678057 ], [ 0.172521146662745, 41.919513666678057 ], [ 0.172521146662745, 41.919939914519318 ], [ 0.171780930695237, 41.919939914519318 ], [ 0.171780930695237, 41.92207111101775 ], [ 0.171040714727728, 41.92207111101775 ], [ 0.171040714727728, 41.925054666532688 ], [ 0.17030049876022, 41.925054666532688 ], [ 0.17030049876022, 41.926759492759189 ], [ 0.171040714727728, 41.926759492759189 ], [ 0.171040714727728, 41.928038082532858 ], [ 0.171780930695237, 41.928038082532858 ], [ 0.171780930695237, 41.928890461478971 ], [ 0.172521146662745, 41.928890461478971 ], [ 0.172521146662745, 41.930169008543487 ], [ 0.173261362630253, 41.930169008543487 ], [ 0.173261362630253, 41.931447529982364 ], [ 0.174001578597761, 41.931447529982364 ], [ 0.174001578597761, 41.931873698100702 ], [ 0.17474179456527, 41.931873698100702 ], [ 0.17474179456527, 41.932299863371739 ], [ 0.176222226500287, 41.932299863371739 ], [ 0.176222226500287, 41.932726025795461 ], [ 0.177702658435303, 41.932726025795461 ], [ 0.177702658435303, 41.933152185371853 ], [ 0.17918309037032, 41.933152185371853 ], [ 0.17918309037032, 41.933578342100922 ], [ 0.180663522305336, 41.933578342100922 ], [ 0.180663522305336, 41.934004495982656 ], [ 0.182884170207862, 41.934004495982656 ], [ 0.182884170207862, 41.933578342100922 ], [ 0.18362438617537, 41.933578342100922 ], [ 0.18362438617537, 41.933152185371853 ], [ 0.185104818110386, 41.933152185371853 ] ] ], [ [ [ -2.806107906590793, 42.465736930092682 ], [ -2.806107906590793, 42.46531434727688 ], [ -2.804627474655776, 42.46531434727688 ], [ -2.804627474655776, 42.464891761608577 ], [ -2.803887258688268, 42.464891761608577 ], [ -2.803887258688268, 42.464469173087757 ], [ -2.803147042720759, 42.464469173087757 ], [ -2.803147042720759, 42.46404658171442 ], [ -2.801666610785743, 42.46404658171442 ], [ -2.801666610785743, 42.459820511093746 ], [ -2.800926394818235, 42.459820511093746 ], [ -2.800926394818235, 42.45643944921914 ], [ -2.801666610785743, 42.45643944921914 ], [ -2.801666610785743, 42.455594155226009 ], [ -2.802406826753251, 42.455594155226009 ], [ -2.802406826753251, 42.454748849823147 ], [ -2.803147042720759, 42.454748849823147 ], [ -2.803147042720759, 42.453903533010582 ], [ -2.803887258688268, 42.453903533010582 ], [ -2.803887258688268, 42.453058204788348 ], [ -2.804627474655776, 42.453058204788348 ], [ -2.804627474655776, 42.452212865156469 ], [ -2.805367690623284, 42.452212865156469 ], [ -2.805367690623284, 42.451790191061924 ], [ -2.806107906590793, 42.451790191061924 ], [ -2.806107906590793, 42.45136751411497 ], [ -2.80758833852581, 42.45136751411497 ], [ -2.80758833852581, 42.450944834315635 ], [ -2.808328554493317, 42.450944834315635 ], [ -2.808328554493317, 42.450522151663897 ], [ -2.809808986428334, 42.450522151663897 ], [ -2.809808986428334, 42.450944834315635 ], [ -2.810549202395843, 42.450944834315635 ], [ -2.810549202395843, 42.45136751411497 ], [ -2.811289418363351, 42.45136751411497 ], [ -2.811289418363351, 42.451790191061924 ], [ -2.812769850298368, 42.451790191061924 ], [ -2.812769850298368, 42.452212865156469 ], [ -2.813510066265876, 42.452212865156469 ], [ -2.813510066265876, 42.453903533010582 ], [ -2.814250282233384, 42.453903533010582 ], [ -2.814250282233384, 42.455594155226009 ], [ -2.814990498200893, 42.455594155226009 ], [ -2.814990498200893, 42.457284731802517 ], [ -2.815730714168401, 42.457284731802517 ], [ -2.815730714168401, 42.458975262739841 ], [ -2.816470930135909, 42.458975262739841 ], [ -2.816470930135909, 42.460665748037762 ], [ -2.817211146103418, 42.460665748037762 ], [ -2.817211146103418, 42.46193358206019 ], [ -2.816470930135909, 42.46193358206019 ], [ -2.816470930135909, 42.463623987488582 ], [ -2.815730714168401, 42.463623987488582 ], [ -2.815730714168401, 42.464891761608577 ], [ -2.814990498200893, 42.464891761608577 ], [ -2.814990498200893, 42.46531434727688 ], [ -2.813510066265876, 42.46531434727688 ], [ -2.813510066265876, 42.465736930092682 ], [ -2.81202963433086, 42.465736930092682 ], [ -2.81202963433086, 42.466159510055938 ], [ -2.811289418363351, 42.466159510055938 ], [ -2.811289418363351, 42.466582087166685 ], [ -2.809808986428334, 42.466582087166685 ], [ -2.809808986428334, 42.467004661424888 ], [ -2.809068770460826, 42.467004661424888 ], [ -2.809068770460826, 42.466582087166685 ], [ -2.80758833852581, 42.466582087166685 ], [ -2.80758833852581, 42.466159510055938 ], [ -2.806848122558301, 42.466159510055938 ], [ -2.806848122558301, 42.465736930092682 ], [ -2.806107906590793, 42.465736930092682 ] ] ], [ [ [ -3.141425739872068, 42.579308106206341 ], [ -3.14068552390456, 42.579308106206341 ], [ -3.14068552390456, 42.577199000897878 ], [ -3.139945307937052, 42.577199000897878 ], [ -3.139945307937052, 42.575089824252274 ], [ -3.139205091969543, 42.575089824252274 ], [ -3.139205091969543, 42.572980576269977 ], [ -3.138464876002035, 42.572980576269977 ], [ -3.138464876002035, 42.571714993239169 ], [ -3.139205091969543, 42.571714993239169 ], [ -3.139205091969543, 42.57087125695142 ], [ -3.139945307937052, 42.57087125695142 ], [ -3.139945307937052, 42.569605631119082 ], [ -3.14068552390456, 42.569605631119082 ], [ -3.14068552390456, 42.568339979605945 ], [ -3.141425739872068, 42.568339979605945 ], [ -3.141425739872068, 42.567496197663459 ], [ -3.142165955839576, 42.567496197663459 ], [ -3.142165955839576, 42.566230503349217 ], [ -3.142906171807085, 42.566230503349217 ], [ -3.142906171807085, 42.565386692872764 ], [ -3.143646387774594, 42.565386692872764 ], [ -3.143646387774594, 42.564542870982748 ], [ -3.144386603742102, 42.564542870982748 ], [ -3.144386603742102, 42.564120955757673 ], [ -3.14512681970961, 42.564120955757673 ], [ -3.14512681970961, 42.563699037679221 ], [ -3.145867035677119, 42.563699037679221 ], [ -3.145867035677119, 42.563277116747408 ], [ -3.147347467612135, 42.563277116747408 ], [ -3.147347467612135, 42.562855192962218 ], [ -3.148827899547152, 42.562855192962218 ], [ -3.148827899547152, 42.563277116747408 ], [ -3.150308331482168, 42.563277116747408 ], [ -3.150308331482168, 42.563699037679221 ], [ -3.151048547449676, 42.563699037679221 ], [ -3.151048547449676, 42.564120955757673 ], [ -3.151788763417185, 42.564120955757673 ], [ -3.151788763417185, 42.564542870982748 ], [ -3.152528979384693, 42.564542870982748 ], [ -3.152528979384693, 42.566230503349217 ], [ -3.153269195352201, 42.566230503349217 ], [ -3.153269195352201, 42.568339979605945 ], [ -3.15400941131971, 42.568339979605945 ], [ -3.15400941131971, 42.570449384527407 ], [ -3.154749627287218, 42.570449384527407 ], [ -3.154749627287218, 42.572136857102876 ], [ -3.15400941131971, 42.572136857102876 ], [ -3.15400941131971, 42.573402431573349 ], [ -3.153269195352201, 42.573402431573349 ], [ -3.153269195352201, 42.574246133619731 ], [ -3.152528979384693, 42.574246133619731 ], [ -3.152528979384693, 42.575511665288339 ], [ -3.151788763417185, 42.575511665288339 ], [ -3.151788763417185, 42.576777171275708 ], [ -3.151048547449676, 42.576777171275708 ], [ -3.151048547449676, 42.57762082766655 ], [ -3.150308331482168, 42.57762082766655 ], [ -3.150308331482168, 42.578886290851635 ], [ -3.14956811551466, 42.578886290851635 ], [ -3.14956811551466, 42.579729918707542 ], [ -3.148087683579643, 42.579729918707542 ], [ -3.148087683579643, 42.580151728355219 ], [ -3.147347467612135, 42.580151728355219 ], [ -3.147347467612135, 42.580573535149405 ], [ -3.146607251644626, 42.580573535149405 ], [ -3.146607251644626, 42.580995339090066 ], [ -3.144386603742102, 42.580995339090066 ], [ -3.144386603742102, 42.580573535149405 ], [ -3.143646387774594, 42.580573535149405 ], [ -3.143646387774594, 42.580151728355219 ], [ -3.142165955839576, 42.580151728355219 ], [ -3.142165955839576, 42.579729918707542 ], [ -3.141425739872068, 42.579729918707542 ], [ -3.141425739872068, 42.579308106206341 ] ] ], [ [ [ 1.775828932285797, 42.7044609751349 ], [ 1.775828932285797, 42.70361903685928 ], [ 1.776569148253305, 42.70361903685928 ], [ 1.776569148253305, 42.701514141216094 ], [ 1.777309364220814, 42.701514141216094 ], [ 1.777309364220814, 42.689725406843344 ], [ 1.776569148253305, 42.689725406843344 ], [ 1.776569148253305, 42.688883268754857 ], [ 1.775828932285797, 42.688883268754857 ], [ 1.775828932285797, 42.68804111924873 ], [ 1.775088716318289, 42.68804111924873 ], [ 1.775088716318289, 42.687198958325013 ], [ 1.77434850035078, 42.687198958325013 ], [ 1.77434850035078, 42.686777873581562 ], [ 1.767686556643205, 42.686777873581562 ], [ 1.767686556643205, 42.687198958325013 ], [ 1.766946340675697, 42.687198958325013 ], [ 1.766946340675697, 42.687620040214071 ], [ 1.766206124708188, 42.687620040214071 ], [ 1.766206124708188, 42.688462195428997 ], [ 1.76546590874068, 42.688462195428997 ], [ 1.76546590874068, 42.689304339226304 ], [ 1.764725692773172, 42.689304339226304 ], [ 1.764725692773172, 42.690146471605971 ], [ 1.763985476805663, 42.690146471605971 ], [ 1.763985476805663, 42.690567533514184 ], [ 1.763245260838155, 42.690567533514184 ], [ 1.763245260838155, 42.691409648767333 ], [ 1.762505044870647, 42.691409648767333 ], [ 1.762505044870647, 42.692251752602779 ], [ 1.761764828903139, 42.692251752602779 ], [ 1.761764828903139, 42.698146159752746 ], [ 1.762505044870647, 42.698146159752746 ], [ 1.762505044870647, 42.699830173320379 ], [ 1.763245260838155, 42.699830173320379 ], [ 1.763245260838155, 42.701514141216094 ], [ 1.763985476805663, 42.701514141216094 ], [ 1.763985476805663, 42.703198063439686 ], [ 1.764725692773172, 42.703198063439686 ], [ 1.764725692773172, 42.704881939990912 ], [ 1.766206124708188, 42.704881939990912 ], [ 1.766206124708188, 42.70530290199239 ], [ 1.769166988578222, 42.70530290199239 ], [ 1.769166988578222, 42.705723861139319 ], [ 1.772127852448256, 42.705723861139319 ], [ 1.772127852448256, 42.706144817431721 ], [ 1.77434850035078, 42.706144817431721 ], [ 1.77434850035078, 42.70530290199239 ], [ 1.775088716318289, 42.70530290199239 ], [ 1.775088716318289, 42.7044609751349 ], [ 1.775828932285797, 42.7044609751349 ] ] ], [ [ [ -2.212454700649109, 43.042832313324439 ], [ -2.2117144846816, 43.042832313324439 ], [ -2.2117144846816, 43.041576306991999 ], [ -2.210974268714092, 43.041576306991999 ], [ -2.210974268714092, 43.034039729021053 ], [ -2.2117144846816, 43.034039729021053 ], [ -2.2117144846816, 43.030689841684811 ], [ -2.212454700649109, 43.030689841684811 ], [ -2.212454700649109, 43.029852341281128 ], [ -2.213194916616617, 43.029852341281128 ], [ -2.213194916616617, 43.029014829449622 ], [ -2.213935132584125, 43.029014829449622 ], [ -2.213935132584125, 43.028596069248458 ], [ -2.214675348551634, 43.028596069248458 ], [ -2.214675348551634, 43.028177306190337 ], [ -2.218376428389175, 43.028177306190337 ], [ -2.218376428389175, 43.028596069248458 ], [ -2.222817724194225, 43.028596069248458 ], [ -2.222817724194225, 43.029014829449622 ], [ -2.223557940161733, 43.029014829449622 ], [ -2.223557940161733, 43.029433586793843 ], [ -2.224298156129242, 43.029433586793843 ], [ -2.224298156129242, 43.029852341281128 ], [ -2.22503837209675, 43.029852341281128 ], [ -2.22503837209675, 43.030271092911441 ], [ -2.225778588064259, 43.030271092911441 ], [ -2.225778588064259, 43.030689841684811 ], [ -2.226518804031767, 43.030689841684811 ], [ -2.226518804031767, 43.031108587601217 ], [ -2.227259019999275, 43.031108587601217 ], [ -2.227259019999275, 43.031946070863157 ], [ -2.227999235966783, 43.031946070863157 ], [ -2.227999235966783, 43.03487717228537 ], [ -2.228739451934292, 43.03487717228537 ], [ -2.228739451934292, 43.035714604121743 ], [ -2.2294796679018, 43.035714604121743 ], [ -2.2294796679018, 43.036133315754434 ], [ -2.230219883869309, 43.036133315754434 ], [ -2.230219883869309, 43.036970730448857 ], [ -2.230960099836817, 43.036970730448857 ], [ -2.230960099836817, 43.041576306991999 ], [ -2.230219883869309, 43.041576306991999 ], [ -2.230219883869309, 43.041994978626512 ], [ -2.2294796679018, 43.041994978626512 ], [ -2.2294796679018, 43.04241364740399 ], [ -2.228739451934292, 43.04241364740399 ], [ -2.228739451934292, 43.043250976387839 ], [ -2.227999235966783, 43.043250976387839 ], [ -2.227999235966783, 43.043669636594203 ], [ -2.227259019999275, 43.043669636594203 ], [ -2.227259019999275, 43.04408829394351 ], [ -2.226518804031767, 43.04408829394351 ], [ -2.226518804031767, 43.044506948435782 ], [ -2.225778588064259, 43.044506948435782 ], [ -2.225778588064259, 43.045344248849148 ], [ -2.22503837209675, 43.045344248849148 ], [ -2.22503837209675, 43.045762894770256 ], [ -2.224298156129242, 43.045762894770256 ], [ -2.224298156129242, 43.0461815378343 ], [ -2.219116644356684, 43.0461815378343 ], [ -2.219116644356684, 43.045762894770256 ], [ -2.213935132584125, 43.045762894770256 ], [ -2.213935132584125, 43.044925600070989 ], [ -2.213194916616617, 43.044925600070989 ], [ -2.213194916616617, 43.043669636594203 ], [ -2.212454700649109, 43.043669636594203 ], [ -2.212454700649109, 43.042832313324439 ] ] ], [ [ [ 4.351040283247292, 43.712349337786002 ], [ 4.351040283247292, 43.711935269245018 ], [ 4.3517804992148, 43.711935269245018 ], [ 4.3517804992148, 43.711521197843211 ], [ 4.353260931149817, 43.711521197843211 ], [ 4.353260931149817, 43.709864883627759 ], [ 4.354001147117326, 43.709864883627759 ], [ 4.354001147117326, 43.708208523639222 ], [ 4.354741363084833, 43.708208523639222 ], [ 4.354741363084833, 43.706552117877727 ], [ 4.355481579052342, 43.706552117877727 ], [ 4.355481579052342, 43.704481546307818 ], [ 4.35622179501985, 43.704481546307818 ], [ 4.35622179501985, 43.703653297654292 ], [ 4.357702226954866, 43.703653297654292 ], [ 4.357702226954866, 43.703239169036344 ], [ 4.358442442922374, 43.703239169036344 ], [ 4.358442442922374, 43.702825037557609 ], [ 4.359922874857391, 43.702825037557609 ], [ 4.359922874857391, 43.701996766017785 ], [ 4.3606630908249, 43.701996766017785 ], [ 4.3606630908249, 43.699926037104575 ], [ 4.361403306792409, 43.699926037104575 ], [ 4.361403306792409, 43.697855236672055 ], [ 4.3606630908249, 43.697855236672055 ], [ 4.3606630908249, 43.696612722083373 ], [ 4.359922874857391, 43.696612722083373 ], [ 4.359922874857391, 43.695370181747869 ], [ 4.359182658889884, 43.695370181747869 ], [ 4.359182658889884, 43.694541807220439 ], [ 4.358442442922374, 43.694541807220439 ], [ 4.358442442922374, 43.693713421250024 ], [ 4.357702226954866, 43.693713421250024 ], [ 4.357702226954866, 43.693299223973689 ], [ 4.35622179501985, 43.693299223973689 ], [ 4.35622179501985, 43.692885023836631 ], [ 4.354001147117326, 43.692885023836631 ], [ 4.354001147117326, 43.692470820838814 ], [ 4.352520715182308, 43.692470820838814 ], [ 4.352520715182308, 43.692056614980267 ], [ 4.351040283247292, 43.692056614980267 ], [ 4.351040283247292, 43.691642406260989 ], [ 4.349559851312275, 43.691642406260989 ], [ 4.349559851312275, 43.69122819468096 ], [ 4.346598987442242, 43.69122819468096 ], [ 4.346598987442242, 43.691642406260989 ], [ 4.344378339539717, 43.691642406260989 ], [ 4.344378339539717, 43.692056614980267 ], [ 4.342157691637191, 43.692056614980267 ], [ 4.342157691637191, 43.693299223973689 ], [ 4.341417475669683, 43.693299223973689 ], [ 4.341417475669683, 43.694541807220439 ], [ 4.340677259702175, 43.694541807220439 ], [ 4.340677259702175, 43.69578436472046 ], [ 4.339937043734666, 43.69578436472046 ], [ 4.339937043734666, 43.697026896473687 ], [ 4.339196827767158, 43.697026896473687 ], [ 4.339196827767158, 43.698683565427366 ], [ 4.33845661179965, 43.698683565427366 ], [ 4.33845661179965, 43.701168483034827 ], [ 4.339196827767158, 43.701168483034827 ], [ 4.339196827767158, 43.702410903218087 ], [ 4.339937043734666, 43.702410903218087 ], [ 4.339937043734666, 43.703239169036344 ], [ 4.340677259702175, 43.703239169036344 ], [ 4.340677259702175, 43.704481546307818 ], [ 4.341417475669683, 43.704481546307818 ], [ 4.341417475669683, 43.705723897832158 ], [ 4.342157691637191, 43.705723897832158 ], [ 4.342157691637191, 43.706552117877727 ], [ 4.3428979076047, 43.706552117877727 ], [ 4.3428979076047, 43.709450797921839 ], [ 4.343638123572208, 43.709450797921839 ], [ 4.343638123572208, 43.711935269245018 ], [ 4.345118555507225, 43.711935269245018 ], [ 4.345118555507225, 43.712349337786002 ], [ 4.345858771474734, 43.712349337786002 ], [ 4.345858771474734, 43.712763403466148 ], [ 4.346598987442242, 43.712763403466148 ], [ 4.346598987442242, 43.713177466285472 ], [ 4.348819635344767, 43.713177466285472 ], [ 4.348819635344767, 43.712763403466148 ], [ 4.350300067279783, 43.712763403466148 ], [ 4.350300067279783, 43.712349337786002 ], [ 4.351040283247292, 43.712349337786002 ] ] ] ] } }
]
}
