{
"type": "FeatureCollection",
"name": "spain_fires_nrt_ba",
"crs": { "type": "name", "properties": { "name": "urn:ogc:def:crs:OGC:1.3:CRS84" } },
"features": [
{ "type": "Feature", "properties": { }, "geometry": { "type": "MultiPolygon", "coordinates": [ [ [ [ -0.935582156697232, 35.573758764450957 ], [ -0.934841940729723, 35.573758764450957 ], [ -0.934841940729723, 35.57282688256965 ], [ -0.934101724762215, 35.57282688256965 ], [ -0.934101724762215, 35.572360937563893 ], [ -0.933361508794706, 35.572360937563893 ], [ -0.933361508794706, 35.571894989848083 ], [ -0.932621292827198, 35.571894989848083 ], [ -0.932621292827198, 35.570963086286405 ], [ -0.93188107685969, 35.570963086286405 ], [ -0.93188107685969, 35.570497130440543 ], [ -0.931140860892182, 35.570497130440543 ], [ -0.931140860892182, 35.5700311718847 ], [ -0.930400644924673, 35.5700311718847 ], [ -0.930400644924673, 35.56909924664312 ], [ -0.929660428957165, 35.56909924664312 ], [ -0.929660428957165, 35.563507467562687 ], [ -0.928920212989657, 35.563507467562687 ], [ -0.928920212989657, 35.56257546644526 ], [ -0.929660428957165, 35.56257546644526 ], [ -0.929660428957165, 35.562109461821933 ], [ -0.930400644924673, 35.562109461821933 ], [ -0.930400644924673, 35.561177444446159 ], [ -0.931140860892182, 35.561177444446159 ], [ -0.931140860892182, 35.560711431693733 ], [ -0.93188107685969, 35.560711431693733 ], [ -0.93188107685969, 35.560245416231631 ], [ -0.932621292827198, 35.560245416231631 ], [ -0.932621292827198, 35.559779398059881 ], [ -0.933361508794706, 35.559779398059881 ], [ -0.933361508794706, 35.559313377178498 ], [ -0.934101724762215, 35.559313377178498 ], [ -0.934101724762215, 35.558381327286853 ], [ -0.934841940729723, 35.558381327286853 ], [ -0.934841940729723, 35.557915298276626 ], [ -0.939283236534773, 35.557915298276626 ], [ -0.939283236534773, 35.558381327286853 ], [ -0.943724532339823, 35.558381327286853 ], [ -0.943724532339823, 35.558847353587474 ], [ -0.94520496427484, 35.558847353587474 ], [ -0.94520496427484, 35.559779398059881 ], [ -0.945945180242348, 35.559779398059881 ], [ -0.945945180242348, 35.560245416231631 ], [ -0.946685396209857, 35.560245416231631 ], [ -0.946685396209857, 35.561177444446159 ], [ -0.947425612177365, 35.561177444446159 ], [ -0.947425612177365, 35.56909924664312 ], [ -0.946685396209857, 35.56909924664312 ], [ -0.946685396209857, 35.571894989848083 ], [ -0.945945180242348, 35.571894989848083 ], [ -0.945945180242348, 35.57282688256965 ], [ -0.94520496427484, 35.57282688256965 ], [ -0.94520496427484, 35.573292824865341 ], [ -0.944464748307332, 35.573292824865341 ], [ -0.944464748307332, 35.574224701326465 ], [ -0.942984316372315, 35.574224701326465 ], [ -0.942984316372315, 35.574690635491883 ], [ -0.938543020567265, 35.574690635491883 ], [ -0.938543020567265, 35.575156566947186 ], [ -0.937062588632248, 35.575156566947186 ], [ -0.937062588632248, 35.574690635491883 ], [ -0.93632237266474, 35.574690635491883 ], [ -0.93632237266474, 35.574224701326465 ], [ -0.935582156697232, 35.574224701326465 ], [ -0.935582156697232, 35.573758764450957 ] ] ], [ [ [ -6.551600702182965, 37.626494668531748 ], [ -6.54938005428044, 37.626494668531748 ], [ -6.54938005428044, 37.626040964938475 ], [ -6.547899622345424, 37.626040964938475 ], [ -6.547899622345424, 37.62558725857582 ], [ -6.547159406377915, 37.62558725857582 ], [ -6.547159406377915, 37.625133549443802 ], [ -6.546419190410407, 37.625133549443802 ], [ -6.546419190410407, 37.624226122871733 ], [ -6.54493875847539, 37.624226122871733 ], [ -6.54493875847539, 37.624679837542431 ], [ -6.544198542507881, 37.624679837542431 ], [ -6.544198542507881, 37.62558725857582 ], [ -6.543458326540374, 37.62558725857582 ], [ -6.543458326540374, 37.626040964938475 ], [ -6.542718110572865, 37.626040964938475 ], [ -6.542718110572865, 37.626494668531748 ], [ -6.541977894605356, 37.626494668531748 ], [ -6.541977894605356, 37.626948369355638 ], [ -6.541237678637849, 37.626948369355638 ], [ -6.541237678637849, 37.627402067410131 ], [ -6.536796382832798, 37.627402067410131 ], [ -6.536796382832798, 37.626948369355638 ], [ -6.53605616686529, 37.626948369355638 ], [ -6.53605616686529, 37.626040964938475 ], [ -6.535315950897782, 37.626040964938475 ], [ -6.535315950897782, 37.625133549443802 ], [ -6.534575734930274, 37.625133549443802 ], [ -6.534575734930274, 37.624226122871733 ], [ -6.533835518962765, 37.624226122871733 ], [ -6.533835518962765, 37.623318685222316 ], [ -6.533095302995257, 37.623318685222316 ], [ -6.533095302995257, 37.622411236495687 ], [ -6.532355087027749, 37.622411236495687 ], [ -6.532355087027749, 37.621503776691931 ], [ -6.53161487106024, 37.621503776691931 ], [ -6.53161487106024, 37.620596305811134 ], [ -6.530874655092732, 37.620596305811134 ], [ -6.530874655092732, 37.617873826707381 ], [ -6.529394223157715, 37.617873826707381 ], [ -6.529394223157715, 37.618327580147664 ], [ -6.528654007190207, 37.618327580147664 ], [ -6.528654007190207, 37.618781330818756 ], [ -6.527913791222699, 37.618781330818756 ], [ -6.527913791222699, 37.619688823853373 ], [ -6.52717357525519, 37.619688823853373 ], [ -6.52717357525519, 37.620142566216856 ], [ -6.526433359287681, 37.620142566216856 ], [ -6.526433359287681, 37.620596305811134 ], [ -6.524952927352666, 37.620596305811134 ], [ -6.524952927352666, 37.620142566216856 ], [ -6.524212711385157, 37.620142566216856 ], [ -6.524212711385157, 37.619688823853373 ], [ -6.523472495417648, 37.619688823853373 ], [ -6.523472495417648, 37.619235078720671 ], [ -6.522732279450141, 37.619235078720671 ], [ -6.522732279450141, 37.618781330818756 ], [ -6.521992063482632, 37.618781330818756 ], [ -6.521992063482632, 37.617873826707381 ], [ -6.521251847515123, 37.617873826707381 ], [ -6.521251847515123, 37.617420070497936 ], [ -6.520511631547615, 37.617420070497936 ], [ -6.520511631547615, 37.612882356101778 ], [ -6.521251847515123, 37.612882356101778 ], [ -6.521251847515123, 37.611067192809521 ], [ -6.519771415580108, 37.611067192809521 ], [ -6.519771415580108, 37.61061339506395 ], [ -6.519031199612598, 37.61061339506395 ], [ -6.519031199612598, 37.610159594549387 ], [ -6.517550767677582, 37.610159594549387 ], [ -6.517550767677582, 37.608798176391915 ], [ -6.516810551710074, 37.608798176391915 ], [ -6.516810551710074, 37.6069829134169 ], [ -6.516070335742565, 37.6069829134169 ], [ -6.516070335742565, 37.605621437112248 ], [ -6.516810551710074, 37.605621437112248 ], [ -6.516810551710074, 37.604259935887903 ], [ -6.517550767677582, 37.604259935887903 ], [ -6.517550767677582, 37.602898409744157 ], [ -6.518290983645089, 37.602898409744157 ], [ -6.518290983645089, 37.601990711804383 ], [ -6.519031199612598, 37.601990711804383 ], [ -6.519031199612598, 37.601536858681335 ], [ -6.518290983645089, 37.601536858681335 ], [ -6.518290983645089, 37.600629144129016 ], [ -6.517550767677582, 37.600629144129016 ], [ -6.517550767677582, 37.599721418501787 ], [ -6.516810551710074, 37.599721418501787 ], [ -6.516810551710074, 37.595182624245162 ], [ -6.517550767677582, 37.595182624245162 ], [ -6.517550767677582, 37.594274832170399 ], [ -6.518290983645089, 37.594274832170399 ], [ -6.518290983645089, 37.593820931980162 ], [ -6.519031199612598, 37.593820931980162 ], [ -6.519031199612598, 37.592913123294039 ], [ -6.519771415580108, 37.592913123294039 ], [ -6.519771415580108, 37.592459214798168 ], [ -6.521992063482632, 37.592459214798168 ], [ -6.521992063482632, 37.592913123294039 ], [ -6.524212711385157, 37.592913123294039 ], [ -6.524212711385157, 37.593367029021358 ], [ -6.526433359287681, 37.593367029021358 ], [ -6.526433359287681, 37.594274832170399 ], [ -6.52717357525519, 37.594274832170399 ], [ -6.52717357525519, 37.596090405245562 ], [ -6.527913791222699, 37.596090405245562 ], [ -6.527913791222699, 37.598813681799726 ], [ -6.52717357525519, 37.598813681799726 ], [ -6.52717357525519, 37.600175282699752 ], [ -6.526433359287681, 37.600175282699752 ], [ -6.526433359287681, 37.601536858681335 ], [ -6.52717357525519, 37.601536858681335 ], [ -6.52717357525519, 37.601990711804383 ], [ -6.527913791222699, 37.601990711804383 ], [ -6.527913791222699, 37.602444562158645 ], [ -6.528654007190207, 37.602444562158645 ], [ -6.528654007190207, 37.603806096608785 ], [ -6.529394223157715, 37.603806096608785 ], [ -6.529394223157715, 37.604713772398178 ], [ -6.530134439125224, 37.604713772398178 ], [ -6.530134439125224, 37.602898409744157 ], [ -6.530874655092732, 37.602898409744157 ], [ -6.530874655092732, 37.601083002789544 ], [ -6.53161487106024, 37.601083002789544 ], [ -6.53161487106024, 37.600629144129016 ], [ -6.532355087027749, 37.600629144129016 ], [ -6.532355087027749, 37.599721418501787 ], [ -6.533095302995257, 37.599721418501787 ], [ -6.533095302995257, 37.5992675515351 ], [ -6.533835518962765, 37.5992675515351 ], [ -6.533835518962765, 37.598813681799726 ], [ -6.534575734930274, 37.598813681799726 ], [ -6.534575734930274, 37.598359809295673 ], [ -6.535315950897782, 37.598359809295673 ], [ -6.535315950897782, 37.59790593402294 ], [ -6.536796382832798, 37.59790593402294 ], [ -6.536796382832798, 37.598359809295673 ], [ -6.54049746267034, 37.598359809295673 ], [ -6.54049746267034, 37.598813681799726 ], [ -6.544198542507881, 37.598813681799726 ], [ -6.544198542507881, 37.5992675515351 ], [ -6.547159406377915, 37.5992675515351 ], [ -6.547159406377915, 37.598359809295673 ], [ -6.547899622345424, 37.598359809295673 ], [ -6.547899622345424, 37.596998175171528 ], [ -6.547159406377915, 37.596998175171528 ], [ -6.547159406377915, 37.596544291592856 ], [ -6.546419190410407, 37.596544291592856 ], [ -6.546419190410407, 37.596090405245562 ], [ -6.545678974442899, 37.596090405245562 ], [ -6.545678974442899, 37.595182624245162 ], [ -6.54493875847539, 37.595182624245162 ], [ -6.54493875847539, 37.594728729592063 ], [ -6.544198542507881, 37.594728729592063 ], [ -6.544198542507881, 37.589281777809212 ], [ -6.542718110572865, 37.589281777809212 ], [ -6.542718110572865, 37.588827847165525 ], [ -6.541977894605356, 37.588827847165525 ], [ -6.541977894605356, 37.588373913753394 ], [ -6.541237678637849, 37.588373913753394 ], [ -6.541237678637849, 37.587919977572859 ], [ -6.539017030735324, 37.587919977572859 ], [ -6.539017030735324, 37.588827847165525 ], [ -6.538276814767816, 37.588827847165525 ], [ -6.538276814767816, 37.590189630791279 ], [ -6.537536598800307, 37.590189630791279 ], [ -6.537536598800307, 37.590643553129631 ], [ -6.536796382832798, 37.590643553129631 ], [ -6.536796382832798, 37.591097472699495 ], [ -6.535315950897782, 37.591097472699495 ], [ -6.535315950897782, 37.591551389500886 ], [ -6.534575734930274, 37.591551389500886 ], [ -6.534575734930274, 37.592005303533789 ], [ -6.521992063482632, 37.592005303533789 ], [ -6.521992063482632, 37.591551389500886 ], [ -6.520511631547615, 37.591551389500886 ], [ -6.520511631547615, 37.591097472699495 ], [ -6.519771415580108, 37.591097472699495 ], [ -6.519771415580108, 37.590643553129631 ], [ -6.518290983645089, 37.590643553129631 ], [ -6.518290983645089, 37.591097472699495 ], [ -6.517550767677582, 37.591097472699495 ], [ -6.517550767677582, 37.592005303533789 ], [ -6.516810551710074, 37.592005303533789 ], [ -6.516810551710074, 37.592913123294039 ], [ -6.516070335742565, 37.592913123294039 ], [ -6.516070335742565, 37.593367029021358 ], [ -6.515330119775057, 37.593367029021358 ], [ -6.515330119775057, 37.594274832170399 ], [ -6.514589903807549, 37.594274832170399 ], [ -6.514589903807549, 37.596998175171528 ], [ -6.515330119775057, 37.596998175171528 ], [ -6.515330119775057, 37.600175282699752 ], [ -6.514589903807549, 37.600175282699752 ], [ -6.514589903807549, 37.600629144129016 ], [ -6.51384968784004, 37.600629144129016 ], [ -6.51384968784004, 37.601083002789544 ], [ -6.513109471872531, 37.601083002789544 ], [ -6.513109471872531, 37.601536858681335 ], [ -6.512369255905024, 37.601536858681335 ], [ -6.512369255905024, 37.602444562158645 ], [ -6.511629039937516, 37.602444562158645 ], [ -6.511629039937516, 37.602898409744157 ], [ -6.510888823970006, 37.602898409744157 ], [ -6.510888823970006, 37.603352254560868 ], [ -6.50940839203499, 37.603352254560868 ], [ -6.50940839203499, 37.602898409744157 ], [ -6.508668176067482, 37.602898409744157 ], [ -6.508668176067482, 37.602444562158645 ], [ -6.507927960099973, 37.602444562158645 ], [ -6.507927960099973, 37.601990711804383 ], [ -6.507187744132465, 37.601990711804383 ], [ -6.507187744132465, 37.601536858681335 ], [ -6.506447528164957, 37.601536858681335 ], [ -6.506447528164957, 37.601083002789544 ], [ -6.505707312197449, 37.601083002789544 ], [ -6.505707312197449, 37.600175282699752 ], [ -6.50496709622994, 37.600175282699752 ], [ -6.50496709622994, 37.594728729592063 ], [ -6.504226880262432, 37.594728729592063 ], [ -6.504226880262432, 37.593820931980162 ], [ -6.503486664294925, 37.593820931980162 ], [ -6.503486664294925, 37.595636516129659 ], [ -6.502746448327415, 37.595636516129659 ], [ -6.502746448327415, 37.596090405245562 ], [ -6.502006232359907, 37.596090405245562 ], [ -6.502006232359907, 37.596998175171528 ], [ -6.501266016392399, 37.596998175171528 ], [ -6.501266016392399, 37.59790593402294 ], [ -6.50052580042489, 37.59790593402294 ], [ -6.50052580042489, 37.598359809295673 ], [ -6.495344288652332, 37.598359809295673 ], [ -6.495344288652332, 37.59790593402294 ], [ -6.494604072684823, 37.59790593402294 ], [ -6.494604072684823, 37.596998175171528 ], [ -6.493863856717316, 37.596998175171528 ], [ -6.493863856717316, 37.596090405245562 ], [ -6.493123640749808, 37.596090405245562 ], [ -6.493123640749808, 37.595636516129659 ], [ -6.49164320881479, 37.595636516129659 ], [ -6.49164320881479, 37.595182624245162 ], [ -6.490162776879773, 37.595182624245162 ], [ -6.490162776879773, 37.594728729592063 ], [ -6.488682344944757, 37.594728729592063 ], [ -6.488682344944757, 37.594274832170399 ], [ -6.487942128977249, 37.594274832170399 ], [ -6.487942128977249, 37.591097472699495 ], [ -6.48720191300974, 37.591097472699495 ], [ -6.48720191300974, 37.588373913753394 ], [ -6.487942128977249, 37.588373913753394 ], [ -6.487942128977249, 37.587919977572859 ], [ -6.488682344944757, 37.587919977572859 ], [ -6.488682344944757, 37.587466038623916 ], [ -6.489422560912264, 37.587466038623916 ], [ -6.489422560912264, 37.587012096906584 ], [ -6.490162776879773, 37.587012096906584 ], [ -6.490162776879773, 37.586558152420871 ], [ -6.490902992847282, 37.586558152420871 ], [ -6.490902992847282, 37.586104205166784 ], [ -6.487942128977249, 37.586104205166784 ], [ -6.487942128977249, 37.585650255144344 ], [ -6.486461697042232, 37.585650255144344 ], [ -6.486461697042232, 37.584742346794442 ], [ -6.485721481074724, 37.584742346794442 ], [ -6.485721481074724, 37.584288388467002 ], [ -6.484981265107216, 37.584288388467002 ], [ -6.484981265107216, 37.583380463507204 ], [ -6.484241049139707, 37.583380463507204 ], [ -6.484241049139707, 37.580656622189267 ], [ -6.484981265107216, 37.580656622189267 ], [ -6.484981265107216, 37.577932681215501 ], [ -6.483500833172198, 37.577932681215501 ], [ -6.483500833172198, 37.578386678298244 ], [ -6.48276061720469, 37.578386678298244 ], [ -6.48276061720469, 37.57884067261282 ], [ -6.482020401237182, 37.57884067261282 ], [ -6.482020401237182, 37.579294664159207 ], [ -6.481280185269673, 37.579294664159207 ], [ -6.481280185269673, 37.57974865293744 ], [ -6.479799753334656, 37.57974865293744 ], [ -6.479799753334656, 37.579294664159207 ], [ -6.479059537367148, 37.579294664159207 ], [ -6.479059537367148, 37.57884067261282 ], [ -6.47831932139964, 37.57884067261282 ], [ -6.47831932139964, 37.578386678298244 ], [ -6.477579105432133, 37.578386678298244 ], [ -6.477579105432133, 37.577478681364632 ], [ -6.476838889464624, 37.577478681364632 ], [ -6.476838889464624, 37.577024678745616 ], [ -6.476098673497115, 37.577024678745616 ], [ -6.476098673497115, 37.577478681364632 ], [ -6.475358457529607, 37.577478681364632 ], [ -6.475358457529607, 37.577932681215501 ], [ -6.474618241562099, 37.577932681215501 ], [ -6.474618241562099, 37.578386678298244 ], [ -6.46943672978954, 37.578386678298244 ], [ -6.46943672978954, 37.579294664159207 ], [ -6.470176945757049, 37.579294664159207 ], [ -6.470176945757049, 37.581110602662875 ], [ -6.470917161724556, 37.581110602662875 ], [ -6.470917161724556, 37.582926496874862 ], [ -6.470176945757049, 37.582926496874862 ], [ -6.470176945757049, 37.583834427371251 ], [ -6.46943672978954, 37.583834427371251 ], [ -6.46943672978954, 37.584742346794442 ], [ -6.468696513822032, 37.584742346794442 ], [ -6.468696513822032, 37.585650255144344 ], [ -6.467956297854524, 37.585650255144344 ], [ -6.467956297854524, 37.586558152420871 ], [ -6.467216081887016, 37.586558152420871 ], [ -6.467216081887016, 37.587919977572859 ], [ -6.467956297854524, 37.587919977572859 ], [ -6.467956297854524, 37.592005303533789 ], [ -6.468696513822032, 37.592005303533789 ], [ -6.468696513822032, 37.597452055981563 ], [ -6.467956297854524, 37.597452055981563 ], [ -6.467956297854524, 37.5992675515351 ], [ -6.467216081887016, 37.5992675515351 ], [ -6.467216081887016, 37.599721418501787 ], [ -6.466475865919507, 37.599721418501787 ], [ -6.466475865919507, 37.600175282699752 ], [ -6.465735649951998, 37.600175282699752 ], [ -6.465735649951998, 37.600629144129016 ], [ -6.464255218016982, 37.600629144129016 ], [ -6.464255218016982, 37.601083002789544 ], [ -6.463515002049473, 37.601083002789544 ], [ -6.463515002049473, 37.601536858681335 ], [ -6.462034570114457, 37.601536858681335 ], [ -6.462034570114457, 37.601990711804383 ], [ -6.461294354146948, 37.601990711804383 ], [ -6.461294354146948, 37.601536858681335 ], [ -6.46055413817944, 37.601536858681335 ], [ -6.46055413817944, 37.601083002789544 ], [ -6.459073706244424, 37.601083002789544 ], [ -6.459073706244424, 37.600629144129016 ], [ -6.458333490276916, 37.600629144129016 ], [ -6.458333490276916, 37.600175282699752 ], [ -6.457593274309406, 37.600175282699752 ], [ -6.457593274309406, 37.599721418501787 ], [ -6.456853058341898, 37.599721418501787 ], [ -6.456853058341898, 37.600175282699752 ], [ -6.456112842374391, 37.600175282699752 ], [ -6.456112842374391, 37.601990711804383 ], [ -6.455372626406882, 37.601990711804383 ], [ -6.455372626406882, 37.603806096608785 ], [ -6.456112842374391, 37.603806096608785 ], [ -6.456112842374391, 37.604713772398178 ], [ -6.456853058341898, 37.604713772398178 ], [ -6.456853058341898, 37.606075265316001 ], [ -6.457593274309406, 37.606075265316001 ], [ -6.457593274309406, 37.609251985213362 ], [ -6.456853058341898, 37.609251985213362 ], [ -6.456853058341898, 37.611067192809521 ], [ -6.456112842374391, 37.611067192809521 ], [ -6.456112842374391, 37.611520987786115 ], [ -6.455372626406882, 37.611520987786115 ], [ -6.455372626406882, 37.611974779993695 ], [ -6.454632410439373, 37.611974779993695 ], [ -6.454632410439373, 37.612428569432247 ], [ -6.453151978504357, 37.612428569432247 ], [ -6.453151978504357, 37.612882356101778 ], [ -6.451671546569341, 37.612882356101778 ], [ -6.451671546569341, 37.612428569432247 ], [ -6.450191114634324, 37.612428569432247 ], [ -6.450191114634324, 37.611974779993695 ], [ -6.449450898666815, 37.611974779993695 ], [ -6.449450898666815, 37.611520987786115 ], [ -6.448710682699307, 37.611520987786115 ], [ -6.448710682699307, 37.611067192809521 ], [ -6.44723025076429, 37.611067192809521 ], [ -6.44723025076429, 37.61061339506395 ], [ -6.445749818829274, 37.61061339506395 ], [ -6.445749818829274, 37.611520987786115 ], [ -6.445009602861765, 37.611520987786115 ], [ -6.445009602861765, 37.612428569432247 ], [ -6.444269386894257, 37.612428569432247 ], [ -6.444269386894257, 37.613336140002268 ], [ -6.443529170926749, 37.613336140002268 ], [ -6.443529170926749, 37.614243699496079 ], [ -6.44278895495924, 37.614243699496079 ], [ -6.44278895495924, 37.614697475089372 ], [ -6.441308523024224, 37.614697475089372 ], [ -6.441308523024224, 37.615151247913595 ], [ -6.439828091089207, 37.615151247913595 ], [ -6.439828091089207, 37.615605017968704 ], [ -6.43834765915419, 37.615605017968704 ], [ -6.43834765915419, 37.616058785254708 ], [ -6.436867227219174, 37.616058785254708 ], [ -6.436867227219174, 37.615605017968704 ], [ -6.436127011251665, 37.615605017968704 ], [ -6.436127011251665, 37.615151247913595 ], [ -6.435386795284157, 37.615151247913595 ], [ -6.435386795284157, 37.614697475089372 ], [ -6.434646579316649, 37.614697475089372 ], [ -6.434646579316649, 37.614243699496079 ], [ -6.43390636334914, 37.614243699496079 ], [ -6.43390636334914, 37.613789921133709 ], [ -6.433166147381632, 37.613789921133709 ], [ -6.433166147381632, 37.613336140002268 ], [ -6.432425931414123, 37.613336140002268 ], [ -6.432425931414123, 37.612882356101778 ], [ -6.431685715446616, 37.612882356101778 ], [ -6.431685715446616, 37.609251985213362 ], [ -6.432425931414123, 37.609251985213362 ], [ -6.432425931414123, 37.608798176391915 ], [ -6.430945499479106, 37.608798176391915 ], [ -6.430945499479106, 37.608344364801546 ], [ -6.428724851576582, 37.608344364801546 ], [ -6.428724851576582, 37.607890550442235 ], [ -6.425763987706548, 37.607890550442235 ], [ -6.425763987706548, 37.608344364801546 ], [ -6.424283555771532, 37.608344364801546 ], [ -6.424283555771532, 37.608798176391915 ], [ -6.422803123836515, 37.608798176391915 ], [ -6.422803123836515, 37.609251985213362 ], [ -6.419842259966481, 37.609251985213362 ], [ -6.419842259966481, 37.608798176391915 ], [ -6.419102043998973, 37.608798176391915 ], [ -6.419102043998973, 37.608344364801546 ], [ -6.417621612063957, 37.608344364801546 ], [ -6.417621612063957, 37.608798176391915 ], [ -6.41614118012894, 37.608798176391915 ], [ -6.41614118012894, 37.609251985213362 ], [ -6.415400964161432, 37.609251985213362 ], [ -6.415400964161432, 37.60970579126586 ], [ -6.413180316258907, 37.60970579126586 ], [ -6.413180316258907, 37.609251985213362 ], [ -6.411699884323889, 37.609251985213362 ], [ -6.411699884323889, 37.608798176391915 ], [ -6.410959668356382, 37.608798176391915 ], [ -6.410959668356382, 37.609251985213362 ], [ -6.410219452388874, 37.609251985213362 ], [ -6.410219452388874, 37.60970579126586 ], [ -6.409479236421364, 37.60970579126586 ], [ -6.409479236421364, 37.61061339506395 ], [ -6.403557508681298, 37.61061339506395 ], [ -6.403557508681298, 37.60970579126586 ], [ -6.40281729271379, 37.60970579126586 ], [ -6.40281729271379, 37.609251985213362 ], [ -6.402077076746282, 37.609251985213362 ], [ -6.402077076746282, 37.608344364801546 ], [ -6.401336860778773, 37.608344364801546 ], [ -6.401336860778773, 37.602898409744157 ], [ -6.402077076746282, 37.602898409744157 ], [ -6.402077076746282, 37.602444562158645 ], [ -6.40281729271379, 37.602444562158645 ], [ -6.40281729271379, 37.601536858681335 ], [ -6.401336860778773, 37.601536858681335 ], [ -6.401336860778773, 37.601990711804383 ], [ -6.399116212876249, 37.601990711804383 ], [ -6.399116212876249, 37.602444562158645 ], [ -6.397635780941232, 37.602444562158645 ], [ -6.397635780941232, 37.601536858681335 ], [ -6.396895564973724, 37.601536858681335 ], [ -6.396895564973724, 37.600629144129016 ], [ -6.396155349006215, 37.600629144129016 ], [ -6.396155349006215, 37.599721418501787 ], [ -6.395415133038706, 37.599721418501787 ], [ -6.395415133038706, 37.598359809295673 ], [ -6.394674917071199, 37.598359809295673 ], [ -6.394674917071199, 37.595636516129659 ], [ -6.395415133038706, 37.595636516129659 ], [ -6.395415133038706, 37.594274832170399 ], [ -6.394674917071199, 37.594274832170399 ], [ -6.394674917071199, 37.594728729592063 ], [ -6.393194485136181, 37.594728729592063 ], [ -6.393194485136181, 37.595182624245162 ], [ -6.389493405298641, 37.595182624245162 ], [ -6.389493405298641, 37.594728729592063 ], [ -6.388012973363623, 37.594728729592063 ], [ -6.388012973363623, 37.594274832170399 ], [ -6.385792325461098, 37.594274832170399 ], [ -6.385792325461098, 37.593820931980162 ], [ -6.384311893526082, 37.593820931980162 ], [ -6.384311893526082, 37.593367029021358 ], [ -6.382091245623557, 37.593367029021358 ], [ -6.382091245623557, 37.592913123294039 ], [ -6.38061081368854, 37.592913123294039 ], [ -6.38061081368854, 37.592459214798168 ], [ -6.379870597721032, 37.592459214798168 ], [ -6.379870597721032, 37.591551389500886 ], [ -6.379130381753523, 37.591551389500886 ], [ -6.379130381753523, 37.591097472699495 ], [ -6.378390165786015, 37.591097472699495 ], [ -6.378390165786015, 37.590189630791279 ], [ -6.377649949818506, 37.590189630791279 ], [ -6.377649949818506, 37.585196302353559 ], [ -6.376909733850998, 37.585196302353559 ], [ -6.376909733850998, 37.584288388467002 ], [ -6.37616951788349, 37.584288388467002 ], [ -6.37616951788349, 37.583834427371251 ], [ -6.375429301915982, 37.583834427371251 ], [ -6.375429301915982, 37.583380463507204 ], [ -6.374689085948473, 37.583380463507204 ], [ -6.374689085948473, 37.583834427371251 ], [ -6.373948869980965, 37.583834427371251 ], [ -6.373948869980965, 37.584742346794442 ], [ -6.373208654013458, 37.584742346794442 ], [ -6.373208654013458, 37.585196302353559 ], [ -6.372468438045948, 37.585196302353559 ], [ -6.372468438045948, 37.585650255144344 ], [ -6.37172822207844, 37.585650255144344 ], [ -6.37172822207844, 37.586104205166784 ], [ -6.370988006110932, 37.586104205166784 ], [ -6.370988006110932, 37.586558152420871 ], [ -6.369507574175914, 37.586558152420871 ], [ -6.369507574175914, 37.586104205166784 ], [ -6.368767358208406, 37.586104205166784 ], [ -6.368767358208406, 37.585650255144344 ], [ -6.368027142240899, 37.585650255144344 ], [ -6.368027142240899, 37.585196302353559 ], [ -6.36728692627339, 37.585196302353559 ], [ -6.36728692627339, 37.584742346794442 ], [ -6.366546710305881, 37.584742346794442 ], [ -6.366546710305881, 37.584288388467002 ], [ -6.365806494338374, 37.584288388467002 ], [ -6.365806494338374, 37.583834427371251 ], [ -6.365066278370866, 37.583834427371251 ], [ -6.365066278370866, 37.580202638947448 ], [ -6.365806494338374, 37.580202638947448 ], [ -6.365806494338374, 37.577478681364632 ], [ -6.366546710305881, 37.577478681364632 ], [ -6.366546710305881, 37.577024678745616 ], [ -6.368027142240899, 37.577024678745616 ], [ -6.368027142240899, 37.576570673358482 ], [ -6.368767358208406, 37.576570673358482 ], [ -6.368767358208406, 37.576116665203216 ], [ -6.37172822207844, 37.576116665203216 ], [ -6.37172822207844, 37.576570673358482 ], [ -6.373948869980965, 37.576570673358482 ], [ -6.373948869980965, 37.576116665203216 ], [ -6.374689085948473, 37.576116665203216 ], [ -6.374689085948473, 37.57566265427986 ], [ -6.375429301915982, 37.57566265427986 ], [ -6.375429301915982, 37.575208640588421 ], [ -6.37616951788349, 37.575208640588421 ], [ -6.37616951788349, 37.5747546241289 ], [ -6.376909733850998, 37.5747546241289 ], [ -6.376909733850998, 37.57430060490131 ], [ -6.377649949818506, 37.57430060490131 ], [ -6.377649949818506, 37.573846582905666 ], [ -6.376909733850998, 37.573846582905666 ], [ -6.376909733850998, 37.572484500310523 ], [ -6.37616951788349, 37.572484500310523 ], [ -6.37616951788349, 37.571122392803304 ], [ -6.375429301915982, 37.571122392803304 ], [ -6.375429301915982, 37.569760260384321 ], [ -6.368027142240899, 37.569760260384321 ], [ -6.368027142240899, 37.568852158265301 ], [ -6.36728692627339, 37.568852158265301 ], [ -6.36728692627339, 37.568398103053909 ], [ -6.366546710305881, 37.568398103053909 ], [ -6.366546710305881, 37.567944045074604 ], [ -6.365806494338374, 37.567944045074604 ], [ -6.365806494338374, 37.567035920812344 ], [ -6.365066278370866, 37.567035920812344 ], [ -6.365066278370866, 37.563857398707192 ], [ -6.365806494338374, 37.563857398707192 ], [ -6.365806494338374, 37.557954069274039 ], [ -6.366546710305881, 37.557954069274039 ], [ -6.366546710305881, 37.552050272110492 ], [ -6.365806494338374, 37.552050272110492 ], [ -6.365806494338374, 37.551141954110889 ], [ -6.365066278370866, 37.551141954110889 ], [ -6.365066278370866, 37.550687790959891 ], [ -6.364326062403356, 37.550687790959891 ], [ -6.364326062403356, 37.545237617290262 ], [ -6.363585846435849, 37.545237617290262 ], [ -6.363585846435849, 37.544329216269119 ], [ -6.362845630468341, 37.544329216269119 ], [ -6.362845630468341, 37.542966593982797 ], [ -6.362105414500832, 37.542966593982797 ], [ -6.362105414500832, 37.542058165288971 ], [ -6.361365198533323, 37.542058165288971 ], [ -6.361365198533323, 37.538878577693573 ], [ -6.362105414500832, 37.538878577693573 ], [ -6.362105414500832, 37.536607360682268 ], [ -6.362845630468341, 37.536607360682268 ], [ -6.362845630468341, 37.535698854508055 ], [ -6.365066278370866, 37.535698854508055 ], [ -6.365066278370866, 37.535244597270349 ], [ -6.36728692627339, 37.535244597270349 ], [ -6.36728692627339, 37.534790337265591 ], [ -6.368767358208406, 37.534790337265591 ], [ -6.368767358208406, 37.534336074493794 ], [ -6.369507574175914, 37.534336074493794 ], [ -6.369507574175914, 37.533427540649129 ], [ -6.370247790143424, 37.533427540649129 ], [ -6.370247790143424, 37.532973269576274 ], [ -6.370988006110932, 37.532973269576274 ], [ -6.370988006110932, 37.532518995736432 ], [ -6.37172822207844, 37.532518995736432 ], [ -6.37172822207844, 37.532064719129615 ], [ -6.372468438045948, 37.532064719129615 ], [ -6.372468438045948, 37.530701872707375 ], [ -6.373208654013458, 37.530701872707375 ], [ -6.373208654013458, 37.527067493837158 ], [ -6.373948869980965, 37.527067493837158 ], [ -6.373948869980965, 37.523887267066364 ], [ -6.374689085948473, 37.523887267066364 ], [ -6.374689085948473, 37.523432937889133 ], [ -6.376909733850998, 37.523432937889133 ], [ -6.376909733850998, 37.522978605945134 ], [ -6.379130381753523, 37.522978605945134 ], [ -6.379130381753523, 37.522524271234403 ], [ -6.38061081368854, 37.522524271234403 ], [ -6.38061081368854, 37.522978605945134 ], [ -6.381351029656049, 37.522978605945134 ], [ -6.381351029656049, 37.523887267066364 ], [ -6.382091245623557, 37.523887267066364 ], [ -6.382091245623557, 37.524795917120557 ], [ -6.382831461591064, 37.524795917120557 ], [ -6.382831461591064, 37.526158871450953 ], [ -6.383571677558574, 37.526158871450953 ], [ -6.383571677558574, 37.527067493837158 ], [ -6.386532541428607, 37.527067493837158 ], [ -6.386532541428607, 37.525250237997497 ], [ -6.387272757396115, 37.525250237997497 ], [ -6.387272757396115, 37.523432937889133 ], [ -6.388012973363623, 37.523432937889133 ], [ -6.388012973363623, 37.521615593512799 ], [ -6.388753189331132, 37.521615593512799 ], [ -6.388753189331132, 37.521161250501933 ], [ -6.389493405298641, 37.521161250501933 ], [ -6.389493405298641, 37.520706904724392 ], [ -6.390233621266148, 37.520706904724392 ], [ -6.390233621266148, 37.520252556180161 ], [ -6.391714053201166, 37.520252556180161 ], [ -6.391714053201166, 37.519798204869268 ], [ -6.39393470110369, 37.519798204869268 ], [ -6.39393470110369, 37.520252556180161 ], [ -6.394674917071199, 37.520252556180161 ], [ -6.394674917071199, 37.520706904724392 ], [ -6.396155349006215, 37.520706904724392 ], [ -6.396155349006215, 37.521161250501933 ], [ -6.396895564973724, 37.521161250501933 ], [ -6.396895564973724, 37.522524271234403 ], [ -6.397635780941232, 37.522524271234403 ], [ -6.397635780941232, 37.525250237997497 ], [ -6.39837599690874, 37.525250237997497 ], [ -6.39837599690874, 37.524795917120557 ], [ -6.401336860778773, 37.524795917120557 ], [ -6.401336860778773, 37.525250237997497 ], [ -6.402077076746282, 37.525250237997497 ], [ -6.402077076746282, 37.523887267066364 ], [ -6.401336860778773, 37.523887267066364 ], [ -6.401336860778773, 37.521161250501933 ], [ -6.402077076746282, 37.521161250501933 ], [ -6.402077076746282, 37.519343850791721 ], [ -6.40281729271379, 37.519343850791721 ], [ -6.40281729271379, 37.51843513433672 ], [ -6.403557508681298, 37.51843513433672 ], [ -6.403557508681298, 37.517980771959287 ], [ -6.404297724648807, 37.517980771959287 ], [ -6.404297724648807, 37.517526406815243 ], [ -6.403557508681298, 37.517526406815243 ], [ -6.403557508681298, 37.517072038904601 ], [ -6.401336860778773, 37.517072038904601 ], [ -6.401336860778773, 37.516617668227383 ], [ -6.399856428843757, 37.516617668227383 ], [ -6.399856428843757, 37.51480015785291 ], [ -6.399116212876249, 37.51480015785291 ], [ -6.399116212876249, 37.512982603214056 ], [ -6.39837599690874, 37.512982603214056 ], [ -6.39837599690874, 37.51252820763812 ], [ -6.399116212876249, 37.51252820763812 ], [ -6.399116212876249, 37.511165004311565 ], [ -6.399856428843757, 37.511165004311565 ], [ -6.399856428843757, 37.510256188261678 ], [ -6.400596644811265, 37.510256188261678 ], [ -6.400596644811265, 37.509347361146169 ], [ -6.401336860778773, 37.509347361146169 ], [ -6.401336860778773, 37.507984099725057 ], [ -6.402077076746282, 37.507984099725057 ], [ -6.402077076746282, 37.507529673718651 ], [ -6.406518372551331, 37.507529673718651 ], [ -6.406518372551331, 37.507984099725057 ], [ -6.40725858851884, 37.507984099725057 ], [ -6.40725858851884, 37.508438522965122 ], [ -6.407998804486349, 37.508438522965122 ], [ -6.407998804486349, 37.509347361146169 ], [ -6.408739020453856, 37.509347361146169 ], [ -6.408739020453856, 37.509801776087116 ], [ -6.413180316258907, 37.509801776087116 ], [ -6.413180316258907, 37.508892943438838 ], [ -6.413920532226415, 37.508892943438838 ], [ -6.413920532226415, 37.507984099725057 ], [ -6.414660748193924, 37.507984099725057 ], [ -6.414660748193924, 37.507529673718651 ], [ -6.415400964161432, 37.507529673718651 ], [ -6.415400964161432, 37.506620813406819 ], [ -6.41614118012894, 37.506620813406819 ], [ -6.41614118012894, 37.505711942029741 ], [ -6.416881396096448, 37.505711942029741 ], [ -6.416881396096448, 37.504803059587495 ], [ -6.422062907869006, 37.504803059587495 ], [ -6.422062907869006, 37.505257502191753 ], [ -6.422803123836515, 37.505257502191753 ], [ -6.422803123836515, 37.505711942029741 ], [ -6.423543339804024, 37.505711942029741 ], [ -6.423543339804024, 37.506620813406819 ], [ -6.424283555771532, 37.506620813406819 ], [ -6.424283555771532, 37.507075244945895 ], [ -6.425023771739041, 37.507075244945895 ], [ -6.425023771739041, 37.50616637910143 ], [ -6.425763987706548, 37.50616637910143 ], [ -6.425763987706548, 37.505711942029741 ], [ -6.426504203674057, 37.505711942029741 ], [ -6.426504203674057, 37.504803059587495 ], [ -6.427244419641565, 37.504803059587495 ], [ -6.427244419641565, 37.50434861421698 ], [ -6.427984635609074, 37.50434861421698 ], [ -6.427984635609074, 37.503439715177187 ], [ -6.428724851576582, 37.503439715177187 ], [ -6.428724851576582, 37.502985261507924 ], [ -6.42946506754409, 37.502985261507924 ], [ -6.42946506754409, 37.50253080507246 ], [ -6.432425931414123, 37.50253080507246 ], [ -6.432425931414123, 37.502076345870776 ], [ -6.433166147381632, 37.502076345870776 ], [ -6.433166147381632, 37.50253080507246 ], [ -6.43390636334914, 37.50253080507246 ], [ -6.43390636334914, 37.502985261507924 ], [ -6.434646579316649, 37.502985261507924 ], [ -6.434646579316649, 37.503439715177187 ], [ -6.435386795284157, 37.503439715177187 ], [ -6.435386795284157, 37.503894166080194 ], [ -6.436127011251665, 37.503894166080194 ], [ -6.436127011251665, 37.50434861421698 ], [ -6.436867227219174, 37.50434861421698 ], [ -6.436867227219174, 37.504803059587495 ], [ -6.437607443186681, 37.504803059587495 ], [ -6.437607443186681, 37.505257502191753 ], [ -6.43834765915419, 37.505257502191753 ], [ -6.43834765915419, 37.503439715177187 ], [ -6.439087875121698, 37.503439715177187 ], [ -6.439087875121698, 37.502076345870776 ], [ -6.439828091089207, 37.502076345870776 ], [ -6.439828091089207, 37.501621883902907 ], [ -6.441308523024224, 37.501621883902907 ], [ -6.441308523024224, 37.501167419168851 ], [ -6.44278895495924, 37.501167419168851 ], [ -6.44278895495924, 37.500712951668618 ], [ -6.444269386894257, 37.500712951668618 ], [ -6.444269386894257, 37.500258481402234 ], [ -6.445749818829274, 37.500258481402234 ], [ -6.445749818829274, 37.499804008369686 ], [ -6.447970466731798, 37.499804008369686 ], [ -6.447970466731798, 37.500258481402234 ], [ -6.449450898666815, 37.500258481402234 ], [ -6.449450898666815, 37.500712951668618 ], [ -6.450191114634324, 37.500712951668618 ], [ -6.450191114634324, 37.501167419168851 ], [ -6.450931330601832, 37.501167419168851 ], [ -6.450931330601832, 37.500712951668618 ], [ -6.451671546569341, 37.500712951668618 ], [ -6.451671546569341, 37.500258481402234 ], [ -6.452411762536848, 37.500258481402234 ], [ -6.452411762536848, 37.499804008369686 ], [ -6.453151978504357, 37.499804008369686 ], [ -6.453151978504357, 37.499349532571017 ], [ -6.453892194471866, 37.499349532571017 ], [ -6.453892194471866, 37.498895054006219 ], [ -6.454632410439373, 37.498895054006219 ], [ -6.454632410439373, 37.498440572675307 ], [ -6.456112842374391, 37.498440572675307 ], [ -6.456112842374391, 37.498895054006219 ], [ -6.456853058341898, 37.498895054006219 ], [ -6.456853058341898, 37.499349532571017 ], [ -6.457593274309406, 37.499349532571017 ], [ -6.457593274309406, 37.499804008369686 ], [ -6.458333490276916, 37.499804008369686 ], [ -6.458333490276916, 37.500712951668618 ], [ -6.459073706244424, 37.500712951668618 ], [ -6.459073706244424, 37.501167419168851 ], [ -6.459813922211932, 37.501167419168851 ], [ -6.459813922211932, 37.501621883902907 ], [ -6.46055413817944, 37.501621883902907 ], [ -6.46055413817944, 37.502076345870776 ], [ -6.462034570114457, 37.502076345870776 ], [ -6.462034570114457, 37.50253080507246 ], [ -6.466475865919507, 37.50253080507246 ], [ -6.466475865919507, 37.502985261507924 ], [ -6.470176945757049, 37.502985261507924 ], [ -6.470176945757049, 37.503439715177187 ], [ -6.473137809627081, 37.503439715177187 ], [ -6.473137809627081, 37.50434861421698 ], [ -6.47387802559459, 37.50434861421698 ], [ -6.47387802559459, 37.504803059587495 ], [ -6.474618241562099, 37.504803059587495 ], [ -6.474618241562099, 37.505711942029741 ], [ -6.476098673497115, 37.505711942029741 ], [ -6.476098673497115, 37.505257502191753 ], [ -6.476838889464624, 37.505257502191753 ], [ -6.476838889464624, 37.504803059587495 ], [ -6.479799753334656, 37.504803059587495 ], [ -6.479799753334656, 37.505257502191753 ], [ -6.480539969302165, 37.505257502191753 ], [ -6.480539969302165, 37.505711942029741 ], [ -6.484241049139707, 37.505711942029741 ], [ -6.484241049139707, 37.505257502191753 ], [ -6.484981265107216, 37.505257502191753 ], [ -6.484981265107216, 37.504803059587495 ], [ -6.485721481074724, 37.504803059587495 ], [ -6.485721481074724, 37.500712951668618 ], [ -6.484981265107216, 37.500712951668618 ], [ -6.484981265107216, 37.496622619690761 ], [ -6.484241049139707, 37.496622619690761 ], [ -6.484241049139707, 37.495259125908731 ], [ -6.483500833172198, 37.495259125908731 ], [ -6.483500833172198, 37.494804622449344 ], [ -6.48276061720469, 37.494804622449344 ], [ -6.48276061720469, 37.494350116223934 ], [ -6.481280185269673, 37.494350116223934 ], [ -6.481280185269673, 37.493895607232531 ], [ -6.480539969302165, 37.493895607232531 ], [ -6.480539969302165, 37.494350116223934 ], [ -6.479799753334656, 37.494350116223934 ], [ -6.479799753334656, 37.494804622449344 ], [ -6.479059537367148, 37.494804622449344 ], [ -6.479059537367148, 37.495259125908731 ], [ -6.47831932139964, 37.495259125908731 ], [ -6.47831932139964, 37.495713626602111 ], [ -6.477579105432133, 37.495713626602111 ], [ -6.477579105432133, 37.496168124529454 ], [ -6.476838889464624, 37.496168124529454 ], [ -6.476838889464624, 37.496622619690761 ], [ -6.475358457529607, 37.496622619690761 ], [ -6.475358457529607, 37.496168124529454 ], [ -6.474618241562099, 37.496168124529454 ], [ -6.474618241562099, 37.495713626602111 ], [ -6.473137809627081, 37.495713626602111 ], [ -6.473137809627081, 37.495259125908731 ], [ -6.472397593659574, 37.495259125908731 ], [ -6.472397593659574, 37.494804622449344 ], [ -6.471657377692065, 37.494804622449344 ], [ -6.471657377692065, 37.492986580951801 ], [ -6.470917161724556, 37.492986580951801 ], [ -6.470917161724556, 37.488895825774819 ], [ -6.471657377692065, 37.488895825774819 ], [ -6.471657377692065, 37.487986738644132 ], [ -6.470917161724556, 37.487986738644132 ], [ -6.470917161724556, 37.487532190930025 ], [ -6.470176945757049, 37.487532190930025 ], [ -6.470176945757049, 37.487077640450103 ], [ -6.46943672978954, 37.487077640450103 ], [ -6.46943672978954, 37.486623087204379 ], [ -6.468696513822032, 37.486623087204379 ], [ -6.468696513822032, 37.485713972415553 ], [ -6.467956297854524, 37.485713972415553 ], [ -6.467956297854524, 37.485259410872473 ], [ -6.467216081887016, 37.485259410872473 ], [ -6.467216081887016, 37.484804846563641 ], [ -6.466475865919507, 37.484804846563641 ], [ -6.466475865919507, 37.48435027948905 ], [ -6.465735649951998, 37.48435027948905 ], [ -6.465735649951998, 37.483441137042682 ], [ -6.46499543398449, 37.483441137042682 ], [ -6.46499543398449, 37.48298656167092 ], [ -6.464255218016982, 37.48298656167092 ], [ -6.464255218016982, 37.48253198353347 ], [ -6.463515002049473, 37.48253198353347 ], [ -6.463515002049473, 37.482077402630317 ], [ -6.462774786081965, 37.482077402630317 ], [ -6.462774786081965, 37.478895258869954 ], [ -6.462034570114457, 37.478895258869954 ], [ -6.462034570114457, 37.475258357208354 ], [ -6.462774786081965, 37.475258357208354 ], [ -6.462774786081965, 37.474803732055783 ], [ -6.463515002049473, 37.474803732055783 ], [ -6.463515002049473, 37.473894473454173 ], [ -6.464255218016982, 37.473894473454173 ], [ -6.464255218016982, 37.472985203790699 ], [ -6.465735649951998, 37.472985203790699 ], [ -6.465735649951998, 37.47253056481081 ], [ -6.467216081887016, 37.47253056481081 ], [ -6.467216081887016, 37.472075923065468 ], [ -6.468696513822032, 37.472075923065468 ], [ -6.468696513822032, 37.471621278554707 ], [ -6.470176945757049, 37.471621278554707 ], [ -6.470176945757049, 37.471166631278564 ], [ -6.471657377692065, 37.471166631278564 ], [ -6.471657377692065, 37.470711981237002 ], [ -6.473137809627081, 37.470711981237002 ], [ -6.473137809627081, 37.470257328430087 ], [ -6.474618241562099, 37.470257328430087 ], [ -6.474618241562099, 37.469802672857774 ], [ -6.476098673497115, 37.469802672857774 ], [ -6.476098673497115, 37.469348014520115 ], [ -6.477579105432133, 37.469348014520115 ], [ -6.477579105432133, 37.468893353417101 ], [ -6.479059537367148, 37.468893353417101 ], [ -6.479059537367148, 37.469348014520115 ], [ -6.484981265107216, 37.469348014520115 ], [ -6.484981265107216, 37.469802672857774 ], [ -6.486461697042232, 37.469802672857774 ], [ -6.486461697042232, 37.470257328430087 ], [ -6.48720191300974, 37.470257328430087 ], [ -6.48720191300974, 37.471166631278564 ], [ -6.487942128977249, 37.471166631278564 ], [ -6.487942128977249, 37.472075923065468 ], [ -6.488682344944757, 37.472075923065468 ], [ -6.488682344944757, 37.466165328727406 ], [ -6.489422560912264, 37.466165328727406 ], [ -6.489422560912264, 37.465710648267304 ], [ -6.490162776879773, 37.465710648267304 ], [ -6.490162776879773, 37.464801279051336 ], [ -6.490902992847282, 37.464801279051336 ], [ -6.490902992847282, 37.464346590295499 ], [ -6.49164320881479, 37.464346590295499 ], [ -6.49164320881479, 37.463891898774442 ], [ -6.494604072684823, 37.463891898774442 ], [ -6.494604072684823, 37.462982507436742 ], [ -6.495344288652332, 37.462982507436742 ], [ -6.495344288652332, 37.462073105038307 ], [ -6.496084504619841, 37.462073105038307 ], [ -6.496084504619841, 37.461163691579245 ], [ -6.496824720587348, 37.461163691579245 ], [ -6.496824720587348, 37.460254267059653 ], [ -6.497564936554856, 37.460254267059653 ], [ -6.497564936554856, 37.459344831479605 ], [ -6.498305152522366, 37.459344831479605 ], [ -6.498305152522366, 37.458435384839206 ], [ -6.499045368489874, 37.458435384839206 ], [ -6.499045368489874, 37.457525927138562 ], [ -6.499785584457381, 37.457525927138562 ], [ -6.499785584457381, 37.456616458377752 ], [ -6.501266016392399, 37.456616458377752 ], [ -6.501266016392399, 37.456161719849817 ], [ -6.502746448327415, 37.456161719849817 ], [ -6.502746448327415, 37.455706978556883 ], [ -6.50496709622994, 37.455706978556883 ], [ -6.50496709622994, 37.45525223449895 ], [ -6.506447528164957, 37.45525223449895 ], [ -6.506447528164957, 37.455706978556883 ], [ -6.507187744132465, 37.455706978556883 ], [ -6.507187744132465, 37.456161719849817 ], [ -6.507927960099973, 37.456161719849817 ], [ -6.507927960099973, 37.456616458377752 ], [ -6.50940839203499, 37.456616458377752 ], [ -6.50940839203499, 37.457071194140674 ], [ -6.510888823970006, 37.457071194140674 ], [ -6.510888823970006, 37.456616458377752 ], [ -6.514589903807549, 37.456616458377752 ], [ -6.514589903807549, 37.457525927138562 ], [ -6.515330119775057, 37.457525927138562 ], [ -6.515330119775057, 37.458435384839206 ], [ -6.516070335742565, 37.458435384839206 ], [ -6.516070335742565, 37.459799550652178 ], [ -6.516810551710074, 37.459799550652178 ], [ -6.516810551710074, 37.461163691579245 ], [ -6.518290983645089, 37.461163691579245 ], [ -6.518290983645089, 37.460708980702009 ], [ -6.520511631547615, 37.460708980702009 ], [ -6.520511631547615, 37.461163691579245 ], [ -6.521251847515123, 37.461163691579245 ], [ -6.521251847515123, 37.461618399691353 ], [ -6.521992063482632, 37.461618399691353 ], [ -6.521992063482632, 37.462073105038307 ], [ -6.522732279450141, 37.462073105038307 ], [ -6.522732279450141, 37.462527807620113 ], [ -6.523472495417648, 37.462527807620113 ], [ -6.523472495417648, 37.462982507436742 ], [ -6.524212711385157, 37.462982507436742 ], [ -6.524212711385157, 37.463891898774442 ], [ -6.528654007190207, 37.463891898774442 ], [ -6.528654007190207, 37.464346590295499 ], [ -6.533095302995257, 37.464346590295499 ], [ -6.533095302995257, 37.463891898774442 ], [ -6.533835518962765, 37.463891898774442 ], [ -6.533835518962765, 37.461618399691353 ], [ -6.534575734930274, 37.461618399691353 ], [ -6.534575734930274, 37.459344831479605 ], [ -6.535315950897782, 37.459344831479605 ], [ -6.535315950897782, 37.457071194140674 ], [ -6.53605616686529, 37.457071194140674 ], [ -6.53605616686529, 37.454797487676046 ], [ -6.536796382832798, 37.454797487676046 ], [ -6.536796382832798, 37.452523712087178 ], [ -6.53605616686529, 37.452523712087178 ], [ -6.53605616686529, 37.451614182497188 ], [ -6.535315950897782, 37.451614182497188 ], [ -6.535315950897782, 37.450704641847658 ], [ -6.534575734930274, 37.450704641847658 ], [ -6.534575734930274, 37.446611572065422 ], [ -6.535315950897782, 37.446611572065422 ], [ -6.535315950897782, 37.445701970590093 ], [ -6.53605616686529, 37.445701970590093 ], [ -6.53605616686529, 37.445247165705318 ], [ -6.536796382832798, 37.445247165705318 ], [ -6.536796382832798, 37.444337547641624 ], [ -6.537536598800307, 37.444337547641624 ], [ -6.537536598800307, 37.443882734462726 ], [ -6.543458326540374, 37.443882734462726 ], [ -6.543458326540374, 37.444792358055828 ], [ -6.544198542507881, 37.444792358055828 ], [ -6.544198542507881, 37.445247165705318 ], [ -6.54493875847539, 37.445247165705318 ], [ -6.54493875847539, 37.446156772710133 ], [ -6.545678974442899, 37.446156772710133 ], [ -6.545678974442899, 37.446611572065422 ], [ -6.546419190410407, 37.446611572065422 ], [ -6.546419190410407, 37.447521162481735 ], [ -6.547159406377915, 37.447521162481735 ], [ -6.547159406377915, 37.447975953542731 ], [ -6.547899622345424, 37.447975953542731 ], [ -6.547899622345424, 37.448885527370336 ], [ -6.548639838312933, 37.448885527370336 ], [ -6.548639838312933, 37.449340310136911 ], [ -6.54938005428044, 37.449340310136911 ], [ -6.54938005428044, 37.450249867375589 ], [ -6.550120270247948, 37.450249867375589 ], [ -6.550120270247948, 37.450704641847658 ], [ -6.550860486215457, 37.450704641847658 ], [ -6.550860486215457, 37.456616458377752 ], [ -6.551600702182965, 37.456616458377752 ], [ -6.551600702182965, 37.458890109541947 ], [ -6.552340918150473, 37.458890109541947 ], [ -6.552340918150473, 37.459344831479605 ], [ -6.553081134117982, 37.459344831479605 ], [ -6.553081134117982, 37.459799550652178 ], [ -6.55382135008549, 37.459799550652178 ], [ -6.55382135008549, 37.460254267059653 ], [ -6.554561566052999, 37.460254267059653 ], [ -6.554561566052999, 37.461163691579245 ], [ -6.555301782020508, 37.461163691579245 ], [ -6.555301782020508, 37.460708980702009 ], [ -6.556041997988016, 37.460708980702009 ], [ -6.556041997988016, 37.459344831479605 ], [ -6.555301782020508, 37.459344831479605 ], [ -6.555301782020508, 37.457980657371415 ], [ -6.554561566052999, 37.457980657371415 ], [ -6.554561566052999, 37.457071194140674 ], [ -6.55382135008549, 37.457071194140674 ], [ -6.55382135008549, 37.455706978556883 ], [ -6.553081134117982, 37.455706978556883 ], [ -6.553081134117982, 37.453887985735321 ], [ -6.55382135008549, 37.453887985735321 ], [ -6.55382135008549, 37.450249867375589 ], [ -6.554561566052999, 37.450249867375589 ], [ -6.554561566052999, 37.448430741838926 ], [ -6.555301782020508, 37.448430741838926 ], [ -6.555301782020508, 37.447521162481735 ], [ -6.556041997988016, 37.447521162481735 ], [ -6.556041997988016, 37.447066368655967 ], [ -6.556782213955524, 37.447066368655967 ], [ -6.556782213955524, 37.446156772710133 ], [ -6.557522429923032, 37.446156772710133 ], [ -6.557522429923032, 37.444792358055828 ], [ -6.558262645890541, 37.444792358055828 ], [ -6.558262645890541, 37.442518278337978 ], [ -6.559002861858048, 37.442518278337978 ], [ -6.559002861858048, 37.441608627098212 ], [ -6.560483293793064, 37.441608627098212 ], [ -6.560483293793064, 37.441153797331388 ], [ -6.56270394169559, 37.441153797331388 ], [ -6.56270394169559, 37.440698964799942 ], [ -6.565664805565625, 37.440698964799942 ], [ -6.565664805565625, 37.441153797331388 ], [ -6.566405021533132, 37.441153797331388 ], [ -6.566405021533132, 37.442063454100413 ], [ -6.56714523750064, 37.442063454100413 ], [ -6.56714523750064, 37.442518278337978 ], [ -6.567885453468148, 37.442518278337978 ], [ -6.567885453468148, 37.443427918519149 ], [ -6.568625669435657, 37.443427918519149 ], [ -6.568625669435657, 37.444337547641624 ], [ -6.569365885403165, 37.444337547641624 ], [ -6.569365885403165, 37.442518278337978 ], [ -6.570106101370673, 37.442518278337978 ], [ -6.570106101370673, 37.440698964799942 ], [ -6.570846317338182, 37.440698964799942 ], [ -6.570846317338182, 37.440244129503903 ], [ -6.57158653330569, 37.440244129503903 ], [ -6.57158653330569, 37.439789291443276 ], [ -6.572326749273199, 37.439789291443276 ], [ -6.572326749273199, 37.439334450618077 ], [ -6.573807181208216, 37.439334450618077 ], [ -6.573807181208216, 37.438879607028298 ], [ -6.576027829110741, 37.438879607028298 ], [ -6.576027829110741, 37.439334450618077 ], [ -6.576768045078249, 37.439334450618077 ], [ -6.576768045078249, 37.439789291443276 ], [ -6.577508261045756, 37.439789291443276 ], [ -6.577508261045756, 37.440244129503903 ], [ -6.578248477013265, 37.440244129503903 ], [ -6.578248477013265, 37.440698964799942 ], [ -6.578988692980774, 37.440698964799942 ], [ -6.578988692980774, 37.439789291443276 ], [ -6.579728908948282, 37.439789291443276 ], [ -6.579728908948282, 37.438879607028298 ], [ -6.580469124915791, 37.438879607028298 ], [ -6.580469124915791, 37.437969911555093 ], [ -6.581209340883299, 37.437969911555093 ], [ -6.581209340883299, 37.434785890316803 ], [ -6.580469124915791, 37.434785890316803 ], [ -6.580469124915791, 37.431601733620589 ], [ -6.581209340883299, 37.431601733620589 ], [ -6.581209340883299, 37.429782154692184 ], [ -6.581949556850808, 37.429782154692184 ], [ -6.581949556850808, 37.428872348642038 ], [ -6.583429988785824, 37.428872348642038 ], [ -6.583429988785824, 37.428417441470515 ], [ -6.584170204753333, 37.428417441470515 ], [ -6.584170204753333, 37.427962531534725 ], [ -6.587131068623365, 37.427962531534725 ], [ -6.587131068623365, 37.428417441470515 ], [ -6.587871284590873, 37.428417441470515 ], [ -6.587871284590873, 37.428872348642038 ], [ -6.588611500558382, 37.428872348642038 ], [ -6.588611500558382, 37.429327253049266 ], [ -6.590091932493399, 37.429327253049266 ], [ -6.590091932493399, 37.429782154692184 ], [ -6.590832148460907, 37.429782154692184 ], [ -6.590832148460907, 37.430237053570792 ], [ -6.591572364428415, 37.430237053570792 ], [ -6.591572364428415, 37.430691949685063 ], [ -6.592312580395924, 37.430691949685063 ], [ -6.592312580395924, 37.431146843034995 ], [ -6.593052796363432, 37.431146843034995 ], [ -6.593052796363432, 37.431601733620589 ], [ -6.594533228298449, 37.431601733620589 ], [ -6.594533228298449, 37.432056621441795 ], [ -6.595273444265957, 37.432056621441795 ], [ -6.595273444265957, 37.431601733620589 ], [ -6.597494092168482, 37.431601733620589 ], [ -6.597494092168482, 37.431146843034995 ], [ -6.598974524103498, 37.431146843034995 ], [ -6.598974524103498, 37.430691949685063 ], [ -6.599714740071007, 37.430691949685063 ], [ -6.599714740071007, 37.430237053570792 ], [ -6.600454956038516, 37.430237053570792 ], [ -6.600454956038516, 37.429782154692184 ], [ -6.601195172006023, 37.429782154692184 ], [ -6.601195172006023, 37.425233013870681 ], [ -6.601935387973532, 37.425233013870681 ], [ -6.601935387973532, 37.423413280143862 ], [ -6.602675603941041, 37.423413280143862 ], [ -6.602675603941041, 37.421593502190646 ], [ -6.603415819908549, 37.421593502190646 ], [ -6.603415819908549, 37.420683596629367 ], [ -6.604896251843566, 37.420683596629367 ], [ -6.604896251843566, 37.420228639702607 ], [ -6.605636467811074, 37.420228639702607 ], [ -6.605636467811074, 37.419773680011772 ], [ -6.607116899746091, 37.419773680011772 ], [ -6.607116899746091, 37.419318717556898 ], [ -6.608597331681107, 37.419318717556898 ], [ -6.608597331681107, 37.419773680011772 ], [ -6.609337547648615, 37.419773680011772 ], [ -6.609337547648615, 37.420228639702607 ], [ -6.610817979583632, 37.420228639702607 ], [ -6.610817979583632, 37.420683596629367 ], [ -6.612298411518648, 37.420683596629367 ], [ -6.612298411518648, 37.420228639702607 ], [ -6.614519059421173, 37.420228639702607 ], [ -6.614519059421173, 37.419773680011772 ], [ -6.617479923291206, 37.419773680011772 ], [ -6.617479923291206, 37.420228639702607 ], [ -6.618220139258716, 37.420228639702607 ], [ -6.618220139258716, 37.421138550792051 ], [ -6.618960355226224, 37.421138550792051 ], [ -6.618960355226224, 37.422048450825137 ], [ -6.619700571193732, 37.422048450825137 ], [ -6.619700571193732, 37.428417441470515 ], [ -6.618960355226224, 37.428417441470515 ], [ -6.618960355226224, 37.431146843034995 ], [ -6.619700571193732, 37.431146843034995 ], [ -6.619700571193732, 37.431601733620589 ], [ -6.62044078716124, 37.431601733620589 ], [ -6.62044078716124, 37.432056621441795 ], [ -6.621921219096257, 37.432056621441795 ], [ -6.621921219096257, 37.432511506498649 ], [ -6.622661435063764, 37.432511506498649 ], [ -6.622661435063764, 37.433876145082792 ], [ -6.623401651031274, 37.433876145082792 ], [ -6.623401651031274, 37.435695624493015 ], [ -6.624141866998782, 37.435695624493015 ], [ -6.624141866998782, 37.437060205023776 ], [ -6.623401651031274, 37.437060205023776 ], [ -6.623401651031274, 37.438424760673961 ], [ -6.622661435063764, 37.438424760673961 ], [ -6.622661435063764, 37.440244129503903 ], [ -6.621921219096257, 37.440244129503903 ], [ -6.621921219096257, 37.442063454100413 ], [ -6.621181003128749, 37.442063454100413 ], [ -6.621181003128749, 37.442518278337978 ], [ -6.619700571193732, 37.442518278337978 ], [ -6.619700571193732, 37.442973099810885 ], [ -6.618960355226224, 37.442973099810885 ], [ -6.618960355226224, 37.443882734462726 ], [ -6.619700571193732, 37.443882734462726 ], [ -6.619700571193732, 37.444337547641624 ], [ -6.624141866998782, 37.444337547641624 ], [ -6.624141866998782, 37.443882734462726 ], [ -6.62488208296629, 37.443882734462726 ], [ -6.62488208296629, 37.443427918519149 ], [ -6.625622298933799, 37.443427918519149 ], [ -6.625622298933799, 37.442973099810885 ], [ -6.626362514901308, 37.442973099810885 ], [ -6.626362514901308, 37.442518278337978 ], [ -6.627102730868816, 37.442518278337978 ], [ -6.627102730868816, 37.442063454100413 ], [ -6.627842946836323, 37.442063454100413 ], [ -6.627842946836323, 37.441608627098212 ], [ -6.628583162803833, 37.441608627098212 ], [ -6.628583162803833, 37.441153797331388 ], [ -6.630063594738848, 37.441153797331388 ], [ -6.630063594738848, 37.441608627098212 ], [ -6.630803810706356, 37.441608627098212 ], [ -6.630803810706356, 37.442063454100413 ], [ -6.632284242641373, 37.442063454100413 ], [ -6.632284242641373, 37.442518278337978 ], [ -6.633024458608882, 37.442518278337978 ], [ -6.633024458608882, 37.443427918519149 ], [ -6.633764674576391, 37.443427918519149 ], [ -6.633764674576391, 37.446611572065422 ], [ -6.635245106511407, 37.446611572065422 ], [ -6.635245106511407, 37.446156772710133 ], [ -6.635985322478916, 37.446156772710133 ], [ -6.635985322478916, 37.445701970590093 ], [ -6.636725538446425, 37.445701970590093 ], [ -6.636725538446425, 37.445247165705318 ], [ -6.637465754413932, 37.445247165705318 ], [ -6.637465754413932, 37.444792358055828 ], [ -6.639686402316457, 37.444792358055828 ], [ -6.639686402316457, 37.445247165705318 ], [ -6.640426618283965, 37.445247165705318 ], [ -6.640426618283965, 37.445701970590093 ], [ -6.641166834251473, 37.445701970590093 ], [ -6.641166834251473, 37.446156772710133 ], [ -6.641907050218983, 37.446156772710133 ], [ -6.641907050218983, 37.446611572065422 ], [ -6.646348346024031, 37.446611572065422 ], [ -6.646348346024031, 37.445701970590093 ], [ -6.647088561991541, 37.445701970590093 ], [ -6.647088561991541, 37.445247165705318 ], [ -6.647828777959049, 37.445247165705318 ], [ -6.647828777959049, 37.444792358055828 ], [ -6.648568993926556, 37.444792358055828 ], [ -6.648568993926556, 37.443882734462726 ], [ -6.653750505699115, 37.443882734462726 ], [ -6.653750505699115, 37.441153797331388 ], [ -6.654490721666624, 37.441153797331388 ], [ -6.654490721666624, 37.438879607028298 ], [ -6.65597115360164, 37.438879607028298 ], [ -6.65597115360164, 37.438424760673961 ], [ -6.656711369569148, 37.438424760673961 ], [ -6.656711369569148, 37.437969911555093 ], [ -6.658191801504165, 37.437969911555093 ], [ -6.658191801504165, 37.437515059671689 ], [ -6.659672233439182, 37.437515059671689 ], [ -6.659672233439182, 37.437969911555093 ], [ -6.660412449406691, 37.437969911555093 ], [ -6.660412449406691, 37.438424760673961 ], [ -6.661152665374199, 37.438424760673961 ], [ -6.661152665374199, 37.438879607028298 ], [ -6.661892881341707, 37.438879607028298 ], [ -6.661892881341707, 37.439334450618077 ], [ -6.662633097309216, 37.439334450618077 ], [ -6.662633097309216, 37.439789291443276 ], [ -6.668554825049283, 37.439789291443276 ], [ -6.668554825049283, 37.440244129503903 ], [ -6.669295041016791, 37.440244129503903 ], [ -6.669295041016791, 37.440698964799942 ], [ -6.670035256984298, 37.440698964799942 ], [ -6.670035256984298, 37.441153797331388 ], [ -6.670775472951807, 37.441153797331388 ], [ -6.670775472951807, 37.442063454100413 ], [ -6.671515688919316, 37.442063454100413 ], [ -6.671515688919316, 37.442518278337978 ], [ -6.672255904886823, 37.442518278337978 ], [ -6.672255904886823, 37.442973099810885 ], [ -6.672996120854332, 37.442973099810885 ], [ -6.672996120854332, 37.443882734462726 ], [ -6.673736336821841, 37.443882734462726 ], [ -6.673736336821841, 37.444337547641624 ], [ -6.674476552789348, 37.444337547641624 ], [ -6.674476552789348, 37.444792358055828 ], [ -6.675216768756857, 37.444792358055828 ], [ -6.675216768756857, 37.445247165705318 ], [ -6.675956984724365, 37.445247165705318 ], [ -6.675956984724365, 37.446156772710133 ], [ -6.676697200691875, 37.446156772710133 ], [ -6.676697200691875, 37.446611572065422 ], [ -6.677437416659382, 37.446611572065422 ], [ -6.677437416659382, 37.445247165705318 ], [ -6.678177632626891, 37.445247165705318 ], [ -6.678177632626891, 37.444337547641624 ], [ -6.678917848594399, 37.444337547641624 ], [ -6.678917848594399, 37.443882734462726 ], [ -6.679658064561907, 37.443882734462726 ], [ -6.679658064561907, 37.443427918519149 ], [ -6.681138496496924, 37.443427918519149 ], [ -6.681138496496924, 37.442973099810885 ], [ -6.683359144399449, 37.442973099810885 ], [ -6.683359144399449, 37.443427918519149 ], [ -6.684099360366957, 37.443427918519149 ], [ -6.684099360366957, 37.443882734462726 ], [ -6.684839576334466, 37.443882734462726 ], [ -6.684839576334466, 37.444337547641624 ], [ -6.685579792301974, 37.444337547641624 ], [ -6.685579792301974, 37.445247165705318 ], [ -6.686320008269483, 37.445247165705318 ], [ -6.686320008269483, 37.445701970590093 ], [ -6.687060224236991, 37.445701970590093 ], [ -6.687060224236991, 37.446156772710133 ], [ -6.687800440204499, 37.446156772710133 ], [ -6.687800440204499, 37.446611572065422 ], [ -6.688540656172008, 37.446611572065422 ], [ -6.688540656172008, 37.447066368655967 ], [ -6.692981951977057, 37.447066368655967 ], [ -6.692981951977057, 37.447521162481735 ], [ -6.693722167944566, 37.447521162481735 ], [ -6.693722167944566, 37.448430741838926 ], [ -6.694462383912074, 37.448430741838926 ], [ -6.694462383912074, 37.449340310136911 ], [ -6.695202599879583, 37.449340310136911 ], [ -6.695202599879583, 37.449795090138664 ], [ -6.695942815847092, 37.449795090138664 ], [ -6.695942815847092, 37.450704641847658 ], [ -6.696683031814599, 37.450704641847658 ], [ -6.696683031814599, 37.451614182497188 ], [ -6.697423247782107, 37.451614182497188 ], [ -6.697423247782107, 37.452068948674636 ], [ -6.698163463749615, 37.452068948674636 ], [ -6.698163463749615, 37.45297847273482 ], [ -6.698903679717124, 37.45297847273482 ], [ -6.698903679717124, 37.456161719849817 ], [ -6.699643895684632, 37.456161719849817 ], [ -6.699643895684632, 37.455706978556883 ], [ -6.701124327619648, 37.455706978556883 ], [ -6.701124327619648, 37.45525223449895 ], [ -6.701864543587157, 37.45525223449895 ], [ -6.701864543587157, 37.454797487676046 ], [ -6.703344975522174, 37.454797487676046 ], [ -6.703344975522174, 37.45525223449895 ], [ -6.704085191489683, 37.45525223449895 ], [ -6.704085191489683, 37.455706978556883 ], [ -6.704825407457191, 37.455706978556883 ], [ -6.704825407457191, 37.456161719849817 ], [ -6.705565623424699, 37.456161719849817 ], [ -6.705565623424699, 37.456616458377752 ], [ -6.706305839392207, 37.456616458377752 ], [ -6.706305839392207, 37.457071194140674 ], [ -6.707046055359716, 37.457071194140674 ], [ -6.707046055359716, 37.457525927138562 ], [ -6.707786271327224, 37.457525927138562 ], [ -6.707786271327224, 37.457980657371415 ], [ -6.708526487294732, 37.457980657371415 ], [ -6.708526487294732, 37.455706978556883 ], [ -6.709266703262241, 37.455706978556883 ], [ -6.709266703262241, 37.45525223449895 ], [ -6.710006919229749, 37.45525223449895 ], [ -6.710006919229749, 37.454342738088158 ], [ -6.710747135197257, 37.454342738088158 ], [ -6.710747135197257, 37.453433230617541 ], [ -6.713707999067291, 37.453433230617541 ], [ -6.713707999067291, 37.453887985735321 ], [ -6.715928646969815, 37.453887985735321 ], [ -6.715928646969815, 37.454342738088158 ], [ -6.717409078904833, 37.454342738088158 ], [ -6.717409078904833, 37.454797487676046 ], [ -6.71814929487234, 37.454797487676046 ], [ -6.71814929487234, 37.456161719849817 ], [ -6.718889510839849, 37.456161719849817 ], [ -6.718889510839849, 37.457980657371415 ], [ -6.719629726807357, 37.457980657371415 ], [ -6.719629726807357, 37.458890109541947 ], [ -6.718889510839849, 37.458890109541947 ], [ -6.718889510839849, 37.460254267059653 ], [ -6.71814929487234, 37.460254267059653 ], [ -6.71814929487234, 37.461618399691353 ], [ -6.717409078904833, 37.461618399691353 ], [ -6.717409078904833, 37.462073105038307 ], [ -6.71814929487234, 37.462073105038307 ], [ -6.71814929487234, 37.462527807620113 ], [ -6.718889510839849, 37.462527807620113 ], [ -6.718889510839849, 37.462982507436742 ], [ -6.719629726807357, 37.462982507436742 ], [ -6.719629726807357, 37.463437204488201 ], [ -6.720369942774866, 37.463437204488201 ], [ -6.720369942774866, 37.465255965041933 ], [ -6.721110158742374, 37.465255965041933 ], [ -6.721110158742374, 37.467074681351825 ], [ -6.721850374709882, 37.467074681351825 ], [ -6.721850374709882, 37.467529353516106 ], [ -6.721110158742374, 37.467529353516106 ], [ -6.721110158742374, 37.468893353417101 ], [ -6.720369942774866, 37.468893353417101 ], [ -6.720369942774866, 37.469802672857774 ], [ -6.719629726807357, 37.469802672857774 ], [ -6.719629726807357, 37.477076830163533 ], [ -6.720369942774866, 37.477076830163533 ], [ -6.720369942774866, 37.480713643326844 ], [ -6.719629726807357, 37.480713643326844 ], [ -6.719629726807357, 37.481622818961476 ], [ -6.718889510839849, 37.481622818961476 ], [ -6.718889510839849, 37.48253198353347 ], [ -6.71814929487234, 37.48253198353347 ], [ -6.71814929487234, 37.48298656167092 ], [ -6.717409078904833, 37.48298656167092 ], [ -6.717409078904833, 37.483441137042682 ], [ -6.712967783099782, 37.483441137042682 ], [ -6.712967783099782, 37.483895709648721 ], [ -6.712227567132275, 37.483895709648721 ], [ -6.712227567132275, 37.48435027948905 ], [ -6.711487351164766, 37.48435027948905 ], [ -6.711487351164766, 37.484804846563641 ], [ -6.710747135197257, 37.484804846563641 ], [ -6.710747135197257, 37.485259410872473 ], [ -6.710006919229749, 37.485259410872473 ], [ -6.710006919229749, 37.49071396684586 ], [ -6.710747135197257, 37.49071396684586 ], [ -6.710747135197257, 37.49207754360723 ], [ -6.710006919229749, 37.49207754360723 ], [ -6.710006919229749, 37.492532063662495 ], [ -6.709266703262241, 37.492532063662495 ], [ -6.709266703262241, 37.492986580951801 ], [ -6.708526487294732, 37.492986580951801 ], [ -6.708526487294732, 37.493895607232531 ], [ -6.707786271327224, 37.493895607232531 ], [ -6.707786271327224, 37.494350116223934 ], [ -6.707046055359716, 37.494350116223934 ], [ -6.707046055359716, 37.494804622449344 ], [ -6.706305839392207, 37.494804622449344 ], [ -6.706305839392207, 37.496168124529454 ], [ -6.705565623424699, 37.496168124529454 ], [ -6.705565623424699, 37.497986088578294 ], [ -6.704825407457191, 37.497986088578294 ], [ -6.704825407457191, 37.498895054006219 ], [ -6.703344975522174, 37.498895054006219 ], [ -6.703344975522174, 37.499349532571017 ], [ -6.702604759554665, 37.499349532571017 ], [ -6.702604759554665, 37.499804008369686 ], [ -6.701864543587157, 37.499804008369686 ], [ -6.701864543587157, 37.50253080507246 ], [ -6.701124327619648, 37.50253080507246 ], [ -6.701124327619648, 37.503439715177187 ], [ -6.700384111652141, 37.503439715177187 ], [ -6.700384111652141, 37.503894166080194 ], [ -6.699643895684632, 37.503894166080194 ], [ -6.699643895684632, 37.504803059587495 ], [ -6.698903679717124, 37.504803059587495 ], [ -6.698903679717124, 37.505257502191753 ], [ -6.693722167944566, 37.505257502191753 ], [ -6.693722167944566, 37.504803059587495 ], [ -6.692981951977057, 37.504803059587495 ], [ -6.692981951977057, 37.503894166080194 ], [ -6.692241736009549, 37.503894166080194 ], [ -6.692241736009549, 37.503439715177187 ], [ -6.69150152004204, 37.503439715177187 ], [ -6.69150152004204, 37.504803059587495 ], [ -6.690761304074532, 37.504803059587495 ], [ -6.690761304074532, 37.506620813406819 ], [ -6.690021088107024, 37.506620813406819 ], [ -6.690021088107024, 37.507075244945895 ], [ -6.689280872139515, 37.507075244945895 ], [ -6.689280872139515, 37.507529673718651 ], [ -6.688540656172008, 37.507529673718651 ], [ -6.688540656172008, 37.507984099725057 ], [ -6.687800440204499, 37.507984099725057 ], [ -6.687800440204499, 37.512982603214056 ], [ -6.687060224236991, 37.512982603214056 ], [ -6.687060224236991, 37.513891386066483 ], [ -6.686320008269483, 37.513891386066483 ], [ -6.686320008269483, 37.51480015785291 ], [ -6.685579792301974, 37.51480015785291 ], [ -6.685579792301974, 37.515254539596349 ], [ -6.684099360366957, 37.515254539596349 ], [ -6.684099360366957, 37.51570891857326 ], [ -6.681138496496924, 37.51570891857326 ], [ -6.681138496496924, 37.516163294783595 ], [ -6.678177632626891, 37.516163294783595 ], [ -6.678177632626891, 37.516617668227383 ], [ -6.677437416659382, 37.516617668227383 ], [ -6.677437416659382, 37.517526406815243 ], [ -6.676697200691875, 37.517526406815243 ], [ -6.676697200691875, 37.51843513433672 ], [ -6.675956984724365, 37.51843513433672 ], [ -6.675956984724365, 37.519343850791721 ], [ -6.675216768756857, 37.519343850791721 ], [ -6.675216768756857, 37.519798204869268 ], [ -6.674476552789348, 37.519798204869268 ], [ -6.674476552789348, 37.520706904724392 ], [ -6.673736336821841, 37.520706904724392 ], [ -6.673736336821841, 37.526158871450953 ], [ -6.672996120854332, 37.526158871450953 ], [ -6.672996120854332, 37.526613184027468 ], [ -6.672255904886823, 37.526613184027468 ], [ -6.672255904886823, 37.527067493837158 ], [ -6.671515688919316, 37.527067493837158 ], [ -6.671515688919316, 37.527521800879995 ], [ -6.670775472951807, 37.527521800879995 ], [ -6.670775472951807, 37.527976105155993 ], [ -6.670035256984298, 37.527976105155993 ], [ -6.670035256984298, 37.528430406665116 ], [ -6.669295041016791, 37.528430406665116 ], [ -6.669295041016791, 37.534336074493794 ], [ -6.668554825049283, 37.534336074493794 ], [ -6.668554825049283, 37.535244597270349 ], [ -6.667814609081774, 37.535244597270349 ], [ -6.667814609081774, 37.535698854508055 ], [ -6.667074393114265, 37.535698854508055 ], [ -6.667074393114265, 37.536153108978688 ], [ -6.666334177146757, 37.536153108978688 ], [ -6.666334177146757, 37.537061609618732 ], [ -6.667074393114265, 37.537061609618732 ], [ -6.667074393114265, 37.540241274694701 ], [ -6.667814609081774, 37.540241274694701 ], [ -6.667814609081774, 37.542966593982797 ], [ -6.668554825049283, 37.542966593982797 ], [ -6.668554825049283, 37.545691813649867 ], [ -6.669295041016791, 37.545691813649867 ], [ -6.669295041016791, 37.547054386124735 ], [ -6.668554825049283, 37.547054386124735 ], [ -6.668554825049283, 37.548416933693403 ], [ -6.667814609081774, 37.548416933693403 ], [ -6.667814609081774, 37.549779456355559 ], [ -6.667074393114265, 37.549779456355559 ], [ -6.667074393114265, 37.551141954110889 ], [ -6.666334177146757, 37.551141954110889 ], [ -6.666334177146757, 37.553866874899796 ], [ -6.667074393114265, 37.553866874899796 ], [ -6.667074393114265, 37.554775159689306 ], [ -6.667814609081774, 37.554775159689306 ], [ -6.667814609081774, 37.556137566116902 ], [ -6.668554825049283, 37.556137566116902 ], [ -6.668554825049283, 37.557954069274039 ], [ -6.667814609081774, 37.557954069274039 ], [ -6.667814609081774, 37.559770528149024 ], [ -6.667074393114265, 37.559770528149024 ], [ -6.667074393114265, 37.560678740980471 ], [ -6.666334177146757, 37.560678740980471 ], [ -6.666334177146757, 37.561132843244636 ], [ -6.665593961179249, 37.561132843244636 ], [ -6.665593961179249, 37.561586942741094 ], [ -6.664113529244232, 37.561586942741094 ], [ -6.664113529244232, 37.562495133430801 ], [ -6.663373313276724, 37.562495133430801 ], [ -6.663373313276724, 37.570214307291934 ], [ -6.662633097309216, 37.570214307291934 ], [ -6.662633097309216, 37.572030467242776 ], [ -6.661892881341707, 37.572030467242776 ], [ -6.661892881341707, 37.573392558141983 ], [ -6.661152665374199, 37.573392558141983 ], [ -6.661152665374199, 37.575208640588421 ], [ -6.660412449406691, 37.575208640588421 ], [ -6.660412449406691, 37.576570673358482 ], [ -6.659672233439182, 37.576570673358482 ], [ -6.659672233439182, 37.577932681215501 ], [ -6.660412449406691, 37.577932681215501 ], [ -6.660412449406691, 37.582472527474245 ], [ -6.659672233439182, 37.582472527474245 ], [ -6.659672233439182, 37.582926496874862 ], [ -6.658932017471674, 37.582926496874862 ], [ -6.658932017471674, 37.583380463507204 ], [ -6.658191801504165, 37.583380463507204 ], [ -6.658191801504165, 37.583834427371251 ], [ -6.657451585536657, 37.583834427371251 ], [ -6.657451585536657, 37.584742346794442 ], [ -6.656711369569148, 37.584742346794442 ], [ -6.656711369569148, 37.585650255144344 ], [ -6.657451585536657, 37.585650255144344 ], [ -6.657451585536657, 37.587012096906584 ], [ -6.658191801504165, 37.587012096906584 ], [ -6.658191801504165, 37.587919977572859 ], [ -6.658932017471674, 37.587919977572859 ], [ -6.658932017471674, 37.596544291592856 ], [ -6.658191801504165, 37.596544291592856 ], [ -6.658191801504165, 37.596998175171528 ], [ -6.657451585536657, 37.596998175171528 ], [ -6.657451585536657, 37.59790593402294 ], [ -6.656711369569148, 37.59790593402294 ], [ -6.656711369569148, 37.598359809295673 ], [ -6.65597115360164, 37.598359809295673 ], [ -6.65597115360164, 37.598813681799726 ], [ -6.655230937634133, 37.598813681799726 ], [ -6.655230937634133, 37.600175282699752 ], [ -6.654490721666624, 37.600175282699752 ], [ -6.654490721666624, 37.601990711804383 ], [ -6.653750505699115, 37.601990711804383 ], [ -6.653750505699115, 37.603806096608785 ], [ -6.653010289731608, 37.603806096608785 ], [ -6.653010289731608, 37.605621437112248 ], [ -6.652270073764099, 37.605621437112248 ], [ -6.652270073764099, 37.6069829134169 ], [ -6.65152985779659, 37.6069829134169 ], [ -6.65152985779659, 37.608798176391915 ], [ -6.650049425861574, 37.608798176391915 ], [ -6.650049425861574, 37.609251985213362 ], [ -6.649309209894064, 37.609251985213362 ], [ -6.649309209894064, 37.60970579126586 ], [ -6.647828777959049, 37.60970579126586 ], [ -6.647828777959049, 37.610159594549387 ], [ -6.645608130056524, 37.610159594549387 ], [ -6.645608130056524, 37.60970579126586 ], [ -6.644127698121507, 37.60970579126586 ], [ -6.644127698121507, 37.612882356101778 ], [ -6.643387482153999, 37.612882356101778 ], [ -6.643387482153999, 37.613789921133709 ], [ -6.642647266186491, 37.613789921133709 ], [ -6.642647266186491, 37.614697475089372 ], [ -6.641907050218983, 37.614697475089372 ], [ -6.641907050218983, 37.615151247913595 ], [ -6.641166834251473, 37.615151247913595 ], [ -6.641166834251473, 37.615605017968704 ], [ -6.63820597038144, 37.615605017968704 ], [ -6.63820597038144, 37.615151247913595 ], [ -6.627842946836323, 37.615151247913595 ], [ -6.627842946836323, 37.614243699496079 ], [ -6.627102730868816, 37.614243699496079 ], [ -6.627102730868816, 37.613336140002268 ], [ -6.626362514901308, 37.613336140002268 ], [ -6.626362514901308, 37.612428569432247 ], [ -6.625622298933799, 37.612428569432247 ], [ -6.625622298933799, 37.611974779993695 ], [ -6.62488208296629, 37.611974779993695 ], [ -6.62488208296629, 37.612428569432247 ], [ -6.624141866998782, 37.612428569432247 ], [ -6.624141866998782, 37.613789921133709 ], [ -6.622661435063764, 37.613789921133709 ], [ -6.622661435063764, 37.614243699496079 ], [ -6.621921219096257, 37.614243699496079 ], [ -6.621921219096257, 37.614697475089372 ], [ -6.62044078716124, 37.614697475089372 ], [ -6.62044078716124, 37.615151247913595 ], [ -6.618960355226224, 37.615151247913595 ], [ -6.618960355226224, 37.614697475089372 ], [ -6.617479923291206, 37.614697475089372 ], [ -6.617479923291206, 37.614243699496079 ], [ -6.615999491356191, 37.614243699496079 ], [ -6.615999491356191, 37.613789921133709 ], [ -6.614519059421173, 37.613789921133709 ], [ -6.614519059421173, 37.613336140002268 ], [ -6.613038627486158, 37.613336140002268 ], [ -6.613038627486158, 37.612428569432247 ], [ -6.612298411518648, 37.612428569432247 ], [ -6.612298411518648, 37.611974779993695 ], [ -6.61155819555114, 37.611974779993695 ], [ -6.61155819555114, 37.611067192809521 ], [ -6.610817979583632, 37.611067192809521 ], [ -6.610817979583632, 37.61061339506395 ], [ -6.610077763616124, 37.61061339506395 ], [ -6.610077763616124, 37.60970579126586 ], [ -6.609337547648615, 37.60970579126586 ], [ -6.609337547648615, 37.610159594549387 ], [ -6.608597331681107, 37.610159594549387 ], [ -6.608597331681107, 37.612882356101778 ], [ -6.6078571157136, 37.612882356101778 ], [ -6.6078571157136, 37.614243699496079 ], [ -6.607116899746091, 37.614243699496079 ], [ -6.607116899746091, 37.614697475089372 ], [ -6.604896251843566, 37.614697475089372 ], [ -6.604896251843566, 37.615151247913595 ], [ -6.602675603941041, 37.615151247913595 ], [ -6.602675603941041, 37.615605017968704 ], [ -6.601195172006023, 37.615605017968704 ], [ -6.601195172006023, 37.615151247913595 ], [ -6.600454956038516, 37.615151247913595 ], [ -6.600454956038516, 37.614243699496079 ], [ -6.599714740071007, 37.614243699496079 ], [ -6.599714740071007, 37.613336140002268 ], [ -6.598974524103498, 37.613336140002268 ], [ -6.598974524103498, 37.612882356101778 ], [ -6.598234308135991, 37.612882356101778 ], [ -6.598234308135991, 37.611067192809521 ], [ -6.598974524103498, 37.611067192809521 ], [ -6.598974524103498, 37.607890550442235 ], [ -6.599714740071007, 37.607890550442235 ], [ -6.599714740071007, 37.60652909075089 ], [ -6.598974524103498, 37.60652909075089 ], [ -6.598974524103498, 37.606075265316001 ], [ -6.598234308135991, 37.606075265316001 ], [ -6.598234308135991, 37.605621437112248 ], [ -6.597494092168482, 37.605621437112248 ], [ -6.597494092168482, 37.606075265316001 ], [ -6.596013660233465, 37.606075265316001 ], [ -6.596013660233465, 37.60652909075089 ], [ -6.595273444265957, 37.60652909075089 ], [ -6.595273444265957, 37.6069829134169 ], [ -6.59379301233094, 37.6069829134169 ], [ -6.59379301233094, 37.607436733314024 ], [ -6.594533228298449, 37.607436733314024 ], [ -6.594533228298449, 37.608344364801546 ], [ -6.595273444265957, 37.608344364801546 ], [ -6.595273444265957, 37.609251985213362 ], [ -6.596013660233465, 37.609251985213362 ], [ -6.596013660233465, 37.610159594549387 ], [ -6.596753876200973, 37.610159594549387 ], [ -6.596753876200973, 37.612428569432247 ], [ -6.596013660233465, 37.612428569432247 ], [ -6.596013660233465, 37.616058785254708 ], [ -6.595273444265957, 37.616058785254708 ], [ -6.595273444265957, 37.616512549771585 ], [ -6.594533228298449, 37.616512549771585 ], [ -6.594533228298449, 37.616966311519334 ], [ -6.593052796363432, 37.616966311519334 ], [ -6.593052796363432, 37.617420070497936 ], [ -6.592312580395924, 37.617420070497936 ], [ -6.592312580395924, 37.617873826707381 ], [ -6.590832148460907, 37.617873826707381 ], [ -6.590832148460907, 37.617420070497936 ], [ -6.590091932493399, 37.617420070497936 ], [ -6.590091932493399, 37.616966311519334 ], [ -6.588611500558382, 37.616966311519334 ], [ -6.588611500558382, 37.616512549771585 ], [ -6.587871284590873, 37.616512549771585 ], [ -6.587871284590873, 37.616058785254708 ], [ -6.587131068623365, 37.616058785254708 ], [ -6.587131068623365, 37.615605017968704 ], [ -6.585650636688348, 37.615605017968704 ], [ -6.585650636688348, 37.616512549771585 ], [ -6.58491042072084, 37.616512549771585 ], [ -6.58491042072084, 37.617420070497936 ], [ -6.584170204753333, 37.617420070497936 ], [ -6.584170204753333, 37.618327580147664 ], [ -6.583429988785824, 37.618327580147664 ], [ -6.583429988785824, 37.619235078720671 ], [ -6.582689772818315, 37.619235078720671 ], [ -6.582689772818315, 37.619688823853373 ], [ -6.581209340883299, 37.619688823853373 ], [ -6.581209340883299, 37.620142566216856 ], [ -6.580469124915791, 37.620142566216856 ], [ -6.580469124915791, 37.620596305811134 ], [ -6.579728908948282, 37.620596305811134 ], [ -6.579728908948282, 37.621050042636149 ], [ -6.578988692980774, 37.621050042636149 ], [ -6.578988692980774, 37.621503776691931 ], [ -6.578248477013265, 37.621503776691931 ], [ -6.578248477013265, 37.621957507978451 ], [ -6.576768045078249, 37.621957507978451 ], [ -6.576768045078249, 37.622411236495687 ], [ -6.576027829110741, 37.622411236495687 ], [ -6.576027829110741, 37.622864962243661 ], [ -6.574547397175724, 37.622864962243661 ], [ -6.574547397175724, 37.622411236495687 ], [ -6.573807181208216, 37.622411236495687 ], [ -6.573807181208216, 37.621957507978451 ], [ -6.573066965240707, 37.621957507978451 ], [ -6.573066965240707, 37.621503776691931 ], [ -6.572326749273199, 37.621503776691931 ], [ -6.572326749273199, 37.621050042636149 ], [ -6.57158653330569, 37.621050042636149 ], [ -6.57158653330569, 37.620142566216856 ], [ -6.570846317338182, 37.620142566216856 ], [ -6.570846317338182, 37.619688823853373 ], [ -6.570106101370673, 37.619688823853373 ], [ -6.570106101370673, 37.615605017968704 ], [ -6.569365885403165, 37.615605017968704 ], [ -6.569365885403165, 37.615151247913595 ], [ -6.567885453468148, 37.615151247913595 ], [ -6.567885453468148, 37.614697475089372 ], [ -6.566405021533132, 37.614697475089372 ], [ -6.566405021533132, 37.614243699496079 ], [ -6.564924589598116, 37.614243699496079 ], [ -6.564924589598116, 37.613789921133709 ], [ -6.563444157663099, 37.613789921133709 ], [ -6.563444157663099, 37.613336140002268 ], [ -6.56270394169559, 37.613336140002268 ], [ -6.56270394169559, 37.611067192809521 ], [ -6.561963725728082, 37.611067192809521 ], [ -6.561963725728082, 37.608344364801546 ], [ -6.561223509760573, 37.608344364801546 ], [ -6.561223509760573, 37.60652909075089 ], [ -6.559743077825557, 37.60652909075089 ], [ -6.559743077825557, 37.6069829134169 ], [ -6.558262645890541, 37.6069829134169 ], [ -6.558262645890541, 37.607436733314024 ], [ -6.556041997988016, 37.607436733314024 ], [ -6.556041997988016, 37.607890550442235 ], [ -6.553081134117982, 37.607890550442235 ], [ -6.553081134117982, 37.607436733314024 ], [ -6.551600702182965, 37.607436733314024 ], [ -6.551600702182965, 37.6069829134169 ], [ -6.550120270247948, 37.6069829134169 ], [ -6.550120270247948, 37.607436733314024 ], [ -6.550860486215457, 37.607436733314024 ], [ -6.550860486215457, 37.608344364801546 ], [ -6.551600702182965, 37.608344364801546 ], [ -6.551600702182965, 37.608798176391915 ], [ -6.552340918150473, 37.608798176391915 ], [ -6.552340918150473, 37.609251985213362 ], [ -6.553081134117982, 37.609251985213362 ], [ -6.553081134117982, 37.60970579126586 ], [ -6.55382135008549, 37.60970579126586 ], [ -6.55382135008549, 37.612428569432247 ], [ -6.554561566052999, 37.612428569432247 ], [ -6.554561566052999, 37.612882356101778 ], [ -6.556041997988016, 37.612882356101778 ], [ -6.556041997988016, 37.613336140002268 ], [ -6.558262645890541, 37.613336140002268 ], [ -6.558262645890541, 37.613789921133709 ], [ -6.559743077825557, 37.613789921133709 ], [ -6.559743077825557, 37.614243699496079 ], [ -6.561963725728082, 37.614243699496079 ], [ -6.561963725728082, 37.614697475089372 ], [ -6.563444157663099, 37.614697475089372 ], [ -6.563444157663099, 37.615151247913595 ], [ -6.564924589598116, 37.615151247913595 ], [ -6.564924589598116, 37.615605017968704 ], [ -6.565664805565625, 37.615605017968704 ], [ -6.565664805565625, 37.617873826707381 ], [ -6.566405021533132, 37.617873826707381 ], [ -6.566405021533132, 37.621957507978451 ], [ -6.565664805565625, 37.621957507978451 ], [ -6.565664805565625, 37.622411236495687 ], [ -6.564924589598116, 37.622411236495687 ], [ -6.564924589598116, 37.622864962243661 ], [ -6.564184373630607, 37.622864962243661 ], [ -6.564184373630607, 37.623318685222316 ], [ -6.563444157663099, 37.623318685222316 ], [ -6.563444157663099, 37.62377240543168 ], [ -6.56270394169559, 37.62377240543168 ], [ -6.56270394169559, 37.624226122871733 ], [ -6.561963725728082, 37.624226122871733 ], [ -6.561963725728082, 37.624679837542431 ], [ -6.561223509760573, 37.624679837542431 ], [ -6.561223509760573, 37.625133549443802 ], [ -6.559743077825557, 37.625133549443802 ], [ -6.559743077825557, 37.62558725857582 ], [ -6.559002861858048, 37.62558725857582 ], [ -6.559002861858048, 37.626040964938475 ], [ -6.558262645890541, 37.626040964938475 ], [ -6.558262645890541, 37.626494668531748 ], [ -6.557522429923032, 37.626494668531748 ], [ -6.557522429923032, 37.626948369355638 ], [ -6.556782213955524, 37.626948369355638 ], [ -6.556782213955524, 37.627402067410131 ], [ -6.556041997988016, 37.627402067410131 ], [ -6.556041997988016, 37.627855762695212 ], [ -6.555301782020508, 37.627855762695212 ], [ -6.555301782020508, 37.627402067410131 ], [ -6.55382135008549, 37.627402067410131 ], [ -6.55382135008549, 37.626948369355638 ], [ -6.551600702182965, 37.626948369355638 ], [ -6.551600702182965, 37.626494668531748 ] ], [ [ -6.46943672978954, 37.577932681215501 ], [ -6.468696513822032, 37.577932681215501 ], [ -6.468696513822032, 37.578386678298244 ], [ -6.46943672978954, 37.578386678298244 ], [ -6.46943672978954, 37.577932681215501 ] ], [ [ -6.468696513822032, 37.577478681364632 ], [ -6.467956297854524, 37.577478681364632 ], [ -6.467956297854524, 37.576570673358482 ], [ -6.467216081887016, 37.576570673358482 ], [ -6.467216081887016, 37.576116665203216 ], [ -6.466475865919507, 37.576116665203216 ], [ -6.466475865919507, 37.575208640588421 ], [ -6.46499543398449, 37.575208640588421 ], [ -6.46499543398449, 37.577024678745616 ], [ -6.465735649951998, 37.577024678745616 ], [ -6.465735649951998, 37.577478681364632 ], [ -6.467216081887016, 37.577478681364632 ], [ -6.467216081887016, 37.577932681215501 ], [ -6.468696513822032, 37.577932681215501 ], [ -6.468696513822032, 37.577478681364632 ] ], [ [ -6.403557508681298, 37.601536858681335 ], [ -6.403557508681298, 37.601083002789544 ], [ -6.40281729271379, 37.601083002789544 ], [ -6.40281729271379, 37.601536858681335 ], [ -6.403557508681298, 37.601536858681335 ] ], [ [ -6.488682344944757, 37.472985203790699 ], [ -6.489422560912264, 37.472985203790699 ], [ -6.489422560912264, 37.472075923065468 ], [ -6.488682344944757, 37.472075923065468 ], [ -6.488682344944757, 37.472985203790699 ] ], [ [ -6.489422560912264, 37.473894473454173 ], [ -6.490162776879773, 37.473894473454173 ], [ -6.490162776879773, 37.472985203790699 ], [ -6.489422560912264, 37.472985203790699 ], [ -6.489422560912264, 37.473894473454173 ] ], [ [ -6.490162776879773, 37.474803732055783 ], [ -6.490902992847282, 37.474803732055783 ], [ -6.490902992847282, 37.473894473454173 ], [ -6.490162776879773, 37.473894473454173 ], [ -6.490162776879773, 37.474803732055783 ] ], [ [ -6.490902992847282, 37.475258357208354 ], [ -6.49164320881479, 37.475258357208354 ], [ -6.49164320881479, 37.474803732055783 ], [ -6.490902992847282, 37.474803732055783 ], [ -6.490902992847282, 37.475258357208354 ] ], [ [ -6.555301782020508, 37.463437204488201 ], [ -6.554561566052999, 37.463437204488201 ], [ -6.554561566052999, 37.466165328727406 ], [ -6.555301782020508, 37.466165328727406 ], [ -6.555301782020508, 37.463437204488201 ] ], [ [ -6.556782213955524, 37.477986050047889 ], [ -6.558262645890541, 37.477986050047889 ], [ -6.558262645890541, 37.477531441488495 ], [ -6.559002861858048, 37.477531441488495 ], [ -6.559002861858048, 37.477076830163533 ], [ -6.560483293793064, 37.477076830163533 ], [ -6.560483293793064, 37.476622216073032 ], [ -6.557522429923032, 37.476622216073032 ], [ -6.557522429923032, 37.476167599216993 ], [ -6.556782213955524, 37.476167599216993 ], [ -6.556782213955524, 37.475258357208354 ], [ -6.556041997988016, 37.475258357208354 ], [ -6.556041997988016, 37.474349104137715 ], [ -6.555301782020508, 37.474349104137715 ], [ -6.555301782020508, 37.473439840005163 ], [ -6.554561566052999, 37.473439840005163 ], [ -6.554561566052999, 37.475258357208354 ], [ -6.55382135008549, 37.475258357208354 ], [ -6.55382135008549, 37.476622216073032 ], [ -6.553081134117982, 37.476622216073032 ], [ -6.553081134117982, 37.477986050047889 ], [ -6.55382135008549, 37.477986050047889 ], [ -6.55382135008549, 37.478440655841709 ], [ -6.554561566052999, 37.478440655841709 ], [ -6.554561566052999, 37.478895258869954 ], [ -6.555301782020508, 37.478895258869954 ], [ -6.555301782020508, 37.479349859132597 ], [ -6.556041997988016, 37.479349859132597 ], [ -6.556041997988016, 37.479804456629637 ], [ -6.556782213955524, 37.479804456629637 ], [ -6.556782213955524, 37.477986050047889 ] ], [ [ -6.668554825049283, 37.491168495198906 ], [ -6.670035256984298, 37.491168495198906 ], [ -6.670035256984298, 37.49071396684586 ], [ -6.670775472951807, 37.49071396684586 ], [ -6.670775472951807, 37.490259435726927 ], [ -6.671515688919316, 37.490259435726927 ], [ -6.671515688919316, 37.489804901842099 ], [ -6.672255904886823, 37.489804901842099 ], [ -6.672255904886823, 37.488441283592394 ], [ -6.672996120854332, 37.488441283592394 ], [ -6.672996120854332, 37.487986738644132 ], [ -6.672255904886823, 37.487986738644132 ], [ -6.672255904886823, 37.487532190930025 ], [ -6.670775472951807, 37.487532190930025 ], [ -6.670775472951807, 37.487077640450103 ], [ -6.668554825049283, 37.487077640450103 ], [ -6.668554825049283, 37.486623087204379 ], [ -6.667074393114265, 37.486623087204379 ], [ -6.667074393114265, 37.48616853119286 ], [ -6.666334177146757, 37.48616853119286 ], [ -6.666334177146757, 37.486623087204379 ], [ -6.665593961179249, 37.486623087204379 ], [ -6.665593961179249, 37.487077640450103 ], [ -6.664853745211741, 37.487077640450103 ], [ -6.664853745211741, 37.487532190930025 ], [ -6.664113529244232, 37.487532190930025 ], [ -6.664113529244232, 37.487986738644132 ], [ -6.665593961179249, 37.487986738644132 ], [ -6.665593961179249, 37.488441283592394 ], [ -6.666334177146757, 37.488441283592394 ], [ -6.666334177146757, 37.489350365191392 ], [ -6.667074393114265, 37.489350365191392 ], [ -6.667074393114265, 37.49071396684586 ], [ -6.667814609081774, 37.49071396684586 ], [ -6.667814609081774, 37.491623020786029 ], [ -6.668554825049283, 37.491623020786029 ], [ -6.668554825049283, 37.491168495198906 ] ], [ [ -6.667814609081774, 37.497531601715181 ], [ -6.667074393114265, 37.497531601715181 ], [ -6.667074393114265, 37.497077112086004 ], [ -6.666334177146757, 37.497077112086004 ], [ -6.666334177146757, 37.497531601715181 ], [ -6.665593961179249, 37.497531601715181 ], [ -6.665593961179249, 37.498440572675307 ], [ -6.667814609081774, 37.498440572675307 ], [ -6.667814609081774, 37.497531601715181 ] ], [ [ -6.690761304074532, 37.497986088578294 ], [ -6.69150152004204, 37.497986088578294 ], [ -6.69150152004204, 37.497077112086004 ], [ -6.692241736009549, 37.497077112086004 ], [ -6.692241736009549, 37.496622619690761 ], [ -6.687060224236991, 37.496622619690761 ], [ -6.687060224236991, 37.497531601715181 ], [ -6.687800440204499, 37.497531601715181 ], [ -6.687800440204499, 37.497986088578294 ], [ -6.688540656172008, 37.497986088578294 ], [ -6.688540656172008, 37.498440572675307 ], [ -6.689280872139515, 37.498440572675307 ], [ -6.689280872139515, 37.498895054006219 ], [ -6.690021088107024, 37.498895054006219 ], [ -6.690021088107024, 37.499349532571017 ], [ -6.690761304074532, 37.499349532571017 ], [ -6.690761304074532, 37.497986088578294 ] ], [ [ -6.674476552789348, 37.50434861421698 ], [ -6.675956984724365, 37.50434861421698 ], [ -6.675956984724365, 37.503894166080194 ], [ -6.677437416659382, 37.503894166080194 ], [ -6.677437416659382, 37.503439715177187 ], [ -6.678177632626891, 37.503439715177187 ], [ -6.678177632626891, 37.499804008369686 ], [ -6.678917848594399, 37.499804008369686 ], [ -6.678917848594399, 37.498895054006219 ], [ -6.679658064561907, 37.498895054006219 ], [ -6.679658064561907, 37.498440572675307 ], [ -6.680398280529415, 37.498440572675307 ], [ -6.680398280529415, 37.497531601715181 ], [ -6.679658064561907, 37.497531601715181 ], [ -6.679658064561907, 37.497077112086004 ], [ -6.678917848594399, 37.497077112086004 ], [ -6.678917848594399, 37.496168124529454 ], [ -6.678177632626891, 37.496168124529454 ], [ -6.678177632626891, 37.496622619690761 ], [ -6.677437416659382, 37.496622619690761 ], [ -6.677437416659382, 37.497077112086004 ], [ -6.676697200691875, 37.497077112086004 ], [ -6.676697200691875, 37.497531601715181 ], [ -6.675956984724365, 37.497531601715181 ], [ -6.675956984724365, 37.498440572675307 ], [ -6.675216768756857, 37.498440572675307 ], [ -6.675216768756857, 37.498895054006219 ], [ -6.674476552789348, 37.498895054006219 ], [ -6.674476552789348, 37.499349532571017 ], [ -6.673736336821841, 37.499349532571017 ], [ -6.673736336821841, 37.499804008369686 ], [ -6.672996120854332, 37.499804008369686 ], [ -6.672996120854332, 37.500258481402234 ], [ -6.670775472951807, 37.500258481402234 ], [ -6.670775472951807, 37.499804008369686 ], [ -6.670035256984298, 37.499804008369686 ], [ -6.670035256984298, 37.500712951668618 ], [ -6.670775472951807, 37.500712951668618 ], [ -6.670775472951807, 37.503894166080194 ], [ -6.671515688919316, 37.503894166080194 ], [ -6.671515688919316, 37.50434861421698 ], [ -6.672996120854332, 37.50434861421698 ], [ -6.672996120854332, 37.504803059587495 ], [ -6.674476552789348, 37.504803059587495 ], [ -6.674476552789348, 37.50434861421698 ] ], [ [ -6.659672233439182, 37.51161940818686 ], [ -6.660412449406691, 37.51161940818686 ], [ -6.660412449406691, 37.511165004311565 ], [ -6.661152665374199, 37.511165004311565 ], [ -6.661152665374199, 37.510710597669828 ], [ -6.661892881341707, 37.510710597669828 ], [ -6.661892881341707, 37.510256188261678 ], [ -6.662633097309216, 37.510256188261678 ], [ -6.662633097309216, 37.509801776087116 ], [ -6.663373313276724, 37.509801776087116 ], [ -6.663373313276724, 37.509347361146169 ], [ -6.664113529244232, 37.509347361146169 ], [ -6.664113529244232, 37.508438522965122 ], [ -6.663373313276724, 37.508438522965122 ], [ -6.663373313276724, 37.507984099725057 ], [ -6.662633097309216, 37.507984099725057 ], [ -6.662633097309216, 37.507075244945895 ], [ -6.661892881341707, 37.507075244945895 ], [ -6.661892881341707, 37.506620813406819 ], [ -6.661152665374199, 37.506620813406819 ], [ -6.661152665374199, 37.504803059587495 ], [ -6.660412449406691, 37.504803059587495 ], [ -6.660412449406691, 37.501621883902907 ], [ -6.661152665374199, 37.501621883902907 ], [ -6.661152665374199, 37.500712951668618 ], [ -6.661892881341707, 37.500712951668618 ], [ -6.661892881341707, 37.499804008369686 ], [ -6.662633097309216, 37.499804008369686 ], [ -6.662633097309216, 37.498440572675307 ], [ -6.663373313276724, 37.498440572675307 ], [ -6.663373313276724, 37.497986088578294 ], [ -6.660412449406691, 37.497986088578294 ], [ -6.660412449406691, 37.497077112086004 ], [ -6.659672233439182, 37.497077112086004 ], [ -6.659672233439182, 37.496168124529454 ], [ -6.658932017471674, 37.496168124529454 ], [ -6.658932017471674, 37.494804622449344 ], [ -6.658191801504165, 37.494804622449344 ], [ -6.658191801504165, 37.493895607232531 ], [ -6.657451585536657, 37.493895607232531 ], [ -6.657451585536657, 37.492532063662495 ], [ -6.658191801504165, 37.492532063662495 ], [ -6.658191801504165, 37.491168495198906 ], [ -6.658932017471674, 37.491168495198906 ], [ -6.658932017471674, 37.49071396684586 ], [ -6.657451585536657, 37.49071396684586 ], [ -6.657451585536657, 37.491168495198906 ], [ -6.656711369569148, 37.491168495198906 ], [ -6.656711369569148, 37.491623020786029 ], [ -6.65597115360164, 37.491623020786029 ], [ -6.65597115360164, 37.49207754360723 ], [ -6.655230937634133, 37.49207754360723 ], [ -6.655230937634133, 37.492532063662495 ], [ -6.654490721666624, 37.492532063662495 ], [ -6.654490721666624, 37.492986580951801 ], [ -6.653750505699115, 37.492986580951801 ], [ -6.653750505699115, 37.497077112086004 ], [ -6.654490721666624, 37.497077112086004 ], [ -6.654490721666624, 37.497531601715181 ], [ -6.653750505699115, 37.497531601715181 ], [ -6.653750505699115, 37.498895054006219 ], [ -6.653010289731608, 37.498895054006219 ], [ -6.653010289731608, 37.499804008369686 ], [ -6.652270073764099, 37.499804008369686 ], [ -6.652270073764099, 37.500712951668618 ], [ -6.653010289731608, 37.500712951668618 ], [ -6.653010289731608, 37.501167419168851 ], [ -6.653750505699115, 37.501167419168851 ], [ -6.653750505699115, 37.501621883902907 ], [ -6.654490721666624, 37.501621883902907 ], [ -6.654490721666624, 37.502076345870776 ], [ -6.655230937634133, 37.502076345870776 ], [ -6.655230937634133, 37.50253080507246 ], [ -6.65597115360164, 37.50253080507246 ], [ -6.65597115360164, 37.502985261507924 ], [ -6.656711369569148, 37.502985261507924 ], [ -6.656711369569148, 37.507984099725057 ], [ -6.657451585536657, 37.507984099725057 ], [ -6.657451585536657, 37.51161940818686 ], [ -6.658191801504165, 37.51161940818686 ], [ -6.658191801504165, 37.512073809295714 ], [ -6.659672233439182, 37.512073809295714 ], [ -6.659672233439182, 37.51161940818686 ] ], [ [ -6.548639838312933, 37.503894166080194 ], [ -6.548639838312933, 37.50434861421698 ], [ -6.54938005428044, 37.50434861421698 ], [ -6.54938005428044, 37.503894166080194 ], [ -6.548639838312933, 37.503894166080194 ] ], [ [ -6.54938005428044, 37.50616637910143 ], [ -6.550120270247948, 37.50616637910143 ], [ -6.550120270247948, 37.507984099725057 ], [ -6.550860486215457, 37.507984099725057 ], [ -6.550860486215457, 37.506620813406819 ], [ -6.551600702182965, 37.506620813406819 ], [ -6.551600702182965, 37.505257502191753 ], [ -6.550860486215457, 37.505257502191753 ], [ -6.550860486215457, 37.504803059587495 ], [ -6.550120270247948, 37.504803059587495 ], [ -6.550120270247948, 37.50434861421698 ], [ -6.54938005428044, 37.50434861421698 ], [ -6.54938005428044, 37.50616637910143 ] ], [ [ -6.644867914089016, 37.507984099725057 ], [ -6.644127698121507, 37.507984099725057 ], [ -6.644127698121507, 37.508438522965122 ], [ -6.644867914089016, 37.508438522965122 ], [ -6.644867914089016, 37.507984099725057 ] ], [ [ -6.642647266186491, 37.508438522965122 ], [ -6.642647266186491, 37.509801776087116 ], [ -6.643387482153999, 37.509801776087116 ], [ -6.643387482153999, 37.509347361146169 ], [ -6.644127698121507, 37.509347361146169 ], [ -6.644127698121507, 37.508438522965122 ], [ -6.642647266186491, 37.508438522965122 ] ], [ [ -6.561223509760573, 37.51434577334296 ], [ -6.560483293793064, 37.51434577334296 ], [ -6.560483293793064, 37.515254539596349 ], [ -6.561223509760573, 37.515254539596349 ], [ -6.561223509760573, 37.51434577334296 ] ], [ [ -6.570846317338182, 37.524341593476848 ], [ -6.570106101370673, 37.524341593476848 ], [ -6.570106101370673, 37.524795917120557 ], [ -6.570846317338182, 37.524795917120557 ], [ -6.570846317338182, 37.524341593476848 ] ], [ [ -6.570106101370673, 37.525250237997497 ], [ -6.569365885403165, 37.525250237997497 ], [ -6.569365885403165, 37.525704556107634 ], [ -6.570106101370673, 37.525704556107634 ], [ -6.570106101370673, 37.525250237997497 ] ], [ [ -6.569365885403165, 37.526158871450953 ], [ -6.568625669435657, 37.526158871450953 ], [ -6.568625669435657, 37.526613184027468 ], [ -6.569365885403165, 37.526613184027468 ], [ -6.569365885403165, 37.526158871450953 ] ], [ [ -6.567885453468148, 37.526613184027468 ], [ -6.567885453468148, 37.527067493837158 ], [ -6.568625669435657, 37.527067493837158 ], [ -6.568625669435657, 37.526613184027468 ], [ -6.567885453468148, 37.526613184027468 ] ], [ [ -6.559743077825557, 37.563857398707192 ], [ -6.559743077825557, 37.563403313049498 ], [ -6.560483293793064, 37.563403313049498 ], [ -6.560483293793064, 37.562041039469818 ], [ -6.561223509760573, 37.562041039469818 ], [ -6.561223509760573, 37.561132843244636 ], [ -6.56270394169559, 37.561132843244636 ], [ -6.56270394169559, 37.560678740980471 ], [ -6.563444157663099, 37.560678740980471 ], [ -6.563444157663099, 37.560224635948593 ], [ -6.564924589598116, 37.560224635948593 ], [ -6.564924589598116, 37.559770528149024 ], [ -6.565664805565625, 37.559770528149024 ], [ -6.565664805565625, 37.560224635948593 ], [ -6.566405021533132, 37.560224635948593 ], [ -6.566405021533132, 37.560678740980471 ], [ -6.56714523750064, 37.560678740980471 ], [ -6.56714523750064, 37.561132843244636 ], [ -6.568625669435657, 37.561132843244636 ], [ -6.568625669435657, 37.561586942741094 ], [ -6.569365885403165, 37.561586942741094 ], [ -6.569365885403165, 37.562041039469818 ], [ -6.570106101370673, 37.562041039469818 ], [ -6.570106101370673, 37.561586942741094 ], [ -6.570846317338182, 37.561586942741094 ], [ -6.570846317338182, 37.561132843244636 ], [ -6.57158653330569, 37.561132843244636 ], [ -6.57158653330569, 37.560678740980471 ], [ -6.572326749273199, 37.560678740980471 ], [ -6.572326749273199, 37.560224635948593 ], [ -6.573066965240707, 37.560224635948593 ], [ -6.573066965240707, 37.559316417581776 ], [ -6.573807181208216, 37.559316417581776 ], [ -6.573807181208216, 37.558862304246858 ], [ -6.574547397175724, 37.558862304246858 ], [ -6.574547397175724, 37.55840818814427 ], [ -6.575287613143232, 37.55840818814427 ], [ -6.575287613143232, 37.557499947636188 ], [ -6.576027829110741, 37.557499947636188 ], [ -6.576027829110741, 37.552504426959068 ], [ -6.575287613143232, 37.552504426959068 ], [ -6.575287613143232, 37.552050272110492 ], [ -6.574547397175724, 37.552050272110492 ], [ -6.574547397175724, 37.551141954110889 ], [ -6.573807181208216, 37.551141954110889 ], [ -6.573807181208216, 37.550687790959891 ], [ -6.573066965240707, 37.550687790959891 ], [ -6.573066965240707, 37.546146007242164 ], [ -6.572326749273199, 37.546146007242164 ], [ -6.572326749273199, 37.541603946791213 ], [ -6.57158653330569, 37.541603946791213 ], [ -6.57158653330569, 37.540241274694701 ], [ -6.569365885403165, 37.540241274694701 ], [ -6.569365885403165, 37.540695501494071 ], [ -6.567885453468148, 37.540695501494071 ], [ -6.567885453468148, 37.540241274694701 ], [ -6.56714523750064, 37.540241274694701 ], [ -6.56714523750064, 37.539332812794434 ], [ -6.566405021533132, 37.539332812794434 ], [ -6.566405021533132, 37.537970099190403 ], [ -6.565664805565625, 37.537970099190403 ], [ -6.565664805565625, 37.537061609618732 ], [ -6.564924589598116, 37.537061609618732 ], [ -6.564924589598116, 37.535698854508055 ], [ -6.564184373630607, 37.535698854508055 ], [ -6.564184373630607, 37.535244597270349 ], [ -6.564924589598116, 37.535244597270349 ], [ -6.564924589598116, 37.533881808954966 ], [ -6.565664805565625, 37.533881808954966 ], [ -6.565664805565625, 37.532973269576274 ], [ -6.566405021533132, 37.532973269576274 ], [ -6.566405021533132, 37.532064719129615 ], [ -6.56714523750064, 37.532064719129615 ], [ -6.56714523750064, 37.531156157615072 ], [ -6.567885453468148, 37.531156157615072 ], [ -6.567885453468148, 37.527521800879995 ], [ -6.566405021533132, 37.527521800879995 ], [ -6.566405021533132, 37.527067493837158 ], [ -6.564184373630607, 37.527067493837158 ], [ -6.564184373630607, 37.526613184027468 ], [ -6.561223509760573, 37.526613184027468 ], [ -6.561223509760573, 37.527521800879995 ], [ -6.560483293793064, 37.527521800879995 ], [ -6.560483293793064, 37.527976105155993 ], [ -6.559743077825557, 37.527976105155993 ], [ -6.559743077825557, 37.528430406665116 ], [ -6.558262645890541, 37.528430406665116 ], [ -6.558262645890541, 37.528884705407378 ], [ -6.550860486215457, 37.528884705407378 ], [ -6.550860486215457, 37.532518995736432 ], [ -6.550120270247948, 37.532518995736432 ], [ -6.550120270247948, 37.537515855788129 ], [ -6.54938005428044, 37.537515855788129 ], [ -6.54938005428044, 37.538878577693573 ], [ -6.548639838312933, 37.538878577693573 ], [ -6.548639838312933, 37.539332812794434 ], [ -6.547899622345424, 37.539332812794434 ], [ -6.547899622345424, 37.540241274694701 ], [ -6.547159406377915, 37.540241274694701 ], [ -6.547159406377915, 37.540695501494071 ], [ -6.546419190410407, 37.540695501494071 ], [ -6.546419190410407, 37.54342080417883 ], [ -6.545678974442899, 37.54342080417883 ], [ -6.545678974442899, 37.543875011607611 ], [ -6.550120270247948, 37.543875011607611 ], [ -6.550120270247948, 37.544329216269119 ], [ -6.551600702182965, 37.544329216269119 ], [ -6.551600702182965, 37.544783418163334 ], [ -6.552340918150473, 37.544783418163334 ], [ -6.552340918150473, 37.546146007242164 ], [ -6.553081134117982, 37.546146007242164 ], [ -6.553081134117982, 37.547054386124735 ], [ -6.55382135008549, 37.547054386124735 ], [ -6.55382135008549, 37.548416933693403 ], [ -6.554561566052999, 37.548416933693403 ], [ -6.554561566052999, 37.550233625041443 ], [ -6.55382135008549, 37.550233625041443 ], [ -6.55382135008549, 37.551141954110889 ], [ -6.553081134117982, 37.551141954110889 ], [ -6.553081134117982, 37.552504426959068 ], [ -6.552340918150473, 37.552504426959068 ], [ -6.552340918150473, 37.553866874899796 ], [ -6.551600702182965, 37.553866874899796 ], [ -6.551600702182965, 37.557045823230688 ], [ -6.553081134117982, 37.557045823230688 ], [ -6.553081134117982, 37.557499947636188 ], [ -6.555301782020508, 37.557499947636188 ], [ -6.555301782020508, 37.557954069274039 ], [ -6.557522429923032, 37.557954069274039 ], [ -6.557522429923032, 37.55840818814427 ], [ -6.558262645890541, 37.55840818814427 ], [ -6.558262645890541, 37.560678740980471 ], [ -6.559002861858048, 37.560678740980471 ], [ -6.559002861858048, 37.563857398707192 ], [ -6.559743077825557, 37.563857398707192 ] ], [ [ -6.590091932493399, 37.564765561719206 ], [ -6.590091932493399, 37.564311481597102 ], [ -6.58935171652589, 37.564311481597102 ], [ -6.58935171652589, 37.564765561719206 ], [ -6.590091932493399, 37.564765561719206 ] ], [ [ -6.520511631547615, 37.509801776087116 ], [ -6.521251847515123, 37.509801776087116 ], [ -6.521251847515123, 37.508892943438838 ], [ -6.521992063482632, 37.508892943438838 ], [ -6.521992063482632, 37.508438522965122 ], [ -6.522732279450141, 37.508438522965122 ], [ -6.522732279450141, 37.507529673718651 ], [ -6.523472495417648, 37.507529673718651 ], [ -6.523472495417648, 37.507075244945895 ], [ -6.522732279450141, 37.507075244945895 ], [ -6.522732279450141, 37.503894166080194 ], [ -6.521992063482632, 37.503894166080194 ], [ -6.521992063482632, 37.501167419168851 ], [ -6.522732279450141, 37.501167419168851 ], [ -6.522732279450141, 37.499804008369686 ], [ -6.523472495417648, 37.499804008369686 ], [ -6.523472495417648, 37.498895054006219 ], [ -6.524212711385157, 37.498895054006219 ], [ -6.524212711385157, 37.497986088578294 ], [ -6.524952927352666, 37.497986088578294 ], [ -6.524952927352666, 37.497531601715181 ], [ -6.526433359287681, 37.497531601715181 ], [ -6.526433359287681, 37.497077112086004 ], [ -6.52717357525519, 37.497077112086004 ], [ -6.52717357525519, 37.496622619690761 ], [ -6.529394223157715, 37.496622619690761 ], [ -6.529394223157715, 37.497077112086004 ], [ -6.530134439125224, 37.497077112086004 ], [ -6.530134439125224, 37.497531601715181 ], [ -6.53161487106024, 37.497531601715181 ], [ -6.53161487106024, 37.497986088578294 ], [ -6.532355087027749, 37.497986088578294 ], [ -6.532355087027749, 37.498895054006219 ], [ -6.533095302995257, 37.498895054006219 ], [ -6.533095302995257, 37.500258481402234 ], [ -6.533835518962765, 37.500258481402234 ], [ -6.533835518962765, 37.499804008369686 ], [ -6.534575734930274, 37.499804008369686 ], [ -6.534575734930274, 37.499349532571017 ], [ -6.535315950897782, 37.499349532571017 ], [ -6.535315950897782, 37.498895054006219 ], [ -6.53605616686529, 37.498895054006219 ], [ -6.53605616686529, 37.498440572675307 ], [ -6.536796382832798, 37.498440572675307 ], [ -6.536796382832798, 37.497531601715181 ], [ -6.538276814767816, 37.497531601715181 ], [ -6.538276814767816, 37.497077112086004 ], [ -6.539017030735324, 37.497077112086004 ], [ -6.539017030735324, 37.497531601715181 ], [ -6.543458326540374, 37.497531601715181 ], [ -6.543458326540374, 37.497986088578294 ], [ -6.544198542507881, 37.497986088578294 ], [ -6.544198542507881, 37.498895054006219 ], [ -6.54493875847539, 37.498895054006219 ], [ -6.54493875847539, 37.499349532571017 ], [ -6.545678974442899, 37.499349532571017 ], [ -6.545678974442899, 37.497986088578294 ], [ -6.546419190410407, 37.497986088578294 ], [ -6.546419190410407, 37.496168124529454 ], [ -6.547159406377915, 37.496168124529454 ], [ -6.547159406377915, 37.495259125908731 ], [ -6.547899622345424, 37.495259125908731 ], [ -6.547899622345424, 37.494804622449344 ], [ -6.548639838312933, 37.494804622449344 ], [ -6.548639838312933, 37.494350116223934 ], [ -6.550120270247948, 37.494350116223934 ], [ -6.550120270247948, 37.493895607232531 ], [ -6.550860486215457, 37.493895607232531 ], [ -6.550860486215457, 37.493441095475163 ], [ -6.551600702182965, 37.493441095475163 ], [ -6.551600702182965, 37.49207754360723 ], [ -6.552340918150473, 37.49207754360723 ], [ -6.552340918150473, 37.490259435726927 ], [ -6.551600702182965, 37.490259435726927 ], [ -6.551600702182965, 37.489804901842099 ], [ -6.550860486215457, 37.489804901842099 ], [ -6.550860486215457, 37.488895825774819 ], [ -6.550120270247948, 37.488895825774819 ], [ -6.550120270247948, 37.487986738644132 ], [ -6.54938005428044, 37.487986738644132 ], [ -6.54938005428044, 37.487077640450103 ], [ -6.548639838312933, 37.487077640450103 ], [ -6.548639838312933, 37.486623087204379 ], [ -6.547899622345424, 37.486623087204379 ], [ -6.547899622345424, 37.485713972415553 ], [ -6.547159406377915, 37.485713972415553 ], [ -6.547159406377915, 37.484804846563641 ], [ -6.546419190410407, 37.484804846563641 ], [ -6.546419190410407, 37.480713643326844 ], [ -6.545678974442899, 37.480713643326844 ], [ -6.545678974442899, 37.48116823252699 ], [ -6.54493875847539, 37.48116823252699 ], [ -6.54493875847539, 37.481622818961476 ], [ -6.542718110572865, 37.481622818961476 ], [ -6.542718110572865, 37.48116823252699 ], [ -6.54049746267034, 37.48116823252699 ], [ -6.54049746267034, 37.480713643326844 ], [ -6.539757246702831, 37.480713643326844 ], [ -6.539757246702831, 37.48116823252699 ], [ -6.539017030735324, 37.48116823252699 ], [ -6.539017030735324, 37.481622818961476 ], [ -6.538276814767816, 37.481622818961476 ], [ -6.538276814767816, 37.482077402630317 ], [ -6.537536598800307, 37.482077402630317 ], [ -6.537536598800307, 37.48298656167092 ], [ -6.536796382832798, 37.48298656167092 ], [ -6.536796382832798, 37.485259410872473 ], [ -6.53605616686529, 37.485259410872473 ], [ -6.53605616686529, 37.487077640450103 ], [ -6.535315950897782, 37.487077640450103 ], [ -6.535315950897782, 37.487532190930025 ], [ -6.533835518962765, 37.487532190930025 ], [ -6.533835518962765, 37.487986738644132 ], [ -6.533095302995257, 37.487986738644132 ], [ -6.533095302995257, 37.488441283592394 ], [ -6.532355087027749, 37.488441283592394 ], [ -6.532355087027749, 37.488895825774819 ], [ -6.530874655092732, 37.488895825774819 ], [ -6.530874655092732, 37.489350365191392 ], [ -6.530134439125224, 37.489350365191392 ], [ -6.530134439125224, 37.489804901842099 ], [ -6.529394223157715, 37.489804901842099 ], [ -6.529394223157715, 37.490259435726927 ], [ -6.528654007190207, 37.490259435726927 ], [ -6.528654007190207, 37.491168495198906 ], [ -6.527913791222699, 37.491168495198906 ], [ -6.527913791222699, 37.492532063662495 ], [ -6.52717357525519, 37.492532063662495 ], [ -6.52717357525519, 37.493441095475163 ], [ -6.526433359287681, 37.493441095475163 ], [ -6.526433359287681, 37.493895607232531 ], [ -6.523472495417648, 37.493895607232531 ], [ -6.523472495417648, 37.493441095475163 ], [ -6.519031199612598, 37.493441095475163 ], [ -6.519031199612598, 37.492986580951801 ], [ -6.517550767677582, 37.492986580951801 ], [ -6.517550767677582, 37.493441095475163 ], [ -6.516810551710074, 37.493441095475163 ], [ -6.516810551710074, 37.493895607232531 ], [ -6.515330119775057, 37.493895607232531 ], [ -6.515330119775057, 37.494350116223934 ], [ -6.514589903807549, 37.494350116223934 ], [ -6.514589903807549, 37.494804622449344 ], [ -6.51384968784004, 37.494804622449344 ], [ -6.51384968784004, 37.495259125908731 ], [ -6.512369255905024, 37.495259125908731 ], [ -6.512369255905024, 37.495713626602111 ], [ -6.511629039937516, 37.495713626602111 ], [ -6.511629039937516, 37.496168124529454 ], [ -6.510888823970006, 37.496168124529454 ], [ -6.510888823970006, 37.497531601715181 ], [ -6.510148608002498, 37.497531601715181 ], [ -6.510148608002498, 37.498895054006219 ], [ -6.50940839203499, 37.498895054006219 ], [ -6.50940839203499, 37.500258481402234 ], [ -6.511629039937516, 37.500258481402234 ], [ -6.511629039937516, 37.500712951668618 ], [ -6.512369255905024, 37.500712951668618 ], [ -6.512369255905024, 37.501621883902907 ], [ -6.513109471872531, 37.501621883902907 ], [ -6.513109471872531, 37.502076345870776 ], [ -6.51384968784004, 37.502076345870776 ], [ -6.51384968784004, 37.502985261507924 ], [ -6.514589903807549, 37.502985261507924 ], [ -6.514589903807549, 37.503894166080194 ], [ -6.51384968784004, 37.503894166080194 ], [ -6.51384968784004, 37.506620813406819 ], [ -6.513109471872531, 37.506620813406819 ], [ -6.513109471872531, 37.509801776087116 ], [ -6.519031199612598, 37.509801776087116 ], [ -6.519031199612598, 37.510710597669828 ], [ -6.519771415580108, 37.510710597669828 ], [ -6.519771415580108, 37.51161940818686 ], [ -6.520511631547615, 37.51161940818686 ], [ -6.520511631547615, 37.509801776087116 ] ], [ [ -6.504226880262432, 37.502985261507924 ], [ -6.503486664294925, 37.502985261507924 ], [ -6.503486664294925, 37.503439715177187 ], [ -6.504226880262432, 37.503439715177187 ], [ -6.504226880262432, 37.502985261507924 ] ], [ [ -6.440568307056715, 37.509801776087116 ], [ -6.439828091089207, 37.509801776087116 ], [ -6.439828091089207, 37.508438522965122 ], [ -6.439087875121698, 37.508438522965122 ], [ -6.439087875121698, 37.510256188261678 ], [ -6.440568307056715, 37.510256188261678 ], [ -6.440568307056715, 37.509801776087116 ] ], [ [ -6.405778156583824, 37.527976105155993 ], [ -6.405778156583824, 37.527521800879995 ], [ -6.405037940616315, 37.527521800879995 ], [ -6.405037940616315, 37.527976105155993 ], [ -6.405778156583824, 37.527976105155993 ] ], [ [ -6.514589903807549, 37.536607360682268 ], [ -6.514589903807549, 37.536153108978688 ], [ -6.51384968784004, 37.536153108978688 ], [ -6.51384968784004, 37.535698854508055 ], [ -6.513109471872531, 37.535698854508055 ], [ -6.513109471872531, 37.536607360682268 ], [ -6.514589903807549, 37.536607360682268 ] ], [ [ -6.476838889464624, 37.541603946791213 ], [ -6.476098673497115, 37.541603946791213 ], [ -6.476098673497115, 37.540695501494071 ], [ -6.475358457529607, 37.540695501494071 ], [ -6.475358457529607, 37.539787045128158 ], [ -6.474618241562099, 37.539787045128158 ], [ -6.474618241562099, 37.541149725526246 ], [ -6.47387802559459, 37.541149725526246 ], [ -6.47387802559459, 37.542512381019499 ], [ -6.476838889464624, 37.542512381019499 ], [ -6.476838889464624, 37.541603946791213 ] ], [ [ -6.445009602861765, 37.552050272110492 ], [ -6.444269386894257, 37.552050272110492 ], [ -6.444269386894257, 37.547962753937895 ], [ -6.44278895495924, 37.547962753937895 ], [ -6.44278895495924, 37.548416933693403 ], [ -6.442048738991732, 37.548416933693403 ], [ -6.442048738991732, 37.549325284902253 ], [ -6.44278895495924, 37.549325284902253 ], [ -6.44278895495924, 37.551141954110889 ], [ -6.443529170926749, 37.551141954110889 ], [ -6.443529170926749, 37.552504426959068 ], [ -6.444269386894257, 37.552504426959068 ], [ -6.444269386894257, 37.553412728353734 ], [ -6.445009602861765, 37.553412728353734 ], [ -6.445009602861765, 37.552050272110492 ] ], [ [ -6.54049746267034, 37.568852158265301 ], [ -6.541237678637849, 37.568852158265301 ], [ -6.541237678637849, 37.568398103053909 ], [ -6.541977894605356, 37.568398103053909 ], [ -6.541977894605356, 37.567944045074604 ], [ -6.542718110572865, 37.567944045074604 ], [ -6.542718110572865, 37.567489984327416 ], [ -6.543458326540374, 37.567489984327416 ], [ -6.543458326540374, 37.567035920812344 ], [ -6.544198542507881, 37.567035920812344 ], [ -6.544198542507881, 37.56658185452941 ], [ -6.548639838312933, 37.56658185452941 ], [ -6.548639838312933, 37.567035920812344 ], [ -6.54938005428044, 37.567035920812344 ], [ -6.54938005428044, 37.567489984327416 ], [ -6.550120270247948, 37.567489984327416 ], [ -6.550120270247948, 37.568398103053909 ], [ -6.550860486215457, 37.568398103053909 ], [ -6.550860486215457, 37.567944045074604 ], [ -6.552340918150473, 37.567944045074604 ], [ -6.552340918150473, 37.567489984327416 ], [ -6.553081134117982, 37.567489984327416 ], [ -6.553081134117982, 37.567035920812344 ], [ -6.552340918150473, 37.567035920812344 ], [ -6.552340918150473, 37.56658185452941 ], [ -6.551600702182965, 37.56658185452941 ], [ -6.551600702182965, 37.566127785478614 ], [ -6.550860486215457, 37.566127785478614 ], [ -6.550860486215457, 37.565673713659976 ], [ -6.550120270247948, 37.565673713659976 ], [ -6.550120270247948, 37.565219639073504 ], [ -6.54938005428044, 37.565219639073504 ], [ -6.54938005428044, 37.564311481597102 ], [ -6.548639838312933, 37.564311481597102 ], [ -6.548639838312933, 37.561586942741094 ], [ -6.543458326540374, 37.561586942741094 ], [ -6.543458326540374, 37.561132843244636 ], [ -6.542718110572865, 37.561132843244636 ], [ -6.542718110572865, 37.560678740980471 ], [ -6.541977894605356, 37.560678740980471 ], [ -6.541977894605356, 37.560224635948593 ], [ -6.541237678637849, 37.560224635948593 ], [ -6.541237678637849, 37.559770528149024 ], [ -6.54049746267034, 37.559770528149024 ], [ -6.54049746267034, 37.559316417581776 ], [ -6.539757246702831, 37.559316417581776 ], [ -6.539757246702831, 37.558862304246858 ], [ -6.539017030735324, 37.558862304246858 ], [ -6.539017030735324, 37.55840818814427 ], [ -6.538276814767816, 37.55840818814427 ], [ -6.538276814767816, 37.557499947636188 ], [ -6.537536598800307, 37.557499947636188 ], [ -6.537536598800307, 37.556591696057595 ], [ -6.536796382832798, 37.556591696057595 ], [ -6.536796382832798, 37.55522929793274 ], [ -6.53605616686529, 37.55522929793274 ], [ -6.53605616686529, 37.553866874899796 ], [ -6.535315950897782, 37.553866874899796 ], [ -6.535315950897782, 37.552504426959068 ], [ -6.534575734930274, 37.552504426959068 ], [ -6.534575734930274, 37.550233625041443 ], [ -6.535315950897782, 37.550233625041443 ], [ -6.535315950897782, 37.548871110681532 ], [ -6.53605616686529, 37.548871110681532 ], [ -6.53605616686529, 37.547962753937895 ], [ -6.536796382832798, 37.547962753937895 ], [ -6.536796382832798, 37.547508571415001 ], [ -6.53605616686529, 37.547508571415001 ], [ -6.53605616686529, 37.547054386124735 ], [ -6.53161487106024, 37.547054386124735 ], [ -6.53161487106024, 37.546600198067125 ], [ -6.52717357525519, 37.546600198067125 ], [ -6.52717357525519, 37.547962753937895 ], [ -6.527913791222699, 37.547962753937895 ], [ -6.527913791222699, 37.550233625041443 ], [ -6.528654007190207, 37.550233625041443 ], [ -6.528654007190207, 37.55159611449443 ], [ -6.527913791222699, 37.55159611449443 ], [ -6.527913791222699, 37.554775159689306 ], [ -6.528654007190207, 37.554775159689306 ], [ -6.528654007190207, 37.55568343340861 ], [ -6.529394223157715, 37.55568343340861 ], [ -6.529394223157715, 37.557045823230688 ], [ -6.530134439125224, 37.557045823230688 ], [ -6.530134439125224, 37.559316417581776 ], [ -6.529394223157715, 37.559316417581776 ], [ -6.529394223157715, 37.561132843244636 ], [ -6.530134439125224, 37.561132843244636 ], [ -6.530134439125224, 37.561586942741094 ], [ -6.532355087027749, 37.561586942741094 ], [ -6.532355087027749, 37.562041039469818 ], [ -6.533835518962765, 37.562041039469818 ], [ -6.533835518962765, 37.562495133430801 ], [ -6.535315950897782, 37.562495133430801 ], [ -6.535315950897782, 37.563403313049498 ], [ -6.53605616686529, 37.563403313049498 ], [ -6.53605616686529, 37.564311481597102 ], [ -6.536796382832798, 37.564311481597102 ], [ -6.536796382832798, 37.565219639073504 ], [ -6.537536598800307, 37.565219639073504 ], [ -6.537536598800307, 37.56658185452941 ], [ -6.538276814767816, 37.56658185452941 ], [ -6.538276814767816, 37.567489984327416 ], [ -6.539017030735324, 37.567489984327416 ], [ -6.539017030735324, 37.568398103053909 ], [ -6.539757246702831, 37.568398103053909 ], [ -6.539757246702831, 37.569306210708774 ], [ -6.54049746267034, 37.569306210708774 ], [ -6.54049746267034, 37.568852158265301 ] ], [ [ -6.510148608002498, 37.568852158265301 ], [ -6.510888823970006, 37.568852158265301 ], [ -6.510888823970006, 37.567489984327416 ], [ -6.511629039937516, 37.567489984327416 ], [ -6.511629039937516, 37.565673713659976 ], [ -6.510888823970006, 37.565673713659976 ], [ -6.510888823970006, 37.565219639073504 ], [ -6.510148608002498, 37.565219639073504 ], [ -6.510148608002498, 37.564765561719206 ], [ -6.50940839203499, 37.564765561719206 ], [ -6.50940839203499, 37.565219639073504 ], [ -6.508668176067482, 37.565219639073504 ], [ -6.508668176067482, 37.567489984327416 ], [ -6.50940839203499, 37.567489984327416 ], [ -6.50940839203499, 37.569306210708774 ], [ -6.510148608002498, 37.569306210708774 ], [ -6.510148608002498, 37.568852158265301 ] ], [ [ -6.403557508681298, 37.56658185452941 ], [ -6.40281729271379, 37.56658185452941 ], [ -6.40281729271379, 37.567489984327416 ], [ -6.403557508681298, 37.567489984327416 ], [ -6.403557508681298, 37.56658185452941 ] ], [ [ -6.407998804486349, 37.601083002789544 ], [ -6.407998804486349, 37.600629144129016 ], [ -6.40725858851884, 37.600629144129016 ], [ -6.40725858851884, 37.600175282699752 ], [ -6.406518372551331, 37.600175282699752 ], [ -6.406518372551331, 37.600629144129016 ], [ -6.405778156583824, 37.600629144129016 ], [ -6.405778156583824, 37.601083002789544 ], [ -6.407998804486349, 37.601083002789544 ] ] ], [ [ [ -5.888367195295498, 38.865003913747792 ], [ -5.887626979327989, 38.865003913747792 ], [ -5.887626979327989, 38.864557875375446 ], [ -5.88688676336048, 38.864557875375446 ], [ -5.88688676336048, 38.863219743468683 ], [ -5.886146547392973, 38.863219743468683 ], [ -5.886146547392973, 38.853406006645535 ], [ -5.88688676336048, 38.853406006645535 ], [ -5.88688676336048, 38.852959895520605 ], [ -5.887626979327989, 38.852959895520605 ], [ -5.887626979327989, 38.852067664876586 ], [ -5.888367195295498, 38.852067664876586 ], [ -5.888367195295498, 38.851175423040452 ], [ -5.889107411263006, 38.851175423040452 ], [ -5.889107411263006, 38.850729297925362 ], [ -5.889847627230514, 38.850729297925362 ], [ -5.889847627230514, 38.850283170012268 ], [ -5.891328059165532, 38.850283170012268 ], [ -5.891328059165532, 38.8498370393012 ], [ -5.893548707068057, 38.8498370393012 ], [ -5.893548707068057, 38.849390905792134 ], [ -5.89650957093809, 38.849390905792134 ], [ -5.89650957093809, 38.8498370393012 ], [ -5.897249786905597, 38.8498370393012 ], [ -5.897249786905597, 38.850729297925362 ], [ -5.897990002873105, 38.850729297925362 ], [ -5.897990002873105, 38.851621545357531 ], [ -5.898730218840615, 38.851621545357531 ], [ -5.898730218840615, 38.852513781597615 ], [ -5.899470434808123, 38.852513781597615 ], [ -5.899470434808123, 38.852959895520605 ], [ -5.900210650775631, 38.852959895520605 ], [ -5.900210650775631, 38.853852114972426 ], [ -5.900950866743139, 38.853852114972426 ], [ -5.900950866743139, 38.859651268594263 ], [ -5.901691082710648, 38.859651268594263 ], [ -5.901691082710648, 38.861881586377514 ], [ -5.900950866743139, 38.861881586377514 ], [ -5.900950866743139, 38.862773693903215 ], [ -5.900210650775631, 38.862773693903215 ], [ -5.900210650775631, 38.864111834204806 ], [ -5.899470434808123, 38.864111834204806 ], [ -5.899470434808123, 38.865003913747792 ], [ -5.898730218840615, 38.865003913747792 ], [ -5.898730218840615, 38.866342012074945 ], [ -5.893548707068057, 38.866342012074945 ], [ -5.893548707068057, 38.866788039254011 ], [ -5.889847627230514, 38.866788039254011 ], [ -5.889847627230514, 38.866342012074945 ], [ -5.889107411263006, 38.866342012074945 ], [ -5.889107411263006, 38.865895982097548 ], [ -5.888367195295498, 38.865895982097548 ], [ -5.888367195295498, 38.865003913747792 ] ] ], [ [ [ -9.009117714310635, 38.930095482600521 ], [ -9.009117714310635, 38.929649852880601 ], [ -9.008377498343128, 38.929649852880601 ], [ -9.008377498343128, 38.929204220361015 ], [ -9.007637282375619, 38.929204220361015 ], [ -9.007637282375619, 38.928758585041741 ], [ -9.006897066408111, 38.928758585041741 ], [ -9.006897066408111, 38.928312946922837 ], [ -9.005416634473093, 38.928312946922837 ], [ -9.005416634473093, 38.927867306004288 ], [ -9.004676418505586, 38.927867306004288 ], [ -9.004676418505586, 38.926530366450876 ], [ -9.003936202538076, 38.926530366450876 ], [ -9.003936202538076, 38.92385641175494 ], [ -9.003195986570567, 38.92385641175494 ], [ -9.003195986570567, 38.921182356275246 ], [ -9.00245577060306, 38.921182356275246 ], [ -9.00245577060306, 38.918953899722688 ], [ -9.003195986570567, 38.918953899722688 ], [ -9.003195986570567, 38.917171084090562 ], [ -9.003936202538076, 38.917171084090562 ], [ -9.003936202538076, 38.916279659478015 ], [ -9.004676418505586, 38.916279659478015 ], [ -9.004676418505586, 38.915833942972647 ], [ -9.007637282375619, 38.915833942972647 ], [ -9.007637282375619, 38.915388223667904 ], [ -9.010598146245652, 38.915388223667904 ], [ -9.010598146245652, 38.914942501563786 ], [ -9.013559010115685, 38.914942501563786 ], [ -9.013559010115685, 38.914496776660307 ], [ -9.017260089953226, 38.914496776660307 ], [ -9.017260089953226, 38.915388223667904 ], [ -9.018000305920735, 38.915388223667904 ], [ -9.018000305920735, 38.916725373183986 ], [ -9.018740521888244, 38.916725373183986 ], [ -9.018740521888244, 38.917616792197727 ], [ -9.019480737855751, 38.917616792197727 ], [ -9.019480737855751, 38.918953899722688 ], [ -9.020220953823259, 38.918953899722688 ], [ -9.020220953823259, 38.91984529074211 ], [ -9.020961169790768, 38.91984529074211 ], [ -9.020961169790768, 38.921182356275246 ], [ -9.020220953823259, 38.921182356275246 ], [ -9.020220953823259, 38.922519396612934 ], [ -9.019480737855751, 38.922519396612934 ], [ -9.019480737855751, 38.92385641175494 ], [ -9.018740521888244, 38.92385641175494 ], [ -9.018740521888244, 38.925639059417215 ], [ -9.018000305920735, 38.925639059417215 ], [ -9.018000305920735, 38.926976015768297 ], [ -9.017260089953226, 38.926976015768297 ], [ -9.017260089953226, 38.928312946922837 ], [ -9.016519873985718, 38.928312946922837 ], [ -9.016519873985718, 38.929649852880601 ], [ -9.015039442050702, 38.929649852880601 ], [ -9.015039442050702, 38.930095482600521 ], [ -9.014299226083194, 38.930095482600521 ], [ -9.014299226083194, 38.93054110952076 ], [ -9.012818794148178, 38.93054110952076 ], [ -9.012818794148178, 38.930986733641319 ], [ -9.011338362213161, 38.930986733641319 ], [ -9.011338362213161, 38.93054110952076 ], [ -9.010598146245652, 38.93054110952076 ], [ -9.010598146245652, 38.930095482600521 ], [ -9.009117714310635, 38.930095482600521 ] ] ], [ [ [ -5.928338857540948, 39.518091874531549 ], [ -5.927598641573439, 39.518091874531549 ], [ -5.927598641573439, 39.517649962321421 ], [ -5.926858425605932, 39.517649962321421 ], [ -5.926858425605932, 39.507043225864948 ], [ -5.927598641573439, 39.507043225864948 ], [ -5.927598641573439, 39.506159258066383 ], [ -5.928338857540948, 39.506159258066383 ], [ -5.928338857540948, 39.505717269950267 ], [ -5.929079073508456, 39.505717269950267 ], [ -5.929079073508456, 39.504833285284391 ], [ -5.931299721410981, 39.504833285284391 ], [ -5.931299721410981, 39.504391288734645 ], [ -5.937221449151048, 39.504391288734645 ], [ -5.937221449151048, 39.504833285284391 ], [ -5.937961665118556, 39.504833285284391 ], [ -5.937961665118556, 39.505275279022932 ], [ -5.938701881086065, 39.505275279022932 ], [ -5.938701881086065, 39.505717269950267 ], [ -5.939442097053572, 39.505717269950267 ], [ -5.939442097053572, 39.506159258066383 ], [ -5.94018231302108, 39.506159258066383 ], [ -5.94018231302108, 39.506601243371279 ], [ -5.940922528988589, 39.506601243371279 ], [ -5.940922528988589, 39.507485205547368 ], [ -5.941662744956098, 39.507485205547368 ], [ -5.941662744956098, 39.517649962321421 ], [ -5.940922528988589, 39.517649962321421 ], [ -5.940922528988589, 39.518533783930238 ], [ -5.94018231302108, 39.518533783930238 ], [ -5.94018231302108, 39.519417594293209 ], [ -5.939442097053572, 39.519417594293209 ], [ -5.939442097053572, 39.519859495257485 ], [ -5.938701881086065, 39.519859495257485 ], [ -5.938701881086065, 39.520301393410271 ], [ -5.929819289475963, 39.520301393410271 ], [ -5.929819289475963, 39.519859495257485 ], [ -5.929079073508456, 39.519859495257485 ], [ -5.929079073508456, 39.518975690517451 ], [ -5.928338857540948, 39.518975690517451 ], [ -5.928338857540948, 39.518091874531549 ] ] ], [ [ [ -3.743221321456344, 39.944103904206173 ], [ -3.741740889521328, 39.944103904206173 ], [ -3.741740889521328, 39.943664714484513 ], [ -3.741000673553819, 39.943664714484513 ], [ -3.741000673553819, 39.943225521943617 ], [ -3.739520241618802, 39.943225521943617 ], [ -3.739520241618802, 39.942786326583487 ], [ -3.738780025651294, 39.942786326583487 ], [ -3.738780025651294, 39.942347128404151 ], [ -3.738039809683786, 39.942347128404151 ], [ -3.738039809683786, 39.940590307494809 ], [ -3.737299593716278, 39.940590307494809 ], [ -3.737299593716278, 39.938394217926707 ], [ -3.736559377748769, 39.938394217926707 ], [ -3.736559377748769, 39.93531957412776 ], [ -3.737299593716278, 39.93531957412776 ], [ -3.737299593716278, 39.933123315412963 ], [ -3.738039809683786, 39.933123315412963 ], [ -3.738039809683786, 39.931366257698258 ], [ -3.738780025651294, 39.931366257698258 ], [ -3.738780025651294, 39.93048771192678 ], [ -3.739520241618802, 39.93048771192678 ], [ -3.739520241618802, 39.930048434812555 ], [ -3.740260457586311, 39.930048434812555 ], [ -3.740260457586311, 39.929609154879309 ], [ -3.741000673553819, 39.929609154879309 ], [ -3.741000673553819, 39.929169872127098 ], [ -3.742481105488836, 39.929169872127098 ], [ -3.742481105488836, 39.928730586555908 ], [ -3.743221321456344, 39.928730586555908 ], [ -3.743221321456344, 39.928291298165753 ], [ -3.743961537423853, 39.928291298165753 ], [ -3.743961537423853, 39.928730586555908 ], [ -3.746182185326378, 39.928730586555908 ], [ -3.746182185326378, 39.929169872127098 ], [ -3.747662617261394, 39.929169872127098 ], [ -3.747662617261394, 39.929609154879309 ], [ -3.749143049196411, 39.929609154879309 ], [ -3.749143049196411, 39.930048434812555 ], [ -3.750623481131427, 39.930048434812555 ], [ -3.750623481131427, 39.93048771192678 ], [ -3.751363697098936, 39.93048771192678 ], [ -3.751363697098936, 39.931366257698258 ], [ -3.752103913066444, 39.931366257698258 ], [ -3.752103913066444, 39.934441079099038 ], [ -3.752844129033953, 39.934441079099038 ], [ -3.752844129033953, 39.936637295527682 ], [ -3.752103913066444, 39.936637295527682 ], [ -3.752103913066444, 39.939272662211422 ], [ -3.751363697098936, 39.939272662211422 ], [ -3.751363697098936, 39.941907927405616 ], [ -3.750623481131427, 39.941907927405616 ], [ -3.750623481131427, 39.943664714484513 ], [ -3.749883265163919, 39.943664714484513 ], [ -3.749883265163919, 39.944103904206173 ], [ -3.748402833228903, 39.944103904206173 ], [ -3.748402833228903, 39.944543091108599 ], [ -3.746922401293885, 39.944543091108599 ], [ -3.746922401293885, 39.944982275191784 ], [ -3.746182185326378, 39.944982275191784 ], [ -3.746182185326378, 39.945421456455712 ], [ -3.745441969358869, 39.945421456455712 ], [ -3.745441969358869, 39.944982275191784 ], [ -3.743961537423853, 39.944982275191784 ], [ -3.743961537423853, 39.944543091108599 ], [ -3.743221321456344, 39.944543091108599 ], [ -3.743221321456344, 39.944103904206173 ] ] ], [ [ [ -3.469341413478261, 40.252593405012497 ], [ -3.467860981543244, 40.252593405012497 ], [ -3.467860981543244, 40.251718995965156 ], [ -3.467120765575736, 40.251718995965156 ], [ -3.467120765575736, 40.249532923918622 ], [ -3.466380549608227, 40.249532923918622 ], [ -3.466380549608227, 40.247784015441454 ], [ -3.465640333640719, 40.247784015441454 ], [ -3.465640333640719, 40.246909544256376 ], [ -3.46490011767321, 40.246909544256376 ], [ -3.46490011767321, 40.247784015441454 ], [ -3.464159901705703, 40.247784015441454 ], [ -3.464159901705703, 40.248658475328888 ], [ -3.458978389933144, 40.248658475328888 ], [ -3.458978389933144, 40.248221246797378 ], [ -3.458238173965635, 40.248221246797378 ], [ -3.458238173965635, 40.246909544256376 ], [ -3.457497957998127, 40.246909544256376 ], [ -3.457497957998127, 40.246035061773718 ], [ -3.456757742030619, 40.246035061773718 ], [ -3.456757742030619, 40.244723316866896 ], [ -3.45601752606311, 40.244723316866896 ], [ -3.45601752606311, 40.242099750795745 ], [ -3.456757742030619, 40.242099750795745 ], [ -3.456757742030619, 40.241225206177418 ], [ -3.457497957998127, 40.241225206177418 ], [ -3.457497957998127, 40.23991336806769 ], [ -3.458238173965635, 40.23991336806769 ], [ -3.458238173965635, 40.239038795206454 ], [ -3.458978389933144, 40.239038795206454 ], [ -3.458978389933144, 40.238601504539439 ], [ -3.464159901705703, 40.238601504539439 ], [ -3.464159901705703, 40.239476083049205 ], [ -3.46490011767321, 40.239476083049205 ], [ -3.46490011767321, 40.23991336806769 ], [ -3.465640333640719, 40.23991336806769 ], [ -3.465640333640719, 40.240350650261888 ], [ -3.466380549608227, 40.240350650261888 ], [ -3.466380549608227, 40.239476083049205 ], [ -3.467120765575736, 40.239476083049205 ], [ -3.467120765575736, 40.238164211048165 ], [ -3.467860981543244, 40.238164211048165 ], [ -3.467860981543244, 40.237289615592864 ], [ -3.469341413478261, 40.237289615592864 ], [ -3.469341413478261, 40.236852313628852 ], [ -3.470081629445768, 40.236852313628852 ], [ -3.470081629445768, 40.236415008840616 ], [ -3.471562061380785, 40.236415008840616 ], [ -3.471562061380785, 40.235977701228158 ], [ -3.474522925250819, 40.235977701228158 ], [ -3.474522925250819, 40.236415008840616 ], [ -3.47822400508836, 40.236415008840616 ], [ -3.47822400508836, 40.236852313628852 ], [ -3.481184868958394, 40.236852313628852 ], [ -3.481184868958394, 40.237289615592864 ], [ -3.481925084925902, 40.237289615592864 ], [ -3.481925084925902, 40.237726914732633 ], [ -3.482665300893411, 40.237726914732633 ], [ -3.482665300893411, 40.238601504539439 ], [ -3.483405516860918, 40.238601504539439 ], [ -3.483405516860918, 40.239476083049205 ], [ -3.484145732828428, 40.239476083049205 ], [ -3.484145732828428, 40.2407879296318 ], [ -3.484885948795936, 40.2407879296318 ], [ -3.484885948795936, 40.243411546540848 ], [ -3.485626164763444, 40.243411546540848 ], [ -3.485626164763444, 40.248221246797378 ], [ -3.484885948795936, 40.248221246797378 ], [ -3.484885948795936, 40.249970143976832 ], [ -3.484145732828428, 40.249970143976832 ], [ -3.484145732828428, 40.251281787204768 ], [ -3.483405516860918, 40.251281787204768 ], [ -3.483405516860918, 40.251718995965156 ], [ -3.482665300893411, 40.251718995965156 ], [ -3.482665300893411, 40.252156201901066 ], [ -3.481184868958394, 40.252156201901066 ], [ -3.481184868958394, 40.252593405012497 ], [ -3.479704437023377, 40.252593405012497 ], [ -3.479704437023377, 40.253030605299436 ], [ -3.478964221055869, 40.253030605299436 ], [ -3.478964221055869, 40.253467802761868 ], [ -3.477483789120852, 40.253467802761868 ], [ -3.477483789120852, 40.253904997399822 ], [ -3.47378270928331, 40.253904997399822 ], [ -3.47378270928331, 40.253467802761868 ], [ -3.471562061380785, 40.253467802761868 ], [ -3.471562061380785, 40.253030605299436 ], [ -3.469341413478261, 40.253030605299436 ], [ -3.469341413478261, 40.252593405012497 ] ] ], [ [ [ -4.741772661625087, 42.068526487292431 ], [ -4.741032445657578, 42.068526487292431 ], [ -4.741032445657578, 42.068101233391836 ], [ -4.740292229690072, 42.068101233391836 ], [ -4.740292229690072, 42.067675976642512 ], [ -4.739552013722562, 42.067675976642512 ], [ -4.739552013722562, 42.065549650164968 ], [ -4.738811797755053, 42.065549650164968 ], [ -4.738811797755053, 42.063423252469661 ], [ -4.738071581787547, 42.063423252469661 ], [ -4.738071581787547, 42.06129678355714 ], [ -4.737331365820038, 42.06129678355714 ], [ -4.737331365820038, 42.060446176051435 ], [ -4.738071581787547, 42.060446176051435 ], [ -4.738071581787547, 42.05831960743572 ], [ -4.738811797755053, 42.05831960743572 ], [ -4.738811797755053, 42.055767631091911 ], [ -4.739552013722562, 42.055767631091911 ], [ -4.739552013722562, 42.054066256557107 ], [ -4.741032445657578, 42.054066256557107 ], [ -4.741032445657578, 42.053640905801913 ], [ -4.741772661625087, 42.053640905801913 ], [ -4.741772661625087, 42.053215552198132 ], [ -4.743253093560103, 42.053215552198132 ], [ -4.743253093560103, 42.052790195745771 ], [ -4.751395469202695, 42.052790195745771 ], [ -4.751395469202695, 42.053215552198132 ], [ -4.752135685170204, 42.053215552198132 ], [ -4.752135685170204, 42.053640905801913 ], [ -4.752875901137712, 42.053640905801913 ], [ -4.752875901137712, 42.054491604463713 ], [ -4.753616117105221, 42.054491604463713 ], [ -4.753616117105221, 42.054916949521719 ], [ -4.75435633307273, 42.054916949521719 ], [ -4.75435633307273, 42.055342291731122 ], [ -4.755836765007746, 42.055342291731122 ], [ -4.755836765007746, 42.055767631091911 ], [ -4.757317196942763, 42.055767631091911 ], [ -4.757317196942763, 42.056192967604098 ], [ -4.759537844845286, 42.056192967604098 ], [ -4.759537844845286, 42.057468960048951 ], [ -4.760278060812795, 42.057468960048951 ], [ -4.760278060812795, 42.059595557151098 ], [ -4.761018276780304, 42.059595557151098 ], [ -4.761018276780304, 42.06087148122861 ], [ -4.760278060812795, 42.06087148122861 ], [ -4.760278060812795, 42.062997964384515 ], [ -4.759537844845286, 42.062997964384515 ], [ -4.759537844845286, 42.064273820093881 ], [ -4.75879762887778, 42.064273820093881 ], [ -4.75879762887778, 42.064699099632946 ], [ -4.75805741291027, 42.064699099632946 ], [ -4.75805741291027, 42.065124376323304 ], [ -4.757317196942763, 42.065124376323304 ], [ -4.757317196942763, 42.06597492115791 ], [ -4.756576980975255, 42.06597492115791 ], [ -4.756576980975255, 42.066400189302144 ], [ -4.755836765007746, 42.066400189302144 ], [ -4.755836765007746, 42.066825454597662 ], [ -4.755096549040238, 42.066825454597662 ], [ -4.755096549040238, 42.067250717044445 ], [ -4.75435633307273, 42.067250717044445 ], [ -4.75435633307273, 42.068101233391836 ], [ -4.753616117105221, 42.068101233391836 ], [ -4.753616117105221, 42.068526487292431 ], [ -4.752875901137712, 42.068526487292431 ], [ -4.752875901137712, 42.068951738344282 ], [ -4.748434605332664, 42.068951738344282 ], [ -4.748434605332664, 42.069376986547397 ], [ -4.743253093560103, 42.069376986547397 ], [ -4.743253093560103, 42.068951738344282 ], [ -4.741772661625087, 42.068951738344282 ], [ -4.741772661625087, 42.068526487292431 ] ] ], [ [ [ -0.764592268202806, 42.511781355337597 ], [ -0.764592268202806, 42.510936808746735 ], [ -0.763852052235298, 42.510936808746735 ], [ -0.763852052235298, 42.507980805811975 ], [ -0.764592268202806, 42.507980805811975 ], [ -0.764592268202806, 42.506713904617897 ], [ -0.765332484170315, 42.506713904617897 ], [ -0.765332484170315, 42.505869289557431 ], [ -0.766072700137823, 42.505869289557431 ], [ -0.766072700137823, 42.505024663085472 ], [ -0.765332484170315, 42.505024663085472 ], [ -0.765332484170315, 42.504602345570191 ], [ -0.764592268202806, 42.504602345570191 ], [ -0.764592268202806, 42.504180025202039 ], [ -0.76311183626779, 42.504180025202039 ], [ -0.76311183626779, 42.502913046980453 ], [ -0.762371620300281, 42.502913046980453 ], [ -0.762371620300281, 42.501646043083234 ], [ -0.761631404332773, 42.501646043083234 ], [ -0.761631404332773, 42.500801359554217 ], [ -0.760891188365265, 42.500801359554217 ], [ -0.760891188365265, 42.499534312864483 ], [ -0.760150972397756, 42.499534312864483 ], [ -0.760150972397756, 42.498267240499374 ], [ -0.759410756430248, 42.498267240499374 ], [ -0.759410756430248, 42.49700014245898 ], [ -0.75867054046274, 42.49700014245898 ], [ -0.75867054046274, 42.496155396168071 ], [ -0.757930324495231, 42.496155396168071 ], [ -0.757930324495231, 42.495733018743422 ], [ -0.756449892560215, 42.495733018743422 ], [ -0.756449892560215, 42.496155396168071 ], [ -0.755709676592706, 42.496155396168071 ], [ -0.755709676592706, 42.49700014245898 ], [ -0.756449892560215, 42.49700014245898 ], [ -0.756449892560215, 42.497422511325247 ], [ -0.757190108527723, 42.497422511325247 ], [ -0.757190108527723, 42.498267240499374 ], [ -0.757930324495231, 42.498267240499374 ], [ -0.757930324495231, 42.498689600807225 ], [ -0.75867054046274, 42.498689600807225 ], [ -0.75867054046274, 42.499111958262255 ], [ -0.759410756430248, 42.499111958262255 ], [ -0.759410756430248, 42.502490715200892 ], [ -0.75867054046274, 42.502490715200892 ], [ -0.75867054046274, 42.505446977747887 ], [ -0.757190108527723, 42.505446977747887 ], [ -0.757190108527723, 42.505869289557431 ], [ -0.754969460625198, 42.505869289557431 ], [ -0.754969460625198, 42.50629159851411 ], [ -0.752748812722673, 42.50629159851411 ], [ -0.752748812722673, 42.506713904617897 ], [ -0.752008596755165, 42.506713904617897 ], [ -0.752008596755165, 42.50629159851411 ], [ -0.751268380787656, 42.50629159851411 ], [ -0.751268380787656, 42.505446977747887 ], [ -0.750528164820148, 42.505446977747887 ], [ -0.750528164820148, 42.504180025202039 ], [ -0.74978794885264, 42.504180025202039 ], [ -0.74978794885264, 42.502913046980453 ], [ -0.749047732885131, 42.502913046980453 ], [ -0.749047732885131, 42.502068380568481 ], [ -0.748307516917623, 42.502068380568481 ], [ -0.748307516917623, 42.501223702745136 ], [ -0.749047732885131, 42.501223702745136 ], [ -0.749047732885131, 42.499956664613883 ], [ -0.74978794885264, 42.499956664613883 ], [ -0.74978794885264, 42.498689600807225 ], [ -0.750528164820148, 42.498689600807225 ], [ -0.750528164820148, 42.49700014245898 ], [ -0.74978794885264, 42.49700014245898 ], [ -0.74978794885264, 42.496577770739925 ], [ -0.748307516917623, 42.496577770739925 ], [ -0.748307516917623, 42.496155396168071 ], [ -0.747567300950115, 42.496155396168071 ], [ -0.747567300950115, 42.494888255335773 ], [ -0.746827084982606, 42.494888255335773 ], [ -0.746827084982606, 42.493621088828476 ], [ -0.746086869015098, 42.493621088828476 ], [ -0.746086869015098, 42.492776296893105 ], [ -0.74534665304759, 42.492776296893105 ], [ -0.74534665304759, 42.491509087594352 ], [ -0.744606437080081, 42.491509087594352 ], [ -0.744606437080081, 42.491931493546694 ], [ -0.743866221112573, 42.491931493546694 ], [ -0.743866221112573, 42.492353896646286 ], [ -0.743126005145065, 42.492353896646286 ], [ -0.743126005145065, 42.492776296893105 ], [ -0.742385789177556, 42.492776296893105 ], [ -0.742385789177556, 42.49319869428718 ], [ -0.741645573210048, 42.49319869428718 ], [ -0.741645573210048, 42.493621088828476 ], [ -0.740165141275031, 42.493621088828476 ], [ -0.740165141275031, 42.49319869428718 ], [ -0.739424925307523, 42.49319869428718 ], [ -0.739424925307523, 42.492776296893105 ], [ -0.738684709340015, 42.492776296893105 ], [ -0.738684709340015, 42.492353896646286 ], [ -0.737944493372506, 42.492353896646286 ], [ -0.737944493372506, 42.491931493546694 ], [ -0.737204277404998, 42.491931493546694 ], [ -0.737204277404998, 42.491509087594352 ], [ -0.73646406143749, 42.491509087594352 ], [ -0.73646406143749, 42.491086678789266 ], [ -0.735723845469981, 42.491086678789266 ], [ -0.735723845469981, 42.492353896646286 ], [ -0.734983629502473, 42.492353896646286 ], [ -0.734983629502473, 42.494043480517021 ], [ -0.734243413534964, 42.494043480517021 ], [ -0.734243413534964, 42.495310638465995 ], [ -0.733503197567456, 42.495310638465995 ], [ -0.733503197567456, 42.496577770739925 ], [ -0.732762981599948, 42.496577770739925 ], [ -0.732762981599948, 42.49700014245898 ], [ -0.73202276563244, 42.49700014245898 ], [ -0.73202276563244, 42.497422511325247 ], [ -0.730542333697423, 42.497422511325247 ], [ -0.730542333697423, 42.497844877338707 ], [ -0.729802117729914, 42.497844877338707 ], [ -0.729802117729914, 42.498267240499374 ], [ -0.728321685794898, 42.498267240499374 ], [ -0.728321685794898, 42.497844877338707 ], [ -0.726841253859881, 42.497844877338707 ], [ -0.726841253859881, 42.497422511325247 ], [ -0.726101037892373, 42.497422511325247 ], [ -0.726101037892373, 42.49700014245898 ], [ -0.725360821924865, 42.49700014245898 ], [ -0.725360821924865, 42.496577770739925 ], [ -0.724620605957356, 42.496577770739925 ], [ -0.724620605957356, 42.494888255335773 ], [ -0.723880389989848, 42.494888255335773 ], [ -0.723880389989848, 42.492776296893105 ], [ -0.719439094184798, 42.492776296893105 ], [ -0.719439094184798, 42.49319869428718 ], [ -0.716478230314765, 42.49319869428718 ], [ -0.716478230314765, 42.494043480517021 ], [ -0.717218446282273, 42.494043480517021 ], [ -0.717218446282273, 42.498267240499374 ], [ -0.716478230314765, 42.498267240499374 ], [ -0.716478230314765, 42.499956664613883 ], [ -0.715738014347256, 42.499956664613883 ], [ -0.715738014347256, 42.500801359554217 ], [ -0.71425758241224, 42.500801359554217 ], [ -0.71425758241224, 42.501223702745136 ], [ -0.712036934509715, 42.501223702745136 ], [ -0.712036934509715, 42.501646043083234 ], [ -0.709076070639681, 42.501646043083234 ], [ -0.709076070639681, 42.501223702745136 ], [ -0.708335854672173, 42.501223702745136 ], [ -0.708335854672173, 42.500379013510468 ], [ -0.707595638704664, 42.500379013510468 ], [ -0.707595638704664, 42.499956664613883 ], [ -0.706855422737156, 42.499956664613883 ], [ -0.706855422737156, 42.499111958262255 ], [ -0.706115206769648, 42.499111958262255 ], [ -0.706115206769648, 42.497844877338707 ], [ -0.706855422737156, 42.497844877338707 ], [ -0.706855422737156, 42.494465869352794 ], [ -0.707595638704664, 42.494465869352794 ], [ -0.707595638704664, 42.49319869428718 ], [ -0.706855422737156, 42.49319869428718 ], [ -0.706855422737156, 42.492353896646286 ], [ -0.706115206769648, 42.492353896646286 ], [ -0.706115206769648, 42.491931493546694 ], [ -0.70537499080214, 42.491931493546694 ], [ -0.70537499080214, 42.491086678789266 ], [ -0.704634774834631, 42.491086678789266 ], [ -0.704634774834631, 42.490664267131422 ], [ -0.703894558867123, 42.490664267131422 ], [ -0.703894558867123, 42.487707305650005 ], [ -0.704634774834631, 42.487707305650005 ], [ -0.704634774834631, 42.486439993652873 ], [ -0.703154342899615, 42.486439993652873 ], [ -0.703154342899615, 42.486017550615081 ], [ -0.70093369499709, 42.486017550615081 ], [ -0.70093369499709, 42.487707305650005 ], [ -0.701673910964598, 42.487707305650005 ], [ -0.701673910964598, 42.489819435257537 ], [ -0.70093369499709, 42.489819435257537 ], [ -0.70093369499709, 42.491086678789266 ], [ -0.700193479029581, 42.491086678789266 ], [ -0.700193479029581, 42.492353896646286 ], [ -0.699453263062073, 42.492353896646286 ], [ -0.699453263062073, 42.49319869428718 ], [ -0.700193479029581, 42.49319869428718 ], [ -0.700193479029581, 42.493621088828476 ], [ -0.70093369499709, 42.493621088828476 ], [ -0.70093369499709, 42.494043480517021 ], [ -0.702414126932106, 42.494043480517021 ], [ -0.702414126932106, 42.494465869352794 ], [ -0.703154342899615, 42.494465869352794 ], [ -0.703154342899615, 42.496577770739925 ], [ -0.703894558867123, 42.496577770739925 ], [ -0.703894558867123, 42.499534312864483 ], [ -0.703154342899615, 42.499534312864483 ], [ -0.703154342899615, 42.500801359554217 ], [ -0.702414126932106, 42.500801359554217 ], [ -0.702414126932106, 42.501646043083234 ], [ -0.701673910964598, 42.501646043083234 ], [ -0.701673910964598, 42.502913046980453 ], [ -0.70093369499709, 42.502913046980453 ], [ -0.70093369499709, 42.50333537590717 ], [ -0.699453263062073, 42.50333537590717 ], [ -0.699453263062073, 42.502913046980453 ], [ -0.697232615159548, 42.502913046980453 ], [ -0.697232615159548, 42.502490715200892 ], [ -0.695011967257023, 42.502490715200892 ], [ -0.695011967257023, 42.502068380568481 ], [ -0.694271751289515, 42.502068380568481 ], [ -0.694271751289515, 42.500801359554217 ], [ -0.693531535322006, 42.500801359554217 ], [ -0.693531535322006, 42.499111958262255 ], [ -0.692791319354498, 42.499111958262255 ], [ -0.692791319354498, 42.497422511325247 ], [ -0.693531535322006, 42.497422511325247 ], [ -0.693531535322006, 42.496155396168071 ], [ -0.694271751289515, 42.496155396168071 ], [ -0.694271751289515, 42.495310638465995 ], [ -0.695011967257023, 42.495310638465995 ], [ -0.695011967257023, 42.493621088828476 ], [ -0.694271751289515, 42.493621088828476 ], [ -0.694271751289515, 42.49319869428718 ], [ -0.693531535322006, 42.49319869428718 ], [ -0.693531535322006, 42.492776296893105 ], [ -0.692791319354498, 42.492776296893105 ], [ -0.692791319354498, 42.492353896646286 ], [ -0.69205110338699, 42.492353896646286 ], [ -0.69205110338699, 42.491931493546694 ], [ -0.691310887419481, 42.491931493546694 ], [ -0.691310887419481, 42.491086678789266 ], [ -0.690570671451973, 42.491086678789266 ], [ -0.690570671451973, 42.489397015041483 ], [ -0.691310887419481, 42.489397015041483 ], [ -0.691310887419481, 42.485595104724588 ], [ -0.690570671451973, 42.485595104724588 ], [ -0.690570671451973, 42.485172655981394 ], [ -0.689830455484465, 42.485172655981394 ], [ -0.689830455484465, 42.484327749936931 ], [ -0.689090239516956, 42.484327749936931 ], [ -0.689090239516956, 42.483905292635676 ], [ -0.688350023549448, 42.483905292635676 ], [ -0.688350023549448, 42.48348283248172 ], [ -0.68760980758194, 42.48348283248172 ], [ -0.68760980758194, 42.482637903615796 ], [ -0.686869591614431, 42.482637903615796 ], [ -0.686869591614431, 42.482215434903836 ], [ -0.686129375646923, 42.482215434903836 ], [ -0.686129375646923, 42.481792963339188 ], [ -0.685389159679414, 42.481792963339188 ], [ -0.685389159679414, 42.476300573407791 ], [ -0.686129375646923, 42.476300573407791 ], [ -0.686129375646923, 42.475455547551981 ], [ -0.686869591614431, 42.475455547551981 ], [ -0.686869591614431, 42.475033030345152 ], [ -0.68760980758194, 42.475033030345152 ], [ -0.68760980758194, 42.474187987373703 ], [ -0.688350023549448, 42.474187987373703 ], [ -0.688350023549448, 42.473765461609084 ], [ -0.68760980758194, 42.473765461609084 ], [ -0.68760980758194, 42.471230247116999 ], [ -0.686869591614431, 42.471230247116999 ], [ -0.686869591614431, 42.467427232830566 ], [ -0.68760980758194, 42.467427232830566 ], [ -0.68760980758194, 42.467004661424888 ], [ -0.688350023549448, 42.467004661424888 ], [ -0.688350023549448, 42.466159510055938 ], [ -0.689090239516956, 42.466159510055938 ], [ -0.689090239516956, 42.46531434727688 ], [ -0.69205110338699, 42.46531434727688 ], [ -0.69205110338699, 42.46193358206019 ], [ -0.691310887419481, 42.46193358206019 ], [ -0.691310887419481, 42.45770736881552 ], [ -0.69205110338699, 42.45770736881552 ], [ -0.69205110338699, 42.456016803648794 ], [ -0.692791319354498, 42.456016803648794 ], [ -0.692791319354498, 42.455171503950794 ], [ -0.694271751289515, 42.455171503950794 ], [ -0.694271751289515, 42.454748849823147 ], [ -0.69649239919204, 42.454748849823147 ], [ -0.69649239919204, 42.454326192843084 ], [ -0.699453263062073, 42.454326192843084 ], [ -0.699453263062073, 42.454748849823147 ], [ -0.700193479029581, 42.454748849823147 ], [ -0.700193479029581, 42.455594155226009 ], [ -0.70093369499709, 42.455594155226009 ], [ -0.70093369499709, 42.456016803648794 ], [ -0.701673910964598, 42.456016803648794 ], [ -0.701673910964598, 42.456862091937047 ], [ -0.702414126932106, 42.456862091937047 ], [ -0.702414126932106, 42.459820511093746 ], [ -0.703154342899615, 42.459820511093746 ], [ -0.703154342899615, 42.459397888343034 ], [ -0.703894558867123, 42.459397888343034 ], [ -0.703894558867123, 42.458975262739841 ], [ -0.70537499080214, 42.458975262739841 ], [ -0.70537499080214, 42.458552634284189 ], [ -0.706115206769648, 42.458552634284189 ], [ -0.706115206769648, 42.458130002976084 ], [ -0.706855422737156, 42.458130002976084 ], [ -0.706855422737156, 42.45770736881552 ], [ -0.707595638704664, 42.45770736881552 ], [ -0.707595638704664, 42.456862091937047 ], [ -0.708335854672173, 42.456862091937047 ], [ -0.708335854672173, 42.454748849823147 ], [ -0.709076070639681, 42.454748849823147 ], [ -0.709076070639681, 42.45263553639861 ], [ -0.706855422737156, 42.45263553639861 ], [ -0.706855422737156, 42.453058204788348 ], [ -0.706115206769648, 42.453058204788348 ], [ -0.706115206769648, 42.45263553639861 ], [ -0.704634774834631, 42.45263553639861 ], [ -0.704634774834631, 42.452212865156469 ], [ -0.703894558867123, 42.452212865156469 ], [ -0.703894558867123, 42.451790191061924 ], [ -0.703154342899615, 42.451790191061924 ], [ -0.703154342899615, 42.45136751411497 ], [ -0.702414126932106, 42.45136751411497 ], [ -0.702414126932106, 42.450099466159784 ], [ -0.701673910964598, 42.450099466159784 ], [ -0.701673910964598, 42.44714058776438 ], [ -0.70093369499709, 42.44714058776438 ], [ -0.70093369499709, 42.44418156960343 ], [ -0.699453263062073, 42.44418156960343 ], [ -0.699453263062073, 42.444604295040591 ], [ -0.697972831127056, 42.444604295040591 ], [ -0.697972831127056, 42.445027017625421 ], [ -0.697232615159548, 42.445027017625421 ], [ -0.697232615159548, 42.444604295040591 ], [ -0.695752183224531, 42.444604295040591 ], [ -0.695752183224531, 42.44418156960343 ], [ -0.695011967257023, 42.44418156960343 ], [ -0.695011967257023, 42.443758841313951 ], [ -0.693531535322006, 42.443758841313951 ], [ -0.693531535322006, 42.442490639331517 ], [ -0.692791319354498, 42.442490639331517 ], [ -0.692791319354498, 42.438685879359547 ], [ -0.69205110338699, 42.438685879359547 ], [ -0.69205110338699, 42.437417574694329 ], [ -0.692791319354498, 42.437417574694329 ], [ -0.692791319354498, 42.436572023989484 ], [ -0.693531535322006, 42.436572023989484 ], [ -0.693531535322006, 42.435726461875589 ], [ -0.694271751289515, 42.435726461875589 ], [ -0.694271751289515, 42.434880888352673 ], [ -0.695011967257023, 42.434880888352673 ], [ -0.695011967257023, 42.434458097312834 ], [ -0.697232615159548, 42.434458097312834 ], [ -0.697232615159548, 42.434880888352673 ], [ -0.699453263062073, 42.434880888352673 ], [ -0.699453263062073, 42.432344099330074 ], [ -0.700193479029581, 42.432344099330074 ], [ -0.700193479029581, 42.43107566631366 ], [ -0.70093369499709, 42.43107566631366 ], [ -0.70093369499709, 42.430230030041642 ], [ -0.701673910964598, 42.430230030041642 ], [ -0.701673910964598, 42.429384382360801 ], [ -0.702414126932106, 42.429384382360801 ], [ -0.702414126932106, 42.428115889448051 ], [ -0.703154342899615, 42.428115889448051 ], [ -0.703154342899615, 42.427270213245265 ], [ -0.703894558867123, 42.427270213245265 ], [ -0.703894558867123, 42.426424525633763 ], [ -0.704634774834631, 42.426424525633763 ], [ -0.704634774834631, 42.42557882661356 ], [ -0.70537499080214, 42.42557882661356 ], [ -0.70537499080214, 42.424310256692038 ], [ -0.706115206769648, 42.424310256692038 ], [ -0.706115206769648, 42.423464529150245 ], [ -0.706855422737156, 42.423464529150245 ], [ -0.706855422737156, 42.422618790199856 ], [ -0.707595638704664, 42.422618790199856 ], [ -0.707595638704664, 42.421773039840922 ], [ -0.708335854672173, 42.421773039840922 ], [ -0.708335854672173, 42.416698298109353 ], [ -0.709076070639681, 42.416698298109353 ], [ -0.709076070639681, 42.412046090733092 ], [ -0.70981628660719, 42.412046090733092 ], [ -0.70981628660719, 42.411200197769773 ], [ -0.710556502574698, 42.411200197769773 ], [ -0.710556502574698, 42.410354293398328 ], [ -0.711296718542206, 42.410354293398328 ], [ -0.711296718542206, 42.409931336934555 ], [ -0.712036934509715, 42.409931336934555 ], [ -0.712036934509715, 42.409085415450939 ], [ -0.724620605957356, 42.409085415450939 ], [ -0.724620605957356, 42.408662450431109 ], [ -0.725360821924865, 42.408662450431109 ], [ -0.725360821924865, 42.408239482559253 ], [ -0.726841253859881, 42.408239482559253 ], [ -0.726841253859881, 42.407816511835406 ], [ -0.72758146982739, 42.407816511835406 ], [ -0.72758146982739, 42.407393538259541 ], [ -0.729802117729914, 42.407393538259541 ], [ -0.729802117729914, 42.407816511835406 ], [ -0.730542333697423, 42.407816511835406 ], [ -0.730542333697423, 42.408239482559253 ], [ -0.73202276563244, 42.408239482559253 ], [ -0.73202276563244, 42.406970561831677 ], [ -0.731282549664931, 42.406970561831677 ], [ -0.731282549664931, 42.404009646980903 ], [ -0.730542333697423, 42.404009646980903 ], [ -0.730542333697423, 42.401048592383553 ], [ -0.729802117729914, 42.401048592383553 ], [ -0.729802117729914, 42.398087398040929 ], [ -0.730542333697423, 42.398087398040929 ], [ -0.730542333697423, 42.395972173667168 ], [ -0.731282549664931, 42.395972173667168 ], [ -0.731282549664931, 42.393856877995951 ], [ -0.73202276563244, 42.393856877995951 ], [ -0.73202276563244, 42.391741511027767 ], [ -0.732762981599948, 42.391741511027767 ], [ -0.732762981599948, 42.389626072763079 ], [ -0.733503197567456, 42.389626072763079 ], [ -0.733503197567456, 42.388779877494287 ], [ -0.734983629502473, 42.388779877494287 ], [ -0.734983629502473, 42.388356775582146 ], [ -0.735723845469981, 42.388356775582146 ], [ -0.735723845469981, 42.387933670818171 ], [ -0.73646406143749, 42.387933670818171 ], [ -0.73646406143749, 42.387510563202369 ], [ -0.737944493372506, 42.387510563202369 ], [ -0.737944493372506, 42.387933670818171 ], [ -0.739424925307523, 42.387933670818171 ], [ -0.739424925307523, 42.388356775582146 ], [ -0.740165141275031, 42.388356775582146 ], [ -0.740165141275031, 42.388779877494287 ], [ -0.74090535724254, 42.388779877494287 ], [ -0.74090535724254, 42.3892029765546 ], [ -0.741645573210048, 42.3892029765546 ], [ -0.741645573210048, 42.389626072763079 ], [ -0.742385789177556, 42.389626072763079 ], [ -0.742385789177556, 42.3892029765546 ], [ -0.74534665304759, 42.3892029765546 ], [ -0.74534665304759, 42.388779877494287 ], [ -0.748307516917623, 42.388779877494287 ], [ -0.748307516917623, 42.388356775582146 ], [ -0.750528164820148, 42.388356775582146 ], [ -0.750528164820148, 42.387933670818171 ], [ -0.752008596755165, 42.387933670818171 ], [ -0.752008596755165, 42.388356775582146 ], [ -0.753489028690181, 42.388356775582146 ], [ -0.753489028690181, 42.388779877494287 ], [ -0.755709676592706, 42.388779877494287 ], [ -0.755709676592706, 42.3892029765546 ], [ -0.757190108527723, 42.3892029765546 ], [ -0.757190108527723, 42.390472256624506 ], [ -0.757930324495231, 42.390472256624506 ], [ -0.757930324495231, 42.391741511027767 ], [ -0.75867054046274, 42.391741511027767 ], [ -0.75867054046274, 42.393010739764293 ], [ -0.759410756430248, 42.393010739764293 ], [ -0.759410756430248, 42.394279942833975 ], [ -0.760150972397756, 42.394279942833975 ], [ -0.760150972397756, 42.395126063954358 ], [ -0.760891188365265, 42.395126063954358 ], [ -0.760891188365265, 42.395549120236716 ], [ -0.76311183626779, 42.395549120236716 ], [ -0.76311183626779, 42.395972173667168 ], [ -0.766072700137823, 42.395972173667168 ], [ -0.766072700137823, 42.396395224245737 ], [ -0.76755313207284, 42.396395224245737 ], [ -0.76755313207284, 42.397664358870003 ], [ -0.768293348040348, 42.397664358870003 ], [ -0.768293348040348, 42.398510434359949 ], [ -0.769033564007856, 42.398510434359949 ], [ -0.769033564007856, 42.399356498442209 ], [ -0.769773779975365, 42.399356498442209 ], [ -0.769773779975365, 42.399779526205457 ], [ -0.773474859812906, 42.399779526205457 ], [ -0.773474859812906, 42.400202551116756 ], [ -0.778656371585465, 42.400202551116756 ], [ -0.778656371585465, 42.400625573176129 ], [ -0.779396587552973, 42.400625573176129 ], [ -0.779396587552973, 42.401048592383553 ], [ -0.780136803520481, 42.401048592383553 ], [ -0.780136803520481, 42.401471608739044 ], [ -0.78087701948799, 42.401471608739044 ], [ -0.78087701948799, 42.401894622242587 ], [ -0.781617235455498, 42.401894622242587 ], [ -0.781617235455498, 42.402317632894167 ], [ -0.782357451423006, 42.402317632894167 ], [ -0.782357451423006, 42.4027406406938 ], [ -0.783097667390515, 42.4027406406938 ], [ -0.783097667390515, 42.403163645641456 ], [ -0.783837883358023, 42.403163645641456 ], [ -0.783837883358023, 42.403586647737171 ], [ -0.784578099325531, 42.403586647737171 ], [ -0.784578099325531, 42.404855636912473 ], [ -0.78531831529304, 42.404855636912473 ], [ -0.78531831529304, 42.406970561831677 ], [ -0.787538963195565, 42.406970561831677 ], [ -0.787538963195565, 42.406547582551823 ], [ -0.789019395130581, 42.406547582551823 ], [ -0.789019395130581, 42.406970561831677 ], [ -0.790499827065598, 42.406970561831677 ], [ -0.790499827065598, 42.407393538259541 ], [ -0.791240043033106, 42.407393538259541 ], [ -0.791240043033106, 42.407816511835406 ], [ -0.791980259000615, 42.407816511835406 ], [ -0.791980259000615, 42.408239482559253 ], [ -0.792720474968123, 42.408239482559253 ], [ -0.792720474968123, 42.409085415450939 ], [ -0.793460690935631, 42.409085415450939 ], [ -0.793460690935631, 42.410354293398328 ], [ -0.79420090690314, 42.410354293398328 ], [ -0.79420090690314, 42.412046090733092 ], [ -0.794941122870648, 42.412046090733092 ], [ -0.794941122870648, 42.415429548504278 ], [ -0.79420090690314, 42.415429548504278 ], [ -0.79420090690314, 42.415852467891376 ], [ -0.794941122870648, 42.415852467891376 ], [ -0.794941122870648, 42.416698298109353 ], [ -0.795681338838156, 42.416698298109353 ], [ -0.795681338838156, 42.417121208940209 ], [ -0.796421554805665, 42.417121208940209 ], [ -0.796421554805665, 42.417544116918982 ], [ -0.797161770773173, 42.417544116918982 ], [ -0.797161770773173, 42.417967022045659 ], [ -0.797901986740681, 42.417967022045659 ], [ -0.797901986740681, 42.41838992432023 ], [ -0.79864220270819, 42.41838992432023 ], [ -0.79864220270819, 42.418812823742712 ], [ -0.799382418675698, 42.418812823742712 ], [ -0.799382418675698, 42.419235720313083 ], [ -0.800122634643206, 42.419235720313083 ], [ -0.800122634643206, 42.423041661101124 ], [ -0.799382418675698, 42.423041661101124 ], [ -0.799382418675698, 42.42557882661356 ], [ -0.800122634643206, 42.42557882661356 ], [ -0.800122634643206, 42.426424525633763 ], [ -0.800862850610715, 42.426424525633763 ], [ -0.800862850610715, 42.426847370865595 ], [ -0.801603066578223, 42.426847370865595 ], [ -0.801603066578223, 42.427270213245265 ], [ -0.802343282545731, 42.427270213245265 ], [ -0.802343282545731, 42.427693052772746 ], [ -0.80308349851324, 42.427693052772746 ], [ -0.80308349851324, 42.427270213245265 ], [ -0.805304146415765, 42.427270213245265 ], [ -0.805304146415765, 42.426847370865595 ], [ -0.80752479431829, 42.426847370865595 ], [ -0.80752479431829, 42.427693052772746 ], [ -0.808265010285798, 42.427693052772746 ], [ -0.808265010285798, 42.428961554242079 ], [ -0.809005226253306, 42.428961554242079 ], [ -0.809005226253306, 42.42980720762732 ], [ -0.809745442220815, 42.42980720762732 ], [ -0.809745442220815, 42.43107566631366 ], [ -0.810485658188323, 42.43107566631366 ], [ -0.810485658188323, 42.432766904631094 ], [ -0.809745442220815, 42.432766904631094 ], [ -0.809745442220815, 42.434035303420757 ], [ -0.809005226253306, 42.434035303420757 ], [ -0.809005226253306, 42.434880888352673 ], [ -0.808265010285798, 42.434880888352673 ], [ -0.808265010285798, 42.436149244358667 ], [ -0.80752479431829, 42.436149244358667 ], [ -0.80752479431829, 42.436994800768048 ], [ -0.806044362383273, 42.436994800768048 ], [ -0.806044362383273, 42.436572023989484 ], [ -0.803823714480748, 42.436572023989484 ], [ -0.803823714480748, 42.436149244358667 ], [ -0.801603066578223, 42.436149244358667 ], [ -0.801603066578223, 42.439531401541615 ], [ -0.800862850610715, 42.439531401541615 ], [ -0.800862850610715, 42.44122241167824 ], [ -0.801603066578223, 42.44122241167824 ], [ -0.801603066578223, 42.442913376177984 ], [ -0.802343282545731, 42.442913376177984 ], [ -0.802343282545731, 42.446295168265841 ], [ -0.801603066578223, 42.446295168265841 ], [ -0.801603066578223, 42.449254086594394 ], [ -0.800862850610715, 42.449254086594394 ], [ -0.800862850610715, 42.451790191061924 ], [ -0.800122634643206, 42.451790191061924 ], [ -0.800122634643206, 42.454326192843084 ], [ -0.800862850610715, 42.454326192843084 ], [ -0.800862850610715, 42.455594155226009 ], [ -0.801603066578223, 42.455594155226009 ], [ -0.801603066578223, 42.456862091937047 ], [ -0.802343282545731, 42.456862091937047 ], [ -0.802343282545731, 42.458130002976084 ], [ -0.80308349851324, 42.458130002976084 ], [ -0.80308349851324, 42.459820511093746 ], [ -0.802343282545731, 42.459820511093746 ], [ -0.802343282545731, 42.461510973571876 ], [ -0.801603066578223, 42.461510973571876 ], [ -0.801603066578223, 42.462778790479376 ], [ -0.800862850610715, 42.462778790479376 ], [ -0.800862850610715, 42.463201390410227 ], [ -0.799382418675698, 42.463201390410227 ], [ -0.799382418675698, 42.463623987488582 ], [ -0.797901986740681, 42.463623987488582 ], [ -0.797901986740681, 42.464891761608577 ], [ -0.79864220270819, 42.464891761608577 ], [ -0.79864220270819, 42.466159510055938 ], [ -0.799382418675698, 42.466159510055938 ], [ -0.799382418675698, 42.468272367084303 ], [ -0.79864220270819, 42.468272367084303 ], [ -0.79864220270819, 42.469540047070808 ], [ -0.797901986740681, 42.469540047070808 ], [ -0.797901986740681, 42.470807701384302 ], [ -0.797161770773173, 42.470807701384302 ], [ -0.797161770773173, 42.471652789997137 ], [ -0.796421554805665, 42.471652789997137 ], [ -0.796421554805665, 42.472497867199664 ], [ -0.791240043033106, 42.472497867199664 ], [ -0.791240043033106, 42.472075330024687 ], [ -0.790499827065598, 42.472075330024687 ], [ -0.790499827065598, 42.471230247116999 ], [ -0.78975961109809, 42.471230247116999 ], [ -0.78975961109809, 42.470385152799032 ], [ -0.789019395130581, 42.470385152799032 ], [ -0.789019395130581, 42.469540047070808 ], [ -0.788279179163073, 42.469540047070808 ], [ -0.788279179163073, 42.467849801383707 ], [ -0.789019395130581, 42.467849801383707 ], [ -0.789019395130581, 42.464469173087757 ], [ -0.788279179163073, 42.464469173087757 ], [ -0.788279179163073, 42.462778790479376 ], [ -0.787538963195565, 42.462778790479376 ], [ -0.787538963195565, 42.461510973571876 ], [ -0.786798747228056, 42.461510973571876 ], [ -0.786798747228056, 42.460243130991991 ], [ -0.787538963195565, 42.460243130991991 ], [ -0.787538963195565, 42.45770736881552 ], [ -0.788279179163073, 42.45770736881552 ], [ -0.788279179163073, 42.455594155226009 ], [ -0.789019395130581, 42.455594155226009 ], [ -0.789019395130581, 42.455171503950794 ], [ -0.788279179163073, 42.455171503950794 ], [ -0.788279179163073, 42.454748849823147 ], [ -0.787538963195565, 42.454748849823147 ], [ -0.787538963195565, 42.454326192843084 ], [ -0.786058531260548, 42.454326192843084 ], [ -0.786058531260548, 42.453903533010582 ], [ -0.78531831529304, 42.453903533010582 ], [ -0.78531831529304, 42.45348087032567 ], [ -0.783837883358023, 42.45348087032567 ], [ -0.783837883358023, 42.453058204788348 ], [ -0.783097667390515, 42.453058204788348 ], [ -0.783097667390515, 42.451790191061924 ], [ -0.782357451423006, 42.451790191061924 ], [ -0.782357451423006, 42.450522151663897 ], [ -0.781617235455498, 42.450522151663897 ], [ -0.781617235455498, 42.449254086594394 ], [ -0.78087701948799, 42.449254086594394 ], [ -0.78087701948799, 42.448408695619484 ], [ -0.780136803520481, 42.448408695619484 ], [ -0.780136803520481, 42.444604295040591 ], [ -0.779396587552973, 42.444604295040591 ], [ -0.779396587552973, 42.445027017625421 ], [ -0.778656371585465, 42.445027017625421 ], [ -0.778656371585465, 42.445449737357904 ], [ -0.777916155617956, 42.445449737357904 ], [ -0.777916155617956, 42.445872454238042 ], [ -0.77643572368294, 42.445872454238042 ], [ -0.77643572368294, 42.445449737357904 ], [ -0.775695507715431, 42.445449737357904 ], [ -0.775695507715431, 42.445027017625421 ], [ -0.774955291747923, 42.445027017625421 ], [ -0.774955291747923, 42.444604295040591 ], [ -0.774215075780415, 42.444604295040591 ], [ -0.774215075780415, 42.44418156960343 ], [ -0.773474859812906, 42.44418156960343 ], [ -0.773474859812906, 42.443758841313951 ], [ -0.772734643845398, 42.443758841313951 ], [ -0.772734643845398, 42.442913376177984 ], [ -0.77199442787789, 42.442913376177984 ], [ -0.77199442787789, 42.442490639331517 ], [ -0.771254211910381, 42.442490639331517 ], [ -0.771254211910381, 42.438263113990082 ], [ -0.77199442787789, 42.438263113990082 ], [ -0.77199442787789, 42.437417574694329 ], [ -0.772734643845398, 42.437417574694329 ], [ -0.772734643845398, 42.436994800768048 ], [ -0.773474859812906, 42.436994800768048 ], [ -0.773474859812906, 42.436149244358667 ], [ -0.774215075780415, 42.436149244358667 ], [ -0.774215075780415, 42.435303676540258 ], [ -0.774955291747923, 42.435303676540258 ], [ -0.774955291747923, 42.434880888352673 ], [ -0.775695507715431, 42.434880888352673 ], [ -0.775695507715431, 42.434035303420757 ], [ -0.77643572368294, 42.434035303420757 ], [ -0.77643572368294, 42.433189707079883 ], [ -0.775695507715431, 42.433189707079883 ], [ -0.775695507715431, 42.43192129117682 ], [ -0.774955291747923, 42.43192129117682 ], [ -0.774955291747923, 42.43065284960376 ], [ -0.774215075780415, 42.43065284960376 ], [ -0.774215075780415, 42.43107566631366 ], [ -0.773474859812906, 42.43107566631366 ], [ -0.773474859812906, 42.43192129117682 ], [ -0.772734643845398, 42.43192129117682 ], [ -0.772734643845398, 42.432766904631094 ], [ -0.769773779975365, 42.432766904631094 ], [ -0.769773779975365, 42.437417574694329 ], [ -0.769033564007856, 42.437417574694329 ], [ -0.769033564007856, 42.438263113990082 ], [ -0.768293348040348, 42.438263113990082 ], [ -0.768293348040348, 42.438685879359547 ], [ -0.76755313207284, 42.438685879359547 ], [ -0.76755313207284, 42.439531401541615 ], [ -0.766812916105331, 42.439531401541615 ], [ -0.766812916105331, 42.44037691231452 ], [ -0.766072700137823, 42.44037691231452 ], [ -0.766072700137823, 42.44122241167824 ], [ -0.765332484170315, 42.44122241167824 ], [ -0.765332484170315, 42.441645157081645 ], [ -0.764592268202806, 42.441645157081645 ], [ -0.764592268202806, 42.442490639331517 ], [ -0.763852052235298, 42.442490639331517 ], [ -0.763852052235298, 42.443336110172119 ], [ -0.76311183626779, 42.443336110172119 ], [ -0.76311183626779, 42.443758841313951 ], [ -0.761631404332773, 42.443758841313951 ], [ -0.761631404332773, 42.44418156960343 ], [ -0.757190108527723, 42.44418156960343 ], [ -0.757190108527723, 42.444604295040591 ], [ -0.754969460625198, 42.444604295040591 ], [ -0.754969460625198, 42.44418156960343 ], [ -0.75422924465769, 42.44418156960343 ], [ -0.75422924465769, 42.443758841313951 ], [ -0.753489028690181, 42.443758841313951 ], [ -0.753489028690181, 42.443336110172119 ], [ -0.752008596755165, 42.443336110172119 ], [ -0.752008596755165, 42.442913376177984 ], [ -0.751268380787656, 42.442913376177984 ], [ -0.751268380787656, 42.442490639331517 ], [ -0.750528164820148, 42.442490639331517 ], [ -0.750528164820148, 42.442067899632733 ], [ -0.749047732885131, 42.442067899632733 ], [ -0.749047732885131, 42.441645157081645 ], [ -0.748307516917623, 42.441645157081645 ], [ -0.748307516917623, 42.44122241167824 ], [ -0.746827084982606, 42.44122241167824 ], [ -0.746827084982606, 42.440799663422538 ], [ -0.746086869015098, 42.440799663422538 ], [ -0.746086869015098, 42.44037691231452 ], [ -0.74534665304759, 42.44037691231452 ], [ -0.74534665304759, 42.439954158354219 ], [ -0.743866221112573, 42.439954158354219 ], [ -0.743866221112573, 42.439531401541615 ], [ -0.74090535724254, 42.439531401541615 ], [ -0.74090535724254, 42.439954158354219 ], [ -0.737944493372506, 42.439954158354219 ], [ -0.737944493372506, 42.44037691231452 ], [ -0.735723845469981, 42.44037691231452 ], [ -0.735723845469981, 42.44122241167824 ], [ -0.734983629502473, 42.44122241167824 ], [ -0.734983629502473, 42.442067899632733 ], [ -0.734243413534964, 42.442067899632733 ], [ -0.734243413534964, 42.442913376177984 ], [ -0.733503197567456, 42.442913376177984 ], [ -0.733503197567456, 42.443336110172119 ], [ -0.732762981599948, 42.443336110172119 ], [ -0.732762981599948, 42.44418156960343 ], [ -0.73202276563244, 42.44418156960343 ], [ -0.73202276563244, 42.444604295040591 ], [ -0.732762981599948, 42.444604295040591 ], [ -0.732762981599948, 42.445449737357904 ], [ -0.733503197567456, 42.445449737357904 ], [ -0.733503197567456, 42.445872454238042 ], [ -0.734243413534964, 42.445872454238042 ], [ -0.734243413534964, 42.446295168265841 ], [ -0.734983629502473, 42.446295168265841 ], [ -0.734983629502473, 42.44714058776438 ], [ -0.735723845469981, 42.44714058776438 ], [ -0.735723845469981, 42.449254086594394 ], [ -0.73646406143749, 42.449254086594394 ], [ -0.73646406143749, 42.455171503950794 ], [ -0.737204277404998, 42.455171503950794 ], [ -0.737204277404998, 42.456016803648794 ], [ -0.737944493372506, 42.456016803648794 ], [ -0.737944493372506, 42.456862091937047 ], [ -0.738684709340015, 42.456862091937047 ], [ -0.738684709340015, 42.45770736881552 ], [ -0.739424925307523, 42.45770736881552 ], [ -0.739424925307523, 42.458552634284189 ], [ -0.740165141275031, 42.458552634284189 ], [ -0.740165141275031, 42.459397888343034 ], [ -0.74090535724254, 42.459397888343034 ], [ -0.74090535724254, 42.460243130991991 ], [ -0.741645573210048, 42.460243130991991 ], [ -0.741645573210048, 42.46108836223106 ], [ -0.742385789177556, 42.46108836223106 ], [ -0.742385789177556, 42.46193358206019 ], [ -0.743126005145065, 42.46193358206019 ], [ -0.743126005145065, 42.466159510055938 ], [ -0.746086869015098, 42.466159510055938 ], [ -0.746086869015098, 42.467004661424888 ], [ -0.746827084982606, 42.467004661424888 ], [ -0.746827084982606, 42.467427232830566 ], [ -0.747567300950115, 42.467427232830566 ], [ -0.747567300950115, 42.468272367084303 ], [ -0.748307516917623, 42.468272367084303 ], [ -0.748307516917623, 42.469117489927854 ], [ -0.749047732885131, 42.469117489927854 ], [ -0.749047732885131, 42.469962601361203 ], [ -0.74978794885264, 42.469962601361203 ], [ -0.74978794885264, 42.469117489927854 ], [ -0.750528164820148, 42.469117489927854 ], [ -0.750528164820148, 42.468272367084303 ], [ -0.751268380787656, 42.468272367084303 ], [ -0.751268380787656, 42.467004661424888 ], [ -0.752008596755165, 42.467004661424888 ], [ -0.752008596755165, 42.46193358206019 ], [ -0.751268380787656, 42.46193358206019 ], [ -0.751268380787656, 42.460665748037762 ], [ -0.752008596755165, 42.460665748037762 ], [ -0.752008596755165, 42.460243130991991 ], [ -0.752748812722673, 42.460243130991991 ], [ -0.752748812722673, 42.459397888343034 ], [ -0.753489028690181, 42.459397888343034 ], [ -0.753489028690181, 42.458975262739841 ], [ -0.75422924465769, 42.458975262739841 ], [ -0.75422924465769, 42.458552634284189 ], [ -0.754969460625198, 42.458552634284189 ], [ -0.754969460625198, 42.458130002976084 ], [ -0.755709676592706, 42.458130002976084 ], [ -0.755709676592706, 42.45770736881552 ], [ -0.756449892560215, 42.45770736881552 ], [ -0.756449892560215, 42.457284731802517 ], [ -0.757190108527723, 42.457284731802517 ], [ -0.757190108527723, 42.45770736881552 ], [ -0.75867054046274, 42.45770736881552 ], [ -0.75867054046274, 42.458130002976084 ], [ -0.759410756430248, 42.458130002976084 ], [ -0.759410756430248, 42.458552634284189 ], [ -0.760150972397756, 42.458552634284189 ], [ -0.760150972397756, 42.458975262739841 ], [ -0.760891188365265, 42.458975262739841 ], [ -0.760891188365265, 42.459820511093746 ], [ -0.761631404332773, 42.459820511093746 ], [ -0.761631404332773, 42.461510973571876 ], [ -0.762371620300281, 42.461510973571876 ], [ -0.762371620300281, 42.46193358206019 ], [ -0.772734643845398, 42.46193358206019 ], [ -0.772734643845398, 42.462356187696031 ], [ -0.773474859812906, 42.462356187696031 ], [ -0.773474859812906, 42.462778790479376 ], [ -0.774215075780415, 42.462778790479376 ], [ -0.774215075780415, 42.463201390410227 ], [ -0.774955291747923, 42.463201390410227 ], [ -0.774955291747923, 42.463623987488582 ], [ -0.775695507715431, 42.463623987488582 ], [ -0.775695507715431, 42.46404658171442 ], [ -0.77643572368294, 42.46404658171442 ], [ -0.77643572368294, 42.464469173087757 ], [ -0.777175939650448, 42.464469173087757 ], [ -0.777175939650448, 42.464891761608577 ], [ -0.777916155617956, 42.464891761608577 ], [ -0.777916155617956, 42.46531434727688 ], [ -0.778656371585465, 42.46531434727688 ], [ -0.778656371585465, 42.465736930092682 ], [ -0.779396587552973, 42.465736930092682 ], [ -0.779396587552973, 42.467427232830566 ], [ -0.780136803520481, 42.467427232830566 ], [ -0.780136803520481, 42.469540047070808 ], [ -0.78087701948799, 42.469540047070808 ], [ -0.78087701948799, 42.471230247116999 ], [ -0.781617235455498, 42.471230247116999 ], [ -0.781617235455498, 42.473342932991862 ], [ -0.782357451423006, 42.473342932991862 ], [ -0.782357451423006, 42.475033030345152 ], [ -0.783097667390515, 42.475033030345152 ], [ -0.783097667390515, 42.477145587853137 ], [ -0.783837883358023, 42.477145587853137 ], [ -0.783837883358023, 42.478835582512332 ], [ -0.783097667390515, 42.478835582512332 ], [ -0.783097667390515, 42.483060369475105 ], [ -0.783837883358023, 42.483060369475105 ], [ -0.783837883358023, 42.48348283248172 ], [ -0.784578099325531, 42.48348283248172 ], [ -0.784578099325531, 42.484327749936931 ], [ -0.78531831529304, 42.484327749936931 ], [ -0.78531831529304, 42.484750204385506 ], [ -0.786058531260548, 42.484750204385506 ], [ -0.786058531260548, 42.485172655981394 ], [ -0.786798747228056, 42.485172655981394 ], [ -0.786798747228056, 42.486017550615081 ], [ -0.788279179163073, 42.486017550615081 ], [ -0.788279179163073, 42.484750204385506 ], [ -0.789019395130581, 42.484750204385506 ], [ -0.789019395130581, 42.483905292635676 ], [ -0.78975961109809, 42.483905292635676 ], [ -0.78975961109809, 42.483060369475105 ], [ -0.790499827065598, 42.483060369475105 ], [ -0.790499827065598, 42.482637903615796 ], [ -0.791240043033106, 42.482637903615796 ], [ -0.791240043033106, 42.483060369475105 ], [ -0.793460690935631, 42.483060369475105 ], [ -0.793460690935631, 42.48348283248172 ], [ -0.795681338838156, 42.48348283248172 ], [ -0.795681338838156, 42.483905292635676 ], [ -0.797161770773173, 42.483905292635676 ], [ -0.797161770773173, 42.485595104724588 ], [ -0.797901986740681, 42.485595104724588 ], [ -0.797901986740681, 42.487707305650005 ], [ -0.79864220270819, 42.487707305650005 ], [ -0.79864220270819, 42.488129737276964 ], [ -0.797901986740681, 42.488129737276964 ], [ -0.797901986740681, 42.489397015041483 ], [ -0.797161770773173, 42.489397015041483 ], [ -0.797161770773173, 42.490241852620848 ], [ -0.796421554805665, 42.490241852620848 ], [ -0.796421554805665, 42.491509087594352 ], [ -0.795681338838156, 42.491509087594352 ], [ -0.795681338838156, 42.492353896646286 ], [ -0.796421554805665, 42.492353896646286 ], [ -0.796421554805665, 42.492776296893105 ], [ -0.797161770773173, 42.492776296893105 ], [ -0.797161770773173, 42.49319869428718 ], [ -0.797901986740681, 42.49319869428718 ], [ -0.797901986740681, 42.494043480517021 ], [ -0.79864220270819, 42.494043480517021 ], [ -0.79864220270819, 42.494465869352794 ], [ -0.799382418675698, 42.494465869352794 ], [ -0.799382418675698, 42.494888255335773 ], [ -0.800122634643206, 42.494888255335773 ], [ -0.800122634643206, 42.499111958262255 ], [ -0.799382418675698, 42.499111958262255 ], [ -0.799382418675698, 42.499956664613883 ], [ -0.79864220270819, 42.499956664613883 ], [ -0.79864220270819, 42.500801359554217 ], [ -0.797901986740681, 42.500801359554217 ], [ -0.797901986740681, 42.501223702745136 ], [ -0.797161770773173, 42.501223702745136 ], [ -0.797161770773173, 42.502068380568481 ], [ -0.794941122870648, 42.502068380568481 ], [ -0.794941122870648, 42.501646043083234 ], [ -0.792720474968123, 42.501646043083234 ], [ -0.792720474968123, 42.501223702745136 ], [ -0.790499827065598, 42.501223702745136 ], [ -0.790499827065598, 42.500379013510468 ], [ -0.78975961109809, 42.500379013510468 ], [ -0.78975961109809, 42.498689600807225 ], [ -0.789019395130581, 42.498689600807225 ], [ -0.789019395130581, 42.495733018743422 ], [ -0.788279179163073, 42.495733018743422 ], [ -0.788279179163073, 42.49700014245898 ], [ -0.787538963195565, 42.49700014245898 ], [ -0.787538963195565, 42.497844877338707 ], [ -0.786798747228056, 42.497844877338707 ], [ -0.786798747228056, 42.499111958262255 ], [ -0.786058531260548, 42.499111958262255 ], [ -0.786058531260548, 42.499956664613883 ], [ -0.78531831529304, 42.499956664613883 ], [ -0.78531831529304, 42.501223702745136 ], [ -0.784578099325531, 42.501223702745136 ], [ -0.784578099325531, 42.502490715200892 ], [ -0.783837883358023, 42.502490715200892 ], [ -0.783837883358023, 42.50333537590717 ], [ -0.784578099325531, 42.50333537590717 ], [ -0.784578099325531, 42.503757701981037 ], [ -0.78531831529304, 42.503757701981037 ], [ -0.78531831529304, 42.504602345570191 ], [ -0.786058531260548, 42.504602345570191 ], [ -0.786058531260548, 42.505024663085472 ], [ -0.786798747228056, 42.505024663085472 ], [ -0.786798747228056, 42.505446977747887 ], [ -0.787538963195565, 42.505446977747887 ], [ -0.787538963195565, 42.507980805811975 ], [ -0.786798747228056, 42.507980805811975 ], [ -0.786798747228056, 42.511781355337597 ], [ -0.78531831529304, 42.511781355337597 ], [ -0.78531831529304, 42.512203624353631 ], [ -0.783837883358023, 42.512203624353631 ], [ -0.783837883358023, 42.512625890516752 ], [ -0.781617235455498, 42.512625890516752 ], [ -0.781617235455498, 42.513048153826936 ], [ -0.779396587552973, 42.513048153826936 ], [ -0.779396587552973, 42.512203624353631 ], [ -0.778656371585465, 42.512203624353631 ], [ -0.778656371585465, 42.511359083468619 ], [ -0.777916155617956, 42.511359083468619 ], [ -0.777916155617956, 42.510514531171914 ], [ -0.777175939650448, 42.510514531171914 ], [ -0.777175939650448, 42.50629159851411 ], [ -0.777916155617956, 42.50629159851411 ], [ -0.777916155617956, 42.505024663085472 ], [ -0.774955291747923, 42.505024663085472 ], [ -0.774955291747923, 42.504602345570191 ], [ -0.77199442787789, 42.504602345570191 ], [ -0.77199442787789, 42.505446977747887 ], [ -0.772734643845398, 42.505446977747887 ], [ -0.772734643845398, 42.505869289557431 ], [ -0.773474859812906, 42.505869289557431 ], [ -0.773474859812906, 42.506713904617897 ], [ -0.774215075780415, 42.506713904617897 ], [ -0.774215075780415, 42.512203624353631 ], [ -0.773474859812906, 42.512203624353631 ], [ -0.773474859812906, 42.513048153826936 ], [ -0.772734643845398, 42.513048153826936 ], [ -0.772734643845398, 42.513470414284178 ], [ -0.77199442787789, 42.513470414284178 ], [ -0.77199442787789, 42.514314926639834 ], [ -0.766812916105331, 42.514314926639834 ], [ -0.766812916105331, 42.513892671888478 ], [ -0.766072700137823, 42.513892671888478 ], [ -0.766072700137823, 42.513048153826936 ], [ -0.765332484170315, 42.513048153826936 ], [ -0.765332484170315, 42.511781355337597 ], [ -0.764592268202806, 42.511781355337597 ] ], [ [ -0.70093369499709, 42.485595104724588 ], [ -0.700193479029581, 42.485595104724588 ], [ -0.700193479029581, 42.486017550615081 ], [ -0.70093369499709, 42.486017550615081 ], [ -0.70093369499709, 42.485595104724588 ] ], [ [ -0.78975961109809, 42.495733018743422 ], [ -0.78975961109809, 42.494888255335773 ], [ -0.790499827065598, 42.494888255335773 ], [ -0.790499827065598, 42.493621088828476 ], [ -0.791240043033106, 42.493621088828476 ], [ -0.791240043033106, 42.492776296893105 ], [ -0.790499827065598, 42.492776296893105 ], [ -0.790499827065598, 42.492353896646286 ], [ -0.78975961109809, 42.492353896646286 ], [ -0.78975961109809, 42.49319869428718 ], [ -0.789019395130581, 42.49319869428718 ], [ -0.789019395130581, 42.495733018743422 ], [ -0.78975961109809, 42.495733018743422 ] ], [ [ -0.752008596755165, 42.475033030345152 ], [ -0.750528164820148, 42.475033030345152 ], [ -0.750528164820148, 42.474187987373703 ], [ -0.74978794885264, 42.474187987373703 ], [ -0.74978794885264, 42.472075330024687 ], [ -0.749047732885131, 42.472075330024687 ], [ -0.749047732885131, 42.471652789997137 ], [ -0.748307516917623, 42.471652789997137 ], [ -0.748307516917623, 42.474187987373703 ], [ -0.749047732885131, 42.474187987373703 ], [ -0.749047732885131, 42.474610510285736 ], [ -0.74978794885264, 42.474610510285736 ], [ -0.74978794885264, 42.475455547551981 ], [ -0.750528164820148, 42.475455547551981 ], [ -0.750528164820148, 42.476300573407791 ], [ -0.751268380787656, 42.476300573407791 ], [ -0.751268380787656, 42.475878061906194 ], [ -0.752748812722673, 42.475878061906194 ], [ -0.752748812722673, 42.475455547551981 ], [ -0.752008596755165, 42.475455547551981 ], [ -0.752008596755165, 42.475033030345152 ] ], [ [ -0.757190108527723, 42.477990590887998 ], [ -0.757930324495231, 42.477990590887998 ], [ -0.757930324495231, 42.477568090796886 ], [ -0.757190108527723, 42.477568090796886 ], [ -0.757190108527723, 42.477990590887998 ] ], [ [ -0.757930324495231, 42.47841308812648 ], [ -0.75867054046274, 42.47841308812648 ], [ -0.75867054046274, 42.477990590887998 ], [ -0.757930324495231, 42.477990590887998 ], [ -0.757930324495231, 42.47841308812648 ] ] ], [ [ [ -3.457497957998127, 42.470807701384302 ], [ -3.457497957998127, 42.470385152799032 ], [ -3.456757742030619, 42.470385152799032 ], [ -3.456757742030619, 42.469540047070808 ], [ -3.45601752606311, 42.469540047070808 ], [ -3.45601752606311, 42.469117489927854 ], [ -3.455277310095602, 42.469117489927854 ], [ -3.455277310095602, 42.468272367084303 ], [ -3.454537094128094, 42.468272367084303 ], [ -3.454537094128094, 42.467427232830566 ], [ -3.453796878160586, 42.467427232830566 ], [ -3.453796878160586, 42.467004661424888 ], [ -3.453056662193077, 42.467004661424888 ], [ -3.453056662193077, 42.458130002976084 ], [ -3.453796878160586, 42.458130002976084 ], [ -3.453796878160586, 42.457284731802517 ], [ -3.454537094128094, 42.457284731802517 ], [ -3.454537094128094, 42.456862091937047 ], [ -3.455277310095602, 42.456862091937047 ], [ -3.455277310095602, 42.45643944921914 ], [ -3.45601752606311, 42.45643944921914 ], [ -3.45601752606311, 42.455594155226009 ], [ -3.456757742030619, 42.455594155226009 ], [ -3.456757742030619, 42.455171503950794 ], [ -3.457497957998127, 42.455171503950794 ], [ -3.457497957998127, 42.454326192843084 ], [ -3.467120765575736, 42.454326192843084 ], [ -3.467120765575736, 42.455171503950794 ], [ -3.467860981543244, 42.455171503950794 ], [ -3.467860981543244, 42.456016803648794 ], [ -3.468601197510752, 42.456016803648794 ], [ -3.468601197510752, 42.45643944921914 ], [ -3.469341413478261, 42.45643944921914 ], [ -3.469341413478261, 42.459820511093746 ], [ -3.470081629445768, 42.459820511093746 ], [ -3.470081629445768, 42.460665748037762 ], [ -3.470821845413277, 42.460665748037762 ], [ -3.470821845413277, 42.46108836223106 ], [ -3.471562061380785, 42.46108836223106 ], [ -3.471562061380785, 42.46193358206019 ], [ -3.472302277348294, 42.46193358206019 ], [ -3.472302277348294, 42.462356187696031 ], [ -3.473042493315802, 42.462356187696031 ], [ -3.473042493315802, 42.463201390410227 ], [ -3.47378270928331, 42.463201390410227 ], [ -3.47378270928331, 42.467849801383707 ], [ -3.473042493315802, 42.467849801383707 ], [ -3.473042493315802, 42.468694929932354 ], [ -3.472302277348294, 42.468694929932354 ], [ -3.472302277348294, 42.469540047070808 ], [ -3.471562061380785, 42.469540047070808 ], [ -3.471562061380785, 42.470385152799032 ], [ -3.470821845413277, 42.470385152799032 ], [ -3.470821845413277, 42.470807701384302 ], [ -3.468601197510752, 42.470807701384302 ], [ -3.468601197510752, 42.471230247116999 ], [ -3.466380549608227, 42.471230247116999 ], [ -3.466380549608227, 42.471652789997137 ], [ -3.464159901705703, 42.471652789997137 ], [ -3.464159901705703, 42.472075330024687 ], [ -3.461939253803177, 42.472075330024687 ], [ -3.461939253803177, 42.472497867199664 ], [ -3.458978389933144, 42.472497867199664 ], [ -3.458978389933144, 42.471652789997137 ], [ -3.458238173965635, 42.471652789997137 ], [ -3.458238173965635, 42.470807701384302 ], [ -3.457497957998127, 42.470807701384302 ] ] ], [ [ [ -6.767003548727891, 42.560323590330576 ], [ -6.767003548727891, 42.559901646571909 ], [ -6.766263332760382, 42.559901646571909 ], [ -6.766263332760382, 42.559479699959915 ], [ -6.764782900825367, 42.559479699959915 ], [ -6.764782900825367, 42.559057750494581 ], [ -6.764042684857857, 42.559057750494581 ], [ -6.764042684857857, 42.558213843003912 ], [ -6.763302468890348, 42.558213843003912 ], [ -6.763302468890348, 42.556947960367992 ], [ -6.76256225292284, 42.556947960367992 ], [ -6.76256225292284, 42.555260076907061 ], [ -6.761822036955333, 42.555260076907061 ], [ -6.761822036955333, 42.553572147793325 ], [ -6.761081820987823, 42.553572147793325 ], [ -6.761081820987823, 42.551884173027034 ], [ -6.760341605020315, 42.551884173027034 ], [ -6.760341605020315, 42.54935212527954 ], [ -6.761081820987823, 42.54935212527954 ], [ -6.761081820987823, 42.547242007025581 ], [ -6.761822036955333, 42.547242007025581 ], [ -6.761822036955333, 42.546397939751351 ], [ -6.763302468890348, 42.546397939751351 ], [ -6.763302468890348, 42.545975901834403 ], [ -6.764042684857857, 42.545975901834403 ], [ -6.764042684857857, 42.545553861064228 ], [ -6.765523116792874, 42.545553861064228 ], [ -6.765523116792874, 42.54513181744084 ], [ -6.767743764695399, 42.54513181744084 ], [ -6.767743764695399, 42.545553861064228 ], [ -6.772185060500449, 42.545553861064228 ], [ -6.772185060500449, 42.545975901834403 ], [ -6.775145924370483, 42.545975901834403 ], [ -6.775145924370483, 42.546819974815079 ], [ -6.775886140337991, 42.546819974815079 ], [ -6.775886140337991, 42.548086062886881 ], [ -6.776626356305498, 42.548086062886881 ], [ -6.776626356305498, 42.548930107335231 ], [ -6.777366572273007, 42.548930107335231 ], [ -6.777366572273007, 42.550196152608407 ], [ -6.778106788240516, 42.550196152608407 ], [ -6.778106788240516, 42.553150158381676 ], [ -6.777366572273007, 42.553150158381676 ], [ -6.777366572273007, 42.556525993782721 ], [ -6.776626356305498, 42.556525993782721 ], [ -6.776626356305498, 42.559901646571909 ], [ -6.775886140337991, 42.559901646571909 ], [ -6.775886140337991, 42.560323590330576 ], [ -6.774405708402975, 42.560323590330576 ], [ -6.774405708402975, 42.560745531235895 ], [ -6.773665492435466, 42.560745531235895 ], [ -6.773665492435466, 42.561167469287867 ], [ -6.772925276467958, 42.561167469287867 ], [ -6.772925276467958, 42.561589404486483 ], [ -6.77144484453294, 42.561589404486483 ], [ -6.77144484453294, 42.561167469287867 ], [ -6.769964412597924, 42.561167469287867 ], [ -6.769964412597924, 42.560745531235895 ], [ -6.768483980662907, 42.560745531235895 ], [ -6.768483980662907, 42.560323590330576 ], [ -6.767003548727891, 42.560323590330576 ] ] ], [ [ [ -4.679594520354387, 43.35311123036405 ], [ -4.679594520354387, 43.351445043631067 ], [ -4.678854304386879, 43.351445043631067 ], [ -4.678854304386879, 43.347695956231718 ], [ -4.679594520354387, 43.347695956231718 ], [ -4.679594520354387, 43.34436323968972 ], [ -4.678854304386879, 43.34436323968972 ], [ -4.678854304386879, 43.342696812804085 ], [ -4.678114088419371, 43.342696812804085 ], [ -4.678114088419371, 43.341030340175571 ], [ -4.678854304386879, 43.341030340175571 ], [ -4.678854304386879, 43.339363821804341 ], [ -4.679594520354387, 43.339363821804341 ], [ -4.679594520354387, 43.337697257690522 ], [ -4.680334736321896, 43.337697257690522 ], [ -4.680334736321896, 43.336447304586692 ], [ -4.681074952289404, 43.336447304586692 ], [ -4.681074952289404, 43.336030647834299 ], [ -4.681815168256913, 43.336030647834299 ], [ -4.681815168256913, 43.335197325752837 ], [ -4.68255538422442, 43.335197325752837 ], [ -4.68255538422442, 43.334780660423753 ], [ -4.683295600191929, 43.334780660423753 ], [ -4.683295600191929, 43.334363992235801 ], [ -4.684035816159438, 43.334363992235801 ], [ -4.684035816159438, 43.33394732118898 ], [ -4.684776032126946, 43.33394732118898 ], [ -4.684776032126946, 43.333113970518674 ], [ -4.685516248094454, 43.333113970518674 ], [ -4.685516248094454, 43.332697290895211 ], [ -4.686256464061962, 43.332697290895211 ], [ -4.686256464061962, 43.332280608412873 ], [ -4.690697759867012, 43.332280608412873 ], [ -4.690697759867012, 43.332697290895211 ], [ -4.693658623737046, 43.332697290895211 ], [ -4.693658623737046, 43.333113970518674 ], [ -4.695879271639571, 43.333113970518674 ], [ -4.695879271639571, 43.332697290895211 ], [ -4.697359703574588, 43.332697290895211 ], [ -4.697359703574588, 43.332280608412873 ], [ -4.699580351477112, 43.332280608412873 ], [ -4.699580351477112, 43.331863923071666 ], [ -4.701800999379638, 43.331863923071666 ], [ -4.701800999379638, 43.333113970518674 ], [ -4.702541215347146, 43.333113970518674 ], [ -4.702541215347146, 43.334363992235801 ], [ -4.703281431314654, 43.334363992235801 ], [ -4.703281431314654, 43.335197325752837 ], [ -4.704021647282163, 43.335197325752837 ], [ -4.704021647282163, 43.336447304586692 ], [ -4.70476186324967, 43.336447304586692 ], [ -4.70476186324967, 43.337697257690522 ], [ -4.704021647282163, 43.337697257690522 ], [ -4.704021647282163, 43.339780455685521 ], [ -4.703281431314654, 43.339780455685521 ], [ -4.703281431314654, 43.342280198935349 ], [ -4.702541215347146, 43.342280198935349 ], [ -4.702541215347146, 43.34436323968972 ], [ -4.701800999379638, 43.34436323968972 ], [ -4.701800999379638, 43.346862794249923 ], [ -4.701060783412129, 43.346862794249923 ], [ -4.701060783412129, 43.347695956231718 ], [ -4.700320567444621, 43.347695956231718 ], [ -4.700320567444621, 43.348112532934181 ], [ -4.698840135509604, 43.348112532934181 ], [ -4.698840135509604, 43.34852910677769 ], [ -4.697359703574588, 43.34852910677769 ], [ -4.697359703574588, 43.348945677762217 ], [ -4.696619487607079, 43.348945677762217 ], [ -4.696619487607079, 43.349362245887789 ], [ -4.695879271639571, 43.349362245887789 ], [ -4.695879271639571, 43.350195373562023 ], [ -4.695139055672063, 43.350195373562023 ], [ -4.695139055672063, 43.351028489800356 ], [ -4.694398839704554, 43.351028489800356 ], [ -4.694398839704554, 43.351445043631067 ], [ -4.693658623737046, 43.351445043631067 ], [ -4.693658623737046, 43.351861594602788 ], [ -4.690697759867012, 43.351861594602788 ], [ -4.690697759867012, 43.352278142715527 ], [ -4.688477111964487, 43.352278142715527 ], [ -4.688477111964487, 43.35311123036405 ], [ -4.687736895996979, 43.35311123036405 ], [ -4.687736895996979, 43.353944306576601 ], [ -4.686996680029471, 43.353944306576601 ], [ -4.686996680029471, 43.354360840394406 ], [ -4.684035816159438, 43.354360840394406 ], [ -4.684035816159438, 43.353944306576601 ], [ -4.681815168256913, 43.353944306576601 ], [ -4.681815168256913, 43.353527769899834 ], [ -4.680334736321896, 43.353527769899834 ], [ -4.680334736321896, 43.35311123036405 ], [ -4.679594520354387, 43.35311123036405 ] ] ], [ [ [ -5.721818602606122, 43.535697187634213 ], [ -5.721818602606122, 43.535281900557365 ], [ -5.721078386638613, 43.535281900557365 ], [ -5.721078386638613, 43.534866610620547 ], [ -5.720338170671106, 43.534866610620547 ], [ -5.720338170671106, 43.534451317823752 ], [ -5.719597954703597, 43.534451317823752 ], [ -5.719597954703597, 43.533620723650237 ], [ -5.718857738736089, 43.533620723650237 ], [ -5.718857738736089, 43.533205422273518 ], [ -5.718117522768581, 43.533205422273518 ], [ -5.718117522768581, 43.532790118036843 ], [ -5.717377306801072, 43.532790118036843 ], [ -5.717377306801072, 43.531959500983589 ], [ -5.716637090833564, 43.531959500983589 ], [ -5.716637090833564, 43.530298232557548 ], [ -5.715896874866057, 43.530298232557548 ], [ -5.715896874866057, 43.527390902703871 ], [ -5.716637090833564, 43.527390902703871 ], [ -5.716637090833564, 43.526144861296039 ], [ -5.717377306801072, 43.526144861296039 ], [ -5.717377306801072, 43.524898794148825 ], [ -5.718117522768581, 43.524898794148825 ], [ -5.718117522768581, 43.524068068417712 ], [ -5.717377306801072, 43.524068068417712 ], [ -5.717377306801072, 43.521991204041377 ], [ -5.716637090833564, 43.521991204041377 ], [ -5.716637090833564, 43.520329661061893 ], [ -5.717377306801072, 43.520329661061893 ], [ -5.717377306801072, 43.518668072323983 ], [ -5.718117522768581, 43.518668072323983 ], [ -5.718117522768581, 43.51742185074167 ], [ -5.718857738736089, 43.51742185074167 ], [ -5.718857738736089, 43.517006437827789 ], [ -5.719597954703597, 43.517006437827789 ], [ -5.719597954703597, 43.516591022054023 ], [ -5.721078386638613, 43.516591022054023 ], [ -5.721078386638613, 43.516175603420372 ], [ -5.721818602606122, 43.516175603420372 ], [ -5.721818602606122, 43.515760181926844 ], [ -5.723299034541139, 43.515760181926844 ], [ -5.723299034541139, 43.516175603420372 ], [ -5.724039250508648, 43.516175603420372 ], [ -5.724039250508648, 43.516591022054023 ], [ -5.725519682443664, 43.516591022054023 ], [ -5.725519682443664, 43.516175603420372 ], [ -5.726259898411173, 43.516175603420372 ], [ -5.726259898411173, 43.515760181926844 ], [ -5.727000114378681, 43.515760181926844 ], [ -5.727000114378681, 43.51534475757343 ], [ -5.727740330346189, 43.51534475757343 ], [ -5.727740330346189, 43.514929330360154 ], [ -5.728480546313697, 43.514929330360154 ], [ -5.728480546313697, 43.514513900287 ], [ -5.729220762281205, 43.514513900287 ], [ -5.729220762281205, 43.514098467353968 ], [ -5.729960978248714, 43.514098467353968 ], [ -5.729960978248714, 43.513683031561072 ], [ -5.730701194216222, 43.513683031561072 ], [ -5.730701194216222, 43.513267592908306 ], [ -5.73144141018373, 43.513267592908306 ], [ -5.73144141018373, 43.512852151395684 ], [ -5.732921842118747, 43.512852151395684 ], [ -5.732921842118747, 43.513267592908306 ], [ -5.734402274053765, 43.513267592908306 ], [ -5.734402274053765, 43.513683031561072 ], [ -5.735142490021273, 43.513683031561072 ], [ -5.735142490021273, 43.514098467353968 ], [ -5.73662292195629, 43.514098467353968 ], [ -5.73662292195629, 43.514513900287 ], [ -5.738103353891305, 43.514513900287 ], [ -5.738103353891305, 43.514929330360154 ], [ -5.738843569858814, 43.514929330360154 ], [ -5.738843569858814, 43.515760181926844 ], [ -5.739583785826321, 43.515760181926844 ], [ -5.739583785826321, 43.516591022054023 ], [ -5.74032400179383, 43.516591022054023 ], [ -5.74032400179383, 43.517837260795666 ], [ -5.741064217761339, 43.517837260795666 ], [ -5.741064217761339, 43.519083473798304 ], [ -5.741804433728848, 43.519083473798304 ], [ -5.741804433728848, 43.520329661061893 ], [ -5.744025081631372, 43.520329661061893 ], [ -5.744025081631372, 43.519914268167263 ], [ -5.744765297598882, 43.519914268167263 ], [ -5.744765297598882, 43.519498872412733 ], [ -5.746245729533897, 43.519498872412733 ], [ -5.746245729533897, 43.519914268167263 ], [ -5.747726161468914, 43.519914268167263 ], [ -5.747726161468914, 43.520329661061893 ], [ -5.748466377436422, 43.520329661061893 ], [ -5.748466377436422, 43.520745051096618 ], [ -5.74920659340393, 43.520745051096618 ], [ -5.74920659340393, 43.521160438271444 ], [ -5.749946809371439, 43.521160438271444 ], [ -5.749946809371439, 43.522406582636464 ], [ -5.750687025338948, 43.522406582636464 ], [ -5.750687025338948, 43.524068068417712 ], [ -5.751427241306456, 43.524068068417712 ], [ -5.751427241306456, 43.525729508440229 ], [ -5.750687025338948, 43.525729508440229 ], [ -5.750687025338948, 43.527390902703871 ], [ -5.749946809371439, 43.527390902703871 ], [ -5.749946809371439, 43.528636918372264 ], [ -5.74920659340393, 43.528636918372264 ], [ -5.74920659340393, 43.529052251208505 ], [ -5.748466377436422, 43.529052251208505 ], [ -5.748466377436422, 43.529467581184797 ], [ -5.746985945501407, 43.529467581184797 ], [ -5.746985945501407, 43.529882908301154 ], [ -5.746245729533897, 43.529882908301154 ], [ -5.746245729533897, 43.530298232557548 ], [ -5.744765297598882, 43.530298232557548 ], [ -5.744765297598882, 43.529882908301154 ], [ -5.744025081631372, 43.529882908301154 ], [ -5.744025081631372, 43.529467581184797 ], [ -5.743284865663864, 43.529467581184797 ], [ -5.743284865663864, 43.529052251208505 ], [ -5.742544649696356, 43.529052251208505 ], [ -5.742544649696356, 43.528636918372264 ], [ -5.741804433728848, 43.528636918372264 ], [ -5.741804433728848, 43.529467581184797 ], [ -5.741064217761339, 43.529467581184797 ], [ -5.741064217761339, 43.530298232557548 ], [ -5.74032400179383, 43.530298232557548 ], [ -5.74032400179383, 43.531128872490477 ], [ -5.739583785826321, 43.531128872490477 ], [ -5.739583785826321, 43.53237481094019 ], [ -5.738843569858814, 43.53237481094019 ], [ -5.738843569858814, 43.533205422273518 ], [ -5.738103353891305, 43.533205422273518 ], [ -5.738103353891305, 43.53403602216698 ], [ -5.737363137923798, 43.53403602216698 ], [ -5.737363137923798, 43.534866610620547 ], [ -5.73662292195629, 43.534866610620547 ], [ -5.73662292195629, 43.535697187634213 ], [ -5.735142490021273, 43.535697187634213 ], [ -5.735142490021273, 43.536112471851069 ], [ -5.732921842118747, 43.536112471851069 ], [ -5.732921842118747, 43.536527753207956 ], [ -5.730701194216222, 43.536527753207956 ], [ -5.730701194216222, 43.536943031704851 ], [ -5.728480546313697, 43.536943031704851 ], [ -5.728480546313697, 43.537358307341755 ], [ -5.727000114378681, 43.537358307341755 ], [ -5.727000114378681, 43.536943031704851 ], [ -5.724039250508648, 43.536943031704851 ], [ -5.724039250508648, 43.536527753207956 ], [ -5.72255881857363, 43.536527753207956 ], [ -5.72255881857363, 43.535697187634213 ], [ -5.721818602606122, 43.535697187634213 ] ] ], [ [ [ -5.824708622089781, 43.546908857629347 ], [ -5.824708622089781, 43.54607843505606 ], [ -5.823968406122273, 43.54607843505606 ], [ -5.823968406122273, 43.545248001042651 ], [ -5.823228190154764, 43.545248001042651 ], [ -5.823228190154764, 43.544417555589114 ], [ -5.822487974187256, 43.544417555589114 ], [ -5.822487974187256, 43.543587098695482 ], [ -5.821747758219748, 43.543587098695482 ], [ -5.821747758219748, 43.542756630361758 ], [ -5.821007542252239, 43.542756630361758 ], [ -5.821007542252239, 43.54192615058799 ], [ -5.82026732628473, 43.54192615058799 ], [ -5.82026732628473, 43.541510906411077 ], [ -5.819527110317222, 43.541510906411077 ], [ -5.819527110317222, 43.537358307341755 ], [ -5.82026732628473, 43.537358307341755 ], [ -5.82026732628473, 43.534866610620547 ], [ -5.821007542252239, 43.534866610620547 ], [ -5.821007542252239, 43.534451317823752 ], [ -5.822487974187256, 43.534451317823752 ], [ -5.822487974187256, 43.53403602216698 ], [ -5.823228190154764, 43.53403602216698 ], [ -5.823228190154764, 43.533620723650237 ], [ -5.824708622089781, 43.533620723650237 ], [ -5.824708622089781, 43.533205422273518 ], [ -5.82544883805729, 43.533205422273518 ], [ -5.82544883805729, 43.532790118036843 ], [ -5.826189054024797, 43.532790118036843 ], [ -5.826189054024797, 43.531959500983589 ], [ -5.826929269992306, 43.531959500983589 ], [ -5.826929269992306, 43.531128872490477 ], [ -5.827669485959815, 43.531128872490477 ], [ -5.827669485959815, 43.530713553953994 ], [ -5.828409701927322, 43.530713553953994 ], [ -5.828409701927322, 43.529882908301154 ], [ -5.829149917894831, 43.529882908301154 ], [ -5.829149917894831, 43.529052251208505 ], [ -5.834331429667389, 43.529052251208505 ], [ -5.834331429667389, 43.529467581184797 ], [ -5.835071645634897, 43.529467581184797 ], [ -5.835071645634897, 43.529882908301154 ], [ -5.835811861602406, 43.529882908301154 ], [ -5.835811861602406, 43.530713553953994 ], [ -5.836552077569914, 43.530713553953994 ], [ -5.836552077569914, 43.531128872490477 ], [ -5.837292293537423, 43.531128872490477 ], [ -5.837292293537423, 43.531959500983589 ], [ -5.838032509504931, 43.531959500983589 ], [ -5.838032509504931, 43.53237481094019 ], [ -5.83877272547244, 43.53237481094019 ], [ -5.83877272547244, 43.533205422273518 ], [ -5.839512941439948, 43.533205422273518 ], [ -5.839512941439948, 43.533620723650237 ], [ -5.840253157407456, 43.533620723650237 ], [ -5.840253157407456, 43.534451317823752 ], [ -5.840993373374964, 43.534451317823752 ], [ -5.840993373374964, 43.534866610620547 ], [ -5.841733589342473, 43.534866610620547 ], [ -5.841733589342473, 43.535697187634213 ], [ -5.842473805309981, 43.535697187634213 ], [ -5.842473805309981, 43.537358307341755 ], [ -5.843214021277489, 43.537358307341755 ], [ -5.843214021277489, 43.539849901103352 ], [ -5.843954237244998, 43.539849901103352 ], [ -5.843954237244998, 43.544832779745889 ], [ -5.843214021277489, 43.544832779745889 ], [ -5.843214021277489, 43.54607843505606 ], [ -5.842473805309981, 43.54607843505606 ], [ -5.842473805309981, 43.546908857629347 ], [ -5.841733589342473, 43.546908857629347 ], [ -5.841733589342473, 43.54773926876247 ], [ -5.840993373374964, 43.54773926876247 ], [ -5.840993373374964, 43.548569668455436 ], [ -5.836552077569914, 43.548569668455436 ], [ -5.836552077569914, 43.548984864011857 ], [ -5.826929269992306, 43.548984864011857 ], [ -5.826929269992306, 43.54815447003898 ], [ -5.826189054024797, 43.54815447003898 ], [ -5.826189054024797, 43.54773926876247 ], [ -5.82544883805729, 43.54773926876247 ], [ -5.82544883805729, 43.546908857629347 ], [ -5.824708622089781, 43.546908857629347 ] ] ], [ [ [ 1.360567774513621, 35.345123981896393 ], [ 1.36130799048113, 35.345123981896393 ], [ 1.36130799048113, 35.343722176674568 ], [ 1.362048206448638, 35.343722176674568 ], [ 1.362048206448638, 35.342320347129579 ], [ 1.362788422416146, 35.342320347129579 ], [ 1.362788422416146, 35.340451203234267 ], [ 1.362048206448638, 35.340451203234267 ], [ 1.362048206448638, 35.338582016099487 ], [ 1.36130799048113, 35.338582016099487 ], [ 1.36130799048113, 35.336712785726213 ], [ 1.360567774513621, 35.336712785726213 ], [ 1.360567774513621, 35.334843512115462 ], [ 1.359827558546113, 35.334843512115462 ], [ 1.359827558546113, 35.33390885909634 ], [ 1.359087342578605, 35.33390885909634 ], [ 1.359087342578605, 35.333441528533392 ], [ 1.358347126611096, 35.333441528533392 ], [ 1.358347126611096, 35.332974195268193 ], [ 1.35686669467608, 35.332974195268193 ], [ 1.35686669467608, 35.3325068593008 ], [ 1.354646046773555, 35.3325068593008 ], [ 1.354646046773555, 35.332974195268193 ], [ 1.353165614838538, 35.332974195268193 ], [ 1.353165614838538, 35.333441528533392 ], [ 1.351685182903521, 35.333441528533392 ], [ 1.351685182903521, 35.33390885909634 ], [ 1.350204750968505, 35.33390885909634 ], [ 1.350204750968505, 35.334376186957023 ], [ 1.349464535000996, 35.334376186957023 ], [ 1.349464535000996, 35.336245471377005 ], [ 1.348724319033488, 35.336245471377005 ], [ 1.348724319033488, 35.340451203234267 ], [ 1.349464535000996, 35.340451203234267 ], [ 1.349464535000996, 35.343254902862128 ], [ 1.350204750968505, 35.343254902862128 ], [ 1.350204750968505, 35.345123981896393 ], [ 1.350944966936013, 35.345123981896393 ], [ 1.350944966936013, 35.345591244898444 ], [ 1.353165614838538, 35.345591244898444 ], [ 1.353165614838538, 35.346058505197867 ], [ 1.354646046773555, 35.346058505197867 ], [ 1.354646046773555, 35.346525762794634 ], [ 1.358347126611096, 35.346525762794634 ], [ 1.358347126611096, 35.346058505197867 ], [ 1.359827558546113, 35.346058505197867 ], [ 1.359827558546113, 35.345591244898444 ], [ 1.360567774513621, 35.345591244898444 ], [ 1.360567774513621, 35.345123981896393 ] ] ], [ [ [ -0.276049729647306, 35.824505411354338 ], [ -0.276049729647306, 35.824040934669902 ], [ -0.274569297712289, 35.824040934669902 ], [ -0.274569297712289, 35.8235764552674 ], [ -0.272348649809764, 35.8235764552674 ], [ -0.272348649809764, 35.82311197314683 ], [ -0.270128001907239, 35.82311197314683 ], [ -0.270128001907239, 35.822647488308213 ], [ -0.267167138037206, 35.822647488308213 ], [ -0.267167138037206, 35.822183000751579 ], [ -0.264946490134681, 35.822183000751579 ], [ -0.264946490134681, 35.821718510476927 ], [ -0.262725842232156, 35.821718510476927 ], [ -0.262725842232156, 35.821254017484272 ], [ -0.260505194329631, 35.821254017484272 ], [ -0.260505194329631, 35.820789521773627 ], [ -0.259764978362122, 35.820789521773627 ], [ -0.259764978362122, 35.819860522198454 ], [ -0.259024762394614, 35.819860522198454 ], [ -0.259024762394614, 35.81939601833394 ], [ -0.258284546427106, 35.81939601833394 ], [ -0.258284546427106, 35.818467002451158 ], [ -0.257544330459597, 35.818467002451158 ], [ -0.257544330459597, 35.818002490432896 ], [ -0.256804114492089, 35.818002490432896 ], [ -0.256804114492089, 35.81753797569678 ], [ -0.255323682557072, 35.81753797569678 ], [ -0.255323682557072, 35.817073458242774 ], [ -0.253843250622056, 35.817073458242774 ], [ -0.253843250622056, 35.816608938070921 ], [ -0.252362818687039, 35.816608938070921 ], [ -0.252362818687039, 35.816144415181228 ], [ -0.250882386752022, 35.816144415181228 ], [ -0.250882386752022, 35.815679889573708 ], [ -0.250142170784514, 35.815679889573708 ], [ -0.250142170784514, 35.814750830205249 ], [ -0.249401954817006, 35.814750830205249 ], [ -0.249401954817006, 35.814286296444358 ], [ -0.248661738849497, 35.814286296444358 ], [ -0.248661738849497, 35.813357220769255 ], [ -0.247921522881989, 35.813357220769255 ], [ -0.247921522881989, 35.812428134223211 ], [ -0.247181306914481, 35.812428134223211 ], [ -0.247181306914481, 35.811963586873631 ], [ -0.246441090946972, 35.811963586873631 ], [ -0.246441090946972, 35.811499036806339 ], [ -0.243480227076939, 35.811499036806339 ], [ -0.243480227076939, 35.811963586873631 ], [ -0.242740011109431, 35.811963586873631 ], [ -0.242740011109431, 35.812428134223211 ], [ -0.241999795141922, 35.812428134223211 ], [ -0.241999795141922, 35.813357220769255 ], [ -0.241259579174414, 35.813357220769255 ], [ -0.241259579174414, 35.813821759965677 ], [ -0.240519363206906, 35.813821759965677 ], [ -0.240519363206906, 35.814750830205249 ], [ -0.239779147239397, 35.814750830205249 ], [ -0.239779147239397, 35.815215361248384 ], [ -0.239038931271889, 35.815215361248384 ], [ -0.239038931271889, 35.815679889573708 ], [ -0.235337851434347, 35.815679889573708 ], [ -0.235337851434347, 35.815215361248384 ], [ -0.231636771596806, 35.815215361248384 ], [ -0.231636771596806, 35.814750830205249 ], [ -0.230896555629297, 35.814750830205249 ], [ -0.230896555629297, 35.813357220769255 ], [ -0.230156339661789, 35.813357220769255 ], [ -0.230156339661789, 35.812428134223211 ], [ -0.229416123694281, 35.812428134223211 ], [ -0.229416123694281, 35.811034484021377 ], [ -0.228675907726772, 35.811034484021377 ], [ -0.228675907726772, 35.810105370298473 ], [ -0.227935691759264, 35.810105370298473 ], [ -0.227935691759264, 35.809176245705025 ], [ -0.227195475791756, 35.809176245705025 ], [ -0.227195475791756, 35.80731796390701 ], [ -0.227935691759264, 35.80731796390701 ], [ -0.227935691759264, 35.805924224024189 ], [ -0.228675907726772, 35.805924224024189 ], [ -0.228675907726772, 35.804530459683846 ], [ -0.229416123694281, 35.804530459683846 ], [ -0.229416123694281, 35.803601269869652 ], [ -0.230156339661789, 35.803601269869652 ], [ -0.230156339661789, 35.803136670886389 ], [ -0.230896555629297, 35.803136670886389 ], [ -0.230896555629297, 35.802672069185711 ], [ -0.231636771596806, 35.802672069185711 ], [ -0.231636771596806, 35.80220746476764 ], [ -0.232376987564314, 35.80220746476764 ], [ -0.232376987564314, 35.801742857632192 ], [ -0.237558499336872, 35.801742857632192 ], [ -0.237558499336872, 35.80220746476764 ], [ -0.238298715304381, 35.80220746476764 ], [ -0.238298715304381, 35.802672069185711 ], [ -0.239038931271889, 35.802672069185711 ], [ -0.239038931271889, 35.800813635209181 ], [ -0.239779147239397, 35.800813635209181 ], [ -0.239779147239397, 35.799884401916799 ], [ -0.240519363206906, 35.799884401916799 ], [ -0.240519363206906, 35.799419781194644 ], [ -0.241259579174414, 35.799419781194644 ], [ -0.241259579174414, 35.798955157755167 ], [ -0.242740011109431, 35.798955157755167 ], [ -0.242740011109431, 35.798490531598425 ], [ -0.245700874979464, 35.798490531598425 ], [ -0.245700874979464, 35.798955157755167 ], [ -0.247181306914481, 35.798955157755167 ], [ -0.247181306914481, 35.799419781194644 ], [ -0.249401954817006, 35.799419781194644 ], [ -0.249401954817006, 35.799884401916799 ], [ -0.250882386752022, 35.799884401916799 ], [ -0.250882386752022, 35.799419781194644 ], [ -0.252362818687039, 35.799419781194644 ], [ -0.252362818687039, 35.798955157755167 ], [ -0.253843250622056, 35.798955157755167 ], [ -0.253843250622056, 35.798490531598425 ], [ -0.255323682557072, 35.798490531598425 ], [ -0.255323682557072, 35.798025902724412 ], [ -0.261245410297139, 35.798025902724412 ], [ -0.261245410297139, 35.798490531598425 ], [ -0.266426922069697, 35.798490531598425 ], [ -0.266426922069697, 35.799419781194644 ], [ -0.267167138037206, 35.799419781194644 ], [ -0.267167138037206, 35.799884401916799 ], [ -0.267907354004714, 35.799884401916799 ], [ -0.267907354004714, 35.800349019921647 ], [ -0.268647569972222, 35.800349019921647 ], [ -0.268647569972222, 35.801278247779365 ], [ -0.269387785939731, 35.801278247779365 ], [ -0.269387785939731, 35.801742857632192 ], [ -0.270128001907239, 35.801742857632192 ], [ -0.270128001907239, 35.80220746476764 ], [ -0.270868217874747, 35.80220746476764 ], [ -0.270868217874747, 35.803136670886389 ], [ -0.271608433842256, 35.803136670886389 ], [ -0.271608433842256, 35.803601269869652 ], [ -0.272348649809764, 35.803601269869652 ], [ -0.272348649809764, 35.804530459683846 ], [ -0.273088865777272, 35.804530459683846 ], [ -0.273088865777272, 35.804995050514783 ], [ -0.273829081744781, 35.804995050514783 ], [ -0.273829081744781, 35.804065866135467 ], [ -0.274569297712289, 35.804065866135467 ], [ -0.274569297712289, 35.803136670886389 ], [ -0.275309513679797, 35.803136670886389 ], [ -0.275309513679797, 35.80220746476764 ], [ -0.276049729647306, 35.80220746476764 ], [ -0.276049729647306, 35.801742857632192 ], [ -0.276789945614814, 35.801742857632192 ], [ -0.276789945614814, 35.801278247779365 ], [ -0.278270377549831, 35.801278247779365 ], [ -0.278270377549831, 35.800813635209181 ], [ -0.279010593517339, 35.800813635209181 ], [ -0.279010593517339, 35.800349019921647 ], [ -0.280491025452356, 35.800349019921647 ], [ -0.280491025452356, 35.800813635209181 ], [ -0.281231241419864, 35.800813635209181 ], [ -0.281231241419864, 35.801278247779365 ], [ -0.282711673354881, 35.801278247779365 ], [ -0.282711673354881, 35.801742857632192 ], [ -0.283451889322389, 35.801742857632192 ], [ -0.283451889322389, 35.80220746476764 ], [ -0.284192105289897, 35.80220746476764 ], [ -0.284192105289897, 35.805459638628236 ], [ -0.284932321257406, 35.805459638628236 ], [ -0.284932321257406, 35.809640809360559 ], [ -0.285672537224914, 35.809640809360559 ], [ -0.285672537224914, 35.813821759965677 ], [ -0.286412753192422, 35.813821759965677 ], [ -0.286412753192422, 35.818467002451158 ], [ -0.287152969159931, 35.818467002451158 ], [ -0.287152969159931, 35.821254017484272 ], [ -0.286412753192422, 35.821254017484272 ], [ -0.286412753192422, 35.822183000751579 ], [ -0.285672537224914, 35.822183000751579 ], [ -0.285672537224914, 35.822647488308213 ], [ -0.284932321257406, 35.822647488308213 ], [ -0.284932321257406, 35.82311197314683 ], [ -0.284192105289897, 35.82311197314683 ], [ -0.284192105289897, 35.8235764552674 ], [ -0.283451889322389, 35.8235764552674 ], [ -0.283451889322389, 35.824040934669902 ], [ -0.282711673354881, 35.824040934669902 ], [ -0.282711673354881, 35.824505411354338 ], [ -0.281971457387372, 35.824505411354338 ], [ -0.281971457387372, 35.824969885320684 ], [ -0.281231241419864, 35.824969885320684 ], [ -0.281231241419864, 35.82543435656892 ], [ -0.280491025452356, 35.82543435656892 ], [ -0.280491025452356, 35.825898825099053 ], [ -0.278270377549831, 35.825898825099053 ], [ -0.278270377549831, 35.82543435656892 ], [ -0.277530161582322, 35.82543435656892 ], [ -0.277530161582322, 35.824969885320684 ], [ -0.276789945614814, 35.824969885320684 ], [ -0.276789945614814, 35.824505411354338 ], [ -0.276049729647306, 35.824505411354338 ] ] ], [ [ [ 0.132549484417295, 36.023051705596806 ], [ 0.133289700384803, 36.023051705596806 ], [ 0.133289700384803, 36.020735118267581 ], [ 0.134029916352311, 36.020735118267581 ], [ 0.134029916352311, 36.015175030812422 ], [ 0.133289700384803, 36.015175030812422 ], [ 0.133289700384803, 36.014711672484637 ], [ 0.132549484417295, 36.014711672484637 ], [ 0.132549484417295, 36.01378494765703 ], [ 0.131809268449787, 36.01378494765703 ], [ 0.131809268449787, 36.012858211933477 ], [ 0.131069052482278, 36.012858211933477 ], [ 0.131069052482278, 36.01239483998576 ], [ 0.13032883651477, 36.01239483998576 ], [ 0.13032883651477, 36.011468087918502 ], [ 0.129588620547261, 36.011468087918502 ], [ 0.129588620547261, 36.011004707799003 ], [ 0.127367972644737, 36.011004707799003 ], [ 0.127367972644737, 36.010541324955597 ], [ 0.123666892807195, 36.010541324955597 ], [ 0.123666892807195, 36.010077939388303 ], [ 0.122926676839686, 36.010077939388303 ], [ 0.122926676839686, 36.010541324955597 ], [ 0.122186460872178, 36.010541324955597 ], [ 0.122186460872178, 36.011468087918502 ], [ 0.12144624490467, 36.011468087918502 ], [ 0.12144624490467, 36.012858211933477 ], [ 0.120706028937161, 36.012858211933477 ], [ 0.120706028937161, 36.014248311432823 ], [ 0.119965812969653, 36.014248311432823 ], [ 0.119965812969653, 36.015175030812422 ], [ 0.119225597002145, 36.015175030812422 ], [ 0.119225597002145, 36.018418462833345 ], [ 0.119965812969653, 36.018418462833345 ], [ 0.119965812969653, 36.021661761371966 ], [ 0.120706028937161, 36.021661761371966 ], [ 0.120706028937161, 36.023051705596806 ], [ 0.12144624490467, 36.023051705596806 ], [ 0.12144624490467, 36.023978321458699 ], [ 0.122186460872178, 36.023978321458699 ], [ 0.122186460872178, 36.024441625303204 ], [ 0.122926676839686, 36.024441625303204 ], [ 0.122926676839686, 36.025368224819253 ], [ 0.128108188612245, 36.025368224819253 ], [ 0.128108188612245, 36.025831520490769 ], [ 0.13032883651477, 36.025831520490769 ], [ 0.13032883651477, 36.024904926423396 ], [ 0.131069052482278, 36.024904926423396 ], [ 0.131069052482278, 36.024441625303204 ], [ 0.131809268449787, 36.024441625303204 ], [ 0.131809268449787, 36.023515014889895 ], [ 0.132549484417295, 36.023515014889895 ], [ 0.132549484417295, 36.023051705596806 ] ] ], [ [ [ 1.246574515517338, 36.135555728038689 ], [ 1.247314731484846, 36.135555728038689 ], [ 1.247314731484846, 36.13370511326643 ], [ 1.248054947452355, 36.13370511326643 ], [ 1.248054947452355, 36.132317123546741 ], [ 1.248795163419863, 36.132317123546741 ], [ 1.248795163419863, 36.130466432400581 ], [ 1.249535379387371, 36.130466432400581 ], [ 1.249535379387371, 36.129078385401499 ], [ 1.25027559535488, 36.129078385401499 ], [ 1.25027559535488, 36.123988669722088 ], [ 1.249535379387371, 36.123988669722088 ], [ 1.249535379387371, 36.123063231414996 ], [ 1.248795163419863, 36.123063231414996 ], [ 1.248795163419863, 36.122137782198543 ], [ 1.248054947452355, 36.122137782198543 ], [ 1.248054947452355, 36.121212322072857 ], [ 1.247314731484846, 36.121212322072857 ], [ 1.247314731484846, 36.120286851038067 ], [ 1.246574515517338, 36.120286851038067 ], [ 1.246574515517338, 36.119824111429786 ], [ 1.245834299549829, 36.119824111429786 ], [ 1.245834299549829, 36.119361369094264 ], [ 1.244353867614813, 36.119361369094264 ], [ 1.244353867614813, 36.118898624031523 ], [ 1.243613651647304, 36.118898624031523 ], [ 1.243613651647304, 36.11843587624157 ], [ 1.242133219712288, 36.11843587624157 ], [ 1.242133219712288, 36.118898624031523 ], [ 1.24139300374478, 36.118898624031523 ], [ 1.24139300374478, 36.119361369094264 ], [ 1.239912571809763, 36.119361369094264 ], [ 1.239912571809763, 36.119824111429786 ], [ 1.239172355842254, 36.119824111429786 ], [ 1.239172355842254, 36.120286851038067 ], [ 1.237691923907238, 36.120286851038067 ], [ 1.237691923907238, 36.11843587624157 ], [ 1.236951707939729, 36.11843587624157 ], [ 1.236951707939729, 36.117047616508593 ], [ 1.236211491972221, 36.117047616508593 ], [ 1.236211491972221, 36.11658485780994 ], [ 1.235471276004713, 36.11658485780994 ], [ 1.235471276004713, 36.115659332231232 ], [ 1.234731060037205, 36.115659332231232 ], [ 1.234731060037205, 36.115196565351212 ], [ 1.231029980199663, 36.115196565351212 ], [ 1.231029980199663, 36.115659332231232 ], [ 1.228809332297138, 36.115659332231232 ], [ 1.228809332297138, 36.116122096384153 ], [ 1.22806911632963, 36.116122096384153 ], [ 1.22806911632963, 36.11658485780994 ], [ 1.227328900362121, 36.11658485780994 ], [ 1.227328900362121, 36.120286851038067 ], [ 1.226588684394613, 36.120286851038067 ], [ 1.226588684394613, 36.122600508170429 ], [ 1.227328900362121, 36.122600508170429 ], [ 1.227328900362121, 36.123063231414996 ], [ 1.22806911632963, 36.123063231414996 ], [ 1.22806911632963, 36.123988669722088 ], [ 1.228809332297138, 36.123988669722088 ], [ 1.228809332297138, 36.124451384784592 ], [ 1.229549548264646, 36.124451384784592 ], [ 1.229549548264646, 36.124914097119721 ], [ 1.233250628102188, 36.124914097119721 ], [ 1.233250628102188, 36.125376806727459 ], [ 1.232510412134679, 36.125376806727459 ], [ 1.232510412134679, 36.126764919186158 ], [ 1.231770196167171, 36.126764919186158 ], [ 1.231770196167171, 36.128153007097822 ], [ 1.231029980199663, 36.128153007097822 ], [ 1.231029980199663, 36.129541070462068 ], [ 1.231770196167171, 36.129541070462068 ], [ 1.231770196167171, 36.130929109278505 ], [ 1.232510412134679, 36.130929109278505 ], [ 1.232510412134679, 36.132317123546741 ], [ 1.233250628102188, 36.132317123546741 ], [ 1.233250628102188, 36.13370511326643 ], [ 1.233990844069696, 36.13370511326643 ], [ 1.233990844069696, 36.135093078437173 ], [ 1.234731060037205, 36.135093078437173 ], [ 1.234731060037205, 36.136481019058579 ], [ 1.236211491972221, 36.136481019058579 ], [ 1.236211491972221, 36.136943660476909 ], [ 1.236951707939729, 36.136943660476909 ], [ 1.236951707939729, 36.13740629916748 ], [ 1.238432139874746, 36.13740629916748 ], [ 1.238432139874746, 36.137868935130264 ], [ 1.239172355842254, 36.137868935130264 ], [ 1.239172355842254, 36.138331568365288 ], [ 1.242873435679796, 36.138331568365288 ], [ 1.242873435679796, 36.137868935130264 ], [ 1.244353867614813, 36.137868935130264 ], [ 1.244353867614813, 36.13740629916748 ], [ 1.245094083582321, 36.13740629916748 ], [ 1.245094083582321, 36.136943660476909 ], [ 1.246574515517338, 36.136943660476909 ], [ 1.246574515517338, 36.135555728038689 ] ] ], [ [ [ 2.935007137403848, 36.145270739546369 ], [ 2.935007137403848, 36.143420353912397 ], [ 2.935747353371357, 36.143420353912397 ], [ 2.935747353371357, 36.141107310491023 ], [ 2.936487569338865, 36.141107310491023 ], [ 2.936487569338865, 36.13740629916748 ], [ 2.935747353371357, 36.13740629916748 ], [ 2.935747353371357, 36.136018374912496 ], [ 2.935007137403848, 36.136018374912496 ], [ 2.935007137403848, 36.134167771051025 ], [ 2.93426692143634, 36.134167771051025 ], [ 2.93426692143634, 36.133242452754182 ], [ 2.932046273533815, 36.133242452754182 ], [ 2.932046273533815, 36.132779789514281 ], [ 2.930565841598798, 36.132779789514281 ], [ 2.930565841598798, 36.132317123546741 ], [ 2.928345193696273, 36.132317123546741 ], [ 2.928345193696273, 36.131854454851599 ], [ 2.927604977728765, 36.131854454851599 ], [ 2.927604977728765, 36.130929109278505 ], [ 2.926864761761257, 36.130929109278505 ], [ 2.926864761761257, 36.130003752795091 ], [ 2.926124545793748, 36.130003752795091 ], [ 2.926124545793748, 36.129078385401499 ], [ 2.92538432982624, 36.129078385401499 ], [ 2.92538432982624, 36.128153007097822 ], [ 2.923903897891223, 36.128153007097822 ], [ 2.923903897891223, 36.128615697613419 ], [ 2.921683249988698, 36.128615697613419 ], [ 2.921683249988698, 36.129078385401499 ], [ 2.919462602086173, 36.129078385401499 ], [ 2.919462602086173, 36.129541070462068 ], [ 2.918722386118665, 36.129541070462068 ], [ 2.918722386118665, 36.130003752795091 ], [ 2.917982170151157, 36.130003752795091 ], [ 2.917982170151157, 36.13370511326643 ], [ 2.917241954183648, 36.13370511326643 ], [ 2.917241954183648, 36.135555728038689 ], [ 2.917982170151157, 36.135555728038689 ], [ 2.917982170151157, 36.136481019058579 ], [ 2.918722386118665, 36.136481019058579 ], [ 2.918722386118665, 36.136943660476909 ], [ 2.919462602086173, 36.136943660476909 ], [ 2.919462602086173, 36.137868935130264 ], [ 2.920202818053682, 36.137868935130264 ], [ 2.920202818053682, 36.139719451703449 ], [ 2.92094303402119, 36.139719451703449 ], [ 2.92094303402119, 36.142495144727611 ], [ 2.921683249988698, 36.142495144727611 ], [ 2.921683249988698, 36.145270739546369 ], [ 2.922423465956207, 36.145270739546369 ], [ 2.922423465956207, 36.14573332913487 ], [ 2.924644113858732, 36.14573332913487 ], [ 2.924644113858732, 36.146195915995342 ], [ 2.926124545793748, 36.146195915995342 ], [ 2.926124545793748, 36.146658500127771 ], [ 2.928345193696273, 36.146658500127771 ], [ 2.928345193696273, 36.147121081532141 ], [ 2.932046273533815, 36.147121081532141 ], [ 2.932046273533815, 36.146658500127771 ], [ 2.932786489501323, 36.146658500127771 ], [ 2.932786489501323, 36.146195915995342 ], [ 2.93426692143634, 36.146195915995342 ], [ 2.93426692143634, 36.145270739546369 ], [ 2.935007137403848, 36.145270739546369 ] ] ], [ [ [ 3.143748040241198, 36.603276314916315 ], [ 3.144488256208707, 36.603276314916315 ], [ 3.144488256208707, 36.596837793024264 ], [ 3.145228472176215, 36.596837793024264 ], [ 3.145228472176215, 36.594998116648675 ], [ 3.144488256208707, 36.594998116648675 ], [ 3.144488256208707, 36.594078262012708 ], [ 3.143748040241198, 36.594078262012708 ], [ 3.143748040241198, 36.593618330582743 ], [ 3.14300782427369, 36.593618330582743 ], [ 3.14300782427369, 36.593158396411461 ], [ 3.142267608306182, 36.593158396411461 ], [ 3.142267608306182, 36.592238519845012 ], [ 3.141527392338674, 36.592238519845012 ], [ 3.141527392338674, 36.591778577449873 ], [ 3.140787176371165, 36.591778577449873 ], [ 3.140787176371165, 36.591318632313481 ], [ 3.132644800728573, 36.591318632313481 ], [ 3.132644800728573, 36.591778577449873 ], [ 3.131904584761065, 36.591778577449873 ], [ 3.131904584761065, 36.592238519845012 ], [ 3.131164368793557, 36.592238519845012 ], [ 3.131164368793557, 36.592698459498877 ], [ 3.130424152826048, 36.592698459498877 ], [ 3.130424152826048, 36.593158396411461 ], [ 3.12968393685854, 36.593158396411461 ], [ 3.12968393685854, 36.593618330582743 ], [ 3.128943720891032, 36.593618330582743 ], [ 3.128943720891032, 36.594078262012708 ], [ 3.128203504923524, 36.594078262012708 ], [ 3.128203504923524, 36.594998116648675 ], [ 3.127463288956015, 36.594998116648675 ], [ 3.127463288956015, 36.595458039854627 ], [ 3.128203504923524, 36.595458039854627 ], [ 3.128203504923524, 36.598677425537396 ], [ 3.128943720891032, 36.598677425537396 ], [ 3.128943720891032, 36.601896676888721 ], [ 3.12968393685854, 36.601896676888721 ], [ 3.12968393685854, 36.604196059893432 ], [ 3.130424152826048, 36.604196059893432 ], [ 3.130424152826048, 36.604655928269572 ], [ 3.131164368793557, 36.604655928269572 ], [ 3.131164368793557, 36.605575656796958 ], [ 3.131904584761065, 36.605575656796958 ], [ 3.131904584761065, 36.606035516948175 ], [ 3.132644800728573, 36.606035516948175 ], [ 3.132644800728573, 36.606495374357721 ], [ 3.141527392338674, 36.606495374357721 ], [ 3.141527392338674, 36.605575656796958 ], [ 3.142267608306182, 36.605575656796958 ], [ 3.142267608306182, 36.605115793904091 ], [ 3.14300782427369, 36.605115793904091 ], [ 3.14300782427369, 36.604196059893432 ], [ 3.143748040241198, 36.604196059893432 ], [ 3.143748040241198, 36.603276314916315 ] ] ], [ [ [ 2.890594179353348, 36.61017413493235 ], [ 2.890594179353348, 36.608334776578928 ], [ 2.891334395320857, 36.608334776578928 ], [ 2.891334395320857, 36.606495374357721 ], [ 2.892074611288365, 36.606495374357721 ], [ 2.892074611288365, 36.606035516948175 ], [ 2.891334395320857, 36.606035516948175 ], [ 2.891334395320857, 36.605115793904091 ], [ 2.892814827255873, 36.605115793904091 ], [ 2.892814827255873, 36.605575656796958 ], [ 2.893555043223381, 36.605575656796958 ], [ 2.893555043223381, 36.606035516948175 ], [ 2.895035475158398, 36.606035516948175 ], [ 2.895035475158398, 36.605575656796958 ], [ 2.895775691125907, 36.605575656796958 ], [ 2.895775691125907, 36.605115793904091 ], [ 2.896515907093415, 36.605115793904091 ], [ 2.896515907093415, 36.604655928269572 ], [ 2.897256123060923, 36.604655928269572 ], [ 2.897256123060923, 36.604196059893432 ], [ 2.897996339028431, 36.604196059893432 ], [ 2.897996339028431, 36.603736188775677 ], [ 2.89873655499594, 36.603736188775677 ], [ 2.89873655499594, 36.603276314916315 ], [ 2.899476770963448, 36.603276314916315 ], [ 2.899476770963448, 36.602816438315351 ], [ 2.900216986930956, 36.602816438315351 ], [ 2.900216986930956, 36.602356558972815 ], [ 2.901697418865973, 36.602356558972815 ], [ 2.901697418865973, 36.601896676888721 ], [ 2.902437634833482, 36.601896676888721 ], [ 2.902437634833482, 36.600057121136963 ], [ 2.90317785080099, 36.600057121136963 ], [ 2.90317785080099, 36.598217521521264 ], [ 2.903918066768498, 36.598217521521264 ], [ 2.903918066768498, 36.597757614763687 ], [ 2.90317785080099, 36.597757614763687 ], [ 2.90317785080099, 36.596377878042439 ], [ 2.902437634833482, 36.596377878042439 ], [ 2.902437634833482, 36.595458039854627 ], [ 2.901697418865973, 36.595458039854627 ], [ 2.901697418865973, 36.594078262012708 ], [ 2.900957202898465, 36.594078262012708 ], [ 2.900957202898465, 36.593158396411461 ], [ 2.900216986930956, 36.593158396411461 ], [ 2.900216986930956, 36.592698459498877 ], [ 2.899476770963448, 36.592698459498877 ], [ 2.899476770963448, 36.593158396411461 ], [ 2.896515907093415, 36.593158396411461 ], [ 2.896515907093415, 36.593618330582743 ], [ 2.89429525919089, 36.593618330582743 ], [ 2.89429525919089, 36.594078262012708 ], [ 2.891334395320857, 36.594078262012708 ], [ 2.891334395320857, 36.594538190701364 ], [ 2.889113747418332, 36.594538190701364 ], [ 2.889113747418332, 36.596377878042439 ], [ 2.888373531450823, 36.596377878042439 ], [ 2.888373531450823, 36.598217521521264 ], [ 2.887633315483315, 36.598217521521264 ], [ 2.887633315483315, 36.598677425537396 ], [ 2.888373531450823, 36.598677425537396 ], [ 2.888373531450823, 36.600976904495894 ], [ 2.889113747418332, 36.600976904495894 ], [ 2.889113747418332, 36.601896676888721 ], [ 2.887633315483315, 36.601896676888721 ], [ 2.887633315483315, 36.601436792063076 ], [ 2.886893099515807, 36.601436792063076 ], [ 2.886893099515807, 36.600976904495894 ], [ 2.88541266758079, 36.600976904495894 ], [ 2.88541266758079, 36.599597225345263 ], [ 2.886152883548299, 36.599597225345263 ], [ 2.886152883548299, 36.598677425537396 ], [ 2.886893099515807, 36.598677425537396 ], [ 2.886893099515807, 36.597757614763687 ], [ 2.887633315483315, 36.597757614763687 ], [ 2.887633315483315, 36.596377878042439 ], [ 2.886893099515807, 36.596377878042439 ], [ 2.886893099515807, 36.594998116648675 ], [ 2.886152883548299, 36.594998116648675 ], [ 2.886152883548299, 36.593618330582743 ], [ 2.88541266758079, 36.593618330582743 ], [ 2.88541266758079, 36.592238519845012 ], [ 2.884672451613281, 36.592238519845012 ], [ 2.884672451613281, 36.590858684435844 ], [ 2.883932235645773, 36.590858684435844 ], [ 2.883932235645773, 36.590398733816969 ], [ 2.883192019678265, 36.590398733816969 ], [ 2.883192019678265, 36.58993878045689 ], [ 2.882451803710757, 36.58993878045689 ], [ 2.882451803710757, 36.589478824355602 ], [ 2.88097137177574, 36.589478824355602 ], [ 2.88097137177574, 36.589018865513104 ], [ 2.880231155808231, 36.589018865513104 ], [ 2.880231155808231, 36.588558903929453 ], [ 2.877270291938198, 36.588558903929453 ], [ 2.877270291938198, 36.589018865513104 ], [ 2.87653007597069, 36.589018865513104 ], [ 2.87653007597069, 36.589478824355602 ], [ 2.875789860003182, 36.589478824355602 ], [ 2.875789860003182, 36.58993878045689 ], [ 2.875049644035673, 36.58993878045689 ], [ 2.875049644035673, 36.590398733816969 ], [ 2.874309428068165, 36.590398733816969 ], [ 2.874309428068165, 36.590858684435844 ], [ 2.873569212100656, 36.590858684435844 ], [ 2.873569212100656, 36.591318632313481 ], [ 2.872828996133148, 36.591318632313481 ], [ 2.872828996133148, 36.591778577449873 ], [ 2.87208878016564, 36.591778577449873 ], [ 2.87208878016564, 36.592238519845012 ], [ 2.871348564198132, 36.592238519845012 ], [ 2.871348564198132, 36.592698459498877 ], [ 2.870608348230624, 36.592698459498877 ], [ 2.870608348230624, 36.593158396411461 ], [ 2.869127916295606, 36.593158396411461 ], [ 2.869127916295606, 36.593618330582743 ], [ 2.868387700328098, 36.593618330582743 ], [ 2.868387700328098, 36.596377878042439 ], [ 2.86764748436059, 36.596377878042439 ], [ 2.86764748436059, 36.600976904495894 ], [ 2.868387700328098, 36.600976904495894 ], [ 2.868387700328098, 36.602816438315351 ], [ 2.869127916295606, 36.602816438315351 ], [ 2.869127916295606, 36.604655928269572 ], [ 2.869868132263115, 36.604655928269572 ], [ 2.869868132263115, 36.605115793904091 ], [ 2.870608348230624, 36.605115793904091 ], [ 2.870608348230624, 36.605575656796958 ], [ 2.87208878016564, 36.605575656796958 ], [ 2.87208878016564, 36.606035516948175 ], [ 2.873569212100656, 36.606035516948175 ], [ 2.873569212100656, 36.606495374357721 ], [ 2.87653007597069, 36.606495374357721 ], [ 2.87653007597069, 36.606035516948175 ], [ 2.877270291938198, 36.606035516948175 ], [ 2.877270291938198, 36.605575656796958 ], [ 2.878010507905707, 36.605575656796958 ], [ 2.878010507905707, 36.605115793904091 ], [ 2.879490939840723, 36.605115793904091 ], [ 2.879490939840723, 36.604655928269572 ], [ 2.880231155808231, 36.604655928269572 ], [ 2.880231155808231, 36.604196059893432 ], [ 2.88097137177574, 36.604196059893432 ], [ 2.88097137177574, 36.605575656796958 ], [ 2.880231155808231, 36.605575656796958 ], [ 2.880231155808231, 36.607415080951746 ], [ 2.88097137177574, 36.607415080951746 ], [ 2.88097137177574, 36.608794620279923 ], [ 2.881711587743248, 36.608794620279923 ], [ 2.881711587743248, 36.61017413493235 ], [ 2.882451803710757, 36.61017413493235 ], [ 2.882451803710757, 36.610633967666281 ], [ 2.883192019678265, 36.610633967666281 ], [ 2.883192019678265, 36.611093797658391 ], [ 2.884672451613281, 36.611093797658391 ], [ 2.884672451613281, 36.611553624908673 ], [ 2.88541266758079, 36.611553624908673 ], [ 2.88541266758079, 36.612013449417155 ], [ 2.886893099515807, 36.612013449417155 ], [ 2.886893099515807, 36.611553624908673 ], [ 2.887633315483315, 36.611553624908673 ], [ 2.887633315483315, 36.611093797658391 ], [ 2.889113747418332, 36.611093797658391 ], [ 2.889113747418332, 36.610633967666281 ], [ 2.88985396338584, 36.610633967666281 ], [ 2.88985396338584, 36.61017413493235 ], [ 2.890594179353348, 36.61017413493235 ] ], [ [ 2.88541266758079, 36.601436792063076 ], [ 2.884672451613281, 36.601436792063076 ], [ 2.884672451613281, 36.600976904495894 ], [ 2.88541266758079, 36.600976904495894 ], [ 2.88541266758079, 36.601436792063076 ] ] ], [ [ [ 3.236275036179741, 36.636839900890493 ], [ 3.237015252147248, 36.636839900890493 ], [ 3.237015252147248, 36.635920545287931 ], [ 3.237755468114757, 36.635920545287931 ], [ 3.237755468114757, 36.635001178715243 ], [ 3.238495684082265, 36.635001178715243 ], [ 3.238495684082265, 36.634081801172542 ], [ 3.239235900049774, 36.634081801172542 ], [ 3.239235900049774, 36.627645851221985 ], [ 3.238495684082265, 36.627645851221985 ], [ 3.238495684082265, 36.627186119943595 ], [ 3.237755468114757, 36.627186119943595 ], [ 3.237755468114757, 36.626266649159994 ], [ 3.237015252147248, 36.626266649159994 ], [ 3.237015252147248, 36.625806909654813 ], [ 3.236275036179741, 36.625806909654813 ], [ 3.236275036179741, 36.624887422417736 ], [ 3.235534820212232, 36.624887422417736 ], [ 3.235534820212232, 36.624427674685869 ], [ 3.234794604244723, 36.624427674685869 ], [ 3.234794604244723, 36.623508170995557 ], [ 3.234054388277215, 36.623508170995557 ], [ 3.234054388277215, 36.623048415037132 ], [ 3.233314172309707, 36.623048415037132 ], [ 3.233314172309707, 36.623508170995557 ], [ 3.231093524407182, 36.623508170995557 ], [ 3.231093524407182, 36.623967924211811 ], [ 3.228872876504657, 36.623967924211811 ], [ 3.228872876504657, 36.624427674685869 ], [ 3.22739244456964, 36.624427674685869 ], [ 3.22739244456964, 36.624887422417736 ], [ 3.226652228602132, 36.624887422417736 ], [ 3.226652228602132, 36.625347167407384 ], [ 3.225912012634624, 36.625347167407384 ], [ 3.225912012634624, 36.626266649159994 ], [ 3.225171796667116, 36.626266649159994 ], [ 3.225171796667116, 36.626726385922929 ], [ 3.224431580699607, 36.626726385922929 ], [ 3.224431580699607, 36.634541491315147 ], [ 3.225171796667116, 36.634541491315147 ], [ 3.225171796667116, 36.635460863372849 ], [ 3.225912012634624, 36.635460863372849 ], [ 3.225912012634624, 36.635920545287931 ], [ 3.226652228602132, 36.635920545287931 ], [ 3.226652228602132, 36.636839900890493 ], [ 3.22739244456964, 36.636839900890493 ], [ 3.22739244456964, 36.637299574577931 ], [ 3.228132660537149, 36.637299574577931 ], [ 3.228132660537149, 36.638218913725105 ], [ 3.228872876504657, 36.638218913725105 ], [ 3.228872876504657, 36.638678579184806 ], [ 3.229613092472166, 36.638678579184806 ], [ 3.229613092472166, 36.639138241901897 ], [ 3.234794604244723, 36.639138241901897 ], [ 3.234794604244723, 36.638678579184806 ], [ 3.235534820212232, 36.638678579184806 ], [ 3.235534820212232, 36.637759245522808 ], [ 3.236275036179741, 36.637759245522808 ], [ 3.236275036179741, 36.636839900890493 ] ] ], [ [ [ 3.126723072988507, 36.687387561947112 ], [ 3.127463288956015, 36.687387561947112 ], [ 3.127463288956015, 36.68692818727758 ], [ 3.128943720891032, 36.68692818727758 ], [ 3.128943720891032, 36.686468809864046 ], [ 3.130424152826048, 36.686468809864046 ], [ 3.130424152826048, 36.68600942970653 ], [ 3.131164368793557, 36.68600942970653 ], [ 3.131164368793557, 36.683712487759699 ], [ 3.131904584761065, 36.683712487759699 ], [ 3.131904584761065, 36.680496653790591 ], [ 3.132644800728573, 36.680496653790591 ], [ 3.132644800728573, 36.676361812562291 ], [ 3.131904584761065, 36.676361812562291 ], [ 3.131904584761065, 36.67452403401316 ], [ 3.131164368793557, 36.67452403401316 ], [ 3.131164368793557, 36.674064582516735 ], [ 3.130424152826048, 36.674064582516735 ], [ 3.130424152826048, 36.673605128276698 ], [ 3.12968393685854, 36.673605128276698 ], [ 3.12968393685854, 36.673145671293035 ], [ 3.128203504923524, 36.673145671293035 ], [ 3.128203504923524, 36.672686211565782 ], [ 3.114879617508374, 36.672686211565782 ], [ 3.114879617508374, 36.673145671293035 ], [ 3.113399185573357, 36.673145671293035 ], [ 3.113399185573357, 36.673605128276698 ], [ 3.112658969605848, 36.673605128276698 ], [ 3.112658969605848, 36.674064582516735 ], [ 3.11191875363834, 36.674064582516735 ], [ 3.11191875363834, 36.674983482765938 ], [ 3.111178537670832, 36.674983482765938 ], [ 3.111178537670832, 36.676361812562291 ], [ 3.110438321703324, 36.676361812562291 ], [ 3.110438321703324, 36.678658974015555 ], [ 3.109698105735816, 36.678658974015555 ], [ 3.109698105735816, 36.684631272770233 ], [ 3.110438321703324, 36.684631272770233 ], [ 3.110438321703324, 36.686468809864046 ], [ 3.111178537670832, 36.686468809864046 ], [ 3.111178537670832, 36.687846933872635 ], [ 3.112658969605848, 36.687846933872635 ], [ 3.112658969605848, 36.688306303054155 ], [ 3.115619833475882, 36.688306303054155 ], [ 3.115619833475882, 36.688765669491623 ], [ 3.118580697345915, 36.688765669491623 ], [ 3.118580697345915, 36.689225033185046 ], [ 3.123021993150966, 36.689225033185046 ], [ 3.123021993150966, 36.688765669491623 ], [ 3.124502425085982, 36.688765669491623 ], [ 3.124502425085982, 36.688306303054155 ], [ 3.12524264105349, 36.688306303054155 ], [ 3.12524264105349, 36.687846933872635 ], [ 3.126723072988507, 36.687846933872635 ], [ 3.126723072988507, 36.687387561947112 ] ] ], [ [ [ 3.088972058645582, 36.753049880997843 ], [ 3.089712274613091, 36.753049880997843 ], [ 3.089712274613091, 36.74524681113099 ], [ 3.088972058645582, 36.74524681113099 ], [ 3.088972058645582, 36.744787782309629 ], [ 3.088231842678073, 36.744787782309629 ], [ 3.088231842678073, 36.744328750742632 ], [ 3.087491626710565, 36.744328750742632 ], [ 3.087491626710565, 36.743869716429998 ], [ 3.086751410743056, 36.743869716429998 ], [ 3.086751410743056, 36.743410679371763 ], [ 3.086011194775548, 36.743410679371763 ], [ 3.086011194775548, 36.742951639567913 ], [ 3.08527097880804, 36.742951639567913 ], [ 3.08527097880804, 36.742492597018455 ], [ 3.084530762840532, 36.742492597018455 ], [ 3.084530762840532, 36.742033551723452 ], [ 3.083790546873024, 36.742033551723452 ], [ 3.083790546873024, 36.741574503682855 ], [ 3.083050330905515, 36.741574503682855 ], [ 3.083050330905515, 36.741115452896715 ], [ 3.078609035100465, 36.741115452896715 ], [ 3.078609035100465, 36.741574503682855 ], [ 3.077868819132957, 36.741574503682855 ], [ 3.077868819132957, 36.742492597018455 ], [ 3.077128603165448, 36.742492597018455 ], [ 3.077128603165448, 36.742951639567913 ], [ 3.07638838719794, 36.742951639567913 ], [ 3.07638838719794, 36.743869716429998 ], [ 3.075648171230431, 36.743869716429998 ], [ 3.075648171230431, 36.744328750742632 ], [ 3.074907955262923, 36.744328750742632 ], [ 3.074907955262923, 36.74524681113099 ], [ 3.074167739295415, 36.74524681113099 ], [ 3.074167739295415, 36.746164860536709 ], [ 3.073427523327906, 36.746164860536709 ], [ 3.073427523327906, 36.75121393594906 ], [ 3.074167739295415, 36.75121393594906 ], [ 3.074167739295415, 36.752131913965158 ], [ 3.074907955262923, 36.752131913965158 ], [ 3.074907955262923, 36.752590898854436 ], [ 3.075648171230431, 36.752590898854436 ], [ 3.075648171230431, 36.753508860395392 ], [ 3.07638838719794, 36.753508860395392 ], [ 3.07638838719794, 36.753967837047014 ], [ 3.077128603165448, 36.753967837047014 ], [ 3.077128603165448, 36.754885782112567 ], [ 3.077868819132957, 36.754885782112567 ], [ 3.077868819132957, 36.755344750526469 ], [ 3.086751410743056, 36.755344750526469 ], [ 3.086751410743056, 36.754885782112567 ], [ 3.087491626710565, 36.754885782112567 ], [ 3.087491626710565, 36.754426810952772 ], [ 3.088231842678073, 36.754426810952772 ], [ 3.088231842678073, 36.753508860395392 ], [ 3.088972058645582, 36.753508860395392 ], [ 3.088972058645582, 36.753049880997843 ] ] ], [ [ [ -0.541047046015289, 38.383001190552044 ], [ -0.541047046015289, 38.382552144060448 ], [ -0.539566614080273, 38.382552144060448 ], [ -0.539566614080273, 38.382103094781193 ], [ -0.538826398112764, 38.382103094781193 ], [ -0.538826398112764, 38.381654042714295 ], [ -0.537345966177748, 38.381654042714295 ], [ -0.537345966177748, 38.380755930217589 ], [ -0.536605750210239, 38.380755930217589 ], [ -0.536605750210239, 38.378959671772826 ], [ -0.535865534242731, 38.378959671772826 ], [ -0.535865534242731, 38.376265200478599 ], [ -0.536605750210239, 38.376265200478599 ], [ -0.536605750210239, 38.374468830531988 ], [ -0.537345966177748, 38.374468830531988 ], [ -0.537345966177748, 38.373121523803533 ], [ -0.538086182145256, 38.373121523803533 ], [ -0.538086182145256, 38.371774191988081 ], [ -0.538826398112764, 38.371774191988081 ], [ -0.538826398112764, 38.371325075808087 ], [ -0.539566614080273, 38.371325075808087 ], [ -0.539566614080273, 38.370875956840699 ], [ -0.541047046015289, 38.370875956840699 ], [ -0.541047046015289, 38.370426835085915 ], [ -0.541787261982798, 38.370426835085915 ], [ -0.541787261982798, 38.369977710543743 ], [ -0.542527477950306, 38.369977710543743 ], [ -0.542527477950306, 38.369528583214205 ], [ -0.543267693917814, 38.369528583214205 ], [ -0.543267693917814, 38.369079453097306 ], [ -0.544007909885323, 38.369079453097306 ], [ -0.544007909885323, 38.368630320193063 ], [ -0.546228557787848, 38.368630320193063 ], [ -0.546228557787848, 38.369079453097306 ], [ -0.546968773755356, 38.369079453097306 ], [ -0.546968773755356, 38.369528583214205 ], [ -0.548449205690373, 38.369528583214205 ], [ -0.548449205690373, 38.369977710543743 ], [ -0.549929637625389, 38.369977710543743 ], [ -0.549929637625389, 38.370875956840699 ], [ -0.550669853592898, 38.370875956840699 ], [ -0.550669853592898, 38.373121523803533 ], [ -0.551410069560406, 38.373121523803533 ], [ -0.551410069560406, 38.37581611217319 ], [ -0.552150285527914, 38.37581611217319 ], [ -0.552150285527914, 38.376265200478599 ], [ -0.551410069560406, 38.376265200478599 ], [ -0.551410069560406, 38.378510600192676 ], [ -0.550669853592898, 38.378510600192676 ], [ -0.550669853592898, 38.380755930217589 ], [ -0.549929637625389, 38.380755930217589 ], [ -0.549929637625389, 38.381654042714295 ], [ -0.549189421657881, 38.381654042714295 ], [ -0.549189421657881, 38.382103094781193 ], [ -0.547708989722864, 38.382103094781193 ], [ -0.547708989722864, 38.382552144060448 ], [ -0.546228557787848, 38.382552144060448 ], [ -0.546228557787848, 38.383001190552044 ], [ -0.545488341820339, 38.383001190552044 ], [ -0.545488341820339, 38.383450234255967 ], [ -0.544007909885323, 38.383450234255967 ], [ -0.544007909885323, 38.383899275172212 ], [ -0.543267693917814, 38.383899275172212 ], [ -0.543267693917814, 38.383450234255967 ], [ -0.541787261982798, 38.383450234255967 ], [ -0.541787261982798, 38.383001190552044 ], [ -0.541047046015289, 38.383001190552044 ] ] ], [ [ [ 0.03706162460872, 40.478249042084897 ], [ 0.03706162460872, 40.477813300179903 ], [ 0.040762704446261, 40.477813300179903 ], [ 0.040762704446261, 40.477377555446807 ], [ 0.042983352348786, 40.477377555446807 ], [ 0.042983352348786, 40.476941807885588 ], [ 0.044463784283803, 40.476941807885588 ], [ 0.044463784283803, 40.47650605749628 ], [ 0.045204000251311, 40.47650605749628 ], [ 0.045204000251311, 40.476070304278871 ], [ 0.04594421621882, 40.476070304278871 ], [ 0.04594421621882, 40.475634548233373 ], [ 0.046684432186328, 40.475634548233373 ], [ 0.046684432186328, 40.475198789359794 ], [ 0.047424648153836, 40.475198789359794 ], [ 0.047424648153836, 40.474763027658142 ], [ 0.048164864121345, 40.474763027658142 ], [ 0.048164864121345, 40.474327263128423 ], [ 0.049645296056361, 40.474327263128423 ], [ 0.049645296056361, 40.473455725584806 ], [ 0.05038551202387, 40.473455725584806 ], [ 0.05038551202387, 40.472148398059048 ], [ 0.051125727991378, 40.472148398059048 ], [ 0.051125727991378, 40.471712616561064 ], [ 0.052606159926395, 40.471712616561064 ], [ 0.052606159926395, 40.472148398059048 ], [ 0.05482680782892, 40.472148398059048 ], [ 0.05482680782892, 40.471712616561064 ], [ 0.055567023796428, 40.471712616561064 ], [ 0.055567023796428, 40.470841045081045 ], [ 0.056307239763936, 40.470841045081045 ], [ 0.056307239763936, 40.469533666650982 ], [ 0.057047455731445, 40.469533666650982 ], [ 0.057047455731445, 40.468226262769051 ], [ 0.057787671698953, 40.468226262769051 ], [ 0.057787671698953, 40.467354646041258 ], [ 0.058527887666461, 40.467354646041258 ], [ 0.058527887666461, 40.466483018001668 ], [ 0.057787671698953, 40.466483018001668 ], [ 0.057787671698953, 40.464739727987286 ], [ 0.057047455731445, 40.464739727987286 ], [ 0.057047455731445, 40.462996392726339 ], [ 0.055567023796428, 40.462996392726339 ], [ 0.055567023796428, 40.462560551841385 ], [ 0.05482680782892, 40.462560551841385 ], [ 0.05482680782892, 40.462124708128542 ], [ 0.054086591861411, 40.462124708128542 ], [ 0.054086591861411, 40.461688861587852 ], [ 0.051865943958886, 40.461688861587852 ], [ 0.051865943958886, 40.462124708128542 ], [ 0.051125727991378, 40.462124708128542 ], [ 0.051125727991378, 40.462560551841385 ], [ 0.05038551202387, 40.462560551841385 ], [ 0.05038551202387, 40.462996392726339 ], [ 0.049645296056361, 40.462996392726339 ], [ 0.049645296056361, 40.463868066012601 ], [ 0.048905080088853, 40.463868066012601 ], [ 0.048905080088853, 40.464303898413895 ], [ 0.048164864121345, 40.464303898413895 ], [ 0.048164864121345, 40.464739727987286 ], [ 0.047424648153836, 40.464739727987286 ], [ 0.047424648153836, 40.464303898413895 ], [ 0.046684432186328, 40.464303898413895 ], [ 0.046684432186328, 40.459509586466538 ], [ 0.047424648153836, 40.459509586466538 ], [ 0.047424648153836, 40.455150824137696 ], [ 0.048164864121345, 40.455150824137696 ], [ 0.048164864121345, 40.452971336931903 ], [ 0.047424648153836, 40.452971336931903 ], [ 0.047424648153836, 40.45253543100754 ], [ 0.046684432186328, 40.45253543100754 ], [ 0.046684432186328, 40.451663610675681 ], [ 0.04594421621882, 40.451663610675681 ], [ 0.04594421621882, 40.450791779032997 ], [ 0.045204000251311, 40.450791779032997 ], [ 0.045204000251311, 40.450355858970113 ], [ 0.042243136381278, 40.450355858970113 ], [ 0.042243136381278, 40.450791779032997 ], [ 0.040022488478753, 40.450791779032997 ], [ 0.040022488478753, 40.44991993607956 ], [ 0.039282272511245, 40.44991993607956 ], [ 0.039282272511245, 40.449048081815405 ], [ 0.038542056543736, 40.449048081815405 ], [ 0.038542056543736, 40.448176216240611 ], [ 0.037801840576228, 40.448176216240611 ], [ 0.037801840576228, 40.447740279211743 ], [ 0.03706162460872, 40.447740279211743 ], [ 0.03706162460872, 40.446432451159303 ], [ 0.039282272511245, 40.446432451159303 ], [ 0.039282272511245, 40.445996502819895 ], [ 0.043723568316295, 40.445996502819895 ], [ 0.043723568316295, 40.446432451159303 ], [ 0.044463784283803, 40.446432451159303 ], [ 0.044463784283803, 40.446868396671071 ], [ 0.04594421621882, 40.446868396671071 ], [ 0.04594421621882, 40.44730433935522 ], [ 0.047424648153836, 40.44730433935522 ], [ 0.047424648153836, 40.447740279211743 ], [ 0.048905080088853, 40.447740279211743 ], [ 0.048905080088853, 40.448176216240611 ], [ 0.05038551202387, 40.448176216240611 ], [ 0.05038551202387, 40.447740279211743 ], [ 0.053346375893903, 40.447740279211743 ], [ 0.053346375893903, 40.44730433935522 ], [ 0.055567023796428, 40.44730433935522 ], [ 0.055567023796428, 40.446868396671071 ], [ 0.057787671698953, 40.446868396671071 ], [ 0.057787671698953, 40.446432451159303 ], [ 0.058527887666461, 40.446432451159303 ], [ 0.058527887666461, 40.445996502819895 ], [ 0.05926810363397, 40.445996502819895 ], [ 0.05926810363397, 40.444252681186235 ], [ 0.060008319601478, 40.444252681186235 ], [ 0.060008319601478, 40.441636863908272 ], [ 0.05926810363397, 40.441636863908272 ], [ 0.05926810363397, 40.440328917097347 ], [ 0.058527887666461, 40.440328917097347 ], [ 0.058527887666461, 40.439456938419092 ], [ 0.057787671698953, 40.439456938419092 ], [ 0.057787671698953, 40.438148949195401 ], [ 0.057047455731445, 40.438148949195401 ], [ 0.057047455731445, 40.436840934524305 ], [ 0.057787671698953, 40.436840934524305 ], [ 0.057787671698953, 40.432916737828428 ], [ 0.058527887666461, 40.432916737828428 ], [ 0.058527887666461, 40.431608621369563 ], [ 0.05926810363397, 40.431608621369563 ], [ 0.05926810363397, 40.430300479464222 ], [ 0.060008319601478, 40.430300479464222 ], [ 0.060008319601478, 40.429428370723834 ], [ 0.060748535568986, 40.429428370723834 ], [ 0.060748535568986, 40.428120186408115 ], [ 0.061488751536495, 40.428120186408115 ], [ 0.061488751536495, 40.426811976646427 ], [ 0.062228967504003, 40.426811976646427 ], [ 0.062228967504003, 40.425503741438959 ], [ 0.061488751536495, 40.425503741438959 ], [ 0.061488751536495, 40.423759388246957 ], [ 0.060748535568986, 40.423759388246957 ], [ 0.060748535568986, 40.422451093666709 ], [ 0.060008319601478, 40.422451093666709 ], [ 0.060008319601478, 40.422014989818798 ], [ 0.05926810363397, 40.422014989818798 ], [ 0.05926810363397, 40.421578883143653 ], [ 0.058527887666461, 40.421578883143653 ], [ 0.058527887666461, 40.421142773641293 ], [ 0.057787671698953, 40.421142773641293 ], [ 0.057787671698953, 40.417217660895908 ], [ 0.057047455731445, 40.417217660895908 ], [ 0.057047455731445, 40.416345382520248 ], [ 0.056307239763936, 40.416345382520248 ], [ 0.056307239763936, 40.415473092836017 ], [ 0.055567023796428, 40.415473092836017 ], [ 0.055567023796428, 40.415036943753201 ], [ 0.05482680782892, 40.415036943753201 ], [ 0.05482680782892, 40.41460079184327 ], [ 0.05038551202387, 40.41460079184327 ], [ 0.05038551202387, 40.413728479542058 ], [ 0.049645296056361, 40.413728479542058 ], [ 0.049645296056361, 40.413292319150791 ], [ 0.048905080088853, 40.413292319150791 ], [ 0.048905080088853, 40.412419989886985 ], [ 0.048164864121345, 40.412419989886985 ], [ 0.048164864121345, 40.411983821014466 ], [ 0.042983352348786, 40.411983821014466 ], [ 0.042983352348786, 40.412856155932431 ], [ 0.042243136381278, 40.412856155932431 ], [ 0.042243136381278, 40.413292319150791 ], [ 0.040762704446261, 40.413292319150791 ], [ 0.040762704446261, 40.412856155932431 ], [ 0.040022488478753, 40.412856155932431 ], [ 0.040022488478753, 40.412419989886985 ], [ 0.039282272511245, 40.412419989886985 ], [ 0.039282272511245, 40.411983821014466 ], [ 0.037801840576228, 40.411983821014466 ], [ 0.037801840576228, 40.411547649314869 ], [ 0.035581192673703, 40.411547649314869 ], [ 0.035581192673703, 40.411983821014466 ], [ 0.034840976706195, 40.411983821014466 ], [ 0.034840976706195, 40.412419989886985 ], [ 0.034100760738686, 40.412419989886985 ], [ 0.034100760738686, 40.412856155932431 ], [ 0.033360544771178, 40.412856155932431 ], [ 0.033360544771178, 40.413728479542058 ], [ 0.03262032880367, 40.413728479542058 ], [ 0.03262032880367, 40.414164637106218 ], [ 0.031880112836161, 40.414164637106218 ], [ 0.031880112836161, 40.41460079184327 ], [ 0.031139896868653, 40.41460079184327 ], [ 0.031139896868653, 40.415036943753201 ], [ 0.030399680901145, 40.415036943753201 ], [ 0.030399680901145, 40.415473092836017 ], [ 0.029659464933636, 40.415473092836017 ], [ 0.029659464933636, 40.415909239091704 ], [ 0.028919248966128, 40.415909239091704 ], [ 0.028919248966128, 40.416345382520248 ], [ 0.02817903299862, 40.416345382520248 ], [ 0.02817903299862, 40.418089927962939 ], [ 0.027438817031111, 40.418089927962939 ], [ 0.027438817031111, 40.420270546154889 ], [ 0.026698601063603, 40.420270546154889 ], [ 0.026698601063603, 40.420706661311698 ], [ 0.025958385096095, 40.420706661311698 ], [ 0.025958385096095, 40.421578883143653 ], [ 0.025218169128586, 40.421578883143653 ], [ 0.025218169128586, 40.422014989818798 ], [ 0.024477953161078, 40.422014989818798 ], [ 0.024477953161078, 40.422451093666709 ], [ 0.02373773719357, 40.422451093666709 ], [ 0.02373773719357, 40.423323292880802 ], [ 0.022997521226061, 40.423323292880802 ], [ 0.022997521226061, 40.425503741438959 ], [ 0.022257305258553, 40.425503741438959 ], [ 0.022257305258553, 40.429864426507699 ], [ 0.022997521226061, 40.429864426507699 ], [ 0.022997521226061, 40.430300479464222 ], [ 0.02373773719357, 40.430300479464222 ], [ 0.02373773719357, 40.43117257689515 ], [ 0.024477953161078, 40.43117257689515 ], [ 0.024477953161078, 40.431608621369563 ], [ 0.025218169128586, 40.431608621369563 ], [ 0.025218169128586, 40.432044663016576 ], [ 0.02373773719357, 40.432044663016576 ], [ 0.02373773719357, 40.432480701836198 ], [ 0.022997521226061, 40.432480701836198 ], [ 0.022997521226061, 40.432916737828428 ], [ 0.022257305258553, 40.432916737828428 ], [ 0.022257305258553, 40.433352770993245 ], [ 0.021517089291045, 40.433352770993245 ], [ 0.021517089291045, 40.434224828840627 ], [ 0.020776873323536, 40.434224828840627 ], [ 0.020776873323536, 40.438148949195401 ], [ 0.020036657356028, 40.438148949195401 ], [ 0.020036657356028, 40.439456938419092 ], [ 0.020776873323536, 40.439456938419092 ], [ 0.020776873323536, 40.440328917097347 ], [ 0.021517089291045, 40.440328917097347 ], [ 0.021517089291045, 40.441200884465509 ], [ 0.022257305258553, 40.441200884465509 ], [ 0.022257305258553, 40.441636863908272 ], [ 0.022997521226061, 40.441636863908272 ], [ 0.022997521226061, 40.442508814311182 ], [ 0.027438817031111, 40.442508814311182 ], [ 0.027438817031111, 40.443380753403851 ], [ 0.02817903299862, 40.443380753403851 ], [ 0.02817903299862, 40.444688640836041 ], [ 0.028919248966128, 40.444688640836041 ], [ 0.028919248966128, 40.445560551652889 ], [ 0.029659464933636, 40.445560551652889 ], [ 0.029659464933636, 40.445996502819895 ], [ 0.026698601063603, 40.445996502819895 ], [ 0.026698601063603, 40.446432451159303 ], [ 0.025958385096095, 40.446432451159303 ], [ 0.025958385096095, 40.44730433935522 ], [ 0.025218169128586, 40.44730433935522 ], [ 0.025218169128586, 40.448176216240611 ], [ 0.022257305258553, 40.448176216240611 ], [ 0.022257305258553, 40.447740279211743 ], [ 0.020036657356028, 40.447740279211743 ], [ 0.020036657356028, 40.44730433935522 ], [ 0.017075793485995, 40.44730433935522 ], [ 0.017075793485995, 40.447740279211743 ], [ 0.016335577518486, 40.447740279211743 ], [ 0.016335577518486, 40.448176216240611 ], [ 0.015595361550978, 40.448176216240611 ], [ 0.015595361550978, 40.449048081815405 ], [ 0.01485514558347, 40.449048081815405 ], [ 0.01485514558347, 40.44991993607956 ], [ 0.014114929615961, 40.44991993607956 ], [ 0.014114929615961, 40.455586713095613 ], [ 0.01485514558347, 40.455586713095613 ], [ 0.01485514558347, 40.456458482528134 ], [ 0.015595361550978, 40.456458482528134 ], [ 0.015595361550978, 40.457330240649533 ], [ 0.016335577518486, 40.457330240649533 ], [ 0.016335577518486, 40.458201987459759 ], [ 0.017075793485995, 40.458201987459759 ], [ 0.017075793485995, 40.461688861587852 ], [ 0.017816009453503, 40.461688861587852 ], [ 0.017816009453503, 40.46517555473276 ], [ 0.018556225421011, 40.46517555473276 ], [ 0.018556225421011, 40.465611378650323 ], [ 0.01929644138852, 40.465611378650323 ], [ 0.01929644138852, 40.466483018001668 ], [ 0.020036657356028, 40.466483018001668 ], [ 0.020036657356028, 40.466918833435443 ], [ 0.020776873323536, 40.466918833435443 ], [ 0.020776873323536, 40.467354646041258 ], [ 0.021517089291045, 40.467354646041258 ], [ 0.021517089291045, 40.467790455819134 ], [ 0.022257305258553, 40.467790455819134 ], [ 0.022257305258553, 40.468662066891 ], [ 0.022997521226061, 40.468662066891 ], [ 0.022997521226061, 40.469097868184981 ], [ 0.02373773719357, 40.469097868184981 ], [ 0.02373773719357, 40.469533666650982 ], [ 0.024477953161078, 40.469533666650982 ], [ 0.024477953161078, 40.469969462289001 ], [ 0.025218169128586, 40.469969462289001 ], [ 0.025218169128586, 40.474763027658142 ], [ 0.024477953161078, 40.474763027658142 ], [ 0.024477953161078, 40.475634548233373 ], [ 0.025218169128586, 40.475634548233373 ], [ 0.025218169128586, 40.476070304278871 ], [ 0.025958385096095, 40.476070304278871 ], [ 0.025958385096095, 40.47650605749628 ], [ 0.026698601063603, 40.47650605749628 ], [ 0.026698601063603, 40.477377555446807 ], [ 0.027438817031111, 40.477377555446807 ], [ 0.027438817031111, 40.477813300179903 ], [ 0.02817903299862, 40.477813300179903 ], [ 0.02817903299862, 40.478249042084897 ], [ 0.028919248966128, 40.478249042084897 ], [ 0.028919248966128, 40.47868478116176 ], [ 0.029659464933636, 40.47868478116176 ], [ 0.029659464933636, 40.479120517410493 ], [ 0.031139896868653, 40.479120517410493 ], [ 0.031139896868653, 40.47868478116176 ], [ 0.034100760738686, 40.47868478116176 ], [ 0.034100760738686, 40.478249042084897 ], [ 0.03706162460872, 40.478249042084897 ] ] ], [ [ [ 0.184364602142878, 41.931021359016711 ], [ 0.184364602142878, 41.930169008543487 ], [ 0.185104818110386, 41.930169008543487 ], [ 0.185104818110386, 41.92931664668108 ], [ 0.185845034077895, 41.92931664668108 ], [ 0.185845034077895, 41.926759492759189 ], [ 0.186585250045403, 41.926759492759189 ], [ 0.186585250045403, 41.921218640959964 ], [ 0.185845034077895, 41.921218640959964 ], [ 0.185845034077895, 41.919087415989608 ], [ 0.185104818110386, 41.919087415989608 ], [ 0.185104818110386, 41.917808646841237 ], [ 0.18362438617537, 41.917808646841237 ], [ 0.18362438617537, 41.917382384764132 ], [ 0.182884170207862, 41.917382384764132 ], [ 0.182884170207862, 41.916956119839853 ], [ 0.182143954240353, 41.916956119839853 ], [ 0.182143954240353, 41.916529852068429 ], [ 0.17918309037032, 41.916529852068429 ], [ 0.17918309037032, 41.916956119839853 ], [ 0.176962442467795, 41.916956119839853 ], [ 0.176962442467795, 41.917382384764132 ], [ 0.176222226500287, 41.917382384764132 ], [ 0.176222226500287, 41.917808646841237 ], [ 0.175482010532778, 41.917808646841237 ], [ 0.175482010532778, 41.918234906071213 ], [ 0.17474179456527, 41.918234906071213 ], [ 0.17474179456527, 41.919087415989608 ], [ 0.174001578597761, 41.919087415989608 ], [ 0.174001578597761, 41.919513666678057 ], [ 0.173261362630253, 41.919513666678057 ], [ 0.173261362630253, 41.919939914519318 ], [ 0.172521146662745, 41.919939914519318 ], [ 0.172521146662745, 41.920366159513392 ], [ 0.171780930695237, 41.920366159513392 ], [ 0.171780930695237, 41.920792401660272 ], [ 0.172521146662745, 41.920792401660272 ], [ 0.172521146662745, 41.925480877360194 ], [ 0.173261362630253, 41.925480877360194 ], [ 0.173261362630253, 41.92761188878891 ], [ 0.174001578597761, 41.92761188878891 ], [ 0.174001578597761, 41.928464273429555 ], [ 0.17474179456527, 41.928464273429555 ], [ 0.17474179456527, 41.92931664668108 ], [ 0.175482010532778, 41.92931664668108 ], [ 0.175482010532778, 41.930169008543487 ], [ 0.176222226500287, 41.930169008543487 ], [ 0.176222226500287, 41.931021359016711 ], [ 0.176962442467795, 41.931021359016711 ], [ 0.176962442467795, 41.931447529982364 ], [ 0.177702658435303, 41.931447529982364 ], [ 0.177702658435303, 41.932299863371739 ], [ 0.182884170207862, 41.932299863371739 ], [ 0.182884170207862, 41.931873698100702 ], [ 0.18362438617537, 41.931873698100702 ], [ 0.18362438617537, 41.931021359016711 ], [ 0.184364602142878, 41.931021359016711 ] ] ], [ [ [ -0.658001168881606, 42.484750204385506 ], [ -0.657260952914098, 42.484750204385506 ], [ -0.657260952914098, 42.484327749936931 ], [ -0.65652073694659, 42.484327749936931 ], [ -0.65652073694659, 42.482637903615796 ], [ -0.655780520979081, 42.482637903615796 ], [ -0.655780520979081, 42.480948011651925 ], [ -0.655040305011573, 42.480948011651925 ], [ -0.655040305011573, 42.480525531529302 ], [ -0.655780520979081, 42.480525531529302 ], [ -0.655780520979081, 42.479258074045532 ], [ -0.65652073694659, 42.479258074045532 ], [ -0.65652073694659, 42.47841308812648 ], [ -0.657260952914098, 42.47841308812648 ], [ -0.657260952914098, 42.477145587853137 ], [ -0.658001168881606, 42.477145587853137 ], [ -0.658001168881606, 42.475878061906194 ], [ -0.658741384849114, 42.475878061906194 ], [ -0.658741384849114, 42.475033030345152 ], [ -0.658001168881606, 42.475033030345152 ], [ -0.658001168881606, 42.472075330024687 ], [ -0.657260952914098, 42.472075330024687 ], [ -0.657260952914098, 42.468694929932354 ], [ -0.658001168881606, 42.468694929932354 ], [ -0.658001168881606, 42.467004661424888 ], [ -0.658741384849114, 42.467004661424888 ], [ -0.658741384849114, 42.466159510055938 ], [ -0.659481600816623, 42.466159510055938 ], [ -0.659481600816623, 42.465736930092682 ], [ -0.661702248719148, 42.465736930092682 ], [ -0.661702248719148, 42.46531434727688 ], [ -0.663922896621673, 42.46531434727688 ], [ -0.663922896621673, 42.464891761608577 ], [ -0.66540332855669, 42.464891761608577 ], [ -0.66540332855669, 42.465736930092682 ], [ -0.666143544524198, 42.465736930092682 ], [ -0.666143544524198, 42.466582087166685 ], [ -0.666883760491706, 42.466582087166685 ], [ -0.666883760491706, 42.467849801383707 ], [ -0.667623976459214, 42.467849801383707 ], [ -0.667623976459214, 42.469117489927854 ], [ -0.668364192426723, 42.469117489927854 ], [ -0.668364192426723, 42.469962601361203 ], [ -0.66984462436174, 42.469962601361203 ], [ -0.66984462436174, 42.470385152799032 ], [ -0.671325056296756, 42.470385152799032 ], [ -0.671325056296756, 42.470807701384302 ], [ -0.672065272264264, 42.470807701384302 ], [ -0.672065272264264, 42.471230247116999 ], [ -0.672805488231773, 42.471230247116999 ], [ -0.672805488231773, 42.472075330024687 ], [ -0.673545704199281, 42.472075330024687 ], [ -0.673545704199281, 42.473765461609084 ], [ -0.674285920166789, 42.473765461609084 ], [ -0.674285920166789, 42.475878061906194 ], [ -0.673545704199281, 42.475878061906194 ], [ -0.673545704199281, 42.477990590887998 ], [ -0.672805488231773, 42.477990590887998 ], [ -0.672805488231773, 42.478835582512332 ], [ -0.671325056296756, 42.478835582512332 ], [ -0.671325056296756, 42.479258074045532 ], [ -0.66984462436174, 42.479258074045532 ], [ -0.66984462436174, 42.479680562726109 ], [ -0.667623976459214, 42.479680562726109 ], [ -0.667623976459214, 42.480103048554035 ], [ -0.666143544524198, 42.480103048554035 ], [ -0.666143544524198, 42.482637903615796 ], [ -0.66540332855669, 42.482637903615796 ], [ -0.66540332855669, 42.484327749936931 ], [ -0.664663112589181, 42.484327749936931 ], [ -0.664663112589181, 42.484750204385506 ], [ -0.663922896621673, 42.484750204385506 ], [ -0.663922896621673, 42.485172655981394 ], [ -0.663182680654164, 42.485172655981394 ], [ -0.663182680654164, 42.485595104724588 ], [ -0.661702248719148, 42.485595104724588 ], [ -0.661702248719148, 42.486017550615081 ], [ -0.660221816784131, 42.486017550615081 ], [ -0.660221816784131, 42.485595104724588 ], [ -0.659481600816623, 42.485595104724588 ], [ -0.659481600816623, 42.485172655981394 ], [ -0.658001168881606, 42.485172655981394 ], [ -0.658001168881606, 42.484750204385506 ] ] ] ] } }
]
}
