{
"type": "FeatureCollection",
"name": "spain_fires_nrt_ba",
"crs": { "type": "name", "properties": { "name": "urn:ogc:def:crs:OGC:1.3:CRS84" } },
"features": [
{ "type": "Feature", "properties": { }, "geometry": { "type": "MultiPolygon", "coordinates": [ [ [ [ -1.34048029092429, 35.31848552382354 ], [ -1.338999858989274, 35.31848552382354 ], [ -1.338999858989274, 35.318018104095017 ], [ -1.337519427054257, 35.318018104095017 ], [ -1.337519427054257, 35.31755068166477 ], [ -1.336779211086749, 35.31755068166477 ], [ -1.336779211086749, 35.314746090347946 ], [ -1.33603899511924, 35.314746090347946 ], [ -1.33603899511924, 35.311941401772962 ], [ -1.335298779151732, 35.311941401772962 ], [ -1.335298779151732, 35.308669142183099 ], [ -1.33603899511924, 35.308669142183099 ], [ -1.33603899511924, 35.306799220128873 ], [ -1.336779211086749, 35.306799220128873 ], [ -1.336779211086749, 35.305864242893584 ], [ -1.338259643021765, 35.305864242893584 ], [ -1.338259643021765, 35.305396750223949 ], [ -1.338999858989274, 35.305396750223949 ], [ -1.338999858989274, 35.304929254853015 ], [ -1.34048029092429, 35.304929254853015 ], [ -1.34048029092429, 35.304461756780782 ], [ -1.341960722859307, 35.304461756780782 ], [ -1.341960722859307, 35.303994256007286 ], [ -1.342700938826815, 35.303994256007286 ], [ -1.342700938826815, 35.30352675253252 ], [ -1.344181370761832, 35.30352675253252 ], [ -1.344181370761832, 35.303059246356518 ], [ -1.346402018664357, 35.303059246356518 ], [ -1.346402018664357, 35.30352675253252 ], [ -1.347142234631865, 35.30352675253252 ], [ -1.347142234631865, 35.303994256007286 ], [ -1.347882450599374, 35.303994256007286 ], [ -1.347882450599374, 35.304461756780782 ], [ -1.348622666566882, 35.304461756780782 ], [ -1.348622666566882, 35.304929254853015 ], [ -1.350103098501899, 35.304929254853015 ], [ -1.350103098501899, 35.305864242893584 ], [ -1.350843314469407, 35.305864242893584 ], [ -1.350843314469407, 35.306799220128873 ], [ -1.351583530436915, 35.306799220128873 ], [ -1.351583530436915, 35.308201665721619 ], [ -1.352323746404424, 35.308201665721619 ], [ -1.352323746404424, 35.309136615943153 ], [ -1.353063962371932, 35.309136615943153 ], [ -1.353063962371932, 35.310071555358974 ], [ -1.353804178339441, 35.310071555358974 ], [ -1.353804178339441, 35.312876308770875 ], [ -1.353063962371932, 35.312876308770875 ], [ -1.353063962371932, 35.31661582869917 ], [ -1.351583530436915, 35.31661582869917 ], [ -1.351583530436915, 35.317083256532818 ], [ -1.350103098501899, 35.317083256532818 ], [ -1.350103098501899, 35.31755068166477 ], [ -1.34936288253439, 35.31755068166477 ], [ -1.34936288253439, 35.318018104095017 ], [ -1.347882450599374, 35.318018104095017 ], [ -1.347882450599374, 35.31848552382354 ], [ -1.346402018664357, 35.31848552382354 ], [ -1.346402018664357, 35.31895294085033 ], [ -1.34492158672934, 35.31895294085033 ], [ -1.34492158672934, 35.319420355175353 ], [ -1.342700938826815, 35.319420355175353 ], [ -1.342700938826815, 35.31895294085033 ], [ -1.34048029092429, 35.31895294085033 ], [ -1.34048029092429, 35.31848552382354 ] ] ], [ [ [ -0.934841940729723, 35.573758764450957 ], [ -0.934841940729723, 35.573292824865341 ], [ -0.934101724762215, 35.573292824865341 ], [ -0.934101724762215, 35.57282688256965 ], [ -0.932621292827198, 35.57282688256965 ], [ -0.932621292827198, 35.572360937563893 ], [ -0.93188107685969, 35.572360937563893 ], [ -0.93188107685969, 35.571429039422256 ], [ -0.931140860892182, 35.571429039422256 ], [ -0.931140860892182, 35.56956521061889 ], [ -0.930400644924673, 35.56956521061889 ], [ -0.930400644924673, 35.56770133845621 ], [ -0.929660428957165, 35.56770133845621 ], [ -0.929660428957165, 35.565837422935175 ], [ -0.928920212989657, 35.565837422935175 ], [ -0.928920212989657, 35.563507467562687 ], [ -0.929660428957165, 35.563507467562687 ], [ -0.929660428957165, 35.56164345448888 ], [ -0.930400644924673, 35.56164345448888 ], [ -0.930400644924673, 35.560711431693733 ], [ -0.931140860892182, 35.560711431693733 ], [ -0.931140860892182, 35.560245416231631 ], [ -0.93188107685969, 35.560245416231631 ], [ -0.93188107685969, 35.559779398059881 ], [ -0.933361508794706, 35.559779398059881 ], [ -0.933361508794706, 35.559313377178498 ], [ -0.934101724762215, 35.559313377178498 ], [ -0.934101724762215, 35.558847353587474 ], [ -0.934841940729723, 35.558847353587474 ], [ -0.934841940729723, 35.558381327286853 ], [ -0.935582156697232, 35.558381327286853 ], [ -0.935582156697232, 35.557915298276626 ], [ -0.937062588632248, 35.557915298276626 ], [ -0.937062588632248, 35.557449266556823 ], [ -0.939283236534773, 35.557449266556823 ], [ -0.939283236534773, 35.557915298276626 ], [ -0.941503884437298, 35.557915298276626 ], [ -0.941503884437298, 35.558381327286853 ], [ -0.944464748307332, 35.558381327286853 ], [ -0.944464748307332, 35.558847353587474 ], [ -0.94520496427484, 35.558847353587474 ], [ -0.94520496427484, 35.560245416231631 ], [ -0.945945180242348, 35.560245416231631 ], [ -0.945945180242348, 35.561177444446159 ], [ -0.946685396209857, 35.561177444446159 ], [ -0.946685396209857, 35.562109461821933 ], [ -0.947425612177365, 35.562109461821933 ], [ -0.947425612177365, 35.563507467562687 ], [ -0.948165828144873, 35.563507467562687 ], [ -0.948165828144873, 35.564439457841075 ], [ -0.947425612177365, 35.564439457841075 ], [ -0.947425612177365, 35.56770133845621 ], [ -0.946685396209857, 35.56770133845621 ], [ -0.946685396209857, 35.570963086286405 ], [ -0.945945180242348, 35.570963086286405 ], [ -0.945945180242348, 35.573292824865341 ], [ -0.944464748307332, 35.573292824865341 ], [ -0.944464748307332, 35.573758764450957 ], [ -0.943724532339823, 35.573758764450957 ], [ -0.943724532339823, 35.574224701326465 ], [ -0.942244100404807, 35.574224701326465 ], [ -0.942244100404807, 35.574690635491883 ], [ -0.94076366846979, 35.574690635491883 ], [ -0.94076366846979, 35.575156566947186 ], [ -0.937802804599756, 35.575156566947186 ], [ -0.937802804599756, 35.574690635491883 ], [ -0.937062588632248, 35.574690635491883 ], [ -0.937062588632248, 35.574224701326465 ], [ -0.935582156697232, 35.574224701326465 ], [ -0.935582156697232, 35.573758764450957 ], [ -0.934841940729723, 35.573758764450957 ] ] ], [ [ [ -1.903044426230625, 36.973044087250884 ], [ -1.903044426230625, 36.972586424612288 ], [ -1.901563994295608, 36.972586424612288 ], [ -1.901563994295608, 36.972128759221675 ], [ -1.900823778328099, 36.972128759221675 ], [ -1.900823778328099, 36.971671091079031 ], [ -1.900083562360591, 36.971671091079031 ], [ -1.900083562360591, 36.970298070139158 ], [ -1.899343346393083, 36.970298070139158 ], [ -1.899343346393083, 36.968925024431591 ], [ -1.898603130425575, 36.968925024431591 ], [ -1.898603130425575, 36.96480573870619 ], [ -1.899343346393083, 36.96480573870619 ], [ -1.899343346393083, 36.962059424390425 ], [ -1.900083562360591, 36.962059424390425 ], [ -1.900083562360591, 36.96068623008393 ], [ -1.900823778328099, 36.96068623008393 ], [ -1.900823778328099, 36.960228493144996 ], [ -1.902304210263116, 36.960228493144996 ], [ -1.902304210263116, 36.959770753454407 ], [ -1.903044426230625, 36.959770753454407 ], [ -1.903044426230625, 36.959313011012128 ], [ -1.90526507413315, 36.959313011012128 ], [ -1.90526507413315, 36.959770753454407 ], [ -1.906005290100658, 36.959770753454407 ], [ -1.906005290100658, 36.960228493144996 ], [ -1.906745506068166, 36.960228493144996 ], [ -1.906745506068166, 36.96068623008393 ], [ -1.908225938003183, 36.96068623008393 ], [ -1.908225938003183, 36.961143964271145 ], [ -1.908966153970691, 36.961143964271145 ], [ -1.908966153970691, 36.961601695706641 ], [ -1.9097063699382, 36.961601695706641 ], [ -1.9097063699382, 36.962059424390425 ], [ -1.910446585905708, 36.962059424390425 ], [ -1.910446585905708, 36.962517150322469 ], [ -1.911186801873216, 36.962517150322469 ], [ -1.911186801873216, 36.962974873502759 ], [ -1.911927017840724, 36.962974873502759 ], [ -1.911927017840724, 36.963432593931294 ], [ -1.912667233808233, 36.963432593931294 ], [ -1.912667233808233, 36.968467337025196 ], [ -1.913407449775741, 36.968467337025196 ], [ -1.913407449775741, 36.968925024431591 ], [ -1.912667233808233, 36.968925024431591 ], [ -1.912667233808233, 36.970755746537762 ], [ -1.911927017840724, 36.970755746537762 ], [ -1.911927017840724, 36.972586424612288 ], [ -1.911186801873216, 36.972586424612288 ], [ -1.911186801873216, 36.973044087250884 ], [ -1.9097063699382, 36.973044087250884 ], [ -1.9097063699382, 36.973501747137441 ], [ -1.908966153970691, 36.973501747137441 ], [ -1.908966153970691, 36.97395940427193 ], [ -1.906005290100658, 36.97395940427193 ], [ -1.906005290100658, 36.973501747137441 ], [ -1.904524858165641, 36.973501747137441 ], [ -1.904524858165641, 36.973044087250884 ], [ -1.903044426230625, 36.973044087250884 ] ] ], [ [ [ -8.932135253689768, 38.506831424947798 ], [ -8.931395037722259, 38.506831424947798 ], [ -8.931395037722259, 38.505934868742486 ], [ -8.930654821754752, 38.505934868742486 ], [ -8.930654821754752, 38.50503830137535 ], [ -8.929914605787243, 38.50503830137535 ], [ -8.929914605787243, 38.499658662778621 ], [ -8.930654821754752, 38.499658662778621 ], [ -8.930654821754752, 38.498762017280946 ], [ -8.931395037722259, 38.498762017280946 ], [ -8.931395037722259, 38.497865360622079 ], [ -8.932135253689768, 38.497865360622079 ], [ -8.932135253689768, 38.496968692802099 ], [ -8.932875469657276, 38.496968692802099 ], [ -8.932875469657276, 38.496072013821113 ], [ -8.933615685624785, 38.496072013821113 ], [ -8.933615685624785, 38.494726974422882 ], [ -8.934355901592292, 38.494726974422882 ], [ -8.934355901592292, 38.494278622376385 ], [ -8.94027762933236, 38.494278622376385 ], [ -8.94027762933236, 38.494726974422882 ], [ -8.941017845299868, 38.494726974422882 ], [ -8.941017845299868, 38.495623670145257 ], [ -8.941758061267377, 38.495623670145257 ], [ -8.941758061267377, 38.496072013821113 ], [ -8.942498277234886, 38.496072013821113 ], [ -8.942498277234886, 38.496968692802099 ], [ -8.943238493202394, 38.496968692802099 ], [ -8.943238493202394, 38.497865360622079 ], [ -8.943978709169901, 38.497865360622079 ], [ -8.943978709169901, 38.502796834125022 ], [ -8.943238493202394, 38.502796834125022 ], [ -8.943238493202394, 38.503693429396385 ], [ -8.942498277234886, 38.503693429396385 ], [ -8.942498277234886, 38.504590013506117 ], [ -8.941758061267377, 38.504590013506117 ], [ -8.941758061267377, 38.50548658645414 ], [ -8.941017845299868, 38.50548658645414 ], [ -8.941017845299868, 38.506831424947798 ], [ -8.94027762933236, 38.506831424947798 ], [ -8.94027762933236, 38.507727969991208 ], [ -8.93657654949482, 38.507727969991208 ], [ -8.93657654949482, 38.50817623832716 ], [ -8.932875469657276, 38.50817623832716 ], [ -8.932875469657276, 38.507279698864743 ], [ -8.932135253689768, 38.507279698864743 ], [ -8.932135253689768, 38.506831424947798 ] ] ], [ [ [ -9.009117714310635, 38.930095482600521 ], [ -9.009117714310635, 38.929649852880601 ], [ -9.008377498343128, 38.929649852880601 ], [ -9.008377498343128, 38.929204220361015 ], [ -9.007637282375619, 38.929204220361015 ], [ -9.007637282375619, 38.928758585041741 ], [ -9.006897066408111, 38.928758585041741 ], [ -9.006897066408111, 38.928312946922837 ], [ -9.005416634473093, 38.928312946922837 ], [ -9.005416634473093, 38.927867306004288 ], [ -9.004676418505586, 38.927867306004288 ], [ -9.004676418505586, 38.926530366450876 ], [ -9.003936202538076, 38.926530366450876 ], [ -9.003936202538076, 38.924302077869861 ], [ -9.003195986570567, 38.924302077869861 ], [ -9.003195986570567, 38.921628039187318 ], [ -9.00245577060306, 38.921628039187318 ], [ -9.00245577060306, 38.919399596632125 ], [ -9.003195986570567, 38.919399596632125 ], [ -9.003195986570567, 38.917171084090562 ], [ -9.003936202538076, 38.917171084090562 ], [ -9.003936202538076, 38.915388223667904 ], [ -9.004676418505586, 38.915388223667904 ], [ -9.004676418505586, 38.914942501563786 ], [ -9.006156850440602, 38.914942501563786 ], [ -9.006156850440602, 38.914496776660307 ], [ -9.006897066408111, 38.914496776660307 ], [ -9.006897066408111, 38.914051048957482 ], [ -9.008377498343128, 38.914051048957482 ], [ -9.008377498343128, 38.913605318455303 ], [ -9.009857930278143, 38.913605318455303 ], [ -9.009857930278143, 38.913159585153799 ], [ -9.010598146245652, 38.913159585153799 ], [ -9.010598146245652, 38.91271384905297 ], [ -9.012078578180668, 38.91271384905297 ], [ -9.012078578180668, 38.912268110152823 ], [ -9.015039442050702, 38.912268110152823 ], [ -9.015039442050702, 38.91271384905297 ], [ -9.015779658018211, 38.91271384905297 ], [ -9.015779658018211, 38.913159585153799 ], [ -9.016519873985718, 38.913159585153799 ], [ -9.016519873985718, 38.913605318455303 ], [ -9.017260089953226, 38.913605318455303 ], [ -9.017260089953226, 38.914051048957482 ], [ -9.018000305920735, 38.914051048957482 ], [ -9.018000305920735, 38.915388223667904 ], [ -9.018740521888244, 38.915388223667904 ], [ -9.018740521888244, 38.916725373183986 ], [ -9.019480737855751, 38.916725373183986 ], [ -9.019480737855751, 38.918508200013804 ], [ -9.020220953823259, 38.918508200013804 ], [ -9.020220953823259, 38.91984529074211 ], [ -9.020961169790768, 38.91984529074211 ], [ -9.020961169790768, 38.921182356275246 ], [ -9.020220953823259, 38.921182356275246 ], [ -9.020220953823259, 38.922519396612934 ], [ -9.019480737855751, 38.922519396612934 ], [ -9.019480737855751, 38.92385641175494 ], [ -9.018740521888244, 38.92385641175494 ], [ -9.018740521888244, 38.925639059417215 ], [ -9.018000305920735, 38.925639059417215 ], [ -9.018000305920735, 38.926976015768297 ], [ -9.017260089953226, 38.926976015768297 ], [ -9.017260089953226, 38.928312946922837 ], [ -9.016519873985718, 38.928312946922837 ], [ -9.016519873985718, 38.929649852880601 ], [ -9.015039442050702, 38.929649852880601 ], [ -9.015039442050702, 38.930095482600521 ], [ -9.014299226083194, 38.930095482600521 ], [ -9.014299226083194, 38.93054110952076 ], [ -9.012818794148178, 38.93054110952076 ], [ -9.012818794148178, 38.930986733641319 ], [ -9.011338362213161, 38.930986733641319 ], [ -9.011338362213161, 38.93054110952076 ], [ -9.010598146245652, 38.93054110952076 ], [ -9.010598146245652, 38.930095482600521 ], [ -9.009117714310635, 38.930095482600521 ] ] ], [ [ [ -0.508477543444923, 39.791535883172799 ], [ -0.507737327477414, 39.791535883172799 ], [ -0.507737327477414, 39.791095715645667 ], [ -0.506997111509906, 39.791095715645667 ], [ -0.506997111509906, 39.790215372141866 ], [ -0.506256895542398, 39.790215372141866 ], [ -0.506256895542398, 39.789775196165223 ], [ -0.499594951834823, 39.789775196165223 ], [ -0.499594951834823, 39.790215372141866 ], [ -0.498854735867314, 39.790215372141866 ], [ -0.498854735867314, 39.789775196165223 ], [ -0.497374303932298, 39.789775196165223 ], [ -0.497374303932298, 39.789335017372082 ], [ -0.496634087964789, 39.789335017372082 ], [ -0.496634087964789, 39.788894835762463 ], [ -0.495893871997281, 39.788894835762463 ], [ -0.495893871997281, 39.788454651336366 ], [ -0.495153656029773, 39.788454651336366 ], [ -0.495153656029773, 39.788014464093806 ], [ -0.494413440062264, 39.788014464093806 ], [ -0.494413440062264, 39.787574274034789 ], [ -0.492933008127248, 39.787574274034789 ], [ -0.492933008127248, 39.787134081159323 ], [ -0.492192792159739, 39.787134081159323 ], [ -0.492192792159739, 39.787574274034789 ], [ -0.491452576192231, 39.787574274034789 ], [ -0.491452576192231, 39.788454651336366 ], [ -0.490712360224723, 39.788454651336366 ], [ -0.490712360224723, 39.788894835762463 ], [ -0.489972144257214, 39.788894835762463 ], [ -0.489972144257214, 39.789335017372082 ], [ -0.489231928289706, 39.789335017372082 ], [ -0.489231928289706, 39.789775196165223 ], [ -0.488491712322198, 39.789775196165223 ], [ -0.488491712322198, 39.790215372141866 ], [ -0.487751496354689, 39.790215372141866 ], [ -0.487751496354689, 39.790655545302016 ], [ -0.485530848452164, 39.790655545302016 ], [ -0.485530848452164, 39.790215372141866 ], [ -0.484790632484656, 39.790215372141866 ], [ -0.484790632484656, 39.789335017372082 ], [ -0.484050416517148, 39.789335017372082 ], [ -0.484050416517148, 39.788894835762463 ], [ -0.483310200549639, 39.788894835762463 ], [ -0.483310200549639, 39.788454651336366 ], [ -0.482569984582131, 39.788454651336366 ], [ -0.482569984582131, 39.788014464093806 ], [ -0.481829768614623, 39.788014464093806 ], [ -0.481829768614623, 39.787574274034789 ], [ -0.479609120712098, 39.787574274034789 ], [ -0.479609120712098, 39.788014464093806 ], [ -0.476648256842064, 39.788014464093806 ], [ -0.476648256842064, 39.787134081159323 ], [ -0.475908040874556, 39.787134081159323 ], [ -0.475908040874556, 39.786253686959078 ], [ -0.475167824907048, 39.786253686959078 ], [ -0.475167824907048, 39.785813485634307 ], [ -0.474427608939539, 39.785813485634307 ], [ -0.474427608939539, 39.780530850058824 ], [ -0.475167824907048, 39.780530850058824 ], [ -0.475167824907048, 39.779650371367353 ], [ -0.475908040874556, 39.779650371367353 ], [ -0.475908040874556, 39.779210127797171 ], [ -0.476648256842064, 39.779210127797171 ], [ -0.476648256842064, 39.778769881410675 ], [ -0.477388472809573, 39.778769881410675 ], [ -0.477388472809573, 39.778329632207885 ], [ -0.478128688777081, 39.778329632207885 ], [ -0.478128688777081, 39.775247808932953 ], [ -0.477388472809573, 39.775247808932953 ], [ -0.477388472809573, 39.77260613629295 ], [ -0.478128688777081, 39.77260613629295 ], [ -0.478128688777081, 39.771725556216765 ], [ -0.478868904744589, 39.771725556216765 ], [ -0.478868904744589, 39.770844964875927 ], [ -0.479609120712098, 39.770844964875927 ], [ -0.479609120712098, 39.769964362270507 ], [ -0.480349336679606, 39.769964362270507 ], [ -0.480349336679606, 39.769083748400568 ], [ -0.481089552647114, 39.769083748400568 ], [ -0.481089552647114, 39.765120846589092 ], [ -0.481829768614623, 39.765120846589092 ], [ -0.481829768614623, 39.764680510085277 ], [ -0.482569984582131, 39.764680510085277 ], [ -0.482569984582131, 39.763799828629537 ], [ -0.483310200549639, 39.763799828629537 ], [ -0.483310200549639, 39.763359483677647 ], [ -0.484050416517148, 39.763359483677647 ], [ -0.484050416517148, 39.762478785325833 ], [ -0.484790632484656, 39.762478785325833 ], [ -0.484790632484656, 39.762038431925937 ], [ -0.485530848452164, 39.762038431925937 ], [ -0.485530848452164, 39.76115771667817 ], [ -0.486271064419673, 39.76115771667817 ], [ -0.486271064419673, 39.760717354830334 ], [ -0.487011280387181, 39.760717354830334 ], [ -0.487011280387181, 39.759836622686777 ], [ -0.488491712322198, 39.759836622686777 ], [ -0.488491712322198, 39.760276990166531 ], [ -0.491452576192231, 39.760276990166531 ], [ -0.491452576192231, 39.760717354830334 ], [ -0.493673224094756, 39.760717354830334 ], [ -0.493673224094756, 39.76115771667817 ], [ -0.496634087964789, 39.76115771667817 ], [ -0.496634087964789, 39.76159807571004 ], [ -0.498854735867314, 39.76159807571004 ], [ -0.498854735867314, 39.762478785325833 ], [ -0.499594951834823, 39.762478785325833 ], [ -0.499594951834823, 39.763359483677647 ], [ -0.500335167802331, 39.763359483677647 ], [ -0.500335167802331, 39.764240170765419 ], [ -0.501075383769839, 39.764240170765419 ], [ -0.501075383769839, 39.764680510085277 ], [ -0.501815599737348, 39.764680510085277 ], [ -0.501815599737348, 39.764240170765419 ], [ -0.503296031672364, 39.764240170765419 ], [ -0.503296031672364, 39.763799828629537 ], [ -0.506256895542398, 39.763799828629537 ], [ -0.506256895542398, 39.764240170765419 ], [ -0.508477543444923, 39.764240170765419 ], [ -0.508477543444923, 39.764680510085277 ], [ -0.509217759412431, 39.764680510085277 ], [ -0.509217759412431, 39.764240170765419 ], [ -0.509957975379939, 39.764240170765419 ], [ -0.509957975379939, 39.763799828629537 ], [ -0.510698191347448, 39.763799828629537 ], [ -0.510698191347448, 39.763359483677647 ], [ -0.511438407314956, 39.763359483677647 ], [ -0.511438407314956, 39.762919135909748 ], [ -0.512178623282464, 39.762919135909748 ], [ -0.512178623282464, 39.762478785325833 ], [ -0.514399271184989, 39.762478785325833 ], [ -0.514399271184989, 39.762919135909748 ], [ -0.515139487152498, 39.762919135909748 ], [ -0.515139487152498, 39.763359483677647 ], [ -0.517360135055023, 39.763359483677647 ], [ -0.517360135055023, 39.762919135909748 ], [ -0.518100351022531, 39.762919135909748 ], [ -0.518100351022531, 39.762478785325833 ], [ -0.518840566990039, 39.762478785325833 ], [ -0.518840566990039, 39.762038431925937 ], [ -0.519580782957548, 39.762038431925937 ], [ -0.519580782957548, 39.76159807571004 ], [ -0.520320998925056, 39.76159807571004 ], [ -0.520320998925056, 39.76115771667817 ], [ -0.521801430860073, 39.76115771667817 ], [ -0.521801430860073, 39.76159807571004 ], [ -0.522541646827581, 39.76159807571004 ], [ -0.522541646827581, 39.762038431925937 ], [ -0.524022078762598, 39.762038431925937 ], [ -0.524022078762598, 39.762478785325833 ], [ -0.524762294730106, 39.762478785325833 ], [ -0.524762294730106, 39.762919135909748 ], [ -0.525502510697614, 39.762919135909748 ], [ -0.525502510697614, 39.764240170765419 ], [ -0.526242726665123, 39.764240170765419 ], [ -0.526242726665123, 39.766001511148588 ], [ -0.526982942632631, 39.766001511148588 ], [ -0.526982942632631, 39.767322486867371 ], [ -0.526242726665123, 39.767322486867371 ], [ -0.526242726665123, 39.769083748400568 ], [ -0.526982942632631, 39.769083748400568 ], [ -0.526982942632631, 39.769524056743599 ], [ -0.528463374567648, 39.769524056743599 ], [ -0.528463374567648, 39.769964362270507 ], [ -0.530684022470173, 39.769964362270507 ], [ -0.530684022470173, 39.769524056743599 ], [ -0.531424238437681, 39.769524056743599 ], [ -0.531424238437681, 39.769083748400568 ], [ -0.532164454405189, 39.769083748400568 ], [ -0.532164454405189, 39.768643437241423 ], [ -0.535125318275223, 39.768643437241423 ], [ -0.535125318275223, 39.769083748400568 ], [ -0.535865534242731, 39.769083748400568 ], [ -0.535865534242731, 39.769524056743599 ], [ -0.537345966177748, 39.769524056743599 ], [ -0.537345966177748, 39.769964362270507 ], [ -0.538086182145256, 39.769964362270507 ], [ -0.538086182145256, 39.771725556216765 ], [ -0.538826398112764, 39.771725556216765 ], [ -0.538826398112764, 39.773486705104411 ], [ -0.539566614080273, 39.773486705104411 ], [ -0.539566614080273, 39.773926985285861 ], [ -0.538826398112764, 39.773926985285861 ], [ -0.538826398112764, 39.776568607234019 ], [ -0.538086182145256, 39.776568607234019 ], [ -0.538086182145256, 39.778769881410675 ], [ -0.537345966177748, 39.778769881410675 ], [ -0.537345966177748, 39.779650371367353 ], [ -0.536605750210239, 39.779650371367353 ], [ -0.536605750210239, 39.780090612121249 ], [ -0.535865534242731, 39.780090612121249 ], [ -0.535865534242731, 39.780971085180077 ], [ -0.535125318275223, 39.780971085180077 ], [ -0.535125318275223, 39.781411317484995 ], [ -0.534385102307714, 39.781411317484995 ], [ -0.534385102307714, 39.782291773645817 ], [ -0.533644886340206, 39.782291773645817 ], [ -0.533644886340206, 39.782731997501692 ], [ -0.532904670372698, 39.782731997501692 ], [ -0.532904670372698, 39.783172218541225 ], [ -0.532164454405189, 39.783172218541225 ], [ -0.532164454405189, 39.784052652171148 ], [ -0.531424238437681, 39.784052652171148 ], [ -0.531424238437681, 39.784492864761546 ], [ -0.530684022470173, 39.784492864761546 ], [ -0.530684022470173, 39.785373281493129 ], [ -0.529943806502664, 39.785373281493129 ], [ -0.529943806502664, 39.785813485634307 ], [ -0.529203590535156, 39.785813485634307 ], [ -0.529203590535156, 39.786253686959078 ], [ -0.528463374567648, 39.786253686959078 ], [ -0.528463374567648, 39.787134081159323 ], [ -0.527723158600139, 39.787134081159323 ], [ -0.527723158600139, 39.787574274034789 ], [ -0.522541646827581, 39.787574274034789 ], [ -0.522541646827581, 39.787134081159323 ], [ -0.521801430860073, 39.787134081159323 ], [ -0.521801430860073, 39.786693885467422 ], [ -0.521061214892564, 39.786693885467422 ], [ -0.521061214892564, 39.786253686959078 ], [ -0.520320998925056, 39.786253686959078 ], [ -0.520320998925056, 39.787134081159323 ], [ -0.519580782957548, 39.787134081159323 ], [ -0.519580782957548, 39.788014464093806 ], [ -0.518840566990039, 39.788014464093806 ], [ -0.518840566990039, 39.788894835762463 ], [ -0.518100351022531, 39.788894835762463 ], [ -0.518100351022531, 39.789775196165223 ], [ -0.517360135055023, 39.789775196165223 ], [ -0.517360135055023, 39.790655545302016 ], [ -0.516619919087514, 39.790655545302016 ], [ -0.516619919087514, 39.791535883172799 ], [ -0.515879703120006, 39.791535883172799 ], [ -0.515879703120006, 39.792416209777492 ], [ -0.515139487152498, 39.792416209777492 ], [ -0.515139487152498, 39.792856368855041 ], [ -0.509957975379939, 39.792856368855041 ], [ -0.509957975379939, 39.792416209777492 ], [ -0.509217759412431, 39.792416209777492 ], [ -0.509217759412431, 39.791976047883416 ], [ -0.508477543444923, 39.791976047883416 ], [ -0.508477543444923, 39.791535883172799 ] ], [ [ -0.518840566990039, 39.771285261954425 ], [ -0.518840566990039, 39.771725556216765 ], [ -0.519580782957548, 39.771725556216765 ], [ -0.519580782957548, 39.771285261954425 ], [ -0.518840566990039, 39.771285261954425 ] ] ], [ [ [ -3.743221321456344, 39.944543091108599 ], [ -3.743221321456344, 39.944103904206173 ], [ -3.741740889521328, 39.944103904206173 ], [ -3.741740889521328, 39.943664714484513 ], [ -3.741000673553819, 39.943664714484513 ], [ -3.741000673553819, 39.943225521943617 ], [ -3.739520241618802, 39.943225521943617 ], [ -3.739520241618802, 39.942786326583487 ], [ -3.738780025651294, 39.942786326583487 ], [ -3.738780025651294, 39.942347128404151 ], [ -3.738039809683786, 39.942347128404151 ], [ -3.738039809683786, 39.940590307494809 ], [ -3.737299593716278, 39.940590307494809 ], [ -3.737299593716278, 39.938394217926707 ], [ -3.736559377748769, 39.938394217926707 ], [ -3.736559377748769, 39.93531957412776 ], [ -3.737299593716278, 39.93531957412776 ], [ -3.737299593716278, 39.933123315412963 ], [ -3.738039809683786, 39.933123315412963 ], [ -3.738039809683786, 39.931366257698258 ], [ -3.738780025651294, 39.931366257698258 ], [ -3.738780025651294, 39.93048771192678 ], [ -3.739520241618802, 39.93048771192678 ], [ -3.739520241618802, 39.930048434812555 ], [ -3.740260457586311, 39.930048434812555 ], [ -3.740260457586311, 39.929609154879309 ], [ -3.741000673553819, 39.929609154879309 ], [ -3.741000673553819, 39.929169872127098 ], [ -3.742481105488836, 39.929169872127098 ], [ -3.742481105488836, 39.928730586555908 ], [ -3.743221321456344, 39.928730586555908 ], [ -3.743221321456344, 39.928291298165753 ], [ -3.743961537423853, 39.928291298165753 ], [ -3.743961537423853, 39.928730586555908 ], [ -3.746182185326378, 39.928730586555908 ], [ -3.746182185326378, 39.929169872127098 ], [ -3.747662617261394, 39.929169872127098 ], [ -3.747662617261394, 39.929609154879309 ], [ -3.749143049196411, 39.929609154879309 ], [ -3.749143049196411, 39.930048434812555 ], [ -3.750623481131427, 39.930048434812555 ], [ -3.750623481131427, 39.93048771192678 ], [ -3.751363697098936, 39.93048771192678 ], [ -3.751363697098936, 39.931366257698258 ], [ -3.752103913066444, 39.931366257698258 ], [ -3.752103913066444, 39.934441079099038 ], [ -3.752844129033953, 39.934441079099038 ], [ -3.752844129033953, 39.937076530356116 ], [ -3.753584345001461, 39.937076530356116 ], [ -3.753584345001461, 39.938833441478643 ], [ -3.752844129033953, 39.938833441478643 ], [ -3.752844129033953, 39.940151095219512 ], [ -3.752103913066444, 39.940151095219512 ], [ -3.752103913066444, 39.941468723587867 ], [ -3.751363697098936, 39.941468723587867 ], [ -3.751363697098936, 39.942786326583487 ], [ -3.750623481131427, 39.942786326583487 ], [ -3.750623481131427, 39.943664714484513 ], [ -3.749883265163919, 39.943664714484513 ], [ -3.749883265163919, 39.944103904206173 ], [ -3.748402833228903, 39.944103904206173 ], [ -3.748402833228903, 39.944543091108599 ], [ -3.746922401293885, 39.944543091108599 ], [ -3.746922401293885, 39.944982275191784 ], [ -3.746182185326378, 39.944982275191784 ], [ -3.746182185326378, 39.945421456455712 ], [ -3.745441969358869, 39.945421456455712 ], [ -3.745441969358869, 39.944982275191784 ], [ -3.743961537423853, 39.944982275191784 ], [ -3.743961537423853, 39.944543091108599 ], [ -3.743221321456344, 39.944543091108599 ] ] ], [ [ [ -3.468601197510752, 40.252156201901066 ], [ -3.467860981543244, 40.252156201901066 ], [ -3.467860981543244, 40.250844575619915 ], [ -3.467120765575736, 40.250844575619915 ], [ -3.467120765575736, 40.249970143976832 ], [ -3.466380549608227, 40.249970143976832 ], [ -3.466380549608227, 40.249095701035969 ], [ -3.465640333640719, 40.249095701035969 ], [ -3.465640333640719, 40.247784015441454 ], [ -3.46490011767321, 40.247784015441454 ], [ -3.46490011767321, 40.247346781261115 ], [ -3.463419685738194, 40.247346781261115 ], [ -3.463419685738194, 40.247784015441454 ], [ -3.461939253803177, 40.247784015441454 ], [ -3.461939253803177, 40.248221246797378 ], [ -3.460458821868161, 40.248221246797378 ], [ -3.460458821868161, 40.248658475328888 ], [ -3.458978389933144, 40.248658475328888 ], [ -3.458978389933144, 40.248221246797378 ], [ -3.458238173965635, 40.248221246797378 ], [ -3.458238173965635, 40.246909544256376 ], [ -3.457497957998127, 40.246909544256376 ], [ -3.457497957998127, 40.246035061773718 ], [ -3.456757742030619, 40.246035061773718 ], [ -3.456757742030619, 40.244723316866896 ], [ -3.45601752606311, 40.244723316866896 ], [ -3.45601752606311, 40.242099750795745 ], [ -3.456757742030619, 40.242099750795745 ], [ -3.456757742030619, 40.241225206177418 ], [ -3.457497957998127, 40.241225206177418 ], [ -3.457497957998127, 40.23991336806769 ], [ -3.458238173965635, 40.23991336806769 ], [ -3.458238173965635, 40.239038795206454 ], [ -3.458978389933144, 40.239038795206454 ], [ -3.458978389933144, 40.238601504539439 ], [ -3.464159901705703, 40.238601504539439 ], [ -3.464159901705703, 40.239038795206454 ], [ -3.46490011767321, 40.239038795206454 ], [ -3.46490011767321, 40.23991336806769 ], [ -3.465640333640719, 40.23991336806769 ], [ -3.465640333640719, 40.239038795206454 ], [ -3.466380549608227, 40.239038795206454 ], [ -3.466380549608227, 40.238164211048165 ], [ -3.467120765575736, 40.238164211048165 ], [ -3.467120765575736, 40.237726914732633 ], [ -3.467860981543244, 40.237726914732633 ], [ -3.467860981543244, 40.237289615592864 ], [ -3.469341413478261, 40.237289615592864 ], [ -3.469341413478261, 40.236852313628852 ], [ -3.470081629445768, 40.236852313628852 ], [ -3.470081629445768, 40.236415008840616 ], [ -3.471562061380785, 40.236415008840616 ], [ -3.471562061380785, 40.235977701228158 ], [ -3.474522925250819, 40.235977701228158 ], [ -3.474522925250819, 40.236415008840616 ], [ -3.47822400508836, 40.236415008840616 ], [ -3.47822400508836, 40.236852313628852 ], [ -3.481184868958394, 40.236852313628852 ], [ -3.481184868958394, 40.237289615592864 ], [ -3.481925084925902, 40.237289615592864 ], [ -3.481925084925902, 40.237726914732633 ], [ -3.482665300893411, 40.237726914732633 ], [ -3.482665300893411, 40.238601504539439 ], [ -3.483405516860918, 40.238601504539439 ], [ -3.483405516860918, 40.239476083049205 ], [ -3.484145732828428, 40.239476083049205 ], [ -3.484145732828428, 40.2407879296318 ], [ -3.484885948795936, 40.2407879296318 ], [ -3.484885948795936, 40.243411546540848 ], [ -3.485626164763444, 40.243411546540848 ], [ -3.485626164763444, 40.248221246797378 ], [ -3.484885948795936, 40.248221246797378 ], [ -3.484885948795936, 40.249970143976832 ], [ -3.484145732828428, 40.249970143976832 ], [ -3.484145732828428, 40.251281787204768 ], [ -3.483405516860918, 40.251281787204768 ], [ -3.483405516860918, 40.251718995965156 ], [ -3.482665300893411, 40.251718995965156 ], [ -3.482665300893411, 40.252156201901066 ], [ -3.481184868958394, 40.252156201901066 ], [ -3.481184868958394, 40.252593405012497 ], [ -3.479704437023377, 40.252593405012497 ], [ -3.479704437023377, 40.253030605299436 ], [ -3.478964221055869, 40.253030605299436 ], [ -3.478964221055869, 40.253467802761868 ], [ -3.477483789120852, 40.253467802761868 ], [ -3.477483789120852, 40.253904997399822 ], [ -3.470821845413277, 40.253904997399822 ], [ -3.470821845413277, 40.253467802761868 ], [ -3.469341413478261, 40.253467802761868 ], [ -3.469341413478261, 40.253030605299436 ], [ -3.468601197510752, 40.253030605299436 ], [ -3.468601197510752, 40.252156201901066 ] ] ], [ [ [ -6.255514315179632, 40.41067529743448 ], [ -6.255514315179632, 40.410239117253695 ], [ -6.252553451309597, 40.410239117253695 ], [ -6.252553451309597, 40.408930559749109 ], [ -6.25181323534209, 40.408930559749109 ], [ -6.25181323534209, 40.407185776831341 ], [ -6.251073019374582, 40.407185776831341 ], [ -6.251073019374582, 40.405004734576742 ], [ -6.250332803407073, 40.405004734576742 ], [ -6.250332803407073, 40.401951156688078 ], [ -6.251073019374582, 40.401951156688078 ], [ -6.251073019374582, 40.400206192845147 ], [ -6.25181323534209, 40.400206192845147 ], [ -6.25181323534209, 40.398024924436619 ], [ -6.252553451309597, 40.398024924436619 ], [ -6.252553451309597, 40.394971029937125 ], [ -6.25181323534209, 40.394971029937125 ], [ -6.25181323534209, 40.391044390622632 ], [ -6.252553451309597, 40.391044390622632 ], [ -6.252553451309597, 40.390171773013996 ], [ -6.253293667277107, 40.390171773013996 ], [ -6.253293667277107, 40.389299144098459 ], [ -6.254033883244615, 40.389299144098459 ], [ -6.254033883244615, 40.388426503876062 ], [ -6.259215395017174, 40.388426503876062 ], [ -6.259215395017174, 40.38799017952482 ], [ -6.26069582695219, 40.38799017952482 ], [ -6.26069582695219, 40.38755385234689 ], [ -6.261436042919699, 40.38755385234689 ], [ -6.261436042919699, 40.386244853853007 ], [ -6.262176258887206, 40.386244853853007 ], [ -6.262176258887206, 40.384499482954602 ], [ -6.262916474854714, 40.384499482954602 ], [ -6.262916474854714, 40.381881341808104 ], [ -6.263656690822224, 40.381881341808104 ], [ -6.263656690822224, 40.381444975057235 ], [ -6.262916474854714, 40.381444975057235 ], [ -6.262916474854714, 40.378826715193988 ], [ -6.262176258887206, 40.378826715193988 ], [ -6.262176258887206, 40.376208353575194 ], [ -6.261436042919699, 40.376208353575194 ], [ -6.261436042919699, 40.371844191424493 ], [ -6.262176258887206, 40.371844191424493 ], [ -6.262176258887206, 40.370098447423743 ], [ -6.262916474854714, 40.370098447423743 ], [ -6.262916474854714, 40.369662004357529 ], [ -6.263656690822224, 40.369662004357529 ], [ -6.263656690822224, 40.369225558464919 ], [ -6.264396906789731, 40.369225558464919 ], [ -6.264396906789731, 40.368789109745933 ], [ -6.265137122757239, 40.368789109745933 ], [ -6.265137122757239, 40.368352658200543 ], [ -6.265877338724748, 40.368352658200543 ], [ -6.265877338724748, 40.367916203828798 ], [ -6.266617554692258, 40.367916203828798 ], [ -6.266617554692258, 40.367479746630671 ], [ -6.267357770659765, 40.367479746630671 ], [ -6.267357770659765, 40.36704328660619 ], [ -6.268097986627273, 40.36704328660619 ], [ -6.268097986627273, 40.366606823755355 ], [ -6.268838202594782, 40.366606823755355 ], [ -6.268838202594782, 40.366170358078165 ], [ -6.26957841856229, 40.366170358078165 ], [ -6.26957841856229, 40.365733889574642 ], [ -6.271058850497305, 40.365733889574642 ], [ -6.271058850497305, 40.366170358078165 ], [ -6.272539282432323, 40.366170358078165 ], [ -6.272539282432323, 40.366606823755355 ], [ -6.27401971436734, 40.366606823755355 ], [ -6.27401971436734, 40.36704328660619 ], [ -6.274759930334849, 40.36704328660619 ], [ -6.274759930334849, 40.367479746630671 ], [ -6.276240362269866, 40.367479746630671 ], [ -6.276240362269866, 40.367916203828798 ], [ -6.277720794204882, 40.367916203828798 ], [ -6.277720794204882, 40.368352658200543 ], [ -6.278461010172389, 40.368352658200543 ], [ -6.278461010172389, 40.368789109745933 ], [ -6.279941442107407, 40.368789109745933 ], [ -6.279941442107407, 40.369225558464919 ], [ -6.280681658074914, 40.369225558464919 ], [ -6.280681658074914, 40.369662004357529 ], [ -6.281421874042422, 40.369662004357529 ], [ -6.281421874042422, 40.370534887663545 ], [ -6.282162090009932, 40.370534887663545 ], [ -6.282162090009932, 40.371407759663931 ], [ -6.28290230597744, 40.371407759663931 ], [ -6.28290230597744, 40.371844191424493 ], [ -6.283642521944948, 40.371844191424493 ], [ -6.283642521944948, 40.372717046466299 ], [ -6.284382737912457, 40.372717046466299 ], [ -6.284382737912457, 40.373589890202332 ], [ -6.28734360178249, 40.373589890202332 ], [ -6.28734360178249, 40.374026307830668 ], [ -6.288083817749998, 40.374026307830668 ], [ -6.288083817749998, 40.372280620358616 ], [ -6.288824033717506, 40.372280620358616 ], [ -6.288824033717506, 40.371407759663931 ], [ -6.289564249685015, 40.371407759663931 ], [ -6.289564249685015, 40.370971325076951 ], [ -6.290304465652524, 40.370971325076951 ], [ -6.290304465652524, 40.370534887663545 ], [ -6.29178489758754, 40.370534887663545 ], [ -6.29178489758754, 40.370098447423743 ], [ -6.292525113555049, 40.370098447423743 ], [ -6.292525113555049, 40.369662004357529 ], [ -6.293265329522557, 40.369662004357529 ], [ -6.293265329522557, 40.370098447423743 ], [ -6.294005545490065, 40.370098447423743 ], [ -6.294005545490065, 40.370534887663545 ], [ -6.294745761457574, 40.370534887663545 ], [ -6.294745761457574, 40.370971325076951 ], [ -6.295485977425082, 40.370971325076951 ], [ -6.295485977425082, 40.371407759663931 ], [ -6.29622619339259, 40.371407759663931 ], [ -6.29622619339259, 40.371844191424493 ], [ -6.296966409360098, 40.371844191424493 ], [ -6.296966409360098, 40.372280620358616 ], [ -6.297706625327606, 40.372280620358616 ], [ -6.297706625327606, 40.372717046466299 ], [ -6.298446841295115, 40.372717046466299 ], [ -6.298446841295115, 40.377517547103949 ], [ -6.297706625327606, 40.377517547103949 ], [ -6.297706625327606, 40.378390328657176 ], [ -6.296966409360098, 40.378390328657176 ], [ -6.296966409360098, 40.379263098904268 ], [ -6.298446841295115, 40.379263098904268 ], [ -6.298446841295115, 40.378826715193988 ], [ -6.302147921132656, 40.378826715193988 ], [ -6.302147921132656, 40.379263098904268 ], [ -6.30510878500269, 40.379263098904268 ], [ -6.30510878500269, 40.379699479787988 ], [ -6.305849000970198, 40.379699479787988 ], [ -6.305849000970198, 40.377517547103949 ], [ -6.306589216937707, 40.377517547103949 ], [ -6.306589216937707, 40.375771950079262 ], [ -6.307329432905214, 40.375771950079262 ], [ -6.307329432905214, 40.375335543756833 ], [ -6.308809864840232, 40.375335543756833 ], [ -6.308809864840232, 40.374899134607922 ], [ -6.30955008080774, 40.374899134607922 ], [ -6.30955008080774, 40.374462722632536 ], [ -6.311770728710265, 40.374462722632536 ], [ -6.311770728710265, 40.374899134607922 ], [ -6.312510944677773, 40.374899134607922 ], [ -6.312510944677773, 40.375335543756833 ], [ -6.313251160645282, 40.375335543756833 ], [ -6.313251160645282, 40.375771950079262 ], [ -6.31399137661279, 40.375771950079262 ], [ -6.31399137661279, 40.376208353575194 ], [ -6.314731592580298, 40.376208353575194 ], [ -6.314731592580298, 40.376644754244623 ], [ -6.315471808547807, 40.376644754244623 ], [ -6.315471808547807, 40.377081152087541 ], [ -6.316212024515315, 40.377081152087541 ], [ -6.316212024515315, 40.380135857845154 ], [ -6.315471808547807, 40.380135857845154 ], [ -6.315471808547807, 40.383190425101112 ], [ -6.314731592580298, 40.383190425101112 ], [ -6.314731592580298, 40.383626780545562 ], [ -6.313251160645282, 40.383626780545562 ], [ -6.313251160645282, 40.384063133163394 ], [ -6.311770728710265, 40.384063133163394 ], [ -6.311770728710265, 40.384499482954602 ], [ -6.310290296775248, 40.384499482954602 ], [ -6.310290296775248, 40.385372174057103 ], [ -6.311030512742757, 40.385372174057103 ], [ -6.311030512742757, 40.385808515368389 ], [ -6.31399137661279, 40.385808515368389 ], [ -6.31399137661279, 40.386244853853007 ], [ -6.315471808547807, 40.386244853853007 ], [ -6.315471808547807, 40.387117522342272 ], [ -6.316212024515315, 40.387117522342272 ], [ -6.316212024515315, 40.388862825400615 ], [ -6.316952240482823, 40.388862825400615 ], [ -6.316952240482823, 40.391480695186857 ], [ -6.316212024515315, 40.391480695186857 ], [ -6.316212024515315, 40.392789591918991 ], [ -6.315471808547807, 40.392789591918991 ], [ -6.315471808547807, 40.394098463210227 ], [ -6.314731592580298, 40.394098463210227 ], [ -6.314731592580298, 40.395407309060367 ], [ -6.31399137661279, 40.395407309060367 ], [ -6.31399137661279, 40.397152397285204 ], [ -6.313251160645282, 40.397152397285204 ], [ -6.313251160645282, 40.398461183772056 ], [ -6.312510944677773, 40.398461183772056 ], [ -6.312510944677773, 40.398897440280635 ], [ -6.311770728710265, 40.398897440280635 ], [ -6.311770728710265, 40.39933369396234 ], [ -6.311030512742757, 40.39933369396234 ], [ -6.311030512742757, 40.399769944817194 ], [ -6.30955008080774, 40.399769944817194 ], [ -6.30955008080774, 40.400206192845147 ], [ -6.307329432905214, 40.400206192845147 ], [ -6.307329432905214, 40.399769944817194 ], [ -6.306589216937707, 40.399769944817194 ], [ -6.306589216937707, 40.398897440280635 ], [ -6.305849000970198, 40.398897440280635 ], [ -6.305849000970198, 40.398461183772056 ], [ -6.30510878500269, 40.398461183772056 ], [ -6.30510878500269, 40.398024924436619 ], [ -6.304368569035181, 40.398024924436619 ], [ -6.304368569035181, 40.39758866227433 ], [ -6.301407705165149, 40.39758866227433 ], [ -6.301407705165149, 40.398897440280635 ], [ -6.30066748919764, 40.398897440280635 ], [ -6.30066748919764, 40.400642438046226 ], [ -6.299927273230131, 40.400642438046226 ], [ -6.299927273230131, 40.401951156688078 ], [ -6.298446841295115, 40.401951156688078 ], [ -6.298446841295115, 40.402387390581538 ], [ -6.297706625327606, 40.402387390581538 ], [ -6.297706625327606, 40.402823621648082 ], [ -6.29622619339259, 40.402823621648082 ], [ -6.29622619339259, 40.403259849887696 ], [ -6.294745761457574, 40.403259849887696 ], [ -6.294745761457574, 40.402823621648082 ], [ -6.294005545490065, 40.402823621648082 ], [ -6.294005545490065, 40.402387390581538 ], [ -6.293265329522557, 40.402387390581538 ], [ -6.293265329522557, 40.401951156688078 ], [ -6.292525113555049, 40.401951156688078 ], [ -6.292525113555049, 40.401514919967696 ], [ -6.29178489758754, 40.401514919967696 ], [ -6.29178489758754, 40.401078680420419 ], [ -6.291044681620031, 40.401078680420419 ], [ -6.291044681620031, 40.403259849887696 ], [ -6.290304465652524, 40.403259849887696 ], [ -6.290304465652524, 40.406313368410451 ], [ -6.289564249685015, 40.406313368410451 ], [ -6.289564249685015, 40.406749574034386 ], [ -6.288824033717506, 40.406749574034386 ], [ -6.288824033717506, 40.407185776831341 ], [ -6.28734360178249, 40.407185776831341 ], [ -6.28734360178249, 40.407621976801302 ], [ -6.286603385814981, 40.407621976801302 ], [ -6.286603385814981, 40.408058173944248 ], [ -6.285863169847473, 40.408058173944248 ], [ -6.285863169847473, 40.408494368260193 ], [ -6.285122953879966, 40.408494368260193 ], [ -6.285122953879966, 40.408930559749109 ], [ -6.284382737912457, 40.408930559749109 ], [ -6.284382737912457, 40.40936674841101 ], [ -6.28290230597744, 40.40936674841101 ], [ -6.28290230597744, 40.409802934245867 ], [ -6.282162090009932, 40.409802934245867 ], [ -6.282162090009932, 40.410239117253695 ], [ -6.280681658074914, 40.410239117253695 ], [ -6.280681658074914, 40.409802934245867 ], [ -6.278461010172389, 40.409802934245867 ], [ -6.278461010172389, 40.40936674841101 ], [ -6.274759930334849, 40.40936674841101 ], [ -6.274759930334849, 40.409802934245867 ], [ -6.273279498399831, 40.409802934245867 ], [ -6.273279498399831, 40.410239117253695 ], [ -6.271799066464815, 40.410239117253695 ], [ -6.271799066464815, 40.41067529743448 ], [ -6.270318634529798, 40.41067529743448 ], [ -6.270318634529798, 40.4111114747882 ], [ -6.268097986627273, 40.4111114747882 ], [ -6.268097986627273, 40.411547649314869 ], [ -6.266617554692258, 40.411547649314869 ], [ -6.266617554692258, 40.411983821014466 ], [ -6.264396906789731, 40.411983821014466 ], [ -6.264396906789731, 40.411547649314869 ], [ -6.261436042919699, 40.411547649314869 ], [ -6.261436042919699, 40.4111114747882 ], [ -6.258475179049666, 40.4111114747882 ], [ -6.258475179049666, 40.41067529743448 ], [ -6.255514315179632, 40.41067529743448 ] ], [ [ -6.29622619339259, 40.379263098904268 ], [ -6.29622619339259, 40.379699479787988 ], [ -6.296966409360098, 40.379699479787988 ], [ -6.296966409360098, 40.379263098904268 ], [ -6.29622619339259, 40.379263098904268 ] ] ], [ [ [ -6.338418503540565, 40.43727694224215 ], [ -6.336938071605549, 40.43727694224215 ], [ -6.336938071605549, 40.436840934524305 ], [ -6.336197855638041, 40.436840934524305 ], [ -6.336197855638041, 40.436404923978991 ], [ -6.334717423703023, 40.436404923978991 ], [ -6.334717423703023, 40.435532894405988 ], [ -6.333977207735515, 40.435532894405988 ], [ -6.333977207735515, 40.43378880133065 ], [ -6.333236991768006, 40.43378880133065 ], [ -6.333236991768006, 40.432044663016576 ], [ -6.332496775800498, 40.432044663016576 ], [ -6.332496775800498, 40.431608621369563 ], [ -6.33175655983299, 40.431608621369563 ], [ -6.33175655983299, 40.43117257689515 ], [ -6.330276127897974, 40.43117257689515 ], [ -6.330276127897974, 40.430736529593382 ], [ -6.328795695962957, 40.430736529593382 ], [ -6.328795695962957, 40.430300479464222 ], [ -6.32731526402794, 40.430300479464222 ], [ -6.32731526402794, 40.429864426507699 ], [ -6.325834832092924, 40.429864426507699 ], [ -6.325834832092924, 40.428556250674028 ], [ -6.325094616125415, 40.428556250674028 ], [ -6.325094616125415, 40.426811976646427 ], [ -6.324354400157906, 40.426811976646427 ], [ -6.324354400157906, 40.42463157049751 ], [ -6.325094616125415, 40.42463157049751 ], [ -6.325094616125415, 40.423759388246957 ], [ -6.324354400157906, 40.423759388246957 ], [ -6.324354400157906, 40.423323292880802 ], [ -6.323614184190399, 40.423323292880802 ], [ -6.323614184190399, 40.422887194687377 ], [ -6.322133752255382, 40.422887194687377 ], [ -6.322133752255382, 40.422451093666709 ], [ -6.321393536287873, 40.422451093666709 ], [ -6.321393536287873, 40.421142773641293 ], [ -6.320653320320365, 40.421142773641293 ], [ -6.320653320320365, 40.419398307359678 ], [ -6.319913104352857, 40.419398307359678 ], [ -6.319913104352857, 40.417217660895908 ], [ -6.320653320320365, 40.417217660895908 ], [ -6.320653320320365, 40.415473092836017 ], [ -6.321393536287873, 40.415473092836017 ], [ -6.321393536287873, 40.413292319150791 ], [ -6.322133752255382, 40.413292319150791 ], [ -6.322133752255382, 40.411983821014466 ], [ -6.32287396822289, 40.411983821014466 ], [ -6.32287396822289, 40.411547649314869 ], [ -6.323614184190399, 40.411547649314869 ], [ -6.323614184190399, 40.41067529743448 ], [ -6.324354400157906, 40.41067529743448 ], [ -6.324354400157906, 40.410239117253695 ], [ -6.325094616125415, 40.410239117253695 ], [ -6.325094616125415, 40.40936674841101 ], [ -6.324354400157906, 40.40936674841101 ], [ -6.324354400157906, 40.408930559749109 ], [ -6.323614184190399, 40.408930559749109 ], [ -6.323614184190399, 40.408058173944248 ], [ -6.32287396822289, 40.408058173944248 ], [ -6.32287396822289, 40.407185776831341 ], [ -6.322133752255382, 40.407185776831341 ], [ -6.322133752255382, 40.406749574034386 ], [ -6.321393536287873, 40.406749574034386 ], [ -6.321393536287873, 40.405877159959516 ], [ -6.320653320320365, 40.405877159959516 ], [ -6.320653320320365, 40.405004734576742 ], [ -6.319913104352857, 40.405004734576742 ], [ -6.319913104352857, 40.404568517644904 ], [ -6.319172888385348, 40.404568517644904 ], [ -6.319172888385348, 40.393662175606593 ], [ -6.319913104352857, 40.393662175606593 ], [ -6.319913104352857, 40.393225885176186 ], [ -6.320653320320365, 40.393225885176186 ], [ -6.320653320320365, 40.392353295835036 ], [ -6.321393536287873, 40.392353295835036 ], [ -6.321393536287873, 40.391916996924316 ], [ -6.322133752255382, 40.391916996924316 ], [ -6.322133752255382, 40.391044390622632 ], [ -6.32287396822289, 40.391044390622632 ], [ -6.32287396822289, 40.390608083231683 ], [ -6.323614184190399, 40.390608083231683 ], [ -6.323614184190399, 40.389735459969579 ], [ -6.326575048060431, 40.389735459969579 ], [ -6.326575048060431, 40.388426503876062 ], [ -6.32731526402794, 40.388426503876062 ], [ -6.32731526402794, 40.385808515368389 ], [ -6.328055479995448, 40.385808515368389 ], [ -6.328055479995448, 40.384935829919179 ], [ -6.328795695962957, 40.384935829919179 ], [ -6.328795695962957, 40.384499482954602 ], [ -6.330276127897974, 40.384499482954602 ], [ -6.330276127897974, 40.384063133163394 ], [ -6.331016343865481, 40.384063133163394 ], [ -6.331016343865481, 40.383626780545562 ], [ -6.333236991768006, 40.383626780545562 ], [ -6.333236991768006, 40.384063133163394 ], [ -6.333977207735515, 40.384063133163394 ], [ -6.333977207735515, 40.384499482954602 ], [ -6.334717423703023, 40.384499482954602 ], [ -6.334717423703023, 40.384935829919179 ], [ -6.336197855638041, 40.384935829919179 ], [ -6.336197855638041, 40.386244853853007 ], [ -6.336938071605549, 40.386244853853007 ], [ -6.336938071605549, 40.388862825400615 ], [ -6.337678287573057, 40.388862825400615 ], [ -6.337678287573057, 40.389299144098459 ], [ -6.338418503540565, 40.389299144098459 ], [ -6.338418503540565, 40.388862825400615 ], [ -6.34063915144309, 40.388862825400615 ], [ -6.34063915144309, 40.389299144098459 ], [ -6.342119583378107, 40.389299144098459 ], [ -6.342119583378107, 40.389735459969579 ], [ -6.342859799345614, 40.389735459969579 ], [ -6.342859799345614, 40.390171773013996 ], [ -6.343600015313123, 40.390171773013996 ], [ -6.343600015313123, 40.389735459969579 ], [ -6.344340231280632, 40.389735459969579 ], [ -6.344340231280632, 40.387117522342272 ], [ -6.343600015313123, 40.387117522342272 ], [ -6.343600015313123, 40.385372174057103 ], [ -6.342859799345614, 40.385372174057103 ], [ -6.342859799345614, 40.384063133163394 ], [ -6.343600015313123, 40.384063133163394 ], [ -6.343600015313123, 40.382317705732369 ], [ -6.344340231280632, 40.382317705732369 ], [ -6.344340231280632, 40.379699479787988 ], [ -6.343600015313123, 40.379699479787988 ], [ -6.343600015313123, 40.378390328657176 ], [ -6.342859799345614, 40.378390328657176 ], [ -6.342859799345614, 40.377517547103949 ], [ -6.342119583378107, 40.377517547103949 ], [ -6.342119583378107, 40.376208353575194 ], [ -6.341379367410598, 40.376208353575194 ], [ -6.341379367410598, 40.375771950079262 ], [ -6.342119583378107, 40.375771950079262 ], [ -6.342119583378107, 40.374026307830668 ], [ -6.342859799345614, 40.374026307830668 ], [ -6.342859799345614, 40.372280620358616 ], [ -6.343600015313123, 40.372280620358616 ], [ -6.343600015313123, 40.371844191424493 ], [ -6.34508044724814, 40.371844191424493 ], [ -6.34508044724814, 40.371407759663931 ], [ -6.345820663215648, 40.371407759663931 ], [ -6.345820663215648, 40.370971325076951 ], [ -6.346560879183157, 40.370971325076951 ], [ -6.346560879183157, 40.370098447423743 ], [ -6.34508044724814, 40.370098447423743 ], [ -6.34508044724814, 40.370534887663545 ], [ -6.343600015313123, 40.370534887663545 ], [ -6.343600015313123, 40.370098447423743 ], [ -6.342859799345614, 40.370098447423743 ], [ -6.342859799345614, 40.369662004357529 ], [ -6.341379367410598, 40.369662004357529 ], [ -6.341379367410598, 40.369225558464919 ], [ -6.34063915144309, 40.369225558464919 ], [ -6.34063915144309, 40.368789109745933 ], [ -6.339898935475582, 40.368789109745933 ], [ -6.339898935475582, 40.367479746630671 ], [ -6.339158719508074, 40.367479746630671 ], [ -6.339158719508074, 40.365733889574642 ], [ -6.338418503540565, 40.365733889574642 ], [ -6.338418503540565, 40.364424467106097 ], [ -6.339158719508074, 40.364424467106097 ], [ -6.339158719508074, 40.362678530913037 ], [ -6.339898935475582, 40.362678530913037 ], [ -6.339898935475582, 40.361369049092247 ], [ -6.34063915144309, 40.361369049092247 ], [ -6.34063915144309, 40.360932549499445 ], [ -6.342119583378107, 40.360932549499445 ], [ -6.342119583378107, 40.360496047080389 ], [ -6.344340231280632, 40.360496047080389 ], [ -6.344340231280632, 40.360059541835085 ], [ -6.347301095150666, 40.360059541835085 ], [ -6.347301095150666, 40.360932549499445 ], [ -6.348041311118173, 40.360932549499445 ], [ -6.348041311118173, 40.361805545858779 ], [ -6.348781527085682, 40.361805545858779 ], [ -6.348781527085682, 40.36224203979905 ], [ -6.349521743053189, 40.36224203979905 ], [ -6.349521743053189, 40.365733889574642 ], [ -6.350261959020698, 40.365733889574642 ], [ -6.350261959020698, 40.365297418244779 ], [ -6.352482606923223, 40.365297418244779 ], [ -6.352482606923223, 40.364860944088605 ], [ -6.353222822890732, 40.364860944088605 ], [ -6.353222822890732, 40.363987987297278 ], [ -6.35396303885824, 40.363987987297278 ], [ -6.35396303885824, 40.363115019200748 ], [ -6.354703254825749, 40.363115019200748 ], [ -6.354703254825749, 40.361805545858779 ], [ -6.355443470793257, 40.361805545858779 ], [ -6.355443470793257, 40.360932549499445 ], [ -6.356183686760765, 40.360932549499445 ], [ -6.356183686760765, 40.360059541835085 ], [ -6.356923902728273, 40.360059541835085 ], [ -6.356923902728273, 40.356567398128547 ], [ -6.357664118695782, 40.356567398128547 ], [ -6.357664118695782, 40.354384716460721 ], [ -6.35840433466329, 40.354384716460721 ], [ -6.35840433466329, 40.353948171648675 ], [ -6.359144550630798, 40.353948171648675 ], [ -6.359144550630798, 40.35351162401048 ], [ -6.360624982565815, 40.35351162401048 ], [ -6.360624982565815, 40.353075073546165 ], [ -6.362845630468341, 40.353075073546165 ], [ -6.362845630468341, 40.35351162401048 ], [ -6.363585846435849, 40.35351162401048 ], [ -6.363585846435849, 40.353948171648675 ], [ -6.364326062403356, 40.353948171648675 ], [ -6.364326062403356, 40.354384716460721 ], [ -6.365066278370866, 40.354384716460721 ], [ -6.365066278370866, 40.354821258446613 ], [ -6.365806494338374, 40.354821258446613 ], [ -6.365806494338374, 40.355257797606349 ], [ -6.366546710305881, 40.355257797606349 ], [ -6.366546710305881, 40.356130867447327 ], [ -6.36728692627339, 40.356130867447327 ], [ -6.36728692627339, 40.358313492591527 ], [ -6.368027142240899, 40.358313492591527 ], [ -6.368027142240899, 40.361369049092247 ], [ -6.368767358208406, 40.361369049092247 ], [ -6.368767358208406, 40.363551504662162 ], [ -6.370247790143424, 40.363551504662162 ], [ -6.370247790143424, 40.363115019200748 ], [ -6.37172822207844, 40.363115019200748 ], [ -6.37172822207844, 40.363551504662162 ], [ -6.372468438045948, 40.363551504662162 ], [ -6.372468438045948, 40.363987987297278 ], [ -6.373948869980965, 40.363987987297278 ], [ -6.373948869980965, 40.364424467106097 ], [ -6.374689085948473, 40.364424467106097 ], [ -6.374689085948473, 40.364860944088605 ], [ -6.375429301915982, 40.364860944088605 ], [ -6.375429301915982, 40.366170358078165 ], [ -6.37616951788349, 40.366170358078165 ], [ -6.37616951788349, 40.365733889574642 ], [ -6.376909733850998, 40.365733889574642 ], [ -6.376909733850998, 40.365297418244779 ], [ -6.377649949818506, 40.365297418244779 ], [ -6.377649949818506, 40.364424467106097 ], [ -6.378390165786015, 40.364424467106097 ], [ -6.378390165786015, 40.363551504662162 ], [ -6.381351029656049, 40.363551504662162 ], [ -6.381351029656049, 40.363987987297278 ], [ -6.383571677558574, 40.363987987297278 ], [ -6.383571677558574, 40.364424467106097 ], [ -6.385792325461098, 40.364424467106097 ], [ -6.385792325461098, 40.367479746630671 ], [ -6.386532541428607, 40.367479746630671 ], [ -6.386532541428607, 40.370971325076951 ], [ -6.385792325461098, 40.370971325076951 ], [ -6.385792325461098, 40.371844191424493 ], [ -6.385052109493589, 40.371844191424493 ], [ -6.385052109493589, 40.372717046466299 ], [ -6.385792325461098, 40.372717046466299 ], [ -6.385792325461098, 40.373589890202332 ], [ -6.386532541428607, 40.373589890202332 ], [ -6.386532541428607, 40.374026307830668 ], [ -6.387272757396115, 40.374026307830668 ], [ -6.387272757396115, 40.374899134607922 ], [ -6.388012973363623, 40.374899134607922 ], [ -6.388012973363623, 40.375335543756833 ], [ -6.388753189331132, 40.375335543756833 ], [ -6.388753189331132, 40.376208353575194 ], [ -6.389493405298641, 40.376208353575194 ], [ -6.389493405298641, 40.376644754244623 ], [ -6.390233621266148, 40.376644754244623 ], [ -6.390233621266148, 40.377517547103949 ], [ -6.390973837233656, 40.377517547103949 ], [ -6.390973837233656, 40.377953939293825 ], [ -6.391714053201166, 40.377953939293825 ], [ -6.391714053201166, 40.383626780545562 ], [ -6.392454269168673, 40.383626780545562 ], [ -6.392454269168673, 40.384935829919179 ], [ -6.393194485136181, 40.384935829919179 ], [ -6.393194485136181, 40.386244853853007 ], [ -6.39393470110369, 40.386244853853007 ], [ -6.39393470110369, 40.38755385234689 ], [ -6.393194485136181, 40.38755385234689 ], [ -6.393194485136181, 40.388862825400615 ], [ -6.392454269168673, 40.388862825400615 ], [ -6.392454269168673, 40.389735459969579 ], [ -6.391714053201166, 40.389735459969579 ], [ -6.391714053201166, 40.391044390622632 ], [ -6.390973837233656, 40.391044390622632 ], [ -6.390973837233656, 40.395843585356808 ], [ -6.391714053201166, 40.395843585356808 ], [ -6.391714053201166, 40.396716129469226 ], [ -6.390973837233656, 40.396716129469226 ], [ -6.390973837233656, 40.39758866227433 ], [ -6.390233621266148, 40.39758866227433 ], [ -6.390233621266148, 40.398024924436619 ], [ -6.389493405298641, 40.398024924436619 ], [ -6.389493405298641, 40.398897440280635 ], [ -6.388753189331132, 40.398897440280635 ], [ -6.388753189331132, 40.39933369396234 ], [ -6.388012973363623, 40.39933369396234 ], [ -6.388012973363623, 40.399769944817194 ], [ -6.387272757396115, 40.399769944817194 ], [ -6.387272757396115, 40.39933369396234 ], [ -6.385052109493589, 40.39933369396234 ], [ -6.385052109493589, 40.398897440280635 ], [ -6.382091245623557, 40.398897440280635 ], [ -6.382091245623557, 40.399769944817194 ], [ -6.381351029656049, 40.399769944817194 ], [ -6.381351029656049, 40.400206192845147 ], [ -6.38061081368854, 40.400206192845147 ], [ -6.38061081368854, 40.400642438046226 ], [ -6.376909733850998, 40.400642438046226 ], [ -6.376909733850998, 40.401078680420419 ], [ -6.37616951788349, 40.401078680420419 ], [ -6.37616951788349, 40.401951156688078 ], [ -6.375429301915982, 40.401951156688078 ], [ -6.375429301915982, 40.403259849887696 ], [ -6.374689085948473, 40.403259849887696 ], [ -6.374689085948473, 40.404132297886122 ], [ -6.373948869980965, 40.404132297886122 ], [ -6.373948869980965, 40.405004734576742 ], [ -6.368767358208406, 40.405004734576742 ], [ -6.368767358208406, 40.404568517644904 ], [ -6.368027142240899, 40.404568517644904 ], [ -6.368027142240899, 40.403696075300381 ], [ -6.36728692627339, 40.403696075300381 ], [ -6.36728692627339, 40.402823621648082 ], [ -6.366546710305881, 40.402823621648082 ], [ -6.366546710305881, 40.402387390581538 ], [ -6.365806494338374, 40.402387390581538 ], [ -6.365806494338374, 40.402823621648082 ], [ -6.365066278370866, 40.402823621648082 ], [ -6.365066278370866, 40.403696075300381 ], [ -6.364326062403356, 40.403696075300381 ], [ -6.364326062403356, 40.406749574034386 ], [ -6.366546710305881, 40.406749574034386 ], [ -6.366546710305881, 40.407185776831341 ], [ -6.370247790143424, 40.407185776831341 ], [ -6.370247790143424, 40.408494368260193 ], [ -6.370988006110932, 40.408494368260193 ], [ -6.370988006110932, 40.412419989886985 ], [ -6.37172822207844, 40.412419989886985 ], [ -6.37172822207844, 40.413728479542058 ], [ -6.370988006110932, 40.413728479542058 ], [ -6.370988006110932, 40.414164637106218 ], [ -6.370247790143424, 40.414164637106218 ], [ -6.370247790143424, 40.415036943753201 ], [ -6.369507574175914, 40.415036943753201 ], [ -6.369507574175914, 40.415909239091704 ], [ -6.368767358208406, 40.415909239091704 ], [ -6.368767358208406, 40.416345382520248 ], [ -6.363585846435849, 40.416345382520248 ], [ -6.363585846435849, 40.417217660895908 ], [ -6.362845630468341, 40.417217660895908 ], [ -6.362845630468341, 40.417653795843009 ], [ -6.362105414500832, 40.417653795843009 ], [ -6.362105414500832, 40.418089927962939 ], [ -6.361365198533323, 40.418089927962939 ], [ -6.361365198533323, 40.419834428170894 ], [ -6.362105414500832, 40.419834428170894 ], [ -6.362105414500832, 40.420270546154889 ], [ -6.362845630468341, 40.420270546154889 ], [ -6.362845630468341, 40.421142773641293 ], [ -6.363585846435849, 40.421142773641293 ], [ -6.363585846435849, 40.421578883143653 ], [ -6.364326062403356, 40.421578883143653 ], [ -6.364326062403356, 40.422451093666709 ], [ -6.365066278370866, 40.422451093666709 ], [ -6.365066278370866, 40.425503741438959 ], [ -6.365806494338374, 40.425503741438959 ], [ -6.365806494338374, 40.425939822668738 ], [ -6.36728692627339, 40.425939822668738 ], [ -6.36728692627339, 40.425503741438959 ], [ -6.369507574175914, 40.425503741438959 ], [ -6.369507574175914, 40.425939822668738 ], [ -6.370247790143424, 40.425939822668738 ], [ -6.370247790143424, 40.426375901071239 ], [ -6.37172822207844, 40.426375901071239 ], [ -6.37172822207844, 40.426811976646427 ], [ -6.372468438045948, 40.426811976646427 ], [ -6.372468438045948, 40.427684119314875 ], [ -6.373208654013458, 40.427684119314875 ], [ -6.373208654013458, 40.429428370723834 ], [ -6.373948869980965, 40.429428370723834 ], [ -6.373948869980965, 40.432044663016576 ], [ -6.373208654013458, 40.432044663016576 ], [ -6.373208654013458, 40.43378880133065 ], [ -6.372468438045948, 40.43378880133065 ], [ -6.372468438045948, 40.434660853523177 ], [ -6.37172822207844, 40.434660853523177 ], [ -6.37172822207844, 40.435096875378306 ], [ -6.370988006110932, 40.435096875378306 ], [ -6.370988006110932, 40.435532894405988 ], [ -6.369507574175914, 40.435532894405988 ], [ -6.369507574175914, 40.435968910606213 ], [ -6.36728692627339, 40.435968910606213 ], [ -6.36728692627339, 40.435532894405988 ], [ -6.365806494338374, 40.435532894405988 ], [ -6.365806494338374, 40.435096875378306 ], [ -6.365066278370866, 40.435096875378306 ], [ -6.365066278370866, 40.434660853523177 ], [ -6.364326062403356, 40.434660853523177 ], [ -6.364326062403356, 40.435096875378306 ], [ -6.362845630468341, 40.435096875378306 ], [ -6.362845630468341, 40.435532894405988 ], [ -6.362105414500832, 40.435532894405988 ], [ -6.362105414500832, 40.435968910606213 ], [ -6.359884766598306, 40.435968910606213 ], [ -6.359884766598306, 40.435532894405988 ], [ -6.355443470793257, 40.435532894405988 ], [ -6.355443470793257, 40.435096875378306 ], [ -6.353222822890732, 40.435096875378306 ], [ -6.353222822890732, 40.435532894405988 ], [ -6.352482606923223, 40.435532894405988 ], [ -6.352482606923223, 40.435968910606213 ], [ -6.351742390955714, 40.435968910606213 ], [ -6.351742390955714, 40.436404923978991 ], [ -6.351002174988206, 40.436404923978991 ], [ -6.351002174988206, 40.436840934524305 ], [ -6.350261959020698, 40.436840934524305 ], [ -6.350261959020698, 40.43727694224215 ], [ -6.349521743053189, 40.43727694224215 ], [ -6.349521743053189, 40.437712947132518 ], [ -6.348781527085682, 40.437712947132518 ], [ -6.348781527085682, 40.438148949195401 ], [ -6.348041311118173, 40.438148949195401 ], [ -6.348041311118173, 40.438584948430801 ], [ -6.346560879183157, 40.438584948430801 ], [ -6.346560879183157, 40.438148949195401 ], [ -6.342119583378107, 40.438148949195401 ], [ -6.342119583378107, 40.437712947132518 ], [ -6.338418503540565, 40.437712947132518 ], [ -6.338418503540565, 40.43727694224215 ] ] ], [ [ [ -6.765523116792874, 42.559479699959915 ], [ -6.764782900825367, 42.559479699959915 ], [ -6.764782900825367, 42.558635798175914 ], [ -6.764042684857857, 42.558635798175914 ], [ -6.764042684857857, 42.558213843003912 ], [ -6.763302468890348, 42.558213843003912 ], [ -6.763302468890348, 42.557369924099952 ], [ -6.76256225292284, 42.557369924099952 ], [ -6.76256225292284, 42.556525993782721 ], [ -6.761822036955333, 42.556525993782721 ], [ -6.761822036955333, 42.555682052052248 ], [ -6.761081820987823, 42.555682052052248 ], [ -6.761081820987823, 42.551462172202271 ], [ -6.760341605020315, 42.551462172202271 ], [ -6.760341605020315, 42.54850808653768 ], [ -6.761081820987823, 42.54850808653768 ], [ -6.761081820987823, 42.547664036382848 ], [ -6.761822036955333, 42.547664036382848 ], [ -6.761822036955333, 42.546819974815079 ], [ -6.76256225292284, 42.546819974815079 ], [ -6.76256225292284, 42.545975901834403 ], [ -6.763302468890348, 42.545975901834403 ], [ -6.763302468890348, 42.545553861064228 ], [ -6.764782900825367, 42.545553861064228 ], [ -6.764782900825367, 42.54513181744084 ], [ -6.766263332760382, 42.54513181744084 ], [ -6.766263332760382, 42.544709770964246 ], [ -6.767003548727891, 42.544709770964246 ], [ -6.767003548727891, 42.544287721634426 ], [ -6.768483980662907, 42.544287721634426 ], [ -6.768483980662907, 42.543865669451414 ], [ -6.769964412597924, 42.543865669451414 ], [ -6.769964412597924, 42.544287721634426 ], [ -6.770704628565432, 42.544287721634426 ], [ -6.770704628565432, 42.544709770964246 ], [ -6.772185060500449, 42.544709770964246 ], [ -6.772185060500449, 42.54513181744084 ], [ -6.772925276467958, 42.54513181744084 ], [ -6.772925276467958, 42.545553861064228 ], [ -6.773665492435466, 42.545553861064228 ], [ -6.773665492435466, 42.545975901834403 ], [ -6.774405708402975, 42.545975901834403 ], [ -6.774405708402975, 42.546397939751351 ], [ -6.775145924370483, 42.546397939751351 ], [ -6.775145924370483, 42.546819974815079 ], [ -6.776626356305498, 42.546819974815079 ], [ -6.776626356305498, 42.548086062886881 ], [ -6.777366572273007, 42.548086062886881 ], [ -6.777366572273007, 42.549774140370594 ], [ -6.778106788240516, 42.549774140370594 ], [ -6.778106788240516, 42.556104024344137 ], [ -6.777366572273007, 42.556104024344137 ], [ -6.777366572273007, 42.557369924099952 ], [ -6.776626356305498, 42.557369924099952 ], [ -6.776626356305498, 42.558635798175914 ], [ -6.775886140337991, 42.558635798175914 ], [ -6.775886140337991, 42.559479699959915 ], [ -6.775145924370483, 42.559479699959915 ], [ -6.775145924370483, 42.560745531235895 ], [ -6.774405708402975, 42.560745531235895 ], [ -6.774405708402975, 42.561167469287867 ], [ -6.772185060500449, 42.561167469287867 ], [ -6.772185060500449, 42.560745531235895 ], [ -6.768483980662907, 42.560745531235895 ], [ -6.768483980662907, 42.560323590330576 ], [ -6.765523116792874, 42.560323590330576 ], [ -6.765523116792874, 42.559479699959915 ] ] ], [ [ [ -5.72255881857363, 43.536112471851069 ], [ -5.72255881857363, 43.535281900557365 ], [ -5.721818602606122, 43.535281900557365 ], [ -5.721818602606122, 43.533205422273518 ], [ -5.721078386638613, 43.533205422273518 ], [ -5.721078386638613, 43.527390902703871 ], [ -5.720338170671106, 43.527390902703871 ], [ -5.720338170671106, 43.521991204041377 ], [ -5.719597954703597, 43.521991204041377 ], [ -5.719597954703597, 43.520745051096618 ], [ -5.720338170671106, 43.520745051096618 ], [ -5.720338170671106, 43.519914268167263 ], [ -5.721078386638613, 43.519914268167263 ], [ -5.721078386638613, 43.519498872412733 ], [ -5.721818602606122, 43.519498872412733 ], [ -5.721818602606122, 43.518668072323983 ], [ -5.72255881857363, 43.518668072323983 ], [ -5.72255881857363, 43.517837260795666 ], [ -5.727000114378681, 43.517837260795666 ], [ -5.727000114378681, 43.51742185074167 ], [ -5.728480546313697, 43.51742185074167 ], [ -5.728480546313697, 43.517006437827789 ], [ -5.729220762281205, 43.517006437827789 ], [ -5.729220762281205, 43.516175603420372 ], [ -5.729960978248714, 43.516175603420372 ], [ -5.729960978248714, 43.515760181926844 ], [ -5.730701194216222, 43.515760181926844 ], [ -5.730701194216222, 43.51534475757343 ], [ -5.73144141018373, 43.51534475757343 ], [ -5.73144141018373, 43.514929330360154 ], [ -5.733662058086256, 43.514929330360154 ], [ -5.733662058086256, 43.51534475757343 ], [ -5.734402274053765, 43.51534475757343 ], [ -5.734402274053765, 43.515760181926844 ], [ -5.735142490021273, 43.515760181926844 ], [ -5.735142490021273, 43.516591022054023 ], [ -5.73588270598878, 43.516591022054023 ], [ -5.73588270598878, 43.517006437827789 ], [ -5.73662292195629, 43.517006437827789 ], [ -5.73662292195629, 43.51742185074167 ], [ -5.737363137923798, 43.51742185074167 ], [ -5.737363137923798, 43.517837260795666 ], [ -5.738103353891305, 43.517837260795666 ], [ -5.738103353891305, 43.520745051096618 ], [ -5.738843569858814, 43.520745051096618 ], [ -5.738843569858814, 43.524068068417712 ], [ -5.739583785826321, 43.524068068417712 ], [ -5.739583785826321, 43.527806244119944 ], [ -5.74032400179383, 43.527806244119944 ], [ -5.74032400179383, 43.530713553953994 ], [ -5.739583785826321, 43.530713553953994 ], [ -5.739583785826321, 43.531128872490477 ], [ -5.738843569858814, 43.531128872490477 ], [ -5.738843569858814, 43.531544188167018 ], [ -5.738103353891305, 43.531544188167018 ], [ -5.738103353891305, 43.531959500983589 ], [ -5.737363137923798, 43.531959500983589 ], [ -5.737363137923798, 43.532790118036843 ], [ -5.73662292195629, 43.532790118036843 ], [ -5.73662292195629, 43.533205422273518 ], [ -5.73588270598878, 43.533205422273518 ], [ -5.73588270598878, 43.533620723650237 ], [ -5.735142490021273, 43.533620723650237 ], [ -5.735142490021273, 43.53403602216698 ], [ -5.734402274053765, 43.53403602216698 ], [ -5.734402274053765, 43.534451317823752 ], [ -5.733662058086256, 43.534451317823752 ], [ -5.733662058086256, 43.534866610620547 ], [ -5.732921842118747, 43.534866610620547 ], [ -5.732921842118747, 43.535697187634213 ], [ -5.732181626151239, 43.535697187634213 ], [ -5.732181626151239, 43.536112471851069 ], [ -5.73144141018373, 43.536112471851069 ], [ -5.73144141018373, 43.536527753207956 ], [ -5.730701194216222, 43.536527753207956 ], [ -5.730701194216222, 43.536943031704851 ], [ -5.729960978248714, 43.536943031704851 ], [ -5.729960978248714, 43.537358307341755 ], [ -5.729220762281205, 43.537358307341755 ], [ -5.729220762281205, 43.537773580118674 ], [ -5.724779466476156, 43.537773580118674 ], [ -5.724779466476156, 43.537358307341755 ], [ -5.724039250508648, 43.537358307341755 ], [ -5.724039250508648, 43.536943031704851 ], [ -5.723299034541139, 43.536943031704851 ], [ -5.723299034541139, 43.536112471851069 ], [ -5.72255881857363, 43.536112471851069 ] ] ], [ [ [ -5.83877272547244, 43.550230433520795 ], [ -5.83877272547244, 43.549815246544526 ], [ -5.838032509504931, 43.549815246544526 ], [ -5.838032509504931, 43.548984864011857 ], [ -5.837292293537423, 43.548984864011857 ], [ -5.837292293537423, 43.54815447003898 ], [ -5.836552077569914, 43.54815447003898 ], [ -5.836552077569914, 43.546908857629347 ], [ -5.835811861602406, 43.546908857629347 ], [ -5.835811861602406, 43.54607843505606 ], [ -5.831370565797356, 43.54607843505606 ], [ -5.831370565797356, 43.545663219479366 ], [ -5.827669485959815, 43.545663219479366 ], [ -5.827669485959815, 43.545248001042651 ], [ -5.826929269992306, 43.545248001042651 ], [ -5.826929269992306, 43.544832779745889 ], [ -5.826189054024797, 43.544832779745889 ], [ -5.826189054024797, 43.544417555589114 ], [ -5.82544883805729, 43.544417555589114 ], [ -5.82544883805729, 43.543587098695482 ], [ -5.824708622089781, 43.543587098695482 ], [ -5.824708622089781, 43.543171865958641 ], [ -5.823968406122273, 43.543171865958641 ], [ -5.823968406122273, 43.542756630361758 ], [ -5.823228190154764, 43.542756630361758 ], [ -5.823228190154764, 43.54192615058799 ], [ -5.818046678382206, 43.54192615058799 ], [ -5.818046678382206, 43.541095659374164 ], [ -5.817306462414698, 43.541095659374164 ], [ -5.817306462414698, 43.540265156720295 ], [ -5.816566246447189, 43.540265156720295 ], [ -5.816566246447189, 43.539849901103352 ], [ -5.815826030479681, 43.539849901103352 ], [ -5.815826030479681, 43.53403602216698 ], [ -5.816566246447189, 43.53403602216698 ], [ -5.816566246447189, 43.533620723650237 ], [ -5.817306462414698, 43.533620723650237 ], [ -5.817306462414698, 43.532790118036843 ], [ -5.818046678382206, 43.532790118036843 ], [ -5.818046678382206, 43.531959500983589 ], [ -5.823228190154764, 43.531959500983589 ], [ -5.823228190154764, 43.53237481094019 ], [ -5.828409701927322, 43.53237481094019 ], [ -5.828409701927322, 43.531959500983589 ], [ -5.829149917894831, 43.531959500983589 ], [ -5.829149917894831, 43.531544188167018 ], [ -5.830630349829847, 43.531544188167018 ], [ -5.830630349829847, 43.531128872490477 ], [ -5.832110781764865, 43.531128872490477 ], [ -5.832110781764865, 43.531544188167018 ], [ -5.832850997732372, 43.531544188167018 ], [ -5.832850997732372, 43.531959500983589 ], [ -5.833591213699881, 43.531959500983589 ], [ -5.833591213699881, 43.53237481094019 ], [ -5.835071645634897, 43.53237481094019 ], [ -5.835071645634897, 43.532790118036843 ], [ -5.835811861602406, 43.532790118036843 ], [ -5.835811861602406, 43.533205422273518 ], [ -5.836552077569914, 43.533205422273518 ], [ -5.836552077569914, 43.533620723650237 ], [ -5.837292293537423, 43.533620723650237 ], [ -5.837292293537423, 43.53403602216698 ], [ -5.83877272547244, 43.53403602216698 ], [ -5.83877272547244, 43.534451317823752 ], [ -5.839512941439948, 43.534451317823752 ], [ -5.839512941439948, 43.535281900557365 ], [ -5.840253157407456, 43.535281900557365 ], [ -5.840253157407456, 43.537358307341755 ], [ -5.840993373374964, 43.537358307341755 ], [ -5.840993373374964, 43.539019381289471 ], [ -5.842473805309981, 43.539019381289471 ], [ -5.842473805309981, 43.53860411709254 ], [ -5.843954237244998, 43.53860411709254 ], [ -5.843954237244998, 43.538188850035603 ], [ -5.845434669180014, 43.538188850035603 ], [ -5.845434669180014, 43.53860411709254 ], [ -5.846174885147523, 43.53860411709254 ], [ -5.846174885147523, 43.539019381289471 ], [ -5.847655317082539, 43.539019381289471 ], [ -5.847655317082539, 43.539434642626411 ], [ -5.848395533050048, 43.539434642626411 ], [ -5.848395533050048, 43.539849901103352 ], [ -5.849135749017555, 43.539849901103352 ], [ -5.849135749017555, 43.540680409477226 ], [ -5.849875964985064, 43.540680409477226 ], [ -5.849875964985064, 43.542341391904877 ], [ -5.850616180952573, 43.542341391904877 ], [ -5.850616180952573, 43.545248001042651 ], [ -5.849875964985064, 43.545248001042651 ], [ -5.849875964985064, 43.54773926876247 ], [ -5.849135749017555, 43.54773926876247 ], [ -5.849135749017555, 43.549815246544526 ], [ -5.848395533050048, 43.549815246544526 ], [ -5.848395533050048, 43.550230433520795 ], [ -5.847655317082539, 43.550230433520795 ], [ -5.847655317082539, 43.550645617637002 ], [ -5.846174885147523, 43.550645617637002 ], [ -5.846174885147523, 43.551060798893154 ], [ -5.845434669180014, 43.551060798893154 ], [ -5.845434669180014, 43.551475977289243 ], [ -5.843214021277489, 43.551475977289243 ], [ -5.843214021277489, 43.551060798893154 ], [ -5.841733589342473, 43.551060798893154 ], [ -5.841733589342473, 43.550645617637002 ], [ -5.840253157407456, 43.550645617637002 ], [ -5.840253157407456, 43.550230433520795 ], [ -5.83877272547244, 43.550230433520795 ] ] ], [ [ [ 0.544849778319437, 35.788732754640378 ], [ 0.544849778319437, 35.787803380056921 ], [ 0.545589994286945, 35.787803380056921 ], [ 0.545589994286945, 35.787338688689786 ], [ 0.546330210254454, 35.787338688689786 ], [ 0.546330210254454, 35.786409297804781 ], [ 0.547070426221962, 35.786409297804781 ], [ 0.547070426221962, 35.779903257325017 ], [ 0.546330210254454, 35.779903257325017 ], [ 0.546330210254454, 35.778044290814222 ], [ 0.545589994286945, 35.778044290814222 ], [ 0.545589994286945, 35.777579542394932 ], [ 0.544849778319437, 35.777579542394932 ], [ 0.544849778319437, 35.777114791259052 ], [ 0.544109562351929, 35.777114791259052 ], [ 0.544109562351929, 35.776650037406554 ], [ 0.54336934638442, 35.776650037406554 ], [ 0.54336934638442, 35.776185280837481 ], [ 0.542629130416912, 35.776185280837481 ], [ 0.542629130416912, 35.775720521551847 ], [ 0.541888914449404, 35.775720521551847 ], [ 0.541888914449404, 35.775255759549673 ], [ 0.540408482514387, 35.775255759549673 ], [ 0.540408482514387, 35.775720521551847 ], [ 0.53892805057937, 35.775720521551847 ], [ 0.53892805057937, 35.776185280837481 ], [ 0.538187834611862, 35.776185280837481 ], [ 0.538187834611862, 35.776650037406554 ], [ 0.536707402676845, 35.776650037406554 ], [ 0.536707402676845, 35.777114791259052 ], [ 0.535226970741829, 35.777114791259052 ], [ 0.535226970741829, 35.778044290814222 ], [ 0.53448675477432, 35.778044290814222 ], [ 0.53448675477432, 35.77897377950292 ], [ 0.533746538806812, 35.77897377950292 ], [ 0.533746538806812, 35.779438519772313 ], [ 0.533006322839304, 35.779438519772313 ], [ 0.533006322839304, 35.780367992161054 ], [ 0.532266106871795, 35.780367992161054 ], [ 0.532266106871795, 35.78083272428038 ], [ 0.531525890904287, 35.78083272428038 ], [ 0.531525890904287, 35.785944598286946 ], [ 0.532266106871795, 35.785944598286946 ], [ 0.532266106871795, 35.786873994605742 ], [ 0.533006322839304, 35.786873994605742 ], [ 0.533006322839304, 35.787338688689786 ], [ 0.533746538806812, 35.787338688689786 ], [ 0.533746538806812, 35.788268068707133 ], [ 0.53448675477432, 35.788268068707133 ], [ 0.53448675477432, 35.788732754640378 ], [ 0.535226970741829, 35.788732754640378 ], [ 0.535226970741829, 35.789662118356006 ], [ 0.535967186709337, 35.789662118356006 ], [ 0.535967186709337, 35.790591471203676 ], [ 0.540408482514387, 35.790591471203676 ], [ 0.540408482514387, 35.790126796138338 ], [ 0.54336934638442, 35.790126796138338 ], [ 0.54336934638442, 35.789197437856686 ], [ 0.544109562351929, 35.789197437856686 ], [ 0.544109562351929, 35.788732754640378 ], [ 0.544849778319437, 35.788732754640378 ] ] ], [ [ [ -0.336747438982989, 35.812428134223211 ], [ -0.336007223015481, 35.812428134223211 ], [ -0.336007223015481, 35.811963586873631 ], [ -0.335267007047972, 35.811963586873631 ], [ -0.335267007047972, 35.811034484021377 ], [ -0.334526791080464, 35.811034484021377 ], [ -0.334526791080464, 35.810569928518746 ], [ -0.333786575112956, 35.810569928518746 ], [ -0.333786575112956, 35.801278247779365 ], [ -0.334526791080464, 35.801278247779365 ], [ -0.334526791080464, 35.800813635209181 ], [ -0.335267007047972, 35.800813635209181 ], [ -0.335267007047972, 35.800349019921647 ], [ -0.336007223015481, 35.800349019921647 ], [ -0.336007223015481, 35.799884401916799 ], [ -0.336747438982989, 35.799884401916799 ], [ -0.336747438982989, 35.799419781194644 ], [ -0.337487654950497, 35.799419781194644 ], [ -0.337487654950497, 35.798955157755167 ], [ -0.338227870918006, 35.798955157755167 ], [ -0.338227870918006, 35.798490531598425 ], [ -0.340448518820531, 35.798490531598425 ], [ -0.340448518820531, 35.798955157755167 ], [ -0.342669166723056, 35.798955157755167 ], [ -0.342669166723056, 35.799419781194644 ], [ -0.344889814625581, 35.799419781194644 ], [ -0.344889814625581, 35.799884401916799 ], [ -0.346370246560597, 35.799884401916799 ], [ -0.346370246560597, 35.800349019921647 ], [ -0.347110462528106, 35.800349019921647 ], [ -0.347110462528106, 35.801278247779365 ], [ -0.347850678495614, 35.801278247779365 ], [ -0.347850678495614, 35.801742857632192 ], [ -0.348590894463122, 35.801742857632192 ], [ -0.348590894463122, 35.802672069185711 ], [ -0.349331110430631, 35.802672069185711 ], [ -0.349331110430631, 35.803136670886389 ], [ -0.350071326398139, 35.803136670886389 ], [ -0.350071326398139, 35.804065866135467 ], [ -0.350811542365647, 35.804065866135467 ], [ -0.350811542365647, 35.804530459683846 ], [ -0.351551758333156, 35.804530459683846 ], [ -0.351551758333156, 35.810569928518746 ], [ -0.350811542365647, 35.810569928518746 ], [ -0.350811542365647, 35.811034484021377 ], [ -0.350071326398139, 35.811034484021377 ], [ -0.350071326398139, 35.811963586873631 ], [ -0.349331110430631, 35.811963586873631 ], [ -0.349331110430631, 35.812892678855093 ], [ -0.348590894463122, 35.812892678855093 ], [ -0.348590894463122, 35.813357220769255 ], [ -0.347850678495614, 35.813357220769255 ], [ -0.347850678495614, 35.813821759965677 ], [ -0.346370246560597, 35.813821759965677 ], [ -0.346370246560597, 35.814286296444358 ], [ -0.342669166723056, 35.814286296444358 ], [ -0.342669166723056, 35.814750830205249 ], [ -0.338968086885514, 35.814750830205249 ], [ -0.338968086885514, 35.814286296444358 ], [ -0.338227870918006, 35.814286296444358 ], [ -0.338227870918006, 35.813357220769255 ], [ -0.337487654950497, 35.813357220769255 ], [ -0.337487654950497, 35.812892678855093 ], [ -0.336747438982989, 35.812892678855093 ], [ -0.336747438982989, 35.812428134223211 ] ] ], [ [ [ -0.276049729647306, 35.824505411354338 ], [ -0.276049729647306, 35.824040934669902 ], [ -0.274569297712289, 35.824040934669902 ], [ -0.274569297712289, 35.8235764552674 ], [ -0.272348649809764, 35.8235764552674 ], [ -0.272348649809764, 35.82311197314683 ], [ -0.270128001907239, 35.82311197314683 ], [ -0.270128001907239, 35.822647488308213 ], [ -0.267167138037206, 35.822647488308213 ], [ -0.267167138037206, 35.822183000751579 ], [ -0.264946490134681, 35.822183000751579 ], [ -0.264946490134681, 35.821718510476927 ], [ -0.262725842232156, 35.821718510476927 ], [ -0.262725842232156, 35.821254017484272 ], [ -0.260505194329631, 35.821254017484272 ], [ -0.260505194329631, 35.820789521773627 ], [ -0.259764978362122, 35.820789521773627 ], [ -0.259764978362122, 35.819860522198454 ], [ -0.259024762394614, 35.819860522198454 ], [ -0.259024762394614, 35.81939601833394 ], [ -0.258284546427106, 35.81939601833394 ], [ -0.258284546427106, 35.818467002451158 ], [ -0.257544330459597, 35.818467002451158 ], [ -0.257544330459597, 35.818002490432896 ], [ -0.256804114492089, 35.818002490432896 ], [ -0.256804114492089, 35.81753797569678 ], [ -0.253843250622056, 35.81753797569678 ], [ -0.253843250622056, 35.817073458242774 ], [ -0.252362818687039, 35.817073458242774 ], [ -0.252362818687039, 35.816608938070921 ], [ -0.251622602719531, 35.816608938070921 ], [ -0.251622602719531, 35.816144415181228 ], [ -0.250882386752022, 35.816144415181228 ], [ -0.250882386752022, 35.815215361248384 ], [ -0.250142170784514, 35.815215361248384 ], [ -0.250142170784514, 35.814750830205249 ], [ -0.249401954817006, 35.814750830205249 ], [ -0.249401954817006, 35.814286296444358 ], [ -0.248661738849497, 35.814286296444358 ], [ -0.248661738849497, 35.813357220769255 ], [ -0.247921522881989, 35.813357220769255 ], [ -0.247921522881989, 35.812892678855093 ], [ -0.247181306914481, 35.812892678855093 ], [ -0.247181306914481, 35.812428134223211 ], [ -0.244220443044447, 35.812428134223211 ], [ -0.244220443044447, 35.811963586873631 ], [ -0.243480227076939, 35.811963586873631 ], [ -0.243480227076939, 35.812428134223211 ], [ -0.242740011109431, 35.812428134223211 ], [ -0.242740011109431, 35.813357220769255 ], [ -0.241999795141922, 35.813357220769255 ], [ -0.241999795141922, 35.814286296444358 ], [ -0.241259579174414, 35.814286296444358 ], [ -0.241259579174414, 35.814750830205249 ], [ -0.239779147239397, 35.814750830205249 ], [ -0.239779147239397, 35.815215361248384 ], [ -0.238298715304381, 35.815215361248384 ], [ -0.238298715304381, 35.815679889573708 ], [ -0.237558499336872, 35.815679889573708 ], [ -0.237558499336872, 35.816144415181228 ], [ -0.235337851434347, 35.816144415181228 ], [ -0.235337851434347, 35.815679889573708 ], [ -0.233117203531822, 35.815679889573708 ], [ -0.233117203531822, 35.815215361248384 ], [ -0.231636771596806, 35.815215361248384 ], [ -0.231636771596806, 35.814750830205249 ], [ -0.230896555629297, 35.814750830205249 ], [ -0.230896555629297, 35.813357220769255 ], [ -0.230156339661789, 35.813357220769255 ], [ -0.230156339661789, 35.812428134223211 ], [ -0.229416123694281, 35.812428134223211 ], [ -0.229416123694281, 35.811034484021377 ], [ -0.228675907726772, 35.811034484021377 ], [ -0.228675907726772, 35.810105370298473 ], [ -0.227935691759264, 35.810105370298473 ], [ -0.227935691759264, 35.809176245705025 ], [ -0.227195475791756, 35.809176245705025 ], [ -0.227195475791756, 35.80731796390701 ], [ -0.227935691759264, 35.80731796390701 ], [ -0.227935691759264, 35.805924224024189 ], [ -0.228675907726772, 35.805924224024189 ], [ -0.228675907726772, 35.804530459683846 ], [ -0.229416123694281, 35.804530459683846 ], [ -0.229416123694281, 35.803601269869652 ], [ -0.230156339661789, 35.803601269869652 ], [ -0.230156339661789, 35.803136670886389 ], [ -0.230896555629297, 35.803136670886389 ], [ -0.230896555629297, 35.802672069185711 ], [ -0.231636771596806, 35.802672069185711 ], [ -0.231636771596806, 35.80220746476764 ], [ -0.232376987564314, 35.80220746476764 ], [ -0.232376987564314, 35.801742857632192 ], [ -0.237558499336872, 35.801742857632192 ], [ -0.237558499336872, 35.80220746476764 ], [ -0.238298715304381, 35.80220746476764 ], [ -0.238298715304381, 35.802672069185711 ], [ -0.239038931271889, 35.802672069185711 ], [ -0.239038931271889, 35.800813635209181 ], [ -0.239779147239397, 35.800813635209181 ], [ -0.239779147239397, 35.799884401916799 ], [ -0.240519363206906, 35.799884401916799 ], [ -0.240519363206906, 35.799419781194644 ], [ -0.241259579174414, 35.799419781194644 ], [ -0.241259579174414, 35.798955157755167 ], [ -0.242740011109431, 35.798955157755167 ], [ -0.242740011109431, 35.798490531598425 ], [ -0.245700874979464, 35.798490531598425 ], [ -0.245700874979464, 35.798955157755167 ], [ -0.247921522881989, 35.798955157755167 ], [ -0.247921522881989, 35.799419781194644 ], [ -0.249401954817006, 35.799419781194644 ], [ -0.249401954817006, 35.799884401916799 ], [ -0.250882386752022, 35.799884401916799 ], [ -0.250882386752022, 35.799419781194644 ], [ -0.252362818687039, 35.799419781194644 ], [ -0.252362818687039, 35.798955157755167 ], [ -0.253843250622056, 35.798955157755167 ], [ -0.253843250622056, 35.798490531598425 ], [ -0.255323682557072, 35.798490531598425 ], [ -0.255323682557072, 35.798025902724412 ], [ -0.261245410297139, 35.798025902724412 ], [ -0.261245410297139, 35.798490531598425 ], [ -0.266426922069697, 35.798490531598425 ], [ -0.266426922069697, 35.799419781194644 ], [ -0.267167138037206, 35.799419781194644 ], [ -0.267167138037206, 35.799884401916799 ], [ -0.267907354004714, 35.799884401916799 ], [ -0.267907354004714, 35.800349019921647 ], [ -0.268647569972222, 35.800349019921647 ], [ -0.268647569972222, 35.801278247779365 ], [ -0.269387785939731, 35.801278247779365 ], [ -0.269387785939731, 35.801742857632192 ], [ -0.270128001907239, 35.801742857632192 ], [ -0.270128001907239, 35.80220746476764 ], [ -0.270868217874747, 35.80220746476764 ], [ -0.270868217874747, 35.803136670886389 ], [ -0.271608433842256, 35.803136670886389 ], [ -0.271608433842256, 35.803601269869652 ], [ -0.272348649809764, 35.803601269869652 ], [ -0.272348649809764, 35.804530459683846 ], [ -0.273088865777272, 35.804530459683846 ], [ -0.273088865777272, 35.804995050514783 ], [ -0.273829081744781, 35.804995050514783 ], [ -0.273829081744781, 35.804065866135467 ], [ -0.274569297712289, 35.804065866135467 ], [ -0.274569297712289, 35.803136670886389 ], [ -0.275309513679797, 35.803136670886389 ], [ -0.275309513679797, 35.80220746476764 ], [ -0.276049729647306, 35.80220746476764 ], [ -0.276049729647306, 35.801742857632192 ], [ -0.276789945614814, 35.801742857632192 ], [ -0.276789945614814, 35.801278247779365 ], [ -0.278270377549831, 35.801278247779365 ], [ -0.278270377549831, 35.800813635209181 ], [ -0.279010593517339, 35.800813635209181 ], [ -0.279010593517339, 35.800349019921647 ], [ -0.280491025452356, 35.800349019921647 ], [ -0.280491025452356, 35.800813635209181 ], [ -0.281231241419864, 35.800813635209181 ], [ -0.281231241419864, 35.801278247779365 ], [ -0.282711673354881, 35.801278247779365 ], [ -0.282711673354881, 35.801742857632192 ], [ -0.283451889322389, 35.801742857632192 ], [ -0.283451889322389, 35.80220746476764 ], [ -0.284192105289897, 35.80220746476764 ], [ -0.284192105289897, 35.805459638628236 ], [ -0.284932321257406, 35.805459638628236 ], [ -0.284932321257406, 35.809640809360559 ], [ -0.285672537224914, 35.809640809360559 ], [ -0.285672537224914, 35.813821759965677 ], [ -0.286412753192422, 35.813821759965677 ], [ -0.286412753192422, 35.818467002451158 ], [ -0.287152969159931, 35.818467002451158 ], [ -0.287152969159931, 35.821254017484272 ], [ -0.286412753192422, 35.821254017484272 ], [ -0.286412753192422, 35.822183000751579 ], [ -0.285672537224914, 35.822183000751579 ], [ -0.285672537224914, 35.822647488308213 ], [ -0.284932321257406, 35.822647488308213 ], [ -0.284932321257406, 35.82311197314683 ], [ -0.284192105289897, 35.82311197314683 ], [ -0.284192105289897, 35.8235764552674 ], [ -0.283451889322389, 35.8235764552674 ], [ -0.283451889322389, 35.824040934669902 ], [ -0.282711673354881, 35.824040934669902 ], [ -0.282711673354881, 35.824505411354338 ], [ -0.281971457387372, 35.824505411354338 ], [ -0.281971457387372, 35.824969885320684 ], [ -0.281231241419864, 35.824969885320684 ], [ -0.281231241419864, 35.82543435656892 ], [ -0.280491025452356, 35.82543435656892 ], [ -0.280491025452356, 35.825898825099053 ], [ -0.278270377549831, 35.825898825099053 ], [ -0.278270377549831, 35.82543435656892 ], [ -0.277530161582322, 35.82543435656892 ], [ -0.277530161582322, 35.824969885320684 ], [ -0.276789945614814, 35.824969885320684 ], [ -0.276789945614814, 35.824505411354338 ], [ -0.276049729647306, 35.824505411354338 ] ] ], [ [ [ 0.132549484417295, 36.023978321458699 ], [ 0.132549484417295, 36.021661761371966 ], [ 0.133289700384803, 36.021661761371966 ], [ 0.133289700384803, 36.01980846426639 ], [ 0.134029916352311, 36.01980846426639 ], [ 0.134029916352311, 36.015638386416185 ], [ 0.133289700384803, 36.015638386416185 ], [ 0.133289700384803, 36.013321581157236 ], [ 0.132549484417295, 36.013321581157236 ], [ 0.132549484417295, 36.012858211933477 ], [ 0.131809268449787, 36.012858211933477 ], [ 0.131809268449787, 36.01239483998576 ], [ 0.131069052482278, 36.01239483998576 ], [ 0.131069052482278, 36.011931465314092 ], [ 0.129588620547261, 36.011931465314092 ], [ 0.129588620547261, 36.011468087918502 ], [ 0.128848404579753, 36.011468087918502 ], [ 0.128848404579753, 36.011004707799003 ], [ 0.127367972644737, 36.011004707799003 ], [ 0.127367972644737, 36.010541324955597 ], [ 0.126627756677228, 36.010541324955597 ], [ 0.126627756677228, 36.010077939388303 ], [ 0.123666892807195, 36.010077939388303 ], [ 0.123666892807195, 36.010541324955597 ], [ 0.122186460872178, 36.010541324955597 ], [ 0.122186460872178, 36.011004707799003 ], [ 0.12144624490467, 36.011004707799003 ], [ 0.12144624490467, 36.011468087918502 ], [ 0.120706028937161, 36.011468087918502 ], [ 0.120706028937161, 36.012858211933477 ], [ 0.119965812969653, 36.012858211933477 ], [ 0.119965812969653, 36.014711672484637 ], [ 0.119225597002145, 36.014711672484637 ], [ 0.119225597002145, 36.017955123574062 ], [ 0.119965812969653, 36.017955123574062 ], [ 0.119965812969653, 36.020735118267581 ], [ 0.120706028937161, 36.020735118267581 ], [ 0.120706028937161, 36.023051705596806 ], [ 0.12144624490467, 36.023051705596806 ], [ 0.12144624490467, 36.023978321458699 ], [ 0.122186460872178, 36.023978321458699 ], [ 0.122186460872178, 36.024441625303204 ], [ 0.123666892807195, 36.024441625303204 ], [ 0.123666892807195, 36.024904926423396 ], [ 0.125147324742211, 36.024904926423396 ], [ 0.125147324742211, 36.025368224819253 ], [ 0.12588754070972, 36.025368224819253 ], [ 0.12588754070972, 36.025831520490769 ], [ 0.128848404579753, 36.025831520490769 ], [ 0.128848404579753, 36.025368224819253 ], [ 0.13032883651477, 36.025368224819253 ], [ 0.13032883651477, 36.024904926423396 ], [ 0.131809268449787, 36.024904926423396 ], [ 0.131809268449787, 36.023978321458699 ], [ 0.132549484417295, 36.023978321458699 ] ] ], [ [ [ 1.246574515517338, 36.135555728038689 ], [ 1.247314731484846, 36.135555728038689 ], [ 1.247314731484846, 36.13370511326643 ], [ 1.248054947452355, 36.13370511326643 ], [ 1.248054947452355, 36.132317123546741 ], [ 1.248795163419863, 36.132317123546741 ], [ 1.248795163419863, 36.130466432400581 ], [ 1.249535379387371, 36.130466432400581 ], [ 1.249535379387371, 36.129078385401499 ], [ 1.25027559535488, 36.129078385401499 ], [ 1.25027559535488, 36.123988669722088 ], [ 1.249535379387371, 36.123988669722088 ], [ 1.249535379387371, 36.123063231414996 ], [ 1.248795163419863, 36.123063231414996 ], [ 1.248795163419863, 36.122137782198543 ], [ 1.248054947452355, 36.122137782198543 ], [ 1.248054947452355, 36.121212322072857 ], [ 1.247314731484846, 36.121212322072857 ], [ 1.247314731484846, 36.120286851038067 ], [ 1.246574515517338, 36.120286851038067 ], [ 1.246574515517338, 36.119824111429786 ], [ 1.245834299549829, 36.119824111429786 ], [ 1.245834299549829, 36.119361369094264 ], [ 1.244353867614813, 36.119361369094264 ], [ 1.244353867614813, 36.118898624031523 ], [ 1.243613651647304, 36.118898624031523 ], [ 1.243613651647304, 36.11843587624157 ], [ 1.242133219712288, 36.11843587624157 ], [ 1.242133219712288, 36.118898624031523 ], [ 1.24139300374478, 36.118898624031523 ], [ 1.24139300374478, 36.119361369094264 ], [ 1.239912571809763, 36.119361369094264 ], [ 1.239912571809763, 36.119824111429786 ], [ 1.239172355842254, 36.119824111429786 ], [ 1.239172355842254, 36.120286851038067 ], [ 1.237691923907238, 36.120286851038067 ], [ 1.237691923907238, 36.11843587624157 ], [ 1.236951707939729, 36.11843587624157 ], [ 1.236951707939729, 36.117047616508593 ], [ 1.236211491972221, 36.117047616508593 ], [ 1.236211491972221, 36.11658485780994 ], [ 1.235471276004713, 36.11658485780994 ], [ 1.235471276004713, 36.115659332231232 ], [ 1.234731060037205, 36.115659332231232 ], [ 1.234731060037205, 36.115196565351212 ], [ 1.231029980199663, 36.115196565351212 ], [ 1.231029980199663, 36.115659332231232 ], [ 1.228809332297138, 36.115659332231232 ], [ 1.228809332297138, 36.116122096384153 ], [ 1.22806911632963, 36.116122096384153 ], [ 1.22806911632963, 36.11658485780994 ], [ 1.227328900362121, 36.11658485780994 ], [ 1.227328900362121, 36.120286851038067 ], [ 1.226588684394613, 36.120286851038067 ], [ 1.226588684394613, 36.122600508170429 ], [ 1.227328900362121, 36.122600508170429 ], [ 1.227328900362121, 36.123063231414996 ], [ 1.22806911632963, 36.123063231414996 ], [ 1.22806911632963, 36.123988669722088 ], [ 1.228809332297138, 36.123988669722088 ], [ 1.228809332297138, 36.124451384784592 ], [ 1.229549548264646, 36.124451384784592 ], [ 1.229549548264646, 36.124914097119721 ], [ 1.233250628102188, 36.124914097119721 ], [ 1.233250628102188, 36.125376806727459 ], [ 1.232510412134679, 36.125376806727459 ], [ 1.232510412134679, 36.126764919186158 ], [ 1.231770196167171, 36.126764919186158 ], [ 1.231770196167171, 36.128153007097822 ], [ 1.231029980199663, 36.128153007097822 ], [ 1.231029980199663, 36.129541070462068 ], [ 1.231770196167171, 36.129541070462068 ], [ 1.231770196167171, 36.130929109278505 ], [ 1.232510412134679, 36.130929109278505 ], [ 1.232510412134679, 36.132317123546741 ], [ 1.233250628102188, 36.132317123546741 ], [ 1.233250628102188, 36.13370511326643 ], [ 1.233990844069696, 36.13370511326643 ], [ 1.233990844069696, 36.135093078437173 ], [ 1.234731060037205, 36.135093078437173 ], [ 1.234731060037205, 36.136481019058579 ], [ 1.236211491972221, 36.136481019058579 ], [ 1.236211491972221, 36.136943660476909 ], [ 1.236951707939729, 36.136943660476909 ], [ 1.236951707939729, 36.13740629916748 ], [ 1.238432139874746, 36.13740629916748 ], [ 1.238432139874746, 36.137868935130264 ], [ 1.239172355842254, 36.137868935130264 ], [ 1.239172355842254, 36.138331568365288 ], [ 1.242873435679796, 36.138331568365288 ], [ 1.242873435679796, 36.137868935130264 ], [ 1.244353867614813, 36.137868935130264 ], [ 1.244353867614813, 36.13740629916748 ], [ 1.245094083582321, 36.13740629916748 ], [ 1.245094083582321, 36.136943660476909 ], [ 1.246574515517338, 36.136943660476909 ], [ 1.246574515517338, 36.135555728038689 ] ] ], [ [ [ 2.933526705468831, 36.146195915995342 ], [ 2.933526705468831, 36.14573332913487 ], [ 2.93426692143634, 36.14573332913487 ], [ 2.93426692143634, 36.145270739546369 ], [ 2.935007137403848, 36.145270739546369 ], [ 2.935007137403848, 36.143420353912397 ], [ 2.935747353371357, 36.143420353912397 ], [ 2.935747353371357, 36.141107310491023 ], [ 2.936487569338865, 36.141107310491023 ], [ 2.936487569338865, 36.13740629916748 ], [ 2.935747353371357, 36.13740629916748 ], [ 2.935747353371357, 36.136018374912496 ], [ 2.935007137403848, 36.136018374912496 ], [ 2.935007137403848, 36.134167771051025 ], [ 2.93426692143634, 36.134167771051025 ], [ 2.93426692143634, 36.133242452754182 ], [ 2.933526705468831, 36.133242452754182 ], [ 2.933526705468831, 36.132779789514281 ], [ 2.931306057566307, 36.132779789514281 ], [ 2.931306057566307, 36.132317123546741 ], [ 2.928345193696273, 36.132317123546741 ], [ 2.928345193696273, 36.131854454851599 ], [ 2.927604977728765, 36.131854454851599 ], [ 2.927604977728765, 36.130929109278505 ], [ 2.926864761761257, 36.130929109278505 ], [ 2.926864761761257, 36.130003752795091 ], [ 2.926124545793748, 36.130003752795091 ], [ 2.926124545793748, 36.129078385401499 ], [ 2.92538432982624, 36.129078385401499 ], [ 2.92538432982624, 36.128153007097822 ], [ 2.923903897891223, 36.128153007097822 ], [ 2.923903897891223, 36.128615697613419 ], [ 2.921683249988698, 36.128615697613419 ], [ 2.921683249988698, 36.129078385401499 ], [ 2.919462602086173, 36.129078385401499 ], [ 2.919462602086173, 36.129541070462068 ], [ 2.918722386118665, 36.129541070462068 ], [ 2.918722386118665, 36.130003752795091 ], [ 2.917982170151157, 36.130003752795091 ], [ 2.917982170151157, 36.13370511326643 ], [ 2.917241954183648, 36.13370511326643 ], [ 2.917241954183648, 36.135555728038689 ], [ 2.917982170151157, 36.135555728038689 ], [ 2.917982170151157, 36.136481019058579 ], [ 2.918722386118665, 36.136481019058579 ], [ 2.918722386118665, 36.13740629916748 ], [ 2.919462602086173, 36.13740629916748 ], [ 2.919462602086173, 36.138794198872496 ], [ 2.920202818053682, 36.138794198872496 ], [ 2.920202818053682, 36.141107310491023 ], [ 2.92094303402119, 36.141107310491023 ], [ 2.92094303402119, 36.143420353912397 ], [ 2.921683249988698, 36.143420353912397 ], [ 2.921683249988698, 36.14573332913487 ], [ 2.922423465956207, 36.14573332913487 ], [ 2.922423465956207, 36.146195915995342 ], [ 2.923163681923715, 36.146195915995342 ], [ 2.923163681923715, 36.146658500127771 ], [ 2.923903897891223, 36.146658500127771 ], [ 2.923903897891223, 36.147121081532141 ], [ 2.92538432982624, 36.147121081532141 ], [ 2.92538432982624, 36.147583660208454 ], [ 2.927604977728765, 36.147583660208454 ], [ 2.927604977728765, 36.147121081532141 ], [ 2.92982562563129, 36.147121081532141 ], [ 2.92982562563129, 36.146658500127771 ], [ 2.932046273533815, 36.146658500127771 ], [ 2.932046273533815, 36.146195915995342 ], [ 2.933526705468831, 36.146195915995342 ] ] ], [ [ [ 3.75220556553305, 36.187817560404099 ], [ 3.75220556553305, 36.187355219123539 ], [ 3.753685997468065, 36.187355219123539 ], [ 3.753685997468065, 36.186892875113685 ], [ 3.754426213435575, 36.186892875113685 ], [ 3.754426213435575, 36.185505826708528 ], [ 3.755166429403083, 36.185505826708528 ], [ 3.755166429403083, 36.183656390625785 ], [ 3.755906645370591, 36.183656390625785 ], [ 3.755906645370591, 36.182269284907314 ], [ 3.756646861338099, 36.182269284907314 ], [ 3.756646861338099, 36.180882154626616 ], [ 3.757387077305608, 36.180882154626616 ], [ 3.757387077305608, 36.17903260937846 ], [ 3.756646861338099, 36.17903260937846 ], [ 3.756646861338099, 36.177645421787389 ], [ 3.755906645370591, 36.177645421787389 ], [ 3.755906645370591, 36.176258209635364 ], [ 3.755166429403083, 36.176258209635364 ], [ 3.755166429403083, 36.174870972922768 ], [ 3.754426213435575, 36.174870972922768 ], [ 3.754426213435575, 36.173483711649958 ], [ 3.753685997468065, 36.173483711649958 ], [ 3.753685997468065, 36.172558857157064 ], [ 3.75220556553305, 36.172558857157064 ], [ 3.75220556553305, 36.17209642581733 ], [ 3.750725133598033, 36.17209642581733 ], [ 3.750725133598033, 36.171633991748799 ], [ 3.749984917630524, 36.171633991748799 ], [ 3.749984917630524, 36.171171554951435 ], [ 3.748504485695508, 36.171171554951435 ], [ 3.748504485695508, 36.170709115425268 ], [ 3.746283837792983, 36.170709115425268 ], [ 3.746283837792983, 36.171171554951435 ], [ 3.745543621825474, 36.171171554951435 ], [ 3.745543621825474, 36.171633991748799 ], [ 3.744063189890458, 36.171633991748799 ], [ 3.744063189890458, 36.17209642581733 ], [ 3.743322973922949, 36.17209642581733 ], [ 3.743322973922949, 36.172558857157064 ], [ 3.741842541987933, 36.172558857157064 ], [ 3.741842541987933, 36.173021285767938 ], [ 3.740362110052916, 36.173021285767938 ], [ 3.740362110052916, 36.173483711649958 ], [ 3.739621894085408, 36.173483711649958 ], [ 3.739621894085408, 36.173946134803117 ], [ 3.738141462150391, 36.173946134803117 ], [ 3.738141462150391, 36.175333387889239 ], [ 3.737401246182882, 36.175333387889239 ], [ 3.737401246182882, 36.177183020465691 ], [ 3.736661030215375, 36.177183020465691 ], [ 3.736661030215375, 36.17949499978409 ], [ 3.737401246182882, 36.17949499978409 ], [ 3.737401246182882, 36.182731656209292 ], [ 3.738141462150391, 36.182731656209292 ], [ 3.738141462150391, 36.185968178906165 ], [ 3.738881678117899, 36.185968178906165 ], [ 3.738881678117899, 36.186892875113685 ], [ 3.740362110052916, 36.186892875113685 ], [ 3.740362110052916, 36.187355219123539 ], [ 3.741102326020424, 36.187355219123539 ], [ 3.741102326020424, 36.187817560404099 ], [ 3.742582757955441, 36.187817560404099 ], [ 3.742582757955441, 36.188279898955365 ], [ 3.743322973922949, 36.188279898955365 ], [ 3.743322973922949, 36.188742234777301 ], [ 3.744803405857966, 36.188742234777301 ], [ 3.744803405857966, 36.189204567869922 ], [ 3.747764269728, 36.189204567869922 ], [ 3.747764269728, 36.188742234777301 ], [ 3.749244701663016, 36.188742234777301 ], [ 3.749244701663016, 36.188279898955365 ], [ 3.750725133598033, 36.188279898955365 ], [ 3.750725133598033, 36.187817560404099 ], [ 3.75220556553305, 36.187817560404099 ] ] ], [ [ [ 3.141527392338674, 36.605115793904091 ], [ 3.142267608306182, 36.605115793904091 ], [ 3.142267608306182, 36.604196059893432 ], [ 3.14300782427369, 36.604196059893432 ], [ 3.14300782427369, 36.603736188775677 ], [ 3.143748040241198, 36.603736188775677 ], [ 3.143748040241198, 36.603276314916315 ], [ 3.144488256208707, 36.603276314916315 ], [ 3.144488256208707, 36.600057121136963 ], [ 3.145228472176215, 36.600057121136963 ], [ 3.145228472176215, 36.595917960319227 ], [ 3.144488256208707, 36.595917960319227 ], [ 3.144488256208707, 36.594538190701364 ], [ 3.143748040241198, 36.594538190701364 ], [ 3.143748040241198, 36.593158396411461 ], [ 3.14300782427369, 36.593158396411461 ], [ 3.14300782427369, 36.592238519845012 ], [ 3.141527392338674, 36.592238519845012 ], [ 3.141527392338674, 36.591778577449873 ], [ 3.140787176371165, 36.591778577449873 ], [ 3.140787176371165, 36.591318632313481 ], [ 3.139306744436149, 36.591318632313481 ], [ 3.139306744436149, 36.590858684435844 ], [ 3.13856652846864, 36.590858684435844 ], [ 3.13856652846864, 36.590398733816969 ], [ 3.137086096533624, 36.590398733816969 ], [ 3.137086096533624, 36.58993878045689 ], [ 3.134865448631099, 36.58993878045689 ], [ 3.134865448631099, 36.590398733816969 ], [ 3.13412523266359, 36.590398733816969 ], [ 3.13412523266359, 36.590858684435844 ], [ 3.133385016696082, 36.590858684435844 ], [ 3.133385016696082, 36.591318632313481 ], [ 3.131904584761065, 36.591318632313481 ], [ 3.131904584761065, 36.591778577449873 ], [ 3.131164368793557, 36.591778577449873 ], [ 3.131164368793557, 36.592238519845012 ], [ 3.130424152826048, 36.592238519845012 ], [ 3.130424152826048, 36.592698459498877 ], [ 3.128943720891032, 36.592698459498877 ], [ 3.128943720891032, 36.594998116648675 ], [ 3.128203504923524, 36.594998116648675 ], [ 3.128203504923524, 36.598677425537396 ], [ 3.127463288956015, 36.598677425537396 ], [ 3.127463288956015, 36.599137326812055 ], [ 3.128203504923524, 36.599137326812055 ], [ 3.128203504923524, 36.600517014187183 ], [ 3.128943720891032, 36.600517014187183 ], [ 3.128943720891032, 36.602356558972815 ], [ 3.12968393685854, 36.602356558972815 ], [ 3.12968393685854, 36.603736188775677 ], [ 3.130424152826048, 36.603736188775677 ], [ 3.130424152826048, 36.605115793904091 ], [ 3.131164368793557, 36.605115793904091 ], [ 3.131164368793557, 36.605575656796958 ], [ 3.132644800728573, 36.605575656796958 ], [ 3.132644800728573, 36.606035516948175 ], [ 3.134865448631099, 36.606035516948175 ], [ 3.134865448631099, 36.606495374357721 ], [ 3.137086096533624, 36.606495374357721 ], [ 3.137086096533624, 36.60695522902558 ], [ 3.139306744436149, 36.60695522902558 ], [ 3.139306744436149, 36.606495374357721 ], [ 3.140046960403657, 36.606495374357721 ], [ 3.140046960403657, 36.606035516948175 ], [ 3.140787176371165, 36.606035516948175 ], [ 3.140787176371165, 36.605575656796958 ], [ 3.141527392338674, 36.605575656796958 ], [ 3.141527392338674, 36.605115793904091 ] ] ], [ [ [ 2.88985396338584, 36.61017413493235 ], [ 2.890594179353348, 36.61017413493235 ], [ 2.890594179353348, 36.606495374357721 ], [ 2.891334395320857, 36.606495374357721 ], [ 2.891334395320857, 36.605115793904091 ], [ 2.892814827255873, 36.605115793904091 ], [ 2.892814827255873, 36.605575656796958 ], [ 2.893555043223381, 36.605575656796958 ], [ 2.893555043223381, 36.606035516948175 ], [ 2.895035475158398, 36.606035516948175 ], [ 2.895035475158398, 36.605575656796958 ], [ 2.895775691125907, 36.605575656796958 ], [ 2.895775691125907, 36.605115793904091 ], [ 2.896515907093415, 36.605115793904091 ], [ 2.896515907093415, 36.604655928269572 ], [ 2.897256123060923, 36.604655928269572 ], [ 2.897256123060923, 36.604196059893432 ], [ 2.897996339028431, 36.604196059893432 ], [ 2.897996339028431, 36.603736188775677 ], [ 2.89873655499594, 36.603736188775677 ], [ 2.89873655499594, 36.603276314916315 ], [ 2.899476770963448, 36.603276314916315 ], [ 2.899476770963448, 36.602816438315351 ], [ 2.900216986930956, 36.602816438315351 ], [ 2.900216986930956, 36.602356558972815 ], [ 2.901697418865973, 36.602356558972815 ], [ 2.901697418865973, 36.601896676888721 ], [ 2.902437634833482, 36.601896676888721 ], [ 2.902437634833482, 36.600057121136963 ], [ 2.90317785080099, 36.600057121136963 ], [ 2.90317785080099, 36.598217521521264 ], [ 2.903918066768498, 36.598217521521264 ], [ 2.903918066768498, 36.597757614763687 ], [ 2.90317785080099, 36.597757614763687 ], [ 2.90317785080099, 36.596377878042439 ], [ 2.902437634833482, 36.596377878042439 ], [ 2.902437634833482, 36.595458039854627 ], [ 2.901697418865973, 36.595458039854627 ], [ 2.901697418865973, 36.594078262012708 ], [ 2.900957202898465, 36.594078262012708 ], [ 2.900957202898465, 36.593158396411461 ], [ 2.900216986930956, 36.593158396411461 ], [ 2.900216986930956, 36.592698459498877 ], [ 2.899476770963448, 36.592698459498877 ], [ 2.899476770963448, 36.593158396411461 ], [ 2.896515907093415, 36.593158396411461 ], [ 2.896515907093415, 36.593618330582743 ], [ 2.89429525919089, 36.593618330582743 ], [ 2.89429525919089, 36.594078262012708 ], [ 2.891334395320857, 36.594078262012708 ], [ 2.891334395320857, 36.594538190701364 ], [ 2.889113747418332, 36.594538190701364 ], [ 2.889113747418332, 36.596377878042439 ], [ 2.888373531450823, 36.596377878042439 ], [ 2.888373531450823, 36.598217521521264 ], [ 2.887633315483315, 36.598217521521264 ], [ 2.887633315483315, 36.598677425537396 ], [ 2.888373531450823, 36.598677425537396 ], [ 2.888373531450823, 36.600976904495894 ], [ 2.889113747418332, 36.600976904495894 ], [ 2.889113747418332, 36.601896676888721 ], [ 2.888373531450823, 36.601896676888721 ], [ 2.888373531450823, 36.601436792063076 ], [ 2.88541266758079, 36.601436792063076 ], [ 2.88541266758079, 36.600517014187183 ], [ 2.886152883548299, 36.600517014187183 ], [ 2.886152883548299, 36.599137326812055 ], [ 2.886893099515807, 36.599137326812055 ], [ 2.886893099515807, 36.597757614763687 ], [ 2.887633315483315, 36.597757614763687 ], [ 2.887633315483315, 36.596377878042439 ], [ 2.886893099515807, 36.596377878042439 ], [ 2.886893099515807, 36.594998116648675 ], [ 2.886152883548299, 36.594998116648675 ], [ 2.886152883548299, 36.593618330582743 ], [ 2.88541266758079, 36.593618330582743 ], [ 2.88541266758079, 36.592238519845012 ], [ 2.884672451613281, 36.592238519845012 ], [ 2.884672451613281, 36.590858684435844 ], [ 2.883932235645773, 36.590858684435844 ], [ 2.883932235645773, 36.590398733816969 ], [ 2.883192019678265, 36.590398733816969 ], [ 2.883192019678265, 36.58993878045689 ], [ 2.882451803710757, 36.58993878045689 ], [ 2.882451803710757, 36.589478824355602 ], [ 2.88097137177574, 36.589478824355602 ], [ 2.88097137177574, 36.589018865513104 ], [ 2.880231155808231, 36.589018865513104 ], [ 2.880231155808231, 36.588558903929453 ], [ 2.879490939840723, 36.588558903929453 ], [ 2.879490939840723, 36.588098939604613 ], [ 2.878010507905707, 36.588098939604613 ], [ 2.878010507905707, 36.588558903929453 ], [ 2.875049644035673, 36.588558903929453 ], [ 2.875049644035673, 36.589018865513104 ], [ 2.874309428068165, 36.589018865513104 ], [ 2.874309428068165, 36.589478824355602 ], [ 2.873569212100656, 36.589478824355602 ], [ 2.873569212100656, 36.58993878045689 ], [ 2.872828996133148, 36.58993878045689 ], [ 2.872828996133148, 36.590398733816969 ], [ 2.87208878016564, 36.590398733816969 ], [ 2.87208878016564, 36.590858684435844 ], [ 2.871348564198132, 36.590858684435844 ], [ 2.871348564198132, 36.591318632313481 ], [ 2.870608348230624, 36.591318632313481 ], [ 2.870608348230624, 36.591778577449873 ], [ 2.869868132263115, 36.591778577449873 ], [ 2.869868132263115, 36.592698459498877 ], [ 2.869127916295606, 36.592698459498877 ], [ 2.869127916295606, 36.594998116648675 ], [ 2.868387700328098, 36.594998116648675 ], [ 2.868387700328098, 36.597297705264687 ], [ 2.86764748436059, 36.597297705264687 ], [ 2.86764748436059, 36.600976904495894 ], [ 2.868387700328098, 36.600976904495894 ], [ 2.868387700328098, 36.602816438315351 ], [ 2.869127916295606, 36.602816438315351 ], [ 2.869127916295606, 36.604655928269572 ], [ 2.869868132263115, 36.604655928269572 ], [ 2.869868132263115, 36.605115793904091 ], [ 2.870608348230624, 36.605115793904091 ], [ 2.870608348230624, 36.605575656796958 ], [ 2.87208878016564, 36.605575656796958 ], [ 2.87208878016564, 36.606035516948175 ], [ 2.873569212100656, 36.606035516948175 ], [ 2.873569212100656, 36.606495374357721 ], [ 2.87653007597069, 36.606495374357721 ], [ 2.87653007597069, 36.606035516948175 ], [ 2.877270291938198, 36.606035516948175 ], [ 2.877270291938198, 36.605575656796958 ], [ 2.878010507905707, 36.605575656796958 ], [ 2.878010507905707, 36.605115793904091 ], [ 2.879490939840723, 36.605115793904091 ], [ 2.879490939840723, 36.604655928269572 ], [ 2.880231155808231, 36.604655928269572 ], [ 2.880231155808231, 36.604196059893432 ], [ 2.88097137177574, 36.604196059893432 ], [ 2.88097137177574, 36.605575656796958 ], [ 2.880231155808231, 36.605575656796958 ], [ 2.880231155808231, 36.607415080951746 ], [ 2.88097137177574, 36.607415080951746 ], [ 2.88097137177574, 36.608794620279923 ], [ 2.881711587743248, 36.608794620279923 ], [ 2.881711587743248, 36.61017413493235 ], [ 2.882451803710757, 36.61017413493235 ], [ 2.882451803710757, 36.610633967666281 ], [ 2.883192019678265, 36.610633967666281 ], [ 2.883192019678265, 36.611093797658391 ], [ 2.884672451613281, 36.611093797658391 ], [ 2.884672451613281, 36.611553624908673 ], [ 2.88541266758079, 36.611553624908673 ], [ 2.88541266758079, 36.612013449417155 ], [ 2.886893099515807, 36.612013449417155 ], [ 2.886893099515807, 36.611553624908673 ], [ 2.887633315483315, 36.611553624908673 ], [ 2.887633315483315, 36.611093797658391 ], [ 2.889113747418332, 36.611093797658391 ], [ 2.889113747418332, 36.610633967666281 ], [ 2.88985396338584, 36.610633967666281 ], [ 2.88985396338584, 36.61017413493235 ] ] ], [ [ [ 3.237015252147248, 36.635920545287931 ], [ 3.237755468114757, 36.635920545287931 ], [ 3.237755468114757, 36.635001178715243 ], [ 3.238495684082265, 36.635001178715243 ], [ 3.238495684082265, 36.634081801172542 ], [ 3.239235900049774, 36.634081801172542 ], [ 3.239235900049774, 36.627186119943595 ], [ 3.238495684082265, 36.627186119943595 ], [ 3.238495684082265, 36.626266649159994 ], [ 3.237755468114757, 36.626266649159994 ], [ 3.237755468114757, 36.625806909654813 ], [ 3.237015252147248, 36.625806909654813 ], [ 3.237015252147248, 36.624887422417736 ], [ 3.236275036179741, 36.624887422417736 ], [ 3.236275036179741, 36.624427674685869 ], [ 3.235534820212232, 36.624427674685869 ], [ 3.235534820212232, 36.623508170995557 ], [ 3.228872876504657, 36.623508170995557 ], [ 3.228872876504657, 36.623967924211811 ], [ 3.22739244456964, 36.623967924211811 ], [ 3.22739244456964, 36.624427674685869 ], [ 3.226652228602132, 36.624427674685869 ], [ 3.226652228602132, 36.625347167407384 ], [ 3.225912012634624, 36.625347167407384 ], [ 3.225912012634624, 36.626266649159994 ], [ 3.225171796667116, 36.626266649159994 ], [ 3.225171796667116, 36.626726385922929 ], [ 3.224431580699607, 36.626726385922929 ], [ 3.224431580699607, 36.634541491315147 ], [ 3.225171796667116, 36.634541491315147 ], [ 3.225171796667116, 36.635460863372849 ], [ 3.225912012634624, 36.635460863372849 ], [ 3.225912012634624, 36.635920545287931 ], [ 3.226652228602132, 36.635920545287931 ], [ 3.226652228602132, 36.636839900890493 ], [ 3.22739244456964, 36.636839900890493 ], [ 3.22739244456964, 36.637299574577931 ], [ 3.228132660537149, 36.637299574577931 ], [ 3.228132660537149, 36.638218913725105 ], [ 3.228872876504657, 36.638218913725105 ], [ 3.228872876504657, 36.638678579184806 ], [ 3.229613092472166, 36.638678579184806 ], [ 3.229613092472166, 36.639138241901897 ], [ 3.234794604244723, 36.639138241901897 ], [ 3.234794604244723, 36.638678579184806 ], [ 3.235534820212232, 36.638678579184806 ], [ 3.235534820212232, 36.637759245522808 ], [ 3.236275036179741, 36.637759245522808 ], [ 3.236275036179741, 36.636839900890493 ], [ 3.237015252147248, 36.636839900890493 ], [ 3.237015252147248, 36.635920545287931 ] ] ], [ [ [ 3.125982857020999, 36.687846933872635 ], [ 3.126723072988507, 36.687846933872635 ], [ 3.126723072988507, 36.687387561947112 ], [ 3.127463288956015, 36.687387561947112 ], [ 3.127463288956015, 36.68692818727758 ], [ 3.128203504923524, 36.68692818727758 ], [ 3.128203504923524, 36.686468809864046 ], [ 3.128943720891032, 36.686468809864046 ], [ 3.128943720891032, 36.68600942970653 ], [ 3.12968393685854, 36.68600942970653 ], [ 3.12968393685854, 36.685550046805048 ], [ 3.130424152826048, 36.685550046805048 ], [ 3.130424152826048, 36.685090661159613 ], [ 3.131164368793557, 36.685090661159613 ], [ 3.131164368793557, 36.684631272770233 ], [ 3.131904584761065, 36.684631272770233 ], [ 3.131904584761065, 36.680496653790591 ], [ 3.132644800728573, 36.680496653790591 ], [ 3.132644800728573, 36.675902372040525 ], [ 3.131904584761065, 36.675902372040525 ], [ 3.131904584761065, 36.674983482765938 ], [ 3.131164368793557, 36.674983482765938 ], [ 3.131164368793557, 36.67452403401316 ], [ 3.130424152826048, 36.67452403401316 ], [ 3.130424152826048, 36.674064582516735 ], [ 3.12968393685854, 36.674064582516735 ], [ 3.12968393685854, 36.673145671293035 ], [ 3.128943720891032, 36.673145671293035 ], [ 3.128943720891032, 36.672686211565782 ], [ 3.128203504923524, 36.672686211565782 ], [ 3.128203504923524, 36.672226749094932 ], [ 3.127463288956015, 36.672226749094932 ], [ 3.127463288956015, 36.671767283880513 ], [ 3.126723072988507, 36.671767283880513 ], [ 3.126723072988507, 36.672226749094932 ], [ 3.123021993150966, 36.672226749094932 ], [ 3.123021993150966, 36.672686211565782 ], [ 3.120061129280932, 36.672686211565782 ], [ 3.120061129280932, 36.673145671293035 ], [ 3.11636004944339, 36.673145671293035 ], [ 3.11636004944339, 36.673605128276698 ], [ 3.113399185573357, 36.673605128276698 ], [ 3.113399185573357, 36.674064582516735 ], [ 3.11191875363834, 36.674064582516735 ], [ 3.11191875363834, 36.675442928775055 ], [ 3.111178537670832, 36.675442928775055 ], [ 3.111178537670832, 36.679118398074984 ], [ 3.110438321703324, 36.679118398074984 ], [ 3.110438321703324, 36.682793691773554 ], [ 3.109698105735816, 36.682793691773554 ], [ 3.109698105735816, 36.685090661159613 ], [ 3.110438321703324, 36.685090661159613 ], [ 3.110438321703324, 36.686468809864046 ], [ 3.111178537670832, 36.686468809864046 ], [ 3.111178537670832, 36.687387561947112 ], [ 3.11191875363834, 36.687387561947112 ], [ 3.11191875363834, 36.688765669491623 ], [ 3.112658969605848, 36.688765669491623 ], [ 3.112658969605848, 36.689684394134424 ], [ 3.11636004944339, 36.689684394134424 ], [ 3.11636004944339, 36.689225033185046 ], [ 3.124502425085982, 36.689225033185046 ], [ 3.124502425085982, 36.688765669491623 ], [ 3.12524264105349, 36.688765669491623 ], [ 3.12524264105349, 36.688306303054155 ], [ 3.125982857020999, 36.688306303054155 ], [ 3.125982857020999, 36.687846933872635 ] ] ], [ [ [ 3.086011194775548, 36.754885782112567 ], [ 3.087491626710565, 36.754885782112567 ], [ 3.087491626710565, 36.754426810952772 ], [ 3.088231842678073, 36.754426810952772 ], [ 3.088231842678073, 36.753967837047014 ], [ 3.088972058645582, 36.753967837047014 ], [ 3.088972058645582, 36.75121393594906 ], [ 3.089712274613091, 36.75121393594906 ], [ 3.089712274613091, 36.748459936001332 ], [ 3.090452490580598, 36.748459936001332 ], [ 3.090452490580598, 36.74754191405264 ], [ 3.089712274613091, 36.74754191405264 ], [ 3.089712274613091, 36.745705837206678 ], [ 3.088972058645582, 36.745705837206678 ], [ 3.088972058645582, 36.743869716429998 ], [ 3.087491626710565, 36.743869716429998 ], [ 3.087491626710565, 36.743410679371763 ], [ 3.086751410743056, 36.743410679371763 ], [ 3.086751410743056, 36.742951639567913 ], [ 3.08527097880804, 36.742951639567913 ], [ 3.08527097880804, 36.742492597018455 ], [ 3.084530762840532, 36.742492597018455 ], [ 3.084530762840532, 36.742033551723452 ], [ 3.083790546873024, 36.742033551723452 ], [ 3.083790546873024, 36.741574503682855 ], [ 3.082310114938007, 36.741574503682855 ], [ 3.082310114938007, 36.741115452896715 ], [ 3.079349251067974, 36.741115452896715 ], [ 3.079349251067974, 36.741574503682855 ], [ 3.078609035100465, 36.741574503682855 ], [ 3.078609035100465, 36.742033551723452 ], [ 3.077868819132957, 36.742033551723452 ], [ 3.077868819132957, 36.742492597018455 ], [ 3.077128603165448, 36.742492597018455 ], [ 3.077128603165448, 36.742951639567913 ], [ 3.07638838719794, 36.742951639567913 ], [ 3.07638838719794, 36.743410679371763 ], [ 3.075648171230431, 36.743410679371763 ], [ 3.075648171230431, 36.744328750742632 ], [ 3.074907955262923, 36.744328750742632 ], [ 3.074907955262923, 36.745705837206678 ], [ 3.074167739295415, 36.745705837206678 ], [ 3.074167739295415, 36.74708289895969 ], [ 3.073427523327906, 36.74708289895969 ], [ 3.073427523327906, 36.748459936001332 ], [ 3.072687307360398, 36.748459936001332 ], [ 3.072687307360398, 36.752131913965158 ], [ 3.073427523327906, 36.752131913965158 ], [ 3.073427523327906, 36.753967837047014 ], [ 3.074167739295415, 36.753967837047014 ], [ 3.074167739295415, 36.754426810952772 ], [ 3.074907955262923, 36.754426810952772 ], [ 3.074907955262923, 36.754885782112567 ], [ 3.075648171230431, 36.754885782112567 ], [ 3.075648171230431, 36.755344750526469 ], [ 3.077128603165448, 36.755344750526469 ], [ 3.077128603165448, 36.755803716194414 ], [ 3.077868819132957, 36.755803716194414 ], [ 3.077868819132957, 36.756262679116404 ], [ 3.078609035100465, 36.756262679116404 ], [ 3.078609035100465, 36.756721639292422 ], [ 3.08082968300299, 36.756721639292422 ], [ 3.08082968300299, 36.756262679116404 ], [ 3.082310114938007, 36.756262679116404 ], [ 3.082310114938007, 36.755803716194414 ], [ 3.084530762840532, 36.755803716194414 ], [ 3.084530762840532, 36.755344750526469 ], [ 3.086011194775548, 36.755344750526469 ], [ 3.086011194775548, 36.754885782112567 ] ] ], [ [ [ 1.667017185062072, 41.319546424455204 ], [ 1.667017185062072, 41.318685952030009 ], [ 1.66775740102958, 41.318685952030009 ], [ 1.66775740102958, 41.318255711557249 ], [ 1.668497616997088, 41.318255711557249 ], [ 1.668497616997088, 41.317395222091427 ], [ 1.669237832964597, 41.317395222091427 ], [ 1.669237832964597, 41.316534721265214 ], [ 1.669978048932105, 41.316534721265214 ], [ 1.669978048932105, 41.315674209078693 ], [ 1.670718264899614, 41.315674209078693 ], [ 1.670718264899614, 41.314383419498391 ], [ 1.669978048932105, 41.314383419498391 ], [ 1.669978048932105, 41.308359396826262 ], [ 1.669237832964597, 41.308359396826262 ], [ 1.669237832964597, 41.307929088192537 ], [ 1.668497616997088, 41.307929088192537 ], [ 1.668497616997088, 41.307068462405169 ], [ 1.66775740102958, 41.307068462405169 ], [ 1.66775740102958, 41.306207825257957 ], [ 1.667017185062072, 41.306207825257957 ], [ 1.667017185062072, 41.305777502424441 ], [ 1.661835673289513, 41.305777502424441 ], [ 1.661835673289513, 41.306207825257957 ], [ 1.659615025386988, 41.306207825257957 ], [ 1.659615025386988, 41.306638145251547 ], [ 1.65887480941948, 41.306638145251547 ], [ 1.65887480941948, 41.30749877671883 ], [ 1.658134593451972, 41.30749877671883 ], [ 1.658134593451972, 41.307929088192537 ], [ 1.657394377484463, 41.307929088192537 ], [ 1.657394377484463, 41.308359396826262 ], [ 1.656654161516955, 41.308359396826262 ], [ 1.656654161516955, 41.308789702620011 ], [ 1.655913945549446, 41.308789702620011 ], [ 1.655913945549446, 41.309650305687569 ], [ 1.655173729581938, 41.309650305687569 ], [ 1.655173729581938, 41.317395222091427 ], [ 1.655913945549446, 41.317395222091427 ], [ 1.655913945549446, 41.318255711557249 ], [ 1.656654161516955, 41.318255711557249 ], [ 1.656654161516955, 41.318685952030009 ], [ 1.657394377484463, 41.318685952030009 ], [ 1.657394377484463, 41.319546424455204 ], [ 1.658134593451972, 41.319546424455204 ], [ 1.658134593451972, 41.319976656407619 ], [ 1.659615025386988, 41.319976656407619 ], [ 1.659615025386988, 41.320406885519908 ], [ 1.66331610522453, 41.320406885519908 ], [ 1.66331610522453, 41.320837111792073 ], [ 1.665536753127055, 41.320837111792073 ], [ 1.665536753127055, 41.320406885519908 ], [ 1.666276969094563, 41.320406885519908 ], [ 1.666276969094563, 41.319546424455204 ], [ 1.667017185062072, 41.319546424455204 ] ] ] ] } }
]
}
