{
"type": "FeatureCollection",
"name": "spain_fires_nrt_ba",
"crs": { "type": "name", "properties": { "name": "urn:ogc:def:crs:OGC:1.3:CRS84" } },
"features": [
{ "type": "Feature", "properties": { }, "geometry": { "type": "MultiPolygon", "coordinates": [ [ [ [ -5.077830710873872, 36.538406660903078 ], [ -5.075610062971347, 36.538406660903078 ], [ -5.075610062971347, 36.537946397871224 ], [ -5.074129631036329, 36.537946397871224 ], [ -5.074129631036329, 36.534724479937488 ], [ -5.073389415068821, 36.534724479937488 ], [ -5.073389415068821, 36.532883323703793 ], [ -5.072649199101313, 36.532883323703793 ], [ -5.072649199101313, 36.536105318346976 ], [ -5.071908983133804, 36.536105318346976 ], [ -5.071908983133804, 36.537025863588433 ], [ -5.071168767166296, 36.537025863588433 ], [ -5.071168767166296, 36.537486132099666 ], [ -5.070428551198789, 36.537486132099666 ], [ -5.070428551198789, 36.538406660903078 ], [ -5.067467687328755, 36.538406660903078 ], [ -5.067467687328755, 36.537946397871224 ], [ -5.06524703942623, 36.537946397871224 ], [ -5.06524703942623, 36.537486132099666 ], [ -5.063766607491212, 36.537486132099666 ], [ -5.063766607491212, 36.537025863588433 ], [ -5.063026391523705, 36.537025863588433 ], [ -5.063026391523705, 36.533803907299799 ], [ -5.062286175556197, 36.533803907299799 ], [ -5.062286175556197, 36.531042123637327 ], [ -5.063026391523705, 36.531042123637327 ], [ -5.063026391523705, 36.530121507167067 ], [ -5.063766607491212, 36.530121507167067 ], [ -5.063766607491212, 36.529661194822722 ], [ -5.064506823458721, 36.529661194822722 ], [ -5.064506823458721, 36.52874056191569 ], [ -5.06524703942623, 36.52874056191569 ], [ -5.06524703942623, 36.528280241353031 ], [ -5.067467687328755, 36.528280241353031 ], [ -5.067467687328755, 36.527359592009461 ], [ -5.065987255393737, 36.527359592009461 ], [ -5.065987255393737, 36.526899263228607 ], [ -5.063026391523705, 36.526899263228607 ], [ -5.063026391523705, 36.526438931708348 ], [ -5.06080574362118, 36.526438931708348 ], [ -5.06080574362118, 36.525978597448741 ], [ -5.060065527653672, 36.525978597448741 ], [ -5.060065527653672, 36.526438931708348 ], [ -5.058585095718655, 36.526438931708348 ], [ -5.058585095718655, 36.526899263228607 ], [ -5.057844879751146, 36.526899263228607 ], [ -5.057844879751146, 36.527359592009461 ], [ -5.057104663783638, 36.527359592009461 ], [ -5.057104663783638, 36.527819918050945 ], [ -5.05636444781613, 36.527819918050945 ], [ -5.05636444781613, 36.528280241353031 ], [ -5.055624231848621, 36.528280241353031 ], [ -5.055624231848621, 36.52874056191569 ], [ -5.052663367978588, 36.52874056191569 ], [ -5.052663367978588, 36.528280241353031 ], [ -5.051923152011081, 36.528280241353031 ], [ -5.051923152011081, 36.527819918050945 ], [ -5.050442720076063, 36.527819918050945 ], [ -5.050442720076063, 36.527359592009461 ], [ -5.049702504108554, 36.527359592009461 ], [ -5.049702504108554, 36.526899263228607 ], [ -5.045261208303504, 36.526899263228607 ], [ -5.045261208303504, 36.527359592009461 ], [ -5.043040560400979, 36.527359592009461 ], [ -5.043040560400979, 36.526899263228607 ], [ -5.042300344433471, 36.526899263228607 ], [ -5.042300344433471, 36.525978597448741 ], [ -5.041560128465963, 36.525978597448741 ], [ -5.041560128465963, 36.525057920711497 ], [ -5.040819912498454, 36.525057920711497 ], [ -5.040819912498454, 36.524597578233902 ], [ -5.040079696530945, 36.524597578233902 ], [ -5.040079696530945, 36.519994002798093 ], [ -5.039339480563438, 36.519994002798093 ], [ -5.039339480563438, 36.519533630188839 ], [ -5.03859926459593, 36.519533630188839 ], [ -5.03859926459593, 36.519073254840421 ], [ -5.037859048628422, 36.519073254840421 ], [ -5.037859048628422, 36.518612876752861 ], [ -5.037118832660913, 36.518612876752861 ], [ -5.037118832660913, 36.518152495926159 ], [ -5.036378616693405, 36.518152495926159 ], [ -5.036378616693405, 36.517692112360351 ], [ -5.035638400725897, 36.517692112360351 ], [ -5.035638400725897, 36.517231726055421 ], [ -5.034898184758388, 36.517231726055421 ], [ -5.034898184758388, 36.516771337011413 ], [ -5.03415796879088, 36.516771337011413 ], [ -5.03415796879088, 36.516310945228312 ], [ -5.032677536855862, 36.516310945228312 ], [ -5.032677536855862, 36.515850550706155 ], [ -5.031937320888354, 36.515850550706155 ], [ -5.031937320888354, 36.515390153444947 ], [ -5.031197104920846, 36.515390153444947 ], [ -5.031197104920846, 36.51492975344469 ], [ -5.030456888953337, 36.51492975344469 ], [ -5.030456888953337, 36.512167295924122 ], [ -5.029716672985829, 36.512167295924122 ], [ -5.029716672985829, 36.507562980942318 ], [ -5.028976457018321, 36.507562980942318 ], [ -5.028976457018321, 36.507102534380444 ], [ -5.029716672985829, 36.507102534380444 ], [ -5.029716672985829, 36.50526072074517 ], [ -5.030456888953337, 36.50526072074517 ], [ -5.030456888953337, 36.503418863289987 ], [ -5.031197104920846, 36.503418863289987 ], [ -5.031197104920846, 36.502958392079435 ], [ -5.032677536855862, 36.502958392079435 ], [ -5.032677536855862, 36.502497918130203 ], [ -5.033417752823372, 36.502497918130203 ], [ -5.033417752823372, 36.502037441442319 ], [ -5.036378616693405, 36.502037441442319 ], [ -5.036378616693405, 36.502497918130203 ], [ -5.037118832660913, 36.502497918130203 ], [ -5.037118832660913, 36.502958392079435 ], [ -5.037859048628422, 36.502958392079435 ], [ -5.037859048628422, 36.503418863289987 ], [ -5.03859926459593, 36.503418863289987 ], [ -5.03859926459593, 36.503879331761851 ], [ -5.039339480563438, 36.503879331761851 ], [ -5.039339480563438, 36.504339797495014 ], [ -5.040079696530945, 36.504339797495014 ], [ -5.040079696530945, 36.504800260489446 ], [ -5.041560128465963, 36.504800260489446 ], [ -5.041560128465963, 36.50526072074517 ], [ -5.042300344433471, 36.50526072074517 ], [ -5.042300344433471, 36.505721178262135 ], [ -5.043040560400979, 36.505721178262135 ], [ -5.043040560400979, 36.506181633040356 ], [ -5.043780776368489, 36.506181633040356 ], [ -5.043780776368489, 36.506642085079797 ], [ -5.044520992335997, 36.506642085079797 ], [ -5.044520992335997, 36.507102534380444 ], [ -5.045261208303504, 36.507102534380444 ], [ -5.045261208303504, 36.507562980942318 ], [ -5.046001424271013, 36.507562980942318 ], [ -5.046001424271013, 36.508023424765369 ], [ -5.046741640238522, 36.508023424765369 ], [ -5.046741640238522, 36.508483865849584 ], [ -5.047481856206029, 36.508483865849584 ], [ -5.047481856206029, 36.508023424765369 ], [ -5.048962288141047, 36.508023424765369 ], [ -5.048962288141047, 36.507562980942318 ], [ -5.050442720076063, 36.507562980942318 ], [ -5.050442720076063, 36.507102534380444 ], [ -5.051923152011081, 36.507102534380444 ], [ -5.051923152011081, 36.506642085079797 ], [ -5.053403583946096, 36.506642085079797 ], [ -5.053403583946096, 36.506181633040356 ], [ -5.059325311686163, 36.506181633040356 ], [ -5.059325311686163, 36.506642085079797 ], [ -5.062286175556197, 36.506642085079797 ], [ -5.062286175556197, 36.507102534380444 ], [ -5.063026391523705, 36.507102534380444 ], [ -5.063026391523705, 36.507562980942318 ], [ -5.063766607491212, 36.507562980942318 ], [ -5.063766607491212, 36.508023424765369 ], [ -5.064506823458721, 36.508023424765369 ], [ -5.064506823458721, 36.508483865849584 ], [ -5.06524703942623, 36.508483865849584 ], [ -5.06524703942623, 36.508944304194976 ], [ -5.065987255393737, 36.508944304194976 ], [ -5.065987255393737, 36.509404739801511 ], [ -5.066727471361246, 36.509404739801511 ], [ -5.066727471361246, 36.509865172669194 ], [ -5.068207903296263, 36.509865172669194 ], [ -5.068207903296263, 36.510325602797984 ], [ -5.068948119263771, 36.510325602797984 ], [ -5.068948119263771, 36.510786030187894 ], [ -5.06968833523128, 36.510786030187894 ], [ -5.06968833523128, 36.51124645483889 ], [ -5.070428551198789, 36.51124645483889 ], [ -5.070428551198789, 36.511706876750971 ], [ -5.071168767166296, 36.511706876750971 ], [ -5.071168767166296, 36.512167295924122 ], [ -5.071908983133804, 36.512167295924122 ], [ -5.071908983133804, 36.512627712358317 ], [ -5.072649199101313, 36.512627712358317 ], [ -5.072649199101313, 36.513088126053567 ], [ -5.073389415068821, 36.513088126053567 ], [ -5.073389415068821, 36.513548537009846 ], [ -5.074129631036329, 36.513548537009846 ], [ -5.074129631036329, 36.514008945227133 ], [ -5.074869847003838, 36.514008945227133 ], [ -5.074869847003838, 36.514469350705411 ], [ -5.075610062971347, 36.514469350705411 ], [ -5.075610062971347, 36.51492975344469 ], [ -5.076350278938854, 36.51492975344469 ], [ -5.076350278938854, 36.515390153444947 ], [ -5.077090494906363, 36.515390153444947 ], [ -5.077090494906363, 36.515850550706155 ], [ -5.077830710873872, 36.515850550706155 ], [ -5.077830710873872, 36.516310945228312 ], [ -5.07857092684138, 36.516310945228312 ], [ -5.07857092684138, 36.516771337011413 ], [ -5.079311142808888, 36.516771337011413 ], [ -5.079311142808888, 36.517231726055421 ], [ -5.080051358776395, 36.517231726055421 ], [ -5.080051358776395, 36.517692112360351 ], [ -5.080791574743905, 36.517692112360351 ], [ -5.080791574743905, 36.518152495926159 ], [ -5.081531790711413, 36.518152495926159 ], [ -5.081531790711413, 36.518612876752861 ], [ -5.082272006678921, 36.518612876752861 ], [ -5.082272006678921, 36.519073254840421 ], [ -5.083012222646429, 36.519073254840421 ], [ -5.083012222646429, 36.519533630188839 ], [ -5.083752438613938, 36.519533630188839 ], [ -5.083752438613938, 36.519994002798093 ], [ -5.084492654581446, 36.519994002798093 ], [ -5.084492654581446, 36.520454372668169 ], [ -5.085232870548955, 36.520454372668169 ], [ -5.085232870548955, 36.519994002798093 ], [ -5.085973086516463, 36.519994002798093 ], [ -5.085973086516463, 36.519533630188839 ], [ -5.086713302483972, 36.519533630188839 ], [ -5.086713302483972, 36.519073254840421 ], [ -5.087453518451481, 36.519073254840421 ], [ -5.087453518451481, 36.518612876752861 ], [ -5.088193734418988, 36.518612876752861 ], [ -5.088193734418988, 36.518152495926159 ], [ -5.090414382321512, 36.518152495926159 ], [ -5.090414382321512, 36.518612876752861 ], [ -5.091154598289021, 36.518612876752861 ], [ -5.091154598289021, 36.519073254840421 ], [ -5.09189481425653, 36.519073254840421 ], [ -5.09189481425653, 36.519533630188839 ], [ -5.092635030224037, 36.519533630188839 ], [ -5.092635030224037, 36.520454372668169 ], [ -5.093375246191546, 36.520454372668169 ], [ -5.093375246191546, 36.520914739799068 ], [ -5.094115462159055, 36.520914739799068 ], [ -5.094115462159055, 36.525978597448741 ], [ -5.093375246191546, 36.525978597448741 ], [ -5.093375246191546, 36.526438931708348 ], [ -5.092635030224037, 36.526438931708348 ], [ -5.092635030224037, 36.526899263228607 ], [ -5.09189481425653, 36.526899263228607 ], [ -5.09189481425653, 36.527359592009461 ], [ -5.091154598289021, 36.527359592009461 ], [ -5.091154598289021, 36.527819918050945 ], [ -5.090414382321512, 36.527819918050945 ], [ -5.090414382321512, 36.528280241353031 ], [ -5.089674166354004, 36.528280241353031 ], [ -5.089674166354004, 36.530121507167067 ], [ -5.088933950386497, 36.530121507167067 ], [ -5.088933950386497, 36.532883323703793 ], [ -5.088193734418988, 36.532883323703793 ], [ -5.088193734418988, 36.534724479937488 ], [ -5.086713302483972, 36.534724479937488 ], [ -5.086713302483972, 36.535184762146933 ], [ -5.085232870548955, 36.535184762146933 ], [ -5.085232870548955, 36.535645041616768 ], [ -5.083752438613938, 36.535645041616768 ], [ -5.083752438613938, 36.536565592337524 ], [ -5.083012222646429, 36.536565592337524 ], [ -5.083012222646429, 36.537486132099666 ], [ -5.082272006678921, 36.537486132099666 ], [ -5.082272006678921, 36.538406660903078 ], [ -5.081531790711413, 36.538406660903078 ], [ -5.081531790711413, 36.538866921195222 ], [ -5.080791574743905, 36.538866921195222 ], [ -5.080791574743905, 36.539327178747648 ], [ -5.080051358776395, 36.539327178747648 ], [ -5.080051358776395, 36.538866921195222 ], [ -5.077830710873872, 36.538866921195222 ], [ -5.077830710873872, 36.538406660903078 ] ] ], [ [ [ -5.862459636432706, 37.365158453502403 ], [ -5.862459636432706, 37.364247862629888 ], [ -5.861719420465197, 37.364247862629888 ], [ -5.861719420465197, 37.363792563049742 ], [ -5.860979204497688, 37.363792563049742 ], [ -5.860979204497688, 37.363337260706984 ], [ -5.860238988530181, 37.363337260706984 ], [ -5.860238988530181, 37.362881955601672 ], [ -5.859498772562672, 37.362881955601672 ], [ -5.859498772562672, 37.361971337103348 ], [ -5.858758556595164, 37.361971337103348 ], [ -5.858758556595164, 37.357418078861372 ], [ -5.859498772562672, 37.357418078861372 ], [ -5.859498772562672, 37.356507394063563 ], [ -5.860238988530181, 37.356507394063563 ], [ -5.860238988530181, 37.356052047521068 ], [ -5.860979204497688, 37.356052047521068 ], [ -5.860979204497688, 37.355141346148926 ], [ -5.861719420465197, 37.355141346148926 ], [ -5.861719420465197, 37.354685991319315 ], [ -5.862459636432706, 37.354685991319315 ], [ -5.862459636432706, 37.353775273373067 ], [ -5.863199852400214, 37.353775273373067 ], [ -5.863199852400214, 37.353319910256445 ], [ -5.868381364172772, 37.353319910256445 ], [ -5.868381364172772, 37.353775273373067 ], [ -5.869121580140281, 37.353775273373067 ], [ -5.869121580140281, 37.354230633727354 ], [ -5.869861796107789, 37.354230633727354 ], [ -5.869861796107789, 37.354685991319315 ], [ -5.870602012075297, 37.354685991319315 ], [ -5.870602012075297, 37.355596698216182 ], [ -5.871342228042805, 37.355596698216182 ], [ -5.871342228042805, 37.356052047521068 ], [ -5.872082444010315, 37.356052047521068 ], [ -5.872082444010315, 37.356962737843673 ], [ -5.872822659977823, 37.356962737843673 ], [ -5.872822659977823, 37.363337260706984 ], [ -5.872082444010315, 37.363337260706984 ], [ -5.872082444010315, 37.364247862629888 ], [ -5.871342228042805, 37.364247862629888 ], [ -5.871342228042805, 37.365158453502403 ], [ -5.870602012075297, 37.365158453502403 ], [ -5.870602012075297, 37.365613744794729 ], [ -5.869861796107789, 37.365613744794729 ], [ -5.869861796107789, 37.366524319091468 ], [ -5.864680284335232, 37.366524319091468 ], [ -5.864680284335232, 37.366069033324429 ], [ -5.863940068367723, 37.366069033324429 ], [ -5.863940068367723, 37.365613744794729 ], [ -5.863199852400214, 37.365613744794729 ], [ -5.863199852400214, 37.365158453502403 ], [ -5.862459636432706, 37.365158453502403 ] ] ], [ [ [ -7.123787645066908, 37.497531601715181 ], [ -7.123787645066908, 37.496622619690761 ], [ -7.123047429099399, 37.496622619690761 ], [ -7.123047429099399, 37.492986580951801 ], [ -7.122307213131891, 37.492986580951801 ], [ -7.122307213131891, 37.488441283592394 ], [ -7.121566997164383, 37.488441283592394 ], [ -7.121566997164383, 37.487532190930025 ], [ -7.120826781196874, 37.487532190930025 ], [ -7.120826781196874, 37.486623087204379 ], [ -7.120086565229366, 37.486623087204379 ], [ -7.120086565229366, 37.48616853119286 ], [ -7.119346349261858, 37.48616853119286 ], [ -7.119346349261858, 37.48253198353347 ], [ -7.11860613329435, 37.48253198353347 ], [ -7.11860613329435, 37.482077402630317 ], [ -7.117865917326841, 37.482077402630317 ], [ -7.117865917326841, 37.481622818961476 ], [ -7.117125701359333, 37.481622818961476 ], [ -7.117125701359333, 37.480713643326844 ], [ -7.116385485391825, 37.480713643326844 ], [ -7.116385485391825, 37.48025905136106 ], [ -7.115645269424316, 37.48025905136106 ], [ -7.115645269424316, 37.479349859132597 ], [ -7.114905053456808, 37.479349859132597 ], [ -7.114905053456808, 37.478895258869954 ], [ -7.1141648374893, 37.478895258869954 ], [ -7.1141648374893, 37.477986050047889 ], [ -7.113424621521792, 37.477986050047889 ], [ -7.113424621521792, 37.477531441488495 ], [ -7.112684405554282, 37.477531441488495 ], [ -7.112684405554282, 37.476622216073032 ], [ -7.111944189586774, 37.476622216073032 ], [ -7.111944189586774, 37.473439840005163 ], [ -7.111203973619267, 37.473439840005163 ], [ -7.111203973619267, 37.469802672857774 ], [ -7.110463757651758, 37.469802672857774 ], [ -7.110463757651758, 37.467529353516106 ], [ -7.111203973619267, 37.467529353516106 ], [ -7.111203973619267, 37.466620006422254 ], [ -7.111944189586774, 37.466620006422254 ], [ -7.111944189586774, 37.466165328727406 ], [ -7.112684405554282, 37.466165328727406 ], [ -7.112684405554282, 37.465255965041933 ], [ -7.113424621521792, 37.465255965041933 ], [ -7.113424621521792, 37.464801279051336 ], [ -7.11860613329435, 37.464801279051336 ], [ -7.11860613329435, 37.465710648267304 ], [ -7.119346349261858, 37.465710648267304 ], [ -7.119346349261858, 37.466165328727406 ], [ -7.120086565229366, 37.466165328727406 ], [ -7.120086565229366, 37.467074681351825 ], [ -7.120826781196874, 37.467074681351825 ], [ -7.120826781196874, 37.467529353516106 ], [ -7.124527861034417, 37.467529353516106 ], [ -7.124527861034417, 37.467984022915083 ], [ -7.12748872490445, 37.467984022915083 ], [ -7.12748872490445, 37.468438689548755 ], [ -7.128228940871957, 37.468438689548755 ], [ -7.128228940871957, 37.468893353417101 ], [ -7.128969156839466, 37.468893353417101 ], [ -7.128969156839466, 37.469348014520115 ], [ -7.129709372806975, 37.469348014520115 ], [ -7.129709372806975, 37.469802672857774 ], [ -7.130449588774483, 37.469802672857774 ], [ -7.130449588774483, 37.470257328430087 ], [ -7.131189804741991, 37.470257328430087 ], [ -7.131189804741991, 37.471166631278564 ], [ -7.1319300207095, 37.471166631278564 ], [ -7.1319300207095, 37.472075923065468 ], [ -7.132670236677008, 37.472075923065468 ], [ -7.132670236677008, 37.47253056481081 ], [ -7.133410452644516, 37.47253056481081 ], [ -7.133410452644516, 37.473439840005163 ], [ -7.134150668612025, 37.473439840005163 ], [ -7.134150668612025, 37.474349104137715 ], [ -7.134890884579534, 37.474349104137715 ], [ -7.134890884579534, 37.475258357208354 ], [ -7.135631100547041, 37.475258357208354 ], [ -7.135631100547041, 37.477076830163533 ], [ -7.136371316514549, 37.477076830163533 ], [ -7.136371316514549, 37.479349859132597 ], [ -7.137111532482058, 37.479349859132597 ], [ -7.137111532482058, 37.48116823252699 ], [ -7.137851748449566, 37.48116823252699 ], [ -7.137851748449566, 37.48298656167092 ], [ -7.138591964417074, 37.48298656167092 ], [ -7.138591964417074, 37.485259410872473 ], [ -7.139332180384583, 37.485259410872473 ], [ -7.139332180384583, 37.487077640450103 ], [ -7.140072396352092, 37.487077640450103 ], [ -7.140072396352092, 37.488895825774819 ], [ -7.1408126123196, 37.488895825774819 ], [ -7.1408126123196, 37.493895607232531 ], [ -7.140072396352092, 37.493895607232531 ], [ -7.140072396352092, 37.494350116223934 ], [ -7.139332180384583, 37.494350116223934 ], [ -7.139332180384583, 37.494804622449344 ], [ -7.138591964417074, 37.494804622449344 ], [ -7.138591964417074, 37.495713626602111 ], [ -7.137851748449566, 37.495713626602111 ], [ -7.137851748449566, 37.496168124529454 ], [ -7.137111532482058, 37.496168124529454 ], [ -7.137111532482058, 37.496622619690761 ], [ -7.136371316514549, 37.496622619690761 ], [ -7.136371316514549, 37.497077112086004 ], [ -7.135631100547041, 37.497077112086004 ], [ -7.135631100547041, 37.497531601715181 ], [ -7.134150668612025, 37.497531601715181 ], [ -7.134150668612025, 37.497986088578294 ], [ -7.1319300207095, 37.497986088578294 ], [ -7.1319300207095, 37.498440572675307 ], [ -7.129709372806975, 37.498440572675307 ], [ -7.129709372806975, 37.498895054006219 ], [ -7.12748872490445, 37.498895054006219 ], [ -7.12748872490445, 37.499349532571017 ], [ -7.126008292969432, 37.499349532571017 ], [ -7.126008292969432, 37.498895054006219 ], [ -7.125268077001924, 37.498895054006219 ], [ -7.125268077001924, 37.497986088578294 ], [ -7.124527861034417, 37.497986088578294 ], [ -7.124527861034417, 37.497531601715181 ], [ -7.123787645066908, 37.497531601715181 ] ] ], [ [ [ -5.79435976742194, 37.562495133430801 ], [ -5.792139119519415, 37.562495133430801 ], [ -5.792139119519415, 37.562041039469818 ], [ -5.789918471616889, 37.562041039469818 ], [ -5.789918471616889, 37.561586942741094 ], [ -5.78917825564938, 37.561586942741094 ], [ -5.78917825564938, 37.561132843244636 ], [ -5.788438039681872, 37.561132843244636 ], [ -5.788438039681872, 37.560224635948593 ], [ -5.787697823714364, 37.560224635948593 ], [ -5.787697823714364, 37.559770528149024 ], [ -5.786957607746857, 37.559770528149024 ], [ -5.786957607746857, 37.558862304246858 ], [ -5.786217391779348, 37.558862304246858 ], [ -5.786217391779348, 37.554321018678323 ], [ -5.786957607746857, 37.554321018678323 ], [ -5.786957607746857, 37.553412728353734 ], [ -5.787697823714364, 37.553412728353734 ], [ -5.787697823714364, 37.552958579040151 ], [ -5.788438039681872, 37.552958579040151 ], [ -5.788438039681872, 37.552050272110492 ], [ -5.78917825564938, 37.552050272110492 ], [ -5.78917825564938, 37.551141954110889 ], [ -5.789918471616889, 37.551141954110889 ], [ -5.789918471616889, 37.550687790959891 ], [ -5.790658687584397, 37.550687790959891 ], [ -5.790658687584397, 37.549779456355559 ], [ -5.791398903551905, 37.549779456355559 ], [ -5.791398903551905, 37.548871110681532 ], [ -5.792139119519415, 37.548871110681532 ], [ -5.792139119519415, 37.548416933693403 ], [ -5.797320631291973, 37.548416933693403 ], [ -5.797320631291973, 37.548871110681532 ], [ -5.798060847259481, 37.548871110681532 ], [ -5.798060847259481, 37.549325284902253 ], [ -5.798801063226989, 37.549325284902253 ], [ -5.798801063226989, 37.549779456355559 ], [ -5.799541279194496, 37.549779456355559 ], [ -5.799541279194496, 37.550233625041443 ], [ -5.800281495162006, 37.550233625041443 ], [ -5.800281495162006, 37.550687790959891 ], [ -5.801021711129514, 37.550687790959891 ], [ -5.801021711129514, 37.551141954110889 ], [ -5.801761927097022, 37.551141954110889 ], [ -5.801761927097022, 37.552050272110492 ], [ -5.802502143064531, 37.552050272110492 ], [ -5.802502143064531, 37.552958579040151 ], [ -5.80324235903204, 37.552958579040151 ], [ -5.80324235903204, 37.554321018678323 ], [ -5.803982574999547, 37.554321018678323 ], [ -5.803982574999547, 37.55522929793274 ], [ -5.804722790967056, 37.55522929793274 ], [ -5.804722790967056, 37.556591696057595 ], [ -5.805463006934565, 37.556591696057595 ], [ -5.805463006934565, 37.557499947636188 ], [ -5.804722790967056, 37.557499947636188 ], [ -5.804722790967056, 37.559316417581776 ], [ -5.803982574999547, 37.559316417581776 ], [ -5.803982574999547, 37.561132843244636 ], [ -5.80324235903204, 37.561132843244636 ], [ -5.80324235903204, 37.561586942741094 ], [ -5.802502143064531, 37.561586942741094 ], [ -5.802502143064531, 37.562041039469818 ], [ -5.801761927097022, 37.562041039469818 ], [ -5.801761927097022, 37.562949224624035 ], [ -5.801021711129514, 37.562949224624035 ], [ -5.801021711129514, 37.563403313049498 ], [ -5.800281495162006, 37.563403313049498 ], [ -5.800281495162006, 37.563857398707192 ], [ -5.798060847259481, 37.563857398707192 ], [ -5.798060847259481, 37.563403313049498 ], [ -5.795840199356956, 37.563403313049498 ], [ -5.795840199356956, 37.562949224624035 ], [ -5.79435976742194, 37.562949224624035 ], [ -5.79435976742194, 37.562495133430801 ] ] ], [ [ [ -7.2385211200307, 37.805038267474927 ], [ -7.2385211200307, 37.804585655906379 ], [ -7.237780904063192, 37.804585655906379 ], [ -7.237780904063192, 37.803227804557608 ], [ -7.237040688095683, 37.803227804557608 ], [ -7.237040688095683, 37.802322556455906 ], [ -7.233339608258142, 37.802322556455906 ], [ -7.233339608258142, 37.801869928244351 ], [ -7.231118960355618, 37.801869928244351 ], [ -7.231118960355618, 37.801417297258979 ], [ -7.230378744388108, 37.801417297258979 ], [ -7.230378744388108, 37.800964663499819 ], [ -7.229638528420599, 37.800964663499819 ], [ -7.229638528420599, 37.800512026966899 ], [ -7.228898312453092, 37.800512026966899 ], [ -7.228898312453092, 37.800059387660205 ], [ -7.228158096485584, 37.800059387660205 ], [ -7.228158096485584, 37.799606745579759 ], [ -7.227417880518075, 37.799606745579759 ], [ -7.227417880518075, 37.799154100725573 ], [ -7.226677664550566, 37.799154100725573 ], [ -7.226677664550566, 37.79870145309765 ], [ -7.225197232615549, 37.79870145309765 ], [ -7.225197232615549, 37.799154100725573 ], [ -7.224457016648041, 37.799154100725573 ], [ -7.224457016648041, 37.799606745579759 ], [ -7.222976584713025, 37.799606745579759 ], [ -7.222976584713025, 37.800059387660205 ], [ -7.221496152778008, 37.800059387660205 ], [ -7.221496152778008, 37.800512026966899 ], [ -7.220015720842992, 37.800512026966899 ], [ -7.220015720842992, 37.800964663499819 ], [ -7.219275504875482, 37.800964663499819 ], [ -7.219275504875482, 37.801417297258979 ], [ -7.217795072940467, 37.801417297258979 ], [ -7.217795072940467, 37.800964663499819 ], [ -7.217054856972958, 37.800964663499819 ], [ -7.217054856972958, 37.800512026966899 ], [ -7.215574425037941, 37.800512026966899 ], [ -7.215574425037941, 37.800059387660205 ], [ -7.214834209070432, 37.800059387660205 ], [ -7.214834209070432, 37.799606745579759 ], [ -7.214093993102924, 37.799606745579759 ], [ -7.214093993102924, 37.798248802696016 ], [ -7.213353777135417, 37.798248802696016 ], [ -7.213353777135417, 37.796890834848895 ], [ -7.212613561167908, 37.796890834848895 ], [ -7.212613561167908, 37.795080172221361 ], [ -7.213353777135417, 37.795080172221361 ], [ -7.213353777135417, 37.79372214612755 ], [ -7.214093993102924, 37.79372214612755 ], [ -7.214093993102924, 37.79191140583886 ], [ -7.213353777135417, 37.79191140583886 ], [ -7.213353777135417, 37.791458713832782 ], [ -7.212613561167908, 37.791458713832782 ], [ -7.212613561167908, 37.791006019053171 ], [ -7.211873345200399, 37.791006019053171 ], [ -7.211873345200399, 37.789647918073193 ], [ -7.211133129232891, 37.789647918073193 ], [ -7.211133129232891, 37.787837077937695 ], [ -7.210392913265384, 37.787837077937695 ], [ -7.210392913265384, 37.78647891871482 ], [ -7.211133129232891, 37.78647891871482 ], [ -7.211133129232891, 37.784668000923219 ], [ -7.211873345200399, 37.784668000923219 ], [ -7.211873345200399, 37.783309783459096 ], [ -7.213353777135417, 37.783309783459096 ], [ -7.213353777135417, 37.782857038757705 ], [ -7.217054856972958, 37.782857038757705 ], [ -7.217054856972958, 37.78240429128298 ], [ -7.218535288907975, 37.78240429128298 ], [ -7.218535288907975, 37.781951541034957 ], [ -7.219275504875482, 37.781951541034957 ], [ -7.219275504875482, 37.781498788013614 ], [ -7.220015720842992, 37.781498788013614 ], [ -7.220015720842992, 37.781046032218995 ], [ -7.220755936810501, 37.781046032218995 ], [ -7.220755936810501, 37.780593273651085 ], [ -7.221496152778008, 37.780593273651085 ], [ -7.221496152778008, 37.780140512309906 ], [ -7.224457016648041, 37.780140512309906 ], [ -7.224457016648041, 37.779687748195478 ], [ -7.230378744388108, 37.779687748195478 ], [ -7.230378744388108, 37.779234981307795 ], [ -7.237040688095683, 37.779234981307795 ], [ -7.237040688095683, 37.778782211646877 ], [ -7.240741767933224, 37.778782211646877 ], [ -7.240741767933224, 37.779234981307795 ], [ -7.241481983900733, 37.779234981307795 ], [ -7.241481983900733, 37.780140512309906 ], [ -7.242222199868242, 37.780140512309906 ], [ -7.242222199868242, 37.780593273651085 ], [ -7.242962415835749, 37.780593273651085 ], [ -7.242962415835749, 37.781498788013614 ], [ -7.243702631803258, 37.781498788013614 ], [ -7.243702631803258, 37.7855734653658 ], [ -7.244442847770767, 37.7855734653658 ], [ -7.244442847770767, 37.786026193427013 ], [ -7.245183063738274, 37.786026193427013 ], [ -7.245183063738274, 37.786931641229202 ], [ -7.245923279705783, 37.786931641229202 ], [ -7.245923279705783, 37.787384360970172 ], [ -7.246663495673292, 37.787384360970172 ], [ -7.246663495673292, 37.787837077937695 ], [ -7.2474037116408, 37.787837077937695 ], [ -7.2474037116408, 37.788742503552385 ], [ -7.248143927608307, 37.788742503552385 ], [ -7.248143927608307, 37.78919521219953 ], [ -7.248884143575816, 37.78919521219953 ], [ -7.248884143575816, 37.789647918073193 ], [ -7.249624359543326, 37.789647918073193 ], [ -7.249624359543326, 37.79055332150002 ], [ -7.250364575510833, 37.79055332150002 ], [ -7.250364575510833, 37.791006019053171 ], [ -7.25110479147834, 37.791006019053171 ], [ -7.25110479147834, 37.794627499630366 ], [ -7.253325439380866, 37.794627499630366 ], [ -7.253325439380866, 37.795080172221361 ], [ -7.255546087283391, 37.795080172221361 ], [ -7.255546087283391, 37.795532842038703 ], [ -7.257766735185917, 37.795532842038703 ], [ -7.257766735185917, 37.796890834848895 ], [ -7.258506951153424, 37.796890834848895 ], [ -7.258506951153424, 37.79870145309765 ], [ -7.259247167120933, 37.79870145309765 ], [ -7.259247167120933, 37.800059387660205 ], [ -7.258506951153424, 37.800059387660205 ], [ -7.258506951153424, 37.801869928244351 ], [ -7.257766735185917, 37.801869928244351 ], [ -7.257766735185917, 37.803227804557608 ], [ -7.257026519218409, 37.803227804557608 ], [ -7.257026519218409, 37.803680424447712 ], [ -7.2562863032509, 37.803680424447712 ], [ -7.2562863032509, 37.804133041563972 ], [ -7.254805871315884, 37.804133041563972 ], [ -7.254805871315884, 37.804585655906379 ], [ -7.254065655348375, 37.804585655906379 ], [ -7.254065655348375, 37.805038267474927 ], [ -7.252585223413358, 37.805038267474927 ], [ -7.252585223413358, 37.804585655906379 ], [ -7.248884143575816, 37.804585655906379 ], [ -7.248884143575816, 37.804133041563972 ], [ -7.246663495673292, 37.804133041563972 ], [ -7.246663495673292, 37.804585655906379 ], [ -7.245923279705783, 37.804585655906379 ], [ -7.245923279705783, 37.805038267474927 ], [ -7.245183063738274, 37.805038267474927 ], [ -7.245183063738274, 37.80549087626958 ], [ -7.244442847770767, 37.80549087626958 ], [ -7.244442847770767, 37.805943482290374 ], [ -7.243702631803258, 37.805943482290374 ], [ -7.243702631803258, 37.806396085537251 ], [ -7.240741767933224, 37.806396085537251 ], [ -7.240741767933224, 37.805943482290374 ], [ -7.240001551965716, 37.805943482290374 ], [ -7.240001551965716, 37.80549087626958 ], [ -7.239261335998209, 37.80549087626958 ], [ -7.239261335998209, 37.805038267474927 ], [ -7.2385211200307, 37.805038267474927 ] ] ], [ [ [ -7.708558259398493, 38.371774191988081 ], [ -7.707818043430984, 38.371774191988081 ], [ -7.707818043430984, 38.366833760702761 ], [ -7.707077827463475, 38.366833760702761 ], [ -7.707077827463475, 38.366384613861911 ], [ -7.706337611495966, 38.366384613861911 ], [ -7.706337611495966, 38.365486311818366 ], [ -7.705597395528457, 38.365486311818366 ], [ -7.705597395528457, 38.365037156615685 ], [ -7.704857179560952, 38.365037156615685 ], [ -7.704857179560952, 38.364587998625737 ], [ -7.704116963593442, 38.364587998625737 ], [ -7.704116963593442, 38.365486311818366 ], [ -7.703376747625933, 38.365486311818366 ], [ -7.703376747625933, 38.366384613861911 ], [ -7.702636531658426, 38.366384613861911 ], [ -7.702636531658426, 38.367282904756308 ], [ -7.697455019885866, 38.367282904756308 ], [ -7.697455019885866, 38.366833760702761 ], [ -7.696714803918359, 38.366833760702761 ], [ -7.696714803918359, 38.366384613861911 ], [ -7.695974587950849, 38.366384613861911 ], [ -7.695974587950849, 38.365486311818366 ], [ -7.695234371983342, 38.365486311818366 ], [ -7.695234371983342, 38.364587998625737 ], [ -7.694494156015835, 38.364587998625737 ], [ -7.694494156015835, 38.36189299215426 ], [ -7.693013724080818, 38.36189299215426 ], [ -7.693013724080818, 38.362342166867535 ], [ -7.6915332921458, 38.362342166867535 ], [ -7.6915332921458, 38.36189299215426 ], [ -7.690793076178292, 38.36189299215426 ], [ -7.690793076178292, 38.361443814653803 ], [ -7.689312644243275, 38.361443814653803 ], [ -7.689312644243275, 38.360994634366165 ], [ -7.688572428275767, 38.360994634366165 ], [ -7.688572428275767, 38.360545451291372 ], [ -7.687832212308258, 38.360545451291372 ], [ -7.687832212308258, 38.358748691120731 ], [ -7.687091996340749, 38.358748691120731 ], [ -7.687091996340749, 38.356951886356271 ], [ -7.686351780373242, 38.356951886356271 ], [ -7.686351780373242, 38.356502678197451 ], [ -7.687091996340749, 38.356502678197451 ], [ -7.687091996340749, 38.352908912593527 ], [ -7.687832212308258, 38.352908912593527 ], [ -7.687832212308258, 38.35066271851391 ], [ -7.688572428275767, 38.35066271851391 ], [ -7.688572428275767, 38.350213471337156 ], [ -7.689312644243275, 38.350213471337156 ], [ -7.689312644243275, 38.34931496862292 ], [ -7.690052860210784, 38.34931496862292 ], [ -7.690052860210784, 38.348416454761093 ], [ -7.6915332921458, 38.348416454761093 ], [ -7.6915332921458, 38.347967193649865 ], [ -7.694494156015835, 38.347967193649865 ], [ -7.694494156015835, 38.347517929751767 ], [ -7.697455019885866, 38.347517929751767 ], [ -7.697455019885866, 38.347068663066807 ], [ -7.698195235853375, 38.347068663066807 ], [ -7.698195235853375, 38.346619393595006 ], [ -7.697455019885866, 38.346619393595006 ], [ -7.697455019885866, 38.344822287839577 ], [ -7.696714803918359, 38.344822287839577 ], [ -7.696714803918359, 38.344373004433699 ], [ -7.694494156015835, 38.344373004433699 ], [ -7.694494156015835, 38.344822287839577 ], [ -7.692273508113309, 38.344822287839577 ], [ -7.692273508113309, 38.345271568458642 ], [ -7.688572428275767, 38.345271568458642 ], [ -7.688572428275767, 38.344822287839577 ], [ -7.687832212308258, 38.344822287839577 ], [ -7.687832212308258, 38.343923718241051 ], [ -7.687091996340749, 38.343923718241051 ], [ -7.687091996340749, 38.343474429261626 ], [ -7.686351780373242, 38.343474429261626 ], [ -7.686351780373242, 38.343025137495438 ], [ -7.685611564405734, 38.343025137495438 ], [ -7.685611564405734, 38.342575842942502 ], [ -7.684871348438225, 38.342575842942502 ], [ -7.684871348438225, 38.342126545602824 ], [ -7.684131132470718, 38.342126545602824 ], [ -7.684131132470718, 38.341677245476404 ], [ -7.683390916503209, 38.341677245476404 ], [ -7.683390916503209, 38.341227942563272 ], [ -7.682650700535701, 38.341227942563272 ], [ -7.682650700535701, 38.340778636863426 ], [ -7.681910484568193, 38.340778636863426 ], [ -7.681910484568193, 38.340329328376889 ], [ -7.681170268600684, 38.340329328376889 ], [ -7.681170268600684, 38.339880017103653 ], [ -7.679689836665667, 38.339880017103653 ], [ -7.679689836665667, 38.340329328376889 ], [ -7.678949620698158, 38.340329328376889 ], [ -7.678949620698158, 38.341227942563272 ], [ -7.678209404730651, 38.341227942563272 ], [ -7.678209404730651, 38.341677245476404 ], [ -7.673027892958092, 38.341677245476404 ], [ -7.673027892958092, 38.340778636863426 ], [ -7.672287676990583, 38.340778636863426 ], [ -7.672287676990583, 38.339430703043739 ], [ -7.671547461023076, 38.339430703043739 ], [ -7.671547461023076, 38.338532066563914 ], [ -7.670807245055567, 38.338532066563914 ], [ -7.670807245055567, 38.337633418937493 ], [ -7.670067029088058, 38.337633418937493 ], [ -7.670067029088058, 38.335386751105631 ], [ -7.670807245055567, 38.335386751105631 ], [ -7.670807245055567, 38.333140013609381 ], [ -7.671547461023076, 38.333140013609381 ], [ -7.671547461023076, 38.331342573454883 ], [ -7.670807245055567, 38.331342573454883 ], [ -7.670807245055567, 38.331791937673252 ], [ -7.670067029088058, 38.331791937673252 ], [ -7.670067029088058, 38.332241299105142 ], [ -7.66932681312055, 38.332241299105142 ], [ -7.66932681312055, 38.332690657750526 ], [ -7.668586597153041, 38.332690657750526 ], [ -7.668586597153041, 38.333140013609381 ], [ -7.667846381185534, 38.333140013609381 ], [ -7.667846381185534, 38.333589366681728 ], [ -7.667106165218026, 38.333589366681728 ], [ -7.667106165218026, 38.334488064466797 ], [ -7.664145301347991, 38.334488064466797 ], [ -7.664145301347991, 38.334038716967534 ], [ -7.663405085380483, 38.334038716967534 ], [ -7.663405085380483, 38.333589366681728 ], [ -7.661924653445467, 38.333589366681728 ], [ -7.661924653445467, 38.333140013609381 ], [ -7.661184437477959, 38.333140013609381 ], [ -7.661184437477959, 38.32954508871665 ], [ -7.66044422151045, 38.32954508871665 ], [ -7.66044422151045, 38.327298170099013 ], [ -7.658963789575433, 38.327298170099013 ], [ -7.658963789575433, 38.32684877801627 ], [ -7.658223573607924, 38.32684877801627 ], [ -7.658223573607924, 38.325949985491661 ], [ -7.657483357640417, 38.325949985491661 ], [ -7.657483357640417, 38.323253541045574 ], [ -7.656743141672909, 38.323253541045574 ], [ -7.656743141672909, 38.321455855688797 ], [ -7.6560029257054, 38.321455855688797 ], [ -7.6560029257054, 38.321006427383928 ], [ -7.654522493770383, 38.321006427383928 ], [ -7.654522493770383, 38.320556996292829 ], [ -7.653782277802874, 38.320556996292829 ], [ -7.653782277802874, 38.320107562415494 ], [ -7.653042061835368, 38.320107562415494 ], [ -7.653042061835368, 38.319208686302161 ], [ -7.652301845867859, 38.319208686302161 ], [ -7.652301845867859, 38.317410900641143 ], [ -7.65156162990035, 38.317410900641143 ], [ -7.65156162990035, 38.315163605876307 ], [ -7.652301845867859, 38.315163605876307 ], [ -7.652301845867859, 38.313365719914415 ], [ -7.653042061835368, 38.313365719914415 ], [ -7.653042061835368, 38.312466760217021 ], [ -7.653782277802874, 38.312466760217021 ], [ -7.653782277802874, 38.312017276189252 ], [ -7.6560029257054, 38.312017276189252 ], [ -7.6560029257054, 38.311567789375445 ], [ -7.657483357640417, 38.311567789375445 ], [ -7.657483357640417, 38.311118299775607 ], [ -7.658223573607924, 38.311118299775607 ], [ -7.658223573607924, 38.310219312217896 ], [ -7.658963789575433, 38.310219312217896 ], [ -7.658963789575433, 38.308870809986402 ], [ -7.659704005542943, 38.308870809986402 ], [ -7.659704005542943, 38.307522282681234 ], [ -7.66044422151045, 38.307522282681234 ], [ -7.66044422151045, 38.3066232505481 ], [ -7.661184437477959, 38.3066232505481 ], [ -7.661184437477959, 38.306173730302667 ], [ -7.663405085380483, 38.306173730302667 ], [ -7.663405085380483, 38.305724207271325 ], [ -7.666365949250517, 38.305724207271325 ], [ -7.666365949250517, 38.305274681454101 ], [ -7.667846381185534, 38.305274681454101 ], [ -7.667846381185534, 38.304825152850981 ], [ -7.668586597153041, 38.304825152850981 ], [ -7.668586597153041, 38.304375621461993 ], [ -7.66932681312055, 38.304375621461993 ], [ -7.66932681312055, 38.303476550326472 ], [ -7.670067029088058, 38.303476550326472 ], [ -7.670067029088058, 38.303027010579946 ], [ -7.670807245055567, 38.303027010579946 ], [ -7.670807245055567, 38.302127922729412 ], [ -7.671547461023076, 38.302127922729412 ], [ -7.671547461023076, 38.301678374625425 ], [ -7.672287676990583, 38.301678374625425 ], [ -7.672287676990583, 38.300779270060076 ], [ -7.673027892958092, 38.300779270060076 ], [ -7.673027892958092, 38.300329713598735 ], [ -7.673768108925601, 38.300329713598735 ], [ -7.673768108925601, 38.299430592318764 ], [ -7.674508324893108, 38.299430592318764 ], [ -7.674508324893108, 38.298981027500147 ], [ -7.675988756828125, 38.298981027500147 ], [ -7.675988756828125, 38.299430592318764 ], [ -7.678209404730651, 38.299430592318764 ], [ -7.678209404730651, 38.299880154351634 ], [ -7.681170268600684, 38.299880154351634 ], [ -7.681170268600684, 38.299430592318764 ], [ -7.682650700535701, 38.299430592318764 ], [ -7.682650700535701, 38.298981027500147 ], [ -7.684871348438225, 38.298981027500147 ], [ -7.684871348438225, 38.299430592318764 ], [ -7.685611564405734, 38.299430592318764 ], [ -7.685611564405734, 38.299880154351634 ], [ -7.687091996340749, 38.299880154351634 ], [ -7.687091996340749, 38.300329713598735 ], [ -7.687832212308258, 38.300329713598735 ], [ -7.687832212308258, 38.301228823735649 ], [ -7.688572428275767, 38.301228823735649 ], [ -7.688572428275767, 38.303476550326472 ], [ -7.689312644243275, 38.303476550326472 ], [ -7.689312644243275, 38.305274681454101 ], [ -7.690052860210784, 38.305274681454101 ], [ -7.690052860210784, 38.305724207271325 ], [ -7.6915332921458, 38.305724207271325 ], [ -7.6915332921458, 38.306173730302667 ], [ -7.694494156015835, 38.306173730302667 ], [ -7.694494156015835, 38.3066232505481 ], [ -7.697455019885866, 38.3066232505481 ], [ -7.697455019885866, 38.307072768007629 ], [ -7.699675667788393, 38.307072768007629 ], [ -7.699675667788393, 38.307522282681234 ], [ -7.700415883755902, 38.307522282681234 ], [ -7.700415883755902, 38.309320313516217 ], [ -7.701156099723409, 38.309320313516217 ], [ -7.701156099723409, 38.312017276189252 ], [ -7.701896315690917, 38.312017276189252 ], [ -7.701896315690917, 38.312466760217021 ], [ -7.704116963593442, 38.312466760217021 ], [ -7.704116963593442, 38.312916241458751 ], [ -7.704857179560952, 38.312916241458751 ], [ -7.704857179560952, 38.313365719914415 ], [ -7.705597395528457, 38.313365719914415 ], [ -7.705597395528457, 38.314264668467537 ], [ -7.706337611495966, 38.314264668467537 ], [ -7.706337611495966, 38.314714138564973 ], [ -7.707077827463475, 38.314714138564973 ], [ -7.707077827463475, 38.315613070401533 ], [ -7.707818043430984, 38.315613070401533 ], [ -7.707818043430984, 38.320107562415494 ], [ -7.708558259398493, 38.320107562415494 ], [ -7.708558259398493, 38.320556996292829 ], [ -7.709298475366, 38.320556996292829 ], [ -7.709298475366, 38.321006427383928 ], [ -7.710038691333508, 38.321006427383928 ], [ -7.710038691333508, 38.321455855688797 ], [ -7.710778907301017, 38.321455855688797 ], [ -7.710778907301017, 38.322354703939737 ], [ -7.711519123268526, 38.322354703939737 ], [ -7.711519123268526, 38.32684877801627 ], [ -7.710778907301017, 38.32684877801627 ], [ -7.710778907301017, 38.329095710565966 ], [ -7.711519123268526, 38.329095710565966 ], [ -7.711519123268526, 38.331342573454883 ], [ -7.712259339236033, 38.331342573454883 ], [ -7.712259339236033, 38.333589366681728 ], [ -7.712999555203543, 38.333589366681728 ], [ -7.712999555203543, 38.335836090245202 ], [ -7.71373977117105, 38.335836090245202 ], [ -7.71373977117105, 38.334937409179496 ], [ -7.714479987138559, 38.334937409179496 ], [ -7.714479987138559, 38.334038716967534 ], [ -7.715220203106068, 38.334038716967534 ], [ -7.715220203106068, 38.333589366681728 ], [ -7.720401714878625, 38.333589366681728 ], [ -7.720401714878625, 38.334038716967534 ], [ -7.721141930846134, 38.334038716967534 ], [ -7.721141930846134, 38.334937409179496 ], [ -7.721882146813643, 38.334937409179496 ], [ -7.721882146813643, 38.335386751105631 ], [ -7.72262236278115, 38.335386751105631 ], [ -7.72262236278115, 38.336285426598181 ], [ -7.72336257874866, 38.336285426598181 ], [ -7.72336257874866, 38.340778636863426 ], [ -7.72262236278115, 38.340778636863426 ], [ -7.72262236278115, 38.341677245476404 ], [ -7.721882146813643, 38.341677245476404 ], [ -7.721882146813643, 38.342575842942502 ], [ -7.721141930846134, 38.342575842942502 ], [ -7.721141930846134, 38.343025137495438 ], [ -7.720401714878625, 38.343025137495438 ], [ -7.720401714878625, 38.343474429261626 ], [ -7.715220203106068, 38.343474429261626 ], [ -7.715220203106068, 38.343025137495438 ], [ -7.714479987138559, 38.343025137495438 ], [ -7.714479987138559, 38.342126545602824 ], [ -7.71373977117105, 38.342126545602824 ], [ -7.71373977117105, 38.341677245476404 ], [ -7.712999555203543, 38.341677245476404 ], [ -7.712999555203543, 38.340778636863426 ], [ -7.712259339236033, 38.340778636863426 ], [ -7.712259339236033, 38.341227942563272 ], [ -7.711519123268526, 38.341227942563272 ], [ -7.711519123268526, 38.341677245476404 ], [ -7.710778907301017, 38.341677245476404 ], [ -7.710778907301017, 38.342126545602824 ], [ -7.709298475366, 38.342126545602824 ], [ -7.709298475366, 38.342575842942502 ], [ -7.708558259398493, 38.342575842942502 ], [ -7.708558259398493, 38.345720846290916 ], [ -7.707818043430984, 38.345720846290916 ], [ -7.707818043430984, 38.346619393595006 ], [ -7.710778907301017, 38.346619393595006 ], [ -7.710778907301017, 38.347068663066807 ], [ -7.711519123268526, 38.347068663066807 ], [ -7.711519123268526, 38.347967193649865 ], [ -7.712259339236033, 38.347967193649865 ], [ -7.712259339236033, 38.348865713085445 ], [ -7.712999555203543, 38.348865713085445 ], [ -7.712999555203543, 38.349764221373491 ], [ -7.71373977117105, 38.349764221373491 ], [ -7.71373977117105, 38.34931496862292 ], [ -7.714479987138559, 38.34931496862292 ], [ -7.714479987138559, 38.348416454761093 ], [ -7.715220203106068, 38.348416454761093 ], [ -7.715220203106068, 38.347517929751767 ], [ -7.715960419073575, 38.347517929751767 ], [ -7.715960419073575, 38.346619393595006 ], [ -7.716700635041084, 38.346619393595006 ], [ -7.716700635041084, 38.345271568458642 ], [ -7.720401714878625, 38.345271568458642 ], [ -7.720401714878625, 38.345720846290916 ], [ -7.72262236278115, 38.345720846290916 ], [ -7.72262236278115, 38.346170121336378 ], [ -7.724102794716166, 38.346170121336378 ], [ -7.724102794716166, 38.347517929751767 ], [ -7.724843010683675, 38.347517929751767 ], [ -7.724843010683675, 38.34931496862292 ], [ -7.725583226651184, 38.34931496862292 ], [ -7.725583226651184, 38.35066271851391 ], [ -7.724843010683675, 38.35066271851391 ], [ -7.724843010683675, 38.352010443322548 ], [ -7.724102794716166, 38.352010443322548 ], [ -7.724102794716166, 38.354256595597626 ], [ -7.725583226651184, 38.354256595597626 ], [ -7.725583226651184, 38.354705817691659 ], [ -7.726323442618692, 38.354705817691659 ], [ -7.726323442618692, 38.35605346725157 ], [ -7.727063658586201, 38.35605346725157 ], [ -7.727063658586201, 38.357850294312691 ], [ -7.727803874553708, 38.357850294312691 ], [ -7.727803874553708, 38.359197885344088 ], [ -7.727063658586201, 38.359197885344088 ], [ -7.727063658586201, 38.360994634366165 ], [ -7.726323442618692, 38.360994634366165 ], [ -7.726323442618692, 38.362791338793613 ], [ -7.727063658586201, 38.362791338793613 ], [ -7.727063658586201, 38.363240507932474 ], [ -7.727803874553708, 38.363240507932474 ], [ -7.727803874553708, 38.363689674284124 ], [ -7.728544090521217, 38.363689674284124 ], [ -7.728544090521217, 38.365037156615685 ], [ -7.729284306488727, 38.365037156615685 ], [ -7.729284306488727, 38.366833760702761 ], [ -7.730024522456234, 38.366833760702761 ], [ -7.730024522456234, 38.368181184501466 ], [ -7.729284306488727, 38.368181184501466 ], [ -7.729284306488727, 38.369079453097306 ], [ -7.728544090521217, 38.369079453097306 ], [ -7.728544090521217, 38.370426835085915 ], [ -7.727803874553708, 38.370426835085915 ], [ -7.727803874553708, 38.371325075808087 ], [ -7.727063658586201, 38.371325075808087 ], [ -7.727063658586201, 38.372223305380658 ], [ -7.726323442618692, 38.372223305380658 ], [ -7.726323442618692, 38.372672415985804 ], [ -7.725583226651184, 38.372672415985804 ], [ -7.725583226651184, 38.372223305380658 ], [ -7.72336257874866, 38.372223305380658 ], [ -7.72336257874866, 38.371774191988081 ], [ -7.721141930846134, 38.371774191988081 ], [ -7.721141930846134, 38.371325075808087 ], [ -7.719661498911117, 38.371325075808087 ], [ -7.719661498911117, 38.369528583214205 ], [ -7.71892128294361, 38.369528583214205 ], [ -7.71892128294361, 38.367732046022553 ], [ -7.718181066976101, 38.367732046022553 ], [ -7.718181066976101, 38.371774191988081 ], [ -7.717440851008591, 38.371774191988081 ], [ -7.717440851008591, 38.372672415985804 ], [ -7.716700635041084, 38.372672415985804 ], [ -7.716700635041084, 38.373570628833811 ], [ -7.715960419073575, 38.373570628833811 ], [ -7.715960419073575, 38.374019731076636 ], [ -7.710038691333508, 38.374019731076636 ], [ -7.710038691333508, 38.373121523803533 ], [ -7.709298475366, 38.373121523803533 ], [ -7.709298475366, 38.372223305380658 ], [ -7.708558259398493, 38.372223305380658 ], [ -7.708558259398493, 38.371774191988081 ] ], [ [ -7.703376747625933, 38.351111962903737 ], [ -7.704116963593442, 38.351111962903737 ], [ -7.704116963593442, 38.348865713085445 ], [ -7.702636531658426, 38.348865713085445 ], [ -7.702636531658426, 38.349764221373491 ], [ -7.703376747625933, 38.349764221373491 ], [ -7.703376747625933, 38.351111962903737 ] ], [ [ -7.706337611495966, 38.357850294312691 ], [ -7.706337611495966, 38.356951886356271 ], [ -7.707077827463475, 38.356951886356271 ], [ -7.707077827463475, 38.356502678197451 ], [ -7.706337611495966, 38.356502678197451 ], [ -7.706337611495966, 38.35605346725157 ], [ -7.705597395528457, 38.35605346725157 ], [ -7.705597395528457, 38.355604253518635 ], [ -7.704857179560952, 38.355604253518635 ], [ -7.704857179560952, 38.354705817691659 ], [ -7.704116963593442, 38.354705817691659 ], [ -7.704116963593442, 38.354256595597626 ], [ -7.703376747625933, 38.354256595597626 ], [ -7.703376747625933, 38.354705817691659 ], [ -7.702636531658426, 38.354705817691659 ], [ -7.702636531658426, 38.35605346725157 ], [ -7.701896315690917, 38.35605346725157 ], [ -7.701896315690917, 38.356951886356271 ], [ -7.701156099723409, 38.356951886356271 ], [ -7.701156099723409, 38.357401091728022 ], [ -7.701896315690917, 38.357401091728022 ], [ -7.701896315690917, 38.357850294312691 ], [ -7.702636531658426, 38.357850294312691 ], [ -7.702636531658426, 38.358299494110263 ], [ -7.703376747625933, 38.358299494110263 ], [ -7.703376747625933, 38.359197885344088 ], [ -7.704857179560952, 38.359197885344088 ], [ -7.704857179560952, 38.358299494110263 ], [ -7.705597395528457, 38.358299494110263 ], [ -7.705597395528457, 38.357850294312691 ], [ -7.706337611495966, 38.357850294312691 ] ], [ [ -7.717440851008591, 38.365486311818366 ], [ -7.717440851008591, 38.366384613861911 ], [ -7.718181066976101, 38.366384613861911 ], [ -7.718181066976101, 38.367282904756308 ], [ -7.71892128294361, 38.367282904756308 ], [ -7.71892128294361, 38.365037156615685 ], [ -7.716700635041084, 38.365037156615685 ], [ -7.716700635041084, 38.365486311818366 ], [ -7.717440851008591, 38.365486311818366 ] ] ], [ [ [ -6.955758620442515, 41.057439799145939 ], [ -6.955018404475007, 41.057439799145939 ], [ -6.955018404475007, 41.056575875229179 ], [ -6.9542781885075, 41.056575875229179 ], [ -6.9542781885075, 41.055711939965896 ], [ -6.953537972539991, 41.055711939965896 ], [ -6.953537972539991, 41.05484799335612 ], [ -6.952797756572482, 41.05484799335612 ], [ -6.952797756572482, 41.053984035399914 ], [ -6.952057540604975, 41.053984035399914 ], [ -6.952057540604975, 41.053120066097314 ], [ -6.951317324637466, 41.053120066097314 ], [ -6.951317324637466, 41.052256085448377 ], [ -6.950577108669957, 41.052256085448377 ], [ -6.950577108669957, 41.05182409086904 ], [ -6.94983689270245, 41.05182409086904 ], [ -6.94983689270245, 41.050960093200679 ], [ -6.949096676734942, 41.050960093200679 ], [ -6.949096676734942, 41.045343831794277 ], [ -6.94983689270245, 41.045343831794277 ], [ -6.94983689270245, 41.044479749030401 ], [ -6.950577108669957, 41.044479749030401 ], [ -6.950577108669957, 41.043615654920657 ], [ -6.951317324637466, 41.043615654920657 ], [ -6.951317324637466, 41.043183603611105 ], [ -6.9542781885075, 41.043183603611105 ], [ -6.9542781885075, 41.043615654920657 ], [ -6.955758620442515, 41.043615654920657 ], [ -6.955758620442515, 41.044047703393765 ], [ -6.957979268345041, 41.044047703393765 ], [ -6.957979268345041, 41.044479749030401 ], [ -6.959459700280057, 41.044479749030401 ], [ -6.959459700280057, 41.044911791830579 ], [ -6.962420564150091, 41.044911791830579 ], [ -6.962420564150091, 41.044479749030401 ], [ -6.963160780117599, 41.044479749030401 ], [ -6.963160780117599, 41.044047703393765 ], [ -6.963900996085107, 41.044047703393765 ], [ -6.963900996085107, 41.043615654920657 ], [ -6.964641212052616, 41.043615654920657 ], [ -6.964641212052616, 41.043183603611105 ], [ -6.965381428020125, 41.043183603611105 ], [ -6.965381428020125, 41.042319492482662 ], [ -6.966121643987633, 41.042319492482662 ], [ -6.966121643987633, 41.041887432663778 ], [ -6.966861859955141, 41.041887432663778 ], [ -6.966861859955141, 41.041455370008464 ], [ -6.969082507857665, 41.041455370008464 ], [ -6.969082507857665, 41.041887432663778 ], [ -6.969822723825174, 41.041887432663778 ], [ -6.969822723825174, 41.042319492482662 ], [ -6.970562939792683, 41.042319492482662 ], [ -6.970562939792683, 41.042751549465109 ], [ -6.972783587695208, 41.042751549465109 ], [ -6.972783587695208, 41.042319492482662 ], [ -6.975744451565242, 41.042319492482662 ], [ -6.975744451565242, 41.041887432663778 ], [ -6.977224883500257, 41.041887432663778 ], [ -6.977224883500257, 41.042319492482662 ], [ -6.977965099467767, 41.042319492482662 ], [ -6.977965099467767, 41.043183603611105 ], [ -6.978705315435274, 41.043183603611105 ], [ -6.978705315435274, 41.044047703393765 ], [ -6.979445531402782, 41.044047703393765 ], [ -6.979445531402782, 41.044911791830579 ], [ -6.980185747370291, 41.044911791830579 ], [ -6.980185747370291, 41.049232063825343 ], [ -6.979445531402782, 41.049232063825343 ], [ -6.979445531402782, 41.050096084186102 ], [ -6.978705315435274, 41.050096084186102 ], [ -6.978705315435274, 41.050960093200679 ], [ -6.977965099467767, 41.050960093200679 ], [ -6.977965099467767, 41.05182409086904 ], [ -6.977224883500257, 41.05182409086904 ], [ -6.977224883500257, 41.052688077191135 ], [ -6.976484667532749, 41.052688077191135 ], [ -6.976484667532749, 41.053552052166907 ], [ -6.975744451565242, 41.053552052166907 ], [ -6.975744451565242, 41.05441601579632 ], [ -6.975004235597734, 41.05441601579632 ], [ -6.975004235597734, 41.055279968079311 ], [ -6.974264019630224, 41.055279968079311 ], [ -6.974264019630224, 41.056143909015852 ], [ -6.973523803662716, 41.056143909015852 ], [ -6.973523803662716, 41.057007838605884 ], [ -6.972783587695208, 41.057007838605884 ], [ -6.972783587695208, 41.057439799145939 ], [ -6.972043371727699, 41.057439799145939 ], [ -6.972043371727699, 41.058303711716114 ], [ -6.960199916247566, 41.058303711716114 ], [ -6.960199916247566, 41.057871756849352 ], [ -6.955758620442515, 41.057871756849352 ], [ -6.955758620442515, 41.057439799145939 ] ] ], [ [ [ -8.148246544098441, 41.597312722707173 ], [ -8.148246544098441, 41.596884326593539 ], [ -8.147506328130934, 41.596884326593539 ], [ -8.147506328130934, 41.596455927636356 ], [ -8.144545464260901, 41.596455927636356 ], [ -8.144545464260901, 41.596884326593539 ], [ -8.141584600390868, 41.596884326593539 ], [ -8.141584600390868, 41.596455927636356 ], [ -8.14084438442336, 41.596455927636356 ], [ -8.14084438442336, 41.595170713703631 ], [ -8.140104168455851, 41.595170713703631 ], [ -8.140104168455851, 41.594313890197554 ], [ -8.139363952488344, 41.594313890197554 ], [ -8.139363952488344, 41.593457055317444 ], [ -8.138623736520834, 41.593457055317444 ], [ -8.138623736520834, 41.592600209063328 ], [ -8.136403088618311, 41.592600209063328 ], [ -8.136403088618311, 41.592171781671034 ], [ -8.134182440715785, 41.592171781671034 ], [ -8.134182440715785, 41.591743351435262 ], [ -8.133442224748276, 41.591743351435262 ], [ -8.133442224748276, 41.591314918356012 ], [ -8.132702008780768, 41.591314918356012 ], [ -8.132702008780768, 41.590029602057442 ], [ -8.131961792813259, 41.590029602057442 ], [ -8.131961792813259, 41.588744260167751 ], [ -8.13122157684575, 41.588744260167751 ], [ -8.13122157684575, 41.587887351357395 ], [ -8.130481360878242, 41.587887351357395 ], [ -8.130481360878242, 41.585316556684148 ], [ -8.129741144910733, 41.585316556684148 ], [ -8.129741144910733, 41.582745659648417 ], [ -8.129000928943226, 41.582745659648417 ], [ -8.129000928943226, 41.582317166857301 ], [ -8.129741144910733, 41.582317166857301 ], [ -8.129741144910733, 41.581460172744983 ], [ -8.130481360878242, 41.581460172744983 ], [ -8.130481360878242, 41.580174660251338 ], [ -8.13122157684575, 41.580174660251338 ], [ -8.13122157684575, 41.579317637705529 ], [ -8.131961792813259, 41.579317637705529 ], [ -8.131961792813259, 41.578032082561855 ], [ -8.132702008780768, 41.578032082561855 ], [ -8.132702008780768, 41.577603558493998 ], [ -8.133442224748276, 41.577603558493998 ], [ -8.133442224748276, 41.577175031582819 ], [ -8.134922656683292, 41.577175031582819 ], [ -8.134922656683292, 41.576746501828346 ], [ -8.136403088618311, 41.576746501828346 ], [ -8.136403088618311, 41.576317969230566 ], [ -8.137883520553325, 41.576317969230566 ], [ -8.137883520553325, 41.575889433789506 ], [ -8.138623736520834, 41.575889433789506 ], [ -8.138623736520834, 41.575460895505138 ], [ -8.140104168455851, 41.575460895505138 ], [ -8.140104168455851, 41.575032354377491 ], [ -8.141584600390868, 41.575032354377491 ], [ -8.141584600390868, 41.574603810406572 ], [ -8.143065032325884, 41.574603810406572 ], [ -8.143065032325884, 41.574175263592373 ], [ -8.145285680228408, 41.574175263592373 ], [ -8.145285680228408, 41.574603810406572 ], [ -8.146025896195917, 41.574603810406572 ], [ -8.146025896195917, 41.575032354377491 ], [ -8.146766112163425, 41.575032354377491 ], [ -8.146766112163425, 41.575460895505138 ], [ -8.148246544098441, 41.575460895505138 ], [ -8.148246544098441, 41.575889433789506 ], [ -8.14898676006595, 41.575889433789506 ], [ -8.14898676006595, 41.575460895505138 ], [ -8.151207407968478, 41.575460895505138 ], [ -8.151207407968478, 41.575032354377491 ], [ -8.152687839903493, 41.575032354377491 ], [ -8.152687839903493, 41.574603810406572 ], [ -8.154168271838509, 41.574603810406572 ], [ -8.154168271838509, 41.574175263592373 ], [ -8.159349783611068, 41.574175263592373 ], [ -8.159349783611068, 41.574603810406572 ], [ -8.163050863448609, 41.574603810406572 ], [ -8.163050863448609, 41.575032354377491 ], [ -8.163791079416116, 41.575032354377491 ], [ -8.163791079416116, 41.575460895505138 ], [ -8.164531295383625, 41.575460895505138 ], [ -8.164531295383625, 41.576317969230566 ], [ -8.165271511351134, 41.576317969230566 ], [ -8.165271511351134, 41.577603558493998 ], [ -8.166011727318642, 41.577603558493998 ], [ -8.166011727318642, 41.578460603786404 ], [ -8.166751943286151, 41.578460603786404 ], [ -8.166751943286151, 41.582745659648417 ], [ -8.166011727318642, 41.582745659648417 ], [ -8.166011727318642, 41.585316556684148 ], [ -8.165271511351134, 41.585316556684148 ], [ -8.165271511351134, 41.587887351357395 ], [ -8.164531295383625, 41.587887351357395 ], [ -8.164531295383625, 41.589172710307757 ], [ -8.165271511351134, 41.589172710307757 ], [ -8.165271511351134, 41.593457055317444 ], [ -8.166011727318642, 41.593457055317444 ], [ -8.166011727318642, 41.593885474179245 ], [ -8.165271511351134, 41.593885474179245 ], [ -8.165271511351134, 41.594742303372357 ], [ -8.164531295383625, 41.594742303372357 ], [ -8.164531295383625, 41.595170713703631 ], [ -8.163791079416116, 41.595170713703631 ], [ -8.163791079416116, 41.596027525835645 ], [ -8.163050863448609, 41.596027525835645 ], [ -8.163050863448609, 41.596884326593539 ], [ -8.157869351676052, 41.596884326593539 ], [ -8.157869351676052, 41.596455927636356 ], [ -8.157129135708542, 41.596455927636356 ], [ -8.157129135708542, 41.595599121191398 ], [ -8.155648703773526, 41.595599121191398 ], [ -8.155648703773526, 41.596884326593539 ], [ -8.154908487806019, 41.596884326593539 ], [ -8.154908487806019, 41.597312722707173 ], [ -8.153428055871002, 41.597312722707173 ], [ -8.153428055871002, 41.597741115977279 ], [ -8.152687839903493, 41.597741115977279 ], [ -8.152687839903493, 41.598169506403828 ], [ -8.150467192000969, 41.598169506403828 ], [ -8.150467192000969, 41.597741115977279 ], [ -8.14972697603346, 41.597741115977279 ], [ -8.14972697603346, 41.597312722707173 ], [ -8.148246544098441, 41.597312722707173 ] ] ], [ [ [ -4.178468310351246, 41.974902010765142 ], [ -4.176987878416228, 41.974902010765142 ], [ -4.176987878416228, 41.974476130248298 ], [ -4.175507446481211, 41.974476130248298 ], [ -4.175507446481211, 41.974050246883685 ], [ -4.174767230513703, 41.974050246883685 ], [ -4.174767230513703, 41.973624360671323 ], [ -4.174027014546194, 41.973624360671323 ], [ -4.174027014546194, 41.973198471611191 ], [ -4.173286798578687, 41.973198471611191 ], [ -4.173286798578687, 41.972346684947688 ], [ -4.172546582611179, 41.972346684947688 ], [ -4.172546582611179, 41.971494886893225 ], [ -4.171806366643669, 41.971494886893225 ], [ -4.171806366643669, 41.966809793981639 ], [ -4.172546582611179, 41.966809793981639 ], [ -4.172546582611179, 41.965957921886734 ], [ -4.173286798578687, 41.965957921886734 ], [ -4.173286798578687, 41.965106038401132 ], [ -4.174027014546194, 41.965106038401132 ], [ -4.174027014546194, 41.964254143524855 ], [ -4.174767230513703, 41.964254143524855 ], [ -4.174767230513703, 41.963828191815232 ], [ -4.17624766244872, 41.963828191815232 ], [ -4.17624766244872, 41.963402237257959 ], [ -4.176987878416228, 41.963402237257959 ], [ -4.176987878416228, 41.962976279853031 ], [ -4.177728094383736, 41.962976279853031 ], [ -4.177728094383736, 41.962550319600467 ], [ -4.179208526318753, 41.962550319600467 ], [ -4.179208526318753, 41.962124356500254 ], [ -4.179948742286262, 41.962124356500254 ], [ -4.179948742286262, 41.961698390552414 ], [ -4.181429174221278, 41.961698390552414 ], [ -4.181429174221278, 41.961272421756945 ], [ -4.182169390188786, 41.961272421756945 ], [ -4.182169390188786, 41.960846450113849 ], [ -4.18513025405882, 41.960846450113849 ], [ -4.18513025405882, 41.961272421756945 ], [ -4.186610685993837, 41.961272421756945 ], [ -4.186610685993837, 41.961698390552414 ], [ -4.188091117928853, 41.961698390552414 ], [ -4.188091117928853, 41.962124356500254 ], [ -4.18957154986387, 41.962124356500254 ], [ -4.18957154986387, 41.962550319600467 ], [ -4.191051981798886, 41.962550319600467 ], [ -4.191051981798886, 41.962976279853031 ], [ -4.192532413733903, 41.962976279853031 ], [ -4.192532413733903, 41.963402237257959 ], [ -4.193272629701411, 41.963402237257959 ], [ -4.193272629701411, 41.963828191815232 ], [ -4.19401284566892, 41.963828191815232 ], [ -4.19401284566892, 41.964680092386821 ], [ -4.194753061636429, 41.964680092386821 ], [ -4.194753061636429, 41.965531981567764 ], [ -4.195493277603937, 41.965531981567764 ], [ -4.195493277603937, 41.965957921886734 ], [ -4.196233493571445, 41.965957921886734 ], [ -4.196233493571445, 41.967661654685806 ], [ -4.195493277603937, 41.967661654685806 ], [ -4.195493277603937, 41.973624360671323 ], [ -4.194753061636429, 41.973624360671323 ], [ -4.194753061636429, 41.974476130248298 ], [ -4.19401284566892, 41.974476130248298 ], [ -4.19401284566892, 41.975327888434215 ], [ -4.193272629701411, 41.975327888434215 ], [ -4.193272629701411, 41.975753763255511 ], [ -4.192532413733903, 41.975753763255511 ], [ -4.192532413733903, 41.976179635229038 ], [ -4.186610685993837, 41.976179635229038 ], [ -4.186610685993837, 41.975753763255511 ], [ -4.18068895825377, 41.975753763255511 ], [ -4.18068895825377, 41.975327888434215 ], [ -4.178468310351246, 41.975327888434215 ], [ -4.178468310351246, 41.974902010765142 ] ] ], [ [ [ -7.183004922467575, 42.541333296436193 ], [ -7.182264706500066, 42.541333296436193 ], [ -7.182264706500066, 42.540489149272304 ], [ -7.181524490532558, 42.540489149272304 ], [ -7.181524490532558, 42.539222907127673 ], [ -7.180784274565049, 42.539222907127673 ], [ -7.180784274565049, 42.53964499069572 ], [ -7.176342978760001, 42.53964499069572 ], [ -7.176342978760001, 42.539222907127673 ], [ -7.175602762792492, 42.539222907127673 ], [ -7.175602762792492, 42.538800820706477 ], [ -7.174862546824983, 42.538800820706477 ], [ -7.174862546824983, 42.537956639304582 ], [ -7.174122330857474, 42.537956639304582 ], [ -7.174122330857474, 42.537112446490099 ], [ -7.173382114889967, 42.537112446490099 ], [ -7.173382114889967, 42.536268242263034 ], [ -7.172641898922458, 42.536268242263034 ], [ -7.172641898922458, 42.534157681765542 ], [ -7.171901682954949, 42.534157681765542 ], [ -7.171901682954949, 42.532047049940061 ], [ -7.171161466987441, 42.532047049940061 ], [ -7.171161466987441, 42.530358493123842 ], [ -7.170421251019932, 42.530358493123842 ], [ -7.170421251019932, 42.528247732909158 ], [ -7.169681035052425, 42.528247732909158 ], [ -7.169681035052425, 42.528669890658243 ], [ -7.168940819084917, 42.528669890658243 ], [ -7.168940819084917, 42.529092045554265 ], [ -7.168200603117408, 42.529092045554265 ], [ -7.168200603117408, 42.529514197597209 ], [ -7.167460387149899, 42.529514197597209 ], [ -7.167460387149899, 42.529936346787068 ], [ -7.165239739247374, 42.529936346787068 ], [ -7.165239739247374, 42.529514197597209 ], [ -7.164499523279865, 42.529514197597209 ], [ -7.164499523279865, 42.529092045554265 ], [ -7.163759307312358, 42.529092045554265 ], [ -7.163759307312358, 42.528247732909158 ], [ -7.16301909134485, 42.528247732909158 ], [ -7.16301909134485, 42.527825572307002 ], [ -7.162278875377341, 42.527825572307002 ], [ -7.162278875377341, 42.527403408851789 ], [ -7.161538659409833, 42.527403408851789 ], [ -7.161538659409833, 42.526981242543499 ], [ -7.160798443442325, 42.526981242543499 ], [ -7.160798443442325, 42.525714726500325 ], [ -7.161538659409833, 42.525714726500325 ], [ -7.161538659409833, 42.521915024306708 ], [ -7.162278875377341, 42.521915024306708 ], [ -7.162278875377341, 42.520648405554454 ], [ -7.16301909134485, 42.520648405554454 ], [ -7.16301909134485, 42.520226193597694 ], [ -7.164499523279865, 42.520226193597694 ], [ -7.164499523279865, 42.519803978787934 ], [ -7.165239739247374, 42.519803978787934 ], [ -7.165239739247374, 42.519381761125182 ], [ -7.167460387149899, 42.519381761125182 ], [ -7.167460387149899, 42.519803978787934 ], [ -7.168200603117408, 42.519803978787934 ], [ -7.168200603117408, 42.520226193597694 ], [ -7.168940819084917, 42.520226193597694 ], [ -7.168940819084917, 42.520648405554454 ], [ -7.170421251019932, 42.520648405554454 ], [ -7.170421251019932, 42.518115091018984 ], [ -7.171161466987441, 42.518115091018984 ], [ -7.171161466987441, 42.516848395235968 ], [ -7.171901682954949, 42.516848395235968 ], [ -7.171901682954949, 42.516426157602346 ], [ -7.172641898922458, 42.516426157602346 ], [ -7.172641898922458, 42.516003917115761 ], [ -7.173382114889967, 42.516003917115761 ], [ -7.173382114889967, 42.515581673776211 ], [ -7.174862546824983, 42.515581673776211 ], [ -7.174862546824983, 42.515159427583718 ], [ -7.176342978760001, 42.515159427583718 ], [ -7.176342978760001, 42.515581673776211 ], [ -7.177083194727508, 42.515581673776211 ], [ -7.177083194727508, 42.516003917115761 ], [ -7.178563626662525, 42.516003917115761 ], [ -7.178563626662525, 42.515159427583718 ], [ -7.179303842630032, 42.515159427583718 ], [ -7.179303842630032, 42.513892671888478 ], [ -7.180044058597542, 42.513892671888478 ], [ -7.180044058597542, 42.513048153826936 ], [ -7.180784274565049, 42.513048153826936 ], [ -7.180784274565049, 42.512203624353631 ], [ -7.181524490532558, 42.512203624353631 ], [ -7.181524490532558, 42.510936808746735 ], [ -7.182264706500066, 42.510936808746735 ], [ -7.182264706500066, 42.510092250744194 ], [ -7.183004922467575, 42.510092250744194 ], [ -7.183004922467575, 42.50924768133001 ], [ -7.186706002305116, 42.50924768133001 ], [ -7.186706002305116, 42.509669967463566 ], [ -7.189666866175149, 42.509669967463566 ], [ -7.189666866175149, 42.50924768133001 ], [ -7.190407082142658, 42.50924768133001 ], [ -7.190407082142658, 42.508403100504218 ], [ -7.191147298110166, 42.508403100504218 ], [ -7.191147298110166, 42.507980805811975 ], [ -7.191887514077675, 42.507980805811975 ], [ -7.191887514077675, 42.50755850826684 ], [ -7.192627730045183, 42.50755850826684 ], [ -7.192627730045183, 42.507136207868811 ], [ -7.19780924181774, 42.507136207868811 ], [ -7.19780924181774, 42.50755850826684 ], [ -7.19854945778525, 42.50755850826684 ], [ -7.19854945778525, 42.507136207868811 ], [ -7.199289673752759, 42.507136207868811 ], [ -7.199289673752759, 42.505446977747887 ], [ -7.200029889720266, 42.505446977747887 ], [ -7.200029889720266, 42.504602345570191 ], [ -7.201510321655284, 42.504602345570191 ], [ -7.201510321655284, 42.504180025202039 ], [ -7.202250537622793, 42.504180025202039 ], [ -7.202250537622793, 42.503757701981037 ], [ -7.2029907535903, 42.503757701981037 ], [ -7.2029907535903, 42.50333537590717 ], [ -7.205951617460333, 42.50333537590717 ], [ -7.205951617460333, 42.503757701981037 ], [ -7.208172265362857, 42.503757701981037 ], [ -7.208172265362857, 42.504180025202039 ], [ -7.210392913265384, 42.504180025202039 ], [ -7.210392913265384, 42.504602345570191 ], [ -7.213353777135417, 42.504602345570191 ], [ -7.213353777135417, 42.505024663085472 ], [ -7.215574425037941, 42.505024663085472 ], [ -7.215574425037941, 42.505446977747887 ], [ -7.218535288907975, 42.505446977747887 ], [ -7.218535288907975, 42.505869289557431 ], [ -7.220755936810501, 42.505869289557431 ], [ -7.220755936810501, 42.50629159851411 ], [ -7.222236368745516, 42.50629159851411 ], [ -7.222236368745516, 42.50755850826684 ], [ -7.222976584713025, 42.50755850826684 ], [ -7.222976584713025, 42.50924768133001 ], [ -7.225937448583058, 42.50924768133001 ], [ -7.225937448583058, 42.509669967463566 ], [ -7.228898312453092, 42.509669967463566 ], [ -7.228898312453092, 42.510092250744194 ], [ -7.229638528420599, 42.510092250744194 ], [ -7.229638528420599, 42.512203624353631 ], [ -7.230378744388108, 42.512203624353631 ], [ -7.230378744388108, 42.516426157602346 ], [ -7.231118960355618, 42.516426157602346 ], [ -7.231118960355618, 42.516848395235968 ], [ -7.232599392290632, 42.516848395235968 ], [ -7.232599392290632, 42.517270630016611 ], [ -7.233339608258142, 42.517270630016611 ], [ -7.233339608258142, 42.51895954060943 ], [ -7.234079824225649, 42.51895954060943 ], [ -7.234079824225649, 42.520648405554454 ], [ -7.234820040193158, 42.520648405554454 ], [ -7.234820040193158, 42.522337224851434 ], [ -7.234079824225649, 42.522337224851434 ], [ -7.234079824225649, 42.524870368206308 ], [ -7.233339608258142, 42.524870368206308 ], [ -7.233339608258142, 42.525292548779845 ], [ -7.232599392290632, 42.525292548779845 ], [ -7.232599392290632, 42.526136901367771 ], [ -7.231859176323125, 42.526136901367771 ], [ -7.231859176323125, 42.526981242543499 ], [ -7.231118960355618, 42.526981242543499 ], [ -7.231118960355618, 42.527403408851789 ], [ -7.228898312453092, 42.527403408851789 ], [ -7.228898312453092, 42.526981242543499 ], [ -7.227417880518075, 42.526981242543499 ], [ -7.227417880518075, 42.527403408851789 ], [ -7.226677664550566, 42.527403408851789 ], [ -7.226677664550566, 42.528247732909158 ], [ -7.225937448583058, 42.528247732909158 ], [ -7.225937448583058, 42.529514197597209 ], [ -7.225197232615549, 42.529514197597209 ], [ -7.225197232615549, 42.530780636607538 ], [ -7.224457016648041, 42.530780636607538 ], [ -7.224457016648041, 42.531624915015648 ], [ -7.222236368745516, 42.531624915015648 ], [ -7.222236368745516, 42.531202777238143 ], [ -7.219275504875482, 42.531202777238143 ], [ -7.219275504875482, 42.531624915015648 ], [ -7.218535288907975, 42.531624915015648 ], [ -7.218535288907975, 42.533313437594678 ], [ -7.222236368745516, 42.533313437594678 ], [ -7.222236368745516, 42.53373556110666 ], [ -7.222976584713025, 42.53373556110666 ], [ -7.222976584713025, 42.53457979957129 ], [ -7.223716800680534, 42.53457979957129 ], [ -7.223716800680534, 42.535424026623424 ], [ -7.224457016648041, 42.535424026623424 ], [ -7.224457016648041, 42.536268242263034 ], [ -7.225197232615549, 42.536268242263034 ], [ -7.225197232615549, 42.540067071410597 ], [ -7.224457016648041, 42.540067071410597 ], [ -7.224457016648041, 42.540911224280833 ], [ -7.223716800680534, 42.540911224280833 ], [ -7.223716800680534, 42.541755365738368 ], [ -7.222976584713025, 42.541755365738368 ], [ -7.222976584713025, 42.542599495783165 ], [ -7.222236368745516, 42.542599495783165 ], [ -7.222236368745516, 42.543021556525773 ], [ -7.217054856972958, 42.543021556525773 ], [ -7.217054856972958, 42.542599495783165 ], [ -7.21631464100545, 42.542599495783165 ], [ -7.21631464100545, 42.542177432187358 ], [ -7.215574425037941, 42.542177432187358 ], [ -7.215574425037941, 42.541333296436193 ], [ -7.214834209070432, 42.541333296436193 ], [ -7.214834209070432, 42.540489149272304 ], [ -7.214093993102924, 42.540489149272304 ], [ -7.214093993102924, 42.537534544323918 ], [ -7.210392913265384, 42.537534544323918 ], [ -7.210392913265384, 42.537112446490099 ], [ -7.209652697297875, 42.537112446490099 ], [ -7.209652697297875, 42.536690345803137 ], [ -7.208912481330366, 42.536690345803137 ], [ -7.208912481330366, 42.536268242263034 ], [ -7.208172265362857, 42.536268242263034 ], [ -7.208172265362857, 42.535846135869789 ], [ -7.20743204939535, 42.535846135869789 ], [ -7.20743204939535, 42.535424026623424 ], [ -7.206691833427841, 42.535424026623424 ], [ -7.206691833427841, 42.536268242263034 ], [ -7.205951617460333, 42.536268242263034 ], [ -7.205951617460333, 42.537112446490099 ], [ -7.205211401492824, 42.537112446490099 ], [ -7.205211401492824, 42.537956639304582 ], [ -7.204471185525317, 42.537956639304582 ], [ -7.204471185525317, 42.538378731432111 ], [ -7.203730969557808, 42.538378731432111 ], [ -7.203730969557808, 42.538800820706477 ], [ -7.200029889720266, 42.538800820706477 ], [ -7.200029889720266, 42.539222907127673 ], [ -7.199289673752759, 42.539222907127673 ], [ -7.199289673752759, 42.53964499069572 ], [ -7.19854945778525, 42.53964499069572 ], [ -7.19854945778525, 42.540489149272304 ], [ -7.19780924181774, 42.540489149272304 ], [ -7.19780924181774, 42.540911224280833 ], [ -7.197069025850233, 42.540911224280833 ], [ -7.197069025850233, 42.541333296436193 ], [ -7.196328809882724, 42.541333296436193 ], [ -7.196328809882724, 42.541755365738368 ], [ -7.194848377947709, 42.541755365738368 ], [ -7.194848377947709, 42.541333296436193 ], [ -7.193367946012691, 42.541333296436193 ], [ -7.193367946012691, 42.540911224280833 ], [ -7.192627730045183, 42.540911224280833 ], [ -7.192627730045183, 42.541333296436193 ], [ -7.191887514077675, 42.541333296436193 ], [ -7.191887514077675, 42.542177432187358 ], [ -7.191147298110166, 42.542177432187358 ], [ -7.191147298110166, 42.543443614415196 ], [ -7.190407082142658, 42.543443614415196 ], [ -7.190407082142658, 42.544287721634426 ], [ -7.189666866175149, 42.544287721634426 ], [ -7.189666866175149, 42.544709770964246 ], [ -7.184485354402592, 42.544709770964246 ], [ -7.184485354402592, 42.543865669451414 ], [ -7.183745138435084, 42.543865669451414 ], [ -7.183745138435084, 42.542599495783165 ], [ -7.183004922467575, 42.542599495783165 ], [ -7.183004922467575, 42.541333296436193 ] ], [ [ -7.182264706500066, 42.539222907127673 ], [ -7.182264706500066, 42.538800820706477 ], [ -7.181524490532558, 42.538800820706477 ], [ -7.181524490532558, 42.539222907127673 ], [ -7.182264706500066, 42.539222907127673 ] ] ], [ [ [ -7.784800504051851, 42.592382966846706 ], [ -7.784800504051851, 42.591961239952269 ], [ -7.782579856149325, 42.591961239952269 ], [ -7.782579856149325, 42.5906960421473 ], [ -7.781839640181818, 42.5906960421473 ], [ -7.781839640181818, 42.589430818659928 ], [ -7.78109942421431, 42.589430818659928 ], [ -7.78109942421431, 42.58858732206707 ], [ -7.780359208246801, 42.58858732206707 ], [ -7.780359208246801, 42.587322055775928 ], [ -7.779618992279292, 42.587322055775928 ], [ -7.779618992279292, 42.586056763802652 ], [ -7.778878776311784, 42.586056763802652 ], [ -7.778878776311784, 42.585213221552657 ], [ -7.779618992279292, 42.585213221552657 ], [ -7.779618992279292, 42.583947886776031 ], [ -7.780359208246801, 42.583947886776031 ], [ -7.780359208246801, 42.58310431599056 ], [ -7.78109942421431, 42.58310431599056 ], [ -7.78109942421431, 42.581838938410847 ], [ -7.781839640181818, 42.581838938410847 ], [ -7.781839640181818, 42.580995339090066 ], [ -7.782579856149325, 42.580995339090066 ], [ -7.782579856149325, 42.579729918707542 ], [ -7.783320072116834, 42.579729918707542 ], [ -7.783320072116834, 42.578464472643439 ], [ -7.782579856149325, 42.578464472643439 ], [ -7.782579856149325, 42.575511665288339 ], [ -7.783320072116834, 42.575511665288339 ], [ -7.783320072116834, 42.574667980362733 ], [ -7.784060288084341, 42.574667980362733 ], [ -7.784060288084341, 42.57382428402326 ], [ -7.784800504051851, 42.57382428402326 ], [ -7.784800504051851, 42.573402431573349 ], [ -7.785540720019358, 42.573402431573349 ], [ -7.785540720019358, 42.57255871811315 ], [ -7.788501583889392, 42.57255871811315 ], [ -7.788501583889392, 42.572136857102876 ], [ -7.792202663726934, 42.572136857102876 ], [ -7.792202663726934, 42.571714993239169 ], [ -7.794423311629458, 42.571714993239169 ], [ -7.794423311629458, 42.572136857102876 ], [ -7.795163527596968, 42.572136857102876 ], [ -7.795163527596968, 42.57255871811315 ], [ -7.796643959531983, 42.57255871811315 ], [ -7.796643959531983, 42.572980576269977 ], [ -7.797384175499492, 42.572980576269977 ], [ -7.797384175499492, 42.573402431573349 ], [ -7.798124391467, 42.573402431573349 ], [ -7.798124391467, 42.575089824252274 ], [ -7.798864607434509, 42.575089824252274 ], [ -7.798864607434509, 42.57762082766655 ], [ -7.800345039369526, 42.57762082766655 ], [ -7.800345039369526, 42.577199000897878 ], [ -7.802565687272051, 42.577199000897878 ], [ -7.802565687272051, 42.57762082766655 ], [ -7.803305903239559, 42.57762082766655 ], [ -7.803305903239559, 42.57804265158174 ], [ -7.804786335174574, 42.57804265158174 ], [ -7.804786335174574, 42.578464472643439 ], [ -7.805526551142083, 42.578464472643439 ], [ -7.805526551142083, 42.579729918707542 ], [ -7.806266767109593, 42.579729918707542 ], [ -7.806266767109593, 42.583526102810062 ], [ -7.8070069830771, 42.583526102810062 ], [ -7.8070069830771, 42.584791446147328 ], [ -7.806266767109593, 42.584791446147328 ], [ -7.806266767109593, 42.585213221552657 ], [ -7.805526551142083, 42.585213221552657 ], [ -7.805526551142083, 42.585634994104439 ], [ -7.804786335174574, 42.585634994104439 ], [ -7.804786335174574, 42.586056763802652 ], [ -7.804046119207068, 42.586056763802652 ], [ -7.804046119207068, 42.586900294638404 ], [ -7.803305903239559, 42.586900294638404 ], [ -7.803305903239559, 42.587322055775928 ], [ -7.802565687272051, 42.587322055775928 ], [ -7.802565687272051, 42.587743814059891 ], [ -7.800345039369526, 42.587743814059891 ], [ -7.800345039369526, 42.587322055775928 ], [ -7.799604823402018, 42.587322055775928 ], [ -7.799604823402018, 42.586900294638404 ], [ -7.798864607434509, 42.586900294638404 ], [ -7.798864607434509, 42.586478530647305 ], [ -7.798124391467, 42.586478530647305 ], [ -7.798124391467, 42.586900294638404 ], [ -7.797384175499492, 42.586900294638404 ], [ -7.797384175499492, 42.588165569490272 ], [ -7.796643959531983, 42.588165569490272 ], [ -7.796643959531983, 42.589009071790301 ], [ -7.795903743564476, 42.589009071790301 ], [ -7.795903743564476, 42.590274303838441 ], [ -7.795163527596968, 42.590274303838441 ], [ -7.795163527596968, 42.591539510204214 ], [ -7.794423311629458, 42.591539510204214 ], [ -7.794423311629458, 42.592382966846706 ], [ -7.793683095661951, 42.592382966846706 ], [ -7.793683095661951, 42.593226412074749 ], [ -7.790722231791916, 42.593226412074749 ], [ -7.790722231791916, 42.59280469088754 ], [ -7.787761367921885, 42.59280469088754 ], [ -7.787761367921885, 42.592382966846706 ], [ -7.784800504051851, 42.592382966846706 ] ] ], [ [ [ -5.724039250508648, 43.536527753207956 ], [ -5.72255881857363, 43.536527753207956 ], [ -5.72255881857363, 43.535697187634213 ], [ -5.721818602606122, 43.535697187634213 ], [ -5.721818602606122, 43.534866610620547 ], [ -5.721078386638613, 43.534866610620547 ], [ -5.721078386638613, 43.533620723650237 ], [ -5.720338170671106, 43.533620723650237 ], [ -5.720338170671106, 43.532790118036843 ], [ -5.719597954703597, 43.532790118036843 ], [ -5.719597954703597, 43.531959500983589 ], [ -5.718857738736089, 43.531959500983589 ], [ -5.718857738736089, 43.530713553953994 ], [ -5.718117522768581, 43.530713553953994 ], [ -5.718117522768581, 43.529882908301154 ], [ -5.717377306801072, 43.529882908301154 ], [ -5.717377306801072, 43.529052251208505 ], [ -5.716637090833564, 43.529052251208505 ], [ -5.716637090833564, 43.527806244119944 ], [ -5.715896874866057, 43.527806244119944 ], [ -5.715896874866057, 43.526975558427864 ], [ -5.715156658898548, 43.526975558427864 ], [ -5.715156658898548, 43.525314152724491 ], [ -5.715896874866057, 43.525314152724491 ], [ -5.715896874866057, 43.521575822586357 ], [ -5.716637090833564, 43.521575822586357 ], [ -5.716637090833564, 43.520329661061893 ], [ -5.718117522768581, 43.520329661061893 ], [ -5.718117522768581, 43.519914268167263 ], [ -5.718857738736089, 43.519914268167263 ], [ -5.718857738736089, 43.519498872412733 ], [ -5.719597954703597, 43.519498872412733 ], [ -5.719597954703597, 43.519083473798304 ], [ -5.720338170671106, 43.519083473798304 ], [ -5.720338170671106, 43.518668072323983 ], [ -5.721078386638613, 43.518668072323983 ], [ -5.721078386638613, 43.518252667989771 ], [ -5.721818602606122, 43.518252667989771 ], [ -5.721818602606122, 43.517837260795666 ], [ -5.72255881857363, 43.517837260795666 ], [ -5.72255881857363, 43.51742185074167 ], [ -5.723299034541139, 43.51742185074167 ], [ -5.723299034541139, 43.517006437827789 ], [ -5.724039250508648, 43.517006437827789 ], [ -5.724039250508648, 43.516591022054023 ], [ -5.724779466476156, 43.516591022054023 ], [ -5.724779466476156, 43.516175603420372 ], [ -5.727000114378681, 43.516175603420372 ], [ -5.727000114378681, 43.515760181926844 ], [ -5.728480546313697, 43.515760181926844 ], [ -5.728480546313697, 43.51534475757343 ], [ -5.730701194216222, 43.51534475757343 ], [ -5.730701194216222, 43.514929330360154 ], [ -5.733662058086256, 43.514929330360154 ], [ -5.733662058086256, 43.51534475757343 ], [ -5.734402274053765, 43.51534475757343 ], [ -5.734402274053765, 43.515760181926844 ], [ -5.735142490021273, 43.515760181926844 ], [ -5.735142490021273, 43.516175603420372 ], [ -5.73588270598878, 43.516175603420372 ], [ -5.73588270598878, 43.516591022054023 ], [ -5.73662292195629, 43.516591022054023 ], [ -5.73662292195629, 43.517006437827789 ], [ -5.737363137923798, 43.517006437827789 ], [ -5.737363137923798, 43.51742185074167 ], [ -5.738103353891305, 43.51742185074167 ], [ -5.738103353891305, 43.517837260795666 ], [ -5.739583785826321, 43.517837260795666 ], [ -5.739583785826321, 43.518252667989771 ], [ -5.74032400179383, 43.518252667989771 ], [ -5.74032400179383, 43.518668072323983 ], [ -5.741064217761339, 43.518668072323983 ], [ -5.741064217761339, 43.519083473798304 ], [ -5.741804433728848, 43.519083473798304 ], [ -5.741804433728848, 43.519498872412733 ], [ -5.742544649696356, 43.519498872412733 ], [ -5.742544649696356, 43.519914268167263 ], [ -5.743284865663864, 43.519914268167263 ], [ -5.743284865663864, 43.520329661061893 ], [ -5.744025081631372, 43.520329661061893 ], [ -5.744025081631372, 43.520745051096618 ], [ -5.744765297598882, 43.520745051096618 ], [ -5.744765297598882, 43.529052251208505 ], [ -5.744025081631372, 43.529052251208505 ], [ -5.744025081631372, 43.529882908301154 ], [ -5.743284865663864, 43.529882908301154 ], [ -5.743284865663864, 43.530713553953994 ], [ -5.742544649696356, 43.530713553953994 ], [ -5.742544649696356, 43.531544188167018 ], [ -5.741804433728848, 43.531544188167018 ], [ -5.741804433728848, 43.531959500983589 ], [ -5.741064217761339, 43.531959500983589 ], [ -5.741064217761339, 43.532790118036843 ], [ -5.74032400179383, 43.532790118036843 ], [ -5.74032400179383, 43.533620723650237 ], [ -5.739583785826321, 43.533620723650237 ], [ -5.739583785826321, 43.53403602216698 ], [ -5.738843569858814, 43.53403602216698 ], [ -5.738843569858814, 43.534451317823752 ], [ -5.738103353891305, 43.534451317823752 ], [ -5.738103353891305, 43.534866610620547 ], [ -5.737363137923798, 43.534866610620547 ], [ -5.737363137923798, 43.535281900557365 ], [ -5.73662292195629, 43.535281900557365 ], [ -5.73662292195629, 43.535697187634213 ], [ -5.73588270598878, 43.535697187634213 ], [ -5.73588270598878, 43.536112471851069 ], [ -5.735142490021273, 43.536112471851069 ], [ -5.735142490021273, 43.536527753207956 ], [ -5.734402274053765, 43.536527753207956 ], [ -5.734402274053765, 43.536943031704851 ], [ -5.733662058086256, 43.536943031704851 ], [ -5.733662058086256, 43.537358307341755 ], [ -5.732921842118747, 43.537358307341755 ], [ -5.732921842118747, 43.537773580118674 ], [ -5.729960978248714, 43.537773580118674 ], [ -5.729960978248714, 43.537358307341755 ], [ -5.727000114378681, 43.537358307341755 ], [ -5.727000114378681, 43.536943031704851 ], [ -5.724039250508648, 43.536943031704851 ], [ -5.724039250508648, 43.536527753207956 ] ] ], [ [ [ -0.270128001907239, 35.536008878650335 ], [ -0.270128001907239, 35.53507655783536 ], [ -0.269387785939731, 35.53507655783536 ], [ -0.269387785939731, 35.534610393364595 ], [ -0.268647569972222, 35.534610393364595 ], [ -0.268647569972222, 35.529482405407087 ], [ -0.267907354004714, 35.529482405407087 ], [ -0.267907354004714, 35.528083806354168 ], [ -0.268647569972222, 35.528083806354168 ], [ -0.268647569972222, 35.527617601252622 ], [ -0.269387785939731, 35.527617601252622 ], [ -0.269387785939731, 35.526685182923728 ], [ -0.270128001907239, 35.526685182923728 ], [ -0.270128001907239, 35.52621896969643 ], [ -0.270868217874747, 35.52621896969643 ], [ -0.270868217874747, 35.525752753760564 ], [ -0.271608433842256, 35.525752753760564 ], [ -0.271608433842256, 35.525286535116166 ], [ -0.272348649809764, 35.525286535116166 ], [ -0.272348649809764, 35.524820313763243 ], [ -0.273088865777272, 35.524820313763243 ], [ -0.273088865777272, 35.524354089701824 ], [ -0.273829081744781, 35.524354089701824 ], [ -0.273829081744781, 35.523887862931907 ], [ -0.274569297712289, 35.523887862931907 ], [ -0.274569297712289, 35.522955401266628 ], [ -0.275309513679797, 35.522955401266628 ], [ -0.275309513679797, 35.522489166371336 ], [ -0.276049729647306, 35.522489166371336 ], [ -0.276049729647306, 35.522022928767583 ], [ -0.276789945614814, 35.522022928767583 ], [ -0.276789945614814, 35.521556688455441 ], [ -0.277530161582322, 35.521556688455441 ], [ -0.277530161582322, 35.521090445434879 ], [ -0.279750809484847, 35.521090445434879 ], [ -0.279750809484847, 35.521556688455441 ], [ -0.281231241419864, 35.521556688455441 ], [ -0.281231241419864, 35.522022928767583 ], [ -0.281971457387372, 35.522022928767583 ], [ -0.281971457387372, 35.522489166371336 ], [ -0.282711673354881, 35.522489166371336 ], [ -0.282711673354881, 35.524354089701824 ], [ -0.283451889322389, 35.524354089701824 ], [ -0.283451889322389, 35.5299485996741 ], [ -0.282711673354881, 35.5299485996741 ], [ -0.282711673354881, 35.531347166223014 ], [ -0.281971457387372, 35.531347166223014 ], [ -0.281971457387372, 35.532745708393463 ], [ -0.281231241419864, 35.532745708393463 ], [ -0.281231241419864, 35.534144226185013 ], [ -0.280491025452356, 35.534144226185013 ], [ -0.280491025452356, 35.535542719597274 ], [ -0.279750809484847, 35.535542719597274 ], [ -0.279750809484847, 35.536008878650335 ], [ -0.278270377549831, 35.536008878650335 ], [ -0.278270377549831, 35.536475034994524 ], [ -0.276789945614814, 35.536475034994524 ], [ -0.276789945614814, 35.536941188629832 ], [ -0.274569297712289, 35.536941188629832 ], [ -0.274569297712289, 35.537407339556246 ], [ -0.271608433842256, 35.537407339556246 ], [ -0.271608433842256, 35.536475034994524 ], [ -0.270868217874747, 35.536475034994524 ], [ -0.270868217874747, 35.536008878650335 ], [ -0.270128001907239, 35.536008878650335 ] ] ], [ [ [ -0.276789945614814, 35.824505411354338 ], [ -0.276049729647306, 35.824505411354338 ], [ -0.276049729647306, 35.824040934669902 ], [ -0.274569297712289, 35.824040934669902 ], [ -0.274569297712289, 35.8235764552674 ], [ -0.271608433842256, 35.8235764552674 ], [ -0.271608433842256, 35.82311197314683 ], [ -0.269387785939731, 35.82311197314683 ], [ -0.269387785939731, 35.822647488308213 ], [ -0.266426922069697, 35.822647488308213 ], [ -0.266426922069697, 35.822183000751579 ], [ -0.264206274167172, 35.822183000751579 ], [ -0.264206274167172, 35.821718510476927 ], [ -0.261245410297139, 35.821718510476927 ], [ -0.261245410297139, 35.821254017484272 ], [ -0.260505194329631, 35.821254017484272 ], [ -0.260505194329631, 35.820325023345006 ], [ -0.259764978362122, 35.820325023345006 ], [ -0.259764978362122, 35.819860522198454 ], [ -0.259024762394614, 35.819860522198454 ], [ -0.259024762394614, 35.818931511751508 ], [ -0.258284546427106, 35.818931511751508 ], [ -0.258284546427106, 35.818467002451158 ], [ -0.257544330459597, 35.818467002451158 ], [ -0.257544330459597, 35.818002490432896 ], [ -0.256804114492089, 35.818002490432896 ], [ -0.256804114492089, 35.81753797569678 ], [ -0.253103034654547, 35.81753797569678 ], [ -0.253103034654547, 35.817073458242774 ], [ -0.248661738849497, 35.817073458242774 ], [ -0.248661738849497, 35.816608938070921 ], [ -0.246441090946972, 35.816608938070921 ], [ -0.246441090946972, 35.817073458242774 ], [ -0.245700874979464, 35.817073458242774 ], [ -0.245700874979464, 35.818002490432896 ], [ -0.244960659011956, 35.818002490432896 ], [ -0.244960659011956, 35.818931511751508 ], [ -0.244220443044447, 35.818931511751508 ], [ -0.244220443044447, 35.81939601833394 ], [ -0.239038931271889, 35.81939601833394 ], [ -0.239038931271889, 35.818931511751508 ], [ -0.238298715304381, 35.818931511751508 ], [ -0.238298715304381, 35.818467002451158 ], [ -0.237558499336872, 35.818467002451158 ], [ -0.237558499336872, 35.818002490432896 ], [ -0.236818283369364, 35.818002490432896 ], [ -0.236818283369364, 35.81753797569678 ], [ -0.236078067401856, 35.81753797569678 ], [ -0.236078067401856, 35.817073458242774 ], [ -0.234597635466839, 35.817073458242774 ], [ -0.234597635466839, 35.816608938070921 ], [ -0.233857419499331, 35.816608938070921 ], [ -0.233857419499331, 35.816144415181228 ], [ -0.233117203531822, 35.816144415181228 ], [ -0.233117203531822, 35.815679889573708 ], [ -0.232376987564314, 35.815679889573708 ], [ -0.232376987564314, 35.815215361248384 ], [ -0.230896555629297, 35.815215361248384 ], [ -0.230896555629297, 35.814750830205249 ], [ -0.230156339661789, 35.814750830205249 ], [ -0.230156339661789, 35.814286296444358 ], [ -0.229416123694281, 35.814286296444358 ], [ -0.229416123694281, 35.813357220769255 ], [ -0.228675907726772, 35.813357220769255 ], [ -0.228675907726772, 35.811499036806339 ], [ -0.227935691759264, 35.811499036806339 ], [ -0.227935691759264, 35.809176245705025 ], [ -0.227195475791756, 35.809176245705025 ], [ -0.227195475791756, 35.80731796390701 ], [ -0.227935691759264, 35.80731796390701 ], [ -0.227935691759264, 35.805924224024189 ], [ -0.228675907726772, 35.805924224024189 ], [ -0.228675907726772, 35.804530459683846 ], [ -0.229416123694281, 35.804530459683846 ], [ -0.229416123694281, 35.803601269869652 ], [ -0.230156339661789, 35.803601269869652 ], [ -0.230156339661789, 35.803136670886389 ], [ -0.230896555629297, 35.803136670886389 ], [ -0.230896555629297, 35.802672069185711 ], [ -0.231636771596806, 35.802672069185711 ], [ -0.231636771596806, 35.80220746476764 ], [ -0.232376987564314, 35.80220746476764 ], [ -0.232376987564314, 35.801742857632192 ], [ -0.237558499336872, 35.801742857632192 ], [ -0.237558499336872, 35.80220746476764 ], [ -0.238298715304381, 35.80220746476764 ], [ -0.238298715304381, 35.802672069185711 ], [ -0.239038931271889, 35.802672069185711 ], [ -0.239038931271889, 35.801278247779365 ], [ -0.239779147239397, 35.801278247779365 ], [ -0.239779147239397, 35.799884401916799 ], [ -0.240519363206906, 35.799884401916799 ], [ -0.240519363206906, 35.798955157755167 ], [ -0.241259579174414, 35.798955157755167 ], [ -0.241259579174414, 35.798490531598425 ], [ -0.241999795141922, 35.798490531598425 ], [ -0.241999795141922, 35.798025902724412 ], [ -0.243480227076939, 35.798025902724412 ], [ -0.243480227076939, 35.797561271133148 ], [ -0.245700874979464, 35.797561271133148 ], [ -0.245700874979464, 35.798025902724412 ], [ -0.247181306914481, 35.798025902724412 ], [ -0.247181306914481, 35.798490531598425 ], [ -0.247921522881989, 35.798490531598425 ], [ -0.247921522881989, 35.798955157755167 ], [ -0.248661738849497, 35.798955157755167 ], [ -0.248661738849497, 35.799419781194644 ], [ -0.250142170784514, 35.799419781194644 ], [ -0.250142170784514, 35.799884401916799 ], [ -0.250882386752022, 35.799884401916799 ], [ -0.250882386752022, 35.799419781194644 ], [ -0.253103034654547, 35.799419781194644 ], [ -0.253103034654547, 35.798955157755167 ], [ -0.254583466589564, 35.798955157755167 ], [ -0.254583466589564, 35.798490531598425 ], [ -0.256804114492089, 35.798490531598425 ], [ -0.256804114492089, 35.798025902724412 ], [ -0.258284546427106, 35.798025902724412 ], [ -0.258284546427106, 35.797561271133148 ], [ -0.261985626264647, 35.797561271133148 ], [ -0.261985626264647, 35.798025902724412 ], [ -0.264206274167172, 35.798025902724412 ], [ -0.264206274167172, 35.798490531598425 ], [ -0.266426922069697, 35.798490531598425 ], [ -0.266426922069697, 35.799419781194644 ], [ -0.267167138037206, 35.799419781194644 ], [ -0.267167138037206, 35.800349019921647 ], [ -0.267907354004714, 35.800349019921647 ], [ -0.267907354004714, 35.801278247779365 ], [ -0.268647569972222, 35.801278247779365 ], [ -0.268647569972222, 35.80220746476764 ], [ -0.269387785939731, 35.80220746476764 ], [ -0.269387785939731, 35.802672069185711 ], [ -0.270868217874747, 35.802672069185711 ], [ -0.270868217874747, 35.803136670886389 ], [ -0.271608433842256, 35.803136670886389 ], [ -0.271608433842256, 35.803601269869652 ], [ -0.273088865777272, 35.803601269869652 ], [ -0.273088865777272, 35.804065866135467 ], [ -0.275309513679797, 35.804065866135467 ], [ -0.275309513679797, 35.803136670886389 ], [ -0.276049729647306, 35.803136670886389 ], [ -0.276049729647306, 35.80220746476764 ], [ -0.276789945614814, 35.80220746476764 ], [ -0.276789945614814, 35.801278247779365 ], [ -0.277530161582322, 35.801278247779365 ], [ -0.277530161582322, 35.800813635209181 ], [ -0.282711673354881, 35.800813635209181 ], [ -0.282711673354881, 35.801742857632192 ], [ -0.283451889322389, 35.801742857632192 ], [ -0.283451889322389, 35.802672069185711 ], [ -0.284192105289897, 35.802672069185711 ], [ -0.284192105289897, 35.803136670886389 ], [ -0.284932321257406, 35.803136670886389 ], [ -0.284932321257406, 35.804995050514783 ], [ -0.285672537224914, 35.804995050514783 ], [ -0.285672537224914, 35.811499036806339 ], [ -0.286412753192422, 35.811499036806339 ], [ -0.286412753192422, 35.81753797569678 ], [ -0.287152969159931, 35.81753797569678 ], [ -0.287152969159931, 35.821254017484272 ], [ -0.286412753192422, 35.821254017484272 ], [ -0.286412753192422, 35.822183000751579 ], [ -0.285672537224914, 35.822183000751579 ], [ -0.285672537224914, 35.822647488308213 ], [ -0.284932321257406, 35.822647488308213 ], [ -0.284932321257406, 35.82311197314683 ], [ -0.284192105289897, 35.82311197314683 ], [ -0.284192105289897, 35.8235764552674 ], [ -0.283451889322389, 35.8235764552674 ], [ -0.283451889322389, 35.824040934669902 ], [ -0.282711673354881, 35.824040934669902 ], [ -0.282711673354881, 35.824505411354338 ], [ -0.281971457387372, 35.824505411354338 ], [ -0.281971457387372, 35.824969885320684 ], [ -0.281231241419864, 35.824969885320684 ], [ -0.281231241419864, 35.82543435656892 ], [ -0.280491025452356, 35.82543435656892 ], [ -0.280491025452356, 35.825898825099053 ], [ -0.278270377549831, 35.825898825099053 ], [ -0.278270377549831, 35.82543435656892 ], [ -0.277530161582322, 35.82543435656892 ], [ -0.277530161582322, 35.824969885320684 ], [ -0.276789945614814, 35.824969885320684 ], [ -0.276789945614814, 35.824505411354338 ] ] ], [ [ [ 4.449489006925901, 35.886720696110231 ], [ 4.450229222893409, 35.886720696110231 ], [ 4.450229222893409, 35.886256583779549 ], [ 4.450969438860917, 35.886256583779549 ], [ 4.450969438860917, 35.884864230467407 ], [ 4.451709654828425, 35.884864230467407 ], [ 4.451709654828425, 35.883935981326061 ], [ 4.452449870795934, 35.883935981326061 ], [ 4.452449870795934, 35.882543587214421 ], [ 4.453190086763442, 35.882543587214421 ], [ 4.453190086763442, 35.879758725553984 ], [ 4.452449870795934, 35.879758725553984 ], [ 4.452449870795934, 35.877902096717058 ], [ 4.451709654828425, 35.877902096717058 ], [ 4.451709654828425, 35.876509596531797 ], [ 4.450969438860917, 35.876509596531797 ], [ 4.450969438860917, 35.876045424363902 ], [ 4.450229222893409, 35.876045424363902 ], [ 4.450229222893409, 35.875581249476319 ], [ 4.449489006925901, 35.875581249476319 ], [ 4.449489006925901, 35.875117071869035 ], [ 4.448748790958392, 35.875117071869035 ], [ 4.448748790958392, 35.874652891542084 ], [ 4.448008574990883, 35.874652891542084 ], [ 4.448008574990883, 35.874188708495474 ], [ 4.447268359023375, 35.874188708495474 ], [ 4.447268359023375, 35.873724522729191 ], [ 4.445787927088358, 35.873724522729191 ], [ 4.445787927088358, 35.873260334243312 ], [ 4.44504771112085, 35.873260334243312 ], [ 4.44504771112085, 35.872796143037782 ], [ 4.442827063218325, 35.872796143037782 ], [ 4.442827063218325, 35.873260334243312 ], [ 4.4406064153158, 35.873260334243312 ], [ 4.4406064153158, 35.873724522729191 ], [ 4.438385767413275, 35.873724522729191 ], [ 4.438385767413275, 35.875117071869035 ], [ 4.437645551445767, 35.875117071869035 ], [ 4.437645551445767, 35.877437932708382 ], [ 4.436905335478258, 35.877437932708382 ], [ 4.436905335478258, 35.880687023653572 ], [ 4.437645551445767, 35.880687023653572 ], [ 4.437645551445767, 35.882543587214421 ], [ 4.438385767413275, 35.882543587214421 ], [ 4.438385767413275, 35.883471852675449 ], [ 4.439125983380783, 35.883471852675449 ], [ 4.439125983380783, 35.883935981326061 ], [ 4.439866199348292, 35.883935981326061 ], [ 4.439866199348292, 35.884400107256724 ], [ 4.4406064153158, 35.884400107256724 ], [ 4.4406064153158, 35.884864230467407 ], [ 4.441346631283309, 35.884864230467407 ], [ 4.441346631283309, 35.885328350958126 ], [ 4.442086847250817, 35.885328350958126 ], [ 4.442086847250817, 35.885792468728852 ], [ 4.442827063218325, 35.885792468728852 ], [ 4.442827063218325, 35.886256583779549 ], [ 4.443567279185833, 35.886256583779549 ], [ 4.443567279185833, 35.887184805720871 ], [ 4.444307495153342, 35.887184805720871 ], [ 4.444307495153342, 35.887648912611461 ], [ 4.44504771112085, 35.887648912611461 ], [ 4.44504771112085, 35.888113016781979 ], [ 4.447268359023375, 35.888113016781979 ], [ 4.447268359023375, 35.887648912611461 ], [ 4.448748790958392, 35.887648912611461 ], [ 4.448748790958392, 35.887184805720871 ], [ 4.449489006925901, 35.887184805720871 ], [ 4.449489006925901, 35.886720696110231 ] ] ], [ [ [ 2.88985396338584, 36.610633967666281 ], [ 2.88985396338584, 36.61017413493235 ], [ 2.890594179353348, 36.61017413493235 ], [ 2.890594179353348, 36.606495374357721 ], [ 2.891334395320857, 36.606495374357721 ], [ 2.891334395320857, 36.605115793904091 ], [ 2.892814827255873, 36.605115793904091 ], [ 2.892814827255873, 36.605575656796958 ], [ 2.893555043223381, 36.605575656796958 ], [ 2.893555043223381, 36.606035516948175 ], [ 2.895035475158398, 36.606035516948175 ], [ 2.895035475158398, 36.605575656796958 ], [ 2.895775691125907, 36.605575656796958 ], [ 2.895775691125907, 36.605115793904091 ], [ 2.896515907093415, 36.605115793904091 ], [ 2.896515907093415, 36.604655928269572 ], [ 2.897256123060923, 36.604655928269572 ], [ 2.897256123060923, 36.604196059893432 ], [ 2.897996339028431, 36.604196059893432 ], [ 2.897996339028431, 36.603736188775677 ], [ 2.89873655499594, 36.603736188775677 ], [ 2.89873655499594, 36.603276314916315 ], [ 2.899476770963448, 36.603276314916315 ], [ 2.899476770963448, 36.602816438315351 ], [ 2.900216986930956, 36.602816438315351 ], [ 2.900216986930956, 36.602356558972815 ], [ 2.901697418865973, 36.602356558972815 ], [ 2.901697418865973, 36.601896676888721 ], [ 2.902437634833482, 36.601896676888721 ], [ 2.902437634833482, 36.600057121136963 ], [ 2.90317785080099, 36.600057121136963 ], [ 2.90317785080099, 36.598217521521264 ], [ 2.903918066768498, 36.598217521521264 ], [ 2.903918066768498, 36.597757614763687 ], [ 2.90317785080099, 36.597757614763687 ], [ 2.90317785080099, 36.596377878042439 ], [ 2.902437634833482, 36.596377878042439 ], [ 2.902437634833482, 36.595458039854627 ], [ 2.901697418865973, 36.595458039854627 ], [ 2.901697418865973, 36.594078262012708 ], [ 2.900957202898465, 36.594078262012708 ], [ 2.900957202898465, 36.593158396411461 ], [ 2.900216986930956, 36.593158396411461 ], [ 2.900216986930956, 36.592698459498877 ], [ 2.899476770963448, 36.592698459498877 ], [ 2.899476770963448, 36.593158396411461 ], [ 2.896515907093415, 36.593158396411461 ], [ 2.896515907093415, 36.593618330582743 ], [ 2.89429525919089, 36.593618330582743 ], [ 2.89429525919089, 36.594078262012708 ], [ 2.891334395320857, 36.594078262012708 ], [ 2.891334395320857, 36.594538190701364 ], [ 2.889113747418332, 36.594538190701364 ], [ 2.889113747418332, 36.596377878042439 ], [ 2.888373531450823, 36.596377878042439 ], [ 2.888373531450823, 36.598217521521264 ], [ 2.887633315483315, 36.598217521521264 ], [ 2.887633315483315, 36.596377878042439 ], [ 2.886893099515807, 36.596377878042439 ], [ 2.886893099515807, 36.594078262012708 ], [ 2.886152883548299, 36.594078262012708 ], [ 2.886152883548299, 36.592238519845012 ], [ 2.88541266758079, 36.592238519845012 ], [ 2.88541266758079, 36.591318632313481 ], [ 2.884672451613281, 36.591318632313481 ], [ 2.884672451613281, 36.590858684435844 ], [ 2.883932235645773, 36.590858684435844 ], [ 2.883932235645773, 36.590398733816969 ], [ 2.883192019678265, 36.590398733816969 ], [ 2.883192019678265, 36.58993878045689 ], [ 2.882451803710757, 36.58993878045689 ], [ 2.882451803710757, 36.589478824355602 ], [ 2.88097137177574, 36.589478824355602 ], [ 2.88097137177574, 36.589018865513104 ], [ 2.880231155808231, 36.589018865513104 ], [ 2.880231155808231, 36.588558903929453 ], [ 2.879490939840723, 36.588558903929453 ], [ 2.879490939840723, 36.588098939604613 ], [ 2.878010507905707, 36.588098939604613 ], [ 2.878010507905707, 36.588558903929453 ], [ 2.875049644035673, 36.588558903929453 ], [ 2.875049644035673, 36.589018865513104 ], [ 2.874309428068165, 36.589018865513104 ], [ 2.874309428068165, 36.589478824355602 ], [ 2.873569212100656, 36.589478824355602 ], [ 2.873569212100656, 36.58993878045689 ], [ 2.872828996133148, 36.58993878045689 ], [ 2.872828996133148, 36.590398733816969 ], [ 2.87208878016564, 36.590398733816969 ], [ 2.87208878016564, 36.590858684435844 ], [ 2.871348564198132, 36.590858684435844 ], [ 2.871348564198132, 36.591318632313481 ], [ 2.870608348230624, 36.591318632313481 ], [ 2.870608348230624, 36.591778577449873 ], [ 2.869868132263115, 36.591778577449873 ], [ 2.869868132263115, 36.592698459498877 ], [ 2.869127916295606, 36.592698459498877 ], [ 2.869127916295606, 36.594998116648675 ], [ 2.868387700328098, 36.594998116648675 ], [ 2.868387700328098, 36.597297705264687 ], [ 2.86764748436059, 36.597297705264687 ], [ 2.86764748436059, 36.600976904495894 ], [ 2.868387700328098, 36.600976904495894 ], [ 2.868387700328098, 36.602816438315351 ], [ 2.869127916295606, 36.602816438315351 ], [ 2.869127916295606, 36.604655928269572 ], [ 2.869868132263115, 36.604655928269572 ], [ 2.869868132263115, 36.605115793904091 ], [ 2.870608348230624, 36.605115793904091 ], [ 2.870608348230624, 36.605575656796958 ], [ 2.87208878016564, 36.605575656796958 ], [ 2.87208878016564, 36.606035516948175 ], [ 2.873569212100656, 36.606035516948175 ], [ 2.873569212100656, 36.606495374357721 ], [ 2.87653007597069, 36.606495374357721 ], [ 2.87653007597069, 36.606035516948175 ], [ 2.878010507905707, 36.606035516948175 ], [ 2.878010507905707, 36.605575656796958 ], [ 2.878750723873215, 36.605575656796958 ], [ 2.878750723873215, 36.605115793904091 ], [ 2.880231155808231, 36.605115793904091 ], [ 2.880231155808231, 36.604655928269572 ], [ 2.88097137177574, 36.604655928269572 ], [ 2.88097137177574, 36.605575656796958 ], [ 2.880231155808231, 36.605575656796958 ], [ 2.880231155808231, 36.607415080951746 ], [ 2.88097137177574, 36.607415080951746 ], [ 2.88097137177574, 36.608794620279923 ], [ 2.881711587743248, 36.608794620279923 ], [ 2.881711587743248, 36.61017413493235 ], [ 2.882451803710757, 36.61017413493235 ], [ 2.882451803710757, 36.610633967666281 ], [ 2.883192019678265, 36.610633967666281 ], [ 2.883192019678265, 36.611093797658391 ], [ 2.884672451613281, 36.611093797658391 ], [ 2.884672451613281, 36.611553624908673 ], [ 2.88541266758079, 36.611553624908673 ], [ 2.88541266758079, 36.612013449417155 ], [ 2.886893099515807, 36.612013449417155 ], [ 2.886893099515807, 36.611553624908673 ], [ 2.887633315483315, 36.611553624908673 ], [ 2.887633315483315, 36.611093797658391 ], [ 2.889113747418332, 36.611093797658391 ], [ 2.889113747418332, 36.610633967666281 ], [ 2.88985396338584, 36.610633967666281 ] ], [ [ 2.887633315483315, 36.598677425537396 ], [ 2.888373531450823, 36.598677425537396 ], [ 2.888373531450823, 36.600976904495894 ], [ 2.889113747418332, 36.600976904495894 ], [ 2.889113747418332, 36.601896676888721 ], [ 2.888373531450823, 36.601896676888721 ], [ 2.888373531450823, 36.601436792063076 ], [ 2.886152883548299, 36.601436792063076 ], [ 2.886152883548299, 36.600517014187183 ], [ 2.886893099515807, 36.600517014187183 ], [ 2.886893099515807, 36.598217521521264 ], [ 2.887633315483315, 36.598217521521264 ], [ 2.887633315483315, 36.598677425537396 ] ] ], [ [ [ 3.128203504923524, 36.687387561947112 ], [ 3.128203504923524, 36.68692818727758 ], [ 3.128943720891032, 36.68692818727758 ], [ 3.128943720891032, 36.68600942970653 ], [ 3.12968393685854, 36.68600942970653 ], [ 3.12968393685854, 36.685090661159613 ], [ 3.130424152826048, 36.685090661159613 ], [ 3.130424152826048, 36.684171881636921 ], [ 3.131164368793557, 36.684171881636921 ], [ 3.131164368793557, 36.683253091138575 ], [ 3.131904584761065, 36.683253091138575 ], [ 3.131904584761065, 36.682334289664659 ], [ 3.132644800728573, 36.682334289664659 ], [ 3.132644800728573, 36.681415477215303 ], [ 3.133385016696082, 36.681415477215303 ], [ 3.133385016696082, 36.680956066874856 ], [ 3.13412523266359, 36.680956066874856 ], [ 3.13412523266359, 36.678199547212365 ], [ 3.133385016696082, 36.678199547212365 ], [ 3.133385016696082, 36.67452403401316 ], [ 3.132644800728573, 36.67452403401316 ], [ 3.132644800728573, 36.674064582516735 ], [ 3.131164368793557, 36.674064582516735 ], [ 3.131164368793557, 36.673605128276698 ], [ 3.130424152826048, 36.673605128276698 ], [ 3.130424152826048, 36.673145671293035 ], [ 3.128943720891032, 36.673145671293035 ], [ 3.128943720891032, 36.672686211565782 ], [ 3.128203504923524, 36.672686211565782 ], [ 3.128203504923524, 36.672226749094932 ], [ 3.126723072988507, 36.672226749094932 ], [ 3.126723072988507, 36.671767283880513 ], [ 3.120061129280932, 36.671767283880513 ], [ 3.120061129280932, 36.672226749094932 ], [ 3.119320913313424, 36.672226749094932 ], [ 3.119320913313424, 36.672686211565782 ], [ 3.118580697345915, 36.672686211565782 ], [ 3.118580697345915, 36.673145671293035 ], [ 3.117840481378407, 36.673145671293035 ], [ 3.117840481378407, 36.673605128276698 ], [ 3.117100265410898, 36.673605128276698 ], [ 3.117100265410898, 36.674064582516735 ], [ 3.11636004944339, 36.674064582516735 ], [ 3.11636004944339, 36.674983482765938 ], [ 3.115619833475882, 36.674983482765938 ], [ 3.115619833475882, 36.675442928775055 ], [ 3.114879617508374, 36.675442928775055 ], [ 3.114879617508374, 36.675902372040525 ], [ 3.114139401540865, 36.675902372040525 ], [ 3.114139401540865, 36.676361812562291 ], [ 3.113399185573357, 36.676361812562291 ], [ 3.113399185573357, 36.676821250340389 ], [ 3.112658969605848, 36.676821250340389 ], [ 3.112658969605848, 36.677280685374775 ], [ 3.11191875363834, 36.677280685374775 ], [ 3.11191875363834, 36.677740117665422 ], [ 3.111178537670832, 36.677740117665422 ], [ 3.111178537670832, 36.679577819390644 ], [ 3.110438321703324, 36.679577819390644 ], [ 3.110438321703324, 36.681415477215303 ], [ 3.109698105735816, 36.681415477215303 ], [ 3.109698105735816, 36.682334289664659 ], [ 3.110438321703324, 36.682334289664659 ], [ 3.110438321703324, 36.684171881636921 ], [ 3.111178537670832, 36.684171881636921 ], [ 3.111178537670832, 36.685550046805048 ], [ 3.11191875363834, 36.685550046805048 ], [ 3.11191875363834, 36.68600942970653 ], [ 3.112658969605848, 36.68600942970653 ], [ 3.112658969605848, 36.686468809864046 ], [ 3.113399185573357, 36.686468809864046 ], [ 3.113399185573357, 36.68692818727758 ], [ 3.114139401540865, 36.68692818727758 ], [ 3.114139401540865, 36.687387561947112 ], [ 3.114879617508374, 36.687387561947112 ], [ 3.114879617508374, 36.687846933872635 ], [ 3.115619833475882, 36.687846933872635 ], [ 3.115619833475882, 36.688306303054155 ], [ 3.11636004944339, 36.688306303054155 ], [ 3.11636004944339, 36.688765669491623 ], [ 3.117840481378407, 36.688765669491623 ], [ 3.117840481378407, 36.689225033185046 ], [ 3.118580697345915, 36.689225033185046 ], [ 3.118580697345915, 36.689684394134424 ], [ 3.119320913313424, 36.689684394134424 ], [ 3.119320913313424, 36.689225033185046 ], [ 3.126723072988507, 36.689225033185046 ], [ 3.126723072988507, 36.688306303054155 ], [ 3.127463288956015, 36.688306303054155 ], [ 3.127463288956015, 36.687387561947112 ], [ 3.128203504923524, 36.687387561947112 ] ] ], [ [ [ -1.900083562360591, 36.973501747137441 ], [ -1.900083562360591, 36.973044087250884 ], [ -1.899343346393083, 36.973044087250884 ], [ -1.899343346393083, 36.971671091079031 ], [ -1.898603130425575, 36.971671091079031 ], [ -1.898603130425575, 36.970298070139158 ], [ -1.897862914458066, 36.970298070139158 ], [ -1.897862914458066, 36.96572115479708 ], [ -1.898603130425575, 36.96572115479708 ], [ -1.898603130425575, 36.963432593931294 ], [ -1.899343346393083, 36.963432593931294 ], [ -1.899343346393083, 36.962517150322469 ], [ -1.900083562360591, 36.962517150322469 ], [ -1.900083562360591, 36.961601695706641 ], [ -1.900823778328099, 36.961601695706641 ], [ -1.900823778328099, 36.96068623008393 ], [ -1.901563994295608, 36.96068623008393 ], [ -1.901563994295608, 36.959313011012128 ], [ -1.902304210263116, 36.959313011012128 ], [ -1.902304210263116, 36.958855265818187 ], [ -1.903784642198133, 36.958855265818187 ], [ -1.903784642198133, 36.959313011012128 ], [ -1.906005290100658, 36.959313011012128 ], [ -1.906005290100658, 36.959770753454407 ], [ -1.908225938003183, 36.959770753454407 ], [ -1.908225938003183, 36.960228493144996 ], [ -1.9097063699382, 36.960228493144996 ], [ -1.9097063699382, 36.96068623008393 ], [ -1.910446585905708, 36.96068623008393 ], [ -1.910446585905708, 36.961601695706641 ], [ -1.911186801873216, 36.961601695706641 ], [ -1.911186801873216, 36.962974873502759 ], [ -1.911927017840724, 36.962974873502759 ], [ -1.911927017840724, 36.963890311608054 ], [ -1.912667233808233, 36.963890311608054 ], [ -1.912667233808233, 36.96480573870619 ], [ -1.913407449775741, 36.96480573870619 ], [ -1.913407449775741, 36.96572115479708 ], [ -1.912667233808233, 36.96572115479708 ], [ -1.912667233808233, 36.968467337025196 ], [ -1.911927017840724, 36.968467337025196 ], [ -1.911927017840724, 36.970298070139158 ], [ -1.911186801873216, 36.970298070139158 ], [ -1.911186801873216, 36.970755746537762 ], [ -1.910446585905708, 36.970755746537762 ], [ -1.910446585905708, 36.971213420184398 ], [ -1.9097063699382, 36.971213420184398 ], [ -1.9097063699382, 36.971671091079031 ], [ -1.908966153970691, 36.971671091079031 ], [ -1.908966153970691, 36.972128759221675 ], [ -1.908225938003183, 36.972128759221675 ], [ -1.908225938003183, 36.972586424612288 ], [ -1.906745506068166, 36.972586424612288 ], [ -1.906745506068166, 36.973044087250884 ], [ -1.906005290100658, 36.973044087250884 ], [ -1.906005290100658, 36.973501747137441 ], [ -1.90526507413315, 36.973501747137441 ], [ -1.90526507413315, 36.97395940427193 ], [ -1.904524858165641, 36.97395940427193 ], [ -1.904524858165641, 36.974417058654367 ], [ -1.902304210263116, 36.974417058654367 ], [ -1.902304210263116, 36.97395940427193 ], [ -1.901563994295608, 36.97395940427193 ], [ -1.901563994295608, 36.973501747137441 ], [ -1.900083562360591, 36.973501747137441 ] ] ], [ [ [ -1.098429669549065, 39.775247808932953 ], [ -1.098429669549065, 39.77480753720014 ], [ -1.097689453581557, 39.77480753720014 ], [ -1.097689453581557, 39.774367262651104 ], [ -1.096949237614048, 39.774367262651104 ], [ -1.096949237614048, 39.773926985285861 ], [ -1.09620902164654, 39.773926985285861 ], [ -1.09620902164654, 39.773486705104411 ], [ -1.095468805679032, 39.773486705104411 ], [ -1.095468805679032, 39.77260613629295 ], [ -1.094728589711524, 39.77260613629295 ], [ -1.094728589711524, 39.771725556216765 ], [ -1.093988373744015, 39.771725556216765 ], [ -1.093988373744015, 39.770844964875927 ], [ -1.093248157776507, 39.770844964875927 ], [ -1.093248157776507, 39.765120846589092 ], [ -1.092507941808998, 39.765120846589092 ], [ -1.092507941808998, 39.764240170765419 ], [ -1.09176772584149, 39.764240170765419 ], [ -1.09176772584149, 39.763359483677647 ], [ -1.091027509873982, 39.763359483677647 ], [ -1.091027509873982, 39.762478785325833 ], [ -1.090287293906473, 39.762478785325833 ], [ -1.090287293906473, 39.76159807571004 ], [ -1.089547077938965, 39.76159807571004 ], [ -1.089547077938965, 39.760717354830334 ], [ -1.088806861971457, 39.760717354830334 ], [ -1.088806861971457, 39.757634743048953 ], [ -1.088066646003949, 39.757634743048953 ], [ -1.088066646003949, 39.757194358673637 ], [ -1.086586214068932, 39.757194358673637 ], [ -1.086586214068932, 39.756753971482425 ], [ -1.085845998101423, 39.756753971482425 ], [ -1.085845998101423, 39.756313581475318 ], [ -1.085105782133915, 39.756313581475318 ], [ -1.085105782133915, 39.755873188652338 ], [ -1.084365566166407, 39.755873188652338 ], [ -1.084365566166407, 39.755432793013476 ], [ -1.08288513423139, 39.755432793013476 ], [ -1.08288513423139, 39.754992394558748 ], [ -1.082144918263882, 39.754992394558748 ], [ -1.082144918263882, 39.75455199328816 ], [ -1.081404702296374, 39.75455199328816 ], [ -1.081404702296374, 39.754111589201727 ], [ -1.080664486328865, 39.754111589201727 ], [ -1.080664486328865, 39.753671182299449 ], [ -1.079924270361357, 39.753671182299449 ], [ -1.079924270361357, 39.75455199328816 ], [ -1.079184054393848, 39.75455199328816 ], [ -1.079184054393848, 39.754992394558748 ], [ -1.07844383842634, 39.754992394558748 ], [ -1.07844383842634, 39.755873188652338 ], [ -1.076963406491323, 39.755873188652338 ], [ -1.076963406491323, 39.756313581475318 ], [ -1.07400254262129, 39.756313581475318 ], [ -1.07400254262129, 39.757194358673637 ], [ -1.074742758588798, 39.757194358673637 ], [ -1.074742758588798, 39.759836622686777 ], [ -1.079924270361357, 39.759836622686777 ], [ -1.079924270361357, 39.76115771667817 ], [ -1.080664486328865, 39.76115771667817 ], [ -1.080664486328865, 39.762038431925937 ], [ -1.081404702296374, 39.762038431925937 ], [ -1.081404702296374, 39.763359483677647 ], [ -1.082144918263882, 39.763359483677647 ], [ -1.082144918263882, 39.764240170765419 ], [ -1.08288513423139, 39.764240170765419 ], [ -1.08288513423139, 39.765561180276862 ], [ -1.082144918263882, 39.765561180276862 ], [ -1.082144918263882, 39.767322486867371 ], [ -1.081404702296374, 39.767322486867371 ], [ -1.081404702296374, 39.768643437241423 ], [ -1.080664486328865, 39.768643437241423 ], [ -1.080664486328865, 39.769083748400568 ], [ -1.079924270361357, 39.769083748400568 ], [ -1.079924270361357, 39.769524056743599 ], [ -1.07844383842634, 39.769524056743599 ], [ -1.07844383842634, 39.769964362270507 ], [ -1.077703622458832, 39.769964362270507 ], [ -1.077703622458832, 39.770404664981292 ], [ -1.076223190523815, 39.770404664981292 ], [ -1.076223190523815, 39.769964362270507 ], [ -1.075482974556307, 39.769964362270507 ], [ -1.075482974556307, 39.769524056743599 ], [ -1.074742758588798, 39.769524056743599 ], [ -1.074742758588798, 39.769964362270507 ], [ -1.07400254262129, 39.769964362270507 ], [ -1.07400254262129, 39.771285261954425 ], [ -1.073262326653782, 39.771285261954425 ], [ -1.073262326653782, 39.77216584766294 ], [ -1.072522110686273, 39.77216584766294 ], [ -1.072522110686273, 39.77260613629295 ], [ -1.071781894718765, 39.77260613629295 ], [ -1.071781894718765, 39.773046422106766 ], [ -1.070301462783748, 39.773046422106766 ], [ -1.070301462783748, 39.773486705104411 ], [ -1.067340598913715, 39.773486705104411 ], [ -1.067340598913715, 39.773046422106766 ], [ -1.06511995101119, 39.773046422106766 ], [ -1.06511995101119, 39.77216584766294 ], [ -1.064379735043682, 39.77216584766294 ], [ -1.064379735043682, 39.771285261954425 ], [ -1.063639519076173, 39.771285261954425 ], [ -1.063639519076173, 39.770844964875927 ], [ -1.062899303108665, 39.770844964875927 ], [ -1.062899303108665, 39.765120846589092 ], [ -1.063639519076173, 39.765120846589092 ], [ -1.063639519076173, 39.764240170765419 ], [ -1.064379735043682, 39.764240170765419 ], [ -1.064379735043682, 39.763359483677647 ], [ -1.06511995101119, 39.763359483677647 ], [ -1.06511995101119, 39.762478785325833 ], [ -1.065860166978698, 39.762478785325833 ], [ -1.065860166978698, 39.76159807571004 ], [ -1.06511995101119, 39.76159807571004 ], [ -1.06511995101119, 39.760717354830334 ], [ -1.064379735043682, 39.760717354830334 ], [ -1.064379735043682, 39.75939625239107 ], [ -1.063639519076173, 39.75939625239107 ], [ -1.063639519076173, 39.758075124608361 ], [ -1.062899303108665, 39.758075124608361 ], [ -1.062899303108665, 39.757194358673637 ], [ -1.062159087141157, 39.757194358673637 ], [ -1.062159087141157, 39.755873188652338 ], [ -1.061418871173648, 39.755873188652338 ], [ -1.061418871173648, 39.754992394558748 ], [ -1.06067865520614, 39.754992394558748 ], [ -1.06067865520614, 39.753671182299449 ], [ -1.059938439238632, 39.753671182299449 ], [ -1.059938439238632, 39.752349944697649 ], [ -1.059198223271123, 39.752349944697649 ], [ -1.059198223271123, 39.751469105550697 ], [ -1.058458007303615, 39.751469105550697 ], [ -1.058458007303615, 39.750147825711863 ], [ -1.057717791336107, 39.750147825711863 ], [ -1.057717791336107, 39.742219614505842 ], [ -1.058458007303615, 39.742219614505842 ], [ -1.058458007303615, 39.741779131578852 ], [ -1.059198223271123, 39.741779131578852 ], [ -1.059198223271123, 39.740898157278025 ], [ -1.059938439238632, 39.740898157278025 ], [ -1.059938439238632, 39.740017171714804 ], [ -1.063639519076173, 39.740017171714804 ], [ -1.063639519076173, 39.740457665904216 ], [ -1.068821030848732, 39.740457665904216 ], [ -1.068821030848732, 39.740898157278025 ], [ -1.06956124681624, 39.740898157278025 ], [ -1.06956124681624, 39.741779131578852 ], [ -1.070301462783748, 39.741779131578852 ], [ -1.070301462783748, 39.742660094617207 ], [ -1.071041678751257, 39.742660094617207 ], [ -1.071041678751257, 39.74354104639302 ], [ -1.071781894718765, 39.74354104639302 ], [ -1.071781894718765, 39.743981518057453 ], [ -1.072522110686273, 39.743981518057453 ], [ -1.072522110686273, 39.744862452939351 ], [ -1.073262326653782, 39.744862452939351 ], [ -1.073262326653782, 39.745743376558551 ], [ -1.07400254262129, 39.745743376558551 ], [ -1.07400254262129, 39.746183834144617 ], [ -1.076963406491323, 39.746183834144617 ], [ -1.076963406491323, 39.745743376558551 ], [ -1.077703622458832, 39.745743376558551 ], [ -1.077703622458832, 39.745302916156788 ], [ -1.07844383842634, 39.745302916156788 ], [ -1.07844383842634, 39.744421986906232 ], [ -1.079184054393848, 39.744421986906232 ], [ -1.079184054393848, 39.743981518057453 ], [ -1.079924270361357, 39.743981518057453 ], [ -1.079924270361357, 39.74354104639302 ], [ -1.080664486328865, 39.74354104639302 ], [ -1.080664486328865, 39.743100571912933 ], [ -1.081404702296374, 39.743100571912933 ], [ -1.081404702296374, 39.742660094617207 ], [ -1.08288513423139, 39.742660094617207 ], [ -1.08288513423139, 39.743100571912933 ], [ -1.083625350198899, 39.743100571912933 ], [ -1.083625350198899, 39.74354104639302 ], [ -1.084365566166407, 39.74354104639302 ], [ -1.084365566166407, 39.743981518057453 ], [ -1.085105782133915, 39.743981518057453 ], [ -1.085105782133915, 39.744421986906232 ], [ -1.085845998101423, 39.744421986906232 ], [ -1.085845998101423, 39.745302916156788 ], [ -1.086586214068932, 39.745302916156788 ], [ -1.086586214068932, 39.745743376558551 ], [ -1.08732643003644, 39.745743376558551 ], [ -1.08732643003644, 39.746183834144617 ], [ -1.088806861971457, 39.746183834144617 ], [ -1.088806861971457, 39.745743376558551 ], [ -1.089547077938965, 39.745743376558551 ], [ -1.089547077938965, 39.745302916156788 ], [ -1.091027509873982, 39.745302916156788 ], [ -1.091027509873982, 39.744862452939351 ], [ -1.092507941808998, 39.744862452939351 ], [ -1.092507941808998, 39.745302916156788 ], [ -1.094728589711524, 39.745302916156788 ], [ -1.094728589711524, 39.745743376558551 ], [ -1.096949237614048, 39.745743376558551 ], [ -1.096949237614048, 39.746183834144617 ], [ -1.099169885516573, 39.746183834144617 ], [ -1.099169885516573, 39.746624288914987 ], [ -1.101390533419099, 39.746624288914987 ], [ -1.101390533419099, 39.747064740869646 ], [ -1.103611181321623, 39.747064740869646 ], [ -1.103611181321623, 39.747945636331835 ], [ -1.104351397289132, 39.747945636331835 ], [ -1.104351397289132, 39.74882652053109 ], [ -1.10509161325664, 39.74882652053109 ], [ -1.10509161325664, 39.750147825711863 ], [ -1.105831829224148, 39.750147825711863 ], [ -1.105831829224148, 39.751469105550697 ], [ -1.106572045191657, 39.751469105550697 ], [ -1.106572045191657, 39.752790360047392 ], [ -1.107312261159165, 39.752790360047392 ], [ -1.107312261159165, 39.75323077258134 ], [ -1.108052477126673, 39.75323077258134 ], [ -1.108052477126673, 39.753671182299449 ], [ -1.108792693094182, 39.753671182299449 ], [ -1.108792693094182, 39.754111589201727 ], [ -1.10953290906169, 39.754111589201727 ], [ -1.10953290906169, 39.75455199328816 ], [ -1.110273125029198, 39.75455199328816 ], [ -1.110273125029198, 39.754992394558748 ], [ -1.111013340996707, 39.754992394558748 ], [ -1.111013340996707, 39.755873188652338 ], [ -1.111753556964215, 39.755873188652338 ], [ -1.111753556964215, 39.76159807571004 ], [ -1.112493772931723, 39.76159807571004 ], [ -1.112493772931723, 39.762919135909748 ], [ -1.113233988899232, 39.762919135909748 ], [ -1.113233988899232, 39.767322486867371 ], [ -1.112493772931723, 39.767322486867371 ], [ -1.112493772931723, 39.769964362270507 ], [ -1.111753556964215, 39.769964362270507 ], [ -1.111753556964215, 39.770844964875927 ], [ -1.111013340996707, 39.770844964875927 ], [ -1.111013340996707, 39.771725556216765 ], [ -1.110273125029198, 39.771725556216765 ], [ -1.110273125029198, 39.77216584766294 ], [ -1.10953290906169, 39.77216584766294 ], [ -1.10953290906169, 39.773046422106766 ], [ -1.108792693094182, 39.773046422106766 ], [ -1.108792693094182, 39.773486705104411 ], [ -1.107312261159165, 39.773486705104411 ], [ -1.107312261159165, 39.773926985285861 ], [ -1.105831829224148, 39.773926985285861 ], [ -1.105831829224148, 39.774367262651104 ], [ -1.10509161325664, 39.774367262651104 ], [ -1.10509161325664, 39.77480753720014 ], [ -1.103611181321623, 39.77480753720014 ], [ -1.103611181321623, 39.775247808932953 ], [ -1.102870965354115, 39.775247808932953 ], [ -1.102870965354115, 39.775688077849544 ], [ -1.101390533419099, 39.775688077849544 ], [ -1.101390533419099, 39.7761283439499 ], [ -1.10065031745159, 39.7761283439499 ], [ -1.10065031745159, 39.775688077849544 ], [ -1.099169885516573, 39.775688077849544 ], [ -1.099169885516573, 39.775247808932953 ], [ -1.098429669549065, 39.775247808932953 ] ], [ [ -1.07400254262129, 39.759836622686777 ], [ -1.07400254262129, 39.760276990166531 ], [ -1.074742758588798, 39.760276990166531 ], [ -1.074742758588798, 39.759836622686777 ], [ -1.07400254262129, 39.759836622686777 ] ], [ [ -1.073262326653782, 39.76115771667817 ], [ -1.07400254262129, 39.76115771667817 ], [ -1.07400254262129, 39.760717354830334 ], [ -1.073262326653782, 39.760717354830334 ], [ -1.073262326653782, 39.76115771667817 ] ], [ [ -1.072522110686273, 39.762038431925937 ], [ -1.073262326653782, 39.762038431925937 ], [ -1.073262326653782, 39.76159807571004 ], [ -1.072522110686273, 39.76159807571004 ], [ -1.072522110686273, 39.762038431925937 ] ] ], [ [ [ 1.236211491972221, 41.189486456332077 ], [ 1.236951707939729, 41.189486456332077 ], [ 1.236951707939729, 41.189055364078449 ], [ 1.237691923907238, 41.189055364078449 ], [ 1.237691923907238, 41.185606523866817 ], [ 1.242133219712288, 41.185606523866817 ], [ 1.242133219712288, 41.185175406067621 ], [ 1.242873435679796, 41.185175406067621 ], [ 1.242873435679796, 41.18474428543005 ], [ 1.243613651647304, 41.18474428543005 ], [ 1.243613651647304, 41.18388203563984 ], [ 1.244353867614813, 41.18388203563984 ], [ 1.244353867614813, 41.183019774496231 ], [ 1.245094083582321, 41.183019774496231 ], [ 1.245094083582321, 41.178277135266292 ], [ 1.244353867614813, 41.178277135266292 ], [ 1.244353867614813, 41.177845969215618 ], [ 1.243613651647304, 41.177845969215618 ], [ 1.243613651647304, 41.176983628599459 ], [ 1.242873435679796, 41.176983628599459 ], [ 1.242873435679796, 41.176552454033988 ], [ 1.242133219712288, 41.176552454033988 ], [ 1.242133219712288, 41.171378137866199 ], [ 1.24139300374478, 41.171378137866199 ], [ 1.24139300374478, 41.170946926403879 ], [ 1.240652787777271, 41.170946926403879 ], [ 1.240652787777271, 41.170084494964705 ], [ 1.239912571809763, 41.170084494964705 ], [ 1.239912571809763, 41.16922205217287 ], [ 1.239172355842254, 41.16922205217287 ], [ 1.239172355842254, 41.168790826519711 ], [ 1.233990844069696, 41.168790826519711 ], [ 1.233990844069696, 41.169653274987866 ], [ 1.233250628102188, 41.169653274987866 ], [ 1.233250628102188, 41.170515712103381 ], [ 1.232510412134679, 41.170515712103381 ], [ 1.232510412134679, 41.170946926403879 ], [ 1.231770196167171, 41.170946926403879 ], [ 1.231770196167171, 41.171809346490335 ], [ 1.231029980199663, 41.171809346490335 ], [ 1.231029980199663, 41.171378137866199 ], [ 1.229549548264646, 41.171378137866199 ], [ 1.229549548264646, 41.170946926403879 ], [ 1.22806911632963, 41.170946926403879 ], [ 1.22806911632963, 41.171378137866199 ], [ 1.227328900362121, 41.171378137866199 ], [ 1.227328900362121, 41.171809346490335 ], [ 1.225848468427105, 41.171809346490335 ], [ 1.225848468427105, 41.172240552276278 ], [ 1.225108252459596, 41.172240552276278 ], [ 1.225108252459596, 41.17267175522403 ], [ 1.223627820524579, 41.17267175522403 ], [ 1.223627820524579, 41.173102955333569 ], [ 1.222887604557071, 41.173102955333569 ], [ 1.222887604557071, 41.173534152604915 ], [ 1.222147388589563, 41.173534152604915 ], [ 1.222147388589563, 41.173965347038035 ], [ 1.220666956654546, 41.173965347038035 ], [ 1.220666956654546, 41.174396538632941 ], [ 1.219926740687038, 41.174396538632941 ], [ 1.219926740687038, 41.174827727389626 ], [ 1.218446308752021, 41.174827727389626 ], [ 1.218446308752021, 41.175258913308078 ], [ 1.217706092784513, 41.175258913308078 ], [ 1.217706092784513, 41.175690096388287 ], [ 1.216225660849496, 41.175690096388287 ], [ 1.216225660849496, 41.176121276630262 ], [ 1.215485444881988, 41.176121276630262 ], [ 1.215485444881988, 41.179570616388638 ], [ 1.214745228914479, 41.179570616388638 ], [ 1.214745228914479, 41.182588639666911 ], [ 1.215485444881988, 41.182588639666911 ], [ 1.215485444881988, 41.183019774496231 ], [ 1.216225660849496, 41.183019774496231 ], [ 1.216225660849496, 41.18388203563984 ], [ 1.216965876817005, 41.18388203563984 ], [ 1.216965876817005, 41.18474428543005 ], [ 1.217706092784513, 41.18474428543005 ], [ 1.217706092784513, 41.185175406067621 ], [ 1.221407172622054, 41.185175406067621 ], [ 1.221407172622054, 41.185606523866817 ], [ 1.224368036492088, 41.185606523866817 ], [ 1.224368036492088, 41.186037638827635 ], [ 1.225108252459596, 41.186037638827635 ], [ 1.225108252459596, 41.186899860234142 ], [ 1.225848468427105, 41.186899860234142 ], [ 1.225848468427105, 41.187762070287071 ], [ 1.226588684394613, 41.187762070287071 ], [ 1.226588684394613, 41.188624268986402 ], [ 1.227328900362121, 41.188624268986402 ], [ 1.227328900362121, 41.189486456332077 ], [ 1.22806911632963, 41.189486456332077 ], [ 1.22806911632963, 41.190348632324053 ], [ 1.228809332297138, 41.190348632324053 ], [ 1.228809332297138, 41.191210796962274 ], [ 1.229549548264646, 41.191210796962274 ], [ 1.229549548264646, 41.191641875023713 ], [ 1.234731060037205, 41.191641875023713 ], [ 1.234731060037205, 41.191210796962274 ], [ 1.235471276004713, 41.191210796962274 ], [ 1.235471276004713, 41.190348632324053 ], [ 1.236211491972221, 41.190348632324053 ], [ 1.236211491972221, 41.189486456332077 ] ] ], [ [ [ 2.002335018343347, 41.412840187750334 ], [ 2.002335018343347, 41.412410569391874 ], [ 2.003815450278363, 41.412410569391874 ], [ 2.003815450278363, 41.411551324151091 ], [ 2.004555666245873, 41.411551324151091 ], [ 2.004555666245873, 41.410692067545178 ], [ 2.005295882213381, 41.410692067545178 ], [ 2.005295882213381, 41.410262434980304 ], [ 2.006036098180889, 41.410262434980304 ], [ 2.006036098180889, 41.405106622584476 ], [ 2.005295882213381, 41.405106622584476 ], [ 2.005295882213381, 41.402958246667872 ], [ 2.004555666245873, 41.402958246667872 ], [ 2.004555666245873, 41.402528562961002 ], [ 2.003815450278363, 41.402528562961002 ], [ 2.003815450278363, 41.402098876412957 ], [ 2.003075234310855, 41.402098876412957 ], [ 2.003075234310855, 41.401239494793387 ], [ 2.002335018343347, 41.401239494793387 ], [ 2.002335018343347, 41.400809799721856 ], [ 2.001594802375839, 41.400809799721856 ], [ 2.001594802375839, 41.399950401055364 ], [ 2.000854586408331, 41.399950401055364 ], [ 2.000854586408331, 41.399520697460403 ], [ 2.000114370440822, 41.399520697460403 ], [ 2.000114370440822, 41.399090991024323 ], [ 1.994932858668264, 41.399090991024323 ], [ 1.994932858668264, 41.399950401055364 ], [ 1.994192642700756, 41.399950401055364 ], [ 1.994192642700756, 41.400809799721856 ], [ 1.993452426733247, 41.400809799721856 ], [ 1.993452426733247, 41.401669187023749 ], [ 1.992712210765739, 41.401669187023749 ], [ 1.992712210765739, 41.402958246667872 ], [ 1.99197199479823, 41.402958246667872 ], [ 1.99197199479823, 41.403817605558082 ], [ 1.991231778830722, 41.403817605558082 ], [ 1.991231778830722, 41.405965953062726 ], [ 1.990491562863214, 41.405965953062726 ], [ 1.990491562863214, 41.408114229537027 ], [ 1.989751346895706, 41.408114229537027 ], [ 1.989751346895706, 41.408973520238099 ], [ 1.990491562863214, 41.408973520238099 ], [ 1.990491562863214, 41.409832799574154 ], [ 1.991231778830722, 41.409832799574154 ], [ 1.991231778830722, 41.411121697268769 ], [ 1.99197199479823, 41.411121697268769 ], [ 1.99197199479823, 41.411980948192124 ], [ 1.992712210765739, 41.411980948192124 ], [ 1.992712210765739, 41.413269803267482 ], [ 1.993452426733247, 41.413269803267482 ], [ 1.993452426733247, 41.413699415943334 ], [ 1.994932858668264, 41.413699415943334 ], [ 1.994932858668264, 41.413269803267482 ], [ 1.998633938505805, 41.413269803267482 ], [ 1.998633938505805, 41.412840187750334 ], [ 2.002335018343347, 41.412840187750334 ] ] ], [ [ [ -1.485562620555924, 41.4806841953082 ], [ -1.485562620555924, 41.480255025941226 ], [ -1.484822404588416, 41.480255025941226 ], [ -1.484822404588416, 41.47982585373213 ], [ -1.484082188620908, 41.47982585373213 ], [ -1.484082188620908, 41.479396678680899 ], [ -1.483341972653399, 41.479396678680899 ], [ -1.483341972653399, 41.478967500787547 ], [ -1.48260175668589, 41.478967500787547 ], [ -1.48260175668589, 41.478538320052081 ], [ -1.481861540718382, 41.478538320052081 ], [ -1.481861540718382, 41.476821568689118 ], [ -1.481121324750874, 41.476821568689118 ], [ -1.481121324750874, 41.475104771852692 ], [ -1.480381108783366, 41.475104771852692 ], [ -1.480381108783366, 41.47295871186062 ], [ -1.481121324750874, 41.47295871186062 ], [ -1.481121324750874, 41.471671041760793 ], [ -1.481861540718382, 41.471671041760793 ], [ -1.481861540718382, 41.47081258081743 ], [ -1.48260175668589, 41.47081258081743 ], [ -1.48260175668589, 41.469524868087262 ], [ -1.483341972653399, 41.469524868087262 ], [ -1.483341972653399, 41.468666378723803 ], [ -1.488523484425957, 41.468666378723803 ], [ -1.488523484425957, 41.468237129779084 ], [ -1.489263700393465, 41.468237129779084 ], [ -1.489263700393465, 41.468666378723803 ], [ -1.490744132328482, 41.468666378723803 ], [ -1.490744132328482, 41.469095624826537 ], [ -1.491484348295991, 41.469095624826537 ], [ -1.491484348295991, 41.469524868087262 ], [ -1.492224564263499, 41.469524868087262 ], [ -1.492224564263499, 41.469954108505995 ], [ -1.493704996198516, 41.469954108505995 ], [ -1.493704996198516, 41.471241812710133 ], [ -1.494445212166024, 41.471241812710133 ], [ -1.494445212166024, 41.472529491336047 ], [ -1.495185428133532, 41.472529491336047 ], [ -1.495185428133532, 41.474246356382039 ], [ -1.495925644101041, 41.474246356382039 ], [ -1.495925644101041, 41.475533975324922 ], [ -1.495185428133532, 41.475533975324922 ], [ -1.495185428133532, 41.477250760793012 ], [ -1.494445212166024, 41.477250760793012 ], [ -1.494445212166024, 41.478538320052081 ], [ -1.493704996198516, 41.478538320052081 ], [ -1.493704996198516, 41.478967500787547 ], [ -1.492964780231007, 41.478967500787547 ], [ -1.492964780231007, 41.479396678680899 ], [ -1.492224564263499, 41.479396678680899 ], [ -1.492224564263499, 41.47982585373213 ], [ -1.491484348295991, 41.47982585373213 ], [ -1.491484348295991, 41.480255025941226 ], [ -1.490744132328482, 41.480255025941226 ], [ -1.490744132328482, 41.4806841953082 ], [ -1.490003916360974, 41.4806841953082 ], [ -1.490003916360974, 41.481113361833017 ], [ -1.488523484425957, 41.481113361833017 ], [ -1.488523484425957, 41.4815425255157 ], [ -1.487783268458449, 41.4815425255157 ], [ -1.487783268458449, 41.481113361833017 ], [ -1.487043052490941, 41.481113361833017 ], [ -1.487043052490941, 41.4806841953082 ], [ -1.485562620555924, 41.4806841953082 ] ] ], [ [ [ 0.185104818110386, 41.932726025795461 ], [ 0.185845034077895, 41.932726025795461 ], [ 0.185845034077895, 41.932299863371739 ], [ 0.186585250045403, 41.932299863371739 ], [ 0.186585250045403, 41.931021359016711 ], [ 0.187325466012912, 41.931021359016711 ], [ 0.187325466012912, 41.929742829035931 ], [ 0.18806568198042, 41.929742829035931 ], [ 0.18806568198042, 41.928464273429555 ], [ 0.188805897947928, 41.928464273429555 ], [ 0.188805897947928, 41.92761188878891 ], [ 0.189546113915437, 41.92761188878891 ], [ 0.189546113915437, 41.926333290473444 ], [ 0.190286329882945, 41.926333290473444 ], [ 0.190286329882945, 41.925480877360194 ], [ 0.189546113915437, 41.925480877360194 ], [ 0.189546113915437, 41.924202236335979 ], [ 0.188805897947928, 41.924202236335979 ], [ 0.188805897947928, 41.922923569686702 ], [ 0.18806568198042, 41.922923569686702 ], [ 0.18806568198042, 41.921644877412461 ], [ 0.187325466012912, 41.921644877412461 ], [ 0.187325466012912, 41.920366159513392 ], [ 0.186585250045403, 41.920366159513392 ], [ 0.186585250045403, 41.919087415989608 ], [ 0.185845034077895, 41.919087415989608 ], [ 0.185845034077895, 41.918661162453994 ], [ 0.185104818110386, 41.918661162453994 ], [ 0.185104818110386, 41.918234906071213 ], [ 0.184364602142878, 41.918234906071213 ], [ 0.184364602142878, 41.917808646841237 ], [ 0.182884170207862, 41.917808646841237 ], [ 0.182884170207862, 41.917382384764132 ], [ 0.182143954240353, 41.917382384764132 ], [ 0.182143954240353, 41.916956119839853 ], [ 0.181403738272845, 41.916956119839853 ], [ 0.181403738272845, 41.916529852068429 ], [ 0.179923306337828, 41.916529852068429 ], [ 0.179923306337828, 41.916956119839853 ], [ 0.17918309037032, 41.916956119839853 ], [ 0.17918309037032, 41.917382384764132 ], [ 0.177702658435303, 41.917382384764132 ], [ 0.177702658435303, 41.917808646841237 ], [ 0.176962442467795, 41.917808646841237 ], [ 0.176962442467795, 41.918234906071213 ], [ 0.175482010532778, 41.918234906071213 ], [ 0.175482010532778, 41.918661162453994 ], [ 0.17474179456527, 41.918661162453994 ], [ 0.17474179456527, 41.919087415989608 ], [ 0.174001578597761, 41.919087415989608 ], [ 0.174001578597761, 41.920366159513392 ], [ 0.173261362630253, 41.920366159513392 ], [ 0.173261362630253, 41.921644877412461 ], [ 0.172521146662745, 41.921644877412461 ], [ 0.172521146662745, 41.922497341775838 ], [ 0.171780930695237, 41.922497341775838 ], [ 0.171780930695237, 41.925907085340441 ], [ 0.172521146662745, 41.925907085340441 ], [ 0.172521146662745, 41.928464273429555 ], [ 0.173261362630253, 41.928464273429555 ], [ 0.173261362630253, 41.931021359016711 ], [ 0.174001578597761, 41.931021359016711 ], [ 0.174001578597761, 41.931873698100702 ], [ 0.17474179456527, 41.931873698100702 ], [ 0.17474179456527, 41.932299863371739 ], [ 0.176222226500287, 41.932299863371739 ], [ 0.176222226500287, 41.932726025795461 ], [ 0.177702658435303, 41.932726025795461 ], [ 0.177702658435303, 41.933152185371853 ], [ 0.17918309037032, 41.933152185371853 ], [ 0.17918309037032, 41.933578342100922 ], [ 0.180663522305336, 41.933578342100922 ], [ 0.180663522305336, 41.934004495982656 ], [ 0.182884170207862, 41.934004495982656 ], [ 0.182884170207862, 41.933578342100922 ], [ 0.18362438617537, 41.933578342100922 ], [ 0.18362438617537, 41.933152185371853 ], [ 0.185104818110386, 41.933152185371853 ], [ 0.185104818110386, 41.932726025795461 ] ] ], [ [ [ 1.93423514933258, 42.65055390773297 ], [ 1.93423514933258, 42.650132574670351 ], [ 1.934975365300089, 42.650132574670351 ], [ 1.934975365300089, 42.649711238753653 ], [ 1.935715581267597, 42.649711238753653 ], [ 1.935715581267597, 42.649289899982847 ], [ 1.937196013202613, 42.649289899982847 ], [ 1.937196013202613, 42.648868558357975 ], [ 1.937936229170122, 42.648868558357975 ], [ 1.937936229170122, 42.64844721387901 ], [ 1.93867644513763, 42.64844721387901 ], [ 1.93867644513763, 42.648025866545971 ], [ 1.939416661105139, 42.648025866545971 ], [ 1.939416661105139, 42.647604516358861 ], [ 1.940156877072647, 42.647604516358861 ], [ 1.940156877072647, 42.646761807422415 ], [ 1.940897093040155, 42.646761807422415 ], [ 1.940897093040155, 42.64465498513524 ], [ 1.941637309007664, 42.64465498513524 ], [ 1.941637309007664, 42.642969475932624 ], [ 1.940897093040155, 42.642969475932624 ], [ 1.940897093040155, 42.641283921065487 ], [ 1.940156877072647, 42.641283921065487 ], [ 1.940156877072647, 42.638755503144239 ], [ 1.940897093040155, 42.638755503144239 ], [ 1.940897093040155, 42.63706983411673 ], [ 1.941637309007664, 42.63706983411673 ], [ 1.941637309007664, 42.63538411942546 ], [ 1.940897093040155, 42.63538411942546 ], [ 1.940897093040155, 42.63369835907065 ], [ 1.940156877072647, 42.63369835907065 ], [ 1.940156877072647, 42.632434008837983 ], [ 1.93867644513763, 42.632434008837983 ], [ 1.93867644513763, 42.632012553052519 ], [ 1.936455797235106, 42.632012553052519 ], [ 1.936455797235106, 42.631591094413118 ], [ 1.934975365300089, 42.631591094413118 ], [ 1.934975365300089, 42.631169632919786 ], [ 1.933494933365072, 42.631169632919786 ], [ 1.933494933365072, 42.631591094413118 ], [ 1.932754717397564, 42.631591094413118 ], [ 1.932754717397564, 42.632434008837983 ], [ 1.932014501430055, 42.632434008837983 ], [ 1.932014501430055, 42.633276911847048 ], [ 1.931274285462547, 42.633276911847048 ], [ 1.931274285462547, 42.634119803440299 ], [ 1.930534069495039, 42.634119803440299 ], [ 1.930534069495039, 42.634962683617694 ], [ 1.92979385352753, 42.634962683617694 ], [ 1.92979385352753, 42.63538411942546 ], [ 1.929053637560022, 42.63538411942546 ], [ 1.929053637560022, 42.63369835907065 ], [ 1.928313421592514, 42.63369835907065 ], [ 1.928313421592514, 42.633276911847048 ], [ 1.927573205625005, 42.633276911847048 ], [ 1.927573205625005, 42.632855461769488 ], [ 1.926092773689988, 42.632855461769488 ], [ 1.926092773689988, 42.632434008837983 ], [ 1.925352557722481, 42.632434008837983 ], [ 1.925352557722481, 42.632012553052519 ], [ 1.923131909819956, 42.632012553052519 ], [ 1.923131909819956, 42.632434008837983 ], [ 1.922391693852447, 42.632434008837983 ], [ 1.922391693852447, 42.632855461769488 ], [ 1.921651477884939, 42.632855461769488 ], [ 1.921651477884939, 42.633276911847048 ], [ 1.920171045949922, 42.633276911847048 ], [ 1.920171045949922, 42.635805552379239 ], [ 1.919430829982414, 42.635805552379239 ], [ 1.919430829982414, 42.639598320534027 ], [ 1.918690614014905, 42.639598320534027 ], [ 1.918690614014905, 42.640019724947905 ], [ 1.917950398047397, 42.640019724947905 ], [ 1.917950398047397, 42.640862525213642 ], [ 1.917210182079889, 42.640862525213642 ], [ 1.917210182079889, 42.641705314063309 ], [ 1.91646996611238, 42.641705314063309 ], [ 1.91646996611238, 42.642548091496884 ], [ 1.915729750144872, 42.642548091496884 ], [ 1.915729750144872, 42.646761807422415 ], [ 1.91646996611238, 42.646761807422415 ], [ 1.91646996611238, 42.648025866545971 ], [ 1.917210182079889, 42.648025866545971 ], [ 1.917210182079889, 42.649289899982847 ], [ 1.917950398047397, 42.649289899982847 ], [ 1.917950398047397, 42.650132574670351 ], [ 1.919430829982414, 42.650132574670351 ], [ 1.919430829982414, 42.65055390773297 ], [ 1.920171045949922, 42.65055390773297 ], [ 1.920171045949922, 42.650975237941488 ], [ 1.92091126191743, 42.650975237941488 ], [ 1.92091126191743, 42.651396565295904 ], [ 1.932014501430055, 42.651396565295904 ], [ 1.932014501430055, 42.650975237941488 ], [ 1.933494933365072, 42.650975237941488 ], [ 1.933494933365072, 42.65055390773297 ], [ 1.93423514933258, 42.65055390773297 ] ] ] ] } }
]
}
