{
"type": "FeatureCollection",
"name": "spain_fires_nrt_ba",
"crs": { "type": "name", "properties": { "name": "urn:ogc:def:crs:OGC:1.3:CRS84" } },
"features": [
{ "type": "Feature", "properties": { }, "geometry": { "type": "MultiPolygon", "coordinates": [ [ [ [ -4.783224755805555, 37.990826639884958 ], [ -4.782484539838046, 37.990826639884958 ], [ -4.782484539838046, 37.990375169318419 ], [ -4.78100410790303, 37.990375169318419 ], [ -4.78100410790303, 37.989923695973445 ], [ -4.780263891935521, 37.989923695973445 ], [ -4.780263891935521, 37.989472219850065 ], [ -4.779523675968012, 37.989472219850065 ], [ -4.779523675968012, 37.989020740948291 ], [ -4.778783460000504, 37.989020740948291 ], [ -4.778783460000504, 37.988569259268118 ], [ -4.778043244032996, 37.988569259268118 ], [ -4.778043244032996, 37.988117774809574 ], [ -4.777303028065488, 37.988117774809574 ], [ -4.777303028065488, 37.987666287572658 ], [ -4.776562812097978, 37.987666287572658 ], [ -4.776562812097978, 37.987214797557378 ], [ -4.775822596130471, 37.987214797557378 ], [ -4.775822596130471, 37.987666287572658 ], [ -4.772861732260438, 37.987666287572658 ], [ -4.772861732260438, 37.988117774809574 ], [ -4.772121516292929, 37.988117774809574 ], [ -4.772121516292929, 37.987666287572658 ], [ -4.771381300325421, 37.987666287572658 ], [ -4.771381300325421, 37.987214797557378 ], [ -4.770641084357912, 37.987214797557378 ], [ -4.770641084357912, 37.986311809191811 ], [ -4.769900868390403, 37.986311809191811 ], [ -4.769900868390403, 37.98315126239563 ], [ -4.769160652422896, 37.98315126239563 ], [ -4.769160652422896, 37.98269974459739 ], [ -4.768420436455387, 37.98269974459739 ], [ -4.768420436455387, 37.9822482240209 ], [ -4.767680220487879, 37.9822482240209 ], [ -4.767680220487879, 37.981796700666187 ], [ -4.766940004520372, 37.981796700666187 ], [ -4.766940004520372, 37.98134517453326 ], [ -4.766199788552862, 37.98134517453326 ], [ -4.766199788552862, 37.980893645622132 ], [ -4.765459572585354, 37.980893645622132 ], [ -4.765459572585354, 37.98044211393281 ], [ -4.764719356617847, 37.98044211393281 ], [ -4.764719356617847, 37.976829760404577 ], [ -4.765459572585354, 37.976829760404577 ], [ -4.765459572585354, 37.976378203712009 ], [ -4.766199788552862, 37.976378203712009 ], [ -4.766199788552862, 37.975475081992627 ], [ -4.766940004520372, 37.975475081992627 ], [ -4.766940004520372, 37.975023516965834 ], [ -4.767680220487879, 37.975023516965834 ], [ -4.767680220487879, 37.974571949161003 ], [ -4.768420436455387, 37.974571949161003 ], [ -4.768420436455387, 37.973668805217208 ], [ -4.769160652422896, 37.973668805217208 ], [ -4.769160652422896, 37.97321722907828 ], [ -4.769900868390403, 37.97321722907828 ], [ -4.769900868390403, 37.973668805217208 ], [ -4.775082380162963, 37.973668805217208 ], [ -4.775082380162963, 37.97321722907828 ], [ -4.775822596130471, 37.97321722907828 ], [ -4.775822596130471, 37.97276565016135 ], [ -4.776562812097978, 37.97276565016135 ], [ -4.776562812097978, 37.971862483993498 ], [ -4.777303028065488, 37.971862483993498 ], [ -4.777303028065488, 37.971410896742611 ], [ -4.778043244032996, 37.971410896742611 ], [ -4.778043244032996, 37.970959306713759 ], [ -4.780263891935521, 37.970959306713759 ], [ -4.780263891935521, 37.970507713906962 ], [ -4.782484539838046, 37.970507713906962 ], [ -4.782484539838046, 37.970056118322212 ], [ -4.78470518774057, 37.970056118322212 ], [ -4.78470518774057, 37.969604519959532 ], [ -4.786185619675588, 37.969604519959532 ], [ -4.786185619675588, 37.970056118322212 ], [ -4.786925835643095, 37.970056118322212 ], [ -4.786925835643095, 37.970959306713759 ], [ -4.787666051610604, 37.970959306713759 ], [ -4.787666051610604, 37.975475081992627 ], [ -4.786925835643095, 37.975475081992627 ], [ -4.786925835643095, 37.976378203712009 ], [ -4.786185619675588, 37.976378203712009 ], [ -4.786185619675588, 37.976829760404577 ], [ -4.78470518774057, 37.976829760404577 ], [ -4.78470518774057, 37.97728131431905 ], [ -4.782484539838046, 37.97728131431905 ], [ -4.782484539838046, 37.979990579465301 ], [ -4.783224755805555, 37.979990579465301 ], [ -4.783224755805555, 37.98044211393281 ], [ -4.788406267578112, 37.98044211393281 ], [ -4.788406267578112, 37.980893645622132 ], [ -4.789146483545621, 37.980893645622132 ], [ -4.789146483545621, 37.981796700666187 ], [ -4.78988669951313, 37.981796700666187 ], [ -4.78988669951313, 37.9822482240209 ], [ -4.790626915480637, 37.9822482240209 ], [ -4.790626915480637, 37.985860310841524 ], [ -4.791367131448146, 37.985860310841524 ], [ -4.791367131448146, 37.989020740948291 ], [ -4.790626915480637, 37.989020740948291 ], [ -4.790626915480637, 37.990375169318419 ], [ -4.78988669951313, 37.990375169318419 ], [ -4.78988669951313, 37.991278107673061 ], [ -4.789146483545621, 37.991278107673061 ], [ -4.789146483545621, 37.992181034913934 ], [ -4.786925835643095, 37.992181034913934 ], [ -4.786925835643095, 37.991729572682729 ], [ -4.783964971773062, 37.991729572682729 ], [ -4.783964971773062, 37.991278107673061 ], [ -4.783224755805555, 37.991278107673061 ], [ -4.783224755805555, 37.990826639884958 ] ] ], [ [ [ -7.262208030990966, 38.642083271914217 ], [ -7.26072759905595, 38.642083271914217 ], [ -7.26072759905595, 38.64163583838522 ], [ -7.259987383088441, 38.64163583838522 ], [ -7.259987383088441, 38.641188402062745 ], [ -7.259247167120933, 38.641188402062745 ], [ -7.259247167120933, 38.640740962946808 ], [ -7.258506951153424, 38.640740962946808 ], [ -7.258506951153424, 38.640293521037407 ], [ -7.257026519218409, 38.640293521037407 ], [ -7.257026519218409, 38.639846076334578 ], [ -7.2562863032509, 38.639846076334578 ], [ -7.2562863032509, 38.639398628838293 ], [ -7.255546087283391, 38.639398628838293 ], [ -7.255546087283391, 38.638951178548595 ], [ -7.254805871315884, 38.638951178548595 ], [ -7.254805871315884, 38.638503725465476 ], [ -7.253325439380866, 38.638503725465476 ], [ -7.253325439380866, 38.638056269588944 ], [ -7.252585223413358, 38.638056269588944 ], [ -7.252585223413358, 38.637608810919041 ], [ -7.25184500744585, 38.637608810919041 ], [ -7.25184500744585, 38.637161349455724 ], [ -7.25110479147834, 38.637161349455724 ], [ -7.25110479147834, 38.635371475668855 ], [ -7.250364575510833, 38.635371475668855 ], [ -7.250364575510833, 38.63313407058525 ], [ -7.249624359543326, 38.63313407058525 ], [ -7.249624359543326, 38.629554077201064 ], [ -7.250364575510833, 38.629554077201064 ], [ -7.250364575510833, 38.628659050922742 ], [ -7.25110479147834, 38.628659050922742 ], [ -7.25110479147834, 38.627316490556346 ], [ -7.25184500744585, 38.627316490556346 ], [ -7.25184500744585, 38.626868964847894 ], [ -7.263688462925984, 38.626868964847894 ], [ -7.263688462925984, 38.627764013471655 ], [ -7.264428678893493, 38.627764013471655 ], [ -7.264428678893493, 38.628211533593785 ], [ -7.265168894861, 38.628211533593785 ], [ -7.265168894861, 38.628659050922742 ], [ -7.265909110828508, 38.628659050922742 ], [ -7.265909110828508, 38.6291065654585 ], [ -7.266649326796015, 38.6291065654585 ], [ -7.266649326796015, 38.630001586150428 ], [ -7.267389542763524, 38.630001586150428 ], [ -7.267389542763524, 38.634924000238762 ], [ -7.268129758731034, 38.634924000238762 ], [ -7.268129758731034, 38.639398628838293 ], [ -7.267389542763524, 38.639398628838293 ], [ -7.267389542763524, 38.640740962946808 ], [ -7.266649326796015, 38.640740962946808 ], [ -7.266649326796015, 38.642530702649744 ], [ -7.265168894861, 38.642530702649744 ], [ -7.265168894861, 38.642978130591764 ], [ -7.264428678893493, 38.642978130591764 ], [ -7.264428678893493, 38.643425555740279 ], [ -7.263688462925984, 38.643425555740279 ], [ -7.263688462925984, 38.642978130591764 ], [ -7.262948246958475, 38.642978130591764 ], [ -7.262948246958475, 38.642530702649744 ], [ -7.262208030990966, 38.642530702649744 ], [ -7.262208030990966, 38.642083271914217 ] ] ], [ [ [ -4.250269259199554, 40.324693231641845 ], [ -4.251009475167062, 40.324693231641845 ], [ -4.251009475167062, 40.322946266793195 ], [ -4.253230123069587, 40.322946266793195 ], [ -4.253230123069587, 40.32250951851691 ], [ -4.254710555004603, 40.32250951851691 ], [ -4.254710555004603, 40.322072767414994 ], [ -4.25619098693962, 40.322072767414994 ], [ -4.25619098693962, 40.321636013487449 ], [ -4.257671418874637, 40.321636013487449 ], [ -4.257671418874637, 40.321199256734289 ], [ -4.259151850809653, 40.321199256734289 ], [ -4.259151850809653, 40.320762497155513 ], [ -4.260632282744671, 40.320762497155513 ], [ -4.260632282744671, 40.320325734751137 ], [ -4.262112714679686, 40.320325734751137 ], [ -4.262112714679686, 40.318141880345401 ], [ -4.261372498712178, 40.318141880345401 ], [ -4.261372498712178, 40.317268318804118 ], [ -4.260632282744671, 40.317268318804118 ], [ -4.260632282744671, 40.316394745960643 ], [ -4.259892066777161, 40.316394745960643 ], [ -4.259892066777161, 40.315084365503942 ], [ -4.259151850809653, 40.315084365503942 ], [ -4.259151850809653, 40.314210764405232 ], [ -4.258411634842145, 40.314210764405232 ], [ -4.258411634842145, 40.310279419599652 ], [ -4.259151850809653, 40.310279419599652 ], [ -4.259151850809653, 40.309405756340674 ], [ -4.259892066777161, 40.309405756340674 ], [ -4.259892066777161, 40.308532081780008 ], [ -4.260632282744671, 40.308532081780008 ], [ -4.260632282744671, 40.308095240261558 ], [ -4.26507357854972, 40.308095240261558 ], [ -4.270995306289787, 40.308095240261558 ], [ -4.270995306289787, 40.307658395917713 ], [ -4.278397465964869, 40.307658395917713 ], [ -4.278397465964869, 40.307221548748473 ], [ -4.279137681932379, 40.307221548748473 ], [ -4.279137681932379, 40.305910990288488 ], [ -4.279877897899886, 40.305910990288488 ], [ -4.279877897899886, 40.305037270521666 ], [ -4.280618113867395, 40.305037270521666 ], [ -4.280618113867395, 40.304163539453441 ], [ -4.281358329834903, 40.304163539453441 ], [ -4.281358329834903, 40.303289797083877 ], [ -4.282098545802412, 40.303289797083877 ], [ -4.282098545802412, 40.302416043413039 ], [ -4.290240921445004, 40.302416043413039 ], [ -4.290240921445004, 40.301979162339656 ], [ -4.290981137412512, 40.301979162339656 ], [ -4.290981137412512, 40.301542278440969 ], [ -4.292461569347529, 40.301542278440969 ], [ -4.292461569347529, 40.301105391716987 ], [ -4.293201785315037, 40.301105391716987 ], [ -4.293201785315037, 40.300668502167724 ], [ -4.293942001282545, 40.300668502167724 ], [ -4.293942001282545, 40.30023160979318 ], [ -4.294682217250053, 40.30023160979318 ], [ -4.294682217250053, 40.299794714593375 ], [ -4.295422433217562, 40.299794714593375 ], [ -4.295422433217562, 40.298920915717964 ], [ -4.29616264918507, 40.298920915717964 ], [ -4.29616264918507, 40.298047105541556 ], [ -4.296902865152578, 40.298047105541556 ], [ -4.296902865152578, 40.297173284064201 ], [ -4.299863729022612, 40.297173284064201 ], [ -4.299863729022612, 40.297610196215494 ], [ -4.301344160957629, 40.297610196215494 ], [ -4.301344160957629, 40.298047105541556 ], [ -4.302824592892645, 40.298047105541556 ], [ -4.302824592892645, 40.297610196215494 ], [ -4.303564808860154, 40.297610196215494 ], [ -4.303564808860154, 40.297173284064201 ], [ -4.304305024827662, 40.297173284064201 ], [ -4.304305024827662, 40.296299451285975 ], [ -4.30504524079517, 40.296299451285975 ], [ -4.30504524079517, 40.295862530659043 ], [ -4.305785456762678, 40.295862530659043 ], [ -4.305785456762678, 40.294988680929592 ], [ -4.311707184502746, 40.294988680929592 ], [ -4.311707184502746, 40.294551751827093 ], [ -4.313187616437761, 40.294551751827093 ], [ -4.313187616437761, 40.292804007165358 ], [ -4.31392783240527, 40.292804007165358 ], [ -4.31392783240527, 40.291493169004966 ], [ -4.315408264340286, 40.291493169004966 ], [ -4.315408264340286, 40.291056217301232 ], [ -4.316888696275304, 40.291056217301232 ], [ -4.316888696275304, 40.290619262772367 ], [ -4.319109344177829, 40.290619262772367 ], [ -4.319109344177829, 40.290182305418405 ], [ -4.319849560145337, 40.290182305418405 ], [ -4.319849560145337, 40.288434447751548 ], [ -4.320589776112845, 40.288434447751548 ], [ -4.320589776112845, 40.28668654488343 ], [ -4.321329992080353, 40.28668654488343 ], [ -4.321329992080353, 40.284938596814541 ], [ -4.322070208047862, 40.284938596814541 ], [ -4.322070208047862, 40.284501602734736 ], [ -4.32281042401537, 40.284501602734736 ], [ -4.32281042401537, 40.284064605829919 ], [ -4.323550639982878, 40.284064605829919 ], [ -4.323550639982878, 40.283627606100119 ], [ -4.324290855950387, 40.283627606100119 ], [ -4.324290855950387, 40.284064605829919 ], [ -4.325031071917895, 40.284064605829919 ], [ -4.325031071917895, 40.284501602734736 ], [ -4.326511503852912, 40.284501602734736 ], [ -4.326511503852912, 40.284938596814541 ], [ -4.327251719820421, 40.284938596814541 ], [ -4.327251719820421, 40.2853755880693 ], [ -4.327991935787929, 40.2853755880693 ], [ -4.327991935787929, 40.285812576499055 ], [ -4.328732151755437, 40.285812576499055 ], [ -4.328732151755437, 40.286249562103755 ], [ -4.330212583690454, 40.286249562103755 ], [ -4.330212583690454, 40.28668654488343 ], [ -4.330952799657962, 40.28668654488343 ], [ -4.330952799657962, 40.287123524838051 ], [ -4.33169301562547, 40.287123524838051 ], [ -4.33169301562547, 40.287560501967619 ], [ -4.332433231592979, 40.287560501967619 ], [ -4.332433231592979, 40.287997476272118 ], [ -4.333173447560486, 40.287997476272118 ], [ -4.333173447560486, 40.28887141640589 ], [ -4.333913663527995, 40.28887141640589 ], [ -4.333913663527995, 40.289745345239332 ], [ -4.334653879495503, 40.289745345239332 ], [ -4.334653879495503, 40.290619262772367 ], [ -4.335394095463012, 40.290619262772367 ], [ -4.335394095463012, 40.296299451285975 ], [ -4.336134311430521, 40.296299451285975 ], [ -4.336134311430521, 40.297173284064201 ], [ -4.336874527398028, 40.297173284064201 ], [ -4.336874527398028, 40.298047105541556 ], [ -4.337614743365537, 40.298047105541556 ], [ -4.337614743365537, 40.29848401204238 ], [ -4.338354959333045, 40.29848401204238 ], [ -4.338354959333045, 40.299357816568296 ], [ -4.339095175300553, 40.299357816568296 ], [ -4.339095175300553, 40.30023160979318 ], [ -4.339835391268061, 40.30023160979318 ], [ -4.339835391268061, 40.301105391716987 ], [ -4.34057560723557, 40.301105391716987 ], [ -4.34057560723557, 40.301979162339656 ], [ -4.341315823203078, 40.301979162339656 ], [ -4.341315823203078, 40.302852921661113 ], [ -4.342056039170586, 40.302852921661113 ], [ -4.342056039170586, 40.303289797083877 ], [ -4.342796255138095, 40.303289797083877 ], [ -4.342796255138095, 40.304163539453441 ], [ -4.343536471105604, 40.304163539453441 ], [ -4.343536471105604, 40.306784698753852 ], [ -4.342796255138095, 40.306784698753852 ], [ -4.342796255138095, 40.309842589382875 ], [ -4.342056039170586, 40.309842589382875 ], [ -4.342056039170586, 40.311589893297345 ], [ -4.342796255138095, 40.311589893297345 ], [ -4.342796255138095, 40.316394745960643 ], [ -4.342056039170586, 40.316394745960643 ], [ -4.342056039170586, 40.317705100987546 ], [ -4.341315823203078, 40.317705100987546 ], [ -4.341315823203078, 40.319015430584436 ], [ -4.34057560723557, 40.319015430584436 ], [ -4.34057560723557, 40.321199256734289 ], [ -4.342056039170586, 40.321199256734289 ], [ -4.342056039170586, 40.321636013487449 ], [ -4.344276687073112, 40.321636013487449 ], [ -4.344276687073112, 40.322072767414994 ], [ -4.345757119008129, 40.322072767414994 ], [ -4.345757119008129, 40.32250951851691 ], [ -4.347977766910653, 40.32250951851691 ], [ -4.347977766910653, 40.322946266793195 ], [ -4.350198414813178, 40.322946266793195 ], [ -4.350198414813178, 40.323383012243838 ], [ -4.351678846748196, 40.323383012243838 ], [ -4.351678846748196, 40.323819754868829 ], [ -4.353159278683212, 40.323819754868829 ], [ -4.353159278683212, 40.323383012243838 ], [ -4.353899494650721, 40.323383012243838 ], [ -4.353899494650721, 40.322946266793195 ], [ -4.354639710618229, 40.322946266793195 ], [ -4.354639710618229, 40.32250951851691 ], [ -4.355379926585737, 40.32250951851691 ], [ -4.355379926585737, 40.321636013487449 ], [ -4.356120142553245, 40.321636013487449 ], [ -4.356120142553245, 40.321199256734289 ], [ -4.356860358520753, 40.321199256734289 ], [ -4.356860358520753, 40.320325734751137 ], [ -4.357600574488262, 40.320325734751137 ], [ -4.357600574488262, 40.319888969521159 ], [ -4.359821222390787, 40.319888969521159 ], [ -4.359821222390787, 40.31945220146558 ], [ -4.360561438358295, 40.31945220146558 ], [ -4.360561438358295, 40.319015430584436 ], [ -4.361301654325804, 40.319015430584436 ], [ -4.361301654325804, 40.318141880345401 ], [ -4.362041870293312, 40.318141880345401 ], [ -4.362041870293312, 40.317268318804118 ], [ -4.36278208626082, 40.317268318804118 ], [ -4.36278208626082, 40.316394745960643 ], [ -4.363522302228329, 40.316394745960643 ], [ -4.363522302228329, 40.315957955300604 ], [ -4.365002734163346, 40.315957955300604 ], [ -4.365002734163346, 40.315521161815035 ], [ -4.36722338206587, 40.315521161815035 ], [ -4.36722338206587, 40.315084365503942 ], [ -4.368703814000887, 40.315084365503942 ], [ -4.368703814000887, 40.314647566367341 ], [ -4.370184245935904, 40.314647566367341 ], [ -4.370184245935904, 40.315084365503942 ], [ -4.37166467787092, 40.315084365503942 ], [ -4.37166467787092, 40.315521161815035 ], [ -4.373145109805937, 40.315521161815035 ], [ -4.373145109805937, 40.315957955300604 ], [ -4.374625541740953, 40.315957955300604 ], [ -4.374625541740953, 40.316394745960643 ], [ -4.375365757708462, 40.316394745960643 ], [ -4.375365757708462, 40.316831533795167 ], [ -4.376846189643478, 40.316831533795167 ], [ -4.376846189643478, 40.317268318804118 ], [ -4.378326621578496, 40.317268318804118 ], [ -4.378326621578496, 40.318141880345401 ], [ -4.379066837546004, 40.318141880345401 ], [ -4.379066837546004, 40.319888969521159 ], [ -4.379807053513512, 40.319888969521159 ], [ -4.379807053513512, 40.320762497155513 ], [ -4.379066837546004, 40.320762497155513 ], [ -4.379066837546004, 40.322072767414994 ], [ -4.378326621578496, 40.322072767414994 ], [ -4.378326621578496, 40.323383012243838 ], [ -4.377586405610987, 40.323383012243838 ], [ -4.377586405610987, 40.324693231641845 ], [ -4.376846189643478, 40.324693231641845 ], [ -4.376846189643478, 40.325566697112187 ], [ -4.377586405610987, 40.325566697112187 ], [ -4.377586405610987, 40.326003425608825 ], [ -4.378326621578496, 40.326003425608825 ], [ -4.378326621578496, 40.32644015127979 ], [ -4.379066837546004, 40.32644015127979 ], [ -4.379066837546004, 40.326876874125034 ], [ -4.379807053513512, 40.326876874125034 ], [ -4.379807053513512, 40.327313594144591 ], [ -4.380547269481021, 40.327313594144591 ], [ -4.380547269481021, 40.327750311338427 ], [ -4.381287485448529, 40.327750311338427 ], [ -4.381287485448529, 40.328187025706555 ], [ -4.382027701416037, 40.328187025706555 ], [ -4.382027701416037, 40.328623737248954 ], [ -4.382767917383545, 40.328623737248954 ], [ -4.382767917383545, 40.329060445965617 ], [ -4.384248349318561, 40.329060445965617 ], [ -4.384248349318561, 40.328623737248954 ], [ -4.38498856528607, 40.328623737248954 ], [ -4.38498856528607, 40.328187025706555 ], [ -4.385728781253579, 40.328187025706555 ], [ -4.385728781253579, 40.327750311338427 ], [ -4.386468997221087, 40.327750311338427 ], [ -4.386468997221087, 40.327313594144591 ], [ -4.387209213188596, 40.327313594144591 ], [ -4.387209213188596, 40.326876874125034 ], [ -4.387949429156103, 40.326876874125034 ], [ -4.387949429156103, 40.32644015127979 ], [ -4.388689645123613, 40.32644015127979 ], [ -4.388689645123613, 40.326876874125034 ], [ -4.38942986109112, 40.326876874125034 ], [ -4.38942986109112, 40.327313594144591 ], [ -4.390170077058628, 40.327313594144591 ], [ -4.390170077058628, 40.327750311338427 ], [ -4.390910293026137, 40.327750311338427 ], [ -4.390910293026137, 40.328187025706555 ], [ -4.392390724961154, 40.328187025706555 ], [ -4.392390724961154, 40.327750311338427 ], [ -4.393130940928661, 40.327750311338427 ], [ -4.393130940928661, 40.32644015127979 ], [ -4.39387115689617, 40.32644015127979 ], [ -4.39387115689617, 40.324693231641845 ], [ -4.394611372863678, 40.324693231641845 ], [ -4.394611372863678, 40.324256494668163 ], [ -4.396091804798695, 40.324256494668163 ], [ -4.396091804798695, 40.323819754868829 ], [ -4.396832020766204, 40.323819754868829 ], [ -4.396832020766204, 40.324256494668163 ], [ -4.39831245270122, 40.324256494668163 ], [ -4.39831245270122, 40.324693231641845 ], [ -4.399052668668729, 40.324693231641845 ], [ -4.399052668668729, 40.326003425608825 ], [ -4.399792884636237, 40.326003425608825 ], [ -4.399792884636237, 40.328187025706555 ], [ -4.400533100603745, 40.328187025706555 ], [ -4.400533100603745, 40.328623737248954 ], [ -4.40275374850627, 40.328623737248954 ], [ -4.40275374850627, 40.329060445965617 ], [ -4.405714612376304, 40.329060445965617 ], [ -4.405714612376304, 40.329497151856543 ], [ -4.406454828343811, 40.329497151856543 ], [ -4.406454828343811, 40.32993385492172 ], [ -4.407195044311321, 40.32993385492172 ], [ -4.407195044311321, 40.330370555161139 ], [ -4.407935260278829, 40.330370555161139 ], [ -4.407935260278829, 40.331243947162697 ], [ -4.408675476246337, 40.331243947162697 ], [ -4.408675476246337, 40.335174071292975 ], [ -4.407935260278829, 40.335174071292975 ], [ -4.407935260278829, 40.336047401126777 ], [ -4.407195044311321, 40.336047401126777 ], [ -4.407195044311321, 40.336484061804882 ], [ -4.406454828343811, 40.336484061804882 ], [ -4.406454828343811, 40.337357374683528 ], [ -4.405714612376304, 40.337357374683528 ], [ -4.405714612376304, 40.337794026884048 ], [ -4.404974396408796, 40.337794026884048 ], [ -4.404974396408796, 40.338667322807424 ], [ -4.404234180441287, 40.338667322807424 ], [ -4.404234180441287, 40.339540607427224 ], [ -4.404974396408796, 40.339540607427224 ], [ -4.404974396408796, 40.339977245498261 ], [ -4.405714612376304, 40.339977245498261 ], [ -4.405714612376304, 40.340413880743384 ], [ -4.406454828343811, 40.340413880743384 ], [ -4.406454828343811, 40.340850513162572 ], [ -4.407935260278829, 40.340850513162572 ], [ -4.407935260278829, 40.343033632869449 ], [ -4.408675476246337, 40.343033632869449 ], [ -4.408675476246337, 40.346526477449807 ], [ -4.407935260278829, 40.346526477449807 ], [ -4.407935260278829, 40.347399660334808 ], [ -4.407195044311321, 40.347399660334808 ], [ -4.407195044311321, 40.347836247538254 ], [ -4.402013532538762, 40.347836247538254 ], [ -4.402013532538762, 40.348272831915658 ], [ -4.401273316571253, 40.348272831915658 ], [ -4.401273316571253, 40.350455711411769 ], [ -4.402013532538762, 40.350455711411769 ], [ -4.402013532538762, 40.352201964139134 ], [ -4.401273316571253, 40.352201964139134 ], [ -4.401273316571253, 40.353948171648675 ], [ -4.400533100603745, 40.353948171648675 ], [ -4.400533100603745, 40.354384716460721 ], [ -4.399792884636237, 40.354384716460721 ], [ -4.399792884636237, 40.354821258446613 ], [ -4.39831245270122, 40.354821258446613 ], [ -4.39831245270122, 40.355257797606349 ], [ -4.396832020766204, 40.355257797606349 ], [ -4.396832020766204, 40.355694333939923 ], [ -4.396091804798695, 40.355694333939923 ], [ -4.396091804798695, 40.356130867447327 ], [ -4.395351588831187, 40.356130867447327 ], [ -4.395351588831187, 40.357003925983598 ], [ -4.394611372863678, 40.357003925983598 ], [ -4.394611372863678, 40.357876973215085 ], [ -4.39387115689617, 40.357876973215085 ], [ -4.39387115689617, 40.358750009141751 ], [ -4.393130940928661, 40.358750009141751 ], [ -4.393130940928661, 40.359623033763548 ], [ -4.392390724961154, 40.359623033763548 ], [ -4.392390724961154, 40.360059541835085 ], [ -4.391650508993645, 40.360059541835085 ], [ -4.391650508993645, 40.360932549499445 ], [ -4.390910293026137, 40.360932549499445 ], [ -4.390910293026137, 40.361369049092247 ], [ -4.387949429156103, 40.361369049092247 ], [ -4.387949429156103, 40.361805545858779 ], [ -4.382767917383545, 40.361805545858779 ], [ -4.382767917383545, 40.363987987297278 ], [ -4.382027701416037, 40.363987987297278 ], [ -4.382027701416037, 40.369662004357529 ], [ -4.381287485448529, 40.369662004357529 ], [ -4.381287485448529, 40.370534887663545 ], [ -4.380547269481021, 40.370534887663545 ], [ -4.380547269481021, 40.370971325076951 ], [ -4.379807053513512, 40.370971325076951 ], [ -4.379807053513512, 40.371407759663931 ], [ -4.377586405610987, 40.371407759663931 ], [ -4.377586405610987, 40.370534887663545 ], [ -4.376846189643478, 40.370534887663545 ], [ -4.376846189643478, 40.369662004357529 ], [ -4.37610597367597, 40.369662004357529 ], [ -4.37610597367597, 40.369225558464919 ], [ -4.375365757708462, 40.369225558464919 ], [ -4.375365757708462, 40.368352658200543 ], [ -4.374625541740953, 40.368352658200543 ], [ -4.374625541740953, 40.367916203828798 ], [ -4.373145109805937, 40.367916203828798 ], [ -4.373145109805937, 40.368352658200543 ], [ -4.36722338206587, 40.368352658200543 ], [ -4.36722338206587, 40.367916203828798 ], [ -4.366483166098361, 40.367916203828798 ], [ -4.366483166098361, 40.367479746630671 ], [ -4.365002734163346, 40.367479746630671 ], [ -4.365002734163346, 40.363987987297278 ], [ -4.364262518195837, 40.363987987297278 ], [ -4.364262518195837, 40.360932549499445 ], [ -4.363522302228329, 40.360932549499445 ], [ -4.363522302228329, 40.356567398128547 ], [ -4.364262518195837, 40.356567398128547 ], [ -4.364262518195837, 40.355694333939923 ], [ -4.363522302228329, 40.355694333939923 ], [ -4.363522302228329, 40.355257797606349 ], [ -4.36278208626082, 40.355257797606349 ], [ -4.36278208626082, 40.354821258446613 ], [ -4.359081006423278, 40.354821258446613 ], [ -4.359081006423278, 40.354384716460721 ], [ -4.356860358520753, 40.354384716460721 ], [ -4.356860358520753, 40.354821258446613 ], [ -4.356120142553245, 40.354821258446613 ], [ -4.356120142553245, 40.355257797606349 ], [ -4.355379926585737, 40.355257797606349 ], [ -4.355379926585737, 40.355694333939923 ], [ -4.354639710618229, 40.355694333939923 ], [ -4.354639710618229, 40.356130867447327 ], [ -4.353899494650721, 40.356130867447327 ], [ -4.353899494650721, 40.356567398128547 ], [ -4.353159278683212, 40.356567398128547 ], [ -4.353159278683212, 40.357003925983598 ], [ -4.352419062715704, 40.357003925983598 ], [ -4.352419062715704, 40.357440451012444 ], [ -4.351678846748196, 40.357440451012444 ], [ -4.351678846748196, 40.357003925983598 ], [ -4.350938630780687, 40.357003925983598 ], [ -4.350938630780687, 40.356567398128547 ], [ -4.34945819884567, 40.356567398128547 ], [ -4.34945819884567, 40.356130867447327 ], [ -4.348717982878162, 40.356130867447327 ], [ -4.348717982878162, 40.356567398128547 ], [ -4.347977766910653, 40.356567398128547 ], [ -4.347977766910653, 40.357003925983598 ], [ -4.347237550943145, 40.357003925983598 ], [ -4.347237550943145, 40.358750009141751 ], [ -4.346497334975637, 40.358750009141751 ], [ -4.346497334975637, 40.359623033763548 ], [ -4.345757119008129, 40.359623033763548 ], [ -4.345757119008129, 40.360059541835085 ], [ -4.344276687073112, 40.360059541835085 ], [ -4.344276687073112, 40.360496047080389 ], [ -4.341315823203078, 40.360496047080389 ], [ -4.341315823203078, 40.360059541835085 ], [ -4.339835391268061, 40.360059541835085 ], [ -4.339835391268061, 40.359623033763548 ], [ -4.339095175300553, 40.359623033763548 ], [ -4.339095175300553, 40.359186522865755 ], [ -4.337614743365537, 40.359186522865755 ], [ -4.337614743365537, 40.358750009141751 ], [ -4.336134311430521, 40.358750009141751 ], [ -4.336134311430521, 40.358313492591527 ], [ -4.334653879495503, 40.358313492591527 ], [ -4.334653879495503, 40.358750009141751 ], [ -4.333913663527995, 40.358750009141751 ], [ -4.333913663527995, 40.359623033763548 ], [ -4.333173447560486, 40.359623033763548 ], [ -4.333173447560486, 40.360059541835085 ], [ -4.332433231592979, 40.360059541835085 ], [ -4.332433231592979, 40.360496047080389 ], [ -4.33169301562547, 40.360496047080389 ], [ -4.33169301562547, 40.360932549499445 ], [ -4.330952799657962, 40.360932549499445 ], [ -4.330952799657962, 40.361805545858779 ], [ -4.330212583690454, 40.361805545858779 ], [ -4.330212583690454, 40.36224203979905 ], [ -4.329472367722945, 40.36224203979905 ], [ -4.329472367722945, 40.363115019200748 ], [ -4.328732151755437, 40.363115019200748 ], [ -4.328732151755437, 40.370534887663545 ], [ -4.33169301562547, 40.370534887663545 ], [ -4.33169301562547, 40.370098447423743 ], [ -4.333173447560486, 40.370098447423743 ], [ -4.333173447560486, 40.369662004357529 ], [ -4.334653879495503, 40.369662004357529 ], [ -4.334653879495503, 40.369225558464919 ], [ -4.336134311430521, 40.369225558464919 ], [ -4.336134311430521, 40.368352658200543 ], [ -4.336874527398028, 40.368352658200543 ], [ -4.336874527398028, 40.36704328660619 ], [ -4.337614743365537, 40.36704328660619 ], [ -4.337614743365537, 40.366170358078165 ], [ -4.338354959333045, 40.366170358078165 ], [ -4.338354959333045, 40.365733889574642 ], [ -4.339095175300553, 40.365733889574642 ], [ -4.339095175300553, 40.366170358078165 ], [ -4.341315823203078, 40.366170358078165 ], [ -4.341315823203078, 40.366606823755355 ], [ -4.342056039170586, 40.366606823755355 ], [ -4.342056039170586, 40.367479746630671 ], [ -4.342796255138095, 40.367479746630671 ], [ -4.342796255138095, 40.378826715193988 ], [ -4.342056039170586, 40.378826715193988 ], [ -4.342056039170586, 40.381008605479778 ], [ -4.341315823203078, 40.381008605479778 ], [ -4.341315823203078, 40.381881341808104 ], [ -4.34057560723557, 40.381881341808104 ], [ -4.34057560723557, 40.382754066830046 ], [ -4.333913663527995, 40.382754066830046 ], [ -4.333913663527995, 40.382317705732369 ], [ -4.33169301562547, 40.382317705732369 ], [ -4.33169301562547, 40.381881341808104 ], [ -4.330212583690454, 40.381881341808104 ], [ -4.330212583690454, 40.381444975057235 ], [ -4.329472367722945, 40.381444975057235 ], [ -4.329472367722945, 40.381008605479778 ], [ -4.328732151755437, 40.381008605479778 ], [ -4.328732151755437, 40.380572233075753 ], [ -4.327251719820421, 40.380572233075753 ], [ -4.327251719820421, 40.380135857845154 ], [ -4.326511503852912, 40.380135857845154 ], [ -4.326511503852912, 40.379263098904268 ], [ -4.325771287885404, 40.379263098904268 ], [ -4.325771287885404, 40.378390328657176 ], [ -4.325031071917895, 40.378390328657176 ], [ -4.325031071917895, 40.377081152087541 ], [ -4.324290855950387, 40.377081152087541 ], [ -4.324290855950387, 40.376208353575194 ], [ -4.316888696275304, 40.376208353575194 ], [ -4.316888696275304, 40.378390328657176 ], [ -4.317628912242812, 40.378390328657176 ], [ -4.317628912242812, 40.380135857845154 ], [ -4.31836912821032, 40.380135857845154 ], [ -4.31836912821032, 40.381881341808104 ], [ -4.317628912242812, 40.381881341808104 ], [ -4.317628912242812, 40.383190425101112 ], [ -4.316888696275304, 40.383190425101112 ], [ -4.316888696275304, 40.384063133163394 ], [ -4.316148480307795, 40.384063133163394 ], [ -4.316148480307795, 40.385372174057103 ], [ -4.315408264340286, 40.385372174057103 ], [ -4.315408264340286, 40.393225885176186 ], [ -4.316148480307795, 40.393225885176186 ], [ -4.316148480307795, 40.396716129469226 ], [ -4.315408264340286, 40.396716129469226 ], [ -4.315408264340286, 40.39758866227433 ], [ -4.314668048372778, 40.39758866227433 ], [ -4.314668048372778, 40.398461183772056 ], [ -4.31392783240527, 40.398461183772056 ], [ -4.31392783240527, 40.39933369396234 ], [ -4.313187616437761, 40.39933369396234 ], [ -4.313187616437761, 40.400206192845147 ], [ -4.312447400470253, 40.400206192845147 ], [ -4.312447400470253, 40.401951156688078 ], [ -4.313187616437761, 40.401951156688078 ], [ -4.313187616437761, 40.404132297886122 ], [ -4.31392783240527, 40.404132297886122 ], [ -4.31392783240527, 40.404568517644904 ], [ -4.313187616437761, 40.404568517644904 ], [ -4.313187616437761, 40.406313368410451 ], [ -4.312447400470253, 40.406313368410451 ], [ -4.312447400470253, 40.408494368260193 ], [ -4.311707184502746, 40.408494368260193 ], [ -4.311707184502746, 40.408930559749109 ], [ -4.310226752567729, 40.408930559749109 ], [ -4.310226752567729, 40.40936674841101 ], [ -4.308006104665203, 40.40936674841101 ], [ -4.308006104665203, 40.409802934245867 ], [ -4.305785456762678, 40.409802934245867 ], [ -4.305785456762678, 40.410239117253695 ], [ -4.30504524079517, 40.410239117253695 ], [ -4.30504524079517, 40.411547649314869 ], [ -4.304305024827662, 40.411547649314869 ], [ -4.304305024827662, 40.413292319150791 ], [ -4.303564808860154, 40.413292319150791 ], [ -4.303564808860154, 40.41460079184327 ], [ -4.302824592892645, 40.41460079184327 ], [ -4.302824592892645, 40.417653795843009 ], [ -4.302084376925136, 40.417653795843009 ], [ -4.302084376925136, 40.420270546154889 ], [ -4.302824592892645, 40.420270546154889 ], [ -4.302824592892645, 40.421142773641293 ], [ -4.303564808860154, 40.421142773641293 ], [ -4.303564808860154, 40.422014989818798 ], [ -4.304305024827662, 40.422014989818798 ], [ -4.304305024827662, 40.425503741438959 ], [ -4.303564808860154, 40.425503741438959 ], [ -4.303564808860154, 40.426375901071239 ], [ -4.302824592892645, 40.426375901071239 ], [ -4.302824592892645, 40.426811976646427 ], [ -4.302084376925136, 40.426811976646427 ], [ -4.302084376925136, 40.427248049394315 ], [ -4.301344160957629, 40.427248049394315 ], [ -4.301344160957629, 40.427684119314875 ], [ -4.300603944990121, 40.427684119314875 ], [ -4.300603944990121, 40.427248049394315 ], [ -4.299863729022612, 40.427248049394315 ], [ -4.299863729022612, 40.426811976646427 ], [ -4.299123513055104, 40.426811976646427 ], [ -4.299123513055104, 40.426375901071239 ], [ -4.298383297087595, 40.426375901071239 ], [ -4.298383297087595, 40.425939822668738 ], [ -4.296902865152578, 40.425939822668738 ], [ -4.296902865152578, 40.425503741438959 ], [ -4.29616264918507, 40.425503741438959 ], [ -4.29616264918507, 40.425939822668738 ], [ -4.295422433217562, 40.425939822668738 ], [ -4.295422433217562, 40.426811976646427 ], [ -4.294682217250053, 40.426811976646427 ], [ -4.294682217250053, 40.428120186408115 ], [ -4.293942001282545, 40.428120186408115 ], [ -4.293942001282545, 40.428992312112605 ], [ -4.293201785315037, 40.428992312112605 ], [ -4.293201785315037, 40.429864426507699 ], [ -4.292461569347529, 40.429864426507699 ], [ -4.292461569347529, 40.430300479464222 ], [ -4.29172135338002, 40.430300479464222 ], [ -4.29172135338002, 40.430736529593382 ], [ -4.290981137412512, 40.430736529593382 ], [ -4.290981137412512, 40.43117257689515 ], [ -4.290240921445004, 40.43117257689515 ], [ -4.290240921445004, 40.431608621369563 ], [ -4.289500705477495, 40.431608621369563 ], [ -4.289500705477495, 40.432044663016576 ], [ -4.288760489509986, 40.432044663016576 ], [ -4.288760489509986, 40.432480701836198 ], [ -4.288020273542479, 40.432480701836198 ], [ -4.288020273542479, 40.432916737828428 ], [ -4.28728005757497, 40.432916737828428 ], [ -4.28728005757497, 40.433352770993245 ], [ -4.286539841607461, 40.433352770993245 ], [ -4.286539841607461, 40.43378880133065 ], [ -4.285799625639953, 40.43378880133065 ], [ -4.285799625639953, 40.434224828840627 ], [ -4.285059409672445, 40.434224828840627 ], [ -4.285059409672445, 40.434660853523177 ], [ -4.284319193704937, 40.434660853523177 ], [ -4.284319193704937, 40.435096875378306 ], [ -4.283578977737428, 40.435096875378306 ], [ -4.283578977737428, 40.435532894405988 ], [ -4.282838761769921, 40.435532894405988 ], [ -4.282838761769921, 40.436840934524305 ], [ -4.283578977737428, 40.436840934524305 ], [ -4.283578977737428, 40.438148949195401 ], [ -4.284319193704937, 40.438148949195401 ], [ -4.284319193704937, 40.439456938419092 ], [ -4.285059409672445, 40.439456938419092 ], [ -4.285059409672445, 40.441636863908272 ], [ -4.284319193704937, 40.441636863908272 ], [ -4.284319193704937, 40.442508814311182 ], [ -4.283578977737428, 40.442508814311182 ], [ -4.283578977737428, 40.443816718708824 ], [ -4.282838761769921, 40.443816718708824 ], [ -4.282838761769921, 40.444252681186235 ], [ -4.280618113867395, 40.444252681186235 ], [ -4.280618113867395, 40.443816718708824 ], [ -4.279877897899886, 40.443816718708824 ], [ -4.279877897899886, 40.443380753403851 ], [ -4.279137681932379, 40.443380753403851 ], [ -4.279137681932379, 40.442508814311182 ], [ -4.278397465964869, 40.442508814311182 ], [ -4.278397465964869, 40.441636863908272 ], [ -4.279137681932379, 40.441636863908272 ], [ -4.279137681932379, 40.437712947132518 ], [ -4.279877897899886, 40.437712947132518 ], [ -4.279877897899886, 40.43727694224215 ], [ -4.279137681932379, 40.43727694224215 ], [ -4.279137681932379, 40.435968910606213 ], [ -4.278397465964869, 40.435968910606213 ], [ -4.278397465964869, 40.435532894405988 ], [ -4.277657249997362, 40.435532894405988 ], [ -4.277657249997362, 40.434660853523177 ], [ -4.276917034029854, 40.434660853523177 ], [ -4.276917034029854, 40.430736529593382 ], [ -4.277657249997362, 40.430736529593382 ], [ -4.277657249997362, 40.429428370723834 ], [ -4.278397465964869, 40.429428370723834 ], [ -4.278397465964869, 40.428556250674028 ], [ -4.279137681932379, 40.428556250674028 ], [ -4.279137681932379, 40.427248049394315 ], [ -4.279877897899886, 40.427248049394315 ], [ -4.279877897899886, 40.425939822668738 ], [ -4.280618113867395, 40.425939822668738 ], [ -4.280618113867395, 40.425067657381874 ], [ -4.281358329834903, 40.425067657381874 ], [ -4.281358329834903, 40.423759388246957 ], [ -4.282098545802412, 40.423759388246957 ], [ -4.282098545802412, 40.422451093666709 ], [ -4.282838761769921, 40.422451093666709 ], [ -4.282838761769921, 40.421578883143653 ], [ -4.283578977737428, 40.421578883143653 ], [ -4.283578977737428, 40.420270546154889 ], [ -4.284319193704937, 40.420270546154889 ], [ -4.284319193704937, 40.419834428170894 ], [ -4.285059409672445, 40.419834428170894 ], [ -4.285059409672445, 40.419398307359678 ], [ -4.286539841607461, 40.419398307359678 ], [ -4.286539841607461, 40.418962183721284 ], [ -4.28728005757497, 40.418962183721284 ], [ -4.28728005757497, 40.416781523121657 ], [ -4.288020273542479, 40.416781523121657 ], [ -4.288020273542479, 40.413728479542058 ], [ -4.288760489509986, 40.413728479542058 ], [ -4.288760489509986, 40.4111114747882 ], [ -4.289500705477495, 40.4111114747882 ], [ -4.289500705477495, 40.408058173944248 ], [ -4.290240921445004, 40.408058173944248 ], [ -4.290240921445004, 40.407185776831341 ], [ -4.29172135338002, 40.407185776831341 ], [ -4.29172135338002, 40.406749574034386 ], [ -4.295422433217562, 40.406749574034386 ], [ -4.295422433217562, 40.407185776831341 ], [ -4.296902865152578, 40.407185776831341 ], [ -4.296902865152578, 40.406749574034386 ], [ -4.297643081120087, 40.406749574034386 ], [ -4.297643081120087, 40.405877159959516 ], [ -4.296902865152578, 40.405877159959516 ], [ -4.296902865152578, 40.404568517644904 ], [ -4.29616264918507, 40.404568517644904 ], [ -4.29616264918507, 40.403259849887696 ], [ -4.295422433217562, 40.403259849887696 ], [ -4.295422433217562, 40.402387390581538 ], [ -4.292461569347529, 40.402387390581538 ], [ -4.292461569347529, 40.401951156688078 ], [ -4.29172135338002, 40.401951156688078 ], [ -4.29172135338002, 40.401514919967696 ], [ -4.290981137412512, 40.401514919967696 ], [ -4.290981137412512, 40.401078680420419 ], [ -4.290240921445004, 40.401078680420419 ], [ -4.290240921445004, 40.400206192845147 ], [ -4.289500705477495, 40.400206192845147 ], [ -4.289500705477495, 40.399769944817194 ], [ -4.28728005757497, 40.399769944817194 ], [ -4.28728005757497, 40.400206192845147 ], [ -4.286539841607461, 40.400206192845147 ], [ -4.286539841607461, 40.401951156688078 ], [ -4.285799625639953, 40.401951156688078 ], [ -4.285799625639953, 40.402823621648082 ], [ -4.284319193704937, 40.402823621648082 ], [ -4.284319193704937, 40.403259849887696 ], [ -4.282838761769921, 40.403259849887696 ], [ -4.282838761769921, 40.403696075300381 ], [ -4.281358329834903, 40.403696075300381 ], [ -4.281358329834903, 40.406749574034386 ], [ -4.282098545802412, 40.406749574034386 ], [ -4.282098545802412, 40.407621976801302 ], [ -4.281358329834903, 40.407621976801302 ], [ -4.281358329834903, 40.40936674841101 ], [ -4.280618113867395, 40.40936674841101 ], [ -4.280618113867395, 40.410239117253695 ], [ -4.279137681932379, 40.410239117253695 ], [ -4.279137681932379, 40.41067529743448 ], [ -4.276176818062345, 40.41067529743448 ], [ -4.276176818062345, 40.4111114747882 ], [ -4.273956170159821, 40.4111114747882 ], [ -4.273956170159821, 40.411547649314869 ], [ -4.270995306289787, 40.411547649314869 ], [ -4.270995306289787, 40.411983821014466 ], [ -4.270255090322278, 40.411983821014466 ], [ -4.270255090322278, 40.412856155932431 ], [ -4.26951487435477, 40.412856155932431 ], [ -4.26951487435477, 40.413728479542058 ], [ -4.268774658387262, 40.413728479542058 ], [ -4.268774658387262, 40.415036943753201 ], [ -4.268034442419753, 40.415036943753201 ], [ -4.268034442419753, 40.416345382520248 ], [ -4.265813794517229, 40.416345382520248 ], [ -4.265813794517229, 40.415909239091704 ], [ -4.26507357854972, 40.415909239091704 ], [ -4.263593146614703, 40.415909239091704 ], [ -4.263593146614703, 40.415473092836017 ], [ -4.262852930647195, 40.415473092836017 ], [ -4.262852930647195, 40.415909239091704 ], [ -4.261372498712178, 40.415909239091704 ], [ -4.261372498712178, 40.416345382520248 ], [ -4.260632282744671, 40.416345382520248 ], [ -4.260632282744671, 40.416781523121657 ], [ -4.259892066777161, 40.416781523121657 ], [ -4.259892066777161, 40.417217660895908 ], [ -4.257671418874637, 40.417217660895908 ], [ -4.257671418874637, 40.416781523121657 ], [ -4.255450770972112, 40.416781523121657 ], [ -4.255450770972112, 40.417217660895908 ], [ -4.253970339037094, 40.417217660895908 ], [ -4.253970339037094, 40.417653795843009 ], [ -4.252489907102078, 40.417653795843009 ], [ -4.252489907102078, 40.418089927962939 ], [ -4.25174969113457, 40.418089927962939 ], [ -4.25174969113457, 40.418526057255697 ], [ -4.250269259199554, 40.418526057255697 ], [ -4.250269259199554, 40.418962183721284 ], [ -4.249529043232045, 40.418962183721284 ], [ -4.249529043232045, 40.419398307359678 ], [ -4.248048611297029, 40.419398307359678 ], [ -4.248048611297029, 40.419834428170894 ], [ -4.246568179362012, 40.419834428170894 ], [ -4.246568179362012, 40.419398307359678 ], [ -4.245827963394503, 40.419398307359678 ], [ -4.245827963394503, 40.418962183721284 ], [ -4.245087747426995, 40.418962183721284 ], [ -4.245087747426995, 40.418526057255697 ], [ -4.244347531459487, 40.418526057255697 ], [ -4.244347531459487, 40.417653795843009 ], [ -4.243607315491978, 40.417653795843009 ], [ -4.243607315491978, 40.415036943753201 ], [ -4.244347531459487, 40.415036943753201 ], [ -4.244347531459487, 40.412419989886985 ], [ -4.243607315491978, 40.412419989886985 ], [ -4.243607315491978, 40.41067529743448 ], [ -4.24286709952447, 40.41067529743448 ], [ -4.24286709952447, 40.40936674841101 ], [ -4.243607315491978, 40.40936674841101 ], [ -4.243607315491978, 40.408058173944248 ], [ -4.244347531459487, 40.408058173944248 ], [ -4.244347531459487, 40.406749574034386 ], [ -4.245087747426995, 40.406749574034386 ], [ -4.245087747426995, 40.405877159959516 ], [ -4.245827963394503, 40.405877159959516 ], [ -4.245827963394503, 40.405004734576742 ], [ -4.245087747426995, 40.405004734576742 ], [ -4.245087747426995, 40.404568517644904 ], [ -4.244347531459487, 40.404568517644904 ], [ -4.244347531459487, 40.403696075300381 ], [ -4.243607315491978, 40.403696075300381 ], [ -4.243607315491978, 40.403259849887696 ], [ -4.24286709952447, 40.403259849887696 ], [ -4.24286709952447, 40.402823621648082 ], [ -4.242126883556962, 40.402823621648082 ], [ -4.242126883556962, 40.401951156688078 ], [ -4.241386667589453, 40.401951156688078 ], [ -4.241386667589453, 40.398024924436619 ], [ -4.240646451621945, 40.398024924436619 ], [ -4.240646451621945, 40.394971029937125 ], [ -4.241386667589453, 40.394971029937125 ], [ -4.241386667589453, 40.393225885176186 ], [ -4.242126883556962, 40.393225885176186 ], [ -4.242126883556962, 40.392789591918991 ], [ -4.244347531459487, 40.392789591918991 ], [ -4.244347531459487, 40.392353295835036 ], [ -4.247308395329521, 40.392353295835036 ], [ -4.247308395329521, 40.391916996924316 ], [ -4.249529043232045, 40.391916996924316 ], [ -4.249529043232045, 40.391480695186857 ], [ -4.25174969113457, 40.391480695186857 ], [ -4.25174969113457, 40.391044390622632 ], [ -4.252489907102078, 40.391044390622632 ], [ -4.252489907102078, 40.38799017952482 ], [ -4.25174969113457, 40.38799017952482 ], [ -4.25174969113457, 40.383626780545562 ], [ -4.252489907102078, 40.383626780545562 ], [ -4.252489907102078, 40.382754066830046 ], [ -4.253230123069587, 40.382754066830046 ], [ -4.253230123069587, 40.381444975057235 ], [ -4.253970339037094, 40.381444975057235 ], [ -4.253970339037094, 40.381008605479778 ], [ -4.254710555004603, 40.381008605479778 ], [ -4.254710555004603, 40.381444975057235 ], [ -4.256931202907129, 40.381444975057235 ], [ -4.256931202907129, 40.381881341808104 ], [ -4.257671418874637, 40.381881341808104 ], [ -4.257671418874637, 40.384063133163394 ], [ -4.258411634842145, 40.384063133163394 ], [ -4.258411634842145, 40.386244853853007 ], [ -4.259151850809653, 40.386244853853007 ], [ -4.259151850809653, 40.386681189510981 ], [ -4.26507357854972, 40.386681189510981 ], [ -4.265813794517229, 40.386681189510981 ], [ -4.265813794517229, 40.386244853853007 ], [ -4.268774658387262, 40.386244853853007 ], [ -4.268774658387262, 40.385808515368389 ], [ -4.270995306289787, 40.385808515368389 ], [ -4.270995306289787, 40.385372174057103 ], [ -4.273215954192312, 40.385372174057103 ], [ -4.273215954192312, 40.384935829919179 ], [ -4.275436602094837, 40.384935829919179 ], [ -4.275436602094837, 40.384499482954602 ], [ -4.276176818062345, 40.384499482954602 ], [ -4.276176818062345, 40.383190425101112 ], [ -4.276917034029854, 40.383190425101112 ], [ -4.276917034029854, 40.382317705732369 ], [ -4.277657249997362, 40.382317705732369 ], [ -4.277657249997362, 40.381008605479778 ], [ -4.278397465964869, 40.381008605479778 ], [ -4.278397465964869, 40.378826715193988 ], [ -4.277657249997362, 40.378826715193988 ], [ -4.277657249997362, 40.378390328657176 ], [ -4.276917034029854, 40.378390328657176 ], [ -4.276917034029854, 40.377953939293825 ], [ -4.276176818062345, 40.377953939293825 ], [ -4.276176818062345, 40.377081152087541 ], [ -4.275436602094837, 40.377081152087541 ], [ -4.275436602094837, 40.375335543756833 ], [ -4.274696386127329, 40.375335543756833 ], [ -4.274696386127329, 40.374462722632536 ], [ -4.270995306289787, 40.374462722632536 ], [ -4.270995306289787, 40.374899134607922 ], [ -4.270255090322278, 40.374899134607922 ], [ -4.270255090322278, 40.375335543756833 ], [ -4.26951487435477, 40.375335543756833 ], [ -4.26951487435477, 40.376644754244623 ], [ -4.268774658387262, 40.376644754244623 ], [ -4.268774658387262, 40.377517547103949 ], [ -4.268034442419753, 40.377517547103949 ], [ -4.268034442419753, 40.378826715193988 ], [ -4.267294226452245, 40.378826715193988 ], [ -4.267294226452245, 40.379263098904268 ], [ -4.266554010484737, 40.379263098904268 ], [ -4.266554010484737, 40.379699479787988 ], [ -4.26507357854972, 40.379699479787988 ], [ -4.259151850809653, 40.379699479787988 ], [ -4.259151850809653, 40.379263098904268 ], [ -4.258411634842145, 40.379263098904268 ], [ -4.258411634842145, 40.378390328657176 ], [ -4.257671418874637, 40.378390328657176 ], [ -4.257671418874637, 40.377081152087541 ], [ -4.256931202907129, 40.377081152087541 ], [ -4.256931202907129, 40.376208353575194 ], [ -4.25619098693962, 40.376208353575194 ], [ -4.25619098693962, 40.375771950079262 ], [ -4.252489907102078, 40.375771950079262 ], [ -4.252489907102078, 40.375335543756833 ], [ -4.25174969113457, 40.375335543756833 ], [ -4.25174969113457, 40.374899134607922 ], [ -4.251009475167062, 40.374899134607922 ], [ -4.251009475167062, 40.374026307830668 ], [ -4.250269259199554, 40.374026307830668 ], [ -4.250269259199554, 40.370971325076951 ], [ -4.249529043232045, 40.370971325076951 ], [ -4.249529043232045, 40.365733889574642 ], [ -4.248788827264537, 40.365733889574642 ], [ -4.248788827264537, 40.361805545858779 ], [ -4.249529043232045, 40.361805545858779 ], [ -4.249529043232045, 40.360059541835085 ], [ -4.250269259199554, 40.360059541835085 ], [ -4.250269259199554, 40.359623033763548 ], [ -4.251009475167062, 40.359623033763548 ], [ -4.251009475167062, 40.359186522865755 ], [ -4.25174969113457, 40.359186522865755 ], [ -4.25174969113457, 40.358750009141751 ], [ -4.253230123069587, 40.358750009141751 ], [ -4.253230123069587, 40.358313492591527 ], [ -4.253970339037094, 40.358313492591527 ], [ -4.253970339037094, 40.357003925983598 ], [ -4.254710555004603, 40.357003925983598 ], [ -4.254710555004603, 40.355257797606349 ], [ -4.255450770972112, 40.355257797606349 ], [ -4.255450770972112, 40.353948171648675 ], [ -4.25619098693962, 40.353948171648675 ], [ -4.25619098693962, 40.35351162401048 ], [ -4.256931202907129, 40.35351162401048 ], [ -4.256931202907129, 40.352638520255709 ], [ -4.257671418874637, 40.352638520255709 ], [ -4.257671418874637, 40.352201964139134 ], [ -4.258411634842145, 40.352201964139134 ], [ -4.258411634842145, 40.351328843427652 ], [ -4.259151850809653, 40.351328843427652 ], [ -4.259151850809653, 40.35089227883276 ], [ -4.259892066777161, 40.35089227883276 ], [ -4.259892066777161, 40.350019141164694 ], [ -4.260632282744671, 40.350019141164694 ], [ -4.260632282744671, 40.349582568091535 ], [ -4.261372498712178, 40.349582568091535 ], [ -4.261372498712178, 40.350019141164694 ], [ -4.26507357854972, 40.350019141164694 ], [ -4.265813794517229, 40.350019141164694 ], [ -4.265813794517229, 40.349582568091535 ], [ -4.266554010484737, 40.349582568091535 ], [ -4.266554010484737, 40.348709413467006 ], [ -4.267294226452245, 40.348709413467006 ], [ -4.267294226452245, 40.348272831915658 ], [ -4.268034442419753, 40.348272831915658 ], [ -4.268034442419753, 40.346963070305314 ], [ -4.267294226452245, 40.346963070305314 ], [ -4.267294226452245, 40.346526477449807 ], [ -4.266554010484737, 40.346526477449807 ], [ -4.266554010484737, 40.346089881768265 ], [ -4.265813794517229, 40.346089881768265 ], [ -4.265813794517229, 40.345653283260717 ], [ -4.26507357854972, 40.345653283260717 ], [ -4.26507357854972, 40.345216681927148 ], [ -4.263593146614703, 40.345216681927148 ], [ -4.263593146614703, 40.345653283260717 ], [ -4.262112714679686, 40.345653283260717 ], [ -4.262112714679686, 40.346089881768265 ], [ -4.261372498712178, 40.346089881768265 ], [ -4.261372498712178, 40.346526477449807 ], [ -4.260632282744671, 40.346526477449807 ], [ -4.260632282744671, 40.346963070305314 ], [ -4.259892066777161, 40.346963070305314 ], [ -4.259892066777161, 40.346526477449807 ], [ -4.258411634842145, 40.346526477449807 ], [ -4.258411634842145, 40.346089881768265 ], [ -4.256931202907129, 40.346089881768265 ], [ -4.256931202907129, 40.345653283260717 ], [ -4.255450770972112, 40.345653283260717 ], [ -4.255450770972112, 40.345216681927148 ], [ -4.253970339037094, 40.345216681927148 ], [ -4.253970339037094, 40.344780077767581 ], [ -4.253230123069587, 40.344780077767581 ], [ -4.253230123069587, 40.344343470782029 ], [ -4.252489907102078, 40.344343470782029 ], [ -4.252489907102078, 40.343906860970478 ], [ -4.25174969113457, 40.343906860970478 ], [ -4.25174969113457, 40.343033632869449 ], [ -4.251009475167062, 40.343033632869449 ], [ -4.251009475167062, 40.342597014579979 ], [ -4.250269259199554, 40.342597014579979 ], [ -4.250269259199554, 40.341723769523171 ], [ -4.249529043232045, 40.341723769523171 ], [ -4.249529043232045, 40.337357374683528 ], [ -4.250269259199554, 40.337357374683528 ], [ -4.250269259199554, 40.336047401126777 ], [ -4.25174969113457, 40.336047401126777 ], [ -4.25174969113457, 40.335610737622801 ], [ -4.253970339037094, 40.335610737622801 ], [ -4.253970339037094, 40.336047401126777 ], [ -4.255450770972112, 40.336047401126777 ], [ -4.255450770972112, 40.336484061804882 ], [ -4.256931202907129, 40.336484061804882 ], [ -4.256931202907129, 40.336920719657151 ], [ -4.258411634842145, 40.336920719657151 ], [ -4.258411634842145, 40.337357374683528 ], [ -4.261372498712178, 40.337357374683528 ], [ -4.261372498712178, 40.336920719657151 ], [ -4.262112714679686, 40.336920719657151 ], [ -4.262112714679686, 40.335610737622801 ], [ -4.262852930647195, 40.335610737622801 ], [ -4.262852930647195, 40.334300730155832 ], [ -4.263593146614703, 40.334300730155832 ], [ -4.263593146614703, 40.333864055348521 ], [ -4.26507357854972, 40.333864055348521 ], [ -4.265813794517229, 40.333864055348521 ], [ -4.265813794517229, 40.334300730155832 ], [ -4.266554010484737, 40.334300730155832 ], [ -4.266554010484737, 40.335174071292975 ], [ -4.267294226452245, 40.335174071292975 ], [ -4.267294226452245, 40.335610737622801 ], [ -4.268034442419753, 40.335610737622801 ], [ -4.268034442419753, 40.336047401126777 ], [ -4.268774658387262, 40.336047401126777 ], [ -4.268774658387262, 40.336484061804882 ], [ -4.26951487435477, 40.336484061804882 ], [ -4.26951487435477, 40.336920719657151 ], [ -4.270255090322278, 40.336920719657151 ], [ -4.270255090322278, 40.336484061804882 ], [ -4.270995306289787, 40.336484061804882 ], [ -4.270995306289787, 40.336047401126777 ], [ -4.271735522257295, 40.336047401126777 ], [ -4.271735522257295, 40.335610737622801 ], [ -4.272475738224803, 40.335610737622801 ], [ -4.272475738224803, 40.334737402137328 ], [ -4.273215954192312, 40.334737402137328 ], [ -4.273215954192312, 40.334300730155832 ], [ -4.276176818062345, 40.334300730155832 ], [ -4.276176818062345, 40.334737402137328 ], [ -4.278397465964869, 40.334737402137328 ], [ -4.278397465964869, 40.335174071292975 ], [ -4.279137681932379, 40.335174071292975 ], [ -4.279137681932379, 40.334737402137328 ], [ -4.280618113867395, 40.334737402137328 ], [ -4.280618113867395, 40.334300730155832 ], [ -4.281358329834903, 40.334300730155832 ], [ -4.281358329834903, 40.333864055348521 ], [ -4.282098545802412, 40.333864055348521 ], [ -4.282098545802412, 40.332117327861148 ], [ -4.282838761769921, 40.332117327861148 ], [ -4.282838761769921, 40.32993385492172 ], [ -4.283578977737428, 40.32993385492172 ], [ -4.283578977737428, 40.329497151856543 ], [ -4.285799625639953, 40.329497151856543 ], [ -4.285799625639953, 40.32993385492172 ], [ -4.286539841607461, 40.32993385492172 ], [ -4.286539841607461, 40.330370555161139 ], [ -4.28728005757497, 40.330370555161139 ], [ -4.28728005757497, 40.3308072525748 ], [ -4.288020273542479, 40.3308072525748 ], [ -4.288020273542479, 40.331243947162697 ], [ -4.288760489509986, 40.331243947162697 ], [ -4.288760489509986, 40.333864055348521 ], [ -4.288020273542479, 40.333864055348521 ], [ -4.288020273542479, 40.336484061804882 ], [ -4.286539841607461, 40.336484061804882 ], [ -4.286539841607461, 40.336920719657151 ], [ -4.285799625639953, 40.336920719657151 ], [ -4.285799625639953, 40.337357374683528 ], [ -4.285059409672445, 40.337357374683528 ], [ -4.285059409672445, 40.339103966530281 ], [ -4.285799625639953, 40.339103966530281 ], [ -4.285799625639953, 40.340413880743384 ], [ -4.286539841607461, 40.340413880743384 ], [ -4.286539841607461, 40.341723769523171 ], [ -4.28728005757497, 40.341723769523171 ], [ -4.28728005757497, 40.342160393464553 ], [ -4.288760489509986, 40.342160393464553 ], [ -4.288760489509986, 40.341723769523171 ], [ -4.289500705477495, 40.341723769523171 ], [ -4.289500705477495, 40.337357374683528 ], [ -4.290240921445004, 40.337357374683528 ], [ -4.290240921445004, 40.336920719657151 ], [ -4.289500705477495, 40.336920719657151 ], [ -4.289500705477495, 40.336484061804882 ], [ -4.290981137412512, 40.336484061804882 ], [ -4.290981137412512, 40.336047401126777 ], [ -4.29172135338002, 40.336047401126777 ], [ -4.29172135338002, 40.335610737622801 ], [ -4.293942001282545, 40.335610737622801 ], [ -4.293942001282545, 40.336047401126777 ], [ -4.294682217250053, 40.336047401126777 ], [ -4.294682217250053, 40.336484061804882 ], [ -4.29616264918507, 40.336484061804882 ], [ -4.29616264918507, 40.336920719657151 ], [ -4.298383297087595, 40.336920719657151 ], [ -4.298383297087595, 40.336047401126777 ], [ -4.299123513055104, 40.336047401126777 ], [ -4.299123513055104, 40.330370555161139 ], [ -4.298383297087595, 40.330370555161139 ], [ -4.298383297087595, 40.329497151856543 ], [ -4.297643081120087, 40.329497151856543 ], [ -4.297643081120087, 40.328187025706555 ], [ -4.296902865152578, 40.328187025706555 ], [ -4.296902865152578, 40.327313594144591 ], [ -4.29616264918507, 40.327313594144591 ], [ -4.29616264918507, 40.32644015127979 ], [ -4.295422433217562, 40.32644015127979 ], [ -4.295422433217562, 40.325566697112187 ], [ -4.294682217250053, 40.325566697112187 ], [ -4.294682217250053, 40.324693231641845 ], [ -4.293942001282545, 40.324693231641845 ], [ -4.293942001282545, 40.322946266793195 ], [ -4.294682217250053, 40.322946266793195 ], [ -4.294682217250053, 40.319888969521159 ], [ -4.293942001282545, 40.319888969521159 ], [ -4.293942001282545, 40.31945220146558 ], [ -4.290981137412512, 40.31945220146558 ], [ -4.290981137412512, 40.319888969521159 ], [ -4.28728005757497, 40.319888969521159 ], [ -4.28728005757497, 40.320325734751137 ], [ -4.283578977737428, 40.320325734751137 ], [ -4.283578977737428, 40.320762497155513 ], [ -4.280618113867395, 40.320762497155513 ], [ -4.280618113867395, 40.321199256734289 ], [ -4.279877897899886, 40.321199256734289 ], [ -4.279877897899886, 40.321636013487449 ], [ -4.279137681932379, 40.321636013487449 ], [ -4.279137681932379, 40.32250951851691 ], [ -4.278397465964869, 40.32250951851691 ], [ -4.278397465964869, 40.322946266793195 ], [ -4.277657249997362, 40.322946266793195 ], [ -4.277657249997362, 40.323383012243838 ], [ -4.276917034029854, 40.323383012243838 ], [ -4.276917034029854, 40.323819754868829 ], [ -4.276176818062345, 40.323819754868829 ], [ -4.276176818062345, 40.323383012243838 ], [ -4.274696386127329, 40.323383012243838 ], [ -4.274696386127329, 40.322946266793195 ], [ -4.273215954192312, 40.322946266793195 ], [ -4.273215954192312, 40.32250951851691 ], [ -4.270995306289787, 40.32250951851691 ], [ -4.270995306289787, 40.322072767414994 ], [ -4.268774658387262, 40.322072767414994 ], [ -4.268774658387262, 40.322946266793195 ], [ -4.268034442419753, 40.322946266793195 ], [ -4.268034442419753, 40.324256494668163 ], [ -4.267294226452245, 40.324256494668163 ], [ -4.267294226452245, 40.325129965789849 ], [ -4.266554010484737, 40.325129965789849 ], [ -4.266554010484737, 40.326003425608825 ], [ -4.265813794517229, 40.326003425608825 ], [ -4.265813794517229, 40.32644015127979 ], [ -4.26507357854972, 40.32644015127979 ], [ -4.262112714679686, 40.32644015127979 ], [ -4.262112714679686, 40.326876874125034 ], [ -4.260632282744671, 40.326876874125034 ], [ -4.260632282744671, 40.327313594144591 ], [ -4.259892066777161, 40.327313594144591 ], [ -4.259892066777161, 40.327750311338427 ], [ -4.259151850809653, 40.327750311338427 ], [ -4.259151850809653, 40.328187025706555 ], [ -4.257671418874637, 40.328187025706555 ], [ -4.257671418874637, 40.328623737248954 ], [ -4.256931202907129, 40.328623737248954 ], [ -4.256931202907129, 40.329060445965617 ], [ -4.255450770972112, 40.329060445965617 ], [ -4.255450770972112, 40.329497151856543 ], [ -4.254710555004603, 40.329497151856543 ], [ -4.254710555004603, 40.32993385492172 ], [ -4.252489907102078, 40.32993385492172 ], [ -4.252489907102078, 40.329497151856543 ], [ -4.25174969113457, 40.329497151856543 ], [ -4.25174969113457, 40.329060445965617 ], [ -4.251009475167062, 40.329060445965617 ], [ -4.251009475167062, 40.327313594144591 ], [ -4.250269259199554, 40.327313594144591 ], [ -4.250269259199554, 40.324693231641845 ] ], [ [ -4.364262518195837, 40.324256494668163 ], [ -4.36278208626082, 40.324256494668163 ], [ -4.36278208626082, 40.324693231641845 ], [ -4.362041870293312, 40.324693231641845 ], [ -4.362041870293312, 40.32644015127979 ], [ -4.363522302228329, 40.32644015127979 ], [ -4.363522302228329, 40.326876874125034 ], [ -4.365002734163346, 40.326876874125034 ], [ -4.365002734163346, 40.32644015127979 ], [ -4.365742950130853, 40.32644015127979 ], [ -4.365742950130853, 40.325566697112187 ], [ -4.365002734163346, 40.325566697112187 ], [ -4.365002734163346, 40.324693231641845 ], [ -4.364262518195837, 40.324693231641845 ], [ -4.364262518195837, 40.324256494668163 ] ], [ [ -4.367963598033378, 40.327750311338427 ], [ -4.36722338206587, 40.327750311338427 ], [ -4.36722338206587, 40.32993385492172 ], [ -4.367963598033378, 40.32993385492172 ], [ -4.367963598033378, 40.331680638924809 ], [ -4.368703814000887, 40.331680638924809 ], [ -4.368703814000887, 40.332117327861148 ], [ -4.37166467787092, 40.332117327861148 ], [ -4.37166467787092, 40.331680638924809 ], [ -4.372404893838429, 40.331680638924809 ], [ -4.372404893838429, 40.32993385492172 ], [ -4.37166467787092, 40.32993385492172 ], [ -4.37166467787092, 40.327313594144591 ], [ -4.367963598033378, 40.327313594144591 ], [ -4.367963598033378, 40.327750311338427 ] ], [ [ -4.273215954192312, 40.348272831915658 ], [ -4.274696386127329, 40.348272831915658 ], [ -4.274696386127329, 40.348709413467006 ], [ -4.275436602094837, 40.348709413467006 ], [ -4.275436602094837, 40.348272831915658 ], [ -4.276176818062345, 40.348272831915658 ], [ -4.276176818062345, 40.346963070305314 ], [ -4.273956170159821, 40.346963070305314 ], [ -4.273956170159821, 40.347399660334808 ], [ -4.273215954192312, 40.347399660334808 ], [ -4.273215954192312, 40.348272831915658 ] ], [ [ -4.363522302228329, 40.353075073546165 ], [ -4.363522302228329, 40.354384716460721 ], [ -4.364262518195837, 40.354384716460721 ], [ -4.364262518195837, 40.354821258446613 ], [ -4.365002734163346, 40.354821258446613 ], [ -4.365002734163346, 40.354384716460721 ], [ -4.366483166098361, 40.354384716460721 ], [ -4.366483166098361, 40.352638520255709 ], [ -4.364262518195837, 40.352638520255709 ], [ -4.364262518195837, 40.353075073546165 ], [ -4.363522302228329, 40.353075073546165 ] ], [ [ -4.288020273542479, 40.377517547103949 ], [ -4.288020273542479, 40.375335543756833 ], [ -4.28728005757497, 40.375335543756833 ], [ -4.28728005757497, 40.374899134607922 ], [ -4.283578977737428, 40.374899134607922 ], [ -4.283578977737428, 40.375335543756833 ], [ -4.282838761769921, 40.375335543756833 ], [ -4.282838761769921, 40.376208353575194 ], [ -4.282098545802412, 40.376208353575194 ], [ -4.282098545802412, 40.376644754244623 ], [ -4.281358329834903, 40.376644754244623 ], [ -4.281358329834903, 40.377517547103949 ], [ -4.280618113867395, 40.377517547103949 ], [ -4.280618113867395, 40.377953939293825 ], [ -4.279877897899886, 40.377953939293825 ], [ -4.279877897899886, 40.378826715193988 ], [ -4.279137681932379, 40.378826715193988 ], [ -4.279137681932379, 40.379699479787988 ], [ -4.284319193704937, 40.379699479787988 ], [ -4.284319193704937, 40.379263098904268 ], [ -4.286539841607461, 40.379263098904268 ], [ -4.286539841607461, 40.378826715193988 ], [ -4.28728005757497, 40.378826715193988 ], [ -4.28728005757497, 40.377517547103949 ], [ -4.288020273542479, 40.377517547103949 ] ] ], [ [ [ -4.219920404531711, 40.35089227883276 ], [ -4.219920404531711, 40.348272831915658 ], [ -4.220660620499221, 40.348272831915658 ], [ -4.220660620499221, 40.346089881768265 ], [ -4.221400836466728, 40.346089881768265 ], [ -4.221400836466728, 40.343906860970478 ], [ -4.222141052434237, 40.343906860970478 ], [ -4.222141052434237, 40.343470248332949 ], [ -4.223621484369254, 40.343470248332949 ], [ -4.223621484369254, 40.343033632869449 ], [ -4.225842132271779, 40.343033632869449 ], [ -4.225842132271779, 40.342597014579979 ], [ -4.227322564206795, 40.342597014579979 ], [ -4.227322564206795, 40.342160393464553 ], [ -4.228802996141812, 40.342160393464553 ], [ -4.228802996141812, 40.340850513162572 ], [ -4.229543212109321, 40.340850513162572 ], [ -4.229543212109321, 40.336920719657151 ], [ -4.230283428076828, 40.336920719657151 ], [ -4.230283428076828, 40.336047401126777 ], [ -4.231023644044337, 40.336047401126777 ], [ -4.231023644044337, 40.335174071292975 ], [ -4.231763860011845, 40.335174071292975 ], [ -4.231763860011845, 40.334300730155832 ], [ -4.232504075979353, 40.334300730155832 ], [ -4.232504075979353, 40.333427377715388 ], [ -4.233244291946862, 40.333427377715388 ], [ -4.233244291946862, 40.332990697256449 ], [ -4.23398450791437, 40.332990697256449 ], [ -4.23398450791437, 40.332117327861148 ], [ -4.234724723881878, 40.332117327861148 ], [ -4.234724723881878, 40.331243947162697 ], [ -4.235464939849386, 40.331243947162697 ], [ -4.235464939849386, 40.3308072525748 ], [ -4.236945371784403, 40.3308072525748 ], [ -4.236945371784403, 40.330370555161139 ], [ -4.239906235654437, 40.330370555161139 ], [ -4.239906235654437, 40.3308072525748 ], [ -4.240646451621945, 40.3308072525748 ], [ -4.240646451621945, 40.331243947162697 ], [ -4.241386667589453, 40.331243947162697 ], [ -4.241386667589453, 40.331680638924809 ], [ -4.24286709952447, 40.331680638924809 ], [ -4.24286709952447, 40.332117327861148 ], [ -4.243607315491978, 40.332117327861148 ], [ -4.243607315491978, 40.333427377715388 ], [ -4.244347531459487, 40.333427377715388 ], [ -4.244347531459487, 40.336484061804882 ], [ -4.243607315491978, 40.336484061804882 ], [ -4.243607315491978, 40.337794026884048 ], [ -4.24286709952447, 40.337794026884048 ], [ -4.24286709952447, 40.338667322807424 ], [ -4.242126883556962, 40.338667322807424 ], [ -4.242126883556962, 40.349145992192305 ], [ -4.241386667589453, 40.349145992192305 ], [ -4.241386667589453, 40.350455711411769 ], [ -4.239906235654437, 40.350455711411769 ], [ -4.239906235654437, 40.35089227883276 ], [ -4.237685587751912, 40.35089227883276 ], [ -4.237685587751912, 40.351328843427652 ], [ -4.235464939849386, 40.351328843427652 ], [ -4.235464939849386, 40.351765405196446 ], [ -4.23398450791437, 40.351765405196446 ], [ -4.23398450791437, 40.352201964139134 ], [ -4.232504075979353, 40.352201964139134 ], [ -4.232504075979353, 40.351765405196446 ], [ -4.229543212109321, 40.351765405196446 ], [ -4.229543212109321, 40.351328843427652 ], [ -4.226582348239286, 40.351328843427652 ], [ -4.226582348239286, 40.351765405196446 ], [ -4.225842132271779, 40.351765405196446 ], [ -4.225842132271779, 40.352201964139134 ], [ -4.225101916304269, 40.352201964139134 ], [ -4.225101916304269, 40.352638520255709 ], [ -4.224361700336762, 40.352638520255709 ], [ -4.224361700336762, 40.35351162401048 ], [ -4.223621484369254, 40.35351162401048 ], [ -4.223621484369254, 40.353948171648675 ], [ -4.222881268401745, 40.353948171648675 ], [ -4.222881268401745, 40.35351162401048 ], [ -4.222141052434237, 40.35351162401048 ], [ -4.222141052434237, 40.353075073546165 ], [ -4.221400836466728, 40.353075073546165 ], [ -4.221400836466728, 40.352638520255709 ], [ -4.220660620499221, 40.352638520255709 ], [ -4.220660620499221, 40.35089227883276 ], [ -4.219920404531711, 40.35089227883276 ] ] ], [ [ [ -4.347237550943145, 40.365733889574642 ], [ -4.347237550943145, 40.363987987297278 ], [ -4.346497334975637, 40.363987987297278 ], [ -4.346497334975637, 40.363551504662162 ], [ -4.347237550943145, 40.363551504662162 ], [ -4.347237550943145, 40.361805545858779 ], [ -4.347977766910653, 40.361805545858779 ], [ -4.347977766910653, 40.360496047080389 ], [ -4.34945819884567, 40.360496047080389 ], [ -4.34945819884567, 40.360059541835085 ], [ -4.351678846748196, 40.360059541835085 ], [ -4.351678846748196, 40.360496047080389 ], [ -4.352419062715704, 40.360496047080389 ], [ -4.352419062715704, 40.361369049092247 ], [ -4.353159278683212, 40.361369049092247 ], [ -4.353159278683212, 40.361805545858779 ], [ -4.353899494650721, 40.361805545858779 ], [ -4.353899494650721, 40.365733889574642 ], [ -4.353159278683212, 40.365733889574642 ], [ -4.353159278683212, 40.366170358078165 ], [ -4.352419062715704, 40.366170358078165 ], [ -4.352419062715704, 40.36704328660619 ], [ -4.351678846748196, 40.36704328660619 ], [ -4.351678846748196, 40.367479746630671 ], [ -4.350938630780687, 40.367479746630671 ], [ -4.350938630780687, 40.36704328660619 ], [ -4.348717982878162, 40.36704328660619 ], [ -4.348717982878162, 40.366606823755355 ], [ -4.347977766910653, 40.366606823755355 ], [ -4.347977766910653, 40.365733889574642 ], [ -4.347237550943145, 40.365733889574642 ] ] ], [ [ [ -4.377586405610987, 40.490884327068379 ], [ -4.377586405610987, 40.490448667181724 ], [ -4.376846189643478, 40.490448667181724 ], [ -4.376846189643478, 40.490013004466761 ], [ -4.37610597367597, 40.490013004466761 ], [ -4.37610597367597, 40.489577338923475 ], [ -4.374625541740953, 40.489577338923475 ], [ -4.374625541740953, 40.490013004466761 ], [ -4.373885325773445, 40.490013004466761 ], [ -4.373885325773445, 40.490448667181724 ], [ -4.373145109805937, 40.490448667181724 ], [ -4.373145109805937, 40.491319984126712 ], [ -4.370184245935904, 40.491319984126712 ], [ -4.370184245935904, 40.490884327068379 ], [ -4.369444029968395, 40.490884327068379 ], [ -4.369444029968395, 40.490013004466761 ], [ -4.368703814000887, 40.490013004466761 ], [ -4.368703814000887, 40.489141670551909 ], [ -4.367963598033378, 40.489141670551909 ], [ -4.367963598033378, 40.48522052793534 ], [ -4.36722338206587, 40.48522052793534 ], [ -4.36722338206587, 40.483042016382143 ], [ -4.366483166098361, 40.483042016382143 ], [ -4.366483166098361, 40.482606305586884 ], [ -4.365742950130853, 40.482606305586884 ], [ -4.365742950130853, 40.482170591963424 ], [ -4.365002734163346, 40.482170591963424 ], [ -4.365002734163346, 40.481299156231977 ], [ -4.364262518195837, 40.481299156231977 ], [ -4.364262518195837, 40.480863434123997 ], [ -4.363522302228329, 40.480863434123997 ], [ -4.363522302228329, 40.48042770918785 ], [ -4.36278208626082, 40.48042770918785 ], [ -4.36278208626082, 40.479991981423545 ], [ -4.362041870293312, 40.479991981423545 ], [ -4.362041870293312, 40.478249042084897 ], [ -4.361301654325804, 40.478249042084897 ], [ -4.361301654325804, 40.476070304278871 ], [ -4.360561438358295, 40.476070304278871 ], [ -4.360561438358295, 40.473891495770637 ], [ -4.359821222390787, 40.473891495770637 ], [ -4.359821222390787, 40.472584176728994 ], [ -4.359081006423278, 40.472584176728994 ], [ -4.359081006423278, 40.472148398059048 ], [ -4.357600574488262, 40.472148398059048 ], [ -4.357600574488262, 40.472584176728994 ], [ -4.356120142553245, 40.472584176728994 ], [ -4.356120142553245, 40.473019952570915 ], [ -4.355379926585737, 40.473019952570915 ], [ -4.355379926585737, 40.473455725584806 ], [ -4.354639710618229, 40.473455725584806 ], [ -4.354639710618229, 40.473019952570915 ], [ -4.353899494650721, 40.473019952570915 ], [ -4.353899494650721, 40.472584176728994 ], [ -4.353159278683212, 40.472584176728994 ], [ -4.353159278683212, 40.472148398059048 ], [ -4.352419062715704, 40.472148398059048 ], [ -4.352419062715704, 40.471712616561064 ], [ -4.351678846748196, 40.471712616561064 ], [ -4.351678846748196, 40.467354646041258 ], [ -4.352419062715704, 40.467354646041258 ], [ -4.352419062715704, 40.466483018001668 ], [ -4.353159278683212, 40.466483018001668 ], [ -4.353159278683212, 40.464739727987286 ], [ -4.352419062715704, 40.464739727987286 ], [ -4.352419062715704, 40.464303898413895 ], [ -4.351678846748196, 40.464303898413895 ], [ -4.351678846748196, 40.463868066012601 ], [ -4.350938630780687, 40.463868066012601 ], [ -4.350938630780687, 40.462996392726339 ], [ -4.350198414813178, 40.462996392726339 ], [ -4.350198414813178, 40.462560551841385 ], [ -4.34945819884567, 40.462560551841385 ], [ -4.34945819884567, 40.459945447146481 ], [ -4.350198414813178, 40.459945447146481 ], [ -4.350198414813178, 40.457330240649533 ], [ -4.350938630780687, 40.457330240649533 ], [ -4.350938630780687, 40.456894363002725 ], [ -4.353899494650721, 40.456894363002725 ], [ -4.353899494650721, 40.457330240649533 ], [ -4.354639710618229, 40.457330240649533 ], [ -4.354639710618229, 40.457766115468544 ], [ -4.355379926585737, 40.457766115468544 ], [ -4.355379926585737, 40.459509586466538 ], [ -4.356120142553245, 40.459509586466538 ], [ -4.356120142553245, 40.461253012219281 ], [ -4.355379926585737, 40.461253012219281 ], [ -4.355379926585737, 40.462560551841385 ], [ -4.354639710618229, 40.462560551841385 ], [ -4.354639710618229, 40.463868066012601 ], [ -4.353899494650721, 40.463868066012601 ], [ -4.353899494650721, 40.46517555473276 ], [ -4.354639710618229, 40.46517555473276 ], [ -4.354639710618229, 40.465611378650323 ], [ -4.355379926585737, 40.465611378650323 ], [ -4.355379926585737, 40.466047199739961 ], [ -4.356860358520753, 40.466047199739961 ], [ -4.356860358520753, 40.466483018001668 ], [ -4.35834079045577, 40.466483018001668 ], [ -4.35834079045577, 40.466047199739961 ], [ -4.359081006423278, 40.466047199739961 ], [ -4.359081006423278, 40.46517555473276 ], [ -4.359821222390787, 40.46517555473276 ], [ -4.359821222390787, 40.463868066012601 ], [ -4.360561438358295, 40.463868066012601 ], [ -4.360561438358295, 40.462996392726339 ], [ -4.361301654325804, 40.462996392726339 ], [ -4.361301654325804, 40.461688861587852 ], [ -4.362041870293312, 40.461688861587852 ], [ -4.362041870293312, 40.461253012219281 ], [ -4.361301654325804, 40.461253012219281 ], [ -4.361301654325804, 40.457766115468544 ], [ -4.362041870293312, 40.457766115468544 ], [ -4.362041870293312, 40.456022599225754 ], [ -4.36278208626082, 40.456022599225754 ], [ -4.36278208626082, 40.455586713095613 ], [ -4.363522302228329, 40.455586713095613 ], [ -4.363522302228329, 40.455150824137696 ], [ -4.365742950130853, 40.455150824137696 ], [ -4.365742950130853, 40.455586713095613 ], [ -4.366483166098361, 40.455586713095613 ], [ -4.366483166098361, 40.456022599225754 ], [ -4.36722338206587, 40.456022599225754 ], [ -4.36722338206587, 40.457330240649533 ], [ -4.367963598033378, 40.457330240649533 ], [ -4.367963598033378, 40.458201987459759 ], [ -4.368703814000887, 40.458201987459759 ], [ -4.368703814000887, 40.458637856623163 ], [ -4.370184245935904, 40.458637856623163 ], [ -4.370184245935904, 40.458201987459759 ], [ -4.370924461903412, 40.458201987459759 ], [ -4.370924461903412, 40.457766115468544 ], [ -4.37166467787092, 40.457766115468544 ], [ -4.37166467787092, 40.457330240649533 ], [ -4.372404893838429, 40.457330240649533 ], [ -4.372404893838429, 40.456022599225754 ], [ -4.37166467787092, 40.456022599225754 ], [ -4.37166467787092, 40.455150824137696 ], [ -4.370924461903412, 40.455150824137696 ], [ -4.370924461903412, 40.450791779032997 ], [ -4.37166467787092, 40.450791779032997 ], [ -4.37166467787092, 40.450355858970113 ], [ -4.372404893838429, 40.450355858970113 ], [ -4.372404893838429, 40.44991993607956 ], [ -4.373145109805937, 40.44991993607956 ], [ -4.373145109805937, 40.449484010361317 ], [ -4.373885325773445, 40.449484010361317 ], [ -4.373885325773445, 40.448612150441839 ], [ -4.374625541740953, 40.448612150441839 ], [ -4.374625541740953, 40.448176216240611 ], [ -4.375365757708462, 40.448176216240611 ], [ -4.375365757708462, 40.447740279211743 ], [ -4.37610597367597, 40.447740279211743 ], [ -4.37610597367597, 40.446432451159303 ], [ -4.375365757708462, 40.446432451159303 ], [ -4.375365757708462, 40.445124597658264 ], [ -4.374625541740953, 40.445124597658264 ], [ -4.374625541740953, 40.444252681186235 ], [ -4.373885325773445, 40.444252681186235 ], [ -4.373885325773445, 40.443380753403851 ], [ -4.373145109805937, 40.443380753403851 ], [ -4.373145109805937, 40.442072840523501 ], [ -4.372404893838429, 40.442072840523501 ], [ -4.372404893838429, 40.441200884465509 ], [ -4.37166467787092, 40.441200884465509 ], [ -4.37166467787092, 40.439892929171982 ], [ -4.370924461903412, 40.439892929171982 ], [ -4.370924461903412, 40.439020944838695 ], [ -4.370184245935904, 40.439020944838695 ], [ -4.370184245935904, 40.438148949195401 ], [ -4.369444029968395, 40.438148949195401 ], [ -4.369444029968395, 40.436840934524305 ], [ -4.368703814000887, 40.436840934524305 ], [ -4.368703814000887, 40.435968910606213 ], [ -4.367963598033378, 40.435968910606213 ], [ -4.367963598033378, 40.434224828840627 ], [ -4.368703814000887, 40.434224828840627 ], [ -4.368703814000887, 40.433352770993245 ], [ -4.369444029968395, 40.433352770993245 ], [ -4.369444029968395, 40.432044663016576 ], [ -4.370184245935904, 40.432044663016576 ], [ -4.370184245935904, 40.431608621369563 ], [ -4.379807053513512, 40.431608621369563 ], [ -4.379807053513512, 40.430300479464222 ], [ -4.379066837546004, 40.430300479464222 ], [ -4.379066837546004, 40.429864426507699 ], [ -4.377586405610987, 40.429864426507699 ], [ -4.377586405610987, 40.430300479464222 ], [ -4.376846189643478, 40.430300479464222 ], [ -4.376846189643478, 40.429864426507699 ], [ -4.375365757708462, 40.429864426507699 ], [ -4.375365757708462, 40.429428370723834 ], [ -4.374625541740953, 40.429428370723834 ], [ -4.374625541740953, 40.426811976646427 ], [ -4.373885325773445, 40.426811976646427 ], [ -4.373885325773445, 40.424195480785869 ], [ -4.373145109805937, 40.424195480785869 ], [ -4.373145109805937, 40.423759388246957 ], [ -4.372404893838429, 40.423759388246957 ], [ -4.372404893838429, 40.422887194687377 ], [ -4.37166467787092, 40.422887194687377 ], [ -4.37166467787092, 40.422014989818798 ], [ -4.370924461903412, 40.422014989818798 ], [ -4.370924461903412, 40.418962183721284 ], [ -4.37166467787092, 40.418962183721284 ], [ -4.37166467787092, 40.417653795843009 ], [ -4.372404893838429, 40.417653795843009 ], [ -4.372404893838429, 40.416781523121657 ], [ -4.373145109805937, 40.416781523121657 ], [ -4.373145109805937, 40.415909239091704 ], [ -4.372404893838429, 40.415909239091704 ], [ -4.372404893838429, 40.415036943753201 ], [ -4.37166467787092, 40.415036943753201 ], [ -4.37166467787092, 40.41460079184327 ], [ -4.370924461903412, 40.41460079184327 ], [ -4.370924461903412, 40.414164637106218 ], [ -4.370184245935904, 40.414164637106218 ], [ -4.370184245935904, 40.413728479542058 ], [ -4.369444029968395, 40.413728479542058 ], [ -4.369444029968395, 40.409802934245867 ], [ -4.370184245935904, 40.409802934245867 ], [ -4.370184245935904, 40.408494368260193 ], [ -4.370924461903412, 40.408494368260193 ], [ -4.370924461903412, 40.408058173944248 ], [ -4.373145109805937, 40.408058173944248 ], [ -4.373145109805937, 40.407621976801302 ], [ -4.373885325773445, 40.407621976801302 ], [ -4.373885325773445, 40.408494368260193 ], [ -4.374625541740953, 40.408494368260193 ], [ -4.374625541740953, 40.408930559749109 ], [ -4.375365757708462, 40.408930559749109 ], [ -4.375365757708462, 40.409802934245867 ], [ -4.37610597367597, 40.409802934245867 ], [ -4.37610597367597, 40.410239117253695 ], [ -4.378326621578496, 40.410239117253695 ], [ -4.378326621578496, 40.41067529743448 ], [ -4.379807053513512, 40.41067529743448 ], [ -4.379807053513512, 40.411547649314869 ], [ -4.380547269481021, 40.411547649314869 ], [ -4.380547269481021, 40.415036943753201 ], [ -4.381287485448529, 40.415036943753201 ], [ -4.381287485448529, 40.415909239091704 ], [ -4.380547269481021, 40.415909239091704 ], [ -4.380547269481021, 40.416345382520248 ], [ -4.379807053513512, 40.416345382520248 ], [ -4.379807053513512, 40.417217660895908 ], [ -4.379066837546004, 40.417217660895908 ], [ -4.379066837546004, 40.417653795843009 ], [ -4.378326621578496, 40.417653795843009 ], [ -4.378326621578496, 40.418526057255697 ], [ -4.377586405610987, 40.418526057255697 ], [ -4.377586405610987, 40.418962183721284 ], [ -4.378326621578496, 40.418962183721284 ], [ -4.378326621578496, 40.419398307359678 ], [ -4.379066837546004, 40.419398307359678 ], [ -4.379066837546004, 40.419834428170894 ], [ -4.379807053513512, 40.419834428170894 ], [ -4.379807053513512, 40.420270546154889 ], [ -4.382767917383545, 40.420270546154889 ], [ -4.382767917383545, 40.418962183721284 ], [ -4.383508133351054, 40.418962183721284 ], [ -4.383508133351054, 40.416345382520248 ], [ -4.384248349318561, 40.416345382520248 ], [ -4.384248349318561, 40.415909239091704 ], [ -4.38498856528607, 40.415909239091704 ], [ -4.38498856528607, 40.415036943753201 ], [ -4.386468997221087, 40.415036943753201 ], [ -4.386468997221087, 40.415473092836017 ], [ -4.390170077058628, 40.415473092836017 ], [ -4.390170077058628, 40.415909239091704 ], [ -4.395351588831187, 40.415909239091704 ], [ -4.395351588831187, 40.415473092836017 ], [ -4.396091804798695, 40.415473092836017 ], [ -4.396091804798695, 40.415036943753201 ], [ -4.396832020766204, 40.415036943753201 ], [ -4.396832020766204, 40.41460079184327 ], [ -4.397572236733712, 40.41460079184327 ], [ -4.397572236733712, 40.413728479542058 ], [ -4.39831245270122, 40.413728479542058 ], [ -4.39831245270122, 40.413292319150791 ], [ -4.399052668668729, 40.413292319150791 ], [ -4.399052668668729, 40.413728479542058 ], [ -4.399792884636237, 40.413728479542058 ], [ -4.399792884636237, 40.414164637106218 ], [ -4.400533100603745, 40.414164637106218 ], [ -4.400533100603745, 40.41460079184327 ], [ -4.401273316571253, 40.41460079184327 ], [ -4.401273316571253, 40.415036943753201 ], [ -4.402013532538762, 40.415036943753201 ], [ -4.402013532538762, 40.415473092836017 ], [ -4.404234180441287, 40.415473092836017 ], [ -4.404234180441287, 40.41460079184327 ], [ -4.404974396408796, 40.41460079184327 ], [ -4.404974396408796, 40.413728479542058 ], [ -4.405714612376304, 40.413728479542058 ], [ -4.405714612376304, 40.412856155932431 ], [ -4.406454828343811, 40.412856155932431 ], [ -4.406454828343811, 40.412419989886985 ], [ -4.409415692213845, 40.412419989886985 ], [ -4.409415692213845, 40.411983821014466 ], [ -4.412376556083879, 40.411983821014466 ], [ -4.412376556083879, 40.411547649314869 ], [ -4.414597203986404, 40.411547649314869 ], [ -4.414597203986404, 40.4111114747882 ], [ -4.415337419953912, 40.4111114747882 ], [ -4.415337419953912, 40.410239117253695 ], [ -4.41607763592142, 40.410239117253695 ], [ -4.41607763592142, 40.408930559749109 ], [ -4.416817851888928, 40.408930559749109 ], [ -4.416817851888928, 40.407621976801302 ], [ -4.417558067856437, 40.407621976801302 ], [ -4.417558067856437, 40.406749574034386 ], [ -4.418298283823946, 40.406749574034386 ], [ -4.418298283823946, 40.405440948681608 ], [ -4.419038499791453, 40.405440948681608 ], [ -4.419038499791453, 40.405004734576742 ], [ -4.424220011564012, 40.405004734576742 ], [ -4.424220011564012, 40.405440948681608 ], [ -4.432362387206604, 40.405440948681608 ], [ -4.432362387206604, 40.401951156688078 ], [ -4.430881955271587, 40.401951156688078 ], [ -4.430881955271587, 40.401514919967696 ], [ -4.430141739304079, 40.401514919967696 ], [ -4.430141739304079, 40.401078680420419 ], [ -4.42940152333657, 40.401078680420419 ], [ -4.42940152333657, 40.400642438046226 ], [ -4.428661307369062, 40.400642438046226 ], [ -4.428661307369062, 40.400206192845147 ], [ -4.427180875434045, 40.400206192845147 ], [ -4.427180875434045, 40.399769944817194 ], [ -4.425700443499029, 40.399769944817194 ], [ -4.425700443499029, 40.400206192845147 ], [ -4.424220011564012, 40.400206192845147 ], [ -4.424220011564012, 40.400642438046226 ], [ -4.423479795596504, 40.400642438046226 ], [ -4.423479795596504, 40.401078680420419 ], [ -4.422739579628995, 40.401078680420419 ], [ -4.422739579628995, 40.400642438046226 ], [ -4.421259147693979, 40.400642438046226 ], [ -4.421259147693979, 40.400206192845147 ], [ -4.419778715758961, 40.400206192845147 ], [ -4.419778715758961, 40.399769944817194 ], [ -4.418298283823946, 40.399769944817194 ], [ -4.418298283823946, 40.39933369396234 ], [ -4.416817851888928, 40.39933369396234 ], [ -4.416817851888928, 40.39758866227433 ], [ -4.41607763592142, 40.39758866227433 ], [ -4.41607763592142, 40.394534747987073 ], [ -4.415337419953912, 40.394534747987073 ], [ -4.415337419953912, 40.393225885176186 ], [ -4.414597203986404, 40.393225885176186 ], [ -4.414597203986404, 40.392789591918991 ], [ -4.413856988018895, 40.392789591918991 ], [ -4.413856988018895, 40.391916996924316 ], [ -4.413116772051388, 40.391916996924316 ], [ -4.413116772051388, 40.391044390622632 ], [ -4.412376556083879, 40.391044390622632 ], [ -4.412376556083879, 40.390171773013996 ], [ -4.411636340116369, 40.390171773013996 ], [ -4.411636340116369, 40.389299144098459 ], [ -4.410896124148862, 40.389299144098459 ], [ -4.410896124148862, 40.38755385234689 ], [ -4.410155908181353, 40.38755385234689 ], [ -4.410155908181353, 40.384063133163394 ], [ -4.409415692213845, 40.384063133163394 ], [ -4.409415692213845, 40.380135857845154 ], [ -4.408675476246337, 40.380135857845154 ], [ -4.408675476246337, 40.376208353575194 ], [ -4.407935260278829, 40.376208353575194 ], [ -4.407935260278829, 40.374462722632536 ], [ -4.408675476246337, 40.374462722632536 ], [ -4.408675476246337, 40.372717046466299 ], [ -4.409415692213845, 40.372717046466299 ], [ -4.409415692213845, 40.370098447423743 ], [ -4.408675476246337, 40.370098447423743 ], [ -4.408675476246337, 40.366170358078165 ], [ -4.409415692213845, 40.366170358078165 ], [ -4.409415692213845, 40.365297418244779 ], [ -4.410155908181353, 40.365297418244779 ], [ -4.410155908181353, 40.364860944088605 ], [ -4.410896124148862, 40.364860944088605 ], [ -4.410896124148862, 40.364424467106097 ], [ -4.411636340116369, 40.364424467106097 ], [ -4.411636340116369, 40.363115019200748 ], [ -4.412376556083879, 40.363115019200748 ], [ -4.412376556083879, 40.361369049092247 ], [ -4.413116772051388, 40.361369049092247 ], [ -4.413116772051388, 40.359623033763548 ], [ -4.413856988018895, 40.359623033763548 ], [ -4.413856988018895, 40.359186522865755 ], [ -4.414597203986404, 40.359186522865755 ], [ -4.414597203986404, 40.358750009141751 ], [ -4.415337419953912, 40.358750009141751 ], [ -4.415337419953912, 40.358313492591527 ], [ -4.41607763592142, 40.358313492591527 ], [ -4.41607763592142, 40.357876973215085 ], [ -4.416817851888928, 40.357876973215085 ], [ -4.416817851888928, 40.357440451012444 ], [ -4.42051893172647, 40.357440451012444 ], [ -4.42051893172647, 40.357876973215085 ], [ -4.421259147693979, 40.357876973215085 ], [ -4.421259147693979, 40.358313492591527 ], [ -4.421999363661487, 40.358313492591527 ], [ -4.421999363661487, 40.358750009141751 ], [ -4.422739579628995, 40.358750009141751 ], [ -4.422739579628995, 40.359186522865755 ], [ -4.423479795596504, 40.359186522865755 ], [ -4.423479795596504, 40.359623033763548 ], [ -4.424220011564012, 40.359623033763548 ], [ -4.424220011564012, 40.360059541835085 ], [ -4.42496022753152, 40.360059541835085 ], [ -4.42496022753152, 40.360496047080389 ], [ -4.426440659466537, 40.360496047080389 ], [ -4.426440659466537, 40.360932549499445 ], [ -4.427180875434045, 40.360932549499445 ], [ -4.427180875434045, 40.361369049092247 ], [ -4.427921091401553, 40.361369049092247 ], [ -4.427921091401553, 40.361805545858779 ], [ -4.428661307369062, 40.361805545858779 ], [ -4.428661307369062, 40.36224203979905 ], [ -4.430881955271587, 40.36224203979905 ], [ -4.430881955271587, 40.361805545858779 ], [ -4.431622171239096, 40.361805545858779 ], [ -4.431622171239096, 40.361369049092247 ], [ -4.432362387206604, 40.361369049092247 ], [ -4.432362387206604, 40.360932549499445 ], [ -4.433102603174112, 40.360932549499445 ], [ -4.433102603174112, 40.360496047080389 ], [ -4.434583035109129, 40.360496047080389 ], [ -4.434583035109129, 40.360932549499445 ], [ -4.435323251076637, 40.360932549499445 ], [ -4.435323251076637, 40.361369049092247 ], [ -4.436803683011654, 40.361369049092247 ], [ -4.436803683011654, 40.361805545858779 ], [ -4.43828411494667, 40.361805545858779 ], [ -4.43828411494667, 40.36224203979905 ], [ -4.439024330914179, 40.36224203979905 ], [ -4.439024330914179, 40.361805545858779 ], [ -4.439764546881687, 40.361805545858779 ], [ -4.439764546881687, 40.361369049092247 ], [ -4.440504762849196, 40.361369049092247 ], [ -4.440504762849196, 40.360496047080389 ], [ -4.441244978816703, 40.360496047080389 ], [ -4.441244978816703, 40.360059541835085 ], [ -4.445686274621754, 40.360059541835085 ], [ -4.445686274621754, 40.359623033763548 ], [ -4.44716670655677, 40.359623033763548 ], [ -4.44716670655677, 40.358313492591527 ], [ -4.447906922524279, 40.358313492591527 ], [ -4.447906922524279, 40.356567398128547 ], [ -4.448647138491787, 40.356567398128547 ], [ -4.448647138491787, 40.356130867447327 ], [ -4.449387354459295, 40.356130867447327 ], [ -4.449387354459295, 40.355694333939923 ], [ -4.450127570426804, 40.355694333939923 ], [ -4.450127570426804, 40.355257797606349 ], [ -4.45160800236182, 40.355257797606349 ], [ -4.45160800236182, 40.354821258446613 ], [ -4.452348218329329, 40.354821258446613 ], [ -4.452348218329329, 40.354384716460721 ], [ -4.453088434296837, 40.354384716460721 ], [ -4.453088434296837, 40.353948171648675 ], [ -4.453828650264345, 40.353948171648675 ], [ -4.453828650264345, 40.35351162401048 ], [ -4.455309082199362, 40.35351162401048 ], [ -4.455309082199362, 40.353075073546165 ], [ -4.45604929816687, 40.353075073546165 ], [ -4.45604929816687, 40.352638520255709 ], [ -4.456789514134379, 40.352638520255709 ], [ -4.456789514134379, 40.352201964139134 ], [ -4.459010162036904, 40.352201964139134 ], [ -4.459010162036904, 40.352638520255709 ], [ -4.459750378004412, 40.352638520255709 ], [ -4.459750378004412, 40.35351162401048 ], [ -4.460490593971921, 40.35351162401048 ], [ -4.460490593971921, 40.357003925983598 ], [ -4.461230809939428, 40.357003925983598 ], [ -4.461230809939428, 40.358313492591527 ], [ -4.462711241874445, 40.358313492591527 ], [ -4.462711241874445, 40.358750009141751 ], [ -4.464191673809462, 40.358750009141751 ], [ -4.464191673809462, 40.359186522865755 ], [ -4.465672105744479, 40.359186522865755 ], [ -4.465672105744479, 40.359623033763548 ], [ -4.466412321711987, 40.359623033763548 ], [ -4.466412321711987, 40.360059541835085 ], [ -4.467152537679495, 40.360059541835085 ], [ -4.467152537679495, 40.360932549499445 ], [ -4.467892753647004, 40.360932549499445 ], [ -4.467892753647004, 40.361805545858779 ], [ -4.468632969614512, 40.361805545858779 ], [ -4.468632969614512, 40.362678530913037 ], [ -4.469373185582021, 40.362678530913037 ], [ -4.469373185582021, 40.363987987297278 ], [ -4.470113401549528, 40.363987987297278 ], [ -4.470113401549528, 40.364424467106097 ], [ -4.470853617517037, 40.364424467106097 ], [ -4.470853617517037, 40.364860944088605 ], [ -4.472334049452053, 40.364860944088605 ], [ -4.472334049452053, 40.364424467106097 ], [ -4.473074265419562, 40.364424467106097 ], [ -4.473074265419562, 40.363551504662162 ], [ -4.473814481387071, 40.363551504662162 ], [ -4.473814481387071, 40.363115019200748 ], [ -4.474554697354579, 40.363115019200748 ], [ -4.474554697354579, 40.36224203979905 ], [ -4.479736209127137, 40.36224203979905 ], [ -4.479736209127137, 40.361805545858779 ], [ -4.480476425094645, 40.361805545858779 ], [ -4.480476425094645, 40.358750009141751 ], [ -4.481216641062153, 40.358750009141751 ], [ -4.481216641062153, 40.357876973215085 ], [ -4.481956857029662, 40.357876973215085 ], [ -4.481956857029662, 40.357003925983598 ], [ -4.484917720899696, 40.357003925983598 ], [ -4.484917720899696, 40.357440451012444 ], [ -4.485657936867204, 40.357440451012444 ], [ -4.485657936867204, 40.358313492591527 ], [ -4.486398152834712, 40.358313492591527 ], [ -4.486398152834712, 40.358750009141751 ], [ -4.48713836880222, 40.358750009141751 ], [ -4.48713836880222, 40.362678530913037 ], [ -4.487878584769729, 40.362678530913037 ], [ -4.487878584769729, 40.364860944088605 ], [ -4.493060096542288, 40.364860944088605 ], [ -4.493060096542288, 40.365733889574642 ], [ -4.493800312509795, 40.365733889574642 ], [ -4.493800312509795, 40.366606823755355 ], [ -4.494540528477303, 40.366606823755355 ], [ -4.494540528477303, 40.368352658200543 ], [ -4.493800312509795, 40.368352658200543 ], [ -4.493800312509795, 40.371844191424493 ], [ -4.493060096542288, 40.371844191424493 ], [ -4.493060096542288, 40.372280620358616 ], [ -4.493800312509795, 40.372280620358616 ], [ -4.493800312509795, 40.373589890202332 ], [ -4.494540528477303, 40.373589890202332 ], [ -4.494540528477303, 40.374899134607922 ], [ -4.495280744444813, 40.374899134607922 ], [ -4.495280744444813, 40.376208353575194 ], [ -4.49602096041232, 40.376208353575194 ], [ -4.49602096041232, 40.376644754244623 ], [ -4.497501392347337, 40.376644754244623 ], [ -4.497501392347337, 40.376208353575194 ], [ -4.498241608314845, 40.376208353575194 ], [ -4.498241608314845, 40.375335543756833 ], [ -4.498981824282353, 40.375335543756833 ], [ -4.498981824282353, 40.374026307830668 ], [ -4.499722040249862, 40.374026307830668 ], [ -4.499722040249862, 40.37315346974755 ], [ -4.500462256217371, 40.37315346974755 ], [ -4.500462256217371, 40.372717046466299 ], [ -4.501202472184879, 40.372717046466299 ], [ -4.501202472184879, 40.372280620358616 ], [ -4.502682904119895, 40.372280620358616 ], [ -4.502682904119895, 40.371844191424493 ], [ -4.50490355202242, 40.371844191424493 ], [ -4.50490355202242, 40.372280620358616 ], [ -4.505643767989929, 40.372280620358616 ], [ -4.505643767989929, 40.372717046466299 ], [ -4.506383983957437, 40.372717046466299 ], [ -4.506383983957437, 40.37315346974755 ], [ -4.507124199924945, 40.37315346974755 ], [ -4.507124199924945, 40.374026307830668 ], [ -4.507864415892453, 40.374026307830668 ], [ -4.507864415892453, 40.375335543756833 ], [ -4.508604631859962, 40.375335543756833 ], [ -4.508604631859962, 40.376208353575194 ], [ -4.509344847827471, 40.376208353575194 ], [ -4.509344847827471, 40.376644754244623 ], [ -4.511565495729996, 40.376644754244623 ], [ -4.511565495729996, 40.374462722632536 ], [ -4.512305711697504, 40.374462722632536 ], [ -4.512305711697504, 40.371407759663931 ], [ -4.513045927665012, 40.371407759663931 ], [ -4.513045927665012, 40.370971325076951 ], [ -4.515266575567537, 40.370971325076951 ], [ -4.515266575567537, 40.370534887663545 ], [ -4.516006791535045, 40.370534887663545 ], [ -4.516006791535045, 40.370971325076951 ], [ -4.516747007502554, 40.370971325076951 ], [ -4.516747007502554, 40.371407759663931 ], [ -4.517487223470062, 40.371407759663931 ], [ -4.517487223470062, 40.372280620358616 ], [ -4.51822743943757, 40.372280620358616 ], [ -4.51822743943757, 40.37315346974755 ], [ -4.520448087340095, 40.37315346974755 ], [ -4.520448087340095, 40.372717046466299 ], [ -4.521188303307603, 40.372717046466299 ], [ -4.521188303307603, 40.372280620358616 ], [ -4.521928519275112, 40.372280620358616 ], [ -4.521928519275112, 40.371844191424493 ], [ -4.522668735242621, 40.371844191424493 ], [ -4.522668735242621, 40.371407759663931 ], [ -4.523408951210128, 40.371407759663931 ], [ -4.523408951210128, 40.370098447423743 ], [ -4.524149167177637, 40.370098447423743 ], [ -4.524149167177637, 40.367479746630671 ], [ -4.524889383145145, 40.367479746630671 ], [ -4.524889383145145, 40.366606823755355 ], [ -4.525629599112653, 40.366606823755355 ], [ -4.525629599112653, 40.366170358078165 ], [ -4.527110031047671, 40.366170358078165 ], [ -4.527110031047671, 40.365733889574642 ], [ -4.527850247015179, 40.365733889574642 ], [ -4.527850247015179, 40.365297418244779 ], [ -4.528590462982687, 40.365297418244779 ], [ -4.528590462982687, 40.364860944088605 ], [ -4.530070894917704, 40.364860944088605 ], [ -4.530070894917704, 40.364424467106097 ], [ -4.530811110885212, 40.364424467106097 ], [ -4.530811110885212, 40.363987987297278 ], [ -4.53155132685272, 40.363987987297278 ], [ -4.53155132685272, 40.363551504662162 ], [ -4.532291542820229, 40.363551504662162 ], [ -4.532291542820229, 40.360059541835085 ], [ -4.533031758787737, 40.360059541835085 ], [ -4.533031758787737, 40.359186522865755 ], [ -4.533771974755245, 40.359186522865755 ], [ -4.533771974755245, 40.358313492591527 ], [ -4.535992622657771, 40.358313492591527 ], [ -4.535992622657771, 40.358750009141751 ], [ -4.539693702495312, 40.358750009141751 ], [ -4.539693702495312, 40.359186522865755 ], [ -4.540433918462821, 40.359186522865755 ], [ -4.540433918462821, 40.361369049092247 ], [ -4.541174134430329, 40.361369049092247 ], [ -4.541174134430329, 40.364860944088605 ], [ -4.541914350397836, 40.364860944088605 ], [ -4.541914350397836, 40.36704328660619 ], [ -4.542654566365345, 40.36704328660619 ], [ -4.542654566365345, 40.367479746630671 ], [ -4.544875214267871, 40.367479746630671 ], [ -4.544875214267871, 40.36704328660619 ], [ -4.546355646202888, 40.36704328660619 ], [ -4.546355646202888, 40.366606823755355 ], [ -4.547836078137903, 40.366606823755355 ], [ -4.547836078137903, 40.366170358078165 ], [ -4.54931651007292, 40.366170358078165 ], [ -4.54931651007292, 40.365733889574642 ], [ -4.550796942007937, 40.365733889574642 ], [ -4.550796942007937, 40.365297418244779 ], [ -4.551537157975445, 40.365297418244779 ], [ -4.551537157975445, 40.365733889574642 ], [ -4.553017589910462, 40.365733889574642 ], [ -4.553017589910462, 40.366170358078165 ], [ -4.553757805877971, 40.366170358078165 ], [ -4.553757805877971, 40.366606823755355 ], [ -4.555978453780495, 40.366606823755355 ], [ -4.555978453780495, 40.366170358078165 ], [ -4.556718669748004, 40.366170358078165 ], [ -4.556718669748004, 40.365733889574642 ], [ -4.557458885715512, 40.365733889574642 ], [ -4.557458885715512, 40.365297418244779 ], [ -4.55819910168302, 40.365297418244779 ], [ -4.55819910168302, 40.364860944088605 ], [ -4.559679533618037, 40.364860944088605 ], [ -4.559679533618037, 40.365297418244779 ], [ -4.561159965553054, 40.365297418244779 ], [ -4.561159965553054, 40.366170358078165 ], [ -4.561900181520563, 40.366170358078165 ], [ -4.561900181520563, 40.367916203828798 ], [ -4.562640397488071, 40.367916203828798 ], [ -4.562640397488071, 40.368789109745933 ], [ -4.564861045390596, 40.368789109745933 ], [ -4.564861045390596, 40.368352658200543 ], [ -4.565601261358104, 40.368352658200543 ], [ -4.565601261358104, 40.367479746630671 ], [ -4.566341477325612, 40.367479746630671 ], [ -4.566341477325612, 40.36704328660619 ], [ -4.567081693293121, 40.36704328660619 ], [ -4.567081693293121, 40.366606823755355 ], [ -4.567821909260628, 40.366606823755355 ], [ -4.567821909260628, 40.365733889574642 ], [ -4.568562125228137, 40.365733889574642 ], [ -4.568562125228137, 40.363551504662162 ], [ -4.569302341195645, 40.363551504662162 ], [ -4.569302341195645, 40.360932549499445 ], [ -4.570042557163154, 40.360932549499445 ], [ -4.570042557163154, 40.360496047080389 ], [ -4.570782773130663, 40.360496047080389 ], [ -4.570782773130663, 40.360059541835085 ], [ -4.57152298909817, 40.360059541835085 ], [ -4.57152298909817, 40.359623033763548 ], [ -4.57226320506568, 40.359623033763548 ], [ -4.57226320506568, 40.359186522865755 ], [ -4.573003421033187, 40.359186522865755 ], [ -4.573003421033187, 40.358750009141751 ], [ -4.573743637000696, 40.358750009141751 ], [ -4.573743637000696, 40.358313492591527 ], [ -4.574483852968203, 40.358313492591527 ], [ -4.574483852968203, 40.357876973215085 ], [ -4.575224068935712, 40.357876973215085 ], [ -4.575224068935712, 40.357440451012444 ], [ -4.575964284903221, 40.357440451012444 ], [ -4.575964284903221, 40.357003925983598 ], [ -4.576704500870728, 40.357003925983598 ], [ -4.576704500870728, 40.356567398128547 ], [ -4.577444716838238, 40.356567398128547 ], [ -4.577444716838238, 40.356130867447327 ], [ -4.578184932805745, 40.356130867447327 ], [ -4.578184932805745, 40.355257797606349 ], [ -4.578925148773254, 40.355257797606349 ], [ -4.578925148773254, 40.354384716460721 ], [ -4.579665364740762, 40.354384716460721 ], [ -4.579665364740762, 40.35351162401048 ], [ -4.580405580708271, 40.35351162401048 ], [ -4.580405580708271, 40.352638520255709 ], [ -4.587807740383354, 40.352638520255709 ], [ -4.587807740383354, 40.352201964139134 ], [ -4.588547956350863, 40.352201964139134 ], [ -4.588547956350863, 40.351765405196446 ], [ -4.589288172318371, 40.351765405196446 ], [ -4.589288172318371, 40.351328843427652 ], [ -4.590028388285879, 40.351328843427652 ], [ -4.590028388285879, 40.35089227883276 ], [ -4.590768604253388, 40.35089227883276 ], [ -4.590768604253388, 40.350455711411769 ], [ -4.592249036188404, 40.350455711411769 ], [ -4.592249036188404, 40.35089227883276 ], [ -4.593729468123421, 40.35089227883276 ], [ -4.593729468123421, 40.352638520255709 ], [ -4.594469684090929, 40.352638520255709 ], [ -4.594469684090929, 40.353948171648675 ], [ -4.595209900058436, 40.353948171648675 ], [ -4.595209900058436, 40.354384716460721 ], [ -4.596690331993454, 40.354384716460721 ], [ -4.596690331993454, 40.354821258446613 ], [ -4.598170763928471, 40.354821258446613 ], [ -4.598170763928471, 40.355257797606349 ], [ -4.599651195863488, 40.355257797606349 ], [ -4.599651195863488, 40.355694333939923 ], [ -4.60261205973352, 40.355694333939923 ], [ -4.60261205973352, 40.355257797606349 ], [ -4.603352275701029, 40.355257797606349 ], [ -4.603352275701029, 40.354384716460721 ], [ -4.604092491668537, 40.354384716460721 ], [ -4.604092491668537, 40.353075073546165 ], [ -4.604832707636046, 40.353075073546165 ], [ -4.604832707636046, 40.351765405196446 ], [ -4.605572923603554, 40.351765405196446 ], [ -4.605572923603554, 40.35089227883276 ], [ -4.606313139571062, 40.35089227883276 ], [ -4.606313139571062, 40.346963070305314 ], [ -4.605572923603554, 40.346963070305314 ], [ -4.605572923603554, 40.344780077767581 ], [ -4.604832707636046, 40.344780077767581 ], [ -4.604832707636046, 40.343033632869449 ], [ -4.604092491668537, 40.343033632869449 ], [ -4.604092491668537, 40.342160393464553 ], [ -4.60261205973352, 40.342160393464553 ], [ -4.60261205973352, 40.341723769523171 ], [ -4.601131627798504, 40.341723769523171 ], [ -4.601131627798504, 40.341287142755839 ], [ -4.599651195863488, 40.341287142755839 ], [ -4.599651195863488, 40.340850513162572 ], [ -4.598910979895979, 40.340850513162572 ], [ -4.598910979895979, 40.336920719657151 ], [ -4.598170763928471, 40.336920719657151 ], [ -4.598170763928471, 40.336484061804882 ], [ -4.598910979895979, 40.336484061804882 ], [ -4.598910979895979, 40.336047401126777 ], [ -4.599651195863488, 40.336047401126777 ], [ -4.599651195863488, 40.335610737622801 ], [ -4.600391411830995, 40.335610737622801 ], [ -4.600391411830995, 40.334737402137328 ], [ -4.601131627798504, 40.334737402137328 ], [ -4.601131627798504, 40.334300730155832 ], [ -4.601871843766012, 40.334300730155832 ], [ -4.601871843766012, 40.334737402137328 ], [ -4.603352275701029, 40.334737402137328 ], [ -4.603352275701029, 40.335174071292975 ], [ -4.604092491668537, 40.335174071292975 ], [ -4.604092491668537, 40.335610737622801 ], [ -4.604832707636046, 40.335610737622801 ], [ -4.604832707636046, 40.336047401126777 ], [ -4.606313139571062, 40.336047401126777 ], [ -4.606313139571062, 40.335610737622801 ], [ -4.607053355538571, 40.335610737622801 ], [ -4.607053355538571, 40.334737402137328 ], [ -4.607793571506079, 40.334737402137328 ], [ -4.607793571506079, 40.334300730155832 ], [ -4.608533787473587, 40.334300730155832 ], [ -4.608533787473587, 40.333427377715388 ], [ -4.609274003441096, 40.333427377715388 ], [ -4.609274003441096, 40.332554013971695 ], [ -4.610014219408604, 40.332554013971695 ], [ -4.610014219408604, 40.331680638924809 ], [ -4.610754435376112, 40.331680638924809 ], [ -4.610754435376112, 40.331243947162697 ], [ -4.61149465134362, 40.331243947162697 ], [ -4.61149465134362, 40.330370555161139 ], [ -4.612975083278637, 40.330370555161139 ], [ -4.612975083278637, 40.32993385492172 ], [ -4.614455515213654, 40.32993385492172 ], [ -4.614455515213654, 40.329497151856543 ], [ -4.615935947148671, 40.329497151856543 ], [ -4.615935947148671, 40.329060445965617 ], [ -4.616676163116179, 40.329060445965617 ], [ -4.616676163116179, 40.328623737248954 ], [ -4.615935947148671, 40.328623737248954 ], [ -4.615935947148671, 40.327750311338427 ], [ -4.615195731181163, 40.327750311338427 ], [ -4.615195731181163, 40.327313594144591 ], [ -4.614455515213654, 40.327313594144591 ], [ -4.614455515213654, 40.326876874125034 ], [ -4.613715299246146, 40.326876874125034 ], [ -4.613715299246146, 40.325129965789849 ], [ -4.612975083278637, 40.325129965789849 ], [ -4.612975083278637, 40.323383012243838 ], [ -4.613715299246146, 40.323383012243838 ], [ -4.613715299246146, 40.32250951851691 ], [ -4.614455515213654, 40.32250951851691 ], [ -4.614455515213654, 40.321199256734289 ], [ -4.615195731181163, 40.321199256734289 ], [ -4.615195731181163, 40.320325734751137 ], [ -4.618896811018703, 40.320325734751137 ], [ -4.618896811018703, 40.320762497155513 ], [ -4.624078322791262, 40.320762497155513 ], [ -4.624078322791262, 40.320325734751137 ], [ -4.62481853875877, 40.320325734751137 ], [ -4.62481853875877, 40.31945220146558 ], [ -4.62555875472628, 40.31945220146558 ], [ -4.62555875472628, 40.319015430584436 ], [ -4.628519618596312, 40.319015430584436 ], [ -4.628519618596312, 40.31945220146558 ], [ -4.62925983456382, 40.31945220146558 ], [ -4.62925983456382, 40.320325734751137 ], [ -4.630000050531328, 40.320325734751137 ], [ -4.630000050531328, 40.327313594144591 ], [ -4.630740266498838, 40.327313594144591 ], [ -4.630740266498838, 40.327750311338427 ], [ -4.631480482466346, 40.327750311338427 ], [ -4.631480482466346, 40.328187025706555 ], [ -4.632220698433854, 40.328187025706555 ], [ -4.632220698433854, 40.329060445965617 ], [ -4.632960914401362, 40.329060445965617 ], [ -4.632960914401362, 40.329497151856543 ], [ -4.633701130368871, 40.329497151856543 ], [ -4.633701130368871, 40.32993385492172 ], [ -4.635181562303887, 40.32993385492172 ], [ -4.635181562303887, 40.329497151856543 ], [ -4.635921778271396, 40.329497151856543 ], [ -4.635921778271396, 40.328623737248954 ], [ -4.636661994238904, 40.328623737248954 ], [ -4.636661994238904, 40.327750311338427 ], [ -4.637402210206412, 40.327750311338427 ], [ -4.637402210206412, 40.326876874125034 ], [ -4.63814242617392, 40.326876874125034 ], [ -4.63814242617392, 40.325129965789849 ], [ -4.637402210206412, 40.325129965789849 ], [ -4.637402210206412, 40.324693231641845 ], [ -4.636661994238904, 40.324693231641845 ], [ -4.636661994238904, 40.323819754868829 ], [ -4.635921778271396, 40.323819754868829 ], [ -4.635921778271396, 40.323383012243838 ], [ -4.635181562303887, 40.323383012243838 ], [ -4.635181562303887, 40.319015430584436 ], [ -4.635921778271396, 40.319015430584436 ], [ -4.635921778271396, 40.318141880345401 ], [ -4.636661994238904, 40.318141880345401 ], [ -4.636661994238904, 40.317705100987546 ], [ -4.637402210206412, 40.317705100987546 ], [ -4.637402210206412, 40.317268318804118 ], [ -4.638882642141429, 40.317268318804118 ], [ -4.638882642141429, 40.317705100987546 ], [ -4.639622858108937, 40.317705100987546 ], [ -4.639622858108937, 40.318141880345401 ], [ -4.640363074076446, 40.318141880345401 ], [ -4.640363074076446, 40.319015430584436 ], [ -4.641103290043954, 40.319015430584436 ], [ -4.641103290043954, 40.323819754868829 ], [ -4.640363074076446, 40.323819754868829 ], [ -4.640363074076446, 40.324693231641845 ], [ -4.641103290043954, 40.324693231641845 ], [ -4.641103290043954, 40.325129965789849 ], [ -4.641843506011463, 40.325129965789849 ], [ -4.641843506011463, 40.325566697112187 ], [ -4.642583721978971, 40.325566697112187 ], [ -4.642583721978971, 40.326003425608825 ], [ -4.643323937946479, 40.326003425608825 ], [ -4.643323937946479, 40.326876874125034 ], [ -4.644064153913988, 40.326876874125034 ], [ -4.644064153913988, 40.328187025706555 ], [ -4.644804369881496, 40.328187025706555 ], [ -4.644804369881496, 40.329497151856543 ], [ -4.645544585849004, 40.329497151856543 ], [ -4.645544585849004, 40.3308072525748 ], [ -4.646284801816511, 40.3308072525748 ], [ -4.646284801816511, 40.331243947162697 ], [ -4.648505449719037, 40.331243947162697 ], [ -4.648505449719037, 40.32993385492172 ], [ -4.649245665686546, 40.32993385492172 ], [ -4.649245665686546, 40.328187025706555 ], [ -4.649985881654054, 40.328187025706555 ], [ -4.649985881654054, 40.327750311338427 ], [ -4.652206529556579, 40.327750311338427 ], [ -4.652206529556579, 40.327313594144591 ], [ -4.654427177459104, 40.327313594144591 ], [ -4.654427177459104, 40.326876874125034 ], [ -4.655167393426612, 40.326876874125034 ], [ -4.655167393426612, 40.326003425608825 ], [ -4.65590760939412, 40.326003425608825 ], [ -4.65590760939412, 40.324256494668163 ], [ -4.656647825361628, 40.324256494668163 ], [ -4.656647825361628, 40.323819754868829 ], [ -4.657388041329138, 40.323819754868829 ], [ -4.657388041329138, 40.323383012243838 ], [ -4.659608689231662, 40.323383012243838 ], [ -4.659608689231662, 40.323819754868829 ], [ -4.661089121166679, 40.323819754868829 ], [ -4.661089121166679, 40.324693231641845 ], [ -4.661829337134187, 40.324693231641845 ], [ -4.661829337134187, 40.326003425608825 ], [ -4.662569553101696, 40.326003425608825 ], [ -4.662569553101696, 40.327313594144591 ], [ -4.663309769069204, 40.327313594144591 ], [ -4.663309769069204, 40.328623737248954 ], [ -4.664049985036712, 40.328623737248954 ], [ -4.664049985036712, 40.32993385492172 ], [ -4.66479020100422, 40.32993385492172 ], [ -4.66479020100422, 40.331243947162697 ], [ -4.665530416971729, 40.331243947162697 ], [ -4.665530416971729, 40.331680638924809 ], [ -4.666270632939238, 40.331680638924809 ], [ -4.666270632939238, 40.332117327861148 ], [ -4.667010848906746, 40.332117327861148 ], [ -4.667010848906746, 40.332554013971695 ], [ -4.667751064874254, 40.332554013971695 ], [ -4.667751064874254, 40.332990697256449 ], [ -4.668491280841763, 40.332990697256449 ], [ -4.668491280841763, 40.333427377715388 ], [ -4.669231496809271, 40.333427377715388 ], [ -4.669231496809271, 40.333864055348521 ], [ -4.669971712776779, 40.333864055348521 ], [ -4.669971712776779, 40.334300730155832 ], [ -4.672192360679303, 40.334300730155832 ], [ -4.672192360679303, 40.333864055348521 ], [ -4.672932576646812, 40.333864055348521 ], [ -4.672932576646812, 40.328623737248954 ], [ -4.67367279261432, 40.328623737248954 ], [ -4.67367279261432, 40.328187025706555 ], [ -4.674413008581829, 40.328187025706555 ], [ -4.674413008581829, 40.327750311338427 ], [ -4.675153224549338, 40.327750311338427 ], [ -4.675153224549338, 40.327313594144591 ], [ -4.676633656484355, 40.327313594144591 ], [ -4.676633656484355, 40.327750311338427 ], [ -4.677373872451862, 40.327750311338427 ], [ -4.677373872451862, 40.328623737248954 ], [ -4.678114088419371, 40.328623737248954 ], [ -4.678114088419371, 40.329060445965617 ], [ -4.678854304386879, 40.329060445965617 ], [ -4.678854304386879, 40.329497151856543 ], [ -4.679594520354387, 40.329497151856543 ], [ -4.679594520354387, 40.32993385492172 ], [ -4.680334736321896, 40.32993385492172 ], [ -4.680334736321896, 40.3308072525748 ], [ -4.681074952289404, 40.3308072525748 ], [ -4.681074952289404, 40.331243947162697 ], [ -4.683295600191929, 40.331243947162697 ], [ -4.683295600191929, 40.3308072525748 ], [ -4.684776032126946, 40.3308072525748 ], [ -4.684776032126946, 40.330370555161139 ], [ -4.686256464061962, 40.330370555161139 ], [ -4.686256464061962, 40.32993385492172 ], [ -4.687736895996979, 40.32993385492172 ], [ -4.687736895996979, 40.330370555161139 ], [ -4.688477111964487, 40.330370555161139 ], [ -4.688477111964487, 40.3308072525748 ], [ -4.689217327931996, 40.3308072525748 ], [ -4.689217327931996, 40.331243947162697 ], [ -4.689957543899504, 40.331243947162697 ], [ -4.689957543899504, 40.332117327861148 ], [ -4.690697759867012, 40.332117327861148 ], [ -4.690697759867012, 40.332554013971695 ], [ -4.69143797583452, 40.332554013971695 ], [ -4.69143797583452, 40.332990697256449 ], [ -4.692178191802029, 40.332990697256449 ], [ -4.692178191802029, 40.333427377715388 ], [ -4.692918407769538, 40.333427377715388 ], [ -4.692918407769538, 40.334737402137328 ], [ -4.693658623737046, 40.334737402137328 ], [ -4.693658623737046, 40.336484061804882 ], [ -4.694398839704554, 40.336484061804882 ], [ -4.694398839704554, 40.337794026884048 ], [ -4.695139055672063, 40.337794026884048 ], [ -4.695139055672063, 40.338230676258689 ], [ -4.697359703574588, 40.338230676258689 ], [ -4.697359703574588, 40.338667322807424 ], [ -4.701060783412129, 40.338667322807424 ], [ -4.701060783412129, 40.338230676258689 ], [ -4.701800999379638, 40.338230676258689 ], [ -4.701800999379638, 40.337794026884048 ], [ -4.702541215347146, 40.337794026884048 ], [ -4.702541215347146, 40.336920719657151 ], [ -4.703281431314654, 40.336920719657151 ], [ -4.703281431314654, 40.336484061804882 ], [ -4.70550207921718, 40.336484061804882 ], [ -4.70550207921718, 40.336920719657151 ], [ -4.707722727119704, 40.336920719657151 ], [ -4.707722727119704, 40.337357374683528 ], [ -4.70920315905472, 40.337357374683528 ], [ -4.70920315905472, 40.336920719657151 ], [ -4.709943375022228, 40.336920719657151 ], [ -4.709943375022228, 40.336484061804882 ], [ -4.711423806957246, 40.336484061804882 ], [ -4.711423806957246, 40.336047401126777 ], [ -4.712164022924754, 40.336047401126777 ], [ -4.712164022924754, 40.335610737622801 ], [ -4.712904238892262, 40.335610737622801 ], [ -4.712904238892262, 40.335174071292975 ], [ -4.713644454859771, 40.335174071292975 ], [ -4.713644454859771, 40.333864055348521 ], [ -4.712904238892262, 40.333864055348521 ], [ -4.712904238892262, 40.332990697256449 ], [ -4.712164022924754, 40.332990697256449 ], [ -4.712164022924754, 40.331680638924809 ], [ -4.711423806957246, 40.331680638924809 ], [ -4.711423806957246, 40.3308072525748 ], [ -4.710683590989738, 40.3308072525748 ], [ -4.710683590989738, 40.329497151856543 ], [ -4.711423806957246, 40.329497151856543 ], [ -4.711423806957246, 40.328187025706555 ], [ -4.712164022924754, 40.328187025706555 ], [ -4.712164022924754, 40.327313594144591 ], [ -4.712904238892262, 40.327313594144591 ], [ -4.712904238892262, 40.32644015127979 ], [ -4.713644454859771, 40.32644015127979 ], [ -4.713644454859771, 40.325566697112187 ], [ -4.715865102762296, 40.325566697112187 ], [ -4.715865102762296, 40.32644015127979 ], [ -4.716605318729804, 40.32644015127979 ], [ -4.716605318729804, 40.327313594144591 ], [ -4.717345534697313, 40.327313594144591 ], [ -4.717345534697313, 40.328623737248954 ], [ -4.71808575066482, 40.328623737248954 ], [ -4.71808575066482, 40.329497151856543 ], [ -4.71882596663233, 40.329497151856543 ], [ -4.71882596663233, 40.32993385492172 ], [ -4.721046614534854, 40.32993385492172 ], [ -4.721046614534854, 40.329497151856543 ], [ -4.721786830502363, 40.329497151856543 ], [ -4.721786830502363, 40.329060445965617 ], [ -4.72252704646987, 40.329060445965617 ], [ -4.72252704646987, 40.326003425608825 ], [ -4.721786830502363, 40.326003425608825 ], [ -4.721786830502363, 40.322072767414994 ], [ -4.72252704646987, 40.322072767414994 ], [ -4.72252704646987, 40.31945220146558 ], [ -4.723267262437379, 40.31945220146558 ], [ -4.723267262437379, 40.317268318804118 ], [ -4.721786830502363, 40.317268318804118 ], [ -4.721786830502363, 40.316831533795167 ], [ -4.721046614534854, 40.316831533795167 ], [ -4.721046614534854, 40.316394745960643 ], [ -4.719566182599839, 40.316394745960643 ], [ -4.719566182599839, 40.315957955300604 ], [ -4.71882596663233, 40.315957955300604 ], [ -4.71882596663233, 40.314647566367341 ], [ -4.71808575066482, 40.314647566367341 ], [ -4.71808575066482, 40.312026712212344 ], [ -4.71882596663233, 40.312026712212344 ], [ -4.71882596663233, 40.311153071556902 ], [ -4.719566182599839, 40.311153071556902 ], [ -4.719566182599839, 40.309842589382875 ], [ -4.720306398567345, 40.309842589382875 ], [ -4.720306398567345, 40.309405756340674 ], [ -4.721046614534854, 40.309405756340674 ], [ -4.721046614534854, 40.309842589382875 ], [ -4.723267262437379, 40.309842589382875 ], [ -4.723267262437379, 40.310279419599652 ], [ -4.724007478404888, 40.310279419599652 ], [ -4.724007478404888, 40.31377395961762 ], [ -4.724747694372395, 40.31377395961762 ], [ -4.724747694372395, 40.315521161815035 ], [ -4.726228126307412, 40.315521161815035 ], [ -4.726228126307412, 40.315957955300604 ], [ -4.726968342274921, 40.315957955300604 ], [ -4.726968342274921, 40.316394745960643 ], [ -4.728448774209937, 40.316394745960643 ], [ -4.728448774209937, 40.316831533795167 ], [ -4.729188990177446, 40.316831533795167 ], [ -4.729188990177446, 40.318141880345401 ], [ -4.729929206144955, 40.318141880345401 ], [ -4.729929206144955, 40.319888969521159 ], [ -4.730669422112462, 40.319888969521159 ], [ -4.730669422112462, 40.320325734751137 ], [ -4.731409638079971, 40.320325734751137 ], [ -4.731409638079971, 40.320762497155513 ], [ -4.732149854047479, 40.320762497155513 ], [ -4.732149854047479, 40.321199256734289 ], [ -4.732890070014987, 40.321199256734289 ], [ -4.732890070014987, 40.321636013487449 ], [ -4.733630285982496, 40.321636013487449 ], [ -4.733630285982496, 40.322072767414994 ], [ -4.734370501950004, 40.322072767414994 ], [ -4.734370501950004, 40.32250951851691 ], [ -4.735110717917512, 40.32250951851691 ], [ -4.735110717917512, 40.322946266793195 ], [ -4.738071581787547, 40.322946266793195 ], [ -4.738071581787547, 40.32250951851691 ], [ -4.739552013722562, 40.32250951851691 ], [ -4.739552013722562, 40.323383012243838 ], [ -4.740292229690072, 40.323383012243838 ], [ -4.740292229690072, 40.324256494668163 ], [ -4.741032445657578, 40.324256494668163 ], [ -4.741032445657578, 40.325129965789849 ], [ -4.741772661625087, 40.325129965789849 ], [ -4.741772661625087, 40.325566697112187 ], [ -4.743993309527612, 40.325566697112187 ], [ -4.743993309527612, 40.325129965789849 ], [ -4.74547374146263, 40.325129965789849 ], [ -4.74547374146263, 40.324693231641845 ], [ -4.746213957430138, 40.324693231641845 ], [ -4.746213957430138, 40.322946266793195 ], [ -4.74547374146263, 40.322946266793195 ], [ -4.74547374146263, 40.319015430584436 ], [ -4.746213957430138, 40.319015430584436 ], [ -4.746213957430138, 40.318578656877698 ], [ -4.746954173397646, 40.318578656877698 ], [ -4.746954173397646, 40.317705100987546 ], [ -4.747694389365154, 40.317705100987546 ], [ -4.747694389365154, 40.317268318804118 ], [ -4.752135685170204, 40.317268318804118 ], [ -4.752135685170204, 40.317705100987546 ], [ -4.752875901137712, 40.317705100987546 ], [ -4.752875901137712, 40.318141880345401 ], [ -4.753616117105221, 40.318141880345401 ], [ -4.753616117105221, 40.318578656877698 ], [ -4.75435633307273, 40.318578656877698 ], [ -4.75435633307273, 40.31945220146558 ], [ -4.755096549040238, 40.31945220146558 ], [ -4.755096549040238, 40.319888969521159 ], [ -4.756576980975255, 40.319888969521159 ], [ -4.756576980975255, 40.31945220146558 ], [ -4.757317196942763, 40.31945220146558 ], [ -4.757317196942763, 40.319015430584436 ], [ -4.75805741291027, 40.319015430584436 ], [ -4.75805741291027, 40.318141880345401 ], [ -4.759537844845286, 40.318141880345401 ], [ -4.759537844845286, 40.318578656877698 ], [ -4.762498708715321, 40.318578656877698 ], [ -4.762498708715321, 40.318141880345401 ], [ -4.763238924682829, 40.318141880345401 ], [ -4.763238924682829, 40.317268318804118 ], [ -4.763979140650338, 40.317268318804118 ], [ -4.763979140650338, 40.314647566367341 ], [ -4.764719356617847, 40.314647566367341 ], [ -4.764719356617847, 40.312026712212344 ], [ -4.765459572585354, 40.312026712212344 ], [ -4.765459572585354, 40.311589893297345 ], [ -4.766199788552862, 40.311589893297345 ], [ -4.766199788552862, 40.310716246990992 ], [ -4.766940004520372, 40.310716246990992 ], [ -4.766940004520372, 40.310279419599652 ], [ -4.769160652422896, 40.310279419599652 ], [ -4.769160652422896, 40.310716246990992 ], [ -4.770641084357912, 40.310716246990992 ], [ -4.770641084357912, 40.311153071556902 ], [ -4.771381300325421, 40.311153071556902 ], [ -4.771381300325421, 40.312900341565935 ], [ -4.772121516292929, 40.312900341565935 ], [ -4.772121516292929, 40.314210764405232 ], [ -4.772861732260438, 40.314210764405232 ], [ -4.772861732260438, 40.315957955300604 ], [ -4.773601948227946, 40.315957955300604 ], [ -4.773601948227946, 40.317268318804118 ], [ -4.774342164195454, 40.317268318804118 ], [ -4.774342164195454, 40.317705100987546 ], [ -4.775822596130471, 40.317705100987546 ], [ -4.775822596130471, 40.318141880345401 ], [ -4.776562812097978, 40.318141880345401 ], [ -4.776562812097978, 40.318578656877698 ], [ -4.779523675968012, 40.318578656877698 ], [ -4.779523675968012, 40.318141880345401 ], [ -4.78100410790303, 40.318141880345401 ], [ -4.78100410790303, 40.316831533795167 ], [ -4.780263891935521, 40.316831533795167 ], [ -4.780263891935521, 40.314647566367341 ], [ -4.779523675968012, 40.314647566367341 ], [ -4.779523675968012, 40.314210764405232 ], [ -4.780263891935521, 40.314210764405232 ], [ -4.780263891935521, 40.312463528301883 ], [ -4.78100410790303, 40.312463528301883 ], [ -4.78100410790303, 40.311153071556902 ], [ -4.781744323870537, 40.311153071556902 ], [ -4.781744323870537, 40.310716246990992 ], [ -4.783964971773062, 40.310716246990992 ], [ -4.783964971773062, 40.311153071556902 ], [ -4.78470518774057, 40.311153071556902 ], [ -4.78470518774057, 40.311589893297345 ], [ -4.78544540370808, 40.311589893297345 ], [ -4.78544540370808, 40.312026712212344 ], [ -4.786185619675588, 40.312026712212344 ], [ -4.786185619675588, 40.312463528301883 ], [ -4.788406267578112, 40.312463528301883 ], [ -4.788406267578112, 40.312026712212344 ], [ -4.789146483545621, 40.312026712212344 ], [ -4.789146483545621, 40.311589893297345 ], [ -4.78988669951313, 40.311589893297345 ], [ -4.78988669951313, 40.310716246990992 ], [ -4.790626915480637, 40.310716246990992 ], [ -4.790626915480637, 40.309842589382875 ], [ -4.791367131448146, 40.309842589382875 ], [ -4.791367131448146, 40.308968920473042 ], [ -4.792107347415654, 40.308968920473042 ], [ -4.792107347415654, 40.308532081780008 ], [ -4.792847563383162, 40.308532081780008 ], [ -4.792847563383162, 40.307658395917713 ], [ -4.793587779350671, 40.307658395917713 ], [ -4.793587779350671, 40.306784698753852 ], [ -4.794327995318179, 40.306784698753852 ], [ -4.794327995318179, 40.305910990288488 ], [ -4.798769291123229, 40.305910990288488 ], [ -4.798769291123229, 40.306347845933864 ], [ -4.803210586928278, 40.306347845933864 ], [ -4.803210586928278, 40.307658395917713 ], [ -4.803950802895788, 40.307658395917713 ], [ -4.803950802895788, 40.308532081780008 ], [ -4.804691018863296, 40.308532081780008 ], [ -4.804691018863296, 40.309842589382875 ], [ -4.805431234830804, 40.309842589382875 ], [ -4.805431234830804, 40.311589893297345 ], [ -4.804691018863296, 40.311589893297345 ], [ -4.804691018863296, 40.313337152004522 ], [ -4.803950802895788, 40.313337152004522 ], [ -4.803950802895788, 40.31377395961762 ], [ -4.803210586928278, 40.31377395961762 ], [ -4.803210586928278, 40.314210764405232 ], [ -4.802470370960771, 40.314210764405232 ], [ -4.802470370960771, 40.314647566367341 ], [ -4.801730154993263, 40.314647566367341 ], [ -4.801730154993263, 40.316831533795167 ], [ -4.802470370960771, 40.316831533795167 ], [ -4.802470370960771, 40.318141880345401 ], [ -4.803210586928278, 40.318141880345401 ], [ -4.803210586928278, 40.319888969521159 ], [ -4.803950802895788, 40.319888969521159 ], [ -4.803950802895788, 40.321199256734289 ], [ -4.804691018863296, 40.321199256734289 ], [ -4.804691018863296, 40.32250951851691 ], [ -4.805431234830804, 40.32250951851691 ], [ -4.805431234830804, 40.324256494668163 ], [ -4.806171450798313, 40.324256494668163 ], [ -4.806171450798313, 40.325566697112187 ], [ -4.806911666765822, 40.325566697112187 ], [ -4.806911666765822, 40.326003425608825 ], [ -4.806171450798313, 40.326003425608825 ], [ -4.806171450798313, 40.327313594144591 ], [ -4.805431234830804, 40.327313594144591 ], [ -4.805431234830804, 40.328623737248954 ], [ -4.804691018863296, 40.328623737248954 ], [ -4.804691018863296, 40.32993385492172 ], [ -4.803950802895788, 40.32993385492172 ], [ -4.803950802895788, 40.331680638924809 ], [ -4.803210586928278, 40.331680638924809 ], [ -4.803210586928278, 40.336920719657151 ], [ -4.803950802895788, 40.336920719657151 ], [ -4.803950802895788, 40.338667322807424 ], [ -4.803210586928278, 40.338667322807424 ], [ -4.803210586928278, 40.339103966530281 ], [ -4.802470370960771, 40.339103966530281 ], [ -4.802470370960771, 40.339540607427224 ], [ -4.801730154993263, 40.339540607427224 ], [ -4.801730154993263, 40.339977245498261 ], [ -4.800989939025754, 40.339977245498261 ], [ -4.800989939025754, 40.340413880743384 ], [ -4.799509507090738, 40.340413880743384 ], [ -4.799509507090738, 40.339977245498261 ], [ -4.798769291123229, 40.339977245498261 ], [ -4.798769291123229, 40.339540607427224 ], [ -4.798029075155721, 40.339540607427224 ], [ -4.798029075155721, 40.339103966530281 ], [ -4.797288859188213, 40.339103966530281 ], [ -4.797288859188213, 40.338667322807424 ], [ -4.796548643220704, 40.338667322807424 ], [ -4.796548643220704, 40.338230676258689 ], [ -4.795808427253196, 40.338230676258689 ], [ -4.795808427253196, 40.337794026884048 ], [ -4.792847563383162, 40.337794026884048 ], [ -4.792847563383162, 40.339540607427224 ], [ -4.792107347415654, 40.339540607427224 ], [ -4.792107347415654, 40.342597014579979 ], [ -4.791367131448146, 40.342597014579979 ], [ -4.791367131448146, 40.343033632869449 ], [ -4.78988669951313, 40.343033632869449 ], [ -4.78988669951313, 40.343470248332949 ], [ -4.788406267578112, 40.343470248332949 ], [ -4.788406267578112, 40.343906860970478 ], [ -4.787666051610604, 40.343906860970478 ], [ -4.787666051610604, 40.346963070305314 ], [ -4.788406267578112, 40.346963070305314 ], [ -4.788406267578112, 40.347399660334808 ], [ -4.789146483545621, 40.347399660334808 ], [ -4.789146483545621, 40.347836247538254 ], [ -4.790626915480637, 40.347836247538254 ], [ -4.790626915480637, 40.348272831915658 ], [ -4.792107347415654, 40.348272831915658 ], [ -4.792107347415654, 40.348709413467006 ], [ -4.792847563383162, 40.348709413467006 ], [ -4.792847563383162, 40.349145992192305 ], [ -4.794327995318179, 40.349145992192305 ], [ -4.794327995318179, 40.349582568091535 ], [ -4.795808427253196, 40.349582568091535 ], [ -4.795808427253196, 40.350455711411769 ], [ -4.796548643220704, 40.350455711411769 ], [ -4.796548643220704, 40.351765405196446 ], [ -4.797288859188213, 40.351765405196446 ], [ -4.797288859188213, 40.35351162401048 ], [ -4.798029075155721, 40.35351162401048 ], [ -4.798029075155721, 40.354821258446613 ], [ -4.798769291123229, 40.354821258446613 ], [ -4.798769291123229, 40.360059541835085 ], [ -4.800249723058247, 40.360059541835085 ], [ -4.800249723058247, 40.360496047080389 ], [ -4.801730154993263, 40.360496047080389 ], [ -4.801730154993263, 40.360932549499445 ], [ -4.803210586928278, 40.360932549499445 ], [ -4.803210586928278, 40.362678530913037 ], [ -4.803950802895788, 40.362678530913037 ], [ -4.803950802895788, 40.365297418244779 ], [ -4.803210586928278, 40.365297418244779 ], [ -4.803210586928278, 40.36704328660619 ], [ -4.802470370960771, 40.36704328660619 ], [ -4.802470370960771, 40.367479746630671 ], [ -4.800989939025754, 40.367479746630671 ], [ -4.800989939025754, 40.367916203828798 ], [ -4.800249723058247, 40.367916203828798 ], [ -4.800249723058247, 40.368352658200543 ], [ -4.799509507090738, 40.368352658200543 ], [ -4.799509507090738, 40.368789109745933 ], [ -4.798769291123229, 40.368789109745933 ], [ -4.798769291123229, 40.370098447423743 ], [ -4.798029075155721, 40.370098447423743 ], [ -4.798029075155721, 40.371407759663931 ], [ -4.797288859188213, 40.371407759663931 ], [ -4.797288859188213, 40.37315346974755 ], [ -4.796548643220704, 40.37315346974755 ], [ -4.796548643220704, 40.375335543756833 ], [ -4.795808427253196, 40.375335543756833 ], [ -4.795808427253196, 40.380135857845154 ], [ -4.796548643220704, 40.380135857845154 ], [ -4.796548643220704, 40.381008605479778 ], [ -4.795808427253196, 40.381008605479778 ], [ -4.795808427253196, 40.382317705732369 ], [ -4.795068211285687, 40.382317705732369 ], [ -4.795068211285687, 40.384063133163394 ], [ -4.794327995318179, 40.384063133163394 ], [ -4.794327995318179, 40.385372174057103 ], [ -4.793587779350671, 40.385372174057103 ], [ -4.793587779350671, 40.387117522342272 ], [ -4.792847563383162, 40.387117522342272 ], [ -4.792847563383162, 40.388426503876062 ], [ -4.792107347415654, 40.388426503876062 ], [ -4.792107347415654, 40.389735459969579 ], [ -4.791367131448146, 40.389735459969579 ], [ -4.791367131448146, 40.390608083231683 ], [ -4.790626915480637, 40.390608083231683 ], [ -4.790626915480637, 40.391044390622632 ], [ -4.78988669951313, 40.391044390622632 ], [ -4.78988669951313, 40.391916996924316 ], [ -4.789146483545621, 40.391916996924316 ], [ -4.789146483545621, 40.392353295835036 ], [ -4.788406267578112, 40.392353295835036 ], [ -4.788406267578112, 40.393225885176186 ], [ -4.783964971773062, 40.393225885176186 ], [ -4.783964971773062, 40.392789591918991 ], [ -4.780263891935521, 40.392789591918991 ], [ -4.780263891935521, 40.391916996924316 ], [ -4.779523675968012, 40.391916996924316 ], [ -4.779523675968012, 40.391480695186857 ], [ -4.778783460000504, 40.391480695186857 ], [ -4.778783460000504, 40.391044390622632 ], [ -4.778043244032996, 40.391044390622632 ], [ -4.778043244032996, 40.390171773013996 ], [ -4.777303028065488, 40.390171773013996 ], [ -4.777303028065488, 40.389735459969579 ], [ -4.776562812097978, 40.389735459969579 ], [ -4.776562812097978, 40.388862825400615 ], [ -4.775822596130471, 40.388862825400615 ], [ -4.775822596130471, 40.384499482954602 ], [ -4.776562812097978, 40.384499482954602 ], [ -4.776562812097978, 40.383626780545562 ], [ -4.777303028065488, 40.383626780545562 ], [ -4.777303028065488, 40.382754066830046 ], [ -4.778043244032996, 40.382754066830046 ], [ -4.778043244032996, 40.380572233075753 ], [ -4.777303028065488, 40.380572233075753 ], [ -4.777303028065488, 40.380135857845154 ], [ -4.775822596130471, 40.380135857845154 ], [ -4.775822596130471, 40.379699479787988 ], [ -4.774342164195454, 40.379699479787988 ], [ -4.774342164195454, 40.379263098904268 ], [ -4.772861732260438, 40.379263098904268 ], [ -4.772861732260438, 40.379699479787988 ], [ -4.771381300325421, 40.379699479787988 ], [ -4.771381300325421, 40.380135857845154 ], [ -4.769900868390403, 40.380135857845154 ], [ -4.769900868390403, 40.380572233075753 ], [ -4.768420436455387, 40.380572233075753 ], [ -4.768420436455387, 40.381008605479778 ], [ -4.766940004520372, 40.381008605479778 ], [ -4.766940004520372, 40.381444975057235 ], [ -4.766199788552862, 40.381444975057235 ], [ -4.766199788552862, 40.381881341808104 ], [ -4.765459572585354, 40.381881341808104 ], [ -4.765459572585354, 40.382317705732369 ], [ -4.764719356617847, 40.382317705732369 ], [ -4.764719356617847, 40.384935829919179 ], [ -4.765459572585354, 40.384935829919179 ], [ -4.765459572585354, 40.385808515368389 ], [ -4.764719356617847, 40.385808515368389 ], [ -4.764719356617847, 40.38755385234689 ], [ -4.763979140650338, 40.38755385234689 ], [ -4.763979140650338, 40.388862825400615 ], [ -4.762498708715321, 40.388862825400615 ], [ -4.762498708715321, 40.389299144098459 ], [ -4.760278060812795, 40.389299144098459 ], [ -4.760278060812795, 40.388862825400615 ], [ -4.759537844845286, 40.388862825400615 ], [ -4.759537844845286, 40.388426503876062 ], [ -4.757317196942763, 40.388426503876062 ], [ -4.757317196942763, 40.389299144098459 ], [ -4.756576980975255, 40.389299144098459 ], [ -4.756576980975255, 40.390171773013996 ], [ -4.755836765007746, 40.390171773013996 ], [ -4.755836765007746, 40.391480695186857 ], [ -4.755096549040238, 40.391480695186857 ], [ -4.755096549040238, 40.392353295835036 ], [ -4.75435633307273, 40.392353295835036 ], [ -4.75435633307273, 40.392789591918991 ], [ -4.753616117105221, 40.392789591918991 ], [ -4.753616117105221, 40.393225885176186 ], [ -4.752875901137712, 40.393225885176186 ], [ -4.752875901137712, 40.393662175606593 ], [ -4.752135685170204, 40.393662175606593 ], [ -4.752135685170204, 40.394098463210227 ], [ -4.750655253235188, 40.394098463210227 ], [ -4.750655253235188, 40.394534747987073 ], [ -4.749915037267679, 40.394534747987073 ], [ -4.749915037267679, 40.394971029937125 ], [ -4.74917482130017, 40.394971029937125 ], [ -4.74917482130017, 40.395407309060367 ], [ -4.748434605332664, 40.395407309060367 ], [ -4.748434605332664, 40.395843585356808 ], [ -4.747694389365154, 40.395843585356808 ], [ -4.747694389365154, 40.396279858826432 ], [ -4.746954173397646, 40.396279858826432 ], [ -4.746954173397646, 40.399769944817194 ], [ -4.747694389365154, 40.399769944817194 ], [ -4.747694389365154, 40.401514919967696 ], [ -4.746954173397646, 40.401514919967696 ], [ -4.746954173397646, 40.402387390581538 ], [ -4.746213957430138, 40.402387390581538 ], [ -4.746213957430138, 40.403259849887696 ], [ -4.74547374146263, 40.403259849887696 ], [ -4.74547374146263, 40.403696075300381 ], [ -4.744733525495121, 40.403696075300381 ], [ -4.744733525495121, 40.405004734576742 ], [ -4.743993309527612, 40.405004734576742 ], [ -4.743993309527612, 40.408494368260193 ], [ -4.743253093560103, 40.408494368260193 ], [ -4.743253093560103, 40.409802934245867 ], [ -4.742512877592596, 40.409802934245867 ], [ -4.742512877592596, 40.410239117253695 ], [ -4.741772661625087, 40.410239117253695 ], [ -4.741772661625087, 40.41067529743448 ], [ -4.741032445657578, 40.41067529743448 ], [ -4.741032445657578, 40.4111114747882 ], [ -4.738071581787547, 40.4111114747882 ], [ -4.738071581787547, 40.410239117253695 ], [ -4.737331365820038, 40.410239117253695 ], [ -4.737331365820038, 40.40936674841101 ], [ -4.736591149852529, 40.40936674841101 ], [ -4.736591149852529, 40.408494368260193 ], [ -4.735850933885021, 40.408494368260193 ], [ -4.735850933885021, 40.407621976801302 ], [ -4.732149854047479, 40.407621976801302 ], [ -4.732149854047479, 40.408058173944248 ], [ -4.729929206144955, 40.408058173944248 ], [ -4.729929206144955, 40.407621976801302 ], [ -4.728448774209937, 40.407621976801302 ], [ -4.728448774209937, 40.407185776831341 ], [ -4.72770855824243, 40.407185776831341 ], [ -4.72770855824243, 40.406749574034386 ], [ -4.726228126307412, 40.406749574034386 ], [ -4.726228126307412, 40.406313368410451 ], [ -4.725487910339904, 40.406313368410451 ], [ -4.725487910339904, 40.405877159959516 ], [ -4.724747694372395, 40.405877159959516 ], [ -4.724747694372395, 40.405440948681608 ], [ -4.724007478404888, 40.405440948681608 ], [ -4.724007478404888, 40.404568517644904 ], [ -4.723267262437379, 40.404568517644904 ], [ -4.723267262437379, 40.403696075300381 ], [ -4.72252704646987, 40.403696075300381 ], [ -4.72252704646987, 40.403259849887696 ], [ -4.721786830502363, 40.403259849887696 ], [ -4.721786830502363, 40.402823621648082 ], [ -4.72252704646987, 40.402823621648082 ], [ -4.72252704646987, 40.398024924436619 ], [ -4.721786830502363, 40.398024924436619 ], [ -4.721786830502363, 40.39758866227433 ], [ -4.720306398567345, 40.39758866227433 ], [ -4.720306398567345, 40.398024924436619 ], [ -4.719566182599839, 40.398024924436619 ], [ -4.719566182599839, 40.398897440280635 ], [ -4.71882596663233, 40.398897440280635 ], [ -4.71882596663233, 40.39933369396234 ], [ -4.71808575066482, 40.39933369396234 ], [ -4.71808575066482, 40.400206192845147 ], [ -4.717345534697313, 40.400206192845147 ], [ -4.717345534697313, 40.400642438046226 ], [ -4.716605318729804, 40.400642438046226 ], [ -4.716605318729804, 40.401514919967696 ], [ -4.715865102762296, 40.401514919967696 ], [ -4.715865102762296, 40.401951156688078 ], [ -4.715124886794788, 40.401951156688078 ], [ -4.715124886794788, 40.402387390581538 ], [ -4.714384670827279, 40.402387390581538 ], [ -4.714384670827279, 40.402823621648082 ], [ -4.712904238892262, 40.402823621648082 ], [ -4.712904238892262, 40.402387390581538 ], [ -4.709943375022228, 40.402387390581538 ], [ -4.709943375022228, 40.402823621648082 ], [ -4.70920315905472, 40.402823621648082 ], [ -4.70920315905472, 40.403259849887696 ], [ -4.708462943087212, 40.403259849887696 ], [ -4.708462943087212, 40.403696075300381 ], [ -4.707722727119704, 40.403696075300381 ], [ -4.707722727119704, 40.404568517644904 ], [ -4.706982511152195, 40.404568517644904 ], [ -4.706982511152195, 40.405004734576742 ], [ -4.706242295184687, 40.405004734576742 ], [ -4.706242295184687, 40.405440948681608 ], [ -4.70476186324967, 40.405440948681608 ], [ -4.70476186324967, 40.405004734576742 ], [ -4.704021647282163, 40.405004734576742 ], [ -4.704021647282163, 40.404568517644904 ], [ -4.703281431314654, 40.404568517644904 ], [ -4.703281431314654, 40.404132297886122 ], [ -4.701800999379638, 40.404132297886122 ], [ -4.701800999379638, 40.404568517644904 ], [ -4.700320567444621, 40.404568517644904 ], [ -4.700320567444621, 40.405440948681608 ], [ -4.699580351477112, 40.405440948681608 ], [ -4.699580351477112, 40.405877159959516 ], [ -4.698840135509604, 40.405877159959516 ], [ -4.698840135509604, 40.406313368410451 ], [ -4.698099919542096, 40.406313368410451 ], [ -4.698099919542096, 40.406749574034386 ], [ -4.697359703574588, 40.406749574034386 ], [ -4.697359703574588, 40.407185776831341 ], [ -4.696619487607079, 40.407185776831341 ], [ -4.696619487607079, 40.407621976801302 ], [ -4.695879271639571, 40.407621976801302 ], [ -4.695879271639571, 40.408058173944248 ], [ -4.695139055672063, 40.408058173944248 ], [ -4.695139055672063, 40.408494368260193 ], [ -4.694398839704554, 40.408494368260193 ], [ -4.694398839704554, 40.408930559749109 ], [ -4.693658623737046, 40.408930559749109 ], [ -4.693658623737046, 40.40936674841101 ], [ -4.687736895996979, 40.40936674841101 ], [ -4.687736895996979, 40.408930559749109 ], [ -4.683295600191929, 40.408930559749109 ], [ -4.683295600191929, 40.408494368260193 ], [ -4.68255538422442, 40.408494368260193 ], [ -4.68255538422442, 40.407185776831341 ], [ -4.681815168256913, 40.407185776831341 ], [ -4.681815168256913, 40.406313368410451 ], [ -4.681074952289404, 40.406313368410451 ], [ -4.681074952289404, 40.405004734576742 ], [ -4.680334736321896, 40.405004734576742 ], [ -4.680334736321896, 40.404132297886122 ], [ -4.681074952289404, 40.404132297886122 ], [ -4.681074952289404, 40.402823621648082 ], [ -4.681815168256913, 40.402823621648082 ], [ -4.681815168256913, 40.401078680420419 ], [ -4.68255538422442, 40.401078680420419 ], [ -4.68255538422442, 40.400642438046226 ], [ -4.684035816159438, 40.400642438046226 ], [ -4.684035816159438, 40.400206192845147 ], [ -4.684776032126946, 40.400206192845147 ], [ -4.684776032126946, 40.399769944817194 ], [ -4.686256464061962, 40.399769944817194 ], [ -4.686256464061962, 40.39933369396234 ], [ -4.686996680029471, 40.39933369396234 ], [ -4.686996680029471, 40.398897440280635 ], [ -4.688477111964487, 40.398897440280635 ], [ -4.688477111964487, 40.398461183772056 ], [ -4.689217327931996, 40.398461183772056 ], [ -4.689217327931996, 40.398024924436619 ], [ -4.690697759867012, 40.398024924436619 ], [ -4.690697759867012, 40.39758866227433 ], [ -4.692178191802029, 40.39758866227433 ], [ -4.692178191802029, 40.397152397285204 ], [ -4.692918407769538, 40.397152397285204 ], [ -4.692918407769538, 40.396716129469226 ], [ -4.694398839704554, 40.396716129469226 ], [ -4.694398839704554, 40.396279858826432 ], [ -4.695139055672063, 40.396279858826432 ], [ -4.695139055672063, 40.395843585356808 ], [ -4.696619487607079, 40.395843585356808 ], [ -4.696619487607079, 40.393662175606593 ], [ -4.695879271639571, 40.393662175606593 ], [ -4.695879271639571, 40.391916996924316 ], [ -4.695139055672063, 40.391916996924316 ], [ -4.695139055672063, 40.389735459969579 ], [ -4.694398839704554, 40.389735459969579 ], [ -4.694398839704554, 40.38799017952482 ], [ -4.695139055672063, 40.38799017952482 ], [ -4.695139055672063, 40.386244853853007 ], [ -4.695879271639571, 40.386244853853007 ], [ -4.695879271639571, 40.385808515368389 ], [ -4.696619487607079, 40.385808515368389 ], [ -4.696619487607079, 40.385372174057103 ], [ -4.697359703574588, 40.385372174057103 ], [ -4.697359703574588, 40.384935829919179 ], [ -4.698099919542096, 40.384935829919179 ], [ -4.698099919542096, 40.384499482954602 ], [ -4.698840135509604, 40.384499482954602 ], [ -4.698840135509604, 40.383626780545562 ], [ -4.698099919542096, 40.383626780545562 ], [ -4.698099919542096, 40.383190425101112 ], [ -4.696619487607079, 40.383190425101112 ], [ -4.696619487607079, 40.382754066830046 ], [ -4.692918407769538, 40.382754066830046 ], [ -4.692918407769538, 40.383190425101112 ], [ -4.692178191802029, 40.383190425101112 ], [ -4.692178191802029, 40.383626780545562 ], [ -4.69143797583452, 40.383626780545562 ], [ -4.69143797583452, 40.384063133163394 ], [ -4.690697759867012, 40.384063133163394 ], [ -4.690697759867012, 40.384499482954602 ], [ -4.689957543899504, 40.384499482954602 ], [ -4.689957543899504, 40.384935829919179 ], [ -4.689217327931996, 40.384935829919179 ], [ -4.689217327931996, 40.385372174057103 ], [ -4.688477111964487, 40.385372174057103 ], [ -4.688477111964487, 40.385808515368389 ], [ -4.687736895996979, 40.385808515368389 ], [ -4.687736895996979, 40.386244853853007 ], [ -4.686996680029471, 40.386244853853007 ], [ -4.686996680029471, 40.386681189510981 ], [ -4.686256464061962, 40.386681189510981 ], [ -4.686256464061962, 40.387117522342272 ], [ -4.685516248094454, 40.387117522342272 ], [ -4.685516248094454, 40.38755385234689 ], [ -4.684776032126946, 40.38755385234689 ], [ -4.684776032126946, 40.38799017952482 ], [ -4.684035816159438, 40.38799017952482 ], [ -4.684035816159438, 40.388426503876062 ], [ -4.683295600191929, 40.388426503876062 ], [ -4.683295600191929, 40.388862825400615 ], [ -4.679594520354387, 40.388862825400615 ], [ -4.679594520354387, 40.389299144098459 ], [ -4.678854304386879, 40.389299144098459 ], [ -4.678854304386879, 40.391480695186857 ], [ -4.678114088419371, 40.391480695186857 ], [ -4.678114088419371, 40.393225885176186 ], [ -4.677373872451862, 40.393225885176186 ], [ -4.677373872451862, 40.394098463210227 ], [ -4.676633656484355, 40.394098463210227 ], [ -4.676633656484355, 40.394534747987073 ], [ -4.675893440516846, 40.394534747987073 ], [ -4.675893440516846, 40.394971029937125 ], [ -4.672932576646812, 40.394971029937125 ], [ -4.672932576646812, 40.395407309060367 ], [ -4.667010848906746, 40.395407309060367 ], [ -4.667010848906746, 40.395843585356808 ], [ -4.665530416971729, 40.395843585356808 ], [ -4.665530416971729, 40.396279858826432 ], [ -4.66479020100422, 40.396279858826432 ], [ -4.66479020100422, 40.400206192845147 ], [ -4.664049985036712, 40.400206192845147 ], [ -4.664049985036712, 40.400642438046226 ], [ -4.663309769069204, 40.400642438046226 ], [ -4.663309769069204, 40.401514919967696 ], [ -4.662569553101696, 40.401514919967696 ], [ -4.662569553101696, 40.401951156688078 ], [ -4.661829337134187, 40.401951156688078 ], [ -4.661829337134187, 40.402823621648082 ], [ -4.661089121166679, 40.402823621648082 ], [ -4.661089121166679, 40.403259849887696 ], [ -4.660348905199171, 40.403259849887696 ], [ -4.660348905199171, 40.404132297886122 ], [ -4.659608689231662, 40.404132297886122 ], [ -4.659608689231662, 40.405004734576742 ], [ -4.658868473264154, 40.405004734576742 ], [ -4.658868473264154, 40.407185776831341 ], [ -4.658128257296647, 40.407185776831341 ], [ -4.658128257296647, 40.40936674841101 ], [ -4.657388041329138, 40.40936674841101 ], [ -4.657388041329138, 40.411547649314869 ], [ -4.658128257296647, 40.411547649314869 ], [ -4.658128257296647, 40.411983821014466 ], [ -4.660348905199171, 40.411983821014466 ], [ -4.660348905199171, 40.412419989886985 ], [ -4.662569553101696, 40.412419989886985 ], [ -4.662569553101696, 40.412856155932431 ], [ -4.665530416971729, 40.412856155932431 ], [ -4.665530416971729, 40.413292319150791 ], [ -4.666270632939238, 40.413292319150791 ], [ -4.666270632939238, 40.415036943753201 ], [ -4.667010848906746, 40.415036943753201 ], [ -4.667010848906746, 40.418089927962939 ], [ -4.666270632939238, 40.418089927962939 ], [ -4.666270632939238, 40.422014989818798 ], [ -4.667010848906746, 40.422014989818798 ], [ -4.667010848906746, 40.422451093666709 ], [ -4.667751064874254, 40.422451093666709 ], [ -4.667751064874254, 40.422887194687377 ], [ -4.668491280841763, 40.422887194687377 ], [ -4.668491280841763, 40.423323292880802 ], [ -4.669231496809271, 40.423323292880802 ], [ -4.669231496809271, 40.423759388246957 ], [ -4.669971712776779, 40.423759388246957 ], [ -4.669971712776779, 40.424195480785869 ], [ -4.670711928744288, 40.424195480785869 ], [ -4.670711928744288, 40.42463157049751 ], [ -4.671452144711796, 40.42463157049751 ], [ -4.671452144711796, 40.425067657381874 ], [ -4.672932576646812, 40.425067657381874 ], [ -4.672932576646812, 40.426811976646427 ], [ -4.67367279261432, 40.426811976646427 ], [ -4.67367279261432, 40.429428370723834 ], [ -4.672932576646812, 40.429428370723834 ], [ -4.672932576646812, 40.430300479464222 ], [ -4.672192360679303, 40.430300479464222 ], [ -4.672192360679303, 40.431608621369563 ], [ -4.671452144711796, 40.431608621369563 ], [ -4.671452144711796, 40.432044663016576 ], [ -4.670711928744288, 40.432044663016576 ], [ -4.670711928744288, 40.432480701836198 ], [ -4.668491280841763, 40.432480701836198 ], [ -4.668491280841763, 40.432916737828428 ], [ -4.667751064874254, 40.432916737828428 ], [ -4.667751064874254, 40.433352770993245 ], [ -4.667010848906746, 40.433352770993245 ], [ -4.667010848906746, 40.434224828840627 ], [ -4.666270632939238, 40.434224828840627 ], [ -4.666270632939238, 40.435096875378306 ], [ -4.662569553101696, 40.435096875378306 ], [ -4.662569553101696, 40.435532894405988 ], [ -4.661829337134187, 40.435532894405988 ], [ -4.661829337134187, 40.435968910606213 ], [ -4.661089121166679, 40.435968910606213 ], [ -4.661089121166679, 40.43727694224215 ], [ -4.660348905199171, 40.43727694224215 ], [ -4.660348905199171, 40.438148949195401 ], [ -4.658868473264154, 40.438148949195401 ], [ -4.658868473264154, 40.438584948430801 ], [ -4.656647825361628, 40.438584948430801 ], [ -4.656647825361628, 40.438148949195401 ], [ -4.654427177459104, 40.438148949195401 ], [ -4.654427177459104, 40.437712947132518 ], [ -4.652946745524088, 40.437712947132518 ], [ -4.652946745524088, 40.436840934524305 ], [ -4.652206529556579, 40.436840934524305 ], [ -4.652206529556579, 40.435968910606213 ], [ -4.65146631358907, 40.435968910606213 ], [ -4.65146631358907, 40.435532894405988 ], [ -4.650726097621563, 40.435532894405988 ], [ -4.650726097621563, 40.434660853523177 ], [ -4.649985881654054, 40.434660853523177 ], [ -4.649985881654054, 40.428556250674028 ], [ -4.650726097621563, 40.428556250674028 ], [ -4.650726097621563, 40.42463157049751 ], [ -4.649985881654054, 40.42463157049751 ], [ -4.649985881654054, 40.422887194687377 ], [ -4.649245665686546, 40.422887194687377 ], [ -4.649245665686546, 40.421142773641293 ], [ -4.648505449719037, 40.421142773641293 ], [ -4.648505449719037, 40.419834428170894 ], [ -4.649245665686546, 40.419834428170894 ], [ -4.649245665686546, 40.418962183721284 ], [ -4.649985881654054, 40.418962183721284 ], [ -4.649985881654054, 40.418089927962939 ], [ -4.650726097621563, 40.418089927962939 ], [ -4.650726097621563, 40.416781523121657 ], [ -4.65146631358907, 40.416781523121657 ], [ -4.65146631358907, 40.415909239091704 ], [ -4.652206529556579, 40.415909239091704 ], [ -4.652206529556579, 40.413728479542058 ], [ -4.65146631358907, 40.413728479542058 ], [ -4.65146631358907, 40.413292319150791 ], [ -4.650726097621563, 40.413292319150791 ], [ -4.650726097621563, 40.412856155932431 ], [ -4.649985881654054, 40.412856155932431 ], [ -4.649985881654054, 40.412419989886985 ], [ -4.647765233751529, 40.412419989886985 ], [ -4.647765233751529, 40.413292319150791 ], [ -4.647025017784021, 40.413292319150791 ], [ -4.647025017784021, 40.41460079184327 ], [ -4.646284801816511, 40.41460079184327 ], [ -4.646284801816511, 40.415909239091704 ], [ -4.645544585849004, 40.415909239091704 ], [ -4.645544585849004, 40.417217660895908 ], [ -4.644804369881496, 40.417217660895908 ], [ -4.644804369881496, 40.417653795843009 ], [ -4.643323937946479, 40.417653795843009 ], [ -4.643323937946479, 40.418089927962939 ], [ -4.642583721978971, 40.418089927962939 ], [ -4.642583721978971, 40.418526057255697 ], [ -4.641103290043954, 40.418526057255697 ], [ -4.641103290043954, 40.418962183721284 ], [ -4.640363074076446, 40.418962183721284 ], [ -4.640363074076446, 40.419398307359678 ], [ -4.639622858108937, 40.419398307359678 ], [ -4.639622858108937, 40.419834428170894 ], [ -4.63814242617392, 40.419834428170894 ], [ -4.63814242617392, 40.420270546154889 ], [ -4.637402210206412, 40.420270546154889 ], [ -4.637402210206412, 40.420706661311698 ], [ -4.635921778271396, 40.420706661311698 ], [ -4.635921778271396, 40.420270546154889 ], [ -4.635181562303887, 40.420270546154889 ], [ -4.635181562303887, 40.419834428170894 ], [ -4.634441346336379, 40.419834428170894 ], [ -4.634441346336379, 40.419398307359678 ], [ -4.633701130368871, 40.419398307359678 ], [ -4.633701130368871, 40.418962183721284 ], [ -4.632220698433854, 40.418962183721284 ], [ -4.632220698433854, 40.418526057255697 ], [ -4.631480482466346, 40.418526057255697 ], [ -4.631480482466346, 40.418089927962939 ], [ -4.630740266498838, 40.418089927962939 ], [ -4.630740266498838, 40.417653795843009 ], [ -4.630000050531328, 40.417653795843009 ], [ -4.630000050531328, 40.415909239091704 ], [ -4.62925983456382, 40.415909239091704 ], [ -4.62925983456382, 40.41460079184327 ], [ -4.628519618596312, 40.41460079184327 ], [ -4.628519618596312, 40.412856155932431 ], [ -4.627779402628803, 40.412856155932431 ], [ -4.627779402628803, 40.4111114747882 ], [ -4.627039186661296, 40.4111114747882 ], [ -4.627039186661296, 40.41067529743448 ], [ -4.626298970693787, 40.41067529743448 ], [ -4.626298970693787, 40.410239117253695 ], [ -4.62555875472628, 40.410239117253695 ], [ -4.62555875472628, 40.41067529743448 ], [ -4.619637026986212, 40.41067529743448 ], [ -4.619637026986212, 40.4111114747882 ], [ -4.614455515213654, 40.4111114747882 ], [ -4.614455515213654, 40.411547649314869 ], [ -4.609274003441096, 40.411547649314869 ], [ -4.609274003441096, 40.411983821014466 ], [ -4.603352275701029, 40.411983821014466 ], [ -4.603352275701029, 40.412419989886985 ], [ -4.598170763928471, 40.412419989886985 ], [ -4.598170763928471, 40.412856155932431 ], [ -4.589288172318371, 40.412856155932431 ], [ -4.589288172318371, 40.412419989886985 ], [ -4.579665364740762, 40.412419989886985 ], [ -4.579665364740762, 40.412856155932431 ], [ -4.578925148773254, 40.412856155932431 ], [ -4.578925148773254, 40.414164637106218 ], [ -4.578184932805745, 40.414164637106218 ], [ -4.578184932805745, 40.415909239091704 ], [ -4.577444716838238, 40.415909239091704 ], [ -4.577444716838238, 40.417653795843009 ], [ -4.576704500870728, 40.417653795843009 ], [ -4.576704500870728, 40.418962183721284 ], [ -4.575964284903221, 40.418962183721284 ], [ -4.575964284903221, 40.419398307359678 ], [ -4.575224068935712, 40.419398307359678 ], [ -4.575224068935712, 40.419834428170894 ], [ -4.573743637000696, 40.419834428170894 ], [ -4.573743637000696, 40.419398307359678 ], [ -4.573003421033187, 40.419398307359678 ], [ -4.573003421033187, 40.418962183721284 ], [ -4.57152298909817, 40.418962183721284 ], [ -4.57152298909817, 40.418526057255697 ], [ -4.570782773130663, 40.418526057255697 ], [ -4.570782773130663, 40.417217660895908 ], [ -4.570042557163154, 40.417217660895908 ], [ -4.570042557163154, 40.41460079184327 ], [ -4.569302341195645, 40.41460079184327 ], [ -4.569302341195645, 40.413728479542058 ], [ -4.568562125228137, 40.413728479542058 ], [ -4.568562125228137, 40.413292319150791 ], [ -4.567821909260628, 40.413292319150791 ], [ -4.567821909260628, 40.413728479542058 ], [ -4.565601261358104, 40.413728479542058 ], [ -4.565601261358104, 40.414164637106218 ], [ -4.564861045390596, 40.414164637106218 ], [ -4.564861045390596, 40.419398307359678 ], [ -4.565601261358104, 40.419398307359678 ], [ -4.565601261358104, 40.420270546154889 ], [ -4.564861045390596, 40.420270546154889 ], [ -4.564861045390596, 40.420706661311698 ], [ -4.564120829423087, 40.420706661311698 ], [ -4.564120829423087, 40.421142773641293 ], [ -4.563380613455579, 40.421142773641293 ], [ -4.563380613455579, 40.421578883143653 ], [ -4.562640397488071, 40.421578883143653 ], [ -4.562640397488071, 40.422451093666709 ], [ -4.561159965553054, 40.422451093666709 ], [ -4.561159965553054, 40.422014989818798 ], [ -4.560419749585545, 40.422014989818798 ], [ -4.560419749585545, 40.421578883143653 ], [ -4.559679533618037, 40.421578883143653 ], [ -4.559679533618037, 40.419834428170894 ], [ -4.558939317650529, 40.419834428170894 ], [ -4.558939317650529, 40.417217660895908 ], [ -4.55819910168302, 40.417217660895908 ], [ -4.55819910168302, 40.415909239091704 ], [ -4.553757805877971, 40.415909239091704 ], [ -4.553757805877971, 40.415473092836017 ], [ -4.553017589910462, 40.415473092836017 ], [ -4.553017589910462, 40.414164637106218 ], [ -4.552277373942954, 40.414164637106218 ], [ -4.552277373942954, 40.413292319150791 ], [ -4.551537157975445, 40.413292319150791 ], [ -4.551537157975445, 40.411983821014466 ], [ -4.550796942007937, 40.411983821014466 ], [ -4.550796942007937, 40.411547649314869 ], [ -4.547836078137903, 40.411547649314869 ], [ -4.547836078137903, 40.411983821014466 ], [ -4.545615430235379, 40.411983821014466 ], [ -4.545615430235379, 40.412419989886985 ], [ -4.544134998300362, 40.412419989886985 ], [ -4.544134998300362, 40.416781523121657 ], [ -4.543394782332854, 40.416781523121657 ], [ -4.543394782332854, 40.417217660895908 ], [ -4.542654566365345, 40.417217660895908 ], [ -4.542654566365345, 40.417653795843009 ], [ -4.541914350397836, 40.417653795843009 ], [ -4.541914350397836, 40.418089927962939 ], [ -4.541174134430329, 40.418089927962939 ], [ -4.541174134430329, 40.418962183721284 ], [ -4.540433918462821, 40.418962183721284 ], [ -4.540433918462821, 40.421142773641293 ], [ -4.541174134430329, 40.421142773641293 ], [ -4.541174134430329, 40.42463157049751 ], [ -4.540433918462821, 40.42463157049751 ], [ -4.540433918462821, 40.425939822668738 ], [ -4.539693702495312, 40.425939822668738 ], [ -4.539693702495312, 40.426375901071239 ], [ -4.538953486527804, 40.426375901071239 ], [ -4.538953486527804, 40.426811976646427 ], [ -4.538213270560296, 40.426811976646427 ], [ -4.538213270560296, 40.427248049394315 ], [ -4.536732838625279, 40.427248049394315 ], [ -4.536732838625279, 40.426811976646427 ], [ -4.532291542820229, 40.426811976646427 ], [ -4.532291542820229, 40.426375901071239 ], [ -4.530811110885212, 40.426375901071239 ], [ -4.530811110885212, 40.425939822668738 ], [ -4.530070894917704, 40.425939822668738 ], [ -4.530070894917704, 40.42463157049751 ], [ -4.529330678950195, 40.42463157049751 ], [ -4.529330678950195, 40.423759388246957 ], [ -4.528590462982687, 40.423759388246957 ], [ -4.528590462982687, 40.420270546154889 ], [ -4.529330678950195, 40.420270546154889 ], [ -4.529330678950195, 40.419398307359678 ], [ -4.530070894917704, 40.419398307359678 ], [ -4.530070894917704, 40.418962183721284 ], [ -4.530811110885212, 40.418962183721284 ], [ -4.530811110885212, 40.418526057255697 ], [ -4.535992622657771, 40.418526057255697 ], [ -4.535992622657771, 40.418962183721284 ], [ -4.538213270560296, 40.418962183721284 ], [ -4.538213270560296, 40.418526057255697 ], [ -4.538953486527804, 40.418526057255697 ], [ -4.538953486527804, 40.416781523121657 ], [ -4.538213270560296, 40.416781523121657 ], [ -4.538213270560296, 40.412419989886985 ], [ -4.537473054592787, 40.412419989886985 ], [ -4.537473054592787, 40.408494368260193 ], [ -4.538213270560296, 40.408494368260193 ], [ -4.538213270560296, 40.406749574034386 ], [ -4.538953486527804, 40.406749574034386 ], [ -4.538953486527804, 40.404568517644904 ], [ -4.539693702495312, 40.404568517644904 ], [ -4.539693702495312, 40.402823621648082 ], [ -4.538953486527804, 40.402823621648082 ], [ -4.538953486527804, 40.402387390581538 ], [ -4.537473054592787, 40.402387390581538 ], [ -4.537473054592787, 40.401951156688078 ], [ -4.535992622657771, 40.401951156688078 ], [ -4.535992622657771, 40.402823621648082 ], [ -4.535252406690263, 40.402823621648082 ], [ -4.535252406690263, 40.404132297886122 ], [ -4.534512190722753, 40.404132297886122 ], [ -4.534512190722753, 40.405877159959516 ], [ -4.533771974755245, 40.405877159959516 ], [ -4.533771974755245, 40.406313368410451 ], [ -4.533031758787737, 40.406313368410451 ], [ -4.533031758787737, 40.406749574034386 ], [ -4.532291542820229, 40.406749574034386 ], [ -4.532291542820229, 40.407185776831341 ], [ -4.53155132685272, 40.407185776831341 ], [ -4.53155132685272, 40.407621976801302 ], [ -4.530811110885212, 40.407621976801302 ], [ -4.530811110885212, 40.408058173944248 ], [ -4.530070894917704, 40.408058173944248 ], [ -4.530070894917704, 40.408494368260193 ], [ -4.529330678950195, 40.408494368260193 ], [ -4.529330678950195, 40.408930559749109 ], [ -4.528590462982687, 40.408930559749109 ], [ -4.528590462982687, 40.40936674841101 ], [ -4.527110031047671, 40.40936674841101 ], [ -4.527110031047671, 40.408930559749109 ], [ -4.524889383145145, 40.408930559749109 ], [ -4.524889383145145, 40.408494368260193 ], [ -4.522668735242621, 40.408494368260193 ], [ -4.522668735242621, 40.408930559749109 ], [ -4.521928519275112, 40.408930559749109 ], [ -4.521928519275112, 40.40936674841101 ], [ -4.521188303307603, 40.40936674841101 ], [ -4.521188303307603, 40.410239117253695 ], [ -4.520448087340095, 40.410239117253695 ], [ -4.520448087340095, 40.41067529743448 ], [ -4.516006791535045, 40.41067529743448 ], [ -4.516006791535045, 40.4111114747882 ], [ -4.515266575567537, 40.4111114747882 ], [ -4.515266575567537, 40.412419989886985 ], [ -4.514526359600028, 40.412419989886985 ], [ -4.514526359600028, 40.413292319150791 ], [ -4.513786143632521, 40.413292319150791 ], [ -4.513786143632521, 40.41460079184327 ], [ -4.513045927665012, 40.41460079184327 ], [ -4.513045927665012, 40.415036943753201 ], [ -4.510825279762487, 40.415036943753201 ], [ -4.510825279762487, 40.41460079184327 ], [ -4.508604631859962, 40.41460079184327 ], [ -4.508604631859962, 40.414164637106218 ], [ -4.506383983957437, 40.414164637106218 ], [ -4.506383983957437, 40.413728479542058 ], [ -4.503423120087404, 40.413728479542058 ], [ -4.503423120087404, 40.413292319150791 ], [ -4.501202472184879, 40.413292319150791 ], [ -4.501202472184879, 40.412856155932431 ], [ -4.499722040249862, 40.412856155932431 ], [ -4.499722040249862, 40.413292319150791 ], [ -4.498981824282353, 40.413292319150791 ], [ -4.498981824282353, 40.41460079184327 ], [ -4.498241608314845, 40.41460079184327 ], [ -4.498241608314845, 40.417217660895908 ], [ -4.497501392347337, 40.417217660895908 ], [ -4.497501392347337, 40.419834428170894 ], [ -4.496761176379829, 40.419834428170894 ], [ -4.496761176379829, 40.420270546154889 ], [ -4.497501392347337, 40.420270546154889 ], [ -4.497501392347337, 40.425067657381874 ], [ -4.496761176379829, 40.425067657381874 ], [ -4.496761176379829, 40.425939822668738 ], [ -4.49602096041232, 40.425939822668738 ], [ -4.49602096041232, 40.426375901071239 ], [ -4.492319880574779, 40.426375901071239 ], [ -4.492319880574779, 40.425939822668738 ], [ -4.491579664607271, 40.425939822668738 ], [ -4.491579664607271, 40.425503741438959 ], [ -4.490839448639762, 40.425503741438959 ], [ -4.490839448639762, 40.425067657381874 ], [ -4.490099232672254, 40.425067657381874 ], [ -4.490099232672254, 40.42463157049751 ], [ -4.489359016704745, 40.42463157049751 ], [ -4.489359016704745, 40.424195480785869 ], [ -4.488618800737236, 40.424195480785869 ], [ -4.488618800737236, 40.423759388246957 ], [ -4.487878584769729, 40.423759388246957 ], [ -4.487878584769729, 40.423323292880802 ], [ -4.486398152834712, 40.423323292880802 ], [ -4.486398152834712, 40.423759388246957 ], [ -4.485657936867204, 40.423759388246957 ], [ -4.485657936867204, 40.42463157049751 ], [ -4.484917720899696, 40.42463157049751 ], [ -4.484917720899696, 40.425503741438959 ], [ -4.484177504932187, 40.425503741438959 ], [ -4.484177504932187, 40.426375901071239 ], [ -4.483437288964679, 40.426375901071239 ], [ -4.483437288964679, 40.427248049394315 ], [ -4.480476425094645, 40.427248049394315 ], [ -4.480476425094645, 40.427684119314875 ], [ -4.478995993159629, 40.427684119314875 ], [ -4.478995993159629, 40.427248049394315 ], [ -4.47825577719212, 40.427248049394315 ], [ -4.47825577719212, 40.426811976646427 ], [ -4.477515561224612, 40.426811976646427 ], [ -4.477515561224612, 40.426375901071239 ], [ -4.476775345257104, 40.426375901071239 ], [ -4.476775345257104, 40.425939822668738 ], [ -4.475294913322087, 40.425939822668738 ], [ -4.475294913322087, 40.425503741438959 ], [ -4.474554697354579, 40.425503741438959 ], [ -4.474554697354579, 40.425067657381874 ], [ -4.473814481387071, 40.425067657381874 ], [ -4.473814481387071, 40.42463157049751 ], [ -4.473074265419562, 40.42463157049751 ], [ -4.473074265419562, 40.424195480785869 ], [ -4.472334049452053, 40.424195480785869 ], [ -4.472334049452053, 40.423759388246957 ], [ -4.471593833484545, 40.423759388246957 ], [ -4.471593833484545, 40.424195480785869 ], [ -4.470853617517037, 40.424195480785869 ], [ -4.470853617517037, 40.42463157049751 ], [ -4.470113401549528, 40.42463157049751 ], [ -4.470113401549528, 40.426375901071239 ], [ -4.469373185582021, 40.426375901071239 ], [ -4.469373185582021, 40.427684119314875 ], [ -4.468632969614512, 40.427684119314875 ], [ -4.468632969614512, 40.428120186408115 ], [ -4.467892753647004, 40.428120186408115 ], [ -4.467892753647004, 40.428556250674028 ], [ -4.467152537679495, 40.428556250674028 ], [ -4.467152537679495, 40.428992312112605 ], [ -4.465672105744479, 40.428992312112605 ], [ -4.465672105744479, 40.428556250674028 ], [ -4.46493188977697, 40.428556250674028 ], [ -4.46493188977697, 40.428120186408115 ], [ -4.464191673809462, 40.428120186408115 ], [ -4.464191673809462, 40.425939822668738 ], [ -4.463451457841953, 40.425939822668738 ], [ -4.463451457841953, 40.422451093666709 ], [ -4.464191673809462, 40.422451093666709 ], [ -4.464191673809462, 40.421578883143653 ], [ -4.46493188977697, 40.421578883143653 ], [ -4.46493188977697, 40.420270546154889 ], [ -4.465672105744479, 40.420270546154889 ], [ -4.465672105744479, 40.419398307359678 ], [ -4.466412321711987, 40.419398307359678 ], [ -4.466412321711987, 40.418089927962939 ], [ -4.467152537679495, 40.418089927962939 ], [ -4.467152537679495, 40.417217660895908 ], [ -4.467892753647004, 40.417217660895908 ], [ -4.467892753647004, 40.416345382520248 ], [ -4.468632969614512, 40.416345382520248 ], [ -4.468632969614512, 40.415909239091704 ], [ -4.469373185582021, 40.415909239091704 ], [ -4.469373185582021, 40.415036943753201 ], [ -4.470113401549528, 40.415036943753201 ], [ -4.470113401549528, 40.41460079184327 ], [ -4.470853617517037, 40.41460079184327 ], [ -4.470853617517037, 40.414164637106218 ], [ -4.471593833484545, 40.414164637106218 ], [ -4.471593833484545, 40.413292319150791 ], [ -4.472334049452053, 40.413292319150791 ], [ -4.472334049452053, 40.412856155932431 ], [ -4.473074265419562, 40.412856155932431 ], [ -4.473074265419562, 40.411983821014466 ], [ -4.473814481387071, 40.411983821014466 ], [ -4.473814481387071, 40.411547649314869 ], [ -4.474554697354579, 40.411547649314869 ], [ -4.474554697354579, 40.4111114747882 ], [ -4.475294913322087, 40.4111114747882 ], [ -4.475294913322087, 40.410239117253695 ], [ -4.476035129289595, 40.410239117253695 ], [ -4.476035129289595, 40.409802934245867 ], [ -4.476775345257104, 40.409802934245867 ], [ -4.476775345257104, 40.408058173944248 ], [ -4.471593833484545, 40.408058173944248 ], [ -4.471593833484545, 40.407621976801302 ], [ -4.467152537679495, 40.407621976801302 ], [ -4.467152537679495, 40.408058173944248 ], [ -4.46493188977697, 40.408058173944248 ], [ -4.46493188977697, 40.408494368260193 ], [ -4.463451457841953, 40.408494368260193 ], [ -4.463451457841953, 40.407621976801302 ], [ -4.461230809939428, 40.407621976801302 ], [ -4.461230809939428, 40.408058173944248 ], [ -4.460490593971921, 40.408058173944248 ], [ -4.460490593971921, 40.408494368260193 ], [ -4.458269946069396, 40.408494368260193 ], [ -4.458269946069396, 40.408930559749109 ], [ -4.457529730101887, 40.408930559749109 ], [ -4.457529730101887, 40.41067529743448 ], [ -4.459750378004412, 40.41067529743448 ], [ -4.459750378004412, 40.410239117253695 ], [ -4.460490593971921, 40.410239117253695 ], [ -4.460490593971921, 40.408930559749109 ], [ -4.461230809939428, 40.408930559749109 ], [ -4.461230809939428, 40.40936674841101 ], [ -4.463451457841953, 40.40936674841101 ], [ -4.463451457841953, 40.41067529743448 ], [ -4.464191673809462, 40.41067529743448 ], [ -4.464191673809462, 40.411547649314869 ], [ -4.46493188977697, 40.411547649314869 ], [ -4.46493188977697, 40.412856155932431 ], [ -4.465672105744479, 40.412856155932431 ], [ -4.465672105744479, 40.413728479542058 ], [ -4.46493188977697, 40.413728479542058 ], [ -4.46493188977697, 40.415036943753201 ], [ -4.464191673809462, 40.415036943753201 ], [ -4.464191673809462, 40.415909239091704 ], [ -4.463451457841953, 40.415909239091704 ], [ -4.463451457841953, 40.417217660895908 ], [ -4.462711241874445, 40.417217660895908 ], [ -4.462711241874445, 40.416781523121657 ], [ -4.460490593971921, 40.416781523121657 ], [ -4.460490593971921, 40.416345382520248 ], [ -4.459750378004412, 40.416345382520248 ], [ -4.459750378004412, 40.415473092836017 ], [ -4.459010162036904, 40.415473092836017 ], [ -4.459010162036904, 40.413292319150791 ], [ -4.458269946069396, 40.413292319150791 ], [ -4.458269946069396, 40.411983821014466 ], [ -4.45604929816687, 40.411983821014466 ], [ -4.45604929816687, 40.412419989886985 ], [ -4.453828650264345, 40.412419989886985 ], [ -4.453828650264345, 40.412856155932431 ], [ -4.45160800236182, 40.412856155932431 ], [ -4.45160800236182, 40.413292319150791 ], [ -4.449387354459295, 40.413292319150791 ], [ -4.449387354459295, 40.413728479542058 ], [ -4.447906922524279, 40.413728479542058 ], [ -4.447906922524279, 40.414164637106218 ], [ -4.446426490589261, 40.414164637106218 ], [ -4.446426490589261, 40.41460079184327 ], [ -4.445686274621754, 40.41460079184327 ], [ -4.445686274621754, 40.418526057255697 ], [ -4.444946058654245, 40.418526057255697 ], [ -4.444946058654245, 40.423323292880802 ], [ -4.444205842686737, 40.423323292880802 ], [ -4.444205842686737, 40.424195480785869 ], [ -4.443465626719228, 40.424195480785869 ], [ -4.443465626719228, 40.425503741438959 ], [ -4.44272541075172, 40.425503741438959 ], [ -4.44272541075172, 40.426811976646427 ], [ -4.441985194784213, 40.426811976646427 ], [ -4.441985194784213, 40.428120186408115 ], [ -4.441244978816703, 40.428120186408115 ], [ -4.441244978816703, 40.428556250674028 ], [ -4.440504762849196, 40.428556250674028 ], [ -4.440504762849196, 40.428120186408115 ], [ -4.439024330914179, 40.428120186408115 ], [ -4.439024330914179, 40.427684119314875 ], [ -4.436803683011654, 40.427684119314875 ], [ -4.436803683011654, 40.427248049394315 ], [ -4.435323251076637, 40.427248049394315 ], [ -4.435323251076637, 40.426811976646427 ], [ -4.433102603174112, 40.426811976646427 ], [ -4.433102603174112, 40.426375901071239 ], [ -4.430881955271587, 40.426375901071239 ], [ -4.430881955271587, 40.425939822668738 ], [ -4.42940152333657, 40.425939822668738 ], [ -4.42940152333657, 40.426375901071239 ], [ -4.427921091401553, 40.426375901071239 ], [ -4.427921091401553, 40.426811976646427 ], [ -4.426440659466537, 40.426811976646427 ], [ -4.426440659466537, 40.427248049394315 ], [ -4.42496022753152, 40.427248049394315 ], [ -4.42496022753152, 40.429428370723834 ], [ -4.424220011564012, 40.429428370723834 ], [ -4.424220011564012, 40.43378880133065 ], [ -4.423479795596504, 40.43378880133065 ], [ -4.423479795596504, 40.435096875378306 ], [ -4.422739579628995, 40.435096875378306 ], [ -4.422739579628995, 40.435532894405988 ], [ -4.419038499791453, 40.435532894405988 ], [ -4.419038499791453, 40.435096875378306 ], [ -4.417558067856437, 40.435096875378306 ], [ -4.417558067856437, 40.434660853523177 ], [ -4.415337419953912, 40.434660853523177 ], [ -4.415337419953912, 40.434224828840627 ], [ -4.413116772051388, 40.434224828840627 ], [ -4.413116772051388, 40.434660853523177 ], [ -4.412376556083879, 40.434660853523177 ], [ -4.412376556083879, 40.435532894405988 ], [ -4.411636340116369, 40.435532894405988 ], [ -4.411636340116369, 40.436404923978991 ], [ -4.410896124148862, 40.436404923978991 ], [ -4.410896124148862, 40.43727694224215 ], [ -4.410155908181353, 40.43727694224215 ], [ -4.410155908181353, 40.437712947132518 ], [ -4.409415692213845, 40.437712947132518 ], [ -4.409415692213845, 40.440328917097347 ], [ -4.410155908181353, 40.440328917097347 ], [ -4.410155908181353, 40.441636863908272 ], [ -4.410896124148862, 40.441636863908272 ], [ -4.410896124148862, 40.442944785271294 ], [ -4.411636340116369, 40.442944785271294 ], [ -4.411636340116369, 40.443380753403851 ], [ -4.412376556083879, 40.443380753403851 ], [ -4.412376556083879, 40.443816718708824 ], [ -4.413116772051388, 40.443816718708824 ], [ -4.413116772051388, 40.444252681186235 ], [ -4.414597203986404, 40.444252681186235 ], [ -4.414597203986404, 40.444688640836041 ], [ -4.415337419953912, 40.444688640836041 ], [ -4.415337419953912, 40.445124597658264 ], [ -4.41607763592142, 40.445124597658264 ], [ -4.41607763592142, 40.445560551652889 ], [ -4.417558067856437, 40.445560551652889 ], [ -4.417558067856437, 40.446868396671071 ], [ -4.418298283823946, 40.446868396671071 ], [ -4.418298283823946, 40.448176216240611 ], [ -4.419038499791453, 40.448176216240611 ], [ -4.419038499791453, 40.449048081815405 ], [ -4.419778715758961, 40.449048081815405 ], [ -4.419778715758961, 40.453843140297444 ], [ -4.419038499791453, 40.453843140297444 ], [ -4.419038499791453, 40.454714932352026 ], [ -4.418298283823946, 40.454714932352026 ], [ -4.418298283823946, 40.455586713095613 ], [ -4.417558067856437, 40.455586713095613 ], [ -4.417558067856437, 40.456022599225754 ], [ -4.412376556083879, 40.456022599225754 ], [ -4.412376556083879, 40.456458482528134 ], [ -4.411636340116369, 40.456458482528134 ], [ -4.411636340116369, 40.458201987459759 ], [ -4.410896124148862, 40.458201987459759 ], [ -4.410896124148862, 40.459945447146481 ], [ -4.410155908181353, 40.459945447146481 ], [ -4.410155908181353, 40.460817160022863 ], [ -4.409415692213845, 40.460817160022863 ], [ -4.409415692213845, 40.461688861587852 ], [ -4.406454828343811, 40.461688861587852 ], [ -4.406454828343811, 40.461253012219281 ], [ -4.401273316571253, 40.461253012219281 ], [ -4.401273316571253, 40.462560551841385 ], [ -4.400533100603745, 40.462560551841385 ], [ -4.400533100603745, 40.46517555473276 ], [ -4.401273316571253, 40.46517555473276 ], [ -4.401273316571253, 40.465611378650323 ], [ -4.410155908181353, 40.465611378650323 ], [ -4.410155908181353, 40.46517555473276 ], [ -4.411636340116369, 40.46517555473276 ], [ -4.411636340116369, 40.463868066012601 ], [ -4.412376556083879, 40.463868066012601 ], [ -4.412376556083879, 40.462560551841385 ], [ -4.413116772051388, 40.462560551841385 ], [ -4.413116772051388, 40.462124708128542 ], [ -4.413856988018895, 40.462124708128542 ], [ -4.413856988018895, 40.461688861587852 ], [ -4.414597203986404, 40.461688861587852 ], [ -4.414597203986404, 40.461253012219281 ], [ -4.41607763592142, 40.461253012219281 ], [ -4.41607763592142, 40.460817160022863 ], [ -4.416817851888928, 40.460817160022863 ], [ -4.416817851888928, 40.460381304998592 ], [ -4.417558067856437, 40.460381304998592 ], [ -4.417558067856437, 40.459945447146481 ], [ -4.42496022753152, 40.459945447146481 ], [ -4.42496022753152, 40.460381304998592 ], [ -4.430881955271587, 40.460381304998592 ], [ -4.430881955271587, 40.461253012219281 ], [ -4.431622171239096, 40.461253012219281 ], [ -4.431622171239096, 40.462560551841385 ], [ -4.432362387206604, 40.462560551841385 ], [ -4.432362387206604, 40.463432230783418 ], [ -4.433102603174112, 40.463432230783418 ], [ -4.433102603174112, 40.466483018001668 ], [ -4.432362387206604, 40.466483018001668 ], [ -4.432362387206604, 40.469533666650982 ], [ -4.431622171239096, 40.469533666650982 ], [ -4.431622171239096, 40.471276832235063 ], [ -4.430141739304079, 40.471276832235063 ], [ -4.430141739304079, 40.471712616561064 ], [ -4.42940152333657, 40.471712616561064 ], [ -4.42940152333657, 40.472148398059048 ], [ -4.427921091401553, 40.472148398059048 ], [ -4.427921091401553, 40.472584176728994 ], [ -4.427180875434045, 40.472584176728994 ], [ -4.427180875434045, 40.473019952570915 ], [ -4.425700443499029, 40.473019952570915 ], [ -4.425700443499029, 40.473455725584806 ], [ -4.42496022753152, 40.473455725584806 ], [ -4.42496022753152, 40.473891495770637 ], [ -4.423479795596504, 40.473891495770637 ], [ -4.423479795596504, 40.474327263128423 ], [ -4.422739579628995, 40.474327263128423 ], [ -4.422739579628995, 40.474763027658142 ], [ -4.421999363661487, 40.474763027658142 ], [ -4.421999363661487, 40.475198789359794 ], [ -4.421259147693979, 40.475198789359794 ], [ -4.421259147693979, 40.475634548233373 ], [ -4.42051893172647, 40.475634548233373 ], [ -4.42051893172647, 40.47650605749628 ], [ -4.419778715758961, 40.47650605749628 ], [ -4.419778715758961, 40.476941807885588 ], [ -4.41607763592142, 40.476941807885588 ], [ -4.41607763592142, 40.47650605749628 ], [ -4.415337419953912, 40.47650605749628 ], [ -4.415337419953912, 40.476941807885588 ], [ -4.414597203986404, 40.476941807885588 ], [ -4.414597203986404, 40.47868478116176 ], [ -4.413856988018895, 40.47868478116176 ], [ -4.413856988018895, 40.483042016382143 ], [ -4.413116772051388, 40.483042016382143 ], [ -4.413116772051388, 40.484349131798702 ], [ -4.412376556083879, 40.484349131798702 ], [ -4.412376556083879, 40.48565622176131 ], [ -4.411636340116369, 40.48565622176131 ], [ -4.411636340116369, 40.486527600928532 ], [ -4.410896124148862, 40.486527600928532 ], [ -4.410896124148862, 40.487834648467448 ], [ -4.410155908181353, 40.487834648467448 ], [ -4.410155908181353, 40.488705999352035 ], [ -4.409415692213845, 40.488705999352035 ], [ -4.409415692213845, 40.490013004466761 ], [ -4.408675476246337, 40.490013004466761 ], [ -4.408675476246337, 40.491319984126712 ], [ -4.407935260278829, 40.491319984126712 ], [ -4.407935260278829, 40.491755638356715 ], [ -4.405714612376304, 40.491755638356715 ], [ -4.405714612376304, 40.490884327068379 ], [ -4.404974396408796, 40.490884327068379 ], [ -4.404974396408796, 40.490448667181724 ], [ -4.404234180441287, 40.490448667181724 ], [ -4.404234180441287, 40.489577338923475 ], [ -4.403493964473778, 40.489577338923475 ], [ -4.403493964473778, 40.489141670551909 ], [ -4.400533100603745, 40.489141670551909 ], [ -4.400533100603745, 40.489577338923475 ], [ -4.39831245270122, 40.489577338923475 ], [ -4.39831245270122, 40.490013004466761 ], [ -4.396091804798695, 40.490013004466761 ], [ -4.396091804798695, 40.490448667181724 ], [ -4.39387115689617, 40.490448667181724 ], [ -4.39387115689617, 40.490884327068379 ], [ -4.390910293026137, 40.490884327068379 ], [ -4.390910293026137, 40.491319984126712 ], [ -4.388689645123613, 40.491319984126712 ], [ -4.388689645123613, 40.491755638356715 ], [ -4.386468997221087, 40.491755638356715 ], [ -4.386468997221087, 40.492191289758388 ], [ -4.384248349318561, 40.492191289758388 ], [ -4.384248349318561, 40.492626938331711 ], [ -4.380547269481021, 40.492626938331711 ], [ -4.380547269481021, 40.492191289758388 ], [ -4.379807053513512, 40.492191289758388 ], [ -4.379807053513512, 40.491755638356715 ], [ -4.379066837546004, 40.491755638356715 ], [ -4.379066837546004, 40.491319984126712 ], [ -4.378326621578496, 40.491319984126712 ], [ -4.378326621578496, 40.490884327068379 ], [ -4.377586405610987, 40.490884327068379 ] ], [ [ -4.786925835643095, 40.314647566367341 ], [ -4.786925835643095, 40.315957955300604 ], [ -4.789146483545621, 40.315957955300604 ], [ -4.789146483545621, 40.315521161815035 ], [ -4.78988669951313, 40.315521161815035 ], [ -4.78988669951313, 40.315084365503942 ], [ -4.789146483545621, 40.315084365503942 ], [ -4.789146483545621, 40.314647566367341 ], [ -4.786925835643095, 40.314647566367341 ] ], [ [ -4.793587779350671, 40.316394745960643 ], [ -4.793587779350671, 40.316831533795167 ], [ -4.791367131448146, 40.316831533795167 ], [ -4.791367131448146, 40.316394745960643 ], [ -4.78988669951313, 40.316394745960643 ], [ -4.78988669951313, 40.316831533795167 ], [ -4.789146483545621, 40.316831533795167 ], [ -4.789146483545621, 40.317705100987546 ], [ -4.78988669951313, 40.317705100987546 ], [ -4.78988669951313, 40.318141880345401 ], [ -4.793587779350671, 40.318141880345401 ], [ -4.793587779350671, 40.318578656877698 ], [ -4.794327995318179, 40.318578656877698 ], [ -4.794327995318179, 40.318141880345401 ], [ -4.795068211285687, 40.318141880345401 ], [ -4.795068211285687, 40.316831533795167 ], [ -4.794327995318179, 40.316831533795167 ], [ -4.794327995318179, 40.316394745960643 ], [ -4.793587779350671, 40.316394745960643 ] ], [ [ -4.797288859188213, 40.325129965789849 ], [ -4.797288859188213, 40.324256494668163 ], [ -4.795068211285687, 40.324256494668163 ], [ -4.795068211285687, 40.325129965789849 ], [ -4.794327995318179, 40.325129965789849 ], [ -4.794327995318179, 40.328623737248954 ], [ -4.796548643220704, 40.328623737248954 ], [ -4.796548643220704, 40.327750311338427 ], [ -4.797288859188213, 40.327750311338427 ], [ -4.797288859188213, 40.32644015127979 ], [ -4.798029075155721, 40.32644015127979 ], [ -4.798029075155721, 40.325129965789849 ], [ -4.797288859188213, 40.325129965789849 ] ], [ [ -4.699580351477112, 40.384063133163394 ], [ -4.699580351477112, 40.385808515368389 ], [ -4.701800999379638, 40.385808515368389 ], [ -4.701800999379638, 40.385372174057103 ], [ -4.702541215347146, 40.385372174057103 ], [ -4.702541215347146, 40.384499482954602 ], [ -4.701800999379638, 40.384499482954602 ], [ -4.701800999379638, 40.384063133163394 ], [ -4.699580351477112, 40.384063133163394 ] ], [ [ -4.546355646202888, 40.398024924436619 ], [ -4.546355646202888, 40.398461183772056 ], [ -4.545615430235379, 40.398461183772056 ], [ -4.545615430235379, 40.399769944817194 ], [ -4.546355646202888, 40.399769944817194 ], [ -4.546355646202888, 40.400206192845147 ], [ -4.547095862170395, 40.400206192845147 ], [ -4.547095862170395, 40.400642438046226 ], [ -4.550796942007937, 40.400642438046226 ], [ -4.550796942007937, 40.398897440280635 ], [ -4.550056726040429, 40.398897440280635 ], [ -4.550056726040429, 40.398461183772056 ], [ -4.547836078137903, 40.398461183772056 ], [ -4.547836078137903, 40.398024924436619 ], [ -4.546355646202888, 40.398024924436619 ] ], [ [ -4.553757805877971, 40.405877159959516 ], [ -4.553757805877971, 40.405440948681608 ], [ -4.551537157975445, 40.405440948681608 ], [ -4.551537157975445, 40.405877159959516 ], [ -4.550796942007937, 40.405877159959516 ], [ -4.550796942007937, 40.407621976801302 ], [ -4.553017589910462, 40.407621976801302 ], [ -4.553017589910462, 40.407185776831341 ], [ -4.553757805877971, 40.407185776831341 ], [ -4.553757805877971, 40.406313368410451 ], [ -4.554498021845479, 40.406313368410451 ], [ -4.554498021845479, 40.405877159959516 ], [ -4.553757805877971, 40.405877159959516 ] ], [ [ -4.404974396408796, 40.419398307359678 ], [ -4.404974396408796, 40.418526057255697 ], [ -4.404234180441287, 40.418526057255697 ], [ -4.404234180441287, 40.418089927962939 ], [ -4.402013532538762, 40.418089927962939 ], [ -4.402013532538762, 40.420706661311698 ], [ -4.401273316571253, 40.420706661311698 ], [ -4.401273316571253, 40.421142773641293 ], [ -4.402013532538762, 40.421142773641293 ], [ -4.402013532538762, 40.421578883143653 ], [ -4.404234180441287, 40.421578883143653 ], [ -4.404234180441287, 40.421142773641293 ], [ -4.404974396408796, 40.421142773641293 ], [ -4.404974396408796, 40.420706661311698 ], [ -4.405714612376304, 40.420706661311698 ], [ -4.405714612376304, 40.419398307359678 ], [ -4.404974396408796, 40.419398307359678 ] ], [ [ -4.404234180441287, 40.438148949195401 ], [ -4.403493964473778, 40.438148949195401 ], [ -4.403493964473778, 40.439020944838695 ], [ -4.404974396408796, 40.439020944838695 ], [ -4.404974396408796, 40.439456938419092 ], [ -4.405714612376304, 40.439456938419092 ], [ -4.405714612376304, 40.439020944838695 ], [ -4.406454828343811, 40.439020944838695 ], [ -4.406454828343811, 40.437712947132518 ], [ -4.404234180441287, 40.437712947132518 ], [ -4.404234180441287, 40.438148949195401 ] ], [ [ -4.388689645123613, 40.469969462289001 ], [ -4.38942986109112, 40.469969462289001 ], [ -4.38942986109112, 40.469533666650982 ], [ -4.390170077058628, 40.469533666650982 ], [ -4.390170077058628, 40.469097868184981 ], [ -4.390910293026137, 40.469097868184981 ], [ -4.390910293026137, 40.468662066891 ], [ -4.391650508993645, 40.468662066891 ], [ -4.391650508993645, 40.468226262769051 ], [ -4.393130940928661, 40.468226262769051 ], [ -4.393130940928661, 40.468662066891 ], [ -4.394611372863678, 40.468662066891 ], [ -4.394611372863678, 40.469097868184981 ], [ -4.395351588831187, 40.469097868184981 ], [ -4.395351588831187, 40.468662066891 ], [ -4.396091804798695, 40.468662066891 ], [ -4.396091804798695, 40.467354646041258 ], [ -4.395351588831187, 40.467354646041258 ], [ -4.395351588831187, 40.466047199739961 ], [ -4.394611372863678, 40.466047199739961 ], [ -4.394611372863678, 40.46517555473276 ], [ -4.39387115689617, 40.46517555473276 ], [ -4.39387115689617, 40.463868066012601 ], [ -4.393130940928661, 40.463868066012601 ], [ -4.393130940928661, 40.463432230783418 ], [ -4.391650508993645, 40.463432230783418 ], [ -4.391650508993645, 40.462996392726339 ], [ -4.386468997221087, 40.462996392726339 ], [ -4.386468997221087, 40.46517555473276 ], [ -4.385728781253579, 40.46517555473276 ], [ -4.385728781253579, 40.469097868184981 ], [ -4.38498856528607, 40.469097868184981 ], [ -4.38498856528607, 40.470841045081045 ], [ -4.385728781253579, 40.470841045081045 ], [ -4.385728781253579, 40.471276832235063 ], [ -4.387209213188596, 40.471276832235063 ], [ -4.387209213188596, 40.470841045081045 ], [ -4.387949429156103, 40.470841045081045 ], [ -4.387949429156103, 40.470405255099017 ], [ -4.388689645123613, 40.470405255099017 ], [ -4.388689645123613, 40.469969462289001 ] ] ], [ [ [ -4.632220698433854, 40.435096875378306 ], [ -4.632960914401362, 40.435096875378306 ], [ -4.632960914401362, 40.434224828840627 ], [ -4.633701130368871, 40.434224828840627 ], [ -4.633701130368871, 40.433352770993245 ], [ -4.635921778271396, 40.433352770993245 ], [ -4.635921778271396, 40.432916737828428 ], [ -4.637402210206412, 40.432916737828428 ], [ -4.637402210206412, 40.43117257689515 ], [ -4.63814242617392, 40.43117257689515 ], [ -4.63814242617392, 40.428556250674028 ], [ -4.638882642141429, 40.428556250674028 ], [ -4.638882642141429, 40.425939822668738 ], [ -4.639622858108937, 40.425939822668738 ], [ -4.639622858108937, 40.42463157049751 ], [ -4.641843506011463, 40.42463157049751 ], [ -4.641843506011463, 40.424195480785869 ], [ -4.643323937946479, 40.424195480785869 ], [ -4.643323937946479, 40.42463157049751 ], [ -4.644064153913988, 40.42463157049751 ], [ -4.644064153913988, 40.425939822668738 ], [ -4.644804369881496, 40.425939822668738 ], [ -4.644804369881496, 40.426811976646427 ], [ -4.645544585849004, 40.426811976646427 ], [ -4.645544585849004, 40.430736529593382 ], [ -4.644804369881496, 40.430736529593382 ], [ -4.644804369881496, 40.43378880133065 ], [ -4.644064153913988, 40.43378880133065 ], [ -4.644064153913988, 40.436840934524305 ], [ -4.643323937946479, 40.436840934524305 ], [ -4.643323937946479, 40.439456938419092 ], [ -4.642583721978971, 40.439456938419092 ], [ -4.642583721978971, 40.439892929171982 ], [ -4.641843506011463, 40.439892929171982 ], [ -4.641843506011463, 40.440328917097347 ], [ -4.641103290043954, 40.440328917097347 ], [ -4.641103290043954, 40.440764902195184 ], [ -4.640363074076446, 40.440764902195184 ], [ -4.640363074076446, 40.441636863908272 ], [ -4.639622858108937, 40.441636863908272 ], [ -4.639622858108937, 40.442072840523501 ], [ -4.638882642141429, 40.442072840523501 ], [ -4.638882642141429, 40.442508814311182 ], [ -4.63814242617392, 40.442508814311182 ], [ -4.63814242617392, 40.442944785271294 ], [ -4.637402210206412, 40.442944785271294 ], [ -4.637402210206412, 40.443380753403851 ], [ -4.636661994238904, 40.443380753403851 ], [ -4.636661994238904, 40.443816718708824 ], [ -4.634441346336379, 40.443816718708824 ], [ -4.634441346336379, 40.443380753403851 ], [ -4.633701130368871, 40.443380753403851 ], [ -4.633701130368871, 40.442944785271294 ], [ -4.632960914401362, 40.442944785271294 ], [ -4.632960914401362, 40.442072840523501 ], [ -4.632220698433854, 40.442072840523501 ], [ -4.632220698433854, 40.435096875378306 ] ] ], [ [ [ -4.595950116025945, 40.44991993607956 ], [ -4.592989252155912, 40.44991993607956 ], [ -4.592989252155912, 40.450355858970113 ], [ -4.590028388285879, 40.450355858970113 ], [ -4.590028388285879, 40.44991993607956 ], [ -4.589288172318371, 40.44991993607956 ], [ -4.589288172318371, 40.449484010361317 ], [ -4.587807740383354, 40.449484010361317 ], [ -4.587807740383354, 40.449048081815405 ], [ -4.587067524415845, 40.449048081815405 ], [ -4.587067524415845, 40.448612150441839 ], [ -4.586327308448337, 40.448612150441839 ], [ -4.586327308448337, 40.447740279211743 ], [ -4.585587092480829, 40.447740279211743 ], [ -4.585587092480829, 40.446432451159303 ], [ -4.58484687651332, 40.446432451159303 ], [ -4.58484687651332, 40.445124597658264 ], [ -4.584106660545812, 40.445124597658264 ], [ -4.584106660545812, 40.444688640836041 ], [ -4.583366444578304, 40.444688640836041 ], [ -4.583366444578304, 40.444252681186235 ], [ -4.582626228610795, 40.444252681186235 ], [ -4.582626228610795, 40.443816718708824 ], [ -4.581145796675779, 40.443816718708824 ], [ -4.581145796675779, 40.443380753403851 ], [ -4.579665364740762, 40.443380753403851 ], [ -4.579665364740762, 40.442944785271294 ], [ -4.578925148773254, 40.442944785271294 ], [ -4.578925148773254, 40.442508814311182 ], [ -4.577444716838238, 40.442508814311182 ], [ -4.577444716838238, 40.442072840523501 ], [ -4.575964284903221, 40.442072840523501 ], [ -4.575964284903221, 40.441636863908272 ], [ -4.575224068935712, 40.441636863908272 ], [ -4.575224068935712, 40.441200884465509 ], [ -4.57226320506568, 40.441200884465509 ], [ -4.57226320506568, 40.441636863908272 ], [ -4.569302341195645, 40.441636863908272 ], [ -4.569302341195645, 40.440764902195184 ], [ -4.568562125228137, 40.440764902195184 ], [ -4.568562125228137, 40.440328917097347 ], [ -4.567821909260628, 40.440328917097347 ], [ -4.567821909260628, 40.438148949195401 ], [ -4.567081693293121, 40.438148949195401 ], [ -4.567081693293121, 40.434660853523177 ], [ -4.566341477325612, 40.434660853523177 ], [ -4.566341477325612, 40.43117257689515 ], [ -4.565601261358104, 40.43117257689515 ], [ -4.565601261358104, 40.426375901071239 ], [ -4.566341477325612, 40.426375901071239 ], [ -4.566341477325612, 40.425067657381874 ], [ -4.567081693293121, 40.425067657381874 ], [ -4.567081693293121, 40.424195480785869 ], [ -4.567821909260628, 40.424195480785869 ], [ -4.567821909260628, 40.423323292880802 ], [ -4.569302341195645, 40.423323292880802 ], [ -4.569302341195645, 40.422887194687377 ], [ -4.57226320506568, 40.422887194687377 ], [ -4.57226320506568, 40.422451093666709 ], [ -4.574483852968203, 40.422451093666709 ], [ -4.574483852968203, 40.422014989818798 ], [ -4.576704500870728, 40.422014989818798 ], [ -4.576704500870728, 40.421578883143653 ], [ -4.579665364740762, 40.421578883143653 ], [ -4.579665364740762, 40.422014989818798 ], [ -4.580405580708271, 40.422014989818798 ], [ -4.580405580708271, 40.422451093666709 ], [ -4.581145796675779, 40.422451093666709 ], [ -4.581145796675779, 40.422887194687377 ], [ -4.581886012643287, 40.422887194687377 ], [ -4.581886012643287, 40.423323292880802 ], [ -4.582626228610795, 40.423323292880802 ], [ -4.582626228610795, 40.423759388246957 ], [ -4.583366444578304, 40.423759388246957 ], [ -4.583366444578304, 40.424195480785869 ], [ -4.585587092480829, 40.424195480785869 ], [ -4.585587092480829, 40.423759388246957 ], [ -4.586327308448337, 40.423759388246957 ], [ -4.586327308448337, 40.423323292880802 ], [ -4.587807740383354, 40.423323292880802 ], [ -4.587807740383354, 40.422887194687377 ], [ -4.588547956350863, 40.422887194687377 ], [ -4.588547956350863, 40.422451093666709 ], [ -4.589288172318371, 40.422451093666709 ], [ -4.589288172318371, 40.422014989818798 ], [ -4.593729468123421, 40.422014989818798 ], [ -4.593729468123421, 40.422451093666709 ], [ -4.595950116025945, 40.422451093666709 ], [ -4.595950116025945, 40.422014989818798 ], [ -4.596690331993454, 40.422014989818798 ], [ -4.596690331993454, 40.418962183721284 ], [ -4.597430547960963, 40.418962183721284 ], [ -4.597430547960963, 40.418089927962939 ], [ -4.598170763928471, 40.418089927962939 ], [ -4.598170763928471, 40.417217660895908 ], [ -4.601131627798504, 40.417217660895908 ], [ -4.601131627798504, 40.417653795843009 ], [ -4.60261205973352, 40.417653795843009 ], [ -4.60261205973352, 40.419834428170894 ], [ -4.603352275701029, 40.419834428170894 ], [ -4.603352275701029, 40.422887194687377 ], [ -4.60261205973352, 40.422887194687377 ], [ -4.60261205973352, 40.423323292880802 ], [ -4.601871843766012, 40.423323292880802 ], [ -4.601871843766012, 40.424195480785869 ], [ -4.601131627798504, 40.424195480785869 ], [ -4.601131627798504, 40.42463157049751 ], [ -4.600391411830995, 40.42463157049751 ], [ -4.600391411830995, 40.425939822668738 ], [ -4.601131627798504, 40.425939822668738 ], [ -4.601131627798504, 40.426811976646427 ], [ -4.601871843766012, 40.426811976646427 ], [ -4.601871843766012, 40.427248049394315 ], [ -4.60261205973352, 40.427248049394315 ], [ -4.60261205973352, 40.428120186408115 ], [ -4.603352275701029, 40.428120186408115 ], [ -4.603352275701029, 40.428992312112605 ], [ -4.604092491668537, 40.428992312112605 ], [ -4.604092491668537, 40.429428370723834 ], [ -4.606313139571062, 40.429428370723834 ], [ -4.606313139571062, 40.428992312112605 ], [ -4.609274003441096, 40.428992312112605 ], [ -4.609274003441096, 40.428556250674028 ], [ -4.610014219408604, 40.428556250674028 ], [ -4.610014219408604, 40.428120186408115 ], [ -4.610754435376112, 40.428120186408115 ], [ -4.610754435376112, 40.425939822668738 ], [ -4.61149465134362, 40.425939822668738 ], [ -4.61149465134362, 40.423759388246957 ], [ -4.612234867311129, 40.423759388246957 ], [ -4.612234867311129, 40.423323292880802 ], [ -4.612975083278637, 40.423323292880802 ], [ -4.612975083278637, 40.422887194687377 ], [ -4.613715299246146, 40.422887194687377 ], [ -4.613715299246146, 40.422451093666709 ], [ -4.614455515213654, 40.422451093666709 ], [ -4.614455515213654, 40.422014989818798 ], [ -4.615195731181163, 40.422014989818798 ], [ -4.615195731181163, 40.421578883143653 ], [ -4.615935947148671, 40.421578883143653 ], [ -4.615935947148671, 40.422014989818798 ], [ -4.617416379083688, 40.422014989818798 ], [ -4.617416379083688, 40.422451093666709 ], [ -4.618156595051196, 40.422451093666709 ], [ -4.618156595051196, 40.422887194687377 ], [ -4.619637026986212, 40.422887194687377 ], [ -4.619637026986212, 40.423323292880802 ], [ -4.620377242953721, 40.423323292880802 ], [ -4.620377242953721, 40.423759388246957 ], [ -4.621857674888737, 40.423759388246957 ], [ -4.621857674888737, 40.424195480785869 ], [ -4.622597890856246, 40.424195480785869 ], [ -4.622597890856246, 40.425939822668738 ], [ -4.623338106823755, 40.425939822668738 ], [ -4.623338106823755, 40.428120186408115 ], [ -4.622597890856246, 40.428120186408115 ], [ -4.622597890856246, 40.429864426507699 ], [ -4.621857674888737, 40.429864426507699 ], [ -4.621857674888737, 40.430736529593382 ], [ -4.621117458921229, 40.430736529593382 ], [ -4.621117458921229, 40.43117257689515 ], [ -4.620377242953721, 40.43117257689515 ], [ -4.620377242953721, 40.431608621369563 ], [ -4.616676163116179, 40.431608621369563 ], [ -4.616676163116179, 40.43117257689515 ], [ -4.612234867311129, 40.43117257689515 ], [ -4.612234867311129, 40.431608621369563 ], [ -4.61149465134362, 40.431608621369563 ], [ -4.61149465134362, 40.436840934524305 ], [ -4.610754435376112, 40.436840934524305 ], [ -4.610754435376112, 40.438148949195401 ], [ -4.610014219408604, 40.438148949195401 ], [ -4.610014219408604, 40.439892929171982 ], [ -4.609274003441096, 40.439892929171982 ], [ -4.609274003441096, 40.441636863908272 ], [ -4.608533787473587, 40.441636863908272 ], [ -4.608533787473587, 40.443380753403851 ], [ -4.607793571506079, 40.443380753403851 ], [ -4.607793571506079, 40.445124597658264 ], [ -4.607053355538571, 40.445124597658264 ], [ -4.607053355538571, 40.446868396671071 ], [ -4.606313139571062, 40.446868396671071 ], [ -4.606313139571062, 40.448176216240611 ], [ -4.605572923603554, 40.448176216240611 ], [ -4.605572923603554, 40.449048081815405 ], [ -4.604832707636046, 40.449048081815405 ], [ -4.604832707636046, 40.44991993607956 ], [ -4.604092491668537, 40.44991993607956 ], [ -4.604092491668537, 40.450355858970113 ], [ -4.603352275701029, 40.450355858970113 ], [ -4.603352275701029, 40.450791779032997 ], [ -4.60261205973352, 40.450791779032997 ], [ -4.60261205973352, 40.451227696268177 ], [ -4.601131627798504, 40.451227696268177 ], [ -4.601131627798504, 40.451663610675681 ], [ -4.598170763928471, 40.451663610675681 ], [ -4.598170763928471, 40.451227696268177 ], [ -4.597430547960963, 40.451227696268177 ], [ -4.597430547960963, 40.450791779032997 ], [ -4.596690331993454, 40.450791779032997 ], [ -4.596690331993454, 40.450355858970113 ], [ -4.595950116025945, 40.450355858970113 ], [ -4.595950116025945, 40.44991993607956 ] ] ], [ [ [ -4.185870470026329, 40.445996502819895 ], [ -4.18513025405882, 40.445996502819895 ], [ -4.18513025405882, 40.445124597658264 ], [ -4.184390038091311, 40.445124597658264 ], [ -4.184390038091311, 40.443816718708824 ], [ -4.183649822123804, 40.443816718708824 ], [ -4.183649822123804, 40.442944785271294 ], [ -4.182909606156294, 40.442944785271294 ], [ -4.182909606156294, 40.441636863908272 ], [ -4.182169390188786, 40.441636863908272 ], [ -4.182169390188786, 40.440764902195184 ], [ -4.181429174221278, 40.440764902195184 ], [ -4.181429174221278, 40.439456938419092 ], [ -4.18068895825377, 40.439456938419092 ], [ -4.18068895825377, 40.438584948430801 ], [ -4.179948742286262, 40.438584948430801 ], [ -4.179948742286262, 40.43727694224215 ], [ -4.179208526318753, 40.43727694224215 ], [ -4.179208526318753, 40.436404923978991 ], [ -4.178468310351246, 40.436404923978991 ], [ -4.178468310351246, 40.432480701836198 ], [ -4.179208526318753, 40.432480701836198 ], [ -4.179208526318753, 40.429428370723834 ], [ -4.179948742286262, 40.429428370723834 ], [ -4.179948742286262, 40.428556250674028 ], [ -4.18068895825377, 40.428556250674028 ], [ -4.18068895825377, 40.427684119314875 ], [ -4.181429174221278, 40.427684119314875 ], [ -4.181429174221278, 40.427248049394315 ], [ -4.183649822123804, 40.427248049394315 ], [ -4.183649822123804, 40.427684119314875 ], [ -4.184390038091311, 40.427684119314875 ], [ -4.184390038091311, 40.428120186408115 ], [ -4.18513025405882, 40.428120186408115 ], [ -4.18513025405882, 40.428556250674028 ], [ -4.185870470026329, 40.428556250674028 ], [ -4.185870470026329, 40.428992312112605 ], [ -4.186610685993837, 40.428992312112605 ], [ -4.186610685993837, 40.429428370723834 ], [ -4.187350901961345, 40.429428370723834 ], [ -4.187350901961345, 40.428992312112605 ], [ -4.188831333896362, 40.428992312112605 ], [ -4.188831333896362, 40.428556250674028 ], [ -4.190311765831378, 40.428556250674028 ], [ -4.190311765831378, 40.428992312112605 ], [ -4.191792197766395, 40.428992312112605 ], [ -4.191792197766395, 40.429428370723834 ], [ -4.192532413733903, 40.429428370723834 ], [ -4.192532413733903, 40.43117257689515 ], [ -4.193272629701411, 40.43117257689515 ], [ -4.193272629701411, 40.432480701836198 ], [ -4.19401284566892, 40.432480701836198 ], [ -4.19401284566892, 40.432916737828428 ], [ -4.194753061636429, 40.432916737828428 ], [ -4.194753061636429, 40.433352770993245 ], [ -4.195493277603937, 40.433352770993245 ], [ -4.195493277603937, 40.43378880133065 ], [ -4.196233493571445, 40.43378880133065 ], [ -4.196233493571445, 40.434224828840627 ], [ -4.196973709538954, 40.434224828840627 ], [ -4.196973709538954, 40.435096875378306 ], [ -4.197713925506461, 40.435096875378306 ], [ -4.197713925506461, 40.435968910606213 ], [ -4.19845414147397, 40.435968910606213 ], [ -4.19845414147397, 40.43727694224215 ], [ -4.199194357441478, 40.43727694224215 ], [ -4.199194357441478, 40.438584948430801 ], [ -4.199934573408987, 40.438584948430801 ], [ -4.199934573408987, 40.439456938419092 ], [ -4.200674789376495, 40.439456938419092 ], [ -4.200674789376495, 40.440764902195184 ], [ -4.201415005344002, 40.440764902195184 ], [ -4.201415005344002, 40.442508814311182 ], [ -4.200674789376495, 40.442508814311182 ], [ -4.200674789376495, 40.444252681186235 ], [ -4.199934573408987, 40.444252681186235 ], [ -4.199934573408987, 40.444688640836041 ], [ -4.199194357441478, 40.444688640836041 ], [ -4.199194357441478, 40.445124597658264 ], [ -4.197713925506461, 40.445124597658264 ], [ -4.197713925506461, 40.445560551652889 ], [ -4.196973709538954, 40.445560551652889 ], [ -4.196973709538954, 40.445996502819895 ], [ -4.196233493571445, 40.445996502819895 ], [ -4.196233493571445, 40.446432451159303 ], [ -4.195493277603937, 40.446432451159303 ], [ -4.195493277603937, 40.446868396671071 ], [ -4.19401284566892, 40.446868396671071 ], [ -4.19401284566892, 40.44730433935522 ], [ -4.193272629701411, 40.44730433935522 ], [ -4.193272629701411, 40.447740279211743 ], [ -4.190311765831378, 40.447740279211743 ], [ -4.190311765831378, 40.44730433935522 ], [ -4.188831333896362, 40.44730433935522 ], [ -4.188831333896362, 40.446868396671071 ], [ -4.187350901961345, 40.446868396671071 ], [ -4.187350901961345, 40.446432451159303 ], [ -4.185870470026329, 40.446432451159303 ], [ -4.185870470026329, 40.445996502819895 ] ] ], [ [ [ -4.267294226452245, 40.456894363002725 ], [ -4.266554010484737, 40.456894363002725 ], [ -4.266554010484737, 40.457766115468544 ], [ -4.265813794517229, 40.457766115468544 ], [ -4.265813794517229, 40.458637856623163 ], [ -4.26507357854972, 40.458637856623163 ], [ -4.26507357854972, 40.459509586466538 ], [ -4.264333362582212, 40.459509586466538 ], [ -4.264333362582212, 40.460381304998592 ], [ -4.263593146614703, 40.460381304998592 ], [ -4.263593146614703, 40.461253012219281 ], [ -4.262852930647195, 40.461253012219281 ], [ -4.262852930647195, 40.461688861587852 ], [ -4.262112714679686, 40.461688861587852 ], [ -4.262112714679686, 40.462560551841385 ], [ -4.261372498712178, 40.462560551841385 ], [ -4.261372498712178, 40.463432230783418 ], [ -4.260632282744671, 40.463432230783418 ], [ -4.260632282744671, 40.464303898413895 ], [ -4.259892066777161, 40.464303898413895 ], [ -4.259892066777161, 40.46517555473276 ], [ -4.259151850809653, 40.46517555473276 ], [ -4.259151850809653, 40.466047199739961 ], [ -4.258411634842145, 40.466047199739961 ], [ -4.258411634842145, 40.466483018001668 ], [ -4.257671418874637, 40.466483018001668 ], [ -4.257671418874637, 40.467354646041258 ], [ -4.256931202907129, 40.467354646041258 ], [ -4.256931202907129, 40.468226262769051 ], [ -4.254710555004603, 40.468226262769051 ], [ -4.254710555004603, 40.468662066891 ], [ -4.252489907102078, 40.468662066891 ], [ -4.252489907102078, 40.469097868184981 ], [ -4.250269259199554, 40.469097868184981 ], [ -4.250269259199554, 40.469533666650982 ], [ -4.249529043232045, 40.469533666650982 ], [ -4.249529043232045, 40.476941807885588 ], [ -4.250269259199554, 40.476941807885588 ], [ -4.250269259199554, 40.477813300179903 ], [ -4.249529043232045, 40.477813300179903 ], [ -4.249529043232045, 40.479556250831095 ], [ -4.248788827264537, 40.479556250831095 ], [ -4.248788827264537, 40.480863434123997 ], [ -4.247308395329521, 40.480863434123997 ], [ -4.247308395329521, 40.481299156231977 ], [ -4.245827963394503, 40.481299156231977 ], [ -4.245827963394503, 40.481734875511798 ], [ -4.245087747426995, 40.481734875511798 ], [ -4.245087747426995, 40.482170591963424 ], [ -4.244347531459487, 40.482170591963424 ], [ -4.244347531459487, 40.483042016382143 ], [ -4.243607315491978, 40.483042016382143 ], [ -4.243607315491978, 40.484349131798702 ], [ -4.24286709952447, 40.484349131798702 ], [ -4.24286709952447, 40.48565622176131 ], [ -4.242126883556962, 40.48565622176131 ], [ -4.242126883556962, 40.486963286269763 ], [ -4.241386667589453, 40.486963286269763 ], [ -4.241386667589453, 40.488270325323889 ], [ -4.240646451621945, 40.488270325323889 ], [ -4.240646451621945, 40.488705999352035 ], [ -4.239906235654437, 40.488705999352035 ], [ -4.239906235654437, 40.489141670551909 ], [ -4.239166019686929, 40.489141670551909 ], [ -4.239166019686929, 40.489577338923475 ], [ -4.237685587751912, 40.489577338923475 ], [ -4.237685587751912, 40.490013004466761 ], [ -4.236945371784403, 40.490013004466761 ], [ -4.236945371784403, 40.490448667181724 ], [ -4.236205155816894, 40.490448667181724 ], [ -4.236205155816894, 40.490884327068379 ], [ -4.235464939849386, 40.490884327068379 ], [ -4.235464939849386, 40.491319984126712 ], [ -4.234724723881878, 40.491319984126712 ], [ -4.234724723881878, 40.491755638356715 ], [ -4.23398450791437, 40.491755638356715 ], [ -4.23398450791437, 40.492191289758388 ], [ -4.233244291946862, 40.492191289758388 ], [ -4.233244291946862, 40.492626938331711 ], [ -4.232504075979353, 40.492626938331711 ], [ -4.232504075979353, 40.493062584076696 ], [ -4.231763860011845, 40.493062584076696 ], [ -4.231763860011845, 40.493498226993324 ], [ -4.231023644044337, 40.493498226993324 ], [ -4.231023644044337, 40.493933867081573 ], [ -4.227322564206795, 40.493933867081573 ], [ -4.227322564206795, 40.494369504341478 ], [ -4.222881268401745, 40.494369504341478 ], [ -4.222881268401745, 40.494805138772996 ], [ -4.221400836466728, 40.494805138772996 ], [ -4.221400836466728, 40.495240770376135 ], [ -4.220660620499221, 40.495240770376135 ], [ -4.220660620499221, 40.495676399150881 ], [ -4.219920404531711, 40.495676399150881 ], [ -4.219920404531711, 40.496112025097233 ], [ -4.219180188564203, 40.496112025097233 ], [ -4.219180188564203, 40.496547648215184 ], [ -4.21621932469417, 40.496547648215184 ], [ -4.21621932469417, 40.496112025097233 ], [ -4.215479108726662, 40.496112025097233 ], [ -4.215479108726662, 40.493933867081573 ], [ -4.214738892759153, 40.493933867081573 ], [ -4.214738892759153, 40.489577338923475 ], [ -4.215479108726662, 40.489577338923475 ], [ -4.215479108726662, 40.488270325323889 ], [ -4.21621932469417, 40.488270325323889 ], [ -4.21621932469417, 40.486527600928532 ], [ -4.216959540661678, 40.486527600928532 ], [ -4.216959540661678, 40.484784831281139 ], [ -4.217699756629187, 40.484784831281139 ], [ -4.217699756629187, 40.483042016382143 ], [ -4.218439972596695, 40.483042016382143 ], [ -4.218439972596695, 40.482170591963424 ], [ -4.219180188564203, 40.482170591963424 ], [ -4.219180188564203, 40.481734875511798 ], [ -4.219920404531711, 40.481734875511798 ], [ -4.219920404531711, 40.481299156231977 ], [ -4.220660620499221, 40.481299156231977 ], [ -4.220660620499221, 40.480863434123997 ], [ -4.221400836466728, 40.480863434123997 ], [ -4.221400836466728, 40.48042770918785 ], [ -4.222141052434237, 40.48042770918785 ], [ -4.222141052434237, 40.479991981423545 ], [ -4.222881268401745, 40.479991981423545 ], [ -4.222881268401745, 40.479556250831095 ], [ -4.224361700336762, 40.479556250831095 ], [ -4.224361700336762, 40.479120517410493 ], [ -4.225842132271779, 40.479120517410493 ], [ -4.225842132271779, 40.479556250831095 ], [ -4.231023644044337, 40.479556250831095 ], [ -4.231023644044337, 40.476941807885588 ], [ -4.231763860011845, 40.476941807885588 ], [ -4.231763860011845, 40.474763027658142 ], [ -4.232504075979353, 40.474763027658142 ], [ -4.232504075979353, 40.474327263128423 ], [ -4.233244291946862, 40.474327263128423 ], [ -4.233244291946862, 40.473455725584806 ], [ -4.23398450791437, 40.473455725584806 ], [ -4.23398450791437, 40.473019952570915 ], [ -4.234724723881878, 40.473019952570915 ], [ -4.234724723881878, 40.470405255099017 ], [ -4.235464939849386, 40.470405255099017 ], [ -4.235464939849386, 40.467790455819134 ], [ -4.236205155816894, 40.467790455819134 ], [ -4.236205155816894, 40.466047199739961 ], [ -4.237685587751912, 40.466047199739961 ], [ -4.237685587751912, 40.465611378650323 ], [ -4.239166019686929, 40.465611378650323 ], [ -4.239166019686929, 40.46517555473276 ], [ -4.240646451621945, 40.46517555473276 ], [ -4.240646451621945, 40.464739727987286 ], [ -4.242126883556962, 40.464739727987286 ], [ -4.242126883556962, 40.464303898413895 ], [ -4.243607315491978, 40.464303898413895 ], [ -4.243607315491978, 40.463868066012601 ], [ -4.244347531459487, 40.463868066012601 ], [ -4.244347531459487, 40.462560551841385 ], [ -4.245087747426995, 40.462560551841385 ], [ -4.245087747426995, 40.461688861587852 ], [ -4.245827963394503, 40.461688861587852 ], [ -4.245827963394503, 40.460381304998592 ], [ -4.246568179362012, 40.460381304998592 ], [ -4.246568179362012, 40.459073722958763 ], [ -4.247308395329521, 40.459073722958763 ], [ -4.247308395329521, 40.456458482528134 ], [ -4.248048611297029, 40.456458482528134 ], [ -4.248048611297029, 40.453407240028532 ], [ -4.248788827264537, 40.453407240028532 ], [ -4.248788827264537, 40.451663610675681 ], [ -4.250269259199554, 40.451663610675681 ], [ -4.250269259199554, 40.451227696268177 ], [ -4.25174969113457, 40.451227696268177 ], [ -4.25174969113457, 40.450791779032997 ], [ -4.253230123069587, 40.450791779032997 ], [ -4.253230123069587, 40.44991993607956 ], [ -4.253970339037094, 40.44991993607956 ], [ -4.253970339037094, 40.449048081815405 ], [ -4.254710555004603, 40.449048081815405 ], [ -4.254710555004603, 40.448176216240611 ], [ -4.255450770972112, 40.448176216240611 ], [ -4.255450770972112, 40.44730433935522 ], [ -4.25619098693962, 40.44730433935522 ], [ -4.25619098693962, 40.445124597658264 ], [ -4.255450770972112, 40.445124597658264 ], [ -4.255450770972112, 40.443816718708824 ], [ -4.252489907102078, 40.443816718708824 ], [ -4.252489907102078, 40.444252681186235 ], [ -4.25174969113457, 40.444252681186235 ], [ -4.25174969113457, 40.444688640836041 ], [ -4.251009475167062, 40.444688640836041 ], [ -4.251009475167062, 40.445124597658264 ], [ -4.250269259199554, 40.445124597658264 ], [ -4.250269259199554, 40.445560551652889 ], [ -4.248048611297029, 40.445560551652889 ], [ -4.248048611297029, 40.445124597658264 ], [ -4.247308395329521, 40.445124597658264 ], [ -4.247308395329521, 40.443816718708824 ], [ -4.246568179362012, 40.443816718708824 ], [ -4.246568179362012, 40.442072840523501 ], [ -4.245827963394503, 40.442072840523501 ], [ -4.245827963394503, 40.441636863908272 ], [ -4.246568179362012, 40.441636863908272 ], [ -4.246568179362012, 40.439892929171982 ], [ -4.247308395329521, 40.439892929171982 ], [ -4.247308395329521, 40.439020944838695 ], [ -4.248788827264537, 40.439020944838695 ], [ -4.248788827264537, 40.438584948430801 ], [ -4.251009475167062, 40.438584948430801 ], [ -4.251009475167062, 40.439020944838695 ], [ -4.25174969113457, 40.439020944838695 ], [ -4.25174969113457, 40.439892929171982 ], [ -4.252489907102078, 40.439892929171982 ], [ -4.252489907102078, 40.440764902195184 ], [ -4.253230123069587, 40.440764902195184 ], [ -4.253230123069587, 40.441636863908272 ], [ -4.255450770972112, 40.441636863908272 ], [ -4.255450770972112, 40.440764902195184 ], [ -4.25619098693962, 40.440764902195184 ], [ -4.25619098693962, 40.438584948430801 ], [ -4.256931202907129, 40.438584948430801 ], [ -4.256931202907129, 40.436404923978991 ], [ -4.257671418874637, 40.436404923978991 ], [ -4.257671418874637, 40.435096875378306 ], [ -4.258411634842145, 40.435096875378306 ], [ -4.258411634842145, 40.434660853523177 ], [ -4.259892066777161, 40.434660853523177 ], [ -4.259892066777161, 40.434224828840627 ], [ -4.260632282744671, 40.434224828840627 ], [ -4.260632282744671, 40.434660853523177 ], [ -4.261372498712178, 40.434660853523177 ], [ -4.261372498712178, 40.435096875378306 ], [ -4.262112714679686, 40.435096875378306 ], [ -4.262112714679686, 40.435968910606213 ], [ -4.262852930647195, 40.435968910606213 ], [ -4.262852930647195, 40.438584948430801 ], [ -4.263593146614703, 40.438584948430801 ], [ -4.263593146614703, 40.439892929171982 ], [ -4.264333362582212, 40.439892929171982 ], [ -4.264333362582212, 40.440764902195184 ], [ -4.26507357854972, 40.440764902195184 ], [ -4.26507357854972, 40.441200884465509 ], [ -4.265813794517229, 40.441200884465509 ], [ -4.265813794517229, 40.442072840523501 ], [ -4.266554010484737, 40.442072840523501 ], [ -4.266554010484737, 40.452971336931903 ], [ -4.267294226452245, 40.452971336931903 ], [ -4.267294226452245, 40.456894363002725 ] ] ], [ [ [ -4.450867786394312, 40.461253012219281 ], [ -4.450127570426804, 40.461253012219281 ], [ -4.450127570426804, 40.460381304998592 ], [ -4.449387354459295, 40.460381304998592 ], [ -4.449387354459295, 40.459945447146481 ], [ -4.448647138491787, 40.459945447146481 ], [ -4.448647138491787, 40.459073722958763 ], [ -4.447906922524279, 40.459073722958763 ], [ -4.447906922524279, 40.458637856623163 ], [ -4.44716670655677, 40.458637856623163 ], [ -4.44716670655677, 40.457766115468544 ], [ -4.446426490589261, 40.457766115468544 ], [ -4.446426490589261, 40.457330240649533 ], [ -4.445686274621754, 40.457330240649533 ], [ -4.445686274621754, 40.456458482528134 ], [ -4.446426490589261, 40.456458482528134 ], [ -4.446426490589261, 40.452971336931903 ], [ -4.44716670655677, 40.452971336931903 ], [ -4.44716670655677, 40.449484010361317 ], [ -4.447906922524279, 40.449484010361317 ], [ -4.447906922524279, 40.447740279211743 ], [ -4.449387354459295, 40.447740279211743 ], [ -4.449387354459295, 40.44730433935522 ], [ -4.450867786394312, 40.44730433935522 ], [ -4.450867786394312, 40.446868396671071 ], [ -4.452348218329329, 40.446868396671071 ], [ -4.452348218329329, 40.446432451159303 ], [ -4.453088434296837, 40.446432451159303 ], [ -4.453088434296837, 40.445996502819895 ], [ -4.453828650264345, 40.445996502819895 ], [ -4.453828650264345, 40.444688640836041 ], [ -4.454568866231853, 40.444688640836041 ], [ -4.454568866231853, 40.443816718708824 ], [ -4.45604929816687, 40.443816718708824 ], [ -4.45604929816687, 40.443380753403851 ], [ -4.457529730101887, 40.443380753403851 ], [ -4.457529730101887, 40.443816718708824 ], [ -4.459010162036904, 40.443816718708824 ], [ -4.459010162036904, 40.444688640836041 ], [ -4.459750378004412, 40.444688640836041 ], [ -4.459750378004412, 40.445560551652889 ], [ -4.460490593971921, 40.445560551652889 ], [ -4.460490593971921, 40.446868396671071 ], [ -4.461230809939428, 40.446868396671071 ], [ -4.461230809939428, 40.448176216240611 ], [ -4.461971025906937, 40.448176216240611 ], [ -4.461971025906937, 40.449484010361317 ], [ -4.462711241874445, 40.449484010361317 ], [ -4.462711241874445, 40.450791779032997 ], [ -4.463451457841953, 40.450791779032997 ], [ -4.463451457841953, 40.452099522255473 ], [ -4.464191673809462, 40.452099522255473 ], [ -4.464191673809462, 40.453407240028532 ], [ -4.46493188977697, 40.453407240028532 ], [ -4.46493188977697, 40.454279037738615 ], [ -4.465672105744479, 40.454279037738615 ], [ -4.465672105744479, 40.455586713095613 ], [ -4.466412321711987, 40.455586713095613 ], [ -4.466412321711987, 40.456894363002725 ], [ -4.467152537679495, 40.456894363002725 ], [ -4.467152537679495, 40.461688861587852 ], [ -4.466412321711987, 40.461688861587852 ], [ -4.466412321711987, 40.462560551841385 ], [ -4.465672105744479, 40.462560551841385 ], [ -4.465672105744479, 40.463432230783418 ], [ -4.461971025906937, 40.463432230783418 ], [ -4.461971025906937, 40.462996392726339 ], [ -4.452348218329329, 40.462996392726339 ], [ -4.452348218329329, 40.462560551841385 ], [ -4.45160800236182, 40.462560551841385 ], [ -4.45160800236182, 40.462124708128542 ], [ -4.450867786394312, 40.462124708128542 ], [ -4.450867786394312, 40.461253012219281 ] ] ], [ [ [ -4.186610685993837, 40.501774905012688 ], [ -4.186610685993837, 40.500468128997483 ], [ -4.187350901961345, 40.500468128997483 ], [ -4.187350901961345, 40.499161327526039 ], [ -4.188091117928853, 40.499161327526039 ], [ -4.188091117928853, 40.498725721378655 ], [ -4.187350901961345, 40.498725721378655 ], [ -4.187350901961345, 40.497854500598542 ], [ -4.185870470026329, 40.497854500598542 ], [ -4.185870470026329, 40.49741888596585 ], [ -4.183649822123804, 40.49741888596585 ], [ -4.183649822123804, 40.496983268504721 ], [ -4.182169390188786, 40.496983268504721 ], [ -4.182169390188786, 40.49741888596585 ], [ -4.181429174221278, 40.49741888596585 ], [ -4.181429174221278, 40.497854500598542 ], [ -4.18068895825377, 40.497854500598542 ], [ -4.18068895825377, 40.498725721378655 ], [ -4.179948742286262, 40.498725721378655 ], [ -4.179948742286262, 40.49959693084498 ], [ -4.179208526318753, 40.49959693084498 ], [ -4.179208526318753, 40.500468128997483 ], [ -4.178468310351246, 40.500468128997483 ], [ -4.178468310351246, 40.501339315836098 ], [ -4.177728094383736, 40.501339315836098 ], [ -4.177728094383736, 40.502210491360771 ], [ -4.17624766244872, 40.502210491360771 ], [ -4.17624766244872, 40.502646074880374 ], [ -4.175507446481211, 40.502646074880374 ], [ -4.175507446481211, 40.503081655571464 ], [ -4.174027014546194, 40.503081655571464 ], [ -4.174027014546194, 40.503517233434039 ], [ -4.173286798578687, 40.503517233434039 ], [ -4.173286798578687, 40.503952808468107 ], [ -4.171806366643669, 40.503952808468107 ], [ -4.171806366643669, 40.504388380673632 ], [ -4.170325934708654, 40.504388380673632 ], [ -4.170325934708654, 40.504823950050636 ], [ -4.169585718741145, 40.504823950050636 ], [ -4.169585718741145, 40.505259516599097 ], [ -4.168845502773637, 40.505259516599097 ], [ -4.168845502773637, 40.505695080319015 ], [ -4.168105286806129, 40.505695080319015 ], [ -4.168105286806129, 40.506130641210383 ], [ -4.16736507083862, 40.506130641210383 ], [ -4.16736507083862, 40.506566199273188 ], [ -4.166624854871111, 40.506566199273188 ], [ -4.166624854871111, 40.507001754507435 ], [ -4.165884638903603, 40.507001754507435 ], [ -4.165884638903603, 40.507872856490181 ], [ -4.165144422936095, 40.507872856490181 ], [ -4.165144422936095, 40.508308403238686 ], [ -4.164404206968586, 40.508308403238686 ], [ -4.164404206968586, 40.507872856490181 ], [ -4.163663991001078, 40.507872856490181 ], [ -4.163663991001078, 40.50743730691309 ], [ -4.162183559066062, 40.50743730691309 ], [ -4.162183559066062, 40.506130641210383 ], [ -4.161443343098553, 40.506130641210383 ], [ -4.161443343098553, 40.505259516599097 ], [ -4.160703127131045, 40.505259516599097 ], [ -4.160703127131045, 40.503952808468107 ], [ -4.159962911163537, 40.503952808468107 ], [ -4.159962911163537, 40.503517233434039 ], [ -4.159222695196028, 40.503517233434039 ], [ -4.159222695196028, 40.503081655571464 ], [ -4.157002047293503, 40.503081655571464 ], [ -4.157002047293503, 40.503517233434039 ], [ -4.152560751488454, 40.503517233434039 ], [ -4.152560751488454, 40.503952808468107 ], [ -4.148119455683402, 40.503952808468107 ], [ -4.148119455683402, 40.504388380673632 ], [ -4.146639023748387, 40.504388380673632 ], [ -4.146639023748387, 40.503952808468107 ], [ -4.14515859181337, 40.503952808468107 ], [ -4.14515859181337, 40.503517233434039 ], [ -4.144418375845861, 40.503517233434039 ], [ -4.144418375845861, 40.503081655571464 ], [ -4.142937943910845, 40.503081655571464 ], [ -4.142937943910845, 40.502646074880374 ], [ -4.142197727943337, 40.502646074880374 ], [ -4.142197727943337, 40.502210491360771 ], [ -4.141457511975828, 40.502210491360771 ], [ -4.141457511975828, 40.50090372383103 ], [ -4.14071729600832, 40.50090372383103 ], [ -4.14071729600832, 40.500032531335464 ], [ -4.139977080040811, 40.500032531335464 ], [ -4.139977080040811, 40.493498226993324 ], [ -4.14071729600832, 40.493498226993324 ], [ -4.14071729600832, 40.492191289758388 ], [ -4.141457511975828, 40.492191289758388 ], [ -4.141457511975828, 40.491755638356715 ], [ -4.142197727943337, 40.491755638356715 ], [ -4.142197727943337, 40.491319984126712 ], [ -4.142937943910845, 40.491319984126712 ], [ -4.142937943910845, 40.490448667181724 ], [ -4.143678159878354, 40.490448667181724 ], [ -4.143678159878354, 40.490013004466761 ], [ -4.144418375845861, 40.490013004466761 ], [ -4.144418375845861, 40.489577338923475 ], [ -4.14515859181337, 40.489577338923475 ], [ -4.14515859181337, 40.488705999352035 ], [ -4.145898807780878, 40.488705999352035 ], [ -4.145898807780878, 40.488270325323889 ], [ -4.146639023748387, 40.488270325323889 ], [ -4.146639023748387, 40.487834648467448 ], [ -4.147379239715895, 40.487834648467448 ], [ -4.147379239715895, 40.486963286269763 ], [ -4.151820535520945, 40.486963286269763 ], [ -4.151820535520945, 40.487398968782735 ], [ -4.155521615358486, 40.487398968782735 ], [ -4.155521615358486, 40.488270325323889 ], [ -4.156261831325995, 40.488270325323889 ], [ -4.156261831325995, 40.489141670551909 ], [ -4.157002047293503, 40.489141670551909 ], [ -4.157002047293503, 40.489577338923475 ], [ -4.157742263261011, 40.489577338923475 ], [ -4.157742263261011, 40.490448667181724 ], [ -4.158482479228519, 40.490448667181724 ], [ -4.158482479228519, 40.491319984126712 ], [ -4.159222695196028, 40.491319984126712 ], [ -4.159222695196028, 40.491755638356715 ], [ -4.159962911163537, 40.491755638356715 ], [ -4.159962911163537, 40.492626938331711 ], [ -4.160703127131045, 40.492626938331711 ], [ -4.160703127131045, 40.493498226993324 ], [ -4.161443343098553, 40.493498226993324 ], [ -4.161443343098553, 40.494369504341478 ], [ -4.162183559066062, 40.494369504341478 ], [ -4.162183559066062, 40.494805138772996 ], [ -4.16292377503357, 40.494805138772996 ], [ -4.16292377503357, 40.495676399150881 ], [ -4.163663991001078, 40.495676399150881 ], [ -4.163663991001078, 40.496547648215184 ], [ -4.165884638903603, 40.496547648215184 ], [ -4.165884638903603, 40.496112025097233 ], [ -4.166624854871111, 40.496112025097233 ], [ -4.166624854871111, 40.495676399150881 ], [ -4.168105286806129, 40.495676399150881 ], [ -4.168105286806129, 40.495240770376135 ], [ -4.168845502773637, 40.495240770376135 ], [ -4.168845502773637, 40.494805138772996 ], [ -4.169585718741145, 40.494805138772996 ], [ -4.169585718741145, 40.494369504341478 ], [ -4.170325934708654, 40.494369504341478 ], [ -4.170325934708654, 40.493933867081573 ], [ -4.171066150676162, 40.493933867081573 ], [ -4.171066150676162, 40.493062584076696 ], [ -4.171806366643669, 40.493062584076696 ], [ -4.171806366643669, 40.489577338923475 ], [ -4.172546582611179, 40.489577338923475 ], [ -4.172546582611179, 40.486527600928532 ], [ -4.173286798578687, 40.486527600928532 ], [ -4.173286798578687, 40.486091912759044 ], [ -4.174027014546194, 40.486091912759044 ], [ -4.174027014546194, 40.48522052793534 ], [ -4.174767230513703, 40.48522052793534 ], [ -4.174767230513703, 40.484349131798702 ], [ -4.175507446481211, 40.484349131798702 ], [ -4.175507446481211, 40.4834777243492 ], [ -4.17624766244872, 40.4834777243492 ], [ -4.17624766244872, 40.483042016382143 ], [ -4.177728094383736, 40.483042016382143 ], [ -4.177728094383736, 40.482606305586884 ], [ -4.181429174221278, 40.482606305586884 ], [ -4.181429174221278, 40.482170591963424 ], [ -4.184390038091311, 40.482170591963424 ], [ -4.184390038091311, 40.481734875511798 ], [ -4.187350901961345, 40.481734875511798 ], [ -4.187350901961345, 40.481299156231977 ], [ -4.18957154986387, 40.481299156231977 ], [ -4.18957154986387, 40.480863434123997 ], [ -4.190311765831378, 40.480863434123997 ], [ -4.190311765831378, 40.479991981423545 ], [ -4.191051981798886, 40.479991981423545 ], [ -4.191051981798886, 40.479120517410493 ], [ -4.191792197766395, 40.479120517410493 ], [ -4.191792197766395, 40.478249042084897 ], [ -4.192532413733903, 40.478249042084897 ], [ -4.192532413733903, 40.477377555446807 ], [ -4.193272629701411, 40.477377555446807 ], [ -4.193272629701411, 40.47650605749628 ], [ -4.192532413733903, 40.47650605749628 ], [ -4.192532413733903, 40.476070304278871 ], [ -4.191792197766395, 40.476070304278871 ], [ -4.191792197766395, 40.475634548233373 ], [ -4.191051981798886, 40.475634548233373 ], [ -4.191051981798886, 40.475198789359794 ], [ -4.190311765831378, 40.475198789359794 ], [ -4.190311765831378, 40.474763027658142 ], [ -4.18957154986387, 40.474763027658142 ], [ -4.18957154986387, 40.474327263128423 ], [ -4.188831333896362, 40.474327263128423 ], [ -4.188831333896362, 40.473019952570915 ], [ -4.188091117928853, 40.473019952570915 ], [ -4.188091117928853, 40.471276832235063 ], [ -4.187350901961345, 40.471276832235063 ], [ -4.187350901961345, 40.470841045081045 ], [ -4.188091117928853, 40.470841045081045 ], [ -4.188091117928853, 40.469097868184981 ], [ -4.188831333896362, 40.469097868184981 ], [ -4.188831333896362, 40.467790455819134 ], [ -4.190311765831378, 40.467790455819134 ], [ -4.190311765831378, 40.467354646041258 ], [ -4.191792197766395, 40.467354646041258 ], [ -4.191792197766395, 40.466918833435443 ], [ -4.192532413733903, 40.466918833435443 ], [ -4.192532413733903, 40.463432230783418 ], [ -4.18957154986387, 40.463432230783418 ], [ -4.18957154986387, 40.463868066012601 ], [ -4.186610685993837, 40.463868066012601 ], [ -4.186610685993837, 40.462560551841385 ], [ -4.185870470026329, 40.462560551841385 ], [ -4.185870470026329, 40.461688861587852 ], [ -4.18513025405882, 40.461688861587852 ], [ -4.18513025405882, 40.460817160022863 ], [ -4.184390038091311, 40.460817160022863 ], [ -4.184390038091311, 40.460381304998592 ], [ -4.183649822123804, 40.460381304998592 ], [ -4.183649822123804, 40.459945447146481 ], [ -4.182169390188786, 40.459945447146481 ], [ -4.182169390188786, 40.460381304998592 ], [ -4.17624766244872, 40.460381304998592 ], [ -4.17624766244872, 40.459509586466538 ], [ -4.175507446481211, 40.459509586466538 ], [ -4.175507446481211, 40.458637856623163 ], [ -4.174767230513703, 40.458637856623163 ], [ -4.174767230513703, 40.456894363002725 ], [ -4.174027014546194, 40.456894363002725 ], [ -4.174027014546194, 40.454714932352026 ], [ -4.173286798578687, 40.454714932352026 ], [ -4.173286798578687, 40.452099522255473 ], [ -4.172546582611179, 40.452099522255473 ], [ -4.172546582611179, 40.451663610675681 ], [ -4.173286798578687, 40.451663610675681 ], [ -4.173286798578687, 40.450791779032997 ], [ -4.174027014546194, 40.450791779032997 ], [ -4.174027014546194, 40.449484010361317 ], [ -4.174767230513703, 40.449484010361317 ], [ -4.174767230513703, 40.448176216240611 ], [ -4.17624766244872, 40.448176216240611 ], [ -4.17624766244872, 40.448612150441839 ], [ -4.178468310351246, 40.448612150441839 ], [ -4.178468310351246, 40.449048081815405 ], [ -4.179208526318753, 40.449048081815405 ], [ -4.179208526318753, 40.449484010361317 ], [ -4.179948742286262, 40.449484010361317 ], [ -4.179948742286262, 40.450355858970113 ], [ -4.18068895825377, 40.450355858970113 ], [ -4.18068895825377, 40.451227696268177 ], [ -4.181429174221278, 40.451227696268177 ], [ -4.181429174221278, 40.452099522255473 ], [ -4.182169390188786, 40.452099522255473 ], [ -4.182169390188786, 40.452971336931903 ], [ -4.182909606156294, 40.452971336931903 ], [ -4.182909606156294, 40.453843140297444 ], [ -4.183649822123804, 40.453843140297444 ], [ -4.183649822123804, 40.454714932352026 ], [ -4.184390038091311, 40.454714932352026 ], [ -4.184390038091311, 40.455586713095613 ], [ -4.18513025405882, 40.455586713095613 ], [ -4.18513025405882, 40.456458482528134 ], [ -4.18957154986387, 40.456458482528134 ], [ -4.18957154986387, 40.457330240649533 ], [ -4.190311765831378, 40.457330240649533 ], [ -4.190311765831378, 40.458637856623163 ], [ -4.191051981798886, 40.458637856623163 ], [ -4.191051981798886, 40.459509586466538 ], [ -4.191792197766395, 40.459509586466538 ], [ -4.191792197766395, 40.460381304998592 ], [ -4.19401284566892, 40.460381304998592 ], [ -4.19401284566892, 40.459945447146481 ], [ -4.194753061636429, 40.459945447146481 ], [ -4.194753061636429, 40.458201987459759 ], [ -4.195493277603937, 40.458201987459759 ], [ -4.195493277603937, 40.456458482528134 ], [ -4.196233493571445, 40.456458482528134 ], [ -4.196233493571445, 40.455586713095613 ], [ -4.197713925506461, 40.455586713095613 ], [ -4.197713925506461, 40.455150824137696 ], [ -4.199194357441478, 40.455150824137696 ], [ -4.199194357441478, 40.454714932352026 ], [ -4.200674789376495, 40.454714932352026 ], [ -4.200674789376495, 40.454279037738615 ], [ -4.201415005344002, 40.454279037738615 ], [ -4.201415005344002, 40.452971336931903 ], [ -4.202155221311512, 40.452971336931903 ], [ -4.202155221311512, 40.452099522255473 ], [ -4.20289543727902, 40.452099522255473 ], [ -4.20289543727902, 40.451227696268177 ], [ -4.208817165019086, 40.451227696268177 ], [ -4.208817165019086, 40.451663610675681 ], [ -4.212518244856629, 40.451663610675681 ], [ -4.212518244856629, 40.450791779032997 ], [ -4.213258460824137, 40.450791779032997 ], [ -4.213258460824137, 40.449484010361317 ], [ -4.213998676791645, 40.449484010361317 ], [ -4.213998676791645, 40.448612150441839 ], [ -4.214738892759153, 40.448612150441839 ], [ -4.214738892759153, 40.448176216240611 ], [ -4.215479108726662, 40.448176216240611 ], [ -4.215479108726662, 40.447740279211743 ], [ -4.217699756629187, 40.447740279211743 ], [ -4.217699756629187, 40.448176216240611 ], [ -4.219180188564203, 40.448176216240611 ], [ -4.219180188564203, 40.448612150441839 ], [ -4.219920404531711, 40.448612150441839 ], [ -4.219920404531711, 40.449048081815405 ], [ -4.220660620499221, 40.449048081815405 ], [ -4.220660620499221, 40.449484010361317 ], [ -4.221400836466728, 40.449484010361317 ], [ -4.221400836466728, 40.44991993607956 ], [ -4.222881268401745, 40.44991993607956 ], [ -4.222881268401745, 40.450355858970113 ], [ -4.223621484369254, 40.450355858970113 ], [ -4.223621484369254, 40.450791779032997 ], [ -4.224361700336762, 40.450791779032997 ], [ -4.224361700336762, 40.451227696268177 ], [ -4.225101916304269, 40.451227696268177 ], [ -4.225101916304269, 40.451663610675681 ], [ -4.225842132271779, 40.451663610675681 ], [ -4.225842132271779, 40.452099522255473 ], [ -4.226582348239286, 40.452099522255473 ], [ -4.226582348239286, 40.45253543100754 ], [ -4.227322564206795, 40.45253543100754 ], [ -4.227322564206795, 40.453407240028532 ], [ -4.228062780174303, 40.453407240028532 ], [ -4.228062780174303, 40.456894363002725 ], [ -4.227322564206795, 40.456894363002725 ], [ -4.227322564206795, 40.459509586466538 ], [ -4.226582348239286, 40.459509586466538 ], [ -4.226582348239286, 40.462124708128542 ], [ -4.225842132271779, 40.462124708128542 ], [ -4.225842132271779, 40.466918833435443 ], [ -4.226582348239286, 40.466918833435443 ], [ -4.226582348239286, 40.469969462289001 ], [ -4.227322564206795, 40.469969462289001 ], [ -4.227322564206795, 40.470841045081045 ], [ -4.226582348239286, 40.470841045081045 ], [ -4.226582348239286, 40.471712616561064 ], [ -4.225842132271779, 40.471712616561064 ], [ -4.225842132271779, 40.472584176728994 ], [ -4.225101916304269, 40.472584176728994 ], [ -4.225101916304269, 40.473019952570915 ], [ -4.221400836466728, 40.473019952570915 ], [ -4.221400836466728, 40.473455725584806 ], [ -4.216959540661678, 40.473455725584806 ], [ -4.216959540661678, 40.474763027658142 ], [ -4.21621932469417, 40.474763027658142 ], [ -4.21621932469417, 40.477377555446807 ], [ -4.215479108726662, 40.477377555446807 ], [ -4.215479108726662, 40.47868478116176 ], [ -4.214738892759153, 40.47868478116176 ], [ -4.214738892759153, 40.479120517410493 ], [ -4.213998676791645, 40.479120517410493 ], [ -4.213998676791645, 40.479556250831095 ], [ -4.213258460824137, 40.479556250831095 ], [ -4.213258460824137, 40.479991981423545 ], [ -4.212518244856629, 40.479991981423545 ], [ -4.212518244856629, 40.480863434123997 ], [ -4.21177802888912, 40.480863434123997 ], [ -4.21177802888912, 40.481299156231977 ], [ -4.211037812921611, 40.481299156231977 ], [ -4.211037812921611, 40.481734875511798 ], [ -4.210297596954103, 40.481734875511798 ], [ -4.210297596954103, 40.482170591963424 ], [ -4.209557380986594, 40.482170591963424 ], [ -4.209557380986594, 40.483913429488069 ], [ -4.208817165019086, 40.483913429488069 ], [ -4.208817165019086, 40.48565622176131 ], [ -4.209557380986594, 40.48565622176131 ], [ -4.209557380986594, 40.486527600928532 ], [ -4.210297596954103, 40.486527600928532 ], [ -4.210297596954103, 40.487398968782735 ], [ -4.211037812921611, 40.487398968782735 ], [ -4.211037812921611, 40.491319984126712 ], [ -4.210297596954103, 40.491319984126712 ], [ -4.210297596954103, 40.491755638356715 ], [ -4.209557380986594, 40.491755638356715 ], [ -4.209557380986594, 40.492626938331711 ], [ -4.208817165019086, 40.492626938331711 ], [ -4.208817165019086, 40.493062584076696 ], [ -4.20289543727902, 40.493062584076696 ], [ -4.20289543727902, 40.493933867081573 ], [ -4.202155221311512, 40.493933867081573 ], [ -4.202155221311512, 40.495240770376135 ], [ -4.201415005344002, 40.495240770376135 ], [ -4.201415005344002, 40.49741888596585 ], [ -4.202155221311512, 40.49741888596585 ], [ -4.202155221311512, 40.498290112402813 ], [ -4.20289543727902, 40.498290112402813 ], [ -4.20289543727902, 40.499161327526039 ], [ -4.203635653246529, 40.499161327526039 ], [ -4.203635653246529, 40.503517233434039 ], [ -4.20289543727902, 40.503517233434039 ], [ -4.20289543727902, 40.504388380673632 ], [ -4.202155221311512, 40.504388380673632 ], [ -4.202155221311512, 40.505695080319015 ], [ -4.201415005344002, 40.505695080319015 ], [ -4.201415005344002, 40.507001754507435 ], [ -4.200674789376495, 40.507001754507435 ], [ -4.200674789376495, 40.507872856490181 ], [ -4.199934573408987, 40.507872856490181 ], [ -4.199934573408987, 40.508308403238686 ], [ -4.199194357441478, 40.508308403238686 ], [ -4.199194357441478, 40.509179488249906 ], [ -4.19845414147397, 40.509179488249906 ], [ -4.19845414147397, 40.509615026512598 ], [ -4.197713925506461, 40.509615026512598 ], [ -4.197713925506461, 40.510050561946684 ], [ -4.196973709538954, 40.510050561946684 ], [ -4.196973709538954, 40.510486094552149 ], [ -4.196233493571445, 40.510486094552149 ], [ -4.196233493571445, 40.510921624328994 ], [ -4.188831333896362, 40.510921624328994 ], [ -4.188831333896362, 40.510486094552149 ], [ -4.187350901961345, 40.510486094552149 ], [ -4.187350901961345, 40.510050561946684 ], [ -4.186610685993837, 40.510050561946684 ], [ -4.186610685993837, 40.506566199273188 ], [ -4.185870470026329, 40.506566199273188 ], [ -4.185870470026329, 40.501774905012688 ], [ -4.186610685993837, 40.501774905012688 ] ] ], [ [ [ 1.360567774513621, 35.343722176674568 ], [ 1.360567774513621, 35.342320347129579 ], [ 1.36130799048113, 35.342320347129579 ], [ 1.36130799048113, 35.340451203234267 ], [ 1.362048206448638, 35.340451203234267 ], [ 1.362048206448638, 35.337180097373086 ], [ 1.36130799048113, 35.337180097373086 ], [ 1.36130799048113, 35.33577815432546 ], [ 1.360567774513621, 35.33577815432546 ], [ 1.360567774513621, 35.334843512115462 ], [ 1.359827558546113, 35.334843512115462 ], [ 1.359827558546113, 35.334376186957023 ], [ 1.358347126611096, 35.334376186957023 ], [ 1.358347126611096, 35.33390885909634 ], [ 1.353165614838538, 35.33390885909634 ], [ 1.353165614838538, 35.334376186957023 ], [ 1.35242539887103, 35.334376186957023 ], [ 1.35242539887103, 35.334843512115462 ], [ 1.351685182903521, 35.334843512115462 ], [ 1.351685182903521, 35.33577815432546 ], [ 1.350944966936013, 35.33577815432546 ], [ 1.350944966936013, 35.336245471377005 ], [ 1.350204750968505, 35.336245471377005 ], [ 1.350204750968505, 35.338114712559729 ], [ 1.349464535000996, 35.338114712559729 ], [ 1.349464535000996, 35.340451203234267 ], [ 1.350204750968505, 35.340451203234267 ], [ 1.350204750968505, 35.342320347129579 ], [ 1.350944966936013, 35.342320347129579 ], [ 1.350944966936013, 35.343722176674568 ], [ 1.35242539887103, 35.343722176674568 ], [ 1.35242539887103, 35.344189447784444 ], [ 1.353165614838538, 35.344189447784444 ], [ 1.353165614838538, 35.344656716191722 ], [ 1.354646046773555, 35.344656716191722 ], [ 1.354646046773555, 35.345123981896393 ], [ 1.356126478708571, 35.345123981896393 ], [ 1.356126478708571, 35.344656716191722 ], [ 1.357606910643588, 35.344656716191722 ], [ 1.357606910643588, 35.344189447784444 ], [ 1.359087342578605, 35.344189447784444 ], [ 1.359087342578605, 35.343722176674568 ], [ 1.360567774513621, 35.343722176674568 ] ] ], [ [ [ -0.934841940729723, 35.570963086286405 ], [ -0.934841940729723, 35.570497130440543 ], [ -0.934101724762215, 35.570497130440543 ], [ -0.934101724762215, 35.5700311718847 ], [ -0.933361508794706, 35.5700311718847 ], [ -0.933361508794706, 35.56956521061889 ], [ -0.932621292827198, 35.56956521061889 ], [ -0.932621292827198, 35.56909924664312 ], [ -0.93188107685969, 35.56909924664312 ], [ -0.93188107685969, 35.565371437280291 ], [ -0.932621292827198, 35.565371437280291 ], [ -0.932621292827198, 35.563973464056765 ], [ -0.933361508794706, 35.563973464056765 ], [ -0.933361508794706, 35.56304146835884 ], [ -0.934101724762215, 35.56304146835884 ], [ -0.934101724762215, 35.562109461821933 ], [ -0.934841940729723, 35.562109461821933 ], [ -0.934841940729723, 35.561177444446159 ], [ -0.935582156697232, 35.561177444446159 ], [ -0.935582156697232, 35.560245416231631 ], [ -0.93632237266474, 35.560245416231631 ], [ -0.93632237266474, 35.559313377178498 ], [ -0.939283236534773, 35.559313377178498 ], [ -0.939283236534773, 35.560245416231631 ], [ -0.940023452502281, 35.560245416231631 ], [ -0.940023452502281, 35.561177444446159 ], [ -0.94076366846979, 35.561177444446159 ], [ -0.94076366846979, 35.562109461821933 ], [ -0.941503884437298, 35.562109461821933 ], [ -0.941503884437298, 35.56304146835884 ], [ -0.942244100404807, 35.56304146835884 ], [ -0.942244100404807, 35.563973464056765 ], [ -0.942984316372315, 35.563973464056765 ], [ -0.942984316372315, 35.564905448915582 ], [ -0.943724532339823, 35.564905448915582 ], [ -0.943724532339823, 35.565837422935175 ], [ -0.944464748307332, 35.565837422935175 ], [ -0.944464748307332, 35.566769386115425 ], [ -0.94520496427484, 35.566769386115425 ], [ -0.94520496427484, 35.56909924664312 ], [ -0.944464748307332, 35.56909924664312 ], [ -0.944464748307332, 35.570963086286405 ], [ -0.943724532339823, 35.570963086286405 ], [ -0.943724532339823, 35.571894989848083 ], [ -0.942984316372315, 35.571894989848083 ], [ -0.942984316372315, 35.572360937563893 ], [ -0.942244100404807, 35.572360937563893 ], [ -0.942244100404807, 35.57282688256965 ], [ -0.937062588632248, 35.57282688256965 ], [ -0.937062588632248, 35.571894989848083 ], [ -0.93632237266474, 35.571894989848083 ], [ -0.93632237266474, 35.571429039422256 ], [ -0.935582156697232, 35.571429039422256 ], [ -0.935582156697232, 35.570963086286405 ], [ -0.934841940729723, 35.570963086286405 ] ] ], [ [ [ 0.544849778319437, 35.787338688689786 ], [ 0.544849778319437, 35.786873994605742 ], [ 0.545589994286945, 35.786873994605742 ], [ 0.545589994286945, 35.785015191100669 ], [ 0.546330210254454, 35.785015191100669 ], [ 0.546330210254454, 35.784085773047011 ], [ 0.545589994286945, 35.784085773047011 ], [ 0.545589994286945, 35.782226904338074 ], [ 0.544849778319437, 35.782226904338074 ], [ 0.544849778319437, 35.779903257325017 ], [ 0.544109562351929, 35.779903257325017 ], [ 0.544109562351929, 35.779438519772313 ], [ 0.54336934638442, 35.779438519772313 ], [ 0.54336934638442, 35.77897377950292 ], [ 0.541888914449404, 35.77897377950292 ], [ 0.541888914449404, 35.778509036516901 ], [ 0.541148698481895, 35.778509036516901 ], [ 0.541148698481895, 35.778044290814222 ], [ 0.539668266546879, 35.778044290814222 ], [ 0.539668266546879, 35.778509036516901 ], [ 0.53892805057937, 35.778509036516901 ], [ 0.53892805057937, 35.77897377950292 ], [ 0.537447618644354, 35.77897377950292 ], [ 0.537447618644354, 35.779903257325017 ], [ 0.536707402676845, 35.779903257325017 ], [ 0.536707402676845, 35.78129745368301 ], [ 0.535967186709337, 35.78129745368301 ], [ 0.535967186709337, 35.782691625590473 ], [ 0.535226970741829, 35.782691625590473 ], [ 0.535226970741829, 35.785015191100669 ], [ 0.535967186709337, 35.785015191100669 ], [ 0.535967186709337, 35.787803380056921 ], [ 0.536707402676845, 35.787803380056921 ], [ 0.536707402676845, 35.788268068707133 ], [ 0.538187834611862, 35.788268068707133 ], [ 0.538187834611862, 35.788732754640378 ], [ 0.540408482514387, 35.788732754640378 ], [ 0.540408482514387, 35.788268068707133 ], [ 0.542629130416912, 35.788268068707133 ], [ 0.542629130416912, 35.787803380056921 ], [ 0.544109562351929, 35.787803380056921 ], [ 0.544109562351929, 35.787338688689786 ], [ 0.544849778319437, 35.787338688689786 ] ] ], [ [ [ -0.276049729647306, 35.821254017484272 ], [ -0.276049729647306, 35.820325023345006 ], [ -0.270868217874747, 35.820325023345006 ], [ -0.270868217874747, 35.820789521773627 ], [ -0.269387785939731, 35.820789521773627 ], [ -0.269387785939731, 35.820325023345006 ], [ -0.267907354004714, 35.820325023345006 ], [ -0.267907354004714, 35.819860522198454 ], [ -0.267167138037206, 35.819860522198454 ], [ -0.267167138037206, 35.81939601833394 ], [ -0.266426922069697, 35.81939601833394 ], [ -0.266426922069697, 35.818931511751508 ], [ -0.265686706102189, 35.818931511751508 ], [ -0.265686706102189, 35.818467002451158 ], [ -0.264946490134681, 35.818467002451158 ], [ -0.264946490134681, 35.818002490432896 ], [ -0.263466058199664, 35.818002490432896 ], [ -0.263466058199664, 35.81753797569678 ], [ -0.262725842232156, 35.81753797569678 ], [ -0.262725842232156, 35.817073458242774 ], [ -0.261985626264647, 35.817073458242774 ], [ -0.261985626264647, 35.816608938070921 ], [ -0.259024762394614, 35.816608938070921 ], [ -0.259024762394614, 35.816144415181228 ], [ -0.253843250622056, 35.816144415181228 ], [ -0.253843250622056, 35.815215361248384 ], [ -0.253103034654547, 35.815215361248384 ], [ -0.253103034654547, 35.814286296444358 ], [ -0.252362818687039, 35.814286296444358 ], [ -0.252362818687039, 35.813357220769255 ], [ -0.251622602719531, 35.813357220769255 ], [ -0.251622602719531, 35.812428134223211 ], [ -0.250882386752022, 35.812428134223211 ], [ -0.250882386752022, 35.811499036806339 ], [ -0.250142170784514, 35.811499036806339 ], [ -0.250142170784514, 35.810569928518746 ], [ -0.249401954817006, 35.810569928518746 ], [ -0.249401954817006, 35.809640809360559 ], [ -0.248661738849497, 35.809640809360559 ], [ -0.248661738849497, 35.809176245705025 ], [ -0.246441090946972, 35.809176245705025 ], [ -0.246441090946972, 35.809640809360559 ], [ -0.243480227076939, 35.809640809360559 ], [ -0.243480227076939, 35.809176245705025 ], [ -0.242740011109431, 35.809176245705025 ], [ -0.242740011109431, 35.808247110241169 ], [ -0.241999795141922, 35.808247110241169 ], [ -0.241999795141922, 35.807782538432875 ], [ -0.241259579174414, 35.807782538432875 ], [ -0.241259579174414, 35.80731796390701 ], [ -0.239779147239397, 35.80731796390701 ], [ -0.239779147239397, 35.807782538432875 ], [ -0.239038931271889, 35.807782538432875 ], [ -0.239038931271889, 35.809176245705025 ], [ -0.238298715304381, 35.809176245705025 ], [ -0.238298715304381, 35.810569928518746 ], [ -0.237558499336872, 35.810569928518746 ], [ -0.237558499336872, 35.811499036806339 ], [ -0.236818283369364, 35.811499036806339 ], [ -0.236818283369364, 35.812892678855093 ], [ -0.235337851434347, 35.812892678855093 ], [ -0.235337851434347, 35.813357220769255 ], [ -0.232376987564314, 35.813357220769255 ], [ -0.232376987564314, 35.812428134223211 ], [ -0.231636771596806, 35.812428134223211 ], [ -0.231636771596806, 35.811034484021377 ], [ -0.230896555629297, 35.811034484021377 ], [ -0.230896555629297, 35.810105370298473 ], [ -0.230156339661789, 35.810105370298473 ], [ -0.230156339661789, 35.808711679331893 ], [ -0.229416123694281, 35.808711679331893 ], [ -0.229416123694281, 35.80731796390701 ], [ -0.230156339661789, 35.80731796390701 ], [ -0.230156339661789, 35.805459638628236 ], [ -0.230896555629297, 35.805459638628236 ], [ -0.230896555629297, 35.804995050514783 ], [ -0.231636771596806, 35.804995050514783 ], [ -0.231636771596806, 35.804065866135467 ], [ -0.232376987564314, 35.804065866135467 ], [ -0.232376987564314, 35.803601269869652 ], [ -0.233117203531822, 35.803601269869652 ], [ -0.233117203531822, 35.803136670886389 ], [ -0.233857419499331, 35.803136670886389 ], [ -0.233857419499331, 35.802672069185711 ], [ -0.236078067401856, 35.802672069185711 ], [ -0.236078067401856, 35.803136670886389 ], [ -0.236818283369364, 35.803136670886389 ], [ -0.236818283369364, 35.803601269869652 ], [ -0.237558499336872, 35.803601269869652 ], [ -0.237558499336872, 35.804530459683846 ], [ -0.238298715304381, 35.804530459683846 ], [ -0.238298715304381, 35.804995050514783 ], [ -0.239038931271889, 35.804995050514783 ], [ -0.239038931271889, 35.805459638628236 ], [ -0.240519363206906, 35.805459638628236 ], [ -0.240519363206906, 35.804995050514783 ], [ -0.241259579174414, 35.804995050514783 ], [ -0.241259579174414, 35.804065866135467 ], [ -0.241999795141922, 35.804065866135467 ], [ -0.241999795141922, 35.803136670886389 ], [ -0.242740011109431, 35.803136670886389 ], [ -0.242740011109431, 35.801742857632192 ], [ -0.243480227076939, 35.801742857632192 ], [ -0.243480227076939, 35.800813635209181 ], [ -0.246441090946972, 35.800813635209181 ], [ -0.246441090946972, 35.801278247779365 ], [ -0.247181306914481, 35.801278247779365 ], [ -0.247181306914481, 35.801742857632192 ], [ -0.247921522881989, 35.801742857632192 ], [ -0.247921522881989, 35.80220746476764 ], [ -0.248661738849497, 35.80220746476764 ], [ -0.248661738849497, 35.802672069185711 ], [ -0.249401954817006, 35.802672069185711 ], [ -0.249401954817006, 35.803136670886389 ], [ -0.250882386752022, 35.803136670886389 ], [ -0.250882386752022, 35.802672069185711 ], [ -0.251622602719531, 35.802672069185711 ], [ -0.251622602719531, 35.80220746476764 ], [ -0.252362818687039, 35.80220746476764 ], [ -0.252362818687039, 35.801742857632192 ], [ -0.253103034654547, 35.801742857632192 ], [ -0.253103034654547, 35.801278247779365 ], [ -0.253843250622056, 35.801278247779365 ], [ -0.253843250622056, 35.800813635209181 ], [ -0.254583466589564, 35.800813635209181 ], [ -0.254583466589564, 35.800349019921647 ], [ -0.255323682557072, 35.800349019921647 ], [ -0.255323682557072, 35.799884401916799 ], [ -0.256804114492089, 35.799884401916799 ], [ -0.256804114492089, 35.800349019921647 ], [ -0.257544330459597, 35.800349019921647 ], [ -0.257544330459597, 35.800813635209181 ], [ -0.258284546427106, 35.800813635209181 ], [ -0.258284546427106, 35.801278247779365 ], [ -0.259024762394614, 35.801278247779365 ], [ -0.259024762394614, 35.801742857632192 ], [ -0.259764978362122, 35.801742857632192 ], [ -0.259764978362122, 35.80220746476764 ], [ -0.260505194329631, 35.80220746476764 ], [ -0.260505194329631, 35.802672069185711 ], [ -0.261245410297139, 35.802672069185711 ], [ -0.261245410297139, 35.803136670886389 ], [ -0.261985626264647, 35.803136670886389 ], [ -0.261985626264647, 35.803601269869652 ], [ -0.262725842232156, 35.803601269869652 ], [ -0.262725842232156, 35.804065866135467 ], [ -0.263466058199664, 35.804065866135467 ], [ -0.263466058199664, 35.806388806702657 ], [ -0.264206274167172, 35.806388806702657 ], [ -0.264206274167172, 35.809176245705025 ], [ -0.264946490134681, 35.809176245705025 ], [ -0.264946490134681, 35.810105370298473 ], [ -0.266426922069697, 35.810105370298473 ], [ -0.266426922069697, 35.809640809360559 ], [ -0.267907354004714, 35.809640809360559 ], [ -0.267907354004714, 35.809176245705025 ], [ -0.268647569972222, 35.809176245705025 ], [ -0.268647569972222, 35.808711679331893 ], [ -0.270128001907239, 35.808711679331893 ], [ -0.270128001907239, 35.808247110241169 ], [ -0.271608433842256, 35.808247110241169 ], [ -0.271608433842256, 35.807782538432875 ], [ -0.272348649809764, 35.807782538432875 ], [ -0.272348649809764, 35.80731796390701 ], [ -0.273088865777272, 35.80731796390701 ], [ -0.273088865777272, 35.807782538432875 ], [ -0.274569297712289, 35.807782538432875 ], [ -0.274569297712289, 35.808247110241169 ], [ -0.276049729647306, 35.808247110241169 ], [ -0.276049729647306, 35.808711679331893 ], [ -0.277530161582322, 35.808711679331893 ], [ -0.277530161582322, 35.809176245705025 ], [ -0.279750809484847, 35.809176245705025 ], [ -0.279750809484847, 35.809640809360559 ], [ -0.280491025452356, 35.809640809360559 ], [ -0.280491025452356, 35.810105370298473 ], [ -0.281231241419864, 35.810105370298473 ], [ -0.281231241419864, 35.811034484021377 ], [ -0.281971457387372, 35.811034484021377 ], [ -0.281971457387372, 35.811963586873631 ], [ -0.282711673354881, 35.811963586873631 ], [ -0.282711673354881, 35.81939601833394 ], [ -0.283451889322389, 35.81939601833394 ], [ -0.283451889322389, 35.820789521773627 ], [ -0.282711673354881, 35.820789521773627 ], [ -0.282711673354881, 35.821718510476927 ], [ -0.281971457387372, 35.821718510476927 ], [ -0.281971457387372, 35.82311197314683 ], [ -0.281231241419864, 35.82311197314683 ], [ -0.281231241419864, 35.824040934669902 ], [ -0.280491025452356, 35.824040934669902 ], [ -0.280491025452356, 35.824505411354338 ], [ -0.278270377549831, 35.824505411354338 ], [ -0.278270377549831, 35.8235764552674 ], [ -0.277530161582322, 35.8235764552674 ], [ -0.277530161582322, 35.822647488308213 ], [ -0.276789945614814, 35.822647488308213 ], [ -0.276789945614814, 35.821254017484272 ], [ -0.276049729647306, 35.821254017484272 ] ] ], [ [ [ 2.932786489501323, 36.136481019058579 ], [ 2.932046273533815, 36.136481019058579 ], [ 2.932046273533815, 36.135555728038689 ], [ 2.931306057566307, 36.135555728038689 ], [ 2.931306057566307, 36.135093078437173 ], [ 2.92538432982624, 36.135093078437173 ], [ 2.92538432982624, 36.135555728038689 ], [ 2.924644113858732, 36.135555728038689 ], [ 2.924644113858732, 36.136481019058579 ], [ 2.923903897891223, 36.136481019058579 ], [ 2.923903897891223, 36.138794198872496 ], [ 2.923163681923715, 36.138794198872496 ], [ 2.923163681923715, 36.143882954412867 ], [ 2.923903897891223, 36.143882954412867 ], [ 2.923903897891223, 36.144345552185356 ], [ 2.924644113858732, 36.144345552185356 ], [ 2.924644113858732, 36.145270739546369 ], [ 2.932046273533815, 36.145270739546369 ], [ 2.932046273533815, 36.144345552185356 ], [ 2.932786489501323, 36.144345552185356 ], [ 2.932786489501323, 36.143882954412867 ], [ 2.933526705468831, 36.143882954412867 ], [ 2.933526705468831, 36.139256826651881 ], [ 2.932786489501323, 36.139256826651881 ], [ 2.932786489501323, 36.136481019058579 ] ] ], [ [ [ 3.752945781500558, 36.182731656209292 ], [ 3.753685997468065, 36.182731656209292 ], [ 3.753685997468065, 36.176720616415025 ], [ 3.752945781500558, 36.176720616415025 ], [ 3.752945781500558, 36.175795800126778 ], [ 3.75220556553305, 36.175795800126778 ], [ 3.75220556553305, 36.175333387889239 ], [ 3.751465349565541, 36.175333387889239 ], [ 3.751465349565541, 36.174408555227394 ], [ 3.750725133598033, 36.174408555227394 ], [ 3.750725133598033, 36.173946134803117 ], [ 3.749984917630524, 36.173946134803117 ], [ 3.749984917630524, 36.173483711649958 ], [ 3.748504485695508, 36.173483711649958 ], [ 3.748504485695508, 36.173021285767938 ], [ 3.747024053760491, 36.173021285767938 ], [ 3.747024053760491, 36.173483711649958 ], [ 3.746283837792983, 36.173483711649958 ], [ 3.746283837792983, 36.173946134803117 ], [ 3.745543621825474, 36.173946134803117 ], [ 3.745543621825474, 36.174408555227394 ], [ 3.744803405857966, 36.174408555227394 ], [ 3.744803405857966, 36.174870972922768 ], [ 3.744063189890458, 36.174870972922768 ], [ 3.744063189890458, 36.175333387889239 ], [ 3.743322973922949, 36.175333387889239 ], [ 3.743322973922949, 36.175795800126778 ], [ 3.742582757955441, 36.175795800126778 ], [ 3.742582757955441, 36.176258209635364 ], [ 3.741842541987933, 36.176258209635364 ], [ 3.741842541987933, 36.177183020465691 ], [ 3.741102326020424, 36.177183020465691 ], [ 3.741102326020424, 36.180419772408193 ], [ 3.740362110052916, 36.180419772408193 ], [ 3.740362110052916, 36.182269284907314 ], [ 3.741102326020424, 36.182269284907314 ], [ 3.741102326020424, 36.183194024782118 ], [ 3.741842541987933, 36.183194024782118 ], [ 3.741842541987933, 36.183656390625785 ], [ 3.742582757955441, 36.183656390625785 ], [ 3.742582757955441, 36.184581114125564 ], [ 3.743322973922949, 36.184581114125564 ], [ 3.743322973922949, 36.185043471781654 ], [ 3.744063189890458, 36.185043471781654 ], [ 3.744063189890458, 36.185505826708528 ], [ 3.750725133598033, 36.185505826708528 ], [ 3.750725133598033, 36.185043471781654 ], [ 3.751465349565541, 36.185043471781654 ], [ 3.751465349565541, 36.184118753740272 ], [ 3.75220556553305, 36.184118753740272 ], [ 3.75220556553305, 36.183656390625785 ], [ 3.752945781500558, 36.183656390625785 ], [ 3.752945781500558, 36.182731656209292 ] ] ], [ [ [ 3.869899904366874, 36.205384506523913 ], [ 3.870640120334383, 36.205384506523913 ], [ 3.870640120334383, 36.202148786297734 ], [ 3.869899904366874, 36.202148786297734 ], [ 3.869899904366874, 36.2012242702367 ], [ 3.869159688399366, 36.2012242702367 ], [ 3.869159688399366, 36.200299743256828 ], [ 3.868419472431857, 36.200299743256828 ], [ 3.868419472431857, 36.199375205358237 ], [ 3.867679256464349, 36.199375205358237 ], [ 3.867679256464349, 36.198450656541034 ], [ 3.866939040496842, 36.198450656541034 ], [ 3.866939040496842, 36.197526096805326 ], [ 3.866198824529333, 36.197526096805326 ], [ 3.866198824529333, 36.197063812843062 ], [ 3.864718392594316, 36.197063812843062 ], [ 3.864718392594316, 36.196601526151227 ], [ 3.863978176626807, 36.196601526151227 ], [ 3.863978176626807, 36.19613923672982 ], [ 3.863237960659299, 36.19613923672982 ], [ 3.863237960659299, 36.195676944578857 ], [ 3.861757528724283, 36.195676944578857 ], [ 3.861757528724283, 36.195214649698372 ], [ 3.861017312756774, 36.195214649698372 ], [ 3.861017312756774, 36.194752352088322 ], [ 3.860277096789265, 36.194752352088322 ], [ 3.860277096789265, 36.195214649698372 ], [ 3.85879666485425, 36.195214649698372 ], [ 3.85879666485425, 36.195676944578857 ], [ 3.857316232919233, 36.195676944578857 ], [ 3.857316232919233, 36.197063812843062 ], [ 3.856576016951724, 36.197063812843062 ], [ 3.856576016951724, 36.199837475672361 ], [ 3.855835800984216, 36.199837475672361 ], [ 3.855835800984216, 36.202611040233649 ], [ 3.855095585016708, 36.202611040233649 ], [ 3.855095585016708, 36.204460028679684 ], [ 3.855835800984216, 36.204460028679684 ], [ 3.855835800984216, 36.204922268966712 ], [ 3.856576016951724, 36.204922268966712 ], [ 3.856576016951724, 36.20584674135128 ], [ 3.857316232919233, 36.20584674135128 ], [ 3.857316232919233, 36.206308973448799 ], [ 3.858056448886741, 36.206308973448799 ], [ 3.858056448886741, 36.206771202816455 ], [ 3.85879666485425, 36.206771202816455 ], [ 3.85879666485425, 36.207695653362137 ], [ 3.859536880821758, 36.207695653362137 ], [ 3.859536880821758, 36.20815787454012 ], [ 3.864718392594316, 36.20815787454012 ], [ 3.864718392594316, 36.207695653362137 ], [ 3.868419472431857, 36.207695653362137 ], [ 3.868419472431857, 36.207233429454249 ], [ 3.869159688399366, 36.207233429454249 ], [ 3.869159688399366, 36.206308973448799 ], [ 3.869899904366874, 36.206308973448799 ], [ 3.869899904366874, 36.205384506523913 ] ] ], [ [ [ 2.522706843501706, 36.383604176422395 ], [ 2.523447059469214, 36.383604176422395 ], [ 2.523447059469214, 36.383142993611301 ], [ 2.524927491404231, 36.383142993611301 ], [ 2.524927491404231, 36.382681808065058 ], [ 2.527148139306756, 36.382681808065058 ], [ 2.527148139306756, 36.382220619783673 ], [ 2.529368787209281, 36.382220619783673 ], [ 2.529368787209281, 36.381759428767168 ], [ 2.530109003176789, 36.381759428767168 ], [ 2.530109003176789, 36.380837038528838 ], [ 2.530849219144298, 36.380837038528838 ], [ 2.530849219144298, 36.37806980217227 ], [ 2.531589435111806, 36.37806980217227 ], [ 2.531589435111806, 36.375763696662467 ], [ 2.532329651079314, 36.375763696662467 ], [ 2.532329651079314, 36.37530246735566 ], [ 2.531589435111806, 36.37530246735566 ], [ 2.531589435111806, 36.373918763025749 ], [ 2.530849219144298, 36.373918763025749 ], [ 2.530849219144298, 36.372996279798059 ], [ 2.530109003176789, 36.372996279798059 ], [ 2.530109003176789, 36.372073785630974 ], [ 2.529368787209281, 36.372073785630974 ], [ 2.529368787209281, 36.371612534445191 ], [ 2.523447059469214, 36.371612534445191 ], [ 2.523447059469214, 36.372073785630974 ], [ 2.516044899794131, 36.372073785630974 ], [ 2.516044899794131, 36.373457522779333 ], [ 2.515304683826623, 36.373457522779333 ], [ 2.515304683826623, 36.377147368173262 ], [ 2.514564467859115, 36.377147368173262 ], [ 2.514564467859115, 36.380837038528838 ], [ 2.513824251891606, 36.380837038528838 ], [ 2.513824251891606, 36.381298235015542 ], [ 2.514564467859115, 36.381298235015542 ], [ 2.514564467859115, 36.383142993611301 ], [ 2.515304683826623, 36.383142993611301 ], [ 2.515304683826623, 36.384526533839079 ], [ 2.516785115761639, 36.384526533839079 ], [ 2.516785115761639, 36.384987708444626 ], [ 2.517525331729148, 36.384987708444626 ], [ 2.517525331729148, 36.385448880314989 ], [ 2.518265547696656, 36.385448880314989 ], [ 2.518265547696656, 36.385910049450111 ], [ 2.520486195599181, 36.385910049450111 ], [ 2.520486195599181, 36.385448880314989 ], [ 2.52122641156669, 36.385448880314989 ], [ 2.52122641156669, 36.384987708444626 ], [ 2.521966627534197, 36.384987708444626 ], [ 2.521966627534197, 36.384065356498333 ], [ 2.522706843501706, 36.384065356498333 ], [ 2.522706843501706, 36.383604176422395 ] ] ], [ [ [ 4.329574020189551, 36.56049606428688 ], [ 4.330314236157058, 36.56049606428688 ], [ 4.330314236157058, 36.559575798525152 ], [ 4.331054452124566, 36.559575798525152 ], [ 4.331054452124566, 36.559115661533795 ], [ 4.331794668092075, 36.559115661533795 ], [ 4.331794668092075, 36.558195379330158 ], [ 4.332534884059583, 36.558195379330158 ], [ 4.332534884059583, 36.555894625866316 ], [ 4.333275100027092, 36.555894625866316 ], [ 4.333275100027092, 36.552673455928158 ], [ 4.334015315994599, 36.552673455928158 ], [ 4.334015315994599, 36.55175309699878 ], [ 4.333275100027092, 36.55175309699878 ], [ 4.333275100027092, 36.550372538054035 ], [ 4.332534884059583, 36.550372538054035 ], [ 4.332534884059583, 36.548531754433611 ], [ 4.331794668092075, 36.548531754433611 ], [ 4.331794668092075, 36.54669092697312 ], [ 4.332534884059583, 36.54669092697312 ], [ 4.332534884059583, 36.543929603584154 ], [ 4.331794668092075, 36.543929603584154 ], [ 4.331794668092075, 36.543469373429694 ], [ 4.331054452124566, 36.543469373429694 ], [ 4.331054452124566, 36.543009140535382 ], [ 4.330314236157058, 36.543009140535382 ], [ 4.330314236157058, 36.542548904901231 ], [ 4.329574020189551, 36.542548904901231 ], [ 4.329574020189551, 36.542088666527249 ], [ 4.328833804222041, 36.542088666527249 ], [ 4.328833804222041, 36.541628425413442 ], [ 4.328093588254534, 36.541628425413442 ], [ 4.328093588254534, 36.542088666527249 ], [ 4.325872940352008, 36.542088666527249 ], [ 4.325872940352008, 36.543009140535382 ], [ 4.325132724384499, 36.543009140535382 ], [ 4.325132724384499, 36.543469373429694 ], [ 4.324392508416992, 36.543469373429694 ], [ 4.324392508416992, 36.543929603584154 ], [ 4.323652292449483, 36.543929603584154 ], [ 4.323652292449483, 36.544389830998739 ], [ 4.322912076481975, 36.544389830998739 ], [ 4.322912076481975, 36.543929603584154 ], [ 4.321431644546958, 36.543929603584154 ], [ 4.321431644546958, 36.543469373429694 ], [ 4.32069142857945, 36.543469373429694 ], [ 4.32069142857945, 36.543009140535382 ], [ 4.318470780676925, 36.543009140535382 ], [ 4.318470780676925, 36.543469373429694 ], [ 4.316990348741908, 36.543469373429694 ], [ 4.316990348741908, 36.543929603584154 ], [ 4.315509916806891, 36.543929603584154 ], [ 4.315509916806891, 36.544389830998739 ], [ 4.314769700839383, 36.544389830998739 ], [ 4.314769700839383, 36.544850055673436 ], [ 4.314029484871875, 36.544850055673436 ], [ 4.314029484871875, 36.54669092697312 ], [ 4.313289268904366, 36.54669092697312 ], [ 4.313289268904366, 36.548531754433611 ], [ 4.314029484871875, 36.548531754433611 ], [ 4.314029484871875, 36.550832727109018 ], [ 4.314769700839383, 36.550832727109018 ], [ 4.314769700839383, 36.553593803897023 ], [ 4.315509916806891, 36.553593803897023 ], [ 4.315509916806891, 36.555894625866316 ], [ 4.3162501327744, 36.555894625866316 ], [ 4.3162501327744, 36.558195379330158 ], [ 4.316990348741908, 36.558195379330158 ], [ 4.316990348741908, 36.56049606428688 ], [ 4.317730564709417, 36.56049606428688 ], [ 4.317730564709417, 36.560956193057216 ], [ 4.318470780676925, 36.560956193057216 ], [ 4.318470780676925, 36.561416319087186 ], [ 4.319210996644434, 36.561416319087186 ], [ 4.319210996644434, 36.561876442376793 ], [ 4.319951212611942, 36.561876442376793 ], [ 4.319951212611942, 36.562336562925992 ], [ 4.32069142857945, 36.562336562925992 ], [ 4.32069142857945, 36.562796680734799 ], [ 4.322171860514467, 36.562796680734799 ], [ 4.322171860514467, 36.562336562925992 ], [ 4.326613156319517, 36.562336562925992 ], [ 4.326613156319517, 36.561876442376793 ], [ 4.328833804222041, 36.561876442376793 ], [ 4.328833804222041, 36.560956193057216 ], [ 4.329574020189551, 36.560956193057216 ], [ 4.329574020189551, 36.56049606428688 ] ] ], [ [ [ 2.880231155808231, 36.602816438315351 ], [ 2.88097137177574, 36.602816438315351 ], [ 2.88097137177574, 36.601896676888721 ], [ 2.881711587743248, 36.601896676888721 ], [ 2.881711587743248, 36.601436792063076 ], [ 2.882451803710757, 36.601436792063076 ], [ 2.882451803710757, 36.600517014187183 ], [ 2.883192019678265, 36.600517014187183 ], [ 2.883192019678265, 36.599597225345263 ], [ 2.883932235645773, 36.599597225345263 ], [ 2.883932235645773, 36.598677425537396 ], [ 2.884672451613281, 36.598677425537396 ], [ 2.884672451613281, 36.594078262012708 ], [ 2.883932235645773, 36.594078262012708 ], [ 2.883932235645773, 36.593618330582743 ], [ 2.883192019678265, 36.593618330582743 ], [ 2.883192019678265, 36.592698459498877 ], [ 2.882451803710757, 36.592698459498877 ], [ 2.882451803710757, 36.592238519845012 ], [ 2.881711587743248, 36.592238519845012 ], [ 2.881711587743248, 36.591318632313481 ], [ 2.88097137177574, 36.591318632313481 ], [ 2.88097137177574, 36.590398733816969 ], [ 2.880231155808231, 36.590398733816969 ], [ 2.880231155808231, 36.58993878045689 ], [ 2.878750723873215, 36.58993878045689 ], [ 2.878750723873215, 36.590398733816969 ], [ 2.875789860003182, 36.590398733816969 ], [ 2.875789860003182, 36.590858684435844 ], [ 2.875049644035673, 36.590858684435844 ], [ 2.875049644035673, 36.591318632313481 ], [ 2.874309428068165, 36.591318632313481 ], [ 2.874309428068165, 36.592698459498877 ], [ 2.873569212100656, 36.592698459498877 ], [ 2.873569212100656, 36.593618330582743 ], [ 2.872828996133148, 36.593618330582743 ], [ 2.872828996133148, 36.594998116648675 ], [ 2.87208878016564, 36.594998116648675 ], [ 2.87208878016564, 36.595917960319227 ], [ 2.871348564198132, 36.595917960319227 ], [ 2.871348564198132, 36.597297705264687 ], [ 2.870608348230624, 36.597297705264687 ], [ 2.870608348230624, 36.598217521521264 ], [ 2.869868132263115, 36.598217521521264 ], [ 2.869868132263115, 36.600517014187183 ], [ 2.870608348230624, 36.600517014187183 ], [ 2.870608348230624, 36.601896676888721 ], [ 2.871348564198132, 36.601896676888721 ], [ 2.871348564198132, 36.602816438315351 ], [ 2.87208878016564, 36.602816438315351 ], [ 2.87208878016564, 36.604196059893432 ], [ 2.872828996133148, 36.604196059893432 ], [ 2.872828996133148, 36.604655928269572 ], [ 2.873569212100656, 36.604655928269572 ], [ 2.873569212100656, 36.604196059893432 ], [ 2.875789860003182, 36.604196059893432 ], [ 2.875789860003182, 36.603736188775677 ], [ 2.878010507905707, 36.603736188775677 ], [ 2.878010507905707, 36.603276314916315 ], [ 2.880231155808231, 36.603276314916315 ], [ 2.880231155808231, 36.602816438315351 ] ] ], [ [ [ 3.140046960403657, 36.601436792063076 ], [ 3.140787176371165, 36.601436792063076 ], [ 3.140787176371165, 36.600976904495894 ], [ 3.141527392338674, 36.600976904495894 ], [ 3.141527392338674, 36.600057121136963 ], [ 3.142267608306182, 36.600057121136963 ], [ 3.142267608306182, 36.595917960319227 ], [ 3.141527392338674, 36.595917960319227 ], [ 3.141527392338674, 36.594998116648675 ], [ 3.140787176371165, 36.594998116648675 ], [ 3.140787176371165, 36.594078262012708 ], [ 3.140046960403657, 36.594078262012708 ], [ 3.140046960403657, 36.593158396411461 ], [ 3.139306744436149, 36.593158396411461 ], [ 3.139306744436149, 36.592698459498877 ], [ 3.13856652846864, 36.592698459498877 ], [ 3.13856652846864, 36.593158396411461 ], [ 3.135605664598607, 36.593158396411461 ], [ 3.135605664598607, 36.593618330582743 ], [ 3.13412523266359, 36.593618330582743 ], [ 3.13412523266359, 36.594078262012708 ], [ 3.133385016696082, 36.594078262012708 ], [ 3.133385016696082, 36.594998116648675 ], [ 3.132644800728573, 36.594998116648675 ], [ 3.132644800728573, 36.595917960319227 ], [ 3.131904584761065, 36.595917960319227 ], [ 3.131904584761065, 36.596837793024264 ], [ 3.131164368793557, 36.596837793024264 ], [ 3.131164368793557, 36.599597225345263 ], [ 3.131904584761065, 36.599597225345263 ], [ 3.131904584761065, 36.602816438315351 ], [ 3.132644800728573, 36.602816438315351 ], [ 3.132644800728573, 36.603736188775677 ], [ 3.133385016696082, 36.603736188775677 ], [ 3.133385016696082, 36.604196059893432 ], [ 3.13412523266359, 36.604196059893432 ], [ 3.13412523266359, 36.604655928269572 ], [ 3.137826312501132, 36.604655928269572 ], [ 3.137826312501132, 36.604196059893432 ], [ 3.13856652846864, 36.604196059893432 ], [ 3.13856652846864, 36.603276314916315 ], [ 3.139306744436149, 36.603276314916315 ], [ 3.139306744436149, 36.602356558972815 ], [ 3.140046960403657, 36.602356558972815 ], [ 3.140046960403657, 36.601436792063076 ] ] ], [ [ [ 3.126723072988507, 36.68600942970653 ], [ 3.127463288956015, 36.68600942970653 ], [ 3.127463288956015, 36.685550046805048 ], [ 3.128203504923524, 36.685550046805048 ], [ 3.128203504923524, 36.684171881636921 ], [ 3.128943720891032, 36.684171881636921 ], [ 3.128943720891032, 36.683253091138575 ], [ 3.12968393685854, 36.683253091138575 ], [ 3.12968393685854, 36.678658974015555 ], [ 3.130424152826048, 36.678658974015555 ], [ 3.130424152826048, 36.675902372040525 ], [ 3.12968393685854, 36.675902372040525 ], [ 3.12968393685854, 36.675442928775055 ], [ 3.128943720891032, 36.675442928775055 ], [ 3.128943720891032, 36.67452403401316 ], [ 3.128203504923524, 36.67452403401316 ], [ 3.128203504923524, 36.674064582516735 ], [ 3.122281777183456, 36.674064582516735 ], [ 3.122281777183456, 36.673605128276698 ], [ 3.120801345248441, 36.673605128276698 ], [ 3.120801345248441, 36.674064582516735 ], [ 3.119320913313424, 36.674064582516735 ], [ 3.119320913313424, 36.67452403401316 ], [ 3.117840481378407, 36.67452403401316 ], [ 3.117840481378407, 36.674983482765938 ], [ 3.117100265410898, 36.674983482765938 ], [ 3.117100265410898, 36.675442928775055 ], [ 3.115619833475882, 36.675442928775055 ], [ 3.115619833475882, 36.675902372040525 ], [ 3.114139401540865, 36.675902372040525 ], [ 3.114139401540865, 36.676821250340389 ], [ 3.113399185573357, 36.676821250340389 ], [ 3.113399185573357, 36.677280685374775 ], [ 3.112658969605848, 36.677280685374775 ], [ 3.112658969605848, 36.678199547212365 ], [ 3.11191875363834, 36.678199547212365 ], [ 3.11191875363834, 36.685090661159613 ], [ 3.112658969605848, 36.685090661159613 ], [ 3.112658969605848, 36.686468809864046 ], [ 3.113399185573357, 36.686468809864046 ], [ 3.113399185573357, 36.68692818727758 ], [ 3.114139401540865, 36.68692818727758 ], [ 3.114139401540865, 36.687846933872635 ], [ 3.120061129280932, 36.687846933872635 ], [ 3.120061129280932, 36.687387561947112 ], [ 3.124502425085982, 36.687387561947112 ], [ 3.124502425085982, 36.68692818727758 ], [ 3.12524264105349, 36.68692818727758 ], [ 3.12524264105349, 36.686468809864046 ], [ 3.126723072988507, 36.686468809864046 ], [ 3.126723072988507, 36.68600942970653 ] ] ], [ [ [ -3.568530353124378, 36.92818007020486 ], [ -3.568530353124378, 36.927264202899835 ], [ -3.567049921189361, 36.927264202899835 ], [ -3.567049921189361, 36.926806265121151 ], [ -3.566309705221852, 36.926806265121151 ], [ -3.566309705221852, 36.927264202899835 ], [ -3.563348841351819, 36.927264202899835 ], [ -3.563348841351819, 36.927722137927745 ], [ -3.559647761514277, 36.927722137927745 ], [ -3.559647761514277, 36.92818007020486 ], [ -3.556686897644243, 36.92818007020486 ], [ -3.556686897644243, 36.927722137927745 ], [ -3.555946681676736, 36.927722137927745 ], [ -3.555946681676736, 36.927264202899835 ], [ -3.555206465709228, 36.927264202899835 ], [ -3.555206465709228, 36.926806265121151 ], [ -3.554466249741719, 36.926806265121151 ], [ -3.554466249741719, 36.925890381311525 ], [ -3.553726033774211, 36.925890381311525 ], [ -3.553726033774211, 36.925432435280612 ], [ -3.552985817806702, 36.925432435280612 ], [ -3.552985817806702, 36.924974486498968 ], [ -3.552245601839194, 36.924974486498968 ], [ -3.552245601839194, 36.924516534966621 ], [ -3.551505385871685, 36.924516534966621 ], [ -3.551505385871685, 36.921310797221402 ], [ -3.550765169904177, 36.921310797221402 ], [ -3.550765169904177, 36.917188936363075 ], [ -3.551505385871685, 36.917188936363075 ], [ -3.551505385871685, 36.913524873010836 ], [ -3.552245601839194, 36.913524873010836 ], [ -3.552245601839194, 36.912608829668621 ], [ -3.552985817806702, 36.912608829668621 ], [ -3.552985817806702, 36.912150803871953 ], [ -3.553726033774211, 36.912150803871953 ], [ -3.553726033774211, 36.911692775324944 ], [ -3.554466249741719, 36.911692775324944 ], [ -3.554466249741719, 36.911234744027588 ], [ -3.555206465709228, 36.911234744027588 ], [ -3.555206465709228, 36.91077670997992 ], [ -3.555946681676736, 36.91077670997992 ], [ -3.555946681676736, 36.909860633633642 ], [ -3.556686897644243, 36.909860633633642 ], [ -3.556686897644243, 36.909402591335066 ], [ -3.557427113611752, 36.909402591335066 ], [ -3.557427113611752, 36.908944546286207 ], [ -3.558167329579261, 36.908944546286207 ], [ -3.558167329579261, 36.908486498487093 ], [ -3.561128193449294, 36.908486498487093 ], [ -3.561128193449294, 36.909402591335066 ], [ -3.561868409416802, 36.909402591335066 ], [ -3.561868409416802, 36.910318673181926 ], [ -3.562608625384311, 36.910318673181926 ], [ -3.562608625384311, 36.911692775324944 ], [ -3.563348841351819, 36.911692775324944 ], [ -3.563348841351819, 36.912608829668621 ], [ -3.564089057319327, 36.912608829668621 ], [ -3.564089057319327, 36.913066852714913 ], [ -3.567049921189361, 36.913066852714913 ], [ -3.567049921189361, 36.912608829668621 ], [ -3.568530353124378, 36.912608829668621 ], [ -3.568530353124378, 36.912150803871953 ], [ -3.570751001026902, 36.912150803871953 ], [ -3.570751001026902, 36.911692775324944 ], [ -3.573711864896936, 36.911692775324944 ], [ -3.573711864896936, 36.912150803871953 ], [ -3.574452080864444, 36.912150803871953 ], [ -3.574452080864444, 36.912608829668621 ], [ -3.575192296831952, 36.912608829668621 ], [ -3.575192296831952, 36.913066852714913 ], [ -3.575932512799461, 36.913066852714913 ], [ -3.575932512799461, 36.913524873010836 ], [ -3.576672728766969, 36.913524873010836 ], [ -3.576672728766969, 36.9185629147374 ], [ -3.575932512799461, 36.9185629147374 ], [ -3.575932512799461, 36.927264202899835 ], [ -3.575192296831952, 36.927264202899835 ], [ -3.575192296831952, 36.92818007020486 ], [ -3.574452080864444, 36.92818007020486 ], [ -3.574452080864444, 36.928637999731187 ], [ -3.573711864896936, 36.928637999731187 ], [ -3.573711864896936, 36.929095926506697 ], [ -3.570010785059394, 36.929095926506697 ], [ -3.570010785059394, 36.928637999731187 ], [ -3.569270569091886, 36.928637999731187 ], [ -3.569270569091886, 36.92818007020486 ], [ -3.568530353124378, 36.92818007020486 ] ] ], [ [ [ -3.570010785059394, 36.930011771805262 ], [ -3.570010785059394, 36.929553850531398 ], [ -3.574452080864444, 36.929553850531398 ], [ -3.574452080864444, 36.930011771805262 ], [ -3.570010785059394, 36.930011771805262 ] ] ], [ [ [ -3.740260457586311, 39.941907927405616 ], [ -3.740260457586311, 39.940590307494809 ], [ -3.739520241618802, 39.940590307494809 ], [ -3.739520241618802, 39.938833441478643 ], [ -3.738780025651294, 39.938833441478643 ], [ -3.738780025651294, 39.934880328022935 ], [ -3.739520241618802, 39.934880328022935 ], [ -3.739520241618802, 39.932684055212832 ], [ -3.740260457586311, 39.932684055212832 ], [ -3.740260457586311, 39.931805526355475 ], [ -3.741740889521328, 39.931805526355475 ], [ -3.741740889521328, 39.931366257698258 ], [ -3.742481105488836, 39.931366257698258 ], [ -3.742481105488836, 39.930926986222019 ], [ -3.743221321456344, 39.930926986222019 ], [ -3.743221321456344, 39.93048771192678 ], [ -3.748402833228903, 39.93048771192678 ], [ -3.748402833228903, 39.931366257698258 ], [ -3.749143049196411, 39.931366257698258 ], [ -3.749143049196411, 39.932244792193679 ], [ -3.749883265163919, 39.932244792193679 ], [ -3.749883265163919, 39.933562572794045 ], [ -3.750623481131427, 39.933562572794045 ], [ -3.750623481131427, 39.9357588174135 ], [ -3.749883265163919, 39.9357588174135 ], [ -3.749883265163919, 39.937515762365443 ], [ -3.749143049196411, 39.937515762365443 ], [ -3.749143049196411, 39.939711880125053 ], [ -3.748402833228903, 39.939711880125053 ], [ -3.748402833228903, 39.941468723587867 ], [ -3.747662617261394, 39.941468723587867 ], [ -3.747662617261394, 39.941907927405616 ], [ -3.746922401293885, 39.941907927405616 ], [ -3.746922401293885, 39.942347128404151 ], [ -3.746182185326378, 39.942347128404151 ], [ -3.746182185326378, 39.942786326583487 ], [ -3.745441969358869, 39.942786326583487 ], [ -3.745441969358869, 39.943225521943617 ], [ -3.744701753391361, 39.943225521943617 ], [ -3.744701753391361, 39.943664714484513 ], [ -3.743961537423853, 39.943664714484513 ], [ -3.743961537423853, 39.943225521943617 ], [ -3.743221321456344, 39.943225521943617 ], [ -3.743221321456344, 39.942786326583487 ], [ -3.741740889521328, 39.942786326583487 ], [ -3.741740889521328, 39.942347128404151 ], [ -3.741000673553819, 39.942347128404151 ], [ -3.741000673553819, 39.941907927405616 ], [ -3.740260457586311, 39.941907927405616 ] ] ], [ [ [ -3.470821845413277, 40.249532923918622 ], [ -3.470821845413277, 40.249095701035969 ], [ -3.470081629445768, 40.249095701035969 ], [ -3.470081629445768, 40.248658475328888 ], [ -3.469341413478261, 40.248658475328888 ], [ -3.469341413478261, 40.247784015441454 ], [ -3.468601197510752, 40.247784015441454 ], [ -3.468601197510752, 40.247346781261115 ], [ -3.467860981543244, 40.247346781261115 ], [ -3.467860981543244, 40.246035061773718 ], [ -3.468601197510752, 40.246035061773718 ], [ -3.468601197510752, 40.241225206177418 ], [ -3.469341413478261, 40.241225206177418 ], [ -3.469341413478261, 40.240350650261888 ], [ -3.470081629445768, 40.240350650261888 ], [ -3.470081629445768, 40.239476083049205 ], [ -3.470821845413277, 40.239476083049205 ], [ -3.470821845413277, 40.238601504539439 ], [ -3.471562061380785, 40.238601504539439 ], [ -3.471562061380785, 40.238164211048165 ], [ -3.472302277348294, 40.238164211048165 ], [ -3.472302277348294, 40.237726914732633 ], [ -3.476743573153344, 40.237726914732633 ], [ -3.476743573153344, 40.238164211048165 ], [ -3.480444652990886, 40.238164211048165 ], [ -3.480444652990886, 40.239038795206454 ], [ -3.481184868958394, 40.239038795206454 ], [ -3.481184868958394, 40.239476083049205 ], [ -3.481925084925902, 40.239476083049205 ], [ -3.481925084925902, 40.240350650261888 ], [ -3.482665300893411, 40.240350650261888 ], [ -3.482665300893411, 40.243411546540848 ], [ -3.483405516860918, 40.243411546540848 ], [ -3.483405516860918, 40.246035061773718 ], [ -3.484145732828428, 40.246035061773718 ], [ -3.484145732828428, 40.246472304427243 ], [ -3.483405516860918, 40.246472304427243 ], [ -3.483405516860918, 40.247346781261115 ], [ -3.482665300893411, 40.247346781261115 ], [ -3.482665300893411, 40.248658475328888 ], [ -3.481925084925902, 40.248658475328888 ], [ -3.481925084925902, 40.249532923918622 ], [ -3.481184868958394, 40.249532923918622 ], [ -3.481184868958394, 40.250407361210598 ], [ -3.478964221055869, 40.250407361210598 ], [ -3.478964221055869, 40.250844575619915 ], [ -3.476743573153344, 40.250844575619915 ], [ -3.476743573153344, 40.251281787204768 ], [ -3.47378270928331, 40.251281787204768 ], [ -3.47378270928331, 40.250844575619915 ], [ -3.473042493315802, 40.250844575619915 ], [ -3.473042493315802, 40.250407361210598 ], [ -3.472302277348294, 40.250407361210598 ], [ -3.472302277348294, 40.249970143976832 ], [ -3.471562061380785, 40.249970143976832 ], [ -3.471562061380785, 40.249532923918622 ], [ -3.470821845413277, 40.249532923918622 ] ] ] ] } }
]
}
